rank	word	pos	en
1	أن	conj	to, that (before a verb); that (after say, think, know)
2	،	punct	the comma
3	من	prep	from, out of; some of (partitive); than (in comparisons); who?, whoever
4	كان	verb	to be; forms the past perfect, past continuous, future perfect and future continuous tenses
5	لا	particle	no; not; negates an indicative present-tense verb
6	في	prep	in, within; during, for a duration of
7	هذا	pron	this
8	على	prep	on, on top of; against; must, have to (with a pronoun ending)
9	ما	pron	what?; what, that which; not (negates a past verb)
10	هل	particle	introduces a positive yes-no question
11	أنا	pron	I (first person singular subject pronoun)
12	ذلك	pron	that (demonstrative pronoun)
13	أنت	pron	you, thou (masculine singular subject pronoun)
14	و	conj	and; yet, but; a versatile conjunction determined by context
15	إلى	prep	to, towards; till, until
16	يا	particle	O
17	لقد	particle	emphatic particle
18	لم	particle	not (negating past tense)
19	شيء	noun	thing; little, some
20	ماذا	pron	what; what on earth
21	هنا	adv	here, in this place
22	أراد	verb	to want, will; to be about to
23	فعل	verb	to do; to fulfill
24	عن	prep	about, concerning; away from, off
25	هو	pron	he (subject pronoun)
26	مع	prep	with, together with, accompanied by, in the company of
27	ليس	verb	not to be; except
28	ب	prep	denotes an instrument or tool, with, by (a means)
29	حسن	verb	to be or become good, to better, to improve
30	لدى	prep	at, near; on, upon (something occurring or someone doing something)
31	أمكن	verb	to enable (someone مِن (min) something)
32	هذه	pron	this, this one (feminine); these (with non-human plurals)
33	أمر	verb	to order, to command, to bid, to instruct
34	نعم	verb	to live in comfort, to be pleased
35	لكن	conj	but, however
36	هناك	adv	there; Used to indicate the existence of something.
37	قال	verb	to say; to call (by name)
38	إذا	conj	when, when it is that; as soon as; if
39	كل	noun	each one, everyone
40	الذي	pron	who, that, which
41	ان	suffix	Suffix used in forming intensive adjectives of the pattern فَعْلَان
42	أجل	adv	yes, indeed, no doubt
43	أي	pron	which ...? what ...? what kind of ...?
44	فقط	adv	only, no more; altogether, total
45	الآن	adv	now, right now; at present, at the moment; up to now (حتى الآن)
46	رجل	verb	to go on foot, to walk
47	لن	adv	not (future)
48	وجب	verb	to be necessary, have to be; must: followed by عَلَى
49	ذهب	verb	to go, to travel
50	عمل	verb	to work, perform
51	كيف	adv	how; however (in whatever way or state)
52	لك	noun	varnish, lacquer
53	راوند	noun	rhubarb
54	وقت	noun	time (as an abstract concept)
55	عرف	verb	to be familiar with
56	نحن	pron	we (subject pronoun)
57	قام	verb	to stand up (to rise from lying or sitting position); to get up
58	سوف	particle	added to an imperfect (present) verb form to express future tense: will
59	سيد	noun	master, lord, prince
60	بدا	verb	to appear; to become evident, clear
61	حسنا	adv	well, fine, okay, good
62	بعد	verb	to be distant, afar, to become distant, go away (مِنْ (min) or عَنْ (ʕan) from)
63	هي	pron	she (subject pronoun).
64	بعض	noun	some, part; In reduplication, expresses English each other
65	انا	pron	alternative spelling of أَنَا (ʔanā)
66	قد	verb	to cut into strips
67	أخبر	verb	to notify, to advise, to apprise, to inform
68	لي	verb	"Noun; Noun
Hose ليّ"
69	شخص	verb	to rise, to tower up
70	حتى	prep	until, as far as, to the point of, even up to
71	أحد	noun	one; one of
72	لماذا	adv	why
73	أو	conj	indicates an inclusive disjunction
74	عندما	conj	when, while; as, as long as
75	جيد	adj	of good quality, excellent, approvable
76	حق	verb	to be true, to be confirmed
77	نفس	verb	to be priceless, to be precious, to be valuable
78	ربما	adv	perhaps, maybe
79	أين	adv	where, at which place, whence
80	قبل	verb	to accept; to receive kindly, to give a friendly reception
81	وجد	verb	to find, to hit upon, to come across
82	نظر	verb	to look, to gaze, to glance
83	تحدث	verb	to speak, to talk
84	حدث	verb	to happen, to take place
85	مكان	noun	place, location, position
86	ل	prep	to, for, belonging to
87	كذلك	adv	Used other than figuratively or idiomatically: see كَـ (ka-), ذَٰلِكَ (ḏālika).
88	أخذ	verb	to take; to take along
89	آخر	adj	last, ultimate, utmost, extreme
90	مثل	verb	to resemble, to look like
91	علم	verb	to know, to have knowledge, to be cognizant, to be aware
92	ولكن	conj	but, however
93	التي	pron	feminine singular of اَلَّذِي (allaḏī, “who, that, which”)
94	بدأ	verb	to begin
95	جد	verb	to be new
96	جميع	adj	whole, entire, all
97	حصل	verb	to be educed, to be taken forth, to be extracted
98	قتل	verb	to kill, to slay, to murder
99	لو	conj	if (contrary to fact)
100	شكر	verb	to thank, to be thankful, to be grateful
101	مرة	noun	a time, instance, occurrence
102	هيا	intj	come on!; let's; let's go!
103	تلك	pron	feminine singular of ذٰلِكَ (ḏālika, “that”)
104	صحيح	adj	complete, perfect, whole
105	أعرف	adj	elative degree of عَرِيف (ʕarīf), elative degree of عَارِف (ʕārif)
106	أحب	verb	to love, to like
107	إن	conj	if (possible, not contrary to fact)
108	آن	noun	time
109	عاد	verb	to return, to go back, to come back
110	كلا	pron	both
111	أكل	verb	to eat, to consume (food)
112	ظن	verb	to think, opine, suppose, conjecture
113	كثير	adj	many, much, numerous
114	أيها	particle	vocative particle preceding a noun used in direct address
115	عليك	prep	first-person singular masculine of عَلَى (ʕalā)
116	جعل	verb	to make: to create
117	أيض	noun	return; metabolism
118	حياة	noun	life
119	أتى	verb	to come; to bring
120	منزل	noun	house, dwelling
121	أكثر	adj	elative degree of كَثِير (kaṯīr)
122	طريق	noun	way, road, path, track, street
123	أول	adj	first
124	بخير	prep_phrase	well, fine, okay, good
125	لذيذ	adj	tasty, delicious
126	أخرى	adj	feminine singular of آخَر (ʔāḵar)
127	غير	noun	other than, different from, unlike
128	واحد	num	one
129	أعلم	verb	to inform, to notify
130	يوم	noun	day, period from sunrise to sunset
131	طفل	noun	child (a minor)
132	صديق	noun	friend
133	أفضل	adj	elative degree of فَضِيل (faḍīl)
134	كما	conj	like, as
135	تعرف	verb	to become acquainted, with, to meet
136	عنى	verb	to mean, to signify
137	أم	noun	mother; origin
138	أوه	verb	to moan, sigh
139	تم	verb	to be fulfilled, to be completed
140	حاول	verb	to try; to seek
141	عند	prep	near, with, at the house of
142	تكون	verb	to be established, to be created, to be formed, come into existence, be constituted
143	ألا	conj	negate a verb if the following verb is in subjunctive
144	علي	verb	to be exalted, high
145	رائع	adj	great, wonderful
146	اليوم	adv	today
147	وضع	verb	to put; to lay; to place; to set; to position; to install; to implant
148	أليس	adj	brave
149	منذ	prep	denotes the time at which an occurrence started
150	تعلم	verb	to learn (something)
151	سيارة	noun	automobile, car, motorcar
152	عليه	prep	third-person singular masculine of عَلَى (ʕalā)
153	زال	verb	to go away, withdraw
154	حال	verb	to change, to be transformed
155	والد	noun	father; parent
156	ودع	verb	to lay down, to place, to leave
157	ناس	noun	people, humans
158	توقف	verb	to stop, to come to a stop; to come to an end
159	شعر	verb	to know, to have knowledge, to be cognizant
160	سبب	verb	to cause, to effect, to trigger, to generate
161	له	prep	third-person singular masculine of لِـ (li-)
162	سمع	verb	to hear; to hear of, to hear about
163	أصبح	verb	to enter upon morning
164	أسف	verb	to regret
165	سيدة	noun	female equivalent of سَيِّد (sayyid, “master, sir”)
166	فتاة	noun	female adolescent, youth, juvenile; young girl
167	بين	prep	between (“in the position or interval that separates two things”)
168	ترك	verb	to leave, to relinquish
169	دعا	verb	to call; to invite, to summon
170	حقيقة	noun	truth, reality; fact, true state of affairs
171	شأن	noun	thing, matter, affair
172	فكر	verb	to think, ponder over
173	مات	verb	to die
174	إذن	noun	permission, authorization
175	بحث	verb	to search; to look for, to search for, to seek (عَن (ʕan) something)
176	مشكلة	noun	problem, difficulty
177	فضل	verb	to remain, to be left over
178	مساعدة	noun	help
179	ثم	conj	then, afterward, subsequently
180	بقي	verb	to last, to endure
181	أعطى	verb	to give
182	جديد	adj	new
183	حسب	verb	to calculate, to compute
184	آسف	adj	sorry
185	ط	symbol	The ninth numeral symbol of the Arabic alphabet
186	كم	adv	how many?, how much?
187	خارج	adj	active participle of خَرَجَ (ḵaraja)
188	جدا	adv	very; extremely
189	طبع	verb	to print, imprint, stamp
190	صغير	adj	small; young (for a person)
191	عالم	noun	world; universe, cosmos, existence
192	مال	noun	property, possessions, chattels, goods
193	شكل	verb	to hobble (an animal)
194	ساعد	verb	to help, to assist
195	عام	noun	year; a period of twelve lunar months; lunar year
196	رؤية	noun	sight; vision (ability to see)
197	حول	noun	power, might; strength
198	عزيز	adj	powerful, mighty
199	نوع	verb	to diversify
200	طريقة	noun	manner, mode, means
201	واحدة	adj	feminine singular of وَاحِد (wāḥid)
202	ولا	conj	For non-idiomatic uses, see وَ (wa) and لَا (lā).
203	كبير	adj	big, large; great, great importance
204	يد	noun	an appendage of a body (as of an animal)
205	قليل	adj	few, little; scarce
206	رجا	verb	to hope (“to want something to happen”)
207	ذهاب	noun	going; going away, disappearing
208	غرفة	noun	room, compartment, cell, chamber
209	حين	noun	time, moment; opportunity
210	شكرا	intj	thanks
211	مرحبا	intj	hello, welcome
212	تأكيد	noun	confirmation, affirmation
213	وحيد	adj	alone; single
214	أبي	noun	genitive construct state of أَب (ʔab, “father”)
215	ساعة	noun	hour (unit of time)
216	لها	verb	to divert oneself, to fool around, to putz around
217	فهم	verb	to understand; to learn
218	معي	noun	alternative form of مِعًى (miʕan)
219	هكذا	adv	so, thus, this way, like this
220	خرج	verb	to move [with مِنْ
221	عائلة	noun	family
222	طلب	verb	to search, to look
223	حاجة	noun	need, necessity (act of needing something)
224	قصد	verb	to mean, to intend
225	ملك	noun	angel
226	بيت	noun	house, building
227	إلهي	adj	divine; godlike
228	الليلة	adv	tonight
229	لهذا	adv	therefore
230	شرطة	noun	police; policemen
231	أمي	adj	maternal
232	لذلك	adv	therefore
233	داخل	verb	to befall, to seize, to come over
234	لعنة	noun	curse, anathema, an instance of malediction
235	تذكر	verb	to remember, to bear in mind
236	صباح	noun	the time from sunrise to noon, morning
237	قدم	verb	to precede
238	مجرد	adj	abstract, absolute
239	خلال	prep	during, in the course of
240	خاص	adj	special; particular
241	بما	conj	with what, with which
242	حقا	adv	truly, verily, in truth
243	جميل	adj	beautiful; pretty
244	رئيس	noun	boss, chief, leader
245	وصل	verb	to unite, to join, to combine
246	أب	noun	father; ancestor, forefather
247	نسبة	noun	relationship, affiliation
248	ليلة	noun	a night; soiree
249	لأن	conj	because, on the grounds that, for
250	عاش	verb	to live, to be alive
251	زوجة	noun	wife
252	لحظة	noun	moment, instant
253	سنة	noun	year
254	حب	verb	to love, to like
255	لنا	prep_phrase	to us; for us
256	دفع	verb	to pay; to push, to push away, to drive away
257	ها	particle	behold, look, lo!
258	ظ	symbol	The twenty-seventh numeral symbol of the Arabic alphabet
259	أفعل	adj	elative degree of فَاعِل (fāʕil)
260	فكرة	noun	thought, reflection
261	هم	pron	they (masculine plural subject pronoun)
262	إمكان	noun	possibility; ability
263	دون	adj	low, base, inferior
264	ال	article	the
265	عليها	prep	first-person singular feminine of عَلَى (ʕalā)
266	أقل	adj	elative degree of قَلِيل (qalīl)
267	ألم	verb	to be in pain, to ache
268	نسي	verb	to forget
269	دائم	adj	lasting, enduring
270	متى	adv	when (at what time?)
271	قوة	noun	power, strength, might, force
272	للغاية	adv	extremely, greatly
273	أسبوع	noun	week (unit of time)
274	سعيد	adj	happy, cheerful, joyous
275	عين	noun	eye (organ); envy, the evil eye
276	صورة	noun	form, shape, figure
277	جيدة	adj	feminine singular of جَيِّد (jayyid)
278	أخ	noun	brother
279	يعني	intj	in other words; er, so, uh, well
280	سأل	verb	to ask, inquire
281	حقيقي	adj	true, real, actual
282	لعب	verb	to play; to trick, to cheat
283	باب	noun	door, gate; opening, gateway
284	علاقة	noun	relationship, kinship
285	حصول	noun	happening
286	تمام	noun	completeness, wholeness, entirety
287	سرعة	noun	speed
288	وجه	verb	to be a man of distinction, to be notable
289	تحرك	verb	to depart, to leave
290	نهاية	noun	end (“extreme part of something”)
291	مني	noun	conceptive fluid or discharge
292	سؤال	noun	question; request
293	عظيم	adj	magnificent, grandiose
294	فرصة	noun	chance, occasion, opportunity
295	أذهب	verb	to cause to go away, to make disappear, to remove, to eliminate, to take away
296	مجددا	adv	again
297	جحيم	noun	inferno, large fire
298	متأكد	adj	certain, sure
299	حيث	conj	where (relative)
300	حالة	noun	condition, state
301	تحت	adv	below
302	تكلم	verb	to talk, to have a discussion or conversation
303	تقول	verb	to fabricate, to make up
304	خير	noun	goodness, good; charity; welfare
305	هؤلاء	pron	plural of هٰذَا (hāḏā, “this”): these
306	عرض	verb	to appear; to happen, to occur
307	قادم	adj	coming, approaching
308	تمنى	verb	to wish for, to desire
309	مدرسة	noun	school, academy
310	إطلاق	noun	verbal noun of أَطْلَقَ (ʔaṭlaqa) (form IV)
311	دقيقة	noun	minute (unit of time)
312	غريب	adj	strange, peculiar, unusual
313	لما	particle	not yet, but not, yet not; (governs a jussive verb)
314	أشعر	verb	to let know, to notify, to inform, to give notice
315	رأي	noun	an idea, a notion, a concept, a conception
316	حد	verb	to prevent, to restrain, to check, to hinder
317	بعيد	adj	far, remote, distant
318	أني	verb	to tarry, to be tardy
319	مكتب	noun	maktab, elementary school
320	رقم	noun	numeral, number, figure
321	بسبب	prep	because of; on account of
322	خبر	verb	to try, to test
323	فتى	noun	male adolescent, youth, juvenile
324	بأس	noun	courage, boldness
325	الذين	pron	animate masculine plural of اَلَّذِي (allaḏī, “who, that, which”)
326	كلمة	noun	speech, utterance, statement
327	جانب	noun	side
328	سيء	adj	misspelling of سَيِّئ (sayyiʔ)
329	بدون	prep	without
330	لكم	verb	to punch, to box
331	جاء	verb	to come; to bring
332	هاتف	noun	shouting, calling loudly
333	أرى	verb	to show
334	عودة	noun	instance noun of عَادَ (ʕāda)
335	أجرى	verb	to let flow, to let happen
336	طبيب	noun	doctor, physician
337	اعتقد	verb	to believe in; to have faith in
338	واقع	adj	active participle of وَقَعَ (waqaʕa, “to happen”)
339	أرسل	verb	to send; to dispatch
340	قصة	noun	story, tale, relation
341	بل	conj	but; rather; used to cancel what precedes it and confirm what follows it
342	فريق	noun	team; division, detachment, section, unit
343	دخل	verb	to enter, go in, come in
344	معرفة	noun	knowledge; definite
345	شاهد	verb	to see (with one’s own eyes), to view, to inspect, to watch, to observe, to witness
346	جزء	noun	component, constituent
347	تعال	verb	to exhaust the last remains of, to take the last portion of
348	سمح	verb	to allow, to permit (لِ (li) someone) (بِ (bi) something / أَن (ʔan) to do something)
349	خطأ	noun	mistake, error
350	كامل	adj	complete, full; whole, entire, total
351	أطلق	verb	to free, to liberate, to emancipate
352	بالفعل	adv	truly, actually, as of now, being already effective
353	تب	verb	to perish, to be ruined
354	قاد	verb	to lead; to steer (transitive or intransitive)
355	قول	noun	a saying; a declaration; a statement; an assertion
356	ولد	verb	to bear, to beget
357	أنة	noun	a groan, moan, sigh, wail, whimper
358	غادر	verb	to leave
359	لكي	conj	in order that (followed by the subjunctive)
360	سلاح	noun	weapon, arm; branch of the armed forces
361	مزيد	adj	passive participle of زَادَ (zāda)
362	معا	adv	together
363	صوت	noun	a sound (of a thing, an animal, and so on)
364	شيئا	noun	accusative singular indefinite of شَيْء (šayʔ)
365	ثلاث	num	masculine of ثَلَاثَة (ṯalāṯa, “three”)
366	دم	verb	to coat, to smear
367	جون	noun	bay, inlet, gulf, lagoon
368	ماء	noun	water; liquid, fluid
369	قلب	noun	heart (organ); heart (the symbolic seat of human emotion)
370	فقد	verb	to lose, to misplace, to miss
371	كفى	verb	to be enough for (someone)
372	أمام	prep	before, in front of, in the presence of
373	تو	noun	instantaneousness
374	أمل	verb	to hope for
375	قضية	noun	case, lawsuit; judgment, sentence, decision
376	رغب	verb	to desire, to seek
377	أعلى	adj	elative degree of عَالٍ (ʕālin) and عَلِيّ (ʕaliyy)
378	دكتور	noun	doctor; physician, medical doctor
379	صعب	verb	to be hard, difficult
380	طوال	prep	during, throughout
381	قيام	noun	verbal noun of قَامَ (qāma) (form I)
382	دولار	noun	dollar
383	كرة	noun	ball; sphere, globe
384	أيضا	adv	also
385	حضر	verb	to be present, to attend
386	أمن	verb	to be faithful, to be reliable
387	كي	conj	in order that (followed by the subjunctive)
388	نفسي	pron	myself
389	خلف	prep	behind
390	رجاء	noun	hope; expectation
391	النار	noun	definite singular of نَار (nār, “fire”)
392	عمر	verb	to live long, to be long-lived
393	الله	name	God
394	أقلق	verb	to perturb
395	أعد	verb	to prepare, make ready, equip
396	قاتل	verb	to combat, to battle, to fight
397	لطيف	adj	thin, fine, delicate, dainty
398	لاحق	verb	to pursue
399	رأس	noun	head; head (enumerator for cattle)
400	ميت	adj	dead
401	أهم	verb	to grieve, to distress, to concern, to worry
402	غد	noun	tomorrow
403	واضح	adj	clear; distinct
404	انتظر	verb	to wait for (delay until some event), to await
405	ذكر	verb	to mention; to remember, to recall
406	ود	verb	to love, to like
407	رسالة	noun	message; letter (message)
408	سنوات	noun	plural of سَنَة (sana)
409	حياتي	adj	Of life; living.
410	طعام	noun	food; prepared meal
411	عملية	noun	work; action, activity
412	ثلاثة	num	three
413	ثانية	noun	second (unit of time)
414	شركة	noun	company (a business)
415	قابل	verb	to stand exactly opposite, to be opposite, to be face to face
416	وجود	noun	existence
417	عيد	noun	feast; holiday; festival
418	قريب	adj	near, close, adjacent
419	ممكن	adj	possible
420	جريمة	noun	crime, transgression, offense, fault
421	إله	noun	a god, a deity, a divinity
422	مهل	verb	to tarry, to be slow
423	رحل	verb	to saddle, to mount
424	كبيرة	adj	feminine singular of كَبِير (kabīr)
425	صدق	verb	to be truthful, to speak the truth
426	فتح	verb	to open (“to make something accessible”)
427	مما	pron	from what; which
428	سجن	verb	to confine, to imprison
429	أخير	adj	last, final; last, latest, most recent
430	ترجمة	noun	translation; interpretation
431	أحضر	verb	to bring; to cause to come, call for, send for, summon
432	قدر	verb	to have power; to be equal to, to be up to
433	سابق	adj	previous, preceding, prior
434	أكبر	adj	elative degree of كَبِير (kabīr)
435	حان	verb	to approach; to come near
436	جلب	verb	to bring, to fetch
437	ليل	noun	nighttime, night
438	فترة	noun	interval, a while, a period of time
439	هنالك	adv	there
440	هيأ	verb	to set, arrange, array
441	فيلم	noun	film, movie
442	ذاهب	verb	active participle of ذَهَبَ (ḏahaba)
443	جميلة	adj	feminine singular of جَمِيل (jamīl)
444	زوج	noun	one of a pair; spouse, mate, partner
445	دائما	adv	always
446	أوقف	verb	to make stand, to set up
447	بالضبط	adv	exactly, precisely
448	أهل	noun	family, household; people, kinfolk, relations
449	خروج	noun	exit, going out
450	نوم	verb	to lull to sleep, to put to bed, to put to sleep, to make lie down
451	مهمة	adj	feminine singular of مُهِمّ (muhimm)
452	عميل	noun	client, patron, customer
453	خطة	noun	project, projected course, plan
454	حظ	verb	to be fortunate, lucky
455	حرب	verb	to be enraged, to be furious, to be angry
456	تناول	verb	to reach one's hand to a thing, to touch or make contact
457	المدينة	noun	definite singular of مَدِينَة (madīna)
458	أسفل	adj	elative degree of سَافِل (sāfil)
459	محق	verb	to efface, to blot out, to destroy, to annihilate, to ruin
460	الأرض	name	Earth
461	بينما	conj	while; whereas
462	رائعة	noun	amazing thing, marvel
463	مدة	noun	period of time, interval
464	أخرج	verb	to move out, take out, dislodge
465	قديم	adj	old, ancient; eternal without beginning
466	إليه	prep_phrase	to him, to it
467	ضرب	verb	to strike, to beat, to hit
468	شرب	verb	to drink
469	حديث	adj	new; recent
470	صنع	verb	to do, to make; to arrange
471	كثر	verb	to be many, to be numerous, to abound
472	أنتم	pron	you, ye (masculine plural subject pronoun)
473	حل	verb	to unfasten; to untie; to unknot; to unravel; to disentangle; to loosen
474	هرب	verb	to flee, to escape
475	حي	verb	to experience, to witness
476	حفلة	noun	gathering, meeting, assembly
477	قطع	verb	to cut, to break
478	أخت	noun	sister
479	تصرف	verb	to behave, to act
480	قلق	verb	to be agitated, disquieted, shaken
481	إليك	verb	get away!; take
482	عبر	verb	to cross, to traverse
483	تعالى	verb	to rise, ascend
484	أظهر	verb	to show; to exhibit, to expose, to reveal, to manifest
485	توقع	verb	to expect (something), to look for, to prepare oneself for, to anticipate, to hope
486	ظهر	verb	to be outward, to be external, on the surface
487	جنس	noun	a kind; a variety; a breed
488	شهر	noun	month (unit of time)
489	رفاق	noun	a rope used to tie cattle
490	لهم	adj	greedy, covetous, voracious, gluttonous
491	كلام	noun	talking, speaking
492	غبي	verb	to be ignorant, to not understand
493	تعمل	verb	to be tired; to strive, labor or toil (لِ (li) for something)
494	جو	noun	air (the apparently open space above the ground)
495	ذات	noun	spontaneousness
496	أسرع	verb	to be fast; to hurry, to rush
497	مجنون	adj	mad, crazy, insane, possessed
498	جلس	verb	to sit
499	ترى	intj	say..., I wonder...
500	لعبة	noun	toy, plaything; game
501	تفهم	verb	to understand gradually, to grasp, to comprehend
502	شعور	noun	feeling, sensation, emotion
503	تعامل	verb	to do business with one another
504	حلم	verb	to dream (something) or about [with بِ (bi)] (something) while asleep
505	لقاء	noun	meeting, encounter
506	أحمق	adj	crazy, insane; stupid, silly, foolish
507	مر	verb	to pass, to elapse, to go by, to cross
508	ضد	noun	opposite, contrast
509	دور	verb	to turn in a circle, to spin, to whirl, to revolve, to rotate
510	كلب	noun	dog
511	دخول	noun	entering; entrance, admission
512	رغم	verb	to force, to compel
513	الموت	noun	death.
514	عدم	verb	to lack, not to have
515	منطقة	noun	zone; vicinity, range, district, area, territory, sphere
516	بقاء	noun	remaining, lasting, enduring
517	نصف	noun	half, a half, semi-, hemi-
518	عشاء	noun	supper, dinner
519	أمس	adv	yesterday; lately, recently, not long ago
520	جين	noun	gene
521	رب	verb	to be master, to be lord
522	زواج	noun	marriage
523	أفهم	verb	to make understand
524	يتم	verb	to be or become an orphan
525	قضى	verb	to decide, decide upon, resolve, preordain, order, prescribe
526	طويل	adj	long, tall
527	كون	noun	being, essence; existence
528	وقع	verb	to fall down, to fall
529	أصاب	verb	to hit the mark, hit on the right thing
530	وقد	verb	to ignite, to burn
531	مثير	adj	arousing; exciting
532	رحلة	noun	trip, voyage, tour
533	آية	noun	sign, token; verse (of a holy book, such as the Quran or Bible)
534	سعيدة	adj	feminine singular of سَعِيد (saʕīd)
535	موعد	noun	date (appointment)
536	إلا	conj	except (for), save (for), but (for), barring; other than, besides, apart from
537	موضوع	noun	topic, subject, theme
538	بد	noun	escape, means of avoiding something
539	مضى	verb	to pass, be past
540	صغيرة	noun	a minor sin
541	دليل	noun	sign, indication, proof, demonstration, evidence, argument
542	مجموعة	noun	collection, compilation, anthology
543	موقع	noun	site, position, emplacement, place, spot, scene, locus, locale, locality, location, venue
544	مدينة	noun	town, city; jurisdiction
545	أعجب	verb	to make wonder, to make admire
546	بداية	noun	beginning, start
547	الخاصة	noun	See خَاصَّة (ḵāṣṣa)
548	كذب	verb	to lie, to not tell the truth
549	كتاب	noun	book; letter, note, paper, piece of writing, message
550	ألقى	verb	to throw, to throw away, to fling
551	سن	verb	to sharpen, to whet, to hone, to grind
552	طائرة	noun	airplane
553	قائد	noun	leader; director, manager
554	ميلاد	noun	birth; time of birth, nativity
555	آنسة	noun	young woman; miss
556	خصوص	noun	particularity, speciality, specialty, peculiarity
557	خطر	noun	danger, risk, hazard, peril, calamity, jeopardy
558	عدد	noun	number; numeral
559	جاهز	adj	prepared, ready
560	شارع	noun	street
561	أود	verb	to get crooked, curved
562	وظيفة	noun	job, profession, occupation
563	أسمع	verb	to make hear, to let hear, to give someone something to hear
564	عشر	num	masculine of عَشَرَة (ʕašara, “ten”)
565	نظرة	noun	instance noun of نَظَرَ (naẓara): a look
566	نساء	noun	longevity, long life
567	موجود	adj	existing; available
568	درجة	noun	stair, step; stairway, staircase
569	درى	verb	to know
570	آه	intj	ah, aw, ooh, ouch (expression of physical or emotional pain)
571	تأكد	verb	to be confirmed, to prove to be true
572	تغير	verb	to change, to be altered
573	قانون	noun	canon; axiom, norm, regulation, basic rule, established principle, canon
574	دقائق	noun	plural of دَقِيقَة (daqīqa)
575	عني	verb	to engage with, to be occupied with
576	مناسب	adj	appropriate, suitable, proper, adequate, convenient
577	حالك	adj	very dark or black, pitch-black, deep black, murky, gloomy
578	كتب	verb	to mark; to draw (figures)
579	مستعد	adj	ready; worthy, capable
580	سهل	adj	easy; flat; level
581	ملبس	noun	garment, dress, suit
582	حماية	noun	protection
583	خط	verb	to draw a line; to draw
584	نظام	noun	system; regularity
585	عديد	adj	numerous, many
586	سر	verb	to gladden, to make happy, to delight, to cheer, to rejoice
587	رجال	noun	plural of رَجُل (rajul)
588	فوق	adv	above
589	كلوة	noun	alternative form of كُلْيَة (kulya)
590	؛	punct	The semicolon.
591	معذرة	noun	excuse; forgiveness, pardon
592	قل	verb	to be few, to be little
593	وصول	noun	arrival; reaching
594	حمل	verb	to carry (to transport by lifting), to transport, to convey
595	تفكير	noun	thinking, pondering
596	قليلا	adv	a little
597	نحو	noun	side, direction
598	اسمع	verb	alternative form of تَسَمَّعَ (tasammaʕa)
599	أرض	noun	earth, land; Earth, earth
600	قط	adv	ever, never
601	أعاد	verb	to repeat; to do repeatedly
602	مريض	adj	sick, ill (in poor health)
603	وثق	verb	to trust, to place one's confidence
604	إيجاد	noun	creation; creating
605	تحقيق	noun	securing, fulfillment, achievement (dreams, victory, etc)
606	أخيرا	adv	finally, at last
607	روح	noun	spirit (all senses), ghost
608	وقف	verb	to come to a stop, to come to a standstill
609	أمريكي	adj	American
610	مهما	pron	whatever, no matter what often followed by a past tense or jussive verb
611	جنون	noun	madness, insanity
612	تماما	adv	completely; exactly
613	عقل	noun	understanding, reason, wisdom, sound judgment, sense
614	طويلة	noun	a long rope attached to animals to graze
615	سام	adj	high, lofty; exalted, sublime
616	خطوة	noun	step, pace
617	مختلف	adj	different
618	وهي	verb	alternative form of وَهَى (wahā)
619	إعادة	noun	reconduction, repeat undertaking or restoration
620	أدرك	verb	to reach, catch up with, overcome, overtake
621	هدف	verb	to approach, to draw near, to be near
622	وسع	verb	to be wide
623	جهاز	noun	equipment, device, appliances, outfit, gear, rig
624	حذر	verb	to watch out
625	مهلا	verb	act slowly, gently, leisurely!
626	خمس	num	masculine of خَمْسَة (ḵamsa, “five”)
627	أيتها	particle	O, oh: form of أَيُّهَا
628	مستشفى	noun	hospital
629	سار	verb	to step along, to pace, to go, to depart, to travel, to walk
630	مقابلة	noun	interview; meeting; encounter
631	تحمل	verb	to take up (a burden)
632	حفل	verb	to gather, to assemble (intransitive)
633	مركز	noun	place where the flag is planted in the ground
634	قرر	verb	to fix, to settle
635	أيام	noun	plural of يَوْم (yawm)
636	حقيبة	noun	bag
637	هراء	noun	nonsense, baloney
638	ثالث	adj	third
639	الماضي	noun	inflection of مَاضٍ (māḍin)
640	أحبك	phrase	I love you (to a male)
641	أية	pron	feminine of أَيّ (ʔayy)
642	جثة	noun	corpse, cadaver
643	حظي	verb	to enjoy, to be in the good graces of
644	قرار	noun	decision; fixed residence, domicile
645	رقص	verb	to dance
646	أبدا	adv	forever, always
647	أسود	adj	black
648	شراب	noun	drink, beverage
649	أغلق	verb	to close, to shut
650	سيئة	adj	feminine singular of سَيِّئ (sayyiʔ)
651	عدة	noun	appliance, fixture, technical provision
652	قسم	verb	to divide; to distribute
653	مزح	verb	to joke, to jest
654	موت	noun	death; demise
655	مقابل	prep	in return for, in exchange for, as a compensation for
656	سماع	noun	attestation (perceived as a form of hearing or receiving)
657	نقل	verb	to transport, bring from one place to another
658	شخصية	noun	personality; rank, nobility
659	مستحيل	adj	impossible; transformed
660	تغيير	noun	changing, alteration, modification, variation
661	عليهم	prep	third-person plural masculine of عَلَى (ʕalā)
662	تحاول	verb	to try hard, to finesse
663	سفينة	noun	ship, vessel
664	ألف	num	thousand
665	مخدر	noun	drug, narcotic; anesthetic
666	أربع	num	masculine of أَرْبَعَة (ʔarbaʕa, “four”)
667	عاهرة	noun	adulteress; whore, prostitute, harlot
668	سرقة	noun	plural of سَارِق (sāriq)
669	وحدة	noun	unit (a standard measure of a quantity)
670	إنقاذ	noun	deliverance, salvation, saving, rescue
671	سوء	noun	evil, badness
672	رائحة	noun	smell, scent; odor
673	قيادة	noun	verbal noun of قَادَ (qāda) (form I)
674	غاضب	adj	angry; furious; enraged; vexed
675	مضحك	adj	funny, comical; ridiculous
676	مساء	noun	evening
677	خدمة	noun	service, favour
678	برنامج	noun	agenda; program
679	وراء	prep	behind
680	ضحية	noun	victim; sacrifice
681	أكمل	adj	elative degree of كَامِل (kāmil)
682	أثر	verb	to influence, to affect, to have an effect on
683	أشياء	noun	plural of شَيْء (šayʔ)
684	سرق	verb	to steal, take away clandestinely
685	أنقذ	verb	to save, rescue
686	أعمل	verb	to cause to work, to make work, to ply one's hands
687	قهوة	noun	coffee (the drink)
688	مليون	num	million
689	مناسبة	noun	fitness, suitability
690	ولاية	noun	province, governorate
691	مهم	adj	important
692	لأجل	prep	alternative form of مِنْ أَجْلِ (min ʔajli)
693	كره	verb	to hate, to dislike, to detest, to loathe, to abhor
694	خائف	adj	afraid, fearful, terrified
695	فرقة	noun	part, portion; troop of people, number of men, distinct body
696	نجح	verb	to succeed, to be successful
697	المرأة	noun	definite singular of اِمْرَأَة (imraʔa)
698	مدى	verb	to stretch, extend
699	طاقة	noun	power, strength; fortitude, endurance
700	مفتاح	noun	key (to a door)
701	وغد	noun	scoundrel, miscreant, wicked
702	صندوق	noun	chest, box, trunk, crate
703	أبد	verb	to stay, to linger
704	ذا	pron	this
705	بلا	verb	to test, to try
706	سقط	verb	to fall, to collapse, to descend
707	تزوج	verb	to get married to someone, to take a spouse.
708	عم	particle	from what?; about what?
709	شاب	noun	young man, youth, adolescent
710	حلقة	noun	ring, loop; link of a chain
711	عثر	verb	to stumble, to trip
712	عشرة	num	ten
713	مدير	adj	active participle of أَدَارَ (ʔadāra).
714	بلد	noun	country, land, homeland
715	حساب	noun	account; calculation
716	مايكل	name	a male given name, equivalent to English Michael
717	معلوم	adj	known; clear, evident, certain
718	ولي	verb	to be close to, stand immediately by, be neighboring, follow close upon (transitive)
719	تبقى	verb	to remain, to continue, to stay
720	أمان	noun	security, safety, peace
721	قبض	verb	to seize, to take, to grab
722	حمام	noun	a bath, a bathtub
723	وشك	verb	to be quick, to hurry
724	تاريخ	noun	date, time; history
725	مرض	verb	to be or become sick
726	لحم	noun	flesh, meat
727	فندق	noun	inn, hotel
728	ظل	noun	shadow, shade; reflection
729	حادث	verb	to converse with
730	خسر	verb	to lose; to be deceived, beguiled, cheated, circumvented
731	سوى	verb	to equalize; to make even, to straighten
732	واثق	verb	to agree, to contract
733	كثيرا	adv	a lot; many; much
734	أغنية	noun	song, melody, tune
735	سخيف	adj	stupid, absurd, ridiculous, silly
736	ورى	noun	creation; mortals, mankind
737	عانى	verb	to suffer, bear, endure (من)
738	ين	suffix	Oblique form, i.e. genitive and accusative form, of ـُونَ
739	أسوأ	adj	elative degree of سَيِّئ (sayyiʔ)
740	ضوء	noun	light
741	ضغط	verb	to press
742	مسدس	noun	hexagon; sixshooter
743	تحديد	noun	verbal noun of حَدَّدَ (ḥaddada) (form II)
744	حيوان	noun	animal, beast; animals, living creatures
745	موسيقى	noun	music
746	مستقبل	noun	future; future tense
747	خمسة	num	five
748	وفي	adj	loyal; faithful; reliable
749	قادر	adj	powerful; capable, able
750	نقطة	noun	dot, point; period (punctuation mark)
751	طيب	adj	good, wholesome, nice, fine
752	طبيعي	adj	natural; inherent, innate, native
753	لون	noun	color; type, variety
754	نيويورك	name	New York, New York City
755	محقق	noun	detective; one who edits and redacts (a manuscript or other text)
756	مباشرة	noun	verbal noun of بَاشَرَ (bāšara) (form III)
757	أقسم	verb	to swear
758	مانع	adj	forbidding, prohibitive
759	مايك	name	a male given name, equivalent to English Mike
760	جيش	noun	an army, a military force
761	قم	verb	to sweep, to scoop
762	أما	conj	as for; followed by a noun or pronoun, itself followed by the particle فَـ (fa-)
763	ساعات	noun	plural of سَاعَة (sāʕa)
764	حينما	conj	while; when, as
765	أثناء	noun	plural of ثِنْي (ṯiny, “duplication; a single repetition of a thing; time”)
766	رجع	verb	to return, to come back
767	شاحنة	noun	truck, lorry; baggage car
768	أراك	noun	toothbrush tree (Salvadora persica)
769	بلدة	noun	town, city; place, village, community
770	مذهل	adj	astonishing, amazing
771	اسم	noun	name; appellation
772	ميل	verb	to be bent, to be tilted, to be slanted
773	توجد	verb	to be passionately in love
774	امرأة	noun	woman; wife
775	شقة	noun	apartment, flat (domicile occupying part of a building)
776	أبيض	adj	white
777	بواسطة	prep	by means of, using, with, through (indicates an instrument or tool)
778	كفاية	noun	sufficiency; competence
779	جدي	adj	serious; grave; earnest
780	متأكدة	adj	feminine singular of مُتَأَكِّد (mutaʔakkid)
781	عيش	noun	living, life
782	إنسان	noun	human
783	معنى	noun	meaning, import, sense
784	سماء	noun	the sky/skies; the heaven(s)
785	حالي	adj	current, present
786	موقف	noun	parking, parking space, parking lot
787	بطل	noun	hero; protagonist
788	أحسن	verb	to do or act well, to do or act right; to do or act good
789	قرب	verb	to be near, to come near, to approach
790	هدية	noun	gift, donation; offering, sacrifice
791	مرح	verb	to leak, to be full of tears (of one's eye)
792	بلى	adv	used to contradict a negative statement
793	قيد	noun	fetter, chain, bond
794	أصدق	adj	elative degree of صَادِق (ṣādiq)
795	ثمن	noun	a price
796	أخر	verb	to postpone, to set back, to hold back, to put back, to delay
797	سرير	noun	bed, bedstead; throne
798	شدة	noun	intensity; strength, severity, violence
799	بيع	noun	sale, exchange; merchandise
800	أبقى	adj	elative degree of بَاقٍ (bāqin)
801	اه	verb	abbreviation of اِنْتَهَى (intahā): used to mark the end of a quotation
802	أمسك	verb	to seize, grasp, clutch, grip, hold
803	أدى	verb	to bring, to convey, to deliver
804	تأخر	verb	to go back, to retreat
805	فحص	verb	to examine; to experiment, to test, to check
806	سبق	verb	to precede, to come before (something or someone)
807	جورج	name	a male given name of especially Lebanese usage, equivalent to English George
808	علاج	noun	remedy, cure; therapy
809	عنوان	noun	title; address
810	ذاك	pron	that (demonstrative pronoun)
811	تقريب	noun	bringing near, approaching
812	نقد	noun	cash, ready money
813	ثمة	adv	there
814	سيطرة	noun	control
815	فيما	conj	while; in that, as
816	عقد	verb	to tie, knit, make a knot
817	نام	verb	to sleep; to go to bed
818	رد	verb	to return, to bring back, to put back
819	شرطي	noun	policeman, police officer
820	خطط	verb	to furrow, to put lines into something
821	عادة	noun	custom, habit, manner, wont
822	قوي	verb	to be or become strong, powerful
823	خشي	verb	to fear
824	رئيسي	adj	main, chief, principal, leading, cardinal
825	مسؤول	adj	responsible, in charge, accountable
826	أنهى	verb	to end, to terminate, to finish
827	مبنى	noun	building
828	معروف	adj	known; recognized
829	صاح	verb	to yell, to shout
830	أحمر	adj	red; Japhetite, non-Semite
831	قطعة	noun	piece, fragment, chunk
832	ذو	noun	possessor of, owner of
833	ورق	noun	foliage, leaves
834	محتمل	adj	possible, probable
835	بناء	noun	building, construction (act of)
836	تولى	verb	to take charge of, to take control of
837	محكمة	noun	court
838	غرض	verb	to be vexed, to be distressed
839	مكالمة	noun	conversation; discussion
840	آلة	noun	instrument, utensil
841	بول	noun	urine
842	مؤخر	verb	active participle of أَخَّرَ (ʔaḵḵara)
843	مفضل	adj	preferable
844	وداع	noun	farewell
845	كهذا	adv	like this
846	قتال	noun	fighting, battle, warfare
847	سحب	verb	to pull, to drag
848	انتهى	verb	to end; to give up, to desist, to cease, to stop doing something, to refrain (عَن (ʕan) something)
849	تخيل	verb	to imagine, to take into one's head, to fancy
850	أشهر	verb	to make known, to proclaim, to announce
851	رفيق	adj	gentle, nice, kind
852	زمن	noun	time; age (A particular period of time in history)
853	جامعة	noun	university, academy
854	الجديدة	name	El Jadida (a city in Casablanca-Settat, Morocco)
855	تعرض	verb	to expose oneself to
856	تقدم	verb	to precede; to proceed
857	أصدقاء	noun	plural of صَدِيق (ṣadīq)
858	فاز	verb	to win; to gain victory, to triumph
859	خيار	noun	cucumber
860	أبعد	adj	elative degree of بَعِيد (baʕīd)
861	تحقق	verb	to come true, to materialize
862	إليها	prep_phrase	to her, to it
863	وحد	verb	to be single; to be alone
864	بشر	noun	human; humans, humankind
865	الرب	name	the Lord, God
866	تفضل	verb	to have the kindness of; be so kind; deign, condescend
867	سلام	noun	peace; greeting
868	رفع	verb	to lift, to raise aloft, to hoist up, to heave up
869	درس	verb	to erase, to efface, to obliterate, to wipe out, to make hard to see
870	وكل	verb	to authorize, empower, put someone [+direct object] in charge of [+بِ
871	موافقة	noun	approval, agreement, consent
872	حكم	verb	to exercise authority, command, bid, to rule, to reign, to decree
873	شريك	noun	a sharer; a sharer in wealth, profit, or ownership; a business partner
874	بقية	noun	rest, remainder
875	خاطئ	adj	active participle of خَطِئَ (ḵaṭiʔa): sinning, sinful
876	أنتما	pron	you, ye (masculine or feminine dual subject pronoun)
877	مراقبة	noun	surveillance, monitoring
878	منتصف	noun	middle
879	بحر	noun	sea; large river
880	صاحب	noun	associate, companion, comrade, friend
881	تطلب	verb	to necessitate, to have as requirement
882	ممتع	adj	pleasant, delicious, amusing, enjoyable
883	هواء	noun	air; atmosphere
884	سجل	verb	to register, enter, make an entry
885	شراء	noun	buying
886	قارب	noun	small boat, skiff, dinghy
887	حبيبتي	noun	my darling, my beloved (female)
888	جسد	noun	body; corpse
889	علامة	noun	sign, mark; symbol
890	دين	noun	religion, creed, credo, faith, conviction, belief, tenet, rite
891	طابق	noun	floor (“storey”)
892	مسرح	noun	pasture; theater
893	صف	noun	row, line (sequence of people or objects)
894	تخلص	verb	to rid, to get rid of
895	هدأ	verb	to be quiet, to quiet down, to pipe down
896	سري	adj	secret, hidden, clandestine
897	تعلق	verb	to be suspended, to hang (بِ (bi) from)
898	مشاعر	noun	plural of مَشْعَر (mašʕar)
899	صفقة	noun	clapping or clasping of the hands (in concluding a purchase or agreement)
900	تجربة	noun	trial, essay, experiment
901	عثور	noun	verbal noun of عَثَرَ (ʕaṯara) (form I)
902	عد	verb	to count; to consider
903	تراجع	verb	to return to each other
904	لأي	noun	slowness; difficulty, hardship
905	مارس	verb	to practice (to engage in)
906	فم	noun	mouth; muzzle
907	ابن	noun	son; descendant, scion
908	إضافة	noun	genitive/possessive construction, ʾiḍāfa
909	عضو	noun	organ; member
910	أشار	verb	to point, to point out, to indicate
911	عجوز	noun	old woman; old man
912	تفكر	verb	to ponder, to reflect
913	تصبح	verb	to sleep in the morning
914	ألد	adj	implacable, mortal (enemy)
915	وافق	verb	to succeed, go well
916	د	symbol	The fourth numeral symbol of the Arabic alphabet
917	صالح	adj	in good condition, sound, whole
918	فور	noun	verbal noun of فَارَ (fāra) (form I)
919	تلقى	verb	to receive, to obtain
920	مطعم	noun	restaurant; food
921	أربعة	num	four
922	جمع	verb	to gather, assemble, keep together, to collect
923	جندي	noun	soldier; pawn
924	هجوم	noun	attack
925	تخرج	verb	to graduate (from)
926	كن	pron	you, your (feminine plural bound object pronoun)
927	وحش	noun	wild animal; monster
928	سمى	verb	to name, to call, to designate, to denominate, to title, to entitle
929	تقرير	noun	establishment; assignment
930	ضابط	noun	officer; tenant farmer or villein
931	بكثير	adv	much, a lot, by far (used with elative adjectives with a comparative sense)
932	خطبة	noun	betrothal, engagement (commitment prior to marriage)
933	ممتاز	adj	excellent; distinguished, selected
934	متأخر	adj	late; later (عَنْ (ʕan) than)
935	عامل	verb	to do business with
936	لاحظ	verb	to notice; to observe
937	شجرة	noun	tree; shrub, bush
938	حيال	noun	plural of حَائِل (ḥāʔil)
939	أمير	noun	prince; commander
940	عذر	verb	to excuse
941	عملي	adj	practical, pragmatic
942	زفاف	noun	wedding, marriage feast
943	تحول	verb	to shift, to change, to become different
944	شيطان	noun	Satan, shaitan, the Devil
945	مسألة	noun	question; issue, problem, point in question, thesis
946	واجه	verb	to face, to be confronted with, to confront
947	طبيعة	noun	nature, quality, essence
948	وصف	verb	to describe, to depict
949	عدا	verb	to run, to move quickly
950	اتصل	verb	to be in contact with; to be connected with, to be associated with
951	أخرس	verb	to mute, to shut down
952	حذاء	noun	leather boot or shoe
953	بكى	verb	to cry, to weep (over)
954	رفض	verb	to reject, to refuse, to decline, to deny
955	الشمس	noun	definite of شَمْس (šams); the sun.
956	بطاقة	noun	card; piece of paper
957	بدل	verb	to change, exchange, interchange
958	كسر	verb	to break, to crash, to smash
959	طالما	adv	often, always (followed by a verbal clause)
960	جزل	verb	to cut
961	محظوظ	adj	lucky; happy
962	معجب	adj	pleased; admiring, liking
963	سريع	adj	fast (capable of moving with speed), quick (moving with speed)
964	تدخل	verb	to interfere (فِي (fī) in)
965	راحة	noun	rest; recreation, leisure
966	جرح	noun	wound
967	أطفال	noun	plural of طِفْل (ṭifl)
968	محطة	noun	station
969	مستوى	noun	level; standard
970	مفهوم	noun	concept; notion; idea
971	غدا	adv	tomorrow
972	لمس	verb	to touch
973	لوحة	noun	plank; board; blackboard; slate; sheet
974	ضربة	noun	a blow, a stroke, a hit
975	محل	noun	place, location, spot, station
976	دار	adj	flowing copiously
977	تنفس	verb	to breathe, to respire, to take a breath, to take a breather, to take a rest
978	مشاكل	noun	plural of مُشْكِلَة (muškila)
979	نجم	verb	to appear; to rise
980	أزال	verb	to eliminate, to make disappear
981	اسمي	noun	first-person singular possessive of اِسْم (ism)
982	بوب	verb	to put a door; to put into categories, to classify
983	شرير	adj	evil
984	سعى	verb	to walk; to crawl forward
985	هنري	name	a transliteration of the English male given name Henry
986	فصل	noun	separation, division, partition
987	راقب	verb	to keep track, monitor
988	إشارة	noun	sign, signal; pointing to
989	قطار	noun	row; row of camels
990	متجر	noun	store; department store
991	جهة	noun	side, point of view
992	فعلا	adv	indeed, in fact, actually, really, practically
993	بضعة	noun	a piece of something
994	عما	conj	whereof
995	سلطة	noun	power, strength
996	ثقة	noun	reliance, confidence
997	نتيجة	noun	result; conclusion
998	دوما	adv	always
999	طرد	verb	to push away, drive away, repel
1000	ستة	num	six
1001	خوف	noun	fear
1002	داخلي	adj	inner; internal
1003	فشل	verb	to fail; to lose heart, to despair
1004	زيارة	noun	visit; pilgrimage
1005	غضب	verb	to become angry, to be angry
1006	معركة	noun	battle; battlefield
1007	معظم	adj	exalted, glorified, venerated
1008	ملكة	noun	queen
1009	قنبلة	noun	bomb, grenade
1010	مغادرة	noun	verbal noun of غَادَرَ (ḡādara) (form III)
1011	جوي	adj	air-
1012	دفاع	noun	defence/defense
1013	قدوم	noun	arrival; coming
1014	إيقاف	noun	verbal noun of أَوْقَفَ (ʔawqafa) (form IV)
1015	مئة	num	hundred
1016	حارس	noun	guard, watchman, guardian, keeper
1017	غابة	noun	forest; jungle
1018	قيمة	noun	value, worth; amount, quantity
1019	حضور	noun	presence; appearance, approach
1020	باع	verb	to sell (to agree to transfer goods or provide services)
1021	أكره	verb	to force, to compel, to coerce
1022	منح	verb	to give, to award, to grant, to bestow
1023	خاصة	noun	private possession
1024	إلف	noun	alternative form of آلْف (ʔālf, “elf (mythical or fantasy creature)”)
1025	حبيب	adj	beloved; agreeable
1026	ضخم	verb	to be or become big, bulky, voluminous
1027	غاية	noun	end; purpose, goal, aim, objective
1028	هول	verb	to scaremonger, intimidate, embellish, frighten
1029	سي	noun	seventh note of a major scale; si
1030	سعادة	noun	happiness, gladness
1031	عليكم	prep	second-person plural masculine of عَلَى (ʕalā)
1032	سابقا	adv	previously; formerly
1033	نافذة	noun	opening in a wall, air hole
1034	كنيسة	noun	church (building and organization)
1035	آل	noun	family
1036	مجلس	noun	seat; place of meeting; seat of an assembling body; conference room; court; tribunal
1037	تصوير	noun	depiction; photography
1038	أصل	noun	ground; origin, source
1039	أطلب	verb	to cause one to need a thing
1040	كلي	adj	universal
1041	ذكي	adj	intelligent, smart
1042	حكومة	noun	government; authority, dominion
1043	إرسال	noun	sending, dispatching
1044	كلما	conj	every time, whenever
1045	جولة	noun	jaunt, trip, voyage
1046	ك	prep	like, as (followed by a genitive case)
1047	حمى	verb	to protect, to defend
1048	مخطئ	adj	wrong; mistaken
1049	أمريكا	name	America, United States of America
1050	عدو	noun	enemy; foe
1051	قاعدة	noun	foundation; basis
1052	قفز	verb	to jump, to leap
1053	فلا	verb	to withdraw from sucking
1054	مختلفة	adj	feminine singular of مُخْتَلِف (muḵtalif)
1055	زوجي	adj	even; marital, conjugal
1056	مصاب	adj	wounded, injured, infected
1057	طالب	noun	seeker, pursuer
1058	جاد	adj	serious; earnest
1059	دعم	verb	to support; to strengthen
1060	إجابة	noun	reply, response, answer
1061	قدرة	noun	power, capacity, faculty
1062	طاولة	noun	table; backgammon
1063	إجراء	noun	procedure, work, deed
1064	جلوس	noun	sitting, sitting down
1065	غداء	noun	lunch
1066	رسم	verb	to draw, to trace, to sketch, to depict, to portray, to outline, to paint
1067	بشري	adj	human
1068	تحسن	verb	to improve, to get better, to ameliorate
1069	الكتاب	name	the Quran; the Bible
1070	مثالي	adj	typical; model
1071	عشرون	num	twenty
1072	قذر	verb	to be dirty, unclean
1073	مباراة	noun	contest, match; competition, rivalry
1074	مرات	noun	plural of مَرَّة (marra)
1075	أقام	verb	to raise, to lift
1076	نزل	noun	quarter, lodging
1077	مشغول	adj	busy; distracted
1078	لطيفة	noun	witticism, quip
1079	أولئك	pron	plural of ذٰلِكَ (ḏālika, “that”)
1080	أجد	adj	elative degree of جَدِيد (jadīd)
1081	صمت	verb	to be silent
1082	حوالي	prep	around; approximately, around (hear, determining approximate quantity)
1083	شك	verb	to doubt, be doubtful, suspect
1084	دان	verb	to owe (money); to borrow
1085	قلبي	adj	related to the heart
1086	مشهد	noun	place of assembly, meeting, meeting place
1087	قرأ	verb	to read; To read the works of (a specific author).
1088	تحكم	verb	to have one's own way; to domineer
1089	السنة	name	the Sunna (Muhammad's way of life, as recorded in the hadiths)
1090	رابع	adj	fourth
1091	مفرد	noun	singular; A single word or its equivalent, distinct from a full sentence or a clause.
1092	وفاة	noun	death
1093	بساطة	noun	simplicity
1094	بسيط	adj	wide, extended, spread out
1095	منع	noun	prevention
1096	قائمة	noun	list (“enumeration or compilation of a set of possible items”)
1097	تدريب	noun	training; practice
1098	سلامة	noun	good health; safety, well-being, welfare
1099	كوني	adj	cosmic, universal, cosmo-
1100	سحر	noun	dawn; predawn
1101	مرحلة	noun	phase, stage; round
1102	حر	adj	free; unimpeded
1103	وهل	verb	to be weak, to be terrified, to be timid
1104	موسم	noun	season; festive season (especially, the hajj festival)
1105	فوضى	noun	a state of dispersion
1106	تواجد	verb	to affect passion
1107	صبي	noun	a young male human, a boy-child
1108	بضع	noun	a few
1109	رحيل	noun	leaving, departure
1110	محاولة	noun	attempt, trial
1111	عصابة	noun	union, league, federation
1112	مادة	noun	matter, stuff, material, substance
1113	عطلة	noun	vacation, holiday
1114	خامس	adj	fifth
1115	بدء	noun	beginning, start
1116	هدوء	noun	calming down, quieting, subsiding
1117	سارة	name	Sarah, wife of Abraham and mother of Isaac
1118	نجا	verb	to survive; to save oneself
1119	طول	noun	length; longitude
1120	جمال	noun	beauty
1121	كوكب	noun	star; planet
1122	متحد	adj	united
1123	حقيقية	adj	feminine singular of حَقِيقِيّ (ḥaqīqiyy)
1124	حلوى	noun	candy, confection, sweet pastry
1125	هوية	noun	identity; substance, essence, existence
1126	مجيء	noun	verbal noun of جَاءَ (jāʔa) (form I)
1127	شرح	verb	to explain; to cut in slices, to slice, to cut up
1128	أثبت	adj	elative degree of ثَابِت (ṯābit)
1129	مباشر	adj	direct, firsthand
1130	نار	noun	fire; conflagration
1131	باس	verb	to kiss
1132	أنى	verb	to come, to draw near
1133	شباب	noun	youth
1134	مطلق	adj	divorced
1135	أبى	verb	to reject, to refuse
1136	مجال	noun	field (area of specialty)
1137	ويل	verb	"to exclaim ""woe!"" over or repeatedly"
1138	عادي	adj	normal, regular, ordinary, usual
1139	زي	noun	verbal noun of زَوَى (zawā) (form I)
1140	حديقة	noun	garden (decorative piece of land outside)
1141	جسم	verb	to become bulky or massive, to swell, to enlarge
1142	مشى	verb	to walk
1143	كأس	noun	a glass, especially a wine glass or arak glass
1144	حركة	noun	instance noun of حَرُكَ (ḥaruka): an instance of movement
1145	معلومات	noun	plural of مَعْلُومَة (maʕlūma)
1146	مميز	adj	distinctive, distinct, special
1147	تفقد	verb	to inspect, to check
1148	رسمي	adj	official, legitimate
1149	حامل	adj	active participle of حَمَلَ (ḥamala)
1150	طبي	adj	medical
1151	بريد	noun	post, mail, an institution to send messages, intelligence
1152	فظيع	adj	abominable, detestable
1153	روس	noun	Russians (plural)
1154	عبث	verb	to play, to dally
1155	مصدر	noun	starting point, point of origin
1156	كاد	verb	to almost do something (with following non-past or with أَن (ʔan) + subjunctive)
1157	وسط	noun	middle, center; waist
1158	بنت	noun	female equivalent of اِبْن (ibn, “son, descendant”)
1159	نيك	noun	verbal noun of نَاكَ (nāka) (form I)
1160	مرور	noun	passing, passing by
1161	فائدة	noun	usefulness, profit, advantage, benefit
1162	نجد	noun	highland, plateau
1163	بارد	adj	cold, cooling; dull, slow
1164	أخفى	verb	to hide, to conceal
1165	حقير	adj	low, mean, vile
1166	شريط	noun	rope, string, cord (originally of palm bast)
1167	قراءة	noun	reading; one of the variants in the recitation of the Quran
1168	أخاف	verb	to frighten
1169	أملك	adj	elative degree of مَالِك (mālik)
1170	تسجيل	noun	registration; enrollment
1171	قضاء	noun	judgement; jurisdiction
1172	فيديو	noun	video
1173	وهم	verb	to conjecture
1174	شاي	noun	tea (plant and beverage)
1175	مشروع	adj	kosher; rightful
1176	ذراع	noun	the limb of any animal, an arm or leg
1177	تقديم	noun	introduction (act of introducing)
1178	كلية	noun	college, academy, school, secondary school
1179	خائفة	adj	feminine singular of خَائِف (ḵāʔif)
1180	كثيرة	adj	feminine singular of كَثِير (kaṯīr)
1181	كيفية	noun	howness; quality
1182	جيمس	name	a male given name, equivalent to English James
1183	بالغ	verb	to exaggerate; to overdo
1184	جدر	verb	to be suitable; to be proper
1185	بري	adj	wild; overland, land, terrestrial
1186	حجم	noun	size; volume
1187	تسبب	verb	to be caused by, to be the result of
1188	أخبار	noun	plural of خَبَر (ḵabar)
1189	دواء	noun	remedy, medicine, medication, drug
1190	صدر	verb	to emerge; to come up; to spring; to issue; to rise
1191	كتابة	noun	writing; handwriting
1192	سهولة	noun	ease, facility, comfortableness
1193	فات	verb	to pass, pass by, escape, run out, be missed or lost
1194	إلينا	adv	to us
1195	قمر	verb	to gamble
1196	إضافي	adj	additional; supplemental
1197	مليء	adj	full, filled, replete
1198	نهر	noun	river
1199	مثلي	adj	sexually attracted to the same sex, homosexual
1200	البارحة	noun	last night
1201	رغبة	noun	ardent desire, longing for, wish
1202	بوابة	noun	gate; portal
1203	رمى	verb	to throw, to toss
1204	أدخل	verb	to make enter, to bring in, to let in, to admit, to show in
1205	ذال	verb	to drag (of a garment)
1206	مفقود	adj	lost; missing
1207	بالكاد	adv	almost, nearly; merely
1208	اثنان	num	two
1209	نجاح	noun	verbal noun of نَجَحَ (najaḥa) (form I)
1210	أقرب	adj	elative degree of قَرِيب (qarīb)
1211	بلغ	verb	to reach (to arrive at)
1212	سحق	verb	to crush, to thrash, to pestle, to smush, to bruise, to bray, to pound
1213	إدارة	noun	turning, turning around, turning over
1214	أولا	adv	firstly
1215	مبكر	adj	early
1216	حصان	noun	horse; stallion, stud, sire
1217	إعطاء	noun	giving, providing
1218	طبق	noun	plate (serving dish)
1219	جائع	adj	hungry
1220	ام	article	dialectal form of اَلْ (al-)
1221	إنترنت	noun	Internet
1222	خطير	adj	great; high
1223	ظلام	noun	darkness, gloom
1224	أهدأ	adj	elative degree of هَادِئ (hādiʔ)
1225	أشخاص	noun	plural of شَخْص (šaḵṣ)
1226	نائم	adj	active participle of نَامَ (nāma): asleep, sleeping
1227	صحة	noun	health; soundness, wholeness, correctness
1228	أثار	verb	to arouse, to incite, to stimulate
1229	رياضي	adj	of or pertaining to sports
1230	اثنين	num	accusative of اِثْنَان (iṯnān, “two”)
1231	شبح	noun	specter, ghost, apparition, phantom, spirit
1232	مجرم	noun	criminal
1233	آمن	verb	to believe
1234	روز	noun	alternative form of رُزّ (ruzz)
1235	أسابيع	noun	plural of أُسْبُوع (ʔusbūʕ)
1236	أجاب	verb	to respond, to reply, to answer
1237	مشروب	noun	drink; beverage
1238	ديفيد	name	a male given name, equivalent to English David
1239	فريد	adj	alone, single; sole, only
1240	آذى	verb	to harm, to hurt, to abuse
1241	شأو	verb	alternative form of شَآ (šaʔā)
1242	قائم	adj	vertical, erect, upright
1243	دراسة	noun	study, research, examination
1244	ربح	verb	to win, to gain; to profit
1245	معى	noun	gut, intestine
1246	شاء	verb	to will, to want, to intend, to wish
1247	لطالما	adv	often
1248	ابتعد	verb	to move away from, distance oneself from
1249	الغير	noun	definite masculine singular of غَيْر (ḡayr)
1250	تساءل	verb	to ask one another
1251	بني	adj	brown, coffee-colored
1252	بيض	noun	eggs; helmets
1253	مار	noun	Lord; Saint; Mar (honorific title for a man of religion, most often a saint)
1254	تلفاز	noun	television (medium or device for receiving television signals)
1255	ست	num	masculine of سِتَّة (sitta, “six”)
1256	شكا	verb	to complain
1257	قميص	noun	a short and usually form-fitting upper-body outer garment; a sleeved top; a shirt
1258	إحضار	noun	bringing, fetching, getting, sending for
1259	شمال	noun	left hand; left side
1260	انتم	pron	you, ye (masculine plural subject pronoun)
1261	شديد	adj	violent, strong, intense, severe, hard, difficult, acute, extreme
1262	كشف	verb	to remove, to uncover, to reveal
1263	لمن	det	whose; for those who
1264	تمكن	verb	to be influential
1265	جرب	verb	to be scabby, to be mangy
1266	بجانب	prep	along, side by side with
1267	احتاج	verb	to need
1268	تقريبا	adv	approximately
1269	مسافة	noun	distance, interval
1270	قوية	adj	feminine singular of قَوِيّ (qawiyy)
1271	أمة	noun	community, people, nation
1272	تظاهر	verb	to manifest, to display, to exhibit
1273	سكوت	noun	silence
1274	معلم	adj	taught, schooled, instructed, educated, trained
1275	بحرية	noun	marine, navy
1276	حرارة	noun	heat; warmth, congeniality, friendliness
1277	غريبة	noun	peculiarity, a strange occurrence
1278	سمك	noun	fish
1279	واجب	adj	necessary, indispensable, unavoidable, essential, inevitable, inescapable, requisite
1280	ليلي	adj	related to night; nocturnal
1281	شرف	verb	to be noble
1282	نسخة	noun	copy; transcript
1283	نبيذ	adj	cast-off, discarded, rejected, disowned
1284	رصاصة	noun	lead ball, bullet
1285	مالك	adj	owning, possessing, holding
1286	ثلج	noun	snow; ice cube
1287	أعذر	verb	to accept (someone's) excuse
1288	حبيبي	noun	my darling, my beloved (male)
1289	هان	verb	to be easy; to be of low value, to be trifling
1290	مكانك	verb	Don’t move! stop! freeze!
1291	مقعد	noun	seat
1292	ضمن	verb	to guarantee; to insure
1293	نووي	adj	atomic, nuclear
1294	شاذ	adj	isolated, separate, detached, alone
1295	تشغيل	noun	operating, operation
1296	إصلاح	noun	correction, improvement, mending
1297	محيط	adj	whole; overall
1298	إصبع	noun	finger, toe; piano key
1299	قريبا	adv	near, nearby, close at hand
1300	وكالة	noun	agency; proxy
1301	مس	verb	to feel, to touch
1302	ملازم	adj	adherent, adhering to
1303	صرخ	verb	to scream, to shout, to shriek
1304	شبكة	noun	net, fishing net
1305	فجأة	adv	suddenly, unexpectedly, inadvertently, unawares
1306	مثيرة	adj	feminine singular of مُثِير (muṯīr)
1307	سير	noun	strap, strip of hide, skin thong
1308	وجبة	noun	meal, repast; menu
1309	سادس	adj	sixth
1310	سيف	noun	sword, sabre, foil, rapier, scimitar
1311	لغة	noun	language; dialect, vernacular
1312	تواصل	verb	to be united by friendship
1313	تنظيف	noun	cleaning
1314	تصل	noun	verbal noun of تَصَلَّى (taṣallā) (form V)
1315	مغلق	noun	lock, closure; bolt
1316	ثانوي	adj	secondary, minor
1317	قادمة	noun	female equivalent of قَادِم (qādim)
1318	آلي	adj	automatic, automated, mechanical
1319	مارك	name	a male given name, equivalent to English Mark
1320	أفسد	verb	to spoil, to damage, to ruin
1321	مسرور	adj	delighted, glad, pleased
1322	شعب	verb	to gather, unite
1323	محادثة	noun	conversation, talk, dialogue
1324	صراحة	noun	explicitness, openness, sincerity, honesty
1325	ساحر	adj	enchanting, bewitching, charming
1326	صور	verb	to form, to create
1327	مهتم	adj	interested (بِ (bi) in)
1328	أهلا	adv	as a kin, as a member of my kinfolk, in kindness
1329	وعد	verb	to promise (construed doubly transitive or someone بِ (bi) something)
1330	شب	verb	to become a young adult, to grow up
1331	كعك	noun	cake(s); biscuits, tarts, buns, twists
1332	ذنب	noun	tail, end; adherent, follower, henchman
1333	بلدي	adj	native, indigenous
1334	مفاجأة	noun	surprise
1335	مفتوح	adj	open; followed by the vowel sign fatḥa
1336	صيد	noun	hunt, hunting, fishing
1337	سفر	noun	departure, journey, travel
1338	دراجة	noun	bicycle
1339	ملف	noun	file (“a collection of papers”), dossier
1340	جبل	noun	mountain; mountains, mountain range
1341	خنزير	noun	pig, swine, hog
1342	مسكين	adj	poor
1343	نوى	verb	to think; to intend
1344	مخيف	adj	frightening, scary
1345	سبيل	noun	way, path, road
1346	رئاسة	noun	ruling, governing
1347	ولو	conj	even if, albeit
1348	حاضر	verb	to give a lecture to
1349	ضحك	noun	laughter
1350	جرى	verb	to run (to move quickly on two feet)
1351	حرية	noun	freedom, liberty
1352	غالب	adj	triumphant, victorious
1353	موجودة	adj	feminine singular of مَوْجُود (mawjūd)
1354	عالي	adv	over, upon, above
1355	سباق	noun	race
1356	تخلى	verb	to relinquish or surrender
1357	تابع	verb	to continue, carry on
1358	المسيح	name	Christ; the Messiah (Jesus of Nazareth)
1359	استخدام	noun	use, employment
1360	قرية	noun	any populated area or the community thereof
1361	جوار	noun	neighborhood (“the quality of being a neighbor, of living nearby, next to each other”)
1362	تأثير	noun	influence, impression
1363	سطح	verb	to spread forth, to unroll
1364	ضروري	adj	necessary, indispensable
1365	مطبخ	noun	kitchen; cuisine, style of cooking
1366	هادئ	adj	calm, restful, quiet, tranquil
1367	قومي	adj	national; nationalist
1368	فوز	noun	win; victory
1369	ريتشارد	name	a male given name, equivalent to English Richard
1370	خلفي	adj	back, rear, hind
1371	مجنونة	adj	feminine singular of مَجْنُون (majnūn)
1372	كامرا	noun	alternative form of كَامِيرَا (kāmērā)
1373	تصديق	noun	believing; confirmation, confirming an assertion
1374	متعة	noun	enjoyment, delight, pleasure
1375	كنة	noun	female relative through marriage; sister-in-law or daughter-in-law
1376	جنوب	noun	south
1377	دماغ	noun	brain (control center of the central nervous system)
1378	تسمع	verb	to give ear, to listen, to lend an ear
1379	طير	noun	birds
1380	تهديد	noun	threat
1381	يمين	noun	right, right side (opposed to left)
1382	صادق	adj	telling the truth, truthful, veracious
1383	خسارة	noun	loss; damage
1384	يسار	noun	left
1385	لندن	name	London (the capital city of the United Kingdom; the capital city of England)
1386	حدوث	noun	verbal noun of حَدَثَ (ḥadaṯa) (form I)
1387	أوى	verb	to look for shelter
1388	أهمية	noun	importance, significance
1389	إحدى	noun	female equivalent of أَحَد (ʔaḥad)
1390	بنك	noun	bank
1391	نهائي	adj	final
1392	وسيلة	noun	means, medium; tool, instrument, device, implement
1393	ساء	verb	to act badly, maltreat, injure
1394	مالي	adj	financial; pertaining to revenue, cost or value
1395	ملابس	noun	plural of مَلْبَس (malbas, “garment”)
1396	قبيل	noun	guarantor; bail bond agent, bondsman
1397	تجاه	prep	towards, vis-à-vis
1398	عود	noun	wood, timber; stick, rod, pole
1399	مجتمع	noun	place of assembly
1400	لان	verb	to soften, to become soft
1401	صديقة	noun	female equivalent of صَدِيق (ṣadīq)
1402	فضاء	noun	vast and unlimited space, empty space
1403	مستعدة	adj	feminine singular of مُسْتَعِدّ (mustaʕidd)
1404	المهم	adj	definite masculine singular of مُهِمّ (muhimm)
1405	مولى	noun	chief, lord, master
1406	تبع	verb	to follow, to succeed, to come after in a sequence
1407	دعوة	noun	instance noun of دَعَا (daʕā)
1408	أوان	noun	particular time, timeframe, occasion, time that has come or is due
1409	محلي	adj	local, regional, native, national
1410	تدمير	noun	destruction
1411	جنرال	noun	general
1412	طاب	verb	to seem suitable, to remit, to do well
1413	عكس	verb	to overturn; to invert
1414	منطقي	adj	logical, rational, reasonable
1415	غلطة	noun	a mistake, an error
1416	كيل	noun	measure, something used for meting
1417	ساق	verb	to drive; to conscript
1418	إعلان	noun	advertisement; announcement
1419	تجاوز	verb	to pass by, to travel past something, to go beyond
1420	روبرت	name	a male given name from English
1421	سلم	noun	peace
1422	نهض	verb	to rise, to get up
1423	صعوبة	noun	difficulty
1424	سراح	noun	release
1425	حافلة	noun	bus; streetcar
1426	ناري	adj	fiery, connected to fire
1427	قانوني	adj	legal, canonical, according to law or rule
1428	نور	verb	to flower, to blossom
1429	يدي	verb	to have withered hand or be weak in hand
1430	فيل	noun	elephant; bishop (use the dual to pluralize)
1431	روسي	adj	Russian
1432	مثلما	conj	as (in the same manner as)
1433	ثامن	adj	eighth
1434	بان	verb	to separate, to become distinct, to sunder
1435	جدار	noun	wall (division in a building)
1436	بمجرد	prep	as soon as, once that
1437	شجاعة	noun	courage, bravery, boldness
1438	مبلغ	noun	sum, amount; result, product, quotient
1439	إخراج	noun	banishment; direction (work of the director in cinema or theater)
1440	رأسي	adj	vertical
1441	مقاطعة	noun	interruption; boycott
1442	ذاكرة	noun	memory
1443	رفقة	noun	company (which one has when one is accompanied)
1444	مقبل	adj	next, forthcoming
1445	موظف	noun	employee; official, dignitary
1446	عميق	adj	deep
1447	تأمين	noun	protection, securing, ensuring
1448	سابع	adj	seventh
1449	صواب	noun	correctness, right
1450	لوك	noun	verbal noun of لَاكَ (lāka) (form I)
1451	معتاد	adj	common, habitual, usual, accustomed
1452	فخور	adj	proud; vainglorious, boastful, bragging
1453	بال	noun	mind, heart; state, condition
1454	رصاص	noun	lead; bullets, shots, dots
1455	طارئة	noun	unforeseen event, emergency, casus maior vel minor
1456	عظيمة	adj	feminine singular of عَظِيم (ʕaẓīm)
1457	باريس	name	Paris (the capital and largest city of France)
1458	نائب	noun	representative, delegate
1459	نجدة	noun	help, aid, support
1460	عربة	noun	river with a strong current
1461	تعديل	noun	straightening; adjustment
1462	ري	noun	irrigation, watering
1463	متزوج	adj	married
1464	فن	noun	genre; art
1465	كرسي	noun	chair, seat; seating
1466	نال	verb	to bestow, to give, to grant
1467	بن	noun	coffee beans, coffee
1468	جهد	verb	to strive, to struggle, to labour, to exert oneself, to take pains, to endeavor
1469	لاعب	verb	to play with (someone), to have fun with (someone), to jest with (someone)
1470	زعيم	noun	leader
1471	تهمة	noun	impeachment, charge, accusation (both the act and its content)
1472	أقوى	adj	elative degree of قَوِيّ (qawiyy)
1473	تعليم	noun	teaching, education
1474	سعر	noun	price; quote (a summary of work to be done with a set price)
1475	سو	noun	alternative form of سَوْء (sawʔ, “badness, evil, corruption”)
1476	ضاع	verb	to be lost; to get lost, to stray
1477	فتيات	noun	plural of فَتَاة (fatāh)
1478	سواء	noun	equal
1479	دماء	noun	plural of دَم (dam)
1480	خاتم	noun	signet, seal ring
1481	نشر	verb	to spread out, unroll, exhibit
1482	شاطئ	noun	shore, coast, seacoast, beach, strand
1483	حجز	verb	to hold back, to restrain, to contain
1484	أصغر	adj	elative degree of صَغِير (ṣaḡīr)
1485	سائق	adj	driving
1486	جماعة	noun	community, people
1487	سوق	noun	market
1488	حريق	adj	burnt
1489	هروب	noun	verbal noun of هَرَبَ (haraba) (form I)
1490	أيل	noun	stag, hart; deer
1491	صيف	noun	summer
1492	بئس	verb	to be sad, to be miserable
1493	حالما	conj	as soon as, the moment that, right after, on, just at, no sooner than, immediately after
1494	مدرب	adj	active participle of دَرَّبَ (darraba, “to train”)
1495	نصل	verb	to free, to extract, to take out
1496	دمر	verb	to destroy
1497	واصل	verb	to be united with
1498	رمز	noun	symbol, emblem; cipher, code
1499	هوى	noun	desire, love, passion
1500	أكد	verb	to assure; to confirm, to corroborate (a view, report, fact, etc.)
1501	أمور	noun	plural of أَمْر (ʔamr)
1502	هنأ	verb	to be wholesome to, to help, to sustain, to be beneficial to
1503	ممارسة	noun	exercise, practice
1504	قصير	adj	short; too short, defective
1505	أيما	pron	whatever
1506	دافع	verb	to defend; to ward off, keep off
1507	قف	verb	to ruffle, to shrivel
1508	حقق	verb	to realize, to actualize, to make a reality or an actuality
1509	وداعا	intj	farewell, adieu, goodbye
1510	حضرة	noun	presence; place with settled inhabitants
1511	شهادة	noun	testimony, witness
1512	فرنسي	adj	French
1513	جنسي	adj	generic; sexual
1514	مساعد	noun	assistant; adjutant, warrant officer
1515	مشاهدة	noun	observation; viewing; inspection
1516	مدهش	adj	amazing
1517	سيئ	adj	bad, evil; abominable
1518	كريم	adj	noble, noble-minded, beneficent, kind, gracious
1519	خص	verb	to single out, to distinguish
1520	قبعة	noun	cap, hood, cowl
1521	واو	name	Wau (a city in South Sudan)
1522	مون	verb	to supply with food or provide catering services
1523	زميل	noun	colleague, fellow
1524	أ	particle	introduces a positive yes-no question
1525	فراش	noun	butterflies; moths
1526	إجازة	noun	permission, authorization
1527	تهنئة	noun	congratulation; felicitation
1528	أساس	noun	foundation, basis, base
1529	س	particle	will (prefix indicating the future tense)
1530	قمة	noun	top, peak, crown, highest point, apex, vertex
1531	عالية	adj	feminine singular of عَالٍ (ʕālin)
1532	مسؤولية	noun	responsibility
1533	قضيب	noun	branch or twig that has been cut off
1534	غاز	noun	raider, invader, conqueror
1535	وطن	noun	nation; home, homeland, country, fatherland
1536	نصيحة	noun	advice, counsel
1537	قوم	verb	to raise; to evaluate
1538	سكين	noun	knife
1539	وزن	verb	to weigh (“to determine the weight of an object”)
1540	نفذ	verb	to pierce, to penetrate
1541	آلاف	noun	plural of أَلْف (ʔalf)
1542	مقدس	noun	a holy place; a sanctuary
1543	أسعد	adj	elative degree of سَعِيد (saʕīd)
1544	استمع	verb	to listen, to listen closely
1545	مرتين	adv	twice
1546	خطاب	noun	speech, oration
1547	سبعة	num	seven
1548	موافق	adj	consenting, approving, agreeing
1549	بيان	noun	clearness, obviousness
1550	جيري	name	A male given name, Jerry, Gerry, or Jheri
1551	ميتة	noun	manner of death
1552	أقدم	verb	to dare; to undertake, to venture, to risk
1553	أقدر	adj	elative degree of قَادِر (qādir), elative degree of قَدِير (qadīr)
1554	وفق	verb	to find fit; to fit, to please
1555	متن	verb	to be firm, to be solid, to be sturdy
1556	عالمي	adj	world, worldwide, global
1557	ملاحظة	noun	observation, notice
1558	خدعة	noun	trick, deception
1559	طيران	noun	flight; aviation
1560	لله	phrase	Used other than figuratively or idiomatically: see لِـ (li-), الله (allāh).
1561	رعاية	noun	care, support, custody
1562	أزعج	verb	to bother; to disturb
1563	شخصيا	adv	personally
1564	أخضر	adj	green; verdant
1565	أسلوب	noun	method, manner, mode, style, technique
1566	رحب	verb	to be wide, to be spacious, to be roomy
1567	ا	symbol	The first numeral symbol of the Arabic alphabet
1568	إنهاء	noun	verbal noun of أَنْهَى (ʔanhā) (form IV)
1569	ضعيف	adj	weak; weak (describing Prophetic Hadiths)
1570	أيس	verb	to give up hope, to despair
1571	شخصي	adj	own; personal
1572	أضحى	noun	sacrificial animal, victim
1573	قاعة	noun	hall; vestibule; corridor
1574	ر	symbol	The twentieth numeral symbol of the Arabic alphabet
1575	تفصيل	noun	division into chapters, analysis
1576	أعمال	noun	business
1577	شغل	verb	to occupy, to keep busy
1578	مطار	noun	airport, airfield
1579	مطلوب	noun	desire, demand, wish
1580	عدالة	noun	justice, rightness, fairness
1581	منى	verb	to arouse desire
1582	ضرر	noun	damage, injury, hurt, harm, mischief
1583	وزير	noun	minister, cabinet minister
1584	مثال	noun	resemblance, anything equal or similar
1585	مشترك	noun	participant, subscriber
1586	بنى	verb	to build, to construct, to raise
1587	إنذار	noun	warning; announcement, notice; alarm
1588	يومين	noun	accusative/genitive dual of يَوْم (yawm)
1589	أجلس	verb	to cause to be seated
1590	قرن	noun	horn; century
1591	طرف	verb	to push someone away from something
1592	تحية	noun	a greeting
1593	خمن	verb	to be obscure, to be unapparent, to be hidden, to be concealed
1594	آخذ	verb	to censure, to blame
1595	خلق	verb	to create, to make
1596	عسكري	adj	military
1597	صدمة	noun	shock; clash, stroke
1598	غنى	verb	to sing; to sing about someone, describe someone in verse (whether with praise or with blame)
1599	ملعون	adj	outcast, execrable
1600	دولة	noun	state (sovereign polity)
1601	يوما	adv	once (in the past), once upon a time
1602	صحيفة	noun	newspaper; journal, ephemeris
1603	ضعف	verb	to weaken
1604	جلالة	noun	loftiness, sublimeness
1605	عزف	verb	to whistle, howl
1606	إما	conj	used for disjunction
1607	شر	verb	to be bad, to be evil, to act badly
1608	صح	verb	to be healthy; to recover; to become true
1609	ربط	verb	to tie up, to bind
1610	تذكرة	noun	memorandum, admonition
1611	تلعب	verb	to play, to act playfully
1612	مسار	noun	track, lane, course, line
1613	هيئة	noun	form, shape; appearance
1614	قلة	noun	littleness, smallness, scarceness, fewness
1615	تكذب	verb	to pretend to lie
1616	عبارة	noun	expression
1617	عمة	noun	way of putting on the turban
1618	ماهي	name	a diminutive, Mahi or Mahy, of the female given names مَاهِينُور
1619	زبون	noun	customer, client
1620	عمي	verb	to be or become blind
1621	مشهور	adj	famous
1622	سافر	verb	to travel
1623	رقيب	noun	watchman; guard, sentry
1624	بارع	adj	skillful, skilled
1625	وفى	verb	to fulfill; to compensate fully
1626	فعلة	noun	deed; act; action
1627	أنصت	verb	to listen, to hearken, to lend an ear
1628	عاصفة	noun	storm
1629	سبع	num	masculine of سَبْعَة (sabʕa, “seven”)
1630	مرأة	noun	alternative form of اِمْرَأَة (imraʔa)
1631	نيل	noun	verbal noun of نَالَ (nāla) (form I)
1632	أدار	verb	to run, to manage, to govern, to operate
1633	ريح	noun	wind; fart
1634	حفرة	noun	hole; pit, ditch
1635	زهور	noun	plural of زَهْر (zahr, “flowers”)
1636	أقصى	adj	further, more distant; furthest, most distant
1637	إلقاء	noun	verbal noun of أَلْقَى (ʔalqā) (form IV)
1638	نهار	noun	daytime, day
1639	صيني	adj	Chinese
1640	عصر	verb	to press, to squeeze, to wring
1641	محرك	adj	causing to move, moving
1642	ني	pron	me (bound object pronoun)
1643	توقيع	noun	signature; signing
1644	أدنى	adj	elative degree of دَنِيّ (daniyy, “near, low, mean”)
1645	توقيت	noun	verbal noun of وَقَّتَ (waqqata) (form II)
1646	محاكمة	noun	trial
1647	ثمانية	num	eight
1648	ضيف	noun	guest(s)
1649	إنما	particle	only; but rather
1650	مقرف	adj	disgusting, gross
1651	نظرية	noun	theory; theorem
1652	وعي	noun	consciousness; alertness
1653	حملة	noun	attack; offensive
1654	حاسوب	noun	computer
1655	شخصا	adv	personally
1656	طاقم	noun	staff, crew, team, personnel (human resources working together occupying a facility)
1657	ركز	verb	to plant into the ground, to embed
1658	صعبة	adj	feminine singular of صَعْب (ṣaʕb)
1659	إثبات	noun	affirmation; proof
1660	متحمس	adj	enthusiastic; excited
1661	جيل	noun	generation (entity of the same time period, or the time period itself)
1662	دائرة	noun	a defeat; bureaucratic division, department, office
1663	ناحية	noun	side, direction
1664	بابا	noun	pope, patriarch
1665	أخطأ	verb	to miss (to fail to hit)
1666	إنجليزي	adj	Pertaining to England
1667	مصاص	noun	the desert papyrus Cyperus conglomeratus
1668	جراحة	noun	surgery; a wound
1669	طائر	noun	bird
1670	عقلي	adj	mental, intellectual
1671	أداء	verb	to get ill from disease
1672	بصمة	noun	print, fingerprint, mark, footprint, imprint
1673	زجاجة	noun	piece of glass; glass vessel; bottle; flask
1674	دير	noun	monastery, convent, cloister
1675	ذكريات	noun	plural of ذِكْرَى (ḏikrā)
1676	ركب	verb	to ride; to embark
1677	أغلب	adj	elative degree of غَالِب (ḡālib)
1678	سكر	noun	sugar
1679	زاوية	noun	angle, corner, edge
1680	ممثل	noun	actor; representative (in government)
1681	جنسية	noun	nationality, citizenship
1682	أسئلة	noun	plural of سُؤَال (suʔāl)
1683	آني	adj	instantaneous
1684	حلو	adj	sweet; nice, charming, pretty, pleasant
1685	سلسلة	noun	iron chain; chain
1686	عاشر	adj	tenth
1687	وطني	adj	national
1688	منظمة	noun	organization (an organized group of people)
1689	تاسع	adj	ninth
1690	أصلي	adj	original, authentic
1691	ديك	noun	rooster; cock
1692	حجر	verb	to stop, to hinder
1693	متأسف	adj	sorry; regretful
1694	خمر	verb	to cover, to hide, to conceal; to veil, to screen, to shroud
1695	دوري	adj	cyclical, periodic
1696	عجب	verb	to wonder, to marvel, to be astonished, to be amazed
1697	هيه	pron	it
1698	جيب	noun	opening in a garment
1699	تصور	verb	to be or become formed
1700	قليلة	adj	feminine singular of قَلِيل (qalīl)
1701	أطول	adj	elative degree of طَوِيل (ṭawīl)
1702	صعد	verb	to go up, to ascend, to rise
1703	بديل	adj	alternative
1704	مختبر	noun	laboratory
1705	طلقة	noun	instance noun of طَلَقَ (ṭalaqa) (weaponry) a shot (from a firearm)
1706	فاشل	noun	One who fails; loser.
1707	جار	verb	to deviate, to stray
1708	أولاد	noun	plural of وَلَد (walad)
1709	غني	verb	to be free from want
1710	خارجي	adj	outer, external, extraneous, foreign, nonresident
1711	أقر	verb	to ratify; to fix, to verify, to uphold, to establish, to stabilize, to consolidate
1712	فارغ	adj	empty; inane, vacuous, useless
1713	مخاطر	noun	risks, dangers, pitfalls
1714	تمسك	verb	to hold on, hold fast, clutch
1715	مخرج	noun	exit, place of issue
1716	سحري	adj	magic, magical
1717	أنحاء	noun	plural of نَحْو (naḥw)
1718	حائط	noun	wall
1719	جلسة	noun	session, sitting
1720	مذكرة	noun	note, memo; warrant (e.g., to make an arrest or conduct a search)
1721	عجلة	noun	haste, hurry, speed, speediness, celerity
1722	رأى	verb	to see (to perceive with the eyes)
1723	كيت	noun	so-and-so, such-and-such
1724	أعظم	adj	elative degree of عَظِيم (ʕaẓīm)
1725	عنق	noun	neck; cervix uteri
1726	عنف	noun	violence, force
1727	نادى	verb	to shout; to call
1728	قصيرة	noun	female equivalent of قَصِير (qaṣīr)
1729	يومي	adj	daily; by the day
1730	إغلاق	noun	verbal noun of أَغْلَقَ (ʔaḡlaqa) (form IV)
1731	هاجم	verb	to attack; to rush suddenly upon
1732	ركض	verb	to race, to rush, to run
1733	مخلوق	verb	passive participle of خَلَقَ (ḵalaqa)
1734	جسر	noun	bridge
1735	تقابل	verb	to stand opposite each other, to be opposite each other, to face each other
1736	جدول	noun	creek, brook, little stream
1737	آدم	noun	human; person
1738	خان	noun	hostel, caravanserai, inn
1739	قادرة	adj	feminine singular of قَادِر (qādir)
1740	مجلة	noun	scroll, writing paper
1741	أجرة	noun	rent; reward, recompense
1742	معين	noun	well, spring, water source
1743	قديمة	adj	feminine singular of قَدِيم (qadīm)
1744	مشاركة	noun	participation, involvement
1745	خدع	verb	to deceive; to not be plentiful, refuse a gift
1746	علوي	adj	upper; high, lofty
1747	طعم	verb	to eat; to degust, to taste
1748	لطف	verb	to be kind and friendly
1749	وقود	noun	fuel
1750	إلكتروني	adj	electronic
1751	ملايين	noun	plural of مِلْيُون (milyūn)
1752	قرد	noun	monkey, ape (mammal)
1753	ترتيب	noun	order, arrangement, array
1754	م	adv	AD
1755	قصر	verb	to be or become short, to shorten
1756	قمامة	noun	sweepings, refuse, barrows, rubbish, garbage, trash
1757	مظهر	noun	appearance, look
1758	شمالي	adj	northern
1759	اتصال	noun	union; adhesion
1760	تجاري	adj	related to trade, mercantile, commercial
1761	بسيطة	adj	feminine singular of بَسِيط (basīṭ)
1762	مقتل	noun	noun of place of قَتَلَ (qatala): place of killing
1763	عالق	adj	stuck; stranded
1764	دجاج	noun	chickens, poultry, fowl
1765	أستاذ	noun	professor; teacher at a grammar school or similar institution
1766	جواب	noun	answer, reply; apodosis
1767	فلم	noun	film, motion picture
1768	أزرق	adj	blue, blue-coloured
1769	أترك	verb	to turkify
1770	إحساس	noun	feeling, sensation, emotion
1771	روى	verb	to tell, to narrate, to relate
1772	وضوح	noun	being visible, being clearly seen, clarity, clearness
1773	متعلق	adj	related to, concerning, relevant
1774	عدل	verb	to act justly
1775	عادل	adj	just, fair, equitable
1776	تركيز	noun	concentration, concentrating
1777	ساخن	adj	hot; warm
1778	جلد	noun	skin, hide; leather, hide as a material
1779	سيجارة	noun	cigarette
1780	سجين	noun	prisoner, inmate
1781	حمد	verb	to praise, to commend
1782	ثوب	noun	dress, garment; cloth, material
1783	الجزيرة	noun	definite singular of جَزِيرَة (jazīra)
1784	حمض	noun	acid
1785	صفحة	noun	page; surface
1786	كحول	noun	alcohol, spirits
1787	خدم	verb	to serve; to work
1788	كسب	verb	to win (a struggle or war)
1789	نفع	verb	to profit, to benefit
1790	تصدق	verb	to give alms; to donate, to give as charity
1791	تقبل	verb	to accept; to hear, to grant
1792	تقتل	verb	to fight each other
1793	مسلسل	adj	active participle of سَلْسَلَ (salsala)
1794	بعدما	conj	after
1795	وهى	verb	to be or become weak or fragile
1796	خادم	noun	domestic servant or (male) manservant (female) maidservant
1797	وسيم	adj	handsome, pretty, goodly, elegant
1798	بعيدة	adj	feminine singular of بَعِيد (baʕīd)
1799	مؤلم	adj	active participle of آلَمَ (ʔālama): painful
1800	تأكل	verb	to be devoured, to be consumed
1801	جيسي	name	a female given name, Jessie, from English
1802	وجهة	noun	side, direction
1803	بنية	noun	verbal noun of بَنَى (banā) (form I)
1804	إخوة	noun	plural of أَخ (ʔaḵ)
1805	بيتزا	noun	pizza
1806	أغضب	verb	to irritate, to tease, to make angry
1807	مشي	noun	verbal noun of مَشَى (mašā) (form I)
1808	فقدان	noun	loss
1809	لجنة	noun	committee, commission, council
1810	ولادة	noun	birth (process of childbearing)
1811	كانا	noun	kana (japanese syllabaries)
1812	حافظ	verb	to preserve, to maintain, to keep up, to uphold, to sustain
1813	أمى	verb	to take as female slave
1814	إياه	pron	him, it (third person masculine singular object pronoun)
1815	لص	noun	thief, robber
1816	استمر	verb	to continue; to persist, to persevere
1817	قناة	noun	channel, canal; TV/YouTube, etc channel
1818	مطاف	noun	journey
1819	مزعج	adj	annoying, unpleasant
1820	حفاظ	noun	plural of حَافِظ (ḥāfiẓ)
1821	شقيق	noun	a full sibling, a sibling on the paternal and maternal sides
1822	سوية	noun	level
1823	عسل	verb	to move, to vibrate, to shake
1824	قبلة	noun	kiss
1825	أداة	noun	device, tool, instrument
1826	خزان	noun	dam; reservoir
1827	فان	adj	evanescent, transitory, transient, ephemeral
1828	طرق	verb	to beat, to knock, to ring (a bell), to hammer
1829	حادثة	noun	a thing that springs up or happens
1830	متوتر	adj	tense, strained
1831	حدد	verb	to sharpen; to confine
1832	مريضة	adj	feminine singular of مَرِيض (marīḍ)
1833	شفقة	noun	pity; compassion, solicitude
1834	غامض	adj	mysterious
1835	أجمل	verb	to sum, to total, to add
1836	أساسي	adj	fundamental, basic
1837	تترك	verb	To be Turkified, to act Turkish
1838	حبل	noun	a rope, a cable; a hawser; a cord; a string; a thread
1839	تعب	verb	to get tired, to wear oneself out
1840	كارى	verb	to rent out, to rent to, to hire out, to lease out, to give on rent
1841	مزاج	noun	mixture, medley, blend
1842	هام	adj	important, significant
1843	طرح	verb	to throw, to cast, to fling, to toss
1844	القاعدة	noun	the toilet, a Western-style sitting toilet as opposed to a squatting toilet.
1845	سم	verb	to poison (someone, something)
1846	كمبيوتر	noun	computer
1847	دب	verb	to creep, to crawl
1848	حزين	adj	sad, sorrowful
1849	تخطى	verb	to overstep, to step over, to walk over
1850	مصلحة	noun	anything promoting, salutary, advantageous
1851	أسهل	adj	elative degree of سَهْل (sahl)
1852	بارك	verb	to bless; to give one's blessing, to consent, to sanction
1853	بقر	noun	cattle, oxen
1854	أبناء	noun	plural of اِبْن (ibn)
1855	هما	pron	they both, the two of them (masculine or feminine dual subject pronoun)
1856	تفسير	noun	verbal noun of فَسَّرَ (fassara) (form II)
1857	هائل	adj	active participle of هَالَ (hāla).
1858	موهبة	noun	talent, gift, knack, aptitude
1859	ساحة	noun	field, area; yard, court, courtyard
1860	محترف	adj	professional
1861	غبية	noun	female equivalent of غَبِيّ (ḡabiyy)
1862	كاذب	adj	false, untrue
1863	سرور	noun	joy, pleasure, satisfaction
1864	كافية	adj	feminine singular of كَافٍ (kāfin)
1865	سترة	noun	jacket, coat; vest (bulletproof), (life) preserver
1866	أوضح	verb	to make clear, to clarify; to elucidate
1867	خبير	adj	knowing, aware, well-informed
1868	سباح	noun	swimmer
1869	معقول	adj	seized by the intellect, comprehended, conceived
1870	كمية	noun	quantity, amount
1871	خبز	verb	to bake
1872	مسابقة	noun	a competition, a contest
1873	للأسف	adv	sadly, unfortunately
1874	جسدي	adj	physical, bodily
1875	تلاعب	verb	to make fun of, to mock, to toy with, to trifle with
1876	طقس	noun	weather (usually used for short period meteorological changes)
1877	تغطية	noun	verbal noun of غَطَّى (ḡaṭṭā) (form II)
1878	ممر	noun	passageway, corridor
1879	وحيدة	adj	feminine singular of وَحِيد (waḥīd)
1880	كلمات	noun	plural of كَلِمَة (kalima)
1881	غناء	noun	singing, song
1882	لوم	noun	blame
1883	عمدة	noun	mayor, village chief
1884	عملاق	adj	huge, giant, gigantic, mammoth
1885	ذكرى	noun	remembrance, recollection, memory
1886	حوض	noun	basin, pool, tank, sink
1887	خريطة	noun	map; sheet of skin, a leaf or strip, thin membrane
1888	رومانسي	adj	romantic
1889	جزيرة	noun	island; peninsula
1890	ظهور	noun	rise, emergence
1891	فضائي	adj	spatial
1892	حليب	noun	milk
1893	ظرف	noun	vessel, container, receptacle
1894	عناية	noun	attention; care
1895	جبن	noun	cheese
1896	عذرا	intj	sorry
1897	أناس	noun	persons, people
1898	تتبع	verb	to pursue, investigate, examine
1899	منصب	noun	post, position, office
1900	الاثنين	name	Monday
1901	إيمان	noun	belief, faith
1902	خبرة	noun	experience; probing
1903	بدلا	adv	instead
1904	أسرة	noun	family
1905	إنجيل	noun	the Gospel, the evangel
1906	أنسى	verb	to cause to forget or neglect
1907	مذنب	noun	comet
1908	علبة	noun	box, chest, trunk, can
1909	ماما	noun	mum, mummy, mama
1910	مطر	verb	to rain (“to have rain fall from the sky”)
1911	مقدار	noun	amount, quantity
1912	طلاق	noun	the annulment of marriage by any means, divorce
1913	شرط	verb	to make a condition, to stipulate
1914	مسح	verb	to stroke with the hand or similar, to wipe off, to sweep
1915	صلة	noun	link, connection
1916	دورة	noun	rotation, gyration, cycle, circuit, circulation
1917	وقوف	noun	verbal noun of وَقَفَ (waqafa) (form I)
1918	السبت	noun	Saturday, the cessation or last day of the week
1919	غطاء	noun	cover; covering
1920	سوزان	name	a female given name from French Suzanne [in turn from Ancient Greek Σουσάννᾱ
1921	أرد	adj	more useful, more profitable; most useful, most profitable
1922	معطف	noun	coat, overcoat, smock
1923	حاكم	adj	ruling, governing
1924	كوى	verb	to sear, to cauterize
1925	خارق	adj	penetrating, piercing
1926	تجول	verb	to roam, to wander, to move around
1927	عار	adj	bare, naked, nude
1928	الجمعة	name	Friday
1929	مشفى	noun	hospital
1930	هندي	adj	Indian (from India)
1931	مكتوب	adj	written, written down, recorded
1932	محدد	adj	definite; sharpened
1933	قرص	verb	to pinch; to clean with fingers (by pinching)
1934	شيكاغو	name	Chicago (a large city in Illinois, United States)
1935	سكن	verb	to be still, to be tranquil, to be peaceful
1936	عفو	noun	pardon, forgiveness, remission of sins, amnesty, absolution
1937	سلوك	noun	march, journey, travel
1938	أهان	verb	to lower; to bring
1939	خلية	noun	cell (all senses)
1940	إثارة	noun	verbal noun of أَثَارَ (ʔaṯāra) (form IV)
1941	ابنة	noun	daughter
1942	راهن	verb	to bet, to wager
1943	ورم	verb	to swell
1944	أكيد	adj	certain, sure
1945	شرعي	adj	lawful, legal
1946	تنفيذ	noun	verbal noun of نَفَّذَ (naffaḏa) (form II)
1947	مسموح	adj	permitted, allowed
1948	محترم	adj	honorable, respectable, esteemed
1949	صلب	verb	to crucify; to barbecue
1950	غباء	noun	stupidity, foolishness
1951	مجهول	adj	unknown; anonymous
1952	لازم	adj	necessary, urgent, unavoidable
1953	أحس	verb	to feel, perceive, see
1954	سفلي	adj	lower; bottom
1955	برج	noun	castle; citadel
1956	زر	verb	to encroach upon one's enemy
1957	خلع	verb	to take; to remove by pulling, to take out, to pull out, to extract
1958	كهرباء	noun	electricity
1959	حزن	verb	to make sad, to sadden
1960	أحيانا	adv	sometimes
1961	أذكر	verb	to remind, to call to mind
1962	إد	adj	outrageous, heinous
1963	غذاء	noun	nourishment, sustenance, aliment, nutrition, food
1964	دع	verb	to rebuff; to snub
1965	صراخ	noun	verbal noun of صَرَخَ (ṣaraḵa) (form I)
1966	بيانو	noun	piano
1967	جيف	noun	plural of جِيفَة (jīfa)
1968	نزف	verb	to drain, to let (blood), to draw off (blood)
1969	رائد	adj	pioneering, leading
1970	عبقري	adj	of or pertaining to the Abqar valley
1971	معرض	noun	place where something appears or is shown
1972	مشاهد	noun	spectator, viewer, onlooker
1973	بطولة	noun	bravery; championship
1974	بجد	adv	seriously; earnestly
1975	كاتب	verb	to keep up a correspondence, to correspond with
1976	صداقة	noun	friendship
1977	هذى	verb	to trip, to rave, to be delirious, to hallucinate, to dote
1978	كلف	verb	to spend zeal, pains and costs, to be eager (on a thing)
1979	مركزي	adj	central
1980	شهور	noun	plural of شَهْر (šahr)
1981	حالا	adv	presently, immediately, at once, right away, without delay
1982	راقص	verb	to dance with
1983	لين	adj	soft; flabby, feeble
1984	حصة	noun	share, quota, ration, contingent
1985	فرق	verb	to split, separate
1986	عاجل	adj	urgent, hasty
1987	حرف	verb	to turn to the opposite side
1988	خيانة	noun	faithlessness, falseness, disloyalty, treachery, perfidy
1989	إصابة	noun	injury, trauma; score (number of points earned)
1990	سلة	noun	instance noun of سَلّ (sall, “drawing out”).
1991	جنازة	noun	funeral; bier, with a corpse on it
1992	معجزة	noun	miracle
1993	زيادة	noun	increase, surplus, addition
1994	روما	name	Rome; Rome (a metropolitan city of Lazio, Italy)
1995	دمية	noun	statue, statuette, especially a painted idol made of ivory or marble
1996	مفيد	adj	useful, beneficial
1997	طبخ	verb	to cook
1998	واشنطن	name	Washington, Washington, D.C. (the capital city of the United States)
1999	شابه	verb	to resemble
2000	سياسة	noun	administration, management
2001	تسليم	noun	salutation; salvation, rescue
2002	منتج	noun	product
2003	تطلع	verb	to look out
2004	تمتع	verb	to enjoy; to take pleasure in something
2005	كذبة	noun	a lie
2006	مناقشة	noun	argument, controversy, dispute, debate, discussion
2007	برد	verb	to be or become cold, to cool off
2008	بذل	verb	to give willingly, to offer
2009	تخبر	verb	to inquire, to ask
2010	فقير	adj	penniless, poverty-stricken
2011	مصير	noun	consequence, outcome
2012	بون	noun	gap, distance, disparity
2013	فسر	verb	to interpret; to clarify; explain
2014	ذئب	noun	wolf; golden jackal (Canis aureus)
2015	طور	noun	time, stage, phase, stadium
2016	تلفزيون	noun	television, TV
2017	إليهم	adv	to them
2018	صحي	adj	related to health
2019	فيروس	noun	virus
2020	ذكاء	noun	burning, combustion
2021	حيوي	adj	vital, biotic
2022	رهيب	adj	terrifying, frightening, awe-inspiring
2023	قبول	noun	acceptance; south wind, east wind
2024	ملكي	adj	royal
2025	صوتي	adj	sonant, sound in compounds, vocal, sonic, acoustic
2026	ستار	noun	veil; screen; curtain
2027	أسن	verb	to grow teeth, to cut one’s teeth, to teethe
2028	عمق	verb	to be or become deep
2029	بريطاني	noun	British person, Briton
2030	مخدرات	noun	plural of مُخَدِّر (muḵaddir)
2031	نخب	verb	to choose, select
2032	معقد	adj	tied in many knots
2033	تحويل	noun	verbal noun of حَوَّلَ (ḥawwala) (form II)
2034	مدعى	adj	passive participle of اِدَّعَى (iddaʕā).
2035	خطب	verb	to give a speech, lecture, or oration
2036	شيك	noun	cheque
2037	عقيد	noun	colonel
2038	أيسر	adj	elative degree of يَسِير (yasīr)
2039	براين	name	a male given name, equivalent to English Brian or Bryan
2040	كهربائي	adj	electric
2041	فرنسا	name	France (a country located primarily in Western Europe)
2042	طيلة	prep	during, throughout
2043	معالجة	noun	medical treatment
2044	تعبير	noun	expression
2045	أرضية	noun	floor (“lower part of a room”)
2046	حانة	noun	tavern, groggery
2047	مغفل	noun	fool, idiot, moron
2048	عبد	noun	a person who is under the ownership of another, a slave, a bondservant
2049	جرؤ	verb	to dare, to risk
2050	سياسي	adj	political; diplomatic
2051	لورد	noun	lord
2052	معدل	adj	average
2053	مركبة	noun	vehicle, carriage
2054	آنك	noun	lead, Pb
2055	شابة	noun	female equivalent of شَابّ (šābb)
2056	بكاء	noun	verbal noun of بَكَى (bakā) (form I)
2057	وكيل	noun	agent, representative, envoy
2058	قريبة	adj	feminine singular of قَرِيب (qarīb)
2059	سيطر	verb	to dominate, gain power
2060	سافل	adj	low; loathsome, despicable, lowly, contemptible
2061	كاليفورنيا	name	California (the most populous state of the United States)
2062	مكتبة	noun	library; bookstore
2063	أقتل	adj	elative degree of قَاتِل (qātil)
2064	ونى	verb	to be weak, to be faint, to be without strength
2065	مصنع	noun	factory; plant
2066	قبو	noun	vault, cove, basement, cellar
2067	توسل	verb	to curry favor; to beg, to appeal, to implore, to call upon
2068	أعلن	verb	to publish, to publicize, to reveal to the public; to announce
2069	أسمح	adj	elative degree of سَمْح (samḥ)
2070	ساوى	verb	to equal; to equalize (بَيْنَ (bayna) between something وَ (wa) and something)
2071	صار	verb	to become
2072	ألماني	adj	German
2073	فرد	verb	to be single, be alone
2074	صخر	noun	rocks; solid rock
2075	سهم	noun	arrow, dart; cosine
2076	بريء	adj	pure, guiltless, innocent
2077	تحضر	verb	to be or become civilized, settled or urbanize
2078	وان	name	Van (the capital city of Van Province, Turkey)
2079	مدين	name	Midian
2080	متعب	adj	tiring
2081	ذكية	adj	feminine singular of ذَكِيّ (ḏakiyy)
2082	علمي	adj	related to knowledge
2083	مرتفع	adj	active participle of اِرْتَفَعَ (irtafaʕa)
2084	خلاف	noun	controversy, disagreement, dispute
2085	أوصل	verb	to join, to unite, to connect
2086	مألوف	adj	usual, ordinary, familiar, habitual
2087	تراه	intj	alternative form of تُرَى (turā)
2088	خلفية	noun	background
2089	حار	adj	hot, burning
2090	جوع	noun	hunger; starvation
2091	أذن	noun	ear; listener(s)
2092	جناح	noun	wing (organ of flight)
2093	مقاومة	noun	resistance; struggle, fight (against)
2094	جنوبي	adj	southern
2095	أصغى	verb	to listen closely to
2096	مصرف	noun	bank (institution)
2097	ف	conj	then, and then; and so, thus, hence, therefore
2098	سروال	noun	pants
2099	بارى	verb	to disagree, to contend
2100	نظيف	adj	clean, pure, cleanly
2101	مسلح	adj	armed
2102	جهز	verb	to ready, to prepare, to furnish
2103	تسعة	num	nine
2104	الهند	name	India (country in Asia)
2105	سلك	verb	to follow a road, to wend, to travel along
2106	تبادل	verb	to interchange, exchange
2107	جرس	verb	to ring, to produce a gentle modulating sound
2108	نما	verb	to grow, to develop
2109	ملكية	noun	ownership, property
2110	رهينة	noun	pawn, pledge, security, mortgage
2111	تحذير	noun	verbal noun of حَذَّرَ (ḥaḏḏara) (form II)
2112	ملائم	adj	active participle of لَاءَمَ (lāʔama): fit, proper, convenient
2113	مرتبط	adj	active participle of اِرْتَبَطَ (irtabaṭa)
2114	مخطط	noun	planner
2115	عيني	adj	ocular, eye-related
2116	فاتورة	noun	invoice, bill; check, bill, tab (e.g. at a restaurant)
2117	ضاجع	verb	to sleep with, to make love to
2118	جمهور	noun	the majority; multitude, crowd, throng
2119	معد	adj	infectious
2120	زاد	verb	to add; to increase
2121	مؤسسة	noun	foundation, establishment
2122	عصير	noun	juice; must (fermented grape juice)
2123	مؤسف	verb	active participle of آسَفَ (ʔāsafa)
2124	إزعاج	noun	annoyance, nuisance, disturbance
2125	شقيقة	noun	female equivalent of شَقِيق (šaqīq): full sister
2126	هيل	noun	piled sand
2127	آلم	verb	to hurt, to cause pain to
2128	قادمون	noun	plural of قَادِم (qādim)
2129	أعضاء	noun	plural of عُضْو (ʕuḍw) and عِضْو (ʕiḍw)
2130	حقل	noun	field (distinguished by there being harvests, no matter if crops or raw materials)
2131	رقبة	noun	neck; a slave
2132	وشى	verb	to variegate, to embroider, to embellish with striped colours, to tinsel
2133	خاطر	verb	to risk, to stake
2134	تفتيش	noun	search, looking for (act of searching for something)
2135	سرطان	noun	crab; cancer, carcinoma
2136	فطر	verb	to rip apart, to rend the seam, to cleave, to break apart, to crack
2137	ذهبي	adj	golden
2138	جرعة	noun	dose, shot (particularly of a drug)
2139	انتبه	verb	to be careful, to be on one's guard, to think about what one is doing
2140	صناعي	adj	industrial; artificial, synthetic
2141	مصعد	noun	elevator, lift; ascent
2142	صحفي	adj	journalistic
2143	بندقية	noun	rifle, gun, musket
2144	غسل	verb	to clean by washing, to wash
2145	مساحة	noun	eraser; windshield wiper
2146	عشب	noun	fresh, green, juicy, soft or tender herbs or herbage, green grass
2147	تحليل	noun	dissolution, resolution, breaking up, decomposition
2148	توجه	verb	to wend one's way, to go
2149	آباء	noun	plural of أَب (ʔab)
2150	فستان	noun	dress
2151	قبر	verb	to bury, to entomb
2152	دفن	verb	to cover, to shroud, to conceal
2153	اختبار	noun	test
2154	اهتم	verb	to look after; to be distressed, to be grieved, to be worried
2155	باي	noun	biceps, biceps brachii
2156	آمنة	adj	feminine singular of آمِن (ʔāmin)
2157	عائد	verb	active participle of عَادَ (ʕāda)
2158	جالس	verb	to sit with
2159	مقدمة	noun	front part, forefront, lead
2160	خداع	noun	cheater, deceiver, swindler, trickster, scammer
2161	نقود	noun	cash, ready money
2162	أسلحة	noun	plural of سِلَاح (silāḥ)
2163	خائن	adj	disloyal, faithless, false, unreliable, untrue, unfaithful
2164	وزارة	noun	the office, responsibility, or burden of ministry
2165	سمعة	noun	reputation, honor, fame
2166	تحطم	verb	to be broken; to be destroyed
2167	سيارات	noun	plural of سَيَّارَة (sayyāra)
2168	نجاة	noun	survival, salvation
2169	إطار	noun	frame, framework
2170	تجاهل	verb	to ignore; to feign ignorance
2171	سريعة	adj	feminine singular of سَرِيع (sarīʕ)
2172	يسير	adj	easy; small, little, slight, insignificant
2173	عاصمة	noun	capital city
2174	بار	verb	to perish; to lie fallow, be uncultivated (land)
2175	إعجاب	noun	admiration; wondering, causing wonder
2176	عاطفي	adj	emotional; sentimental
2177	رياضة	noun	sport (physical activity)
2178	خليل	noun	a close friend, an intimate
2179	جعة	noun	beer
2180	سعداء	adj	masculine plural of سَعِيد (saʕīd)
2181	حطم	verb	to break, to snap (into pieces)
2182	مظلم	adj	dark, becoming dark (lack of light)
2183	رئة	noun	lung
2184	دام	verb	to last, to endure
2185	حلق	verb	to shave, to shear
2186	رن	verb	to sound, to resound
2187	تنين	noun	eel, whale, any scaled animal (obsolete)
2188	تقني	adj	technical; technological
2189	مستشار	noun	adviser, counsellor, consultant
2190	أكذب	verb	to cause to lie
2191	باسم	noun	smiler: someone who smiles.
2192	المرء	noun	definite singular of اِمْرُؤ (imruʔ, “man, person, one”)
2193	حدود	noun	plural of حَدّ (ḥadd)
2194	فجر	noun	sinning, committing adultery
2195	نية	noun	intention, purpose, resolution
2196	مقدور	adj	passive participle of قَدَرَ (qadara)
2197	صلح	verb	to be righteous
2198	فخ	verb	to snore; to lie resupine
2199	عقار	noun	real estate, immovable property
2200	مشغولة	adj	feminine singular of مَشْغُول (mašḡūl)
2201	راديو	noun	radio
2202	غطى	verb	to cover up, to cover over
2203	شاشة	noun	screen, monitor, display
2204	تدرب	noun	training, practice
2205	ملفة	noun	file, dossier, chart
2206	ركوب	noun	riding; embarking
2207	الحركة	noun	definite of حَرَكَة (ḥaraka)
2208	استخدم	verb	to use; to have oneself served
2209	أعوام	noun	plural of عَام (ʕām)
2210	جائز	adj	permissible, possible, conceivable, permitted
2211	سرية	noun	concubine, chivese
2212	قلعة	noun	fortress, fort, castle
2213	ون	suffix	Suffix used to pluralize nouns and adjectives
2214	عفوا	intj	you're welcome, don't mention it, not at all
2215	مرحاض	noun	lavatory, bathroom
2216	حزام	noun	belt, girth, waistband
2217	تسوق	verb	to shop, to go shopping
2218	أيا	verb	to put or set a token, sign or mark for recognition
2219	اجتماع	noun	meeting (بِ (bi) with someone), assembly
2220	إليكم	adv	to you
2221	نشاط	noun	briskness, liveliness, activity, agileness, promptness, quickness, energy
2222	أريكة	noun	sofa; throne
2223	خاف	verb	to fear, to be afraid of
2224	نفى	verb	to carry off, to remove, to relegate
2225	بدلة	noun	suit (of clothes), uniform
2226	صدفة	noun	chance (accidental occurrence), accident, coincidence
2227	ندم	verb	to regret
2228	هبط	verb	to descend; to go or come down; to fall
2229	فأر	noun	mouse, rat; mice, rats
2230	إفطار	noun	breaking of fasting
2231	أمهل	verb	to give more time to (someone)
2232	حاد	adj	sharp, pointed; hot, strong (spicy)
2233	نص	noun	text, document
2234	كائن	verb	active participle of كَانَ (kāna)
2235	مملكة	noun	kingdom
2236	لوى	verb	to bend, to curve, to contort
2237	تردد	verb	to be made to go back
2238	إي	particle	Used with وَ
2239	محارب	adj	warring, fighting, clashing
2240	الخبر	name	Khobar (a large city in the Eastern Province, Saudi Arabia)
2241	تعقب	verb	to trace, to track down, to trail
2242	جائزة	noun	prize
2243	أمامي	adj	anterior, front, frontal, fore-, forward
2244	إخفاء	noun	hiding, concealing
2245	ركبة	noun	knee
2246	تفجير	noun	explosion
2247	نموذج	noun	model, outline; model, example, exemplar
2248	مهارة	noun	skill
2249	نقاط	noun	plural of نُقْطَة (nuqṭa)
2250	تقدير	noun	verbal noun of قَدَّرَ (qaddara) (form II)
2251	كارثة	noun	catastrophe, disaster
2252	ألعب	verb	to cause to play
2253	شجاع	adj	brave, courageous, plucky, bold
2254	ناجح	adj	successful
2255	توفى	verb	to receive in full
2256	ثمل	verb	to stay, remain staying
2257	الاثنان	name	nominative of اَلِاثنَيْنِ (al-iṯnayni)
2258	جادة	noun	avenue, boulevard
2259	رحمة	noun	instance noun of رَحِمَ (raḥima)
2260	نأى	verb	to be distant, to be far (عَن (ʕan) / بـ (b-) from)
2261	حزب	noun	political party
2262	فيليب	name	a male given name from Ancient Greek, equivalent to English Philip
2263	تصريح	noun	explanation; declaration, statement
2264	موفق	adj	one who causes someone to be successful
2265	زاك	adj	active participle of زَكَا (zakā) and زَكِيَ (zakiya)
2266	غرق	verb	to drown
2267	تسلل	verb	to sneak, to slip, to slink, to creep [with مِن (min) ‘away from, out from’]
2268	ناقش	verb	to discuss, criticize
2269	روحي	adj	spiritual; spirituous (pertaining to alcohol)
2270	ألحق	verb	to cause (someone) to reach (بِ someone)
2271	شريف	adj	noble, honored, celebrated
2272	حفظ	verb	to preserve, to conserve
2273	أحرق	verb	to burn
2274	كوب	noun	glass, cup
2275	نبيل	adj	noble, of noble lineage, honored, celebrated
2276	ي	suffix	bound object pronoun: me, my
2277	ستيفن	name	a male given name, equivalent to English Stephen
2278	ماركوس	name	Marcus
2279	تجنب	verb	to avoid, to shun
2280	رخيص	adj	cheap (“low in price”)
2281	اصدق	verb	alternative form of تَصَدَّقَ (taṣaddaqa)
2282	ممتعة	adj	feminine singular of مُمْتِع (mumtiʕ)
2283	منافسة	noun	competition
2284	نبض	verb	to beat, to pulsate, to be in a state of phase-wise commotion, to flash
2285	مواطن	noun	citizen; national
2286	طبيعية	noun	naturalism; naturalness
2287	قرش	verb	to gnash, to grind (one's teeth)
2288	خشب	noun	wood, lumber, timber
2289	طبعا	adv	naturally, of course
2290	أتاح	verb	to make easy, to make possible, to facilitate
2291	مهنة	noun	work, vocation, profession, occupation, business
2292	رسائل	noun	plural of رِسَالَة (risāla)
2293	زجاج	noun	glass (substance)
2294	لام	verb	to blame, to censure, to rebuke, to chide, to scold, to reproach
2295	مؤتمر	noun	conference, congress, convention
2296	كاري	noun	curry powder; curry (dish)
2297	عبور	noun	crossing, passing
2298	جنة	noun	garden; paradise, heaven, the Paradise, the Heaven, Elysium
2299	تصميم	noun	design, layout, model, outline, pattern, plan, schema, sketch
2300	أنواع	noun	plural of نَوْع (nawʕ) types, species
2301	تعويذة	noun	a charm, a spell, an incantation
2302	تمهل	verb	to act slowly, to be patient, to delay
2303	خيل	noun	horses
2304	مخزن	noun	storeroom, storehouse
2305	أوراق	noun	plural of وَرَق (waraq)
2306	شوى	verb	to grill
2307	إذ	conj	and then; as, when
2308	خطيرة	adj	feminine singular of خَطِير (ḵaṭīr)
2309	مفتش	adj	active participle of فَتَّشَ (fattaša).
2310	تمثيل	noun	representation; acting, performance
2311	صحافة	noun	journalism, news business
2312	باكر	adj	early; premature
2313	تعليق	noun	comment, commentary, notation
2314	مخيم	noun	camp, encampment
2315	تطور	verb	to develop, grow larger, evolve, be more advanced
2316	جرائم	noun	plural of جَرِيمَة (jarīma)
2317	فائز	noun	victor; conqueror
2318	ليمون	noun	lemon (fruit)
2319	ثقب	verb	to pierce; to penetrate
2320	قذارة	noun	dirtiness, filth, impurity
2321	نتائج	noun	plural of نَتِيجَة (natīja)
2322	قلم	verb	to cut; to make stripes, to stripe
2323	حوزة	noun	possession (all meanings)
2324	ملعب	noun	place of sport, playing field, stadium
2325	مفتوحة	adj	feminine singular of مَفْتُوح (maftūḥ)
2326	لوح	noun	board, tablet, slab, plank, signboard, sign
2327	منظر	noun	sight; view, panorama
2328	لعل	particle	hopefully; in order, so that
2329	تعين	verb	to be appointed, to be assigned, to be named, to be nominated
2330	أكتب	verb	to dictate something to, to make someone write
2331	حرق	verb	to burn; to burn, to hurt, to sting
2332	سليم	adj	safe, secure; healthy
2333	نقيب	noun	captain; leader, chief
2334	إهانة	noun	insult, offense
2335	غرابة	noun	strangeness, oddness
2336	قرف	verb	to peel, to pare, to bark
2337	سميث	name	a transliteration of the English surname Smith
2338	كيس	noun	bag, sack; purse
2339	استعداد	noun	preparation
2340	مزرع	noun	field, farmland
2341	طال	verb	to be long, last long, stretch to a great extent
2342	متر	noun	metre
2343	كبر	verb	to be or become big
2344	اختفى	verb	to vanish, disappear, to go missing
2345	الأحد	name	Sunday
2346	تايلور	name	a transliteration of the English surname Taylor
2347	دولارات	noun	plural of دُولَار (dōlār)
2348	تاجر	noun	merchant, trader, businessman, dealer, tradesman
2349	نطاق	noun	range, extent, scope
2350	صفر	verb	to be empty, to be devoid, to be vacant
2351	أضاف	verb	to add; to append; to attach
2352	أذى	noun	injury, damage; hurt, trouble, vexation
2353	طن	verb	to hum, to buzz, to drone
2354	ألغى	verb	to cancel, to call off (e.g., a meeting)
2355	تمر	noun	date (fruit)
2356	تام	adj	whole, complete, perfect
2357	تبين	verb	to be or become apparent
2358	سئم	verb	to be or become annoyed, discontented, dissatisfied, impatient, irked, irritated, restless
2359	مصنوع	adj	manufactured, made (of), crafted (from)
2360	تسكع	verb	to wander about, to gad, to walk without a purpose
2361	حية	noun	snake, serpent; worm, wyrm
2362	سوداء	adj	feminine singular of أَسْوَد (ʔaswad, “black”)
2363	حيلة	noun	trick, artifice, maneuver
2364	حافة	noun	edge, border; fringe, hem
2365	أنبوب	noun	tube, pipe; nozzle
2366	استيقظ	verb	to wake up; to wake (someone) up, to awaken (someone)
2367	نخبة	noun	elite, cream, the best part
2368	طيبة	adj	feminine singular of طَيِّب (ṭayyib)
2369	إرهابي	noun	terrorist
2370	نيابة	noun	verbal noun of نَابَ (nāba) (form I)
2371	دقة	noun	accuracy, precision
2372	رضيع	noun	baby, infant, suckling
2373	مكافحة	noun	fight, combat, counter-
2374	رخصة	noun	permission; concession, license, franchise
2375	ثروة	noun	plenty; wealth, riches
2376	خاطئة	adj	feminine singular of خَاطِئ (ḵāṭiʔ)
2377	تهرب	verb	to escape, to elude
2378	مراهق	noun	adolescent, teenager
2379	ورقة	noun	leaf; petal
2380	مائة	num	alternative spelling of مِئَة (miʔa, “hundred”)
2381	نسيان	noun	forgetting, neglecting
2382	أزمة	noun	dearth, scarcity
2383	سقف	noun	ceiling; roof
2384	ممل	adj	tiresome, boring
2385	آثار	noun	archeology
2386	ممرض	noun	nurse (person who takes care of the sick)
2387	كور	verb	to roll, to roll up, to coil, to wind
2388	كأن	conj	as if
2389	فاعل	verb	active participle of فَعَلَ (faʕala)
2390	قديس	adj	holy, sainted, saintly
2391	زوي	noun	verbal noun of زَوَى (zawā) (form I)
2392	مدخل	noun	entrance (place of entrance), ingress, access
2393	محفظة	noun	wallet; purse
2394	شين	noun	disfigurement; disgracing
2395	لمح	verb	to glimpse at, to look at, to notice
2396	ورد	verb	to come, to arrive
2397	جنى	verb	to harvest, to reap, to gather; to collect, to gain, to obtain
2398	سخرية	noun	barb, taunt; derision, mockery
2399	أفراد	noun	plural of فَرْد (fard)
2400	سعة	noun	capacity
2401	الصين	name	China (a region and country in East Asia)
2402	كابوس	noun	nightmare; incubus
2403	عصا	noun	staff, stick; walking cane
2404	اختيار	noun	choice; election
2405	ورطة	noun	imbroglio, predicament
2406	هارب	noun	fugitive; runaway
2407	تصويت	noun	voting (in elections)
2408	مدمن	adj	addicted
2409	لفت	verb	to bend, to crook
2410	مؤخرة	noun	buttocks, backside
2411	لسان	noun	tongue; language
2412	تمرين	noun	practice; exercise
2413	مائي	adj	aquatic
2414	فتحة	noun	an opening, a hole
2415	نزع	verb	to take away, to remove, to withdraw, to pull out, to pull away, to alienate
2416	وثيقة	noun	document, written credential, attestation
2417	شعاع	noun	ray, beam; crossbar, spoke etc.
2418	أرنب	noun	rabbit (mammal)
2419	طيار	noun	flyer (person who flies)
2420	أغرب	noun	plural of غُرَاب (ḡurāb)
2421	آب	verb	to return, to come back
2422	هزيمة	noun	debacle, defeat
2423	كرر	verb	to repeat, reiterate, redo
2424	تعاون	verb	to cooperate, to work together, to help each other
2425	توصل	verb	to obtain access [with إِلَى (ʔilā) ‘to something’] (through friendship)
2426	مضي	noun	verbal noun of مَضَى (maḍā) (form I)
2427	كيميائي	adj	chemical
2428	صحيحة	adj	feminine singular of صَحِيح (ṣaḥīḥ)
2429	دافئ	adj	warm
2430	تدخين	noun	smoking
2431	صرف	verb	to turn; to divert, to turn away, to avert
2432	ساحل	noun	coast; seaside
2433	ذرة	noun	tiny particle, speck, mote
2434	درج	verb	to step, step onward, walk
2435	مواعدة	noun	date, appointment
2436	اطلب	verb	to demand or beg repeatedly and instantly
2437	تجارة	noun	commerce; traffic
2438	بقعة	noun	spot, stain, smudge
2439	إقناع	noun	convincing, persuasion
2440	الإثنين	name	misspelling of الاِثْنَيْن (al-iṯnayn)
2441	الطب	noun	medicine (field of study), medical science
2442	ندي	verb	to be moist, damp, wet
2443	نقص	verb	to decrease, diminish, reduce
2444	علق	verb	to hang on, to be suspended
2445	بطء	noun	laziness, indolence
2446	توفي	verb	to die
2447	فنان	noun	artist
2448	الوداع	intj	farewell, adieu, goodbye
2449	حجرة	noun	room, compartment, cell, chamber
2450	أصعب	adj	elative degree of صَعْب (ṣaʕb)
2451	كعكة	noun	singulative of كَعْك (kaʕk)
2452	حشرة	noun	insect; small creeping animal, reptile
2453	فج	noun	wide mountain pass
2454	صحراء	noun	desert
2455	تنجح	verb	to seek successful completion, fulfillment, accomplishment
2456	مريع	adj	horrendous, frightening, horrifying, terrifying, dreadful
2457	أسماء	noun	plural of اِسْم (ism)
2458	ميناء	noun	port, harbor
2459	تشاجر	verb	to bicker; to brawl
2460	إنجلترا	name	England (a constituent country of the United Kingdom)
2461	مؤقت	adj	temporary
2462	طار	verb	to fly
2463	قس	verb	to seek, to pursue
2464	أنزل	verb	to make go down, to get down
2465	ودي	adj	friendly
2466	أماكن	noun	plural of مَكَان (makān)
2467	توجيه	noun	directing, pointing
2468	واعد	verb	to agree on a meeting with, to appoint
2469	صمام	noun	valve, tap, vent
2470	صناعة	noun	art, skill; occupation, profession
2471	هادئة	adj	feminine singular of هَادِئ (hādiʔ)
2472	نكتة	noun	point, dot, tittle, spot
2473	مطاردة	noun	chase; pursuit
2474	تكرار	noun	repetition, reiteration
2475	أجهزة	noun	plural of جِهَاز (jihāz)
2476	المكسيك	name	Mexico (a country in North America)
2477	ياباني	adj	Japanese
2478	سيادة	noun	mastery, seignory, lordship, sovereignty
2479	عصب	verb	to twist, wrap around
2480	رواية	noun	novel, story; narration
2481	ثقيل	adj	heavy; burdensome
2482	سقوط	noun	fall, falling, downfall
2483	زنزانة	noun	gaol cell, dungeon, oubliette
2484	توصيل	noun	bringing or putting together, connecting, plugging
2485	جليد	noun	ice
2486	ممتازة	adj	feminine singular of مُمْتَاز (mumtāz)
2487	شديدة	noun	misfortune, distress, hardship, discomfort, affliction
2488	ضرائب	noun	plural of ضَرِيبَة (ḍarība)
2489	شتاء	noun	winter
2490	دولي	adj	international
2491	أموال	noun	plural of مَال (māl)
2492	معاملة	noun	treatment, handling, way of acting toward someone or something
2493	إمساك	noun	constipation; The start of fasting
2494	مئات	noun	plural of مِئَة (miʔa)
2495	صفة	noun	quality, feature, characteristic
2496	وفر	verb	to be abundant, be plentiful
2497	شعري	adj	poetic
2498	شفرة	noun	large knife; blade (of a sword or knife)
2499	مريح	adj	comfortable (of a thing)
2500	ه	pron	him, his, it, its (bound object pronoun, referring to inanimate nouns of masculine gender)
2501	أنام	verb	to lull to sleep, to put to bed, to put to sleep, to make lie down
2502	نادر	adj	rare, extraordinary
2503	لغز	noun	riddle, mystery
2504	صريح	adj	explicit, straightforward
2505	خيال	noun	imagination; shadow
2506	عديم	adj	non-existent, missing
2507	غسيل	adj	washed
2508	مثالية	adj	feminine singular of مِثَالِيّ (miṯāliyy)
2509	دوغ	noun	soured buttermilk
2510	تواعد	verb	to make mutual promises
2511	عمليات	noun	plural of عَمَلِيَّة (ʕamaliyya)
2512	لقب	noun	nickname; title
2513	مأمور	noun	officer, bailiff
2514	كاهن	noun	diviner, soothsayer, prognosticator, fortune-teller, augur, forecaster
2515	كاميرا	noun	camera
2516	صعود	noun	climbing, mounting
2517	مهني	adj	professional, vocational
2518	صوفي	adj	woolen
2519	آكل	verb	to eat together with another, share in another's meal
2520	والدة	noun	mother
2521	ضيق	adj	narrow, strait; restrained, pressed
2522	رمي	noun	verbal noun of رَمَى (ramā) (form I)
2523	نجمة	noun	singulative of نَجْمٌ (najmun, “stalkless plant, herb, grass”)
2524	كنز	noun	treasure
2525	مهووس	adj	manic, obsessed
2526	سخر	verb	to mock, to taunt, to ridicule
2527	مستعدون	adj	masculine plural of مُسْتَعِدّ (mustaʕidd)
2528	إسباني	adj	Spanish
2529	إقامة	noun	staying, remaining, stopping
2530	كتف	noun	the shoulder; the area between the shoulder joint and the base of the neck; the shoulder girdle
2531	لحظات	noun	plural of لَحْظَة (laḥẓa)
2532	مثابة	noun	refuge, resort
2533	نداء	noun	call, appeal (e.g., for help)
2534	عقاب	noun	punishment, infliction of punishment
2535	عشرين	num	genitive/accusative of عِشْرُونَ (ʕišrūna)
2536	هبوط	noun	verbal noun of هَبَطَ (habaṭa) (form I)
2537	أسطورة	noun	myth, fable, tale, legend, story especially full of embellishments
2538	راية	noun	banner, ensign, an army's battle standard
2539	حساء	noun	soup
2540	مقبول	adj	passive participle of قَبِلَ (qabila)
2541	جاسوس	noun	spy, sleuth
2542	صياد	noun	hunter; fisher, fisherman
2543	معدات	noun	equipment; gear, appliances, gadgets
2544	إيذاء	noun	hurting, harming
2545	مدني	adj	urban; civilized, refined
2546	تبرع	verb	to contribute, to donate, to give
2547	بات	adj	definite, definitive
2548	دل	verb	to show, to indicate, to direct
2549	ثابت	adj	constant; continuing
2550	شارك	verb	to share, to participate
2551	لحد	noun	tombstone; grave
2552	تأتى	verb	to result from [+عَنْ or مِنْ (object)], to happen to
2553	تغلب	verb	to overpower, to defeat, to triumph
2554	كهف	noun	cave
2555	أفكار	noun	plural of فِكْر (fikr)
2556	محمد	adj	commendable, laudable, praised, praiseworthy
2557	زرع	verb	to sow; to spread, to scatter
2558	إل	noun	god, deity, God, El
2559	أمرك	verb	To Americanize, to make American
2560	جبان	adj	cowardly, pusillanimous
2561	أصفر	adj	yellow (“having yellow as its color”)
2562	متصل	adj	persistent, continuous, continual, unceasing, uninterrupted
2563	صاروخ	noun	rocket; missile
2564	أقبل	verb	to turn forward
2565	يسوع	name	Jesus of Nazareth
2566	مقال	noun	speech, utterance; words
2567	عهد	verb	to further; to care, to be cognizant of, to know
2568	تجمع	verb	to gather up; to pile up, to heap up
2569	أينما	adv	wherever
2570	تصنع	verb	to pretend, simulate, fake, feign
2571	سجلات	noun	plural of سِجِلّ (sijill)
2572	أصمت	verb	to silence, to render mute, speechless
2573	نمط	noun	drugget, a type of rug also laid over a saddle
2574	محمول	adj	portable, carried, borne
2575	دراسي	adj	educational
2576	هزم	verb	to defeat, to rout, to win against
2577	غار	verb	to be jealous; to feel discontent or bitterness [with مِنْ
2578	تقنية	noun	technique; technology
2579	ذاتي	adj	own, proper; spontaneous
2580	أس	noun	foundation, groundwork, basis
2581	عادية	adj	feminine singular of عَادِيّ (ʕādiyy)
2582	تين	noun	fig (fruit and tree)
2583	صالة	noun	hall, large room
2584	محظوظة	adj	feminine singular of مَحْظُوظ (maḥẓūẓ)
2585	حمار	noun	ass, donkey
2586	ربيع	noun	spring (season)
2587	إنتاج	noun	production
2588	ذباب	noun	flies, fly (insect)
2589	أجبر	verb	to force, to compel
2590	إعلام	noun	instruction; information
2591	أسر	verb	to bind, to fetter
2592	قناع	noun	a face covering, a mask
2593	منخفض	adj	low (altitude, frequency, price, etc.)
2594	شجار	noun	scrimmage, scuffle, quarrel, argument
2595	وشم	verb	to tattoo
2596	سائل	noun	questioner, petitioner, asker
2597	صامت	adj	silent; silent mode
2598	متهم	adj	accused, charged, suspected
2599	السرطان	noun	definite singular of سَرَطَان (saraṭān, “crab”)
2600	قوى	verb	to strengthen, to bolster, to potentiate
2601	مت	verb	to spread; extend; stretch
2602	موسيقي	adj	musical
2603	حميم	noun	hot water, hot bath, fever
2604	بروك	noun	verbal noun of بَرَكَ (baraka) (form I)
2605	تقاعد	verb	to retire
2606	طارد	verb	to chase, hunt, pursue, go after, trace, trail
2607	تفتح	verb	to open, to open up
2608	كف	verb	to desist or to cease
2609	ساكن	noun	inhabitant
2610	آر	verb	to have sex with
2611	غياب	noun	absence
2612	وعاء	noun	vessel, container, bowl
2613	الحمل	noun	definite singular of حمل
2614	صباحا	adv	in the morning; a.m., before noon (often shortened as ص)
2615	تكساس	name	Texas (a state in the south-central region of the United States)
2616	مرتاح	adj	comfortable (of a person)
2617	إلغاء	noun	cancellation, abolition
2618	خطيب	noun	speaker, lecturer
2619	أوامر	noun	plural of أَمْر (ʔamr, “command, order”)
2620	إزالة	noun	removal
2621	أحق	verb	to tell the truth, to be right
2622	كاميرات	noun	plural of كَامِيرَا (kāmērā)
2623	حرج	verb	to be in a critical situation
2624	ترد	noun	verbal noun of تَرَدَّى (taraddā) (form V)
2625	أعمى	adj	blind (unable to see)
2626	أحياء	noun	plural of حَيّ (ḥayy)
2627	حساس	adj	sensitive (having strong perception)
2628	ليف	noun	fibres, spongy interior of a plant
2629	رقصة	noun	a dance
2630	حزر	verb	to guess, to arread
2631	توتر	noun	tension (“psychological state”)
2632	متحف	noun	museum
2633	قبيح	adj	ugly; vile, bad, abominable
2634	ساحرة	adj	feminine singular of سَاحِر (sāḥir)
2635	حفر	verb	to dig, dig out, hollow
2636	نحب	verb	to lament, to weep, to cry
2637	مقر	noun	abode, dwelling, sojourn
2638	إيجار	noun	rent
2639	مصباح	noun	lamp; headlight (of a car)
2640	ساقطة	noun	prostitute, whore, harlot
2641	عيب	noun	fault, defect, deficiency, failing
2642	خاض	verb	to wade into; to treat, to deal with, to take up, to tackle (a subject)
2643	شيخ	noun	old man; elderly gentleman, elder
2644	عيادة	noun	visit, consultation
2645	دقيق	adj	precise, accurate, exact
2646	تماسك	verb	to hold together, be firmly connected, be interlocked, be cohesive
2647	أمضى	adj	elative degree of مَاضٍ (māḍin)
2648	أرب	verb	to blow continuously (of the wind)
2649	شرقي	adj	eastern; Eastern, Oriental
2650	جملة	noun	series, whole range, collectivity
2651	بور	adj	fallow, uncultivated
2652	رعب	verb	to be terrified
2653	قوانين	noun	plural of قَانُون (qānūn)
2654	أفاد	verb	to benefit, be helpful, useful, beneficial, profitable, advantageous for (someone)
2655	ذي	pron	this (feminine singular of ذا)
2656	أفلح	verb	to succeed
2657	راتب	adj	monotonous, dull, humdrum
2658	بمن	det	those who
2659	أيد	verb	to support, to endorse, to back
2660	عقوبة	noun	a punishment; a penalty
2661	حكيم	adj	wise; the Wise (one of the names of Allah)
2662	جذاب	adj	attractive, attracting powerfully
2663	تقليدي	adj	conventional; traditional
2664	بغض	verb	to hate, to detest, to loathe
2665	طفولة	noun	childhood
2666	تبول	verb	to urinate
2667	وحشي	adj	wild; uncivilized, savage, barbaric, barbarous
2668	نبات	noun	plant, vegetable, vegetation
2669	معتوه	noun	an insane person; a madman
2670	ن	suffix	Suffix marking the short or long energetic mood of a verb that is often preceded by لَ
2671	أحمل	verb	to impose a burden on
2672	سكت	verb	to be silent; to subside
2673	توافق	verb	to agree with one another
2674	ربع	noun	one fourth, one quarter
2675	توأم	noun	one who was born of a multiple birth, i.e. a twin, triplet, quadruplet, etc.
2676	شفة	noun	lip; rim, edge
2677	بيضاء	adj	feminine singular of أَبْيَض (ʔabyaḍ)
2678	أقف	verb	to cease to procreate
2679	تأذى	verb	to suffer damage or harm, physical or psychological
2680	متاح	adj	granted; available
2681	حرص	verb	to desire, to want
2682	ممنوع	adj	forbidden; hindered
2683	إعدام	noun	execution (act of putting to death or being put to death as a penalty)
2684	صائب	adj	right, correct; pertinent, relevant
2685	الشرق	name	Oriental (a region of Morocco)
2686	كارلوس	name	a transliteration of the Portuguese or Spanish male given name Carlos
2687	أدلة	noun	plural of دَلِيل (dalīl)
2688	أبو	noun	nominative construct state of أَب (ʔab, “father”)
2689	سعد	verb	to be fortunate
2690	ظريف	adj	charming, elegant
2691	أكيس	adj	elative degree of كَيِّس (kayyis, “cunning, acute, sharp-witted, shrewd”)
2692	أقرأ	verb	to cause one to read or study
2693	أفلام	noun	plural of فِلْم (film)
2694	مركب	noun	anything upon which one rides
2695	متوسط	adj	being in the middle, mediating
2696	جنائي	adj	criminal
2697	فخورة	adj	feminine singular of فَخُور (faḵūr)
2698	حبوب	noun	plural of حَبَّة (ḥabba)
2699	قوات	noun	plural of قُوَّة (quwwa)
2700	فارق	verb	to separate oneself from
2701	تل	noun	heap of sand, hillock, mound, knob
2702	عوض	verb	to offset, to compensate, to substitute, to replace, to make up for
2703	حزينة	adj	feminine singular of حَزِين (ḥazīn, “sad”)
2704	أجاد	verb	to excel
2705	ند	adj	equivalent, peer, coequal, counterpart, rival
2706	شطيرة	noun	sandwich; steak
2707	غربي	adj	western
2708	فراغ	noun	leisure
2709	خاسر	adj	active participle of خَسِرَ (ḵasira)
2710	نفق	noun	tunnel, a passageway or burrow having two openings
2711	اكتشف	verb	to discover; to find out, to uncover
2712	شق	verb	to make a cut or gap in; to cut into or through; to tear through; to transpierce
2713	خزانة	noun	an enclosed storage serving as furniture, depository: cupboard, wardrobe
2714	أقدام	noun	plural of قَدَم (qadam)
2715	سينما	noun	cinema
2716	مياه	noun	plural of مَاء (māʔ)
2717	إليزابيث	name	Elizabeth
2718	عصبي	adj	neural, nervous (concerning the nerves)
2719	كوخ	noun	hut, shack, cottage, lodge, hutch, cabin
2720	تافه	adj	trivial, worthless
2721	متزوجة	adj	feminine singular of مُتَزَوِّج (mutazawwij)
2722	تقرأ	verb	to cause oneself to read or study
2723	عينة	noun	sample, specimen
2724	يهودي	adj	Jewish
2725	عضلة	noun	muscle
2726	رومي	adj	Byzantine
2727	بطيء	adj	slow, late, backward
2728	نظارة	noun	spectacles, glasses, eyeglasses
2729	فارغة	adj	feminine singular of فَارِغ (fāriḡ)
2730	تخطيط	noun	striping; writing, inscribing
2731	طبقة	noun	layer; stratum; level
2732	قواعد	noun	plural of قَاعِدَة (qāʕida)
2733	إيطالي	adj	Italian
2734	حراسة	noun	verbal noun of حَرَسَ (ḥarasa) (form I)
2735	لولا	conj	if not for; if only
2736	ماي	name	Maghreb form of مَايُو (māyū): May (fifth month of the Gregorian calendar)
2737	خفيف	adj	light (in weight)
2738	حمقاء	noun	female equivalent of أَحْمَق (ʔaḥmaq)
2739	خال	adj	empty, void; open, vacant
2740	فني	verb	to perish, to pass away
2741	رهن	verb	to mortgage, to pawn
2742	نزول	noun	plural of نُزْل (nuzl)
2743	متابعة	noun	verbal noun of تَابَعَ (tābaʕa) (form III)
2744	يود	noun	iodine
2745	بالى	verb	to care about; to notice, to pay attention, to heed
2746	مسجل	noun	registrar, notary public
2747	حشد	verb	to gather, to concentrate, to mass, to assemble
2748	درع	noun	protective coverings
2749	كلم	verb	to speak, to talk, to address
2750	زار	verb	to incline towards, to repair to the direction of
2751	الثلاثاء	name	Tuesday
2752	بيانات	noun	plural of بَيَان (bayān)
2753	معسكر	noun	camp; headquarters
2754	قبطان	noun	captain
2755	دخان	noun	smoke; steam
2756	استمتع	verb	to enjoy, to find pleasurable
2757	ميدان	noun	square (open space in a city)
2758	نوبة	noun	change, alteration, shift, rotation
2759	مخ	noun	cerebrum
2760	أخفق	verb	to fail, to break down, to result in fiasco
2761	بث	verb	to transmit, to pass to the public
2762	جذب	verb	to draw, to pull, to remove
2763	ألعاب	noun	plural of لَعْب (laʕb)
2764	وعى	verb	to be aware; to be ware
2765	انتظار	noun	waiting
2766	جريدة	noun	detachment of horsemen
2767	مهتمة	adj	feminine singular of مُهْتَمّ (muhtamm)
2768	أوروبا	name	Europe (a continent located west of Asia and north of Africa)
2769	بوسطن	name	Boston (the capital and largest city of Massachusetts, United States)
2770	شهد	verb	to witness, to be a witness
2771	آمين	intj	amen
2772	باردة	adj	feminine singular of بَارِد (bārid)
2773	مستودع	noun	warehouse, depot, storehouse
2774	بطاقات	noun	plural of بِطَاقَة (biṭāqa)
2775	أميال	noun	plural of مَيْل (mayl)
2776	مان	verb	to lie
2777	ظهيرة	noun	noontime
2778	مهرج	noun	clown
2779	أوشك	verb	to be near to doing something
2780	أعال	verb	to support, to sustain, to provide for (a family, a person)
2781	قصص	noun	narrative; storytelling
2782	سامي	adj	Semitic
2783	حيوانات	noun	plural of حَيَوَان (ḥayawān)
2784	تضمن	verb	to comprise, to contain, to include
2785	روي	verb	to be well-watered (of a plant)
2786	نقاش	noun	discussion
2787	حاجز	noun	barrier, barricade, hurdle, obstacle, impediment, obstruction
2788	موج	noun	torrent, surge, waves
2789	هال	verb	to frighten
2790	عصيب	adj	troublesome, difficult, hard, fatiguing
2791	نانسي	name	Nancy (the capital city of Meurthe-et-Moselle department, France)
2792	دموي	adj	related to blood
2793	كبار	adj	masculine plural
2794	فك	verb	to untie a knot
2795	عروس	noun	bridegroom
2796	مضاد	adj	contrary, opposed, opposite, antithetical, adverse, counter
2797	فارس	noun	horseman, rider
2798	نظيفة	adj	feminine singular of نَظِيف (naẓīf)
2799	صداع	noun	headache
2800	رمة	noun	cadaver
2801	جنود	noun	plural of جُنْد (jund)
2802	أصدر	verb	to issue; to publish
2803	مادي	adj	material, referring to matter
2804	حديد	noun	armor, helmet; iron
2805	أصحاب	noun	plural of صَاحِب (ṣāḥib)
2806	خيط	noun	thread; string; cord
2807	لهاة	noun	uvula
2808	زيت	noun	oil (all types of oil, edible, fuel, motor oil, etc.)
2809	واقف	verb	to stand with [+direct object] or by his side
2810	حوال	noun	circumference, circle
2811	أقود	adj	amenable, compliant, docile, easily led
2812	رومان	noun	Romans; Romanic peoples
2813	معدني	adj	of metal, metallic
2814	عنصر	noun	element; race
2815	فضول	noun	curiosity
2816	الغرب	noun	definite singular of غَرْب (ḡarb)
2817	كمن	det	like those who
2818	ريان	adj	plump, fleshy; well-irrigated, well-watered
2819	معبد	noun	place of worship, temple
2820	ضبط	verb	to do something accurately
2821	البحيرة	name	Beheira (a governorate of Egypt)
2822	ليلى	noun	ecstasy of wine
2823	ثور	noun	bull, steer, ox
2824	قضائي	adj	judicial
2825	زائد	adj	increasing, growing
2826	الخميس	name	Thursday
2827	بجوار	adv	next to; in the neighborhood of, in the vicinity of, near, close to, beside
2828	قفص	noun	cage, birdcage, pen, coop
2829	ضعيفة	adj	feminine singular of ضَعِيف (ḍaʕīf)
2830	مزرعة	noun	farm
2831	صغا	verb	to incline, to bend, to lean
2832	نظري	adj	theoretical; visual
2833	يمني	adj	Yemeni
2834	لائق	adj	fit, proper, appropriate
2835	صوفيا	name	Sofia (the capital city of Bulgaria)
2836	مقارنة	noun	comparison
2837	عذراء	adj	virgin
2838	مفاتيح	noun	plural of مِفْتَاح (miftāḥ)
2839	حارب	verb	to wage war against, to war, to fight, to battle
2840	فلوريدا	name	Florida (a state of the United States)
2841	نصر	noun	victory, triumph
2842	ميلادي	adj	related to birthdays
2843	حاليا	adv	currently; immediately, instantly
2844	كلة	noun	bombshell, cannonball, shot, dot
2845	شكوى	noun	complaint
2846	هذان	pron	nominative masculine dual of هٰذَا (hāḏā, “this”)
2847	ثنائي	adj	multiplied by two, double, two-fold
2848	أحرز	verb	to keep, preserve, guard, secure
2849	عظم	noun	bone
2850	أشل	verb	to drive, to goad, to prod, to propel (livestock)
2851	اليابان	name	Japan (a country in East Asia)
2852	تنظيم	noun	verbal noun of نَظَّمَ (naẓẓama) (form II)
2853	رقيقة	adj	feminine singular of رَقِيق (raqīq)
2854	تفاح	noun	apple, apples
2855	متحرك	adj	mobile, movable, moving, loose, oscillating
2856	مستاء	adj	upset
2857	تحرير	noun	liberation, release, emancipation
2858	خطيئة	noun	sin, offense, fault, act of disobedience for which one deserves punishment
2859	جنب	verb	to turn aside, decline
2860	لائحة	noun	list, ordered mention of things
2861	مفقودة	adj	feminine singular of مَفْقُود (mafqūd)
2862	تفاصيل	noun	plural of تَفْصِيل (tafṣīl)
2863	توضيح	noun	clarification, explanation, elucidation, disambiguation
2864	شمل	verb	to contain, to encompass, to include, to enclose
2865	مفروض	adj	imposed, enforced
2866	طراز	noun	embroidery, or a piece of embroidered textile
2867	نحل	verb	to be emaciated, to waste away, to lose weight, to grow thin
2868	تمثال	noun	sculpture, statue
2869	عنيف	adj	violent; oppressive
2870	دفعة	noun	a push, a thrust
2871	ثلاجة	noun	refrigerator
2872	تورط	verb	to become embroiled in
2873	عظمي	adj	osseous, bony
2874	أفتح	adj	elative degree of فَاتِح (fātiḥ)
2875	رمل	noun	sand
2876	ديني	adj	religious, related to religion
2877	احتمال	noun	verbal noun of اِحْتَمَلَ (iḥtamala) (form VIII)
2878	جاز	verb	to pass, pass by
2879	صاحبة	noun	wife
2880	تسلق	verb	to climb, to ascend
2881	رقيق	adj	thin, fine, subtle
2882	جاذبية	noun	gravitation, gravity
2883	بضاعة	noun	commodity, goods, merchandise
2884	روث	noun	dung from a solid-hoofed animal, sharn (said of a beast having claws)
2885	لقي	verb	to meet, to encounter
2886	ضمان	noun	verbal noun of ضَمِنَ (ḍamina) (form I)
2887	مضحكة	noun	laughing stock
2888	فاتن	adj	tempting, pretty, cute, seductive
2889	مغامرة	noun	adventure; hazardous enterprise; hazard; risk
2890	إنفاق	noun	expenditure
2891	جزر	noun	carrots
2892	مسروق	adj	stolen, robbed; plagiarized
2893	ممتلكات	noun	property, belongings, possessions, owned things
2894	مروحية	noun	helicopter
2895	رسول	noun	messenger; emissary; envoy; delegate
2896	ملل	verb	to properate, to press forward, to urge on
2897	فاسد	adj	spoiled, rotten
2898	قبالة	noun	duty, liability based on a contract
2899	حشيش	noun	grass, hay; hemp, cannabis
2900	مروع	adj	horrendous, frightening, horrifying, terrifying, gruesome, terrible
2901	عيون	noun	plural of عَيْن (ʕayn): eyes
2902	حمراء	adj	feminine singular of أَحْمَر (ʔaḥmar, “red”)
2903	عنيد	adj	stubborn, headstrong, obstinate
2904	فائق	adj	active participle of فَاقَ (fāqa)
2905	ضرورة	noun	necessity, compulsion, want, exigency
2906	شحنة	noun	cargo, freight, load, shipment
2907	مقاتل	adj	active participle of قَاتَلَ (qātala): fighter, combatant, warrior
2908	تجسس	verb	to scrutinize, to examine
2909	مقطع	noun	division, part, section, portion
2910	لزم	verb	to be necessary
2911	مزاح	noun	jester, jokester, frolicker
2912	ثورة	noun	revolution (in a society or a science)
2913	قطاع	noun	section, sector
2914	عدوى	noun	infection, contagion
2915	شم	verb	to smell, to apperceive through the nose, to sniff
2916	إطفاء	noun	extinguishing; putting out (a fire)
2917	محبوب	adj	beloved, dear; lovable
2918	إمبراطور	noun	emperor
2919	اتفاق	noun	agreement, union, concord, harmony
2920	شاق	verb	to excite desire in
2921	اعترف	verb	to confess, own, avow, to admit
2922	مو	noun	meu, baldmoney (Meum athamanticum)
2923	خليج	noun	gulf; the Persian Gulf, the Gulf
2924	سنوي	adj	annual, yearly
2925	حرفي	noun	craftsman, artisan
2926	منصة	noun	platform; podium, stage
2927	أذكى	adj	elative degree of ذَكِيّ (ḏakiyy)
2928	قبلا	adv	previously, formerly, earlier
2929	تحريك	noun	moving (the act of moving something)
2930	شحن	verb	to fill, to load
2931	أفعى	noun	viper (venomous snake in the family Viperidae)
2932	عناء	noun	verbal noun of عَنَى (ʕanā) (form I)
2933	تعيين	noun	appointment
2934	رجوع	noun	return; reply, answer
2935	بيرة	noun	beer
2936	طبيبة	noun	female equivalent of طَبِيب (ṭabīb, “doctor”)
2937	سوي	verb	to equal
2938	أوقات	noun	plural of وَقْت (waqt): times
2939	فاكهة	noun	fruit
2940	متعبة	adj	feminine singular of مُتْعِب (mutʕib)
2941	ألبس	verb	to clothe, to dress
2942	هون	verb	to ease; to describe as easy
2943	تعذيب	noun	verbal noun of عَذَّبَ (ʕaḏḏaba) (form II)
2944	عرق	verb	to strip of flesh, to nibble
2945	غفر	verb	to forgive, to excuse, to pardon
2946	عنكبوت	noun	spider
2947	غلاف	noun	cover; wrapper
2948	شائع	adj	circulating, in vogue, in the public sphere, in common use, common
2949	مازح	verb	to joke with, to jest with, to sport with
2950	تطبيق	noun	application, implementation
2951	مقهى	noun	café, coffeehouse
2952	نظف	verb	to be clean
2953	بعث	verb	to awake; to incite, to induce, to instigate
2954	أفقد	verb	to make lose, to deprive
2955	ثمين	adj	valuable
2956	تيس	noun	a male goat; billy goat, he-goat
2957	بيئة	noun	natural environment
2958	تشريح	noun	verbal noun of شَرَّحَ (šarraḥa) (form II)
2959	سابقة	noun	a precedent (a past act used as example)
2960	مرهق	adj	stressful; oppressive (of a burden or heat)
2961	ولاء	noun	verbal noun of وَالَى (wālā) (form III)
2962	ممن	prep	contraction of مِنْ (min) + مَنْ (man), literally “from whom”
2963	حالات	noun	plural of حَالَة (ḥāla)
2964	ملفات	noun	plural of مِلَفّ (milaff)
2965	مرعب	adj	terrifying, frightening, horrifying
2966	عمود	noun	column, shaft, pillar, pole
2967	أسنان	noun	plural of سِنّ (sinn)
2968	محافظ	adj	conservative; protective; guarding
2969	كريه	adj	hateful, detestable, dislikable, disagreeable, unpleasant
2970	مم	particle	from what?
2971	رصيف	noun	pavement; sidewalk
2972	ركل	verb	to kick
2973	كونجرس	noun	Congress
2974	نطق	verb	to articulate; to pronounce, to utter
2975	إرهاب	noun	verbal noun of أَرْهَبَ (ʔarhaba) (form IV)
2976	صه	intj	shh, hush, shush, silent!, quiet!
2977	تحتم	verb	to be or become imperative
2978	إخبار	noun	notification, information, communication
2979	تقييم	noun	evaluation, assessment, appraisal
2980	حقوق	noun	plural of حَقّ (ḥaqq, “right, title, claim”)
2981	جواز	noun	lawfulness; allowableness
2982	قفل	verb	to return from a journey
2983	روسيا	name	Russia (a transcontinental country in Eastern Europe and North Asia)
2984	مضاجعة	noun	sex, lovemaking, coitus, copulation
2985	صلاة	noun	prayer; salat, namaz
2986	مجرى	noun	gutter, channel, canalization
2987	منجم	noun	astrologer; One who predicts the future, fortune teller
2988	أفريقيا	name	alternative form of إِفْرِيقِيَا (ʔifrīqiyā): Africa (the continent south of Europe and between the Atlantic and Indian Oceans)
2989	عاطفة	noun	emotion, sentiment
2990	أقنع	verb	to content, to satisfy
2991	جمجمة	noun	skull, cranium
2992	قبضة	noun	fist; grasp
2993	مستقبلي	adj	future
2994	مشوش	adj	muddled, confused
2995	بائع	noun	seller
2996	أسقط	verb	to drop, to let or cause to fall, to topple, overthrow
2997	شهير	adj	famous, generally known, celebrated
2998	ملء	noun	filling, being full
2999	إمكانية	noun	possibility, feasibility, capacity
3000	إيصال	noun	verbal noun of أَوْصَلَ (ʔawṣala) (form IV)
3001	دوام	noun	endurance, continuation, persistence
3002	بناية	noun	building
3003	صحبة	noun	companions; collective of صَاحِب (ṣāḥib)
3004	دعوى	noun	assertion; claim
3005	أدين	noun	plural of دَيْن (dayn)
3006	وسائل	noun	means; media
3007	البندقية	name	Venice
3008	راق	verb	to glisten, to glint
3009	اتضح	verb	to become manifest
3010	غيرة	noun	jealousy; zeal, fervor
3011	منطق	noun	logic, dialectic
3012	مقام	noun	place, spot; situation
3013	وقوع	noun	verbal noun of وَقَعَ (waqaʕa) (form I)
3014	أنثى	noun	a female; testicles
3015	تسوية	noun	settlement; reconciliation
3016	بيوت	noun	plural of بَيْت (bayt)
3017	سيدني	name	Sydney (the capital city of New South Wales, Australia)
3018	بركة	noun	bliss, blessing, boon
3019	معمل	noun	factory, mill; workshop, plant
3020	مدار	noun	orbit; tropic
3021	تيار	noun	stream, current
3022	أسل	verb	to be smooth and even, to be lank
3023	حرس	verb	to guard, watch, keep, preserve, take care of
3024	إنجاز	noun	achievement
3025	هذين	pron	accusative masculine dual of هٰذَا (hāḏā, “this”)
3026	مواصلة	noun	continuance, unbroken connection
3027	بشع	adj	ugly, repulsive
3028	قرصان	noun	pirate, sea-raider
3029	أيمن	adj	used comparatively: more on the right, more to the right hand
3030	ثعبان	noun	snake
3031	ألمانيا	name	Germany (a country in Central Europe)
3032	عض	verb	to bite; to treat badly
3033	تذاكر	verb	to remind one another of (something), to confer together, to have a talk
3034	منحرف	verb	active participle of اِنْحَرَفَ (inḥarafa)
3035	تزلج	verb	to skate, to ski
3036	خطف	verb	to seize, to grab
3037	تدور	verb	to become round, to become circular
3038	رداء	noun	a cloth that is wrapped around the trunk or the shoulders, a draped garment; drapery
3039	مطلقا	noun	indefinite accusative singular of مُطْلَق (muṭlaq)
3040	رتب	verb	to be or become firm, solid or stable
3041	اتخاذ	noun	verbal noun of اِتَّخَذَ (ittaḵaḏa) (form VIII)
3042	تدبر	verb	to ponder, to consider
3043	تنس	noun	tennis
3044	ستون	num	sixty
3045	مجاني	adj	free of charge, gratis
3046	أشعل	adj	"of ""lighter shades of brown"" or amber or tawny"
3047	نسيج	noun	what is woven, web, tissue, fabric
3048	لامع	adj	shiny, brilliant
3049	أرفع	adj	elative degree of رَفِيع (rafīʕ)
3050	كوري	adj	Korean
3051	مخلص	noun	safe place; refuge
3052	مرأب	noun	auto shop, garage
3053	سادة	noun	plural of سَيِّد (sayyid)
3054	أرقام	noun	plural of رَقْم (raqm)
3055	انطلق	verb	to be free, to be loose
3056	العيون	name	Laayoune (the capital and largest city of Western Sahara)
3057	سكان	noun	rudder, helm, steering wheel of a ship
3058	نزهة	noun	an amene activity, a pleasure trip, a stroll
3059	مليار	num	billion (10⁹)
3060	مبيع	noun	verbal noun of بَاعَ (bāʕa) (form I)
3061	قاوم	verb	to withstand, to resist
3062	ضوضاء	noun	noise, uproar
3063	طعن	verb	to stab, pierce
3064	تقليد	noun	imitation, copying
3065	دود	noun	worms; maggots
3066	أوقع	verb	to cause to fall, to make fall, to bring to fall
3067	عليكما	prep	second-person dual masculine/feminine of عَلَى (ʕalā)
3068	احتفظ	verb	to uphold, to maintain
3069	بيج	noun	beige
3070	متأخرة	adj	feminine singular of مُتَأَخِّر (mutaʔaḵḵir)
3071	غبار	noun	dust
3072	علية	noun	attic; upper floor, chamber, room
3073	أخرق	adj	unskilled, someone who has no skill or profession
3074	مسافر	noun	traveller
3075	استراحة	noun	reposing, resting
3076	بحيرة	noun	lake; vegetable garden, truck garden
3077	مهرجان	noun	festival, fair
3078	مكسيكي	adj	Mexican
3079	لباس	noun	clothes, raiment, vestment, dress
3080	اليهود	noun	definite of يَهُود (yahūd, “Jews”)
3081	سماعة	noun	headphone, headphones, earphones, headset
3082	توفير	noun	verbal noun of وَفَّرَ (waffara) (form II)
3083	عقلية	noun	attitude, mentality
3084	صمد	verb	to betake oneself, to go
3085	حفيد	noun	grandson; grandson from the father's side
3086	مخبر	noun	synonym of مُخْتَبَر (muḵtabar, “laboratory”)
3087	زمني	adj	temporal
3088	أري	noun	honey
3089	عاود	verb	to return, to come back, to go for another time, to resume
3090	اكتشاف	noun	discovery (something discovered)
3091	سماعي	adj	established by conventional usage
3092	ضائع	adj	lost; missing
3093	حماقة	noun	foolishness, stupidity
3094	إخلاء	noun	evacuation
3095	دق	verb	to crush, to bruise
3096	جان	adj	guilty, delinquent, criminal, flagrant, vicious, evil
3097	إمبراطورية	noun	empire
3098	عالج	verb	to treat (a patient or illness or material)
3099	سال	verb	to flow, to run
3100	مكسور	adj	broken; followed by the vowel sign kasra
3101	تسنى	verb	to become elevated, to rise
3102	واسع	adj	large in area, extensive, vast; broad; wide; open
3103	رقمي	adj	digital
3104	راحل	adj	leaving, outgoing, departing
3105	راج	verb	to have currency, to circulate, to sell well, to be in demand, to burgeon, to be buoyant
3106	جاف	adj	dry, withered
3107	أسرار	noun	plural of سِرّ (sirr)
3108	نفط	noun	oil, petroleum, naphtha
3109	تدفق	verb	to flow, to pour in
3110	مغزى	noun	sense, point, significance
3111	الزرقاء	name	Zarqa (Jordanian city)
3112	ارتداء	noun	verbal noun of اِرْتَدَى (irtadā) (form VIII)
3113	ستر	verb	to cover, to hide, to screen; to veil
3114	مستمر	adj	lasting, permanent, enduring
3115	غيبوبة	noun	coma
3116	تربية	noun	education; upbringing
3117	عاشق	adj	in love with, enamored of, infatuated with
3118	أحمد	verb	to show oneself praiseworthy
3119	حبس	verb	to imprison; to hold back
3120	صلصة	noun	sauce
3121	أمطر	verb	to rain; to cause to rain
3122	حكومي	adj	related to government, governmental
3123	جراحي	adj	surgical
3124	خفض	verb	to remain, abide, stay
3125	اعتذر	verb	to excuse oneself; to apologise to
3126	فخر	verb	to glory; to boast; to be proud
3127	مجد	verb	to be glorious, to be exalted
3128	حديدي	adj	iron
3129	أبريل	name	April (fourth month of the Gregorian calendar)
3130	آلية	noun	mechanism; machinery, automation
3131	محدود	adj	bounded, bordered (by)
3132	تسرب	verb	to leak out, to flow off, to seep
3133	مشرف	adj	imminent; impending; on the verge of
3134	بائس	adj	miserable, wretched, dejected, despondent
3135	غرف	verb	to lade out, to scoop
3136	سكران	adj	drunk, intoxicated, inebriated
3137	إنساني	adj	human; humane
3138	مأساة	noun	tragedy, calamity
3139	وثر	verb	to be cushy, to be cozy, to be comfortable, to be smooth
3140	أبله	adj	foolish, stupid
3141	همة	noun	female equivalent of هِمّ (himm)
3142	ماهر	adj	skilled, skillful, proficient, adept
3143	ناضج	adj	ripe; cooked
3144	نادل	noun	waiter
3145	تحميل	noun	verbal noun of حَمَّلَ (ḥammala) (form II)
3146	مين	noun	plural of مِينَاء (mīnāʔ)
3147	اثناء	noun	verbal noun of اِثَّنَى (iṯṯanā) (form VIII)
3148	بفضل	prep	thanks to
3149	صبر	verb	to be patient, to have patience
3150	زائر	noun	visitor, guest, caller
3151	مسيحي	adj	Christian
3152	يدوي	adj	manual
3153	بطاطس	noun	potato
3154	تكره	verb	to force, to compel, to coerce
3155	حكمة	noun	wisdom; knowledge
3156	تعقيد	noun	verbal noun of عَقَّدَ (ʕaqqada) (form II)
3157	حفلات	noun	plural of حَفْلَة (ḥafla)
3158	غيور	adj	very jealous; zealous, ardent, fervid, eager
3159	أطاق	verb	to be able to bear or to sustain or to stomach
3160	دمع	noun	tears
3161	فعلي	adj	actual, real; effective, efficacious
3162	تقدر	verb	to cause oneself to measure, reckon, or compute
3163	حثالة	noun	scumbag, dirtbag, sleazeball
3164	أصلح	verb	to make (something bad) better; to mend
3165	موهوب	adj	talented; given by God
3166	تشارك	verb	to partner, to participate together, to share with one another
3167	أجرب	adj	mangy, scabby
3168	خطوط	noun	plural of خَطّ (ḵaṭṭ)
3169	مهندس	noun	geometer; architect
3170	بطاطا	noun	sweet potato
3171	فورا	adv	instantly, immediately
3172	تلو	noun	verbal noun of تَلَا (talā) (form I)
3173	إشاعة	noun	spreading, publishing
3174	مأزق	noun	trouble, crisis, dilemma, stalemate, imbroglio
3175	السفن	noun	definite of سُفٌن (sufunn, “ships”)
3176	قانونية	noun	legality; canonicity
3177	برود	noun	a kind of garment without nap
3178	تعاطى	verb	to take; to swallow or take a medicine
3179	غلى	verb	to boil
3180	تسمى	verb	to use as a name, to go by
3181	عصبية	noun	tribalism, clannishness
3182	كال	verb	to measure, to mete
3183	تجهيز	noun	preparation; equipping, fitting
3184	دوار	noun	vertigo, dizziness, giddiness
3185	أجزاء	noun	plural of جُزْء (juzʔ)
3186	أبلغ	verb	to send or bring news, to notify, to report
3187	أسى	noun	agony, grief; pain
3188	مي	name	a female given name
3189	مجانين	adj	masculine plural of مَجْنُون (majnūn)
3190	تفاوض	verb	to negotiate, to parley
3191	تسع	num	masculine of تِسْعَة (tisʕa, “nine”)
3192	مؤامرة	noun	conspiracy
3193	صوب	verb	to aim, point, or direct (something, such as a ranged weapon, like an arrow)
3194	مسكن	noun	noun of place of سَكَنَ (sakana): residence; house, home
3195	سمكة	noun	singulative of سَمَك (samak): a fish
3196	تحضير	noun	verbal noun of حَضَّرَ (ḥaḍḍara) (form II)
3197	فرار	noun	escape; flight
3198	صغار	adj	common plural of صَغِير (ṣaḡīr)
3199	تقارير	noun	plural of تَقْرِير (taqrīr)
3200	كوريا	name	Korea (two countries in East Asia, North Korea and South Korea)
3201	عرش	verb	to pull up, to build up
3202	لبس	verb	to wear; to put on (clothing)
3203	شمبانيا	noun	champagne (beverage)
3204	مصور	noun	photographer; cameraman
3205	عريف	adj	knowing, cognizant, aware
3206	إدخال	noun	introducing; causing to enter
3207	زند	noun	a combustible typically wooden rod for making fire through friction (as in drilling)
3208	فرس	verb	to maul, to tear up, to tatter
3209	أميل	adj	leaning to one side, inclined
3210	بنات	noun	plural of بِنْت (bint)
3211	مرشح	noun	candidate (in an election), nominee
3212	سلبي	adj	negative (not positive or neutral)
3213	أصابع	noun	plural of إِصْبَع (ʔiṣbaʕ)
3214	غالي	adj	Gallic, Gaulish
3215	عظمة	noun	greatness, majesty, glory
3216	شرق	noun	east; Orient
3217	أساء	verb	to do bad, to do wrong, to act badly, to act wrong
3218	ركن	noun	the intersection of two surfaces or edges, a corner
3219	أجنبي	adj	foreign, from outside the land
3220	ملاك	noun	plural of مَالِك (mālik)
3221	تقاتل	verb	to fight one another, to combat each other
3222	أخطر	adj	elative degree of خَطِر (ḵaṭir), elative degree of خَطِير (ḵaṭīr)
3223	وارد	noun	one who descends, especially to a watering place
3224	مكث	verb	to dwell, to abide
3225	كتلة	noun	clump, mass, agglomeration, cluster
3226	عملة	noun	currency, standardized money
3227	كرات	noun	plural of كُرَة (kura)
3228	هوائي	adj	aerial, pneumatic
3229	إنشاء	noun	establishment, foundation, creation
3230	محب	verb	active participle of أَحَبَّ (ʔaḥabba): loving
3231	وصفة	noun	prescription; recipe, formula
3232	بطارية	noun	battery (device producing electricity)
3233	عداد	noun	number, amount; peer, equal (as in rank), match, counterpart
3234	متشابه	adj	similar, resembling
3235	ملجأ	noun	shelter, refuge, asylum
3236	يزيد	name	a male given name
3237	نجوم	noun	plural of نَجْم (najm)
3238	مذاق	noun	tasting; taste
3239	ثدي	noun	breast
3240	أروع	adj	elative degree of رائع
3241	شركات	noun	plural of شَرِكَة (šarika)
3242	نشأ	verb	to be raised, to be lifted, to rise up
3243	حلبة	noun	fenugreek
3244	يقين	noun	certainty
3245	مصمم	noun	designer
3246	هدد	verb	to threaten; to make or utter a threat against (someone); to intimidate
3247	غرب	verb	to go away, depart, withdraw, leave
3248	توصيلة	noun	delivery, ride, the conveyance of a thing or more things or persons to another place
3249	خجل	verb	to be ashamed, to be embarrassed, to be shy
3250	ويلز	name	Wales (a constituent country of the United Kingdom)
3251	سماك	noun	fishmonger
3252	واقعي	adj	real, actual; realistic
3253	محال	adj	impossible
3254	نفاية	noun	waste, refuse, rubbish, garbage, trash
3255	خالد	adj	immortal; glorious; eternal
3256	مولد	noun	birthplace; time of birth
3257	مشرق	noun	east, direction where the sun rises
3258	برلين	name	Berlin (the capital and largest city of Germany)
3259	ليت	particle	if only, I wish, would (would God) that...; expresses an unattainable wish
3260	خيري	adj	charitable, bounteous
3261	زنجي	noun	Negro
3262	وجودي	adj	existential
3263	وردي	adj	pertaining to or made up of flowers, flower-, floral
3264	ترقية	noun	a promotion (advancement in rank or position)
3265	أخلاقي	adj	moral, ethical
3266	انتقل	verb	to move (change residence)
3267	مدعو	adj	passive participle of دَعَا (daʕā).
3268	لذيذة	adj	feminine singular of لَذِيذ (laḏīḏ)
3269	النيل	name	the Nile
3270	تأخير	noun	delay; deferment; postponement
3271	راجع	verb	to review, to reexamine
3272	مستقيم	adj	straight; straight ahead
3273	قزم	noun	dwarf, midget, pigmy
3274	مبكرا	adv	early
3275	جنن	verb	to madden, to infuriate, to drive insane
3276	العراق	name	Iraq (a country in Asia)
3277	مدرس	noun	teacher
3278	معيشة	noun	living, subsistence, livelihood
3279	مخالفة	noun	minor offence, infraction
3280	كلاب	noun	pike pole, gaff
3281	أحدث	verb	to spawn, to produce, to bring forth, to trigger
3282	ضمير	noun	inner, innermost, heart, secrets of the mind
3283	بشرة	noun	skin, outer skin, epidermis
3284	ريش	noun	feathers, quills
3285	شهود	noun	plural of شَاهِد (šāhid)
3286	وضح	verb	to be clearly visible
3287	حجة	noun	argument (for or against something)
3288	ضحايا	noun	plural of ضَحِيَّة (ḍaḥiyya)
3289	جبهة	noun	forehead, brow; front, face, façade
3290	إثر	prep	following on, immediately after
3291	ضئيل	adj	small in body, lean, slender
3292	خفيفة	adj	feminine singular of خَفِيف (ḵafīf)
3293	أجدى	verb	to bestow; to avail, to be useful
3294	تدمر	noun	Palmyra
3295	مجيد	adj	glorious, glorified
3296	قاطع	verb	to separate oneself from
3297	ردة	noun	apostasy
3298	بلي	verb	to wear out; to rot, to decay
3299	جب	noun	cistern, well; pit, fosse, cavity
3300	كبد	verb	to charge with, to incur
3301	إيقاع	noun	rhythm (variation of strong and weak elements of sounds over time)
3302	شمس	noun	sun
3303	جراء	noun	only used in مِنْ جَرَّاءِ (min jarrāʔi)
3304	راكب	noun	passenger, rider
3305	مضطرب	adj	agitated; disturbed; confounded; distraught; tumultuous
3306	إيجابي	adj	positive, affirmative
3307	تعريف	noun	definition; announcement
3308	ت	prep	particle denoting an oath, used only in تَٱللّٰهِ (tal-lāhi)
3309	خصم	verb	to defeat; to deduct, to subtract; to discount
3310	سكة	noun	plowshare; mattock, hoe
3311	ثلاثي	adj	consisting of three things; triple, threefold, three-
3312	حيثما	conj	wherever
3313	مأتى	noun	place from which something comes
3314	شعبي	adj	national, people’s
3315	ج	noun	abbreviation of جَمْع (jamʕ, “plural”)
3316	تبديل	noun	giving in exchange, exchange
3317	العفو	intj	you're welcome, don't mention it, not at all
3318	برق	verb	to produce lightning
3319	رابطة	noun	association, league, union
3320	أصنع	adj	elative degree of صَانِع (ṣāniʕ)
3321	انتباه	noun	verbal noun of اِنْتَبَهَ (intabaha) (form VIII): attention
3322	موز	noun	bananas
3323	قبيلة	noun	tribe
3324	عقب	noun	heel; end
3325	باحث	verb	to discuss
3326	حرك	verb	to move
3327	مضرب	noun	bat, racket (club used for striking the ball in sports)
3328	مجانية	adj	feminine singular of مَجَّانِيّ (majjāniyy)
3329	غرامة	noun	fine; mulct; penalty
3330	أعقب	noun	plural of عُقَاب (ʕuqāb)
3331	مزدوج	adj	double, twofold, two-
3332	جلدي	adj	dermal; leather (made of leather)
3333	مسك	verb	to grab, grasp, clutch, clasp, seize, take hold
3334	تجميل	noun	beautification (making something beautiful)
3335	التهم	verb	to devour, to gobble, to gormandize, to gorge, to wolf, to swallow up
3336	كوبا	name	Cuba (a country, the largest island (based on land area) in the Caribbean)
3337	نازي	adj	Nazi
3338	تنصت	verb	to try to hear; to eavesdrop, to listen secretly
3339	أوسط	adj	elative degree of وَسِيط (wasīṭ)
3340	تفحص	verb	to examine, to inspect, to look at
3341	خمسون	num	fifty
3342	مراجعة	noun	verbal noun of رَاجَعَ (rājaʕa) (form III)
3343	ظفر	noun	fingernail; claw
3344	موضع	noun	position; place
3345	درجات	noun	plural of دَرَجَة (daraja)
3346	تثبت	verb	to verify, to ascertain
3347	سول	verb	to entice, to tempt, to make covet
3348	أشقر	adj	yellowish; fair, blond
3349	سد	verb	to close up, to seal off
3350	أبن	verb	to eulogize, to pay homage to a dead person, to commemorate the times of
3351	جمهوري	adj	republican
3352	تاكسي	noun	taxi, cab, taxicab
3353	أسد	noun	lion; Leo (astronomy)
3354	ذهني	adj	mental; intellectual
3355	أصوات	noun	plural of صَوْت (ṣawt)
3356	ذوق	noun	taste; good taste
3357	عاجز	adj	incapable; helpless, powerless
3358	معقدة	adj	feminine singular of مُعَقَّد (muʕaqqad)
3359	بيك	noun	beg (Iranian, Central Asian and South Asian title)
3360	شعار	noun	password, watchword
3361	خالية	adj	feminine singular of خَالٍ (ḵālin)
3362	غاب	verb	to be absent; to become absent; to vanish, to disappear
3363	مقدم	noun	chief; lieutenant colonel
3364	صحن	noun	bowl, plate; dish, plate, meal
3365	عاهر	noun	a male prostitute, whore
3366	زرقاء	adj	feminine singular of أَزْرَق (ʔazraq)
3367	مرافق	noun	close friend (especially at school), associate, companion
3368	عشوائي	adj	random, stochastic
3369	قياس	noun	size, dimension, measurement
3370	طلق	verb	to set loose; to free; to launch
3371	قطن	noun	cotton
3372	جنيه	noun	pound (unit of currency)
3373	ملح	noun	salt; salt water
3374	أوجب	verb	to impose (something)
3375	تصحيح	noun	correction, rectification
3376	قضايا	noun	plural of قَضِيَّة (qaḍiyya)
3377	جوز	verb	to allow, permit
3378	جزئي	adj	partial
3379	كومة	noun	pile, stack, heap
3380	فئة	noun	group, band, division, class
3381	ضجة	noun	tumult, commotion
3382	مقنع	adj	convincing, persuasive
3383	سيدات	noun	plural of سَيِّدَة (sayyida)
3384	مستخدم	noun	employer; user
3385	قيصر	noun	Caesar (an epithet of Roman emperors, seen as a generic title)
3386	كافة	adv	all of, altogether, entirely
3387	ربطة	noun	band, rope, string
3388	ضم	verb	to gather, hoard, join, bring near
3389	حكاية	noun	story, tale; direct speech
3390	نقي	adj	pure; clean, spotless
3391	آخرون	noun	plural of آخِر (ʔāḵir)
3392	عجز	verb	to be or become behindhand, to lag
3393	ماس	verb	to touch; to be in touch, to be in contact
3394	عش	noun	nest
3395	حلاق	noun	barber
3396	اختار	verb	to choose, to make one’s choice
3397	عبقرية	noun	ingenuity, genius, being a genius
3398	حارة	noun	quarter (district of a city), neighbourhood
3399	تألم	verb	to be in pain; to suffer
3400	شركاء	noun	plural of شَرِيك (šarīk)
3401	مقصد	noun	direction, trend, drift
3402	ممرضة	noun	female equivalent of مُمَرِّض (mumarriḍ)
3403	أجمع	verb	to unanimously agree
3404	ليلا	adv	by night
3405	علاقات	noun	plural of عَلَاقَة (ʕalāqa)
3406	تخمين	noun	guess, speculation
3407	أشعة	noun	plural of شُعَاع (šuʕāʕ, “beam”)
3408	مهجور	adj	deserted, abandoned, forsaken
3409	فعال	adj	who does things or realizes them; effecting
3410	رمادي	adj	gray (color)
3411	كبرت	verb	to sulfurize, to sulfurate, to treat with sulfur
3412	تناسب	verb	to be related to one another
3413	مصر	verb	to make Egyptian, to Egyptianize
3414	سيما	noun	alternative form of سِيمَى (sīmā)
3415	تمثل	verb	to make oneself similar, to assimilate oneself
3416	مورد	noun	resource, a place or means whereby one gets access to material or immaterial goods
3417	صراع	noun	conflict, warfare
3418	الغربية	name	Gharbia (a governorate of Egypt)
3419	وسادة	noun	pillow, cushion, bolster
3420	حيا	verb	to greet; to keep alive
3421	ذخيرة	noun	supply, reserve
3422	ثلاثون	num	thirty
3423	مربع	noun	square, quadrangular piece
3424	داخلية	noun	interior
3425	منديل	noun	various kinds of cloth, textile covering
3426	مفيدة	adj	feminine singular of مُفِيد (mufīd)
3427	لكمة	noun	a punch
3428	شفاء	noun	healing, recovery
3429	محاضرة	noun	lecture
3430	زمان	noun	time; age (A particular period of time in history)
3431	موطن	noun	domicile, residence
3432	جمعية	noun	association; club; society; assembly
3433	عامة	noun	the major or most general part (of), the majority or generality (of); most (of), most
3434	تعثر	verb	to crawl, move slowly, creep along, be congested
3435	قلادة	noun	pendant; necklace
3436	مراقب	adj	controlling, supervising
3437	سبح	noun	praise, laudation
3438	اقترب	verb	to approach, to near, to draw near (مِنْ (min) to)
3439	أنفق	verb	to spend
3440	حماس	noun	excitement; enthusiasm; zeal
3441	رحم	verb	to have mercy (upon), have compassion
3442	ساخنة	adj	feminine singular of سَاخِن (sāḵin)
3443	هن	pron	they (feminine plural subject pronoun)
3444	أنجز	verb	to give the finishing stroke to
3445	حظيرة	noun	enclosure, area to keep something
3446	إسقاط	noun	toppling, overthrow
3447	مطيع	adj	obedient
3448	تعويض	noun	compensation; replacement, substitution
3449	أوبرا	noun	opera
3450	اتجاه	noun	a direction
3451	أضاع	verb	to lose; to waste, squander
3452	ترحيب	noun	verbal noun of رَحَّبَ (raḥḥaba) (form II): the act of welcoming; a welcome
3453	هجمة	noun	attack
3454	أدرى	verb	to inform, to notify
3455	كدمة	noun	bruise
3456	ضربات	noun	plural of ضَرْبَة (ḍarba)
3457	فول	noun	fava beans, fava (Vicia faba)
3458	ضايق	verb	to annoy; to harass
3459	أتي	noun	verbal noun of أَتَى (ʔatā) (form I)
3460	مكون	noun	constituent, component
3461	ذوي	noun	accusative dual of ذُو (ḏū)
3462	إياك	pron	you (second person masculine singular object pronoun)
3463	مشابه	noun	plural of شَبَه (šabah)
3464	وتر	verb	to string (as a bow), to provide with a string
3465	أفغانستان	name	Afghanistan (a landlocked country between Central Asia and South Asia)
3466	شبه	verb	to resemble, to bear a resemblance, to be similar
3467	قرض	verb	to gnaw, nibble, to cut a bit from the outer
3468	قسط	verb	to dispense, to allot
3469	نعمة	noun	blessing, grace, benefit
3470	خرب	verb	to demolish, devastate
3471	قطة	noun	a cat
3472	كري	adj	spherical
3473	غروب	noun	set, going down
3474	مبتدئ	adj	beginner; newbie
3475	فو	noun	construct state of فَم (fam)
3476	أسمك	adj	elative degree of سَمِيك (samīk)
3477	أمنية	noun	wish, desire, hope
3478	غرامي	adj	romantic; amorous
3479	بريدي	adj	postal
3480	سبتمبر	name	September (ninth month of the Gregorian calendar)
3481	حراس	noun	plural of حَرَس (ḥaras)
3482	طين	noun	wet or sticky soil, clay, loam; mud
3483	بنزين	noun	petrol, gasoline
3484	منشفة	noun	towel, drying towel
3485	عجل	noun	calf (young head of cattle)
3486	هيكل	noun	temple; structure
3487	قاع	noun	bottom (the lowest part of a container)
3488	ستارة	noun	veil; screen; curtain
3489	أبدي	adj	eternal, everlasting, endless
3490	إدراك	noun	catching up; reaching, attaining, obtaining
3491	تدين	verb	to become religious
3492	احترس	verb	to take care with, to be careful with, to guard against
3493	أحلام	noun	plural of حُلْم (ḥulm)
3494	بينيت	noun	alternative form of بَيْنِيث (baynīṯ)
3495	زراعة	noun	agriculture
3496	مقصود	adj	aimed at, intended
3497	نصب	verb	to set up, to lay, to erect, to raise, to build
3498	موتى	adj	masculine plural of مَيِّت (mayyit) and مَيْت (mayt)
3499	سهلا	noun	indefinite singular accusative of سَهْل (sahl).
3500	تخريب	noun	ruining, destroying
3501	خزنة	noun	treasure house; safe, coffer, vault
3502	ملهى	noun	place of entertainment, stead of amusement
3503	مشجع	verb	active participle of شَجَّعَ (šajjaʕa)
3504	رالف	name	a transliteration of the English male given name Ralph
3505	عشرات	noun	plural of عَشَرَة (ʕašara)
3506	تشرف	verb	to be distinguished, ennobled, honored
3507	تقرر	verb	to be unshakable
3508	عمى	verb	to disguise or conceal
3509	خيالي	adj	imaginary; virtual
3510	طليق	adj	let loose, not constrained
3511	تشكيل	noun	formation, forming, foundation, establishment
3512	أمريكية	adj	feminine singular of أَمْرِيكِيّ (ʔamrīkiyy)
3513	صدم	verb	to strike, to bump, to knock, to hit, to shock
3514	منتظر	adj	active participle of اِنْتَظَرَ (intaẓara)
3515	فوت	verb	to lose, to miss
3516	تفوق	verb	to outperform, to outdo, to outclass
3517	تطير	verb	to see as a bad omen
3518	مرضى	adj	masculine plural of مَرِيض (marīḍ)
3519	محاربة	noun	"fighting; various severe crimes defined as ""waging war against God"""
3520	رامي	name	a male given name, Ramy
3521	تعطل	verb	to stop working, to become unemployed
3522	رسمية	noun	female equivalent of رَسْمِيّ (rasmiyy)
3523	بطريق	noun	patrician; military commander of the Byzantine Empire
3524	ترفض	verb	to be or become bigot, fanatic
3525	عون	noun	help
3526	مؤمن	verb	active participle of آمَنَ (ʔāmana)
3527	تنقل	verb	to move around, to drive, to commute, to navigate
3528	قسوة	noun	hardness, stiffness, rigidity
3529	فاخر	adj	proud, boasting
3530	تاج	noun	crown
3531	أناني	adj	egoistical, selfish, self-centered
3532	كندا	name	Canada (a country in North America)
3533	جري	noun	course, run; watercourse
3534	لغم	noun	mine (which explodes)
3535	تحسين	noun	amelioration, betterment, improvement, beautification
3536	حساسية	noun	sensitivity to stimuli; receptiveness; responsiveness; reactivity
3537	مايو	name	May (fifth month of the Gregorian calendar)
3538	راح	verb	to go in the evening
3539	حراري	adj	thermic, thermal
3540	عيار	noun	calibre
3541	ودى	verb	to take (something or someone somewhere); to bring (something or someone to a location)
3542	فناء	noun	annihilation, evanescence, extinction, perishment
3543	أسباب	noun	plural of سَبَب (sabab)
3544	لحاق	noun	verbal noun of لَحِقَ (laḥiqa) (form I)
3545	تكوين	noun	formation, creation, making, origination
3546	سيرك	noun	circus
3547	شهرة	noun	fame, renown
3548	رماد	noun	ash, ashes
3549	إعداد	noun	verbal noun of أَعَدَّ (ʔaʕadda) (form IV)
3550	جراح	noun	surgeon
3551	إبرة	noun	needle (all senses)
3552	نسر	noun	a vulture; an eagle
3553	ذيل	verb	to furnish with an appendix
3554	شعوري	adj	related to feeling
3555	مقدر	adj	implied, implicit
3556	خمسين	num	genitive/accusative of خَمْسُونَ (ḵamsūna)
3557	معهد	noun	institute
3558	طالبة	noun	female equivalent of طَالِب (ṭālib)
3559	نوعية	noun	specific character, nature, quality
3560	باك	adj	active participle of بَكَى (bakā): weeping, crying
3561	ثقافة	noun	sagacity, intelligence, wit, refinement, culture
3562	راود	verb	to try to convince or persuade (ه someone) (عن-ه about-someone/something)
3563	درب	noun	path, pass, way
3564	نفقة	noun	expense; cost; alimony
3565	التكنولوجيا	noun	definite of تِكْنِلُوجْيَا (tiknulōjyā, “technology”)
3566	صودا	noun	sodium carbonate, soda
3567	أحداث	noun	plural of حَدَث (ḥadaṯ)
3568	بوكر	noun	poker
3569	إقلاع	noun	abstaining, quitting, cessation, discontinuation (especially a bad habit, smoking, etc)
3570	حمقى	noun	plural of أَحْمَق (ʔaḥmaq)
3571	بريطانيا	name	Britain
3572	ألي	noun	verbal noun of أَلَا (ʔalā) (form I)
3573	مواقع	noun	plural of مَوْقِع (mawqiʕ)
3574	ق	name	The 50th sura (chapter) of the Qur'an.
3575	توزيع	noun	distribution, dispensation
3576	ألبوم	noun	album
3577	نمر	noun	tiger; leopard
3578	مسيرة	noun	walk, ride, travel, journey
3579	أنيق	adj	stylish, classy, fashionable, chic, elegant
3580	حرم	verb	to be sacred, to be sacrosanct, to be inviolable
3581	قفاز	noun	verbal noun of قَفَزَ (qafaza) (form I)
3582	إرادة	noun	will, intention, desire
3583	بطن	noun	stomach, abdomen
3584	جذابة	adj	feminine singular of جَذَّاب (jaḏḏāb)
3585	رام	verb	to aspire to, to aim at, to envisage, to propose to oneself, to desire ardently
3586	حدس	verb	to conjecture, to ween, to intuit, to foreknow
3587	جوان	noun	plural of جَانّ (jānn)
3588	شرعية	noun	legality, lawfulness
3589	شطرنج	noun	shatranj; chess
3590	كاف	adj	enough, sufficient
3591	قائل	adj	active participle of قَالَ (qāla, “to say”) sayer, one who said something
3592	أمين	adj	reliable, trustworthy, loyal, responsible
3593	مأمن	noun	shelter, refuge, safe place
3594	خيمة	noun	tent; tarpaulin
3595	عل	verb	to give a second time, to bestow a second time, to apply a second time to
3596	رعى	verb	to graze, to tend (a flock of animals)
3597	هاواي	name	Hawaii (an insular state of the United States, formerly a territory)
3598	نقانق	noun	sausage, baloney
3599	مرتبة	noun	step; rank, degree
3600	خشبي	adj	wooden
3601	وين	noun	black grape
3602	مبالغ	noun	plural of مَبْلَغ (mablaḡ)
3603	ريف	noun	countryside, rural area, thorp land
3604	بعضا	adv	partly
3605	دفتر	noun	register; roster
3606	زهرة	noun	singulative of زَهْر (zahr)
3607	أميرة	noun	female equivalent of أَمِير (ʔamīr)
3608	أقفل	verb	to lock (a door)
3609	شهية	noun	appetite
3610	موسكو	name	Moscow (the capital city of Russia)
3611	توت	noun	mulberry (fruit)
3612	أرضي	adj	earthly, terrestrial
3613	أنجى	verb	to save someone
3614	عظام	adj	masculine plural
3615	تخزين	noun	storage, safekeeping
3616	نظم	verb	to organize, arrange, put in order
3617	الشرقية	name	Sharqia (a governorate of Egypt)
3618	أصر	verb	to persist; to insist
3619	مقياس	noun	standard, scale (for comparison)
3620	خرق	verb	to pierce, to break
3621	شعبة	noun	branch; branch, division, department
3622	عارض	noun	exhibitor; demonstrator
3623	خصوصا	adv	especially, particularly
3624	شرفة	noun	veranda; balcony, loge, theater box
3625	أعز	verb	to cherish; to love
3626	خطوات	noun	plural of خَطْوَة (ḵaṭwa)
3627	حوار	noun	dialogue, conversation
3628	أنتج	verb	to produce, to generate, to bring about
3629	مسمار	noun	nail, pin, peg, wedge, bolt, even a screw
3630	ملصق	noun	poster (placard affixed to a wall or surface, often for advertisement or announcement)
3631	قابلة	noun	midwife, accoucheuse, obstetrician
3632	أحذية	noun	plural of حِذَاء (ḥiḏāʔ)
3633	حزم	verb	to tie up, to bundle, to fasten
3634	نا	pron	us, our (bound object pronoun)
3635	فيزياء	noun	physics
3636	سياج	noun	fence; hedge
3637	خالة	noun	female equivalent of خَال (ḵāl, “maternal uncle”)
3638	تذوق	verb	to taste, to savour
3639	جودة	noun	quality (level of excellence)
3640	فراشة	noun	butterfly
3641	جرأة	noun	boldness, courage
3642	مخبأ	noun	place where something is hidden
3643	معلومة	noun	fact, item of information
3644	فضي	adj	related to silver
3645	رافق	verb	to accompany, to be (someone)'s) companion
3646	مميت	verb	causing death, fatal, deadly, lethal
3647	غش	verb	to act dishonestly toward someone
3648	جرذ	noun	rat
3649	عندئذ	adv	whereupon
3650	أرفض	verb	to finish or get finished
3651	أليف	adj	tame, domesticated (animal)
3652	أدوات	noun	plural of أَدَاة (ʔadāh)
3653	داعر	noun	a male prostitute, whore
3654	تعافى	verb	to recover, to heal
3655	وصية	noun	will, testament, bequest
3656	دروس	noun	plural of دَرْس (dars)
3657	سكرتير	noun	secretary
3658	لواء	noun	banner, flag, standard
3659	روبوت	noun	robot
3660	سليمة	adj	feminine singular of سَلِيم (salīm)
3661	ألو	noun	verbal noun of أَلَا (ʔalā) (form I)
3662	مواد	noun	plural of مَادَّة (mādda)
3663	أولى	verb	to entrust to
3664	ذهن	noun	mind; intellect
3665	غابي	adj	forestial; forested
3666	تأمل	verb	to hope for, to look forward to, to request, to wish
3667	ارتفاع	noun	altitude, height
3668	علن	verb	to become public, to be manifest, to be revealed or made public (of news or an issue)
3669	مكافأة	noun	rewarding; reward, requital
3670	هجرة	noun	migration, emigration, immigration
3671	مهاجم	adj	active participle of هَاجَمَ (hājama)
3672	عميد	noun	headman, dean; brigadier, brigadier general
3673	أنوف	noun	plural of أَنْف (ʔanf)
3674	ممثلة	noun	female equivalent of مُمَثِّل (mumaṯṯil, “actor, representative”)
3675	توفر	verb	to pay respect, honor or regards to
3676	فرن	noun	oven, furnace; bakery
3677	ضفدع	noun	frog; the source of stomach rumbling, the sound of hunger
3678	مدام	adj	passive participle of أَدَامَ (ʔadāma)
3679	أطفأ	verb	to extinguish, to put out (a fire)
3680	قطب	verb	to gather, to collect, to bind together, to contract, to concentrate at one point
3681	تكليف	noun	an act of entrusting or giving authority, commission
3682	الأربعاء	name	Wednesday
3683	تلا	verb	to follow, walk behind another
3684	صارم	adj	sharp, acute, keen (of an edge or point)
3685	خجول	adj	bashful; ashamed
3686	إصدار	noun	verbal noun of أَصْدَرَ (ʔaṣdara) (form IV)
3687	عديمة	adj	feminine singular of عَدِيم (ʕadīm)
3688	أغبياء	noun	plural of غَبِيّ (ḡabiyy, “idiot”)
3689	استدعاء	noun	summoning
3690	عادلة	adj	feminine singular of عَادِل (ʕādil)
3691	عسكرية	noun	female equivalent of عَسْكَرِيّ (ʕaskariyy)
3692	شنيع	adj	ugly, sickening, terrible, repugnant
3693	تقاطع	verb	to intersect; to separate
3694	أنمر	adj	splotched, spotted
3695	بندق	noun	hazelnut; bullet
3696	قرابة	prep	about, almost, approximately, just, nearly, roughly
3697	وحيدا	adj	indefinite masculine accusative singular of وَحِيد (waḥīd)
3698	غيري	adj	altruistic
3699	شريان	noun	artery; strand, vein, strip
3700	فضيحة	noun	scandal; shame
3701	جل	adj	great; bulky
3702	تدير	verb	to take as home
3703	نزال	noun	fight, combat, battle
3704	حسنة	noun	good deed, benefaction
3705	مؤثر	adj	impressive; moving, touching
3706	مملة	adj	feminine singular of مُمِلّ (mumill)
3707	هدايا	noun	plural of هَدِيَّة (hadiyya)
3708	صانع	noun	artisan, artist
3709	خارقة	noun	miracle, supernatural event
3710	أبوان	noun	nominative dual of أَب (ʔab, “father”)
3711	صناديق	noun	plural of صُنْدُوق (ṣundūq)
3712	مرئي	adj	perceived by sight, visual
3713	أعداء	noun	plural of عَدُوّ (ʕaduww)
3714	مغطى	adj	covered, covered up
3715	سفاح	noun	fornication
3716	دهن	verb	to hit, to strike
3717	ثرثرة	noun	garrulity
3718	جدال	noun	argument
3719	تجمد	verb	to freeze, to stiffen, to congeal, to solidify, to ossify
3720	كفالة	noun	guarantee, warranty
3721	مبدأ	noun	beginning, start
3722	مصطلح	noun	term; expression
3723	عمن	prep	contraction of عَنْ (ʕan) + مَنْ (man)
3724	نمو	noun	growth; progress
3725	قياسي	adj	analogical (acquired by analogy)
3726	أثاث	noun	furniture; equipment
3727	جدد	verb	to renew, refresh, restore, refurbish
3728	تمشى	verb	to be in accordance or appropriate
3729	اعتاد	verb	to be or get used to, to accustom oneself to
3730	شارب	noun	drinking; drinker
3731	صادف	verb	to encounter, to meet (by chance), to come across
3732	زحف	verb	to creep, to crawl, to grovel
3733	نسائي	adj	female, women's, ladies'
3734	شيوعي	adj	communist; Communist
3735	فتش	verb	to search, to look for
3736	اشترى	verb	to buy, to purchase
3737	أخسر	verb	fail
3738	أنجب	verb	to beget, to sire, to bear (female or male)
3739	لقيط	noun	foundling (abandoned child, left by its parent)
3740	بريئة	adj	feminine singular of بَرِيء (barīʔ)
3741	دوق	noun	duke
3742	كر	verb	to return, to come back, to recur, to head back
3743	نسخ	verb	to transcribe, to copy
3744	كلبة	noun	female equivalent of كَلْب (kalb): bitch (female dog)
3745	قذف	verb	to throw forcefully; to hurl; to fling; to shoot; to propel
3746	قصيدة	noun	poem
3747	عبء	noun	burden, load, weight
3748	عقبة	noun	that remains as a last in a row of succession
3749	دمار	noun	ruin, destruction, demolition, havoc
3750	ساذج	adj	simple, unrefined, crude, artless
3751	سلف	verb	to be over, to be past
3752	بشرية	noun	humankind, mankind
3753	خطا	verb	to take a step forward, to step
3754	انفجار	noun	explosion
3755	غثيان	noun	nausea
3756	فرع	verb	to ascend, to mount, to overtop; to descend
3757	التقاط	noun	verbal noun of اِلْتَقَطَ (iltaqaṭa) (form VIII)
3758	مراسل	noun	correspondent, reporter, journalist
3759	خضع	verb	to be submissive, be humble
3760	تكبر	verb	to be arrogant
3761	علاوة	noun	addition; rise (of wage or salary)
3762	أرواح	noun	plural of رُوح (rūḥ)
3763	يوليو	name	July (seventh month of the Gregorian calendar)
3764	غواصة	noun	submarine
3765	حافل	adj	rich in, full of
3766	صليب	noun	cross (geometrical figure)
3767	سوفيتي	adj	alternative form of سُوفْيَاتِيّ (suvyātiyy)
3768	ياردة	noun	yard (unit)
3769	سنح	verb	to be easy; to come to mind
3770	أنهض	verb	to raise
3771	عطر	noun	perfume, scent; essence, attar
3772	استطاع	verb	to be able to, to be capable of, can
3773	أعمق	adj	elative degree of عَمِيق (ʕamīq)
3774	بوصة	noun	singulative of بُوص (būṣ, “reed of Phragmites gen.”)
3775	تحسب	verb	to be careful, to be on guard
3776	كراهية	noun	aversion, antipathy, dislike, distaste, disgust, repugnance, hatred, loathing
3777	ورث	verb	to inherit
3778	مقربة	noun	verbal noun of قَرُبَ (qaruba) (form I)
3779	خفي	verb	to be hidden; to be unbeknown
3780	طلاب	noun	plural of طَالِب (ṭālib)
3781	ظاهرة	noun	phenomenon
3782	أفريقي	adj	alternative form of إِفْرِيقِيّ (ʔifrīqiyy, “African”)
3783	نفوذ	adj	penetrating, pervasive
3784	قماش	noun	cloth, material for clothing
3785	احترام	noun	respect
3786	مزاد	noun	auction
3787	حضانة	noun	care (of children)
3788	عاقبة	noun	consequence, ramification, aftermath
3789	ناد	noun	club; association
3790	متعددة	adj	feminine singular of مُتَعَدِّد (mutaʕaddid)
3791	تأثر	verb	to emulate, to imitate, to copy
3792	فلفل	noun	pepper (including sweet peppers, chilis as well as black pepper)
3793	قوس	verb	to be/become bent/curved
3794	أحرى	verb	to make worthy
3795	أضرب	verb	to leave, to abandon, to turn away (from)
3796	لهجة	noun	dialect; manner of speaking
3797	ألفى	verb	to find
3798	تجميع	noun	verbal noun of جَمَّعَ (jammaʕa) (form II)
3799	مش	verb	to suck the marrow from (a bone)
3800	ظروف	noun	plural of ظَرْف (ẓarf)
3801	مجمع	noun	a junction (place where two or more things meet)
3802	مريب	adj	suspicious (raising suspicion), dubious (causing doubt), questionable, fishy, shady
3803	مشروط	adj	passive participle of شَرَطَ (šaraṭa)
3804	جثث	noun	plural of جُثَّة (juṯṯa)
3805	بلدية	noun	township, rural community
3806	سنت	noun	cent
3807	جورب	noun	sock; stocking
3808	أدب	noun	discipline; courtesy, etiquette
3809	مشهورة	adj	feminine singular of مَشْهُور (mašhūr)
3810	رز	noun	rice
3811	بغيض	adj	detestable, dislikable
3812	أكتوبر	name	October (tenth month of the Gregorian calendar)
3813	جوهر	noun	jewel(s); precious stone(s)
3814	استغرق	verb	to absorb; to engross; to overpower
3815	عرضي	adj	transverse, crosswise etc.
3816	خلل	verb	to scour, to toothpick, to poke in
3817	مد	verb	to extend, to stretch, to spread out, to lay out
3818	تسمية	noun	giving a name; name
3819	عاطفية	adj	feminine singular of عَاطِفِيّ (ʕāṭifiyy)
3820	فرص	noun	plural of فُرْصَة (furṣa)
3821	مستقرة	adj	feminine singular of مُسْتَقِرّ (mustaqirr)
3822	افترض	verb	to impose, to order
3823	ضباب	noun	fog
3824	توازن	verb	to be balanced, in an equilibrium
3825	ناعم	adj	soft, tender, delicate, fond
3826	سلحفاة	noun	turtle
3827	كونت	noun	count
3828	قطيع	noun	herd
3829	زقاق	noun	alley, lane, corridor
3830	عليا	adj	feminine singular of أَعْلَى
3831	خدش	verb	to scratch
3832	سيرة	noun	biography, chronicle, romance
3833	منحدر	noun	slope, inclination
3834	شمسية	noun	umbrella; parasol
3835	فرح	verb	to be happy, to be glad, to be merry, to be joyful, to exult, to rejoice (بِ (bi) in)
3836	لأى	verb	to be slow
3837	متقدم	adj	preceding; advanced
3838	أخجل	verb	to embarrass, abash, put to shame
3839	قتيل	adj	killed, murdered
3840	أرملة	noun	widow
3841	سفير	noun	ambassador or mediator
3842	حطام	noun	debris, ruins
3843	ملأك	noun	angel
3844	هجر	verb	break with someone and distance onceself, sever all relations with someone
3845	مدرك	adj	who reaches, who attains
3846	تغوط	verb	to defecate
3847	خدمات	noun	plural of خِدْمَة (ḵidma)
3848	جدوى	noun	avail, benefit
3849	ثمان	num	masculine of ثَمَانِيَة (ṯamāniya, “eight”)
3850	تجارب	noun	plural of تَجْرِبَة (tajriba)
3851	داء	noun	disease, ailment
3852	أسير	noun	prisoner of war, captive
3853	حظر	verb	to fence; to prohibit
3854	عماد	noun	baptism; column, pillar
3855	فر	verb	to flee, run away, run off, escape
3856	أجهل	adj	elative degree of جَاهِل (jāhil)
3857	كمال	noun	perfection, completeness, wholeness
3858	أنظف	adj	elative degree of نَظِيف (naẓīf)
3859	استعد	verb	to prepare oneself for (intransitive), be ready, be prepared
3860	ثقيلة	adj	feminine singular of ثَقِيل (ṯaqīl)
3861	ثوان	noun	plural of ثَانِيَة (ṯāniya)
3862	إباحي	adj	licentious; pornographic, lewd
3863	منخفضة	adj	feminine singular of مُنْخَفِض (munḵafiḍ)
3864	برو	noun	bro
3865	خ	symbol	The twenty-fourth numeral symbol of the Arabic alphabet
3866	منحة	noun	gift; additional money given to the employees; bonus, allowance
3867	موجة	noun	wave, billow, see مَوْج (mawj)
3868	خريف	noun	autumn, fall; harvest
3869	متفق	adj	agreeing (with someone)
3870	حبلى	adj	pregnant
3871	تمساح	noun	crocodile, alligator
3872	مقتنع	adj	convinced, persuaded
3873	ورود	noun	coming, arrival, advent
3874	فيني	name	Feni District (a district of Bangladesh)
3875	الخمس	name	Al-Khums (a city in Tripolitania, Libya)
3876	ممكنة	adj	feminine singular of مُمْكِن (mumkin)
3877	حاوي	name	a surname
3878	ترفع	verb	to deem oneself above something, to look down on
3879	نمل	noun	ants; small pustules or blisters
3880	موسيقية	adj	feminine singular of مُوسِيقِيّ (mūsīqiyy)
3881	خلط	verb	to mix; to mix up, to confuse
3882	مقبر	noun	tomb, grave; graveyard
3883	بدين	adj	fat, corpulent
3884	أسطول	noun	fleet; squadron
3885	حاسم	adj	conclusive, final, crucial
3886	تكرر	verb	to recur, to be repeated
3887	عائق	noun	hindrance, obstacle, impediment, hitch
3888	طفح	verb	to spill over, to overflow, to burst
3889	اهتمام	noun	interest (something one is interested in)
3890	اصعد	verb	alternative form of تَصَعَّدَ (taṣaʕʕada)
3891	روماني	adj	Roman; Romanic
3892	مستقر	adj	sedentary, resident
3893	أغير	adj	elative degree of غَيُور (ḡayūr)
3894	مدمر	noun	destroyer (one who destroys)
3895	مخصص	adj	passive participle of خَصَّصَ (ḵaṣṣaṣa)
3896	صالحة	adj	feminine singular of صَالِح (ṣāliḥ)
3897	الأمم	name	United Nations
3898	سمو	noun	highness
3899	حزمة	noun	bundle; armful
3900	طائرات	noun	plural of طَائِرَة (ṭāʔira)
3901	تراب	noun	earth, soil, ground, dust (organic material, sand, etc., which covers the land)
3902	إلياس	name	Elijah, Elias (prophet)
3903	مزارع	noun	farmer
3904	راهب	noun	monk; priest
3905	الأسد	noun	definite singular of أَسَد (ʔasad)
3906	إيطاليا	name	Italy (a country in Southern Europe)
3907	خيبة	noun	verbal noun of خَابَ (ḵāba) (form I): failure
3908	رف	noun	sill; shelf; whatnot
3909	متاع	noun	property, possessions
3910	ردهة	noun	hall; corridor
3911	بابي	noun	oblique construct state dual of بَاب (bāb)
3912	أصم	adj	deaf
3913	منفصل	adj	separate, separated
3914	مبارك	adj	active participle of بَارَكَ (bāraka).
3915	ميعاد	noun	appointment, date
3916	إفساد	noun	ruining, spoiling, corrupting
3917	تلفون	noun	telephone
3918	ثابتة	noun	female equivalent of ثَابِت (ṯābit)
3919	مدهشة	adj	feminine singular of مُدْهِش (mudhiš)
3920	مخمور	verb	passive participle of خَمَرَ (ḵamara): drunk, intoxicated, inebriated
3921	بحري	adj	related to the sea, maritime, nautical
3922	مائدة	noun	dining table; The food itself
3923	خبيث	adj	evil, wicked, malignant
3924	كريستوفر	name	a male given name from Ancient Greek, equivalent to English Christopher
3925	ليزر	noun	laser
3926	عطل	verb	to lack (مِن (min) something)
3927	منشأة	noun	facility
3928	صلاحية	noun	suitability, appropriateness
3929	ملاكمة	noun	boxing
3930	أغسطس	name	August (eighth month of the Gregorian calendar)
3931	ضر	verb	to harm, to damage
3932	منتزه	noun	park
3933	طيور	noun	plural of طَيْر (ṭayr)
3934	مفعول	noun	done, made; object
3935	شفى	verb	to heal, to cure
3936	كشاف	noun	investigator, pathfinder
3937	خذل	verb	to abandon, to desert or fail to aid in a time of need, to let down
3938	جني	adj	demonic, belonging or relative to genies or jinns
3939	المريخ	name	Mars (planet)
3940	فيرجينيا	name	Virginia (a state of the United States)
3941	رفيع	adj	elevated; high; noble; sublime; fine
3942	طموح	noun	aspiration, ambition
3943	غزال	noun	gazelle; stag, hart; deer; antelope and similar animals
3944	مكسورة	adj	feminine singular of مَكْسُور (maksūr)
3945	هوة	noun	hole, depression, declivity, chasm, gulf, gap
3946	راهبة	noun	nun
3947	ورشة	noun	workshop (small manufacturing room)
3948	جدير	adj	fit, suitable; worthy, deserving
3949	تفاهم	verb	reach an understanding
3950	يونيو	name	June (sixth month of the Gregorian calendar)
3951	تهريب	noun	contraband
3952	أمثل	adj	more perfect, more ideal; most perfect, most ideal
3953	نباتي	adj	vegetarian
3954	مخاطرة	noun	risk, hazard; adventure
3955	محافظة	noun	preservation; conservatism
3956	نشرة	noun	publication, announcement, edict
3957	دعارة	noun	immoral or criminal sexual behaviour, conduct or practices
3958	موسى	noun	razor, blade; knife, pocketknife
3959	مسدود	adj	plugged up, blocked, obstructed, clogged
3960	محاصر	adj	besieger
3961	مرتاحة	adj	feminine singular of مُرْتَاح (murtāḥ)
3962	شروق	noun	sunrise
3963	أقلع	verb	to take off, to head out, to set sail
3964	تنزل	verb	to descend, to come down
3965	تخفيف	noun	alleviation, mitigation, relief (sanction, sentence, burden, etc)
3966	سلا	verb	to forget, to think no more of
3967	موضة	noun	fashion, trend, style, vogue
3968	تحالف	verb	to ally with one another
3969	أقطع	noun	plural of قِطْع (qiṭʕ)
3970	فقرة	noun	vertebra; finest couplet in a poem, choicest saying in rhymed prose
3971	لاسلكي	adj	wireless
3972	تركي	adj	Turkish
3973	جلي	adj	apparent
3974	التقط	verb	to pick up (especially from the ground), to pull up, to catch, to gather
3975	ميس	noun	nettle tree, hackberry
3976	جنين	noun	embryo, foetus; seed germ
3977	نادرة	noun	rarity; rare thing
3978	مسبح	noun	swimming pool
3979	حس	verb	to freeze; to curry (to use a currycomb on a horse)
3980	برميل	noun	barrel, cask, keg, drum
3981	تنحى	verb	to step aside, to make way, to make room
3982	قنينة	noun	bottle, vial
3983	مسن	adj	old, aged
3984	رحيم	adj	merciful; compassionate
3985	شيطاني	adj	satanic, devilish
3986	غرام	noun	infatuation, ardent desire, passion
3987	رواق	noun	drapery, curtain (of a tent)
3988	كاس	verb	to be clever, to be acute in intellect, to have a sharp mind
3989	محددة	adj	feminine singular of مُحَدَّد (muḥaddad)
3990	انتهاء	noun	finishing, completing
3991	نوفمبر	name	November (eleventh month of the Gregorian calendar)
3992	لبن	noun	milk; coagulated sour milk; yogurt (often strained yogurt); “leban”
3993	عازف	adj	one who plays an instrument
3994	نوبي	adj	Nubian
3995	بتة	noun	instance noun of بَتّ (batt, “decision”)
3996	ريفي	adj	pertaining to the countryside, rural, pastoral
3997	مثلا	adv	for example
3998	ميزانية	noun	budget
3999	برتقال	noun	orange, oranges
4000	دراية	noun	knowledge, awareness, understanding
4001	سور	noun	wall that encloses and protects a building
4002	مهارات	noun	plural of مَهَارَة (mahāra)
4003	متخصص	noun	specialist, expert
4004	إشعاع	noun	radiation
4005	شيلي	name	alternative form of تْشِيلِي (tšīlī, “Chile”)
4006	راب	verb	to be thick, to solidify
4007	وقح	adj	shameless, brazen, impudent
4008	مخافة	noun	fear
4009	مجاورة	noun	neighborhood (nearby area)
4010	مخلوقات	noun	plural of مَخْلُوق (maḵlūq)
4011	شواء	noun	broiled or grilled meat, barbecue
4012	دعك	verb	to rub, to scrub, to swab, to soften by applying pressure
4013	عناق	noun	hugging, embracement
4014	فزع	verb	to be terrified, to be afraid
4015	قمار	noun	gambling
4016	بيد	prep	for the sake of, because of
4017	وي	intj	how, wow (expression of positive or negative surprise)
4018	عال	verb	to provide for, to sustain
4019	مسحوق	noun	powder
4020	فرض	verb	to ordain; to make obligatory, to oblige
4021	أولوية	noun	priority; precedence (an item's relative importance)
4022	صقر	noun	falcon; hawks
4023	تبنى	verb	to adopt; to claim responsibility for an event that took place
4024	خردة	noun	scrap, metalware
4025	أكسجين	noun	oxygen
4026	مزعجة	adj	feminine singular of مُزْعِج (muzʕij)
4027	خد	noun	cheek
4028	جرام	noun	alternative spelling of غْرَام (grām): gram
4029	حلوة	adj	feminine singular of حُلْو (ḥulw)
4030	حضارة	noun	civilization; urbanization
4031	آلو	intj	hello (when answering the telephone)
4032	عمال	noun	plural of عَامِل (ʕāmil)
4033	خصوصي	adj	particular, peculiar, special
4034	برجل	noun	synonym of بِرْكَار (birkār)
4035	صبور	adj	habitually patient
4036	شنق	verb	to hang (something; someone on a gallows)
4037	وحوش	noun	plural of وَحْش (waḥš)
4038	استعمال	noun	use
4039	تدليك	noun	massage
4040	ناقل	verb	to inform, to report
4041	خيب	verb	to thwart, to frustrate, to defeat
4042	نبأ	noun	news, tidings, story
4043	نفد	verb	to be exhausted
4044	متسلسل	adj	in continuous link like a chain
4045	مفصل	noun	knuckle; skeletal joint
4046	مستنقع	noun	swamp, quagmire
4047	تخفيض	noun	lowering; decrease
4048	تركيب	noun	installation, putting up
4049	شد	verb	to be or become firm, solid, hard, strong
4050	جبال	noun	plural of جَبَل (jabal)
4051	اعتراض	noun	demure, rebuke, disagreement, reproval, censure
4052	تمزق	verb	to be or become torn or shredded
4053	عجيب	adj	wonderful, marvelous
4054	أركض	verb	to reach pregnancy stage when embryo begins to move
4055	مسؤولة	adj	feminine singular of مَسْؤُول (masʔūl)
4056	جورجيا	noun	lemongrass, Cymbopogon
4057	مبني	adj	passive participle of بَنَى (banā)
4058	اقترح	verb	to urge; to improvise, speak extemporaneously
4059	طب	noun	medicine (field of study)
4060	صخرة	noun	boulder, rock
4061	سواك	noun	a stick made particularly from a toothbrush tree (Salvadora persica) for cleansing teeth
4062	حوى	verb	to gather, assemble, accumulate, gain
4063	أعماق	noun	plural of عَمْق (ʕamq, “depth, bottom”)
4064	تلاشى	verb	to vanish, to (slowly or gradually) disappear, to pass away, to be scattered
4065	بصر	verb	to see
4066	عيان	adj	tired
4067	غزو	noun	intention, goal
4068	توظيف	noun	employment; investment
4069	تشاد	name	Chad (a country in Central Africa)
4070	طوكيو	name	Tokyo (a prefecture, the capital city of Japan)
4071	مسلي	adj	amusing, fun, interesting, entertaining
4072	لاصق	verb	to be next to, close to, to neighbor, touch, abut, flank, border on, adjoin
4073	خضراء	adj	feminine singular of أَخْضَر (ʔaḵḍar)
4074	تمييز	noun	being able to tell the difference
4075	وظائف	noun	plural of وَظِيفَة (waẓīfa)
4076	أشد	adj	elative degree of شَدِيد (šadīd)
4077	خلاص	noun	liberation, deliverance, riddance
4078	وسيط	adj	intermediary, intermediating
4079	كمين	noun	ambush, ambuscade
4080	طوارئ	noun	emergency
4081	محبة	noun	love
4082	متواضع	adj	humble, modest; insignificant
4083	وباء	noun	epidemic
4084	لوز	noun	almond; almond tree
4085	تشخيص	noun	diagnosis
4086	طازج	adj	fresh; healthy, sound, pure
4087	عقدة	noun	knot; knot, nautical mile
4088	ثعلب	noun	fox (Vulpes vulpes)
4089	كرا	verb	to dig, to excavate
4090	ذهبية	adj	feminine singular of ذَهَبِيّ (ḏahabiyy)
4091	عنب	noun	grapes
4092	معادلة	noun	equation
4093	دوم	verb	to turn in a circle, to rotate, to spin, to twirl
4094	ثانوية	adj	feminine singular of ثَانَوِيّ (ṯānawiyy)
4095	فانا	name	a male given name from Coptic
4096	فلين	noun	cork, the bast of the cork oak
4097	مهبل	noun	vagina
4098	إدمان	noun	addiction; mania
4099	مكروه	adj	disliked, hated
4100	تعيس	noun	wreck; unfortunate person
4101	غموض	noun	obscurity, difficulty
4102	أهدر	verb	to permit to run off
4103	أستراليا	name	Australia
4104	حساسة	noun	female equivalent of حَسَّاس (ḥassās)
4105	سخافة	noun	absurdity, silliness
4106	عليهما	prep	second-person dual masculine/feminine of عَلَى (ʕalā)
4107	مسلم	noun	Muslim
4108	مستأجر	noun	lodger, tenant
4109	كيمياء	noun	chemistry
4110	عنصري	adj	racial, ethnic; racist
4111	حلول	noun	verbal noun of حَلَّ (ḥalla) (form I)
4112	أفق	noun	horizon; field of vision
4113	ألماس	noun	diamond
4114	تعدى	verb	to encroach, to exceed, to go beyond
4115	التهاب	noun	burning; inflammation
4116	مترجم	noun	translator; interpreter
4117	أغار	verb	to attack, to raid, to invade
4118	شوارع	noun	plural of شَارِع (šāriʕ)
4119	سالم	verb	to make peace with, to treat peaceably, to make up with
4120	ربي	noun	many a man
4121	جرين	noun	Ḥijāzi and Yemenite form of جُرْن
4122	سلالة	noun	descendancy, lineage, pedigree (seen to both directions)
4123	فائت	adj	past, former
4124	واجهة	noun	face, front; facade
4125	أسماك	noun	plural of سَمَك (samak)
4126	نكهة	noun	exhaled smell, aroma, scent
4127	حبة	noun	grain; pill
4128	مقيم	adj	dwelling, residing
4129	حسابات	noun	plural of حِسَاب (ḥisāb)
4130	عواقب	noun	plural of عَاقِبَة (ʕāqiba)
4131	باص	noun	bus
4132	نذل	adj	despicable, lowly
4133	قتلة	noun	manner of killing
4134	أوهايو	name	Ohio (a state of the United States)
4135	متوفر	adj	ample; abundant; plentiful
4136	مناطق	noun	plural of مِنْطَقَة (minṭaqa)
4137	زيف	noun	falsity, falsehood, fallacy
4138	موثوق	adj	passive participle of وَثِقَ (waṯiqa)
4139	فاجأ	verb	to overtake, to descend upon or confront unexpectedly, to ambush; to surprise
4140	محض	verb	to be or become sincere with
4141	أولي	adj	prime, primary, primordial, original, initial, first
4142	جروح	noun	plural of جُرْح (jurḥ)
4143	أكاديمي	adj	academic
4144	إضعاف	noun	weakening, debilitating, undermining
4145	صريحة	adj	feminine singular of صَرِيح (ṣarīḥ)
4146	خوذة	noun	a helmet
4147	فضة	noun	silver
4148	شقي	verb	to be unhappy, to be miserable
4149	معدن	noun	mine, lode, place where a mineral is found
4150	ناتج	adj	resulting, resultant, arising (from)
4151	بلاء	noun	affliction, plague, scourge, bane
4152	شن	verb	to launch (war; campaign)
4153	فوري	adj	instantaneous, prompt, immediate
4154	جن	verb	to cover, to hide, to conceal, to veil
4155	دري	adj	twinkling
4156	حبيبة	noun	little grain, small kernel
4157	زائدة	noun	anything excessive or superfluous, appendix, excess, redundancy, nodule, polyp
4158	الثور	noun	definite singular of ثور
4159	رتبة	noun	step; grade, degree, condition
4160	نيس	name	Nice
4161	نصح	verb	to give sincere advice, to counsel
4162	شروط	noun	plural of شَرْط (šarṭ)
4163	أوب	verb	to return, to come back, to come home
4164	أرمني	adj	Armenian
4165	أفسح	verb	to make room
4166	دعاية	noun	advertising; advertisement, ad
4167	عابر	adj	passerby; transgender
4168	يتبع	intj	to be continued
4169	أوز	noun	alternative form of إِوَزّ (ʔiwazz)
4170	سارق	verb	to wiretap; to steal (in certain expressions)
4171	مفرط	adj	excessive
4172	ألين	adj	elative degree of لَيِّن (layyin), elative degree of لَيْن (layn)
4173	معكرونة	noun	pasta; macaroni
4174	مترو	noun	metro, underground
4175	آلات	noun	plural of آلَة (ʔāla)
4176	أكسل	adj	elative degree of كَسْلَان (kaslān)
4177	تصاب	verb	to drink the remains
4178	زبد	verb	to feed (someone) butter
4179	طابع	noun	postage stamp; stamp (for printing, etc.)
4180	أبق	verb	to run away, to flee
4181	رطل	noun	rottol; pound
4182	علماء	noun	plural of عَالِم (ʕālim)
4183	فحم	noun	cinder; coal; charcoal
4184	متمرد	adj	rebellious, disobedient, insubordinate, defiant
4185	مخطوب	adj	engaged
4186	أطباء	noun	plural of طَبِيب (ṭabīb)
4187	برامج	noun	plural of بَرْنَامَج (barnāmaj)
4188	أقوياء	adj	masculine plural of قَوِيّ (qawiyy)
4189	مرآة	noun	mirror
4190	نوح	noun	crying out in grief, wailing, sobbing, loud weeping, lamentation, lamenting, ululation
4191	مطرود	adj	passive participle of طَرَدَ (ṭarada, “to expel”)
4192	كمان	noun	violin
4193	همس	verb	to whisper; to mumble
4194	أبواب	noun	plural of بَاب (bāb)
4195	مدفع	noun	gun; cannon
4196	حبر	noun	ink; beauty
4197	تجرب	verb	to be tried or tested
4198	تكاليف	noun	plural of تَكْلِيف (taklīf)
4199	قص	verb	to cut; to cut (“to remove and place in memory in order to paste at a later time”)
4200	تقليل	noun	reducing, decrease
4201	أمم	verb	to nationalize
4202	سوار	noun	bracelet
4203	تذكير	noun	masculine gender
4204	قرع	verb	to knock, rap, strike
4205	بس	verb	to crush
4206	ويسكي	noun	whiskey
4207	بمناسبة	prep	with reference to
4208	ميزة	noun	advantage, feature
4209	ضباط	noun	plural of ضَابِط (ḍābiṭ)
4210	بالون	noun	balloon
4211	بلاد	noun	plural of بَلَد (balad)
4212	علام	particle	on what?
4213	أقنعة	noun	plural of قِنَاع (qināʕ)
4214	حلقات	noun	plural of حَلْقَة (ḥalqa)
4215	دوران	noun	rotation, circulation
4216	ساد	verb	to be master, to have power, to rule
4217	جولف	noun	golf
4218	تدقيق	noun	careful consideration
4219	لطفاء	adj	masculine plural of لَطِيف (laṭīf)
4220	هار	verb	to be destroyed, crash down, fall down, collapse
4221	نشوة	noun	intoxication, ebriety
4222	أنكر	verb	to deny
4223	يوناني	adj	Greek
4224	بالتوفيق	intj	good luck
4225	مجموعات	noun	plural of مَجْمُوعَة (majmūʕa)
4226	كلبي	adj	canine, having to do with dogs
4227	مقيد	adj	restricted, constrained, bound
4228	بصري	adj	visual, optical
4229	معادن	noun	plural of مَعْدِن (maʕdin)
4230	مشوي	adj	grilled
4231	جليدي	adj	icy, connected to ice
4232	تعليمات	noun	plural of تَعْلِيمَة (taʕlīma)
4233	محبوس	adj	passive participle of حَبَسَ (ḥabasa)
4234	أضحك	verb	to make (someone) laugh (مِن (min) about)
4235	رمية	noun	throw; shot
4236	منازل	noun	plural of مَنْزِل (manzil)
4237	وجيه	adj	eminent, distinguished, decorous, respected, beseeming
4238	مريم	name	a female given name
4239	لئيم	adj	sneaky, nasty, vicious, vile, miscreant, sordid, dishonest
4240	سمين	adj	fat, corpulent; buttered, greased
4241	سفارة	noun	embassy; office of a mediator
4242	ديان	noun	judge (said of God)
4243	رشوة	noun	bribe
4244	خافت	verb	to ruminate, to make a faint continuous chewing noise (of camels and cattle)
4245	منتجع	noun	resort
4246	مرء	noun	alternative form of اِمْرُؤ (imruʔ, “man, person”)
4247	تصويب	noun	verbal noun of صَوَّبَ (ṣawwaba) (form II)
4248	ديسمبر	noun	December (twelfth month of the Gregorian calendar)
4249	أدوية	noun	plural of دَوَاء (dawāʔ)
4250	هندسة	noun	geometry; architecture
4251	دمي	verb	to bleed (of a wound or injury)
4252	عرب	verb	to translate into Arabic
4253	قبيحة	adj	feminine singular of قَبِيح (qabīḥ)
4254	بيولوجي	adj	biological
4255	ماكر	noun	planner
4256	خصية	noun	the testicle
4257	إبل	noun	camels
4258	تسكن	verb	to become poor; to imitate poverty, to imitate the poor
4259	تعليمي	adj	educational, instructive
4260	سدد	verb	to direct, to aim
4261	مجاملة	noun	verbal noun of جَامَلَ (jāmala) (form III)
4262	إكمال	noun	verbal noun of أَكْمَلَ (ʔakmala) (form IV)
4263	كبرى	adj	feminine singular of أَكْبَر (ʔakbar)
4264	مريحة	adj	feminine singular of مُرِيح (murīḥ)
4265	تكلفة	noun	cost; toilsome work
4266	اللذين	pron	accusative masculine dual of اَلَّذِي (allaḏī, “who, that, which”)
4267	شغب	verb	to cause riots, uproar, strife among
4268	أحاط	verb	to surround, encircle, ring
4269	مصادر	noun	plural of مَصْدَر (maṣdar)
4270	سفن	verb	to skin, to peel, to strip by abrasion
4271	لحية	noun	beard
4272	فل	verb	to notch, to nick
4273	جر	verb	to pull, to draw, to drag, to attract
4274	رجلان	noun	plural of رَاجِل (rājil)
4275	كثرة	noun	plentiness, abundance, multitude
4276	أعراض	noun	plural of عَرْض (ʕarḍ)
4277	هذي	noun	verbal noun of هَذَى (haḏā) (form I)
4278	ختم	verb	to seal
4279	إشارات	noun	plural of إِشَارَة (ʔišāra)
4280	عراك	noun	fight
4281	جذر	verb	to uproot, to tear out by the roots
4282	استدر	verb	to stream, to flow
4283	فساد	noun	corruption; rottenness, spoiledness
4284	تابوت	noun	box, case, chest, coffer, ark
4285	مقبض	noun	handle; hilt
4286	شعبية	adj	feminine singular of شَعْبِيّ (šaʕbiyy)
4287	بطانية	noun	blanket
4288	شبيه	adj	similar, resembling
4289	صيفي	adj	summery, aestival
4290	شقراء	adj	feminine singular of أَشْقَر (ʔašqar)
4291	صاخب	adj	noisy
4292	قرون	noun	plural of قَرْن (qarn)
4293	حاسب	verb	to settle an account, to get even
4294	يانصيب	noun	lottery, lotto
4295	مخلب	noun	claw, nail, talon
4296	اختراق	noun	piercing, penetration
4297	أذل	verb	to degrade, to humiliate, to despise
4298	واقعة	noun	event, incident
4299	قبلي	adj	southern, meridional
4300	فقري	adj	spinal, vertebral
4301	قسيس	noun	priest, clergyman, minister, pastor, parson
4302	إضاءة	noun	illumination
4303	نغمة	noun	melody, tone, sound
4304	تاريخي	adj	historical; historic
4305	مدافع	noun	defender
4306	تفاعل	verb	to interact; to combine (with something), to react
4307	مكانة	noun	place, location, position
4308	مدبر	noun	designer, maker, arranger
4309	مضاعفة	noun	doubling, multiplication
4310	مل	verb	to sew with large stitches
4311	طرأ	verb	to encroach upon, to pour in upon, to come unforeseen to
4312	مديرة	noun	female principal, manager, headmistress
4313	أشكال	noun	plural of شَكْل (šakl)
4314	نحوي	adj	syntactical; grammatical
4315	محامية	noun	female equivalent of مُحَامٍ (muḥāmin)
4316	صيحة	noun	instance noun of صَاح (ṣāḥ): an instance of yelling; a yell, a shout, a scream
4317	دبابة	noun	tank, armoured vehicle
4318	هز	verb	to shake, to move quickly and jerkily up and down
4319	تصدر	verb	to preside, to head
4320	أضعف	adj	elative degree of ضَعِيف (ḍaʕīf)
4321	ندبة	noun	scar
4322	يوسف	name	Joseph, a Hebrew patriarch
4323	صيانة	noun	protection; maintenance (keeping a machine in operation)
4324	جاهد	verb	to endeavor, to strive
4325	رسوم	noun	plural of رَسْم (rasm)
4326	طفا	verb	to float
4327	غراب	noun	crow, raven; a ship, corvet, sloop
4328	تكنولوجيا	noun	technology
4329	معلق	adj	suspended, hanging
4330	تجادل	verb	to argue, dispute, to have an argument
4331	فيتنام	name	Vietnam (a country in Southeast Asia)
4332	صالون	noun	reception hall, salon
4333	تعاطف	verb	to sympathize with each other
4334	عموم	noun	generality, prevalence
4335	فرشاة	noun	brush
4336	قنابل	noun	plural of قُنْبُلَة (qunbula)
4337	قضيبي	adj	phallic, penile
4338	مقاس	noun	size, dimension, measurement
4339	غائب	adj	concealed, hidden, occult
4340	قذيفة	noun	projectile; missile, bomb, shell
4341	جاب	verb	to traverse
4342	سنى	verb	to raise, to elevate
4343	ترفيه	noun	verbal noun of رَفَّهَ (raffaha) (form II)
4344	تخم	verb	to suffer indigestion, to be troubled with glut
4345	سجاد	noun	who performs Sujud a lot (prostration to God during prayer)
4346	ملأ	verb	to fill; to satisfy (the heart)
4347	مجاور	adj	adjacent, neighboring
4348	تدريس	noun	teaching, schooling
4349	تغذية	noun	verbal noun of غَذَّى (ḡaḏḏā) (form II)
4350	أنظمة	noun	plural of نِظَام (niẓām)
4351	طلاء	noun	tar, pitch, paint, liniment, oil, ointment, varnish, plaster, etc.
4352	جود	adj	masculine plural of جَوَاد (jawād)
4353	نووية	adj	feminine singular of نَوَوِيّ (nawawiyy)
4354	كولومبيا	name	Colombia (a country in South America)
4355	بوم	noun	owl, owls
4356	طماطم	noun	tomatoes
4357	شرطية	noun	policewoman; female police officer
4358	فدية	noun	ransom; fidyah
4359	غلب	verb	to conquer, to defeat, to overcome, to surpass, to vanquish
4360	مزيج	noun	mixture, blend
4361	جسمي	adj	bodily, physical
4362	بئر	noun	well, spring, water-pit
4363	معلمة	adj	feminine singular of مُعَلَّم (muʕallam)
4364	حربي	adj	military (relating to war)
4365	ترخيص	noun	authorization, permission
4366	نقدي	adj	monetary; cash
4367	صابون	noun	soap
4368	اللاتي	pron	feminine plural of اَلَّذِي (allaḏī, “who, that, which”)
4369	اضطراب	noun	disturbance; disorder
4370	تسلية	noun	verbal noun of سَلَّى (sallā)
4371	بم	particle	with what?
4372	فريدة	adj	feminine singular of فَرِيد (farīd)
4373	عقود	noun	plural of عَقْد (ʕaqd)
4374	تعجب	verb	to wonder (intransitive), be astonished
4375	رؤى	noun	plural of رُؤْيَا (ruʔyā)
4376	مجهولة	adj	feminine singular of مَجْهُول (majhūl)
4377	القدس	name	Jerusalem
4378	عروض	noun	a path or road lying to the side or obliquely or on a declivity
4379	تنكر	verb	to dress up, to disguise oneself
4380	ملاحقة	noun	pursuit
4381	مالية	noun	treasury; financial system
4382	مشرح	noun	anyone who dissects – particularly
4383	خرافة	noun	plucked up fruits
4384	مسيح	adj	anointed
4385	تحفة	noun	masterpiece, curiosity, rarity
4386	دنيا	noun	this mortal life; life in this world
4387	ضغينة	noun	grudge, resentment, malice, dissembled hate
4388	قرارات	noun	plural of قَرَار (qarār)
4389	مخفي	adj	passive participle of خَفَى (ḵafā)
4390	زبدة	noun	butter; cream
4391	حصري	adj	exclusive
4392	دارين	name	a female given name
4393	نزاع	noun	conflict, quarrel, dispute, lawsuit, agony
4394	حركات	noun	plural of حَرَكَة (ḥaraka)
4395	مرغوب	adj	desired, wished (for)
4396	ملاحظات	noun	plural of مُلَاحَظَة (mulāḥaẓa)
4397	بلاستيكي	adj	related to plastic
4398	أجر	verb	to reward, to pay, to compensate
4399	هوس	verb	to be confounded, to be dazzled
4400	ألطف	adj	elative degree of لَطِيف (laṭīf)
4401	انفراد	noun	verbal noun of اِنْفَرَدَ (infarada) (form VII)
4402	تاق	verb	to yearn for; to desire; to crave
4403	يناير	name	January (first month of the Gregorian calendar)
4404	ضجيج	noun	noise, clamor, tumult
4405	صفارة	noun	what makes a shrill sound to raise attention, siren, whistle, and the like
4406	أوائل	adj	masculine plural of أَوَّل (ʔawwal)
4407	إستوديو	noun	studio
4408	مدمنة	noun	female equivalent of مُدْمِن (mudmin)
4409	عضوية	noun	membership
4410	تشجيع	noun	verbal noun of شَجَّعَ (šajjaʕa) (form II) encouragement
4411	زائف	adj	fake, counterfeit, bogus
4412	عارضة	noun	a cross-piece of wood, beam, lintel, girder and the like
4413	أعين	noun	plural of عَيْن (ʕayn)
4414	ماعز	noun	male goat, billy goat
4415	تجريبي	adj	empirical
4416	استسلم	verb	to surrender, to give up
4417	اتبع	verb	to follow; to reach
4418	ماكياج	noun	makeup
4419	وفاق	noun	accordance, conformity
4420	ممتلئة	adj	feminine singular of مُمْتَلِئ (mumtaliʔ)
4421	غنية	adj	feminine singular of غَنِيّ (ḡaniyy)
4422	جزم	verb	to cut off; to judge, to decide
4423	بلوغ	noun	reaching, attaining
4424	مخبول	adj	mentally ill, insane, crazy, demented, retarded
4425	نقم	verb	to loathe; to resent
4426	خام	adj	raw, crude, unprocessed
4427	انضم	verb	to be put together, to be gathered, to be collected, to be contracted
4428	مغسلة	noun	washbasin; washstand
4429	براءة	noun	verbal noun of بَرِئَ (bariʔa) (form I)
4430	مقاعد	noun	plural of مَقْعَد (maqʕad)
4431	مشعوذ	noun	wizard, warlock, hexer (someone who claims to have supernatural powers to deceive people)
4432	حجار	noun	stonecutter, stonemason
4433	زمام	noun	reins; power, control, leads, initiative, reins
4434	ترياق	noun	antidote, counter-remedy, panacea, antitoxin, theriac, treacle
4435	حمولة	noun	burden, capacity
4436	رمح	noun	spear
4437	إظهار	noun	publication; explanation
4438	غرباء	noun	plural of غَرِيب (ḡarīb)
4439	منشغل	adj	busy, engaged, occupied
4440	مقطوعة	adj	feminine singular of مَقْطُوع (maqṭūʕ)
4441	مكنة	noun	capability, capacity, ability, strength
4442	ملون	adj	colorful, colored/coloured
4443	قطرة	noun	a drop (of liquid)
4444	شهري	adj	monthly
4445	تذمر	verb	complain, grumble (intransitive)
4446	زنج	name	Zanj, a certain part of the east coast of Africa.
4447	مدفون	verb	passive participle of دَفَنَ (dafana) buried
4448	تنازل	verb	to give up, renounce, resign, waive, forgo, yield, surrender, abandon, relinquish [+عَنْ
4449	تجديد	noun	renewal, restoration
4450	ضوئي	adj	relating to light, luminous, photic
4451	أبدى	verb	to disclose; to express
4452	كفاءة	noun	equality; adequacy
4453	فاسق	adj	sinful, lewd, debauched, libertine, adulterous
4454	دماغي	adj	related to the brain
4455	ريب	noun	doubt, suspicion, uncertainty
4456	بوليس	noun	police
4457	مؤشر	noun	indicator, index, pointer
4458	أفلت	verb	to escape, to get or be set free
4459	ص	name	The 38th sura (chapter) of the Qur'an.
4460	كافح	verb	to manage, to control, to superintend
4461	آش	name	Ash
4462	سباحة	noun	verbal noun of سَبَحَ (sabaḥa) (form I): swimming
4463	راد	verb	to return, give back, requite
4464	سوداني	adj	Sudanese
4465	سرع	verb	to be quick, to hurry
4466	إتمام	noun	completion, finalization
4467	هامة	noun	vermin, crawler, creeper
4468	فينا	name	Vienna (the capital city of Austria)
4469	أجبن	adj	more cowardly
4470	تنبيه	noun	warning, cautioning
4471	مذ	prep	alternative form of مُنْذُ (munḏu)
4472	تسمم	verb	to be poisoned, to poison oneself
4473	تساقط	verb	to fall down successively or gradually
4474	مزق	verb	to tear, to tear to pieces
4475	انتحار	noun	suicide
4476	رقد	verb	to sleep, to fall asleep
4477	ع	character	Z, unknown variable.
4478	حسبما	conj	according to, from what, depending on
4479	قدرات	noun	plural of قُدْرَة (qudra)
4480	كرامة	noun	dignity; miracle, wonder (that happens to a pious person)
4481	مثيل	adj	like, similar, analogous
4482	عداء	noun	runner
4483	أسطوانة	noun	column; prism, including cylinder
4484	أبطال	noun	plural of بَطَل (baṭal)
4485	شعلة	noun	a flame; a firebrand, a piece of wood in which fire is kindled
4486	تقبيل	noun	verbal noun of قَبَّلَ (qabbala) (form II)
4487	ويس	intj	a word used to denote compassion, or pity, and admiration of one's beauty
4488	ابتسامة	noun	smile
4489	دورية	noun	patrol
4490	عنيفة	adj	feminine singular of عَنِيف (ʕanīf)
4491	إبراهيم	name	Abraham; The 14th sura (chapter) of the Qur'an.
4492	صحية	adj	feminine singular of صِحِّيّ (ṣiḥḥiyy)
4493	أهلي	adj	domesticated, tame
4494	طائفة	noun	band, bevy, covey, drove, group, swarm, troop
4495	متعدد	adj	multiple; numerous
4496	أصرخ	verb	to help
4497	بالعكس	adv	on the contrary
4498	هبة	noun	gift, donation
4499	تصعد	verb	to become difficult or distressing, to give trouble or requiring more effort
4500	تطوع	verb	to do voluntarily, to volunteer for
4501	مظلة	noun	umbrella, parasol, shade
4502	أورى	verb	to kindle, to fire, to set fire
4503	مقتول	adj	passive participle of قَتَلَ (qatala, “to kill”)
4504	بركان	noun	volcano
4505	دخيل	adj	alien, extraneous (of foreign origin)
4506	متنزه	noun	park, promenade, walk, stroll
4507	مقفل	adj	active participle of أَقْفَلَ (ʔaqfala)
4508	مغرور	adj	misled; deceived; fooled
4509	مقلي	adj	passive participle of قَلَى (qalā).
4510	مصحة	noun	clinic, sanatorium
4511	سرا	adv	secretly
4512	عصفور	noun	any small bird; sparrow
4513	مطابقة	noun	conformity; matching
4514	فجوة	noun	interval, distance
4515	رباعي	adj	consisting of four, quadripartite, fourfold, quadruple
4516	طباخ	noun	cook
4517	مختبئ	adj	hiding
4518	عاتق	noun	shoulder
4519	مفاوضة	noun	negotiation, parley, talk
4520	منتظم	adj	regular; organized
4521	ديون	noun	plural of دَيْن (dayn)
4522	شظية	noun	splinter, sliver
4523	مصارع	noun	wrestler, fighter
4524	كتيبة	noun	battalion
4525	شاعر	noun	poet; bard
4526	أنشأ	verb	to create, to establish, to found
4527	ليالي	noun	plural construct state of لَيْلة (layla)
4528	شمعة	noun	singulative of شَمْع (šamʕ)
4529	أكياس	noun	plural of كِيس (kīs)
4530	محلية	adj	feminine singular of مَحَلِّيّ (maḥalliyy)
4531	منفذ	noun	outlet; vent
4532	علب	noun	plural of عُلْبَة (ʕulba)
4533	حوادث	noun	plural of حَادِث (ḥādiṯ)
4534	محام	adj	active participle of حَامَى (ḥāmā).
4535	آنذاك	adv	then, at that time
4536	خليط	noun	mixture, blend (مِن of)
4537	أفرغ	verb	to empty
4538	بهجة	noun	joy, happiness
4539	لعق	verb	to lick; to scrape off the dish
4540	زملاء	noun	plural of زَمِيل (zamīl)
4541	صمم	verb	to deafen (someone)
4542	هود	noun	Jews
4543	يوميا	adv	daily
4544	توب	noun	verbal noun of تَابَ (tāba) (form I)
4545	رين	noun	sin, vice; dirt
4546	موكب	noun	convoy, escort; procession, parade
4547	ضلع	verb	to side; to cooperate, to make common cause
4548	فصيلة	noun	offshoot, faction
4549	كربون	noun	carbon
4550	كرم	verb	to be or become noble
4551	قارة	noun	continent
4552	نيران	noun	plural of نَار (nār)
4553	مظلمة	noun	verbal noun of ظَلَمَ (ẓalama) (form I)
4554	ملحوظ	adj	looked at, observed, observable
4555	عازب	noun	bachelor
4556	شارون	name	Charoun, a village in Aley district, Lebanon
4557	رؤوس	noun	plural of رَأْس (raʔs)
4558	عمياء	adj	feminine singular of أَعْمَى (ʔaʕmā)
4559	مضيف	noun	host
4560	مدرج	noun	runway, airstrip
4561	ضيوف	noun	plural of ضَيْف (ḍayf)
4562	اختطاف	noun	kidnapping, hijacking
4563	تحرش	verb	to provoke, to pick a quarrel
4564	مصل	noun	whey; serum
4565	تسريب	noun	verbal noun of سَرَّبَ (sarraba) (form II)
4566	هاته	pron	this
4567	مرجح	adj	high-quality, having more in its favor, preponderant, predominant
4568	جمعة	noun	week; Friday
4569	ضرورية	adj	feminine singular of ضَرُورِيّ (ḍarūriyy)
4570	ليرة	noun	pound (denomination of currency used in Syria and Lebanon)
4571	منعطف	noun	turn (change of direction), curve, bend
4572	مضايقة	noun	annoyance, anger
4573	بقى	verb	to stay, remain, persist, survive
4574	عتيق	adj	antique, ancient, archaic, old
4575	غرين	noun	silt, alluvial sludge
4576	طريف	adj	witty, amusing, agreeable
4577	وقاحة	noun	flagrancy, insolence, rudeness, shamelessness, brazenness, audacity
4578	تعادل	verb	to be equal, to be on the same level
4579	واسطة	noun	intermediary; agent, means, medium
4580	بلاغ	noun	notification, communiqué, statement, notice, memorandum
4581	جير	noun	chalk, lime
4582	محظور	adj	forbidden, banned
4583	فظ	verb	to be rude
4584	ذروة	noun	peak, summit, uppermost part, vertex
4585	موجات	noun	plural of مَوْجَة (mawja)
4586	نظارات	noun	plural of نَظَّارَة (naẓẓāra)
4587	وريث	noun	heir
4588	عضلات	noun	plural of عَضَلَة (ʕaḍala)
4589	مثلى	adj	feminine singular of أَمْثَل (ʔamṯal)
4590	كسا	verb	to clothe, to attire
4591	مسخ	verb	to transform, transmute, change into something else
4592	مجمد	adj	frozen, frosted
4593	بليلة	noun	porridge, a mash of chickpeas or cereal
4594	قتلى	noun	plural of قَتِيل (qatīl)
4595	ناقص	adj	imperfect; incomplete, lacking
4596	تحدى	verb	to rival with, to challenge, to defy
4597	زنى	verb	to commit adultery, to fornicate
4598	أخفض	adj	elative degree of خَفِيض (ḵafīḍ)
4599	عشيرة	noun	clan
4600	أنباء	noun	plural of نَبَأ (nabaʔ)
4601	اقتراح	noun	urging; improvisation
4602	كيك	noun	cake
4603	تلقاء	prep	in front of, facing, before, opposite
4604	طلبات	noun	plural of طَلَب (ṭalab)
4605	دول	verb	to internationalize
4606	ملفوف	adj	wrapped
4607	براعة	noun	ability, skill, know-how
4608	حرفيا	adv	literally, verbatim, word for word
4609	غالية	noun	female equivalent of غَالِيّ (ḡāliyy)
4610	صلى	verb	to pray; to supplicate
4611	عشق	noun	liking with desire (lust), being in love; romantic love (particularly when very strong)
4612	تعطيل	noun	disruption, obstruction
4613	تمرد	verb	to rebel, to revolt
4614	تقطيع	noun	verbal noun of قَطَّعَ (qaṭṭaʕa) (form II)
4615	خضرة	noun	green, greenness, green color, verdure
4616	نادم	adj	active participle of نَدِمَ (nadima): regretful
4617	موقد	noun	fireplace; hearth; stove; boiler
4618	سمينة	adj	feminine singular of سَمِين (samīn)
4619	جليس	noun	A table-companion.
4620	قبة	noun	canopy, pavilion; dome, cupola
4621	يتيم	adj	orphan; unique of its kind, unequalled, unmatched, incomparable
4622	منظور	adj	passive participle of نَظَرَ (naẓara)
4623	ى	suffix	used to form feminine adjectives
4624	متهور	adj	heedless, reckless
4625	زلزال	noun	earthquake, seism
4626	مستمرة	adj	feminine singular of مُسْتَمِرّ (mustamirr)
4627	كثيف	adj	dense; thick; compact; viscous
4628	محلول	noun	solution (homogeneous liquid mixture)
4629	طائش	adj	reckless, rash, heedless, thoughtless
4630	بخار	noun	vapor, fume; steam
4631	سند	verb	to lean, to rest, to support oneself
4632	ش	symbol	The twenty-first numeral symbol of the Arabic alphabet
4633	تناقش	verb	to discuss, to dispute, to argue
4634	لكنة	noun	accent
4635	سلطان	noun	power, strength
4636	لصوص	noun	plural of لِصّ (liṣṣ)
4637	مشروبات	noun	plural of مَشْرُوب (mašrūb)
4638	طابور	noun	line, row, file, queue, column
4639	وشيك	adj	imminent
4640	ظلمة	noun	darkness
4641	باكستان	name	Pakistan (a country in South Asia)
4642	سكينة	noun	inner peace, tranquility, calmness
4643	صن	verb	to be fetid, to have a foul odour
4644	لافتة	noun	banner, billboard, signboard, placard
4645	خنجر	noun	dagger
4646	سطر	verb	to write
4647	أشم	adj	smelling fine, having a good nose
4648	أشجار	noun	plural of شَجْر (šajr)
4649	تفعيل	noun	activation
4650	هاتين	pron	accusative feminine dual of هٰذَا (hāḏā, “this”)
4651	بلاط	noun	tile, flagstone, slab, pavement
4652	جارى	verb	to play along or walk alongside
4653	تدبير	noun	order; arrangement
4654	تلميذ	noun	pupil, student, disciple
4655	حقيرة	adj	feminine singular of حَقِير (ḥaqīr)
4656	منافس	noun	rival, competitor
4657	متطوع	adj	volunteer
4658	حديثة	adj	feminine singular of حَدِيث (ḥadīṯ)
4659	إرث	noun	inheritance; heritage
4660	نقابة	noun	association, union, syndicate
4661	تنبؤ	noun	verbal noun of تَنَبَّأَ (tanabbaʔa) (form V)
4662	أوحى	verb	to reveal, to inspire
4663	انواع	noun	alternative spelling of أَنْوَاع (ʔanwāʕ, “types, kinds”)
4664	منطقية	noun	logicalness
4665	عبوة	noun	package; pack (of an item)
4666	قفي	noun	plural of قَفًا (qafan, “nape (of neck)”)
4667	اعتقال	noun	arrest, apprehension
4668	لهب	verb	to burn, to blaze
4669	عذاب	noun	torture, torment, punishment
4670	غريزة	noun	instinct
4671	براز	noun	feces, excrement, dung, stool; manure
4672	مقالة	noun	article, essay; something that has been said
4673	لقاح	noun	pollen; vaccine
4674	فاصل	verb	to dissociate oneself or part company with
4675	بسكويت	noun	biscuit, cookie
4676	أشباح	noun	plural of شَبَح (šabaḥ)
4677	معلقة	noun	poster, placard
4678	لحوم	noun	plural of لَحْم (laḥm)
4679	باد	verb	to perish, to die, to become extinct
4680	بقرة	noun	cow
4681	مكشوف	adj	exposed, bared, bare
4682	حرر	verb	to free, to liberate, to emancipate
4683	مأوى	noun	shelter, refuge
4684	أتبع	verb	to add
4685	يدى	verb	to touch, hit, injure, hurt on the hand
4686	ثلاثية	noun	trilogy
4687	روية	noun	deliberation, advice
4688	قبع	verb	to lurk, to wait for, to be prepared to hunt, to ambuscade
4689	نظافة	noun	cleanliness
4690	وحل	noun	mud
4691	بوق	noun	trumpet, conch; presenting falsities deliberately as true, lie
4692	ريم	noun	excess, redundancy, augment
4693	بواب	noun	doorman, doorkeeper, gatekeeper
4694	لاق	verb	to befit, to beseem, to become (بِ (bi) someone)
4695	مؤلف	adj	writer, author
4696	مزدوجة	adj	feminine singular of مُزْدَوِج (muzdawij)
4697	عجيبة	noun	wonder, marvel, miracle
4698	مطاط	adj	expandable, stretchy, elastic
4699	هواتف	noun	plural of هَاتِف (hātif)
4700	أصلا	adv	originally; at all; in the first place
4701	طبل	noun	drumming, drumbeat
4702	ثياب	noun	plural of ثَوْب (ṯawb, “cloth, garment”)
4703	مجبر	adj	compelled, forced, constrained
4704	ألق	verb	to shine, to sparkle
4705	آتية	adj	feminine singular of آتٍ (ʔātin)
4706	قبلما	conj	before
4707	انخفض	verb	to go down, to decline, to drop, to decrease
4708	منتشر	adj	common, prevalent, widespread
4709	رطب	adj	humid, moist; wet
4710	مجانا	adv	charge-free, for free, gratis
4711	مقبرة	noun	cemetery, graveyard, burial ground
4712	جوائز	noun	plural of جَائِزَة (jāʔiza)
4713	نرد	noun	dice; game with dice
4714	هزلي	adj	humorous, comical
4715	عاهرات	noun	plural of عَاهِرَة (ʕāhira)
4716	تكسر	verb	to be or become broken or be shattered
4717	خلص	verb	to be pure, to be unadulterated (e.g. of water or wine)
4718	شمسي	adj	solar
4719	أشرف	adj	elative degree of شَرِيف (šarīf)
4720	أضواء	noun	plural of ضَوْء (ḍawʔ)
4721	صفد	verb	to bind, to tie, to shackle, to fetter
4722	فلاش	noun	camera flash
4723	كرز	noun	cherry, cherries
4724	بحار	noun	seaman, seafarer, sailor
4725	تعبئة	noun	verbal noun of عَبَّأَ (ʕabbaʔa)
4726	قيلولة	noun	nap, slumber
4727	ظلم	verb	to wrong, to treat unjustly, to oppress
4728	مجموع	adj	united; reconciled
4729	كندي	adj	A member of Kindah, an Arab tribe.
4730	ماشية	noun	cattle, livestock
4731	باهظ	adj	costly, burdensome, expensive, extortionate, fancy, high-priced
4732	خندق	verb	to dig a trench, to make a trench
4733	جهل	verb	to be ignorant of, not to know (with بِ (bi) or transitive)
4734	ذاب	verb	to dissolve, to melt, to thaw
4735	سيول	noun	flood, stream, torrent
4736	قطر	verb	to drip, to dribble, to trickle
4737	إنسي	adj	human, belonging or relative to humans or human being
4738	العربية	noun	definite singular of عَرَبِيَّة (ʕarabiyya)
4739	إسرائيل	name	Israel (the Hebrew patriarch Jacob)
4740	ميدالية	noun	medal
4741	فضولي	adj	curious, inquisitive
4742	طقوس	noun	plural of طَقْس (ṭaqs)
4743	طفيف	adj	insignificant, little, minor
4744	مربوط	adj	tied, bound; attached, connected
4745	أبرد	adj	elative degree of بَارِد (bārid)
4746	طمأن	verb	to calm, to soothe
4747	أميركا	name	America, United States of America
4748	دجاجة	noun	singulative of دَجَاج (dajāj): hen, chicken
4749	أحكم	adj	elative degree of حَكِيم (ḥakīm)
4750	أحرار	adj	masculine plural of حُرّ (ḥurr)
4751	سديد	adj	hitting the point, targetted, sound, pertinent, correct
4752	بذلة	noun	suit (of clothes)
4753	قارورة	noun	flask, vial; bottle
4754	بصل	noun	onion; bulb
4755	تصفيق	noun	hitting something to cause a sound
4756	مجهود	noun	effort, exertion
4757	تربة	noun	dust; soil, ground
4758	دبوس	noun	pin; peg, plug, rod, cudgel, any oblong instrument driven into or onto something
4759	وقتما	adv	whenever, anytime
4760	مكعب	adj	cubic
4761	ريثما	conj	pending; awaiting, in anticipation of
4762	آت	adj	coming, next
4763	كاثوليكي	adj	Catholic; popish, Romish
4764	إطراء	noun	praise, eulogy
4765	بلاستيك	noun	plastic
4766	أجلى	verb	to evacuate, to expel, to force to leave
4767	أل	verb	to be agitated; to hasten
4768	متحدث	noun	spokesman, speaker
4769	هب	verb	to blow violently
4770	ممتلئ	adj	full, filled, filled up, replete
4771	روع	verb	to terrify, to scare, to frighten, to terrorize, to intimidate
4772	غارق	adj	drowned; sunken, flooded
4773	الزهرة	name	Venus (planet)
4774	مماثل	adj	similar
4775	سلمون	noun	salmon
4776	مرتد	noun	a murtadd, an apostate, a Muslim who turned infidel
4777	إصابات	noun	plural of إِصَابَة (ʔiṣāba)
4778	منال	noun	achievement, attainment, obtaining
4779	خفف	verb	to lighten, to make lighter
4780	عماذا	particle	from what?; about what?
4781	سيل	noun	flood, stream, torrent
4782	مشوق	adj	interesting, enticing
4783	مكتئب	adj	depressed (mental status)
4784	ناسب	verb	to suit, to fit
4785	فصح	verb	to be eloquent, to speak clearly
4786	حقائب	noun	plural of حَقِيبَة (ḥaqība)
4787	فبراير	name	February (second month of the Gregorian calendar)
4788	وضعية	noun	situation, status
4789	ماهية	noun	essence; quiddity
4790	وشاح	noun	scarf; sash
4791	بحسب	prep	according to
4792	مذكور	adj	mentioned, aforementioned
4793	تشويش	noun	obfuscating, muddling, garbling
4794	إنسانة	noun	feminine of إِنْسَان (ʔinsān)
4795	عرضة	noun	target, object, subject to
4796	مذياع	noun	radio (device, receiver)
4797	دوى	verb	to buzz, to hum (of insects)
4798	غيمة	noun	cloud
4799	كعب	verb	to be full and round, to be swelling (of the breasts)
4800	دونك	verb	take
4801	تطهير	noun	purification, purgation, sanctification
4802	متخلف	adj	backward, backward-thinking, behind, underdeveloped
4803	ملعقة	noun	spoon; skimmer
4804	ثبات	noun	firmness, fixedness, fixity, stability, stableness
4805	متلازمة	noun	syndrome
4806	نصيب	noun	share, portion, lot (of something)
4807	فصيل	noun	weaned young camel
4808	البرازيل	name	Brazil (a country in South America)
4809	هاوية	noun	abyss, bottomless pit
4810	إبلاغ	noun	verbal noun of أَبْلَغَ (ʔablaḡa) (form IV)
4811	يافع	adj	prepuberal, not yet in puberty, not yet showing pubic hair, voice change, or wet dreams
4812	أكاذيب	noun	plural of أُكْذُوبَة (ʔukḏūba)
4813	فاق	verb	to exceed, to surpass, to go over, to go beyond
4814	نكات	noun	plural of نُكْتَة (nukta)
4815	مرمى	noun	place thrown to or shot at, target, goal post, crosspoint
4816	عفن	noun	mold
4817	نعناع	noun	mint
4818	تقويم	noun	calendar; rectification, adjustment, fixing, straightening
4819	أطلع	verb	to break forth, to become exposed (of a plant, tooth, etc.)
4820	هلم	verb	come!; bring! give!
4821	صدى	noun	echo
4822	مونتانا	name	Montana (a state in the Mountain West region of the United States, formerly a territory)
4823	سحاب	noun	clouds
4824	وهمي	adj	imaginary; delusional
4825	عشية	noun	evening, nightfall
4826	سكب	verb	to pour, to spill
4827	ميلان	noun	verbal noun of مَالَ (māla) (form I)
4828	مختصر	noun	abbreviator
4829	إلحاد	noun	deviation, perversion
4830	تكلف	verb	to take on (a duty, responsibility, task, etc.)
4831	محاماة	noun	law (the discipline)
4832	كاحل	noun	ankle
4833	توضح	verb	to become elucidated
4834	دخن	verb	to smoke (emit smoke; for example of a chimney, a fire)
4835	شكوك	noun	plural of شَكّ (šakk)
4836	أجنحة	noun	plural of جَنَاح (janāḥ)
4837	حقنة	noun	injected substance
4838	اللذان	pron	nominative masculine dual of اَلَّذِي (allaḏī, “who, that, which”)
4839	خروف	noun	lamb (mammal); a colt of 6-7 months of age (mammal)
4840	وضيع	adj	low, vile, contemptible
4841	خبأ	verb	to hide, to conceal, to cloak
4842	أعياد	noun	plural of عِيد (ʕīd)
4843	منشار	noun	saw; a spot where fruits like raisins or figs are spread to dry
4844	غرور	noun	cockiness, vanity, pretension
4845	صيغة	noun	form; form, tense
4846	تدافع	verb	to shove each other
4847	سطحي	adj	flat; outer, external
4848	أتم	verb	to complete, finish
4849	واقعية	noun	reality, actuality
4850	بتاتا	adv	definitely, absolutely
4851	ضيع	verb	to lose, to misplace
4852	أصلع	adj	bald
4853	إذاعة	noun	radio channel
4854	قش	noun	stubble, straw
4855	عائلات	noun	plural of عَائِلَة (ʕāʔila)
4856	برهة	noun	moment, while, period
4857	بارز	adj	prominent; eminent
4858	هنيء	adj	good, wholesome, beneficial
4859	خفاش	noun	bat (winged animal)
4860	عريس	noun	bridegroom
4861	سياسية	noun	female equivalent of سِيَاسِيّ (siyāsiyy)
4862	بيضة	noun	egg; testicle
4863	اعتبر	verb	to take example, to take warning, to learn a lesson
4864	برتقالي	adj	orange (color)
4865	عائدة	noun	return, gain, yield, profit, dividends etc.
4866	رصد	verb	to observe
4867	استعمل	verb	to use, make use of
4868	تكسب	verb	to gain, earn, acquire, obtain
4869	ستين	num	genitive/accusative of سِتُّونَ (sittūna)
4870	غ	symbol	The twenty-eighth and last numeral symbol of the Arabic alphabet
4871	مكوث	noun	verbal noun of مَكَثَ (makaṯa) (form I)
4872	مراسم	noun	plural of مَرْسَم (marsam)
4873	تسريح	noun	verbal noun of سَرَّحَ (sarraḥa) (form II)
4874	كابل	name	Kabul (the capital city of Afghanistan)
4875	أربعون	num	forty
4876	خلاصة	noun	synopsis, synthesis, essence, quintessence, gist, abstract, résumé etc.
4877	راغب	adj	wishing, desiring, wanting
4878	أغنياء	adj	masculine plural of غَنِيّ (ḡaniyy)
4879	محور	noun	axis, pivot; core, heart, center
4880	رباط	noun	A thing with which one ties
4881	أبحر	verb	to sail, to travel by sea
4882	طاعون	noun	epidemic disease, plague, pestilence, pest
4883	مقص	noun	scissors; a clipping tool
4884	فنون	noun	plural of فَنّ (fann)
4885	رعد	verb	to thunder; to appall
4886	اللواتي	pron	feminine plural of اَلَّذِي (allaḏī, “who, that, which”)
4887	تلبية	noun	verbal noun of لَبَّى (labbā) (form II)
4888	اذكر	verb	to remember, to bear in mind
4889	إفراج	noun	release, freeing, liberation (of prisoners, from custody, etc)
4890	منصف	adj	just, fair
4891	سرب	verb	to leak, to seep, to ooze
4892	كيلومتر	noun	kilometre
4893	متأخرا	adv	accusative singular of مُتَأَخِّر (mutaʔaḵḵir)
4894	اسود	verb	to become black, to blacken
4895	دومينيك	name	Dominica (an island and country in the Caribbean)
4896	إنكار	noun	refusal, denial
4897	ابتسم	verb	to smile, to give somebody a friendly smile
4898	حدة	noun	sharpness; intensity, severity
4899	خطئ	verb	to sin
4900	نيزك	noun	meteor, shooting star
4901	اعتراف	noun	confession
4902	احتفال	noun	verbal noun of اِحْتَفَلَ
4903	فرنسية	adj	feminine singular of فَرَنْسِيّ (faransiyy, “French”)
4904	وجوه	noun	plural of وَجْه (wajh)
4905	أنتن	pron	you, ye (feminine plural subject pronoun)
4906	مصروف	adj	diverted; spent (money)
4907	أودى	verb	to end the life, to cut off the life
4908	لقمة	noun	bite; bit, mouthful
4909	إرضاء	noun	verbal noun of أَرْضَى (ʔarḍā) (form IV)
4910	صيدلية	noun	pharmacy, drugstore, apothecary
4911	إساءة	noun	verbal noun of أَسَاءَ (ʔasāʔa) (form IV)
4912	منفصلة	adj	feminine singular of مُنْفَصِل (munfaṣil)
4913	كثيرون	adj	masculine plural of كَثِير (kaṯīr)
4914	أريزونا	name	Arizona (a state in the southwestern United States, established 1912)
4915	سلبية	noun	negativity; negativity (of a charge)
4916	بقال	noun	greengrocer; grocer
4917	حكى	verb	to tell, report, narrate, relate
4918	إحباط	noun	verbal noun of أَحْبَطَ (ʔaḥbaṭa) (form IV)
4919	جلسات	noun	plural of جَلْسَة (jalsa)
4920	حقن	verb	to keep back, to withhold, to retain, to collect
4921	جال	verb	to wander, to travel, to roam, to pass, to go around and through
4922	أسطوري	adj	legendary, incredible
4923	جدة	noun	grandmother
4924	أغبى	adj	elative degree of غَبِيّ (ḡabiyy)
4925	قصف	verb	to break, shatter, smash
4926	محصول	noun	result, outcome
4927	سمر	verb	to keep watch
4928	فراولة	noun	strawberry, strawberries
4929	إلهام	noun	inspiration
4930	جدران	noun	plural of جِدَار (jidār)
4931	أذكياء	adj	masculine plural of ذَكِيّ (ḏakiyy)
4932	تكشف	verb	to cause oneself to be exposed when sitting, for private parts to be bared
4933	مفلس	adj	bankrupt
4934	مضمون	noun	content; contents of a paper
4935	بائسة	adj	feminine singular of بَائِس (bāʔis)
4936	عقاري	adj	related to real estate
4937	أشرطة	noun	plural of شَرِيط (šarīṭ)
4938	تنظف	verb	to be or become clean, cleaned, to clean oneself
4939	حرير	noun	silk
4940	معيار	noun	standard measure, standard, gauge (of measures and weights)
4941	تمدد	verb	to stretch out
4942	بند	noun	clause, term, article, paragraph (in a legal instrument)
4943	أنضج	verb	to bring to maturity
4944	وسام	noun	badge; decoration; medal; order
4945	اضطر	verb	to force, to compel, to constrain (someone to do something)
4946	أعزب	adj	single, unmarried
4947	حصاد	noun	harvester, cropper, reaper
4948	صادر	verb	to seize, to impound, to confiscate
4949	أنانية	noun	selfishness, egoism
4950	خوان	adj	unreliable, faithless, disloyal, treacherous, perfidious
4951	حتما	adv	necessarily, decidedly, without fail
4952	سرداب	noun	basement
4953	تعايش	verb	to live side by side, to coexist
4954	إعصار	noun	storm, whirlwind, tornado, cyclone, hurricane
4955	بروتين	noun	protein
4956	حداد	noun	verbal noun of حَدَّ (ḥadda) (form I)
4957	سنجاب	noun	squirrel
4958	ابيض	verb	to turn white, to whiten
4959	مبالغة	noun	exaggeration; hyperbole
4960	تصليح	noun	fixing, mending, improving
4961	غنيمة	noun	booty, loot; trophy, prize
4962	ركلة	noun	a kick
4963	قلوب	noun	plural of قَلْب (qalb)
4964	لتر	noun	litre
4965	غول	noun	ghoul, desert demon
4966	تجار	verb	to be neighbors, to be adjacent
4967	وا	particle	oh, woe
4968	مشكل	adj	mixed, made of different assembled contents or parts
4969	رديء	adj	bad, evil, wicked, corrupt, depraved
4970	مستعار	adj	borrowed
4971	بطلة	noun	female equivalent of بَطَل (baṭal)
4972	جماع	noun	sexual intercourse, copulation, coitus
4973	معاهدة	noun	treaty; pact, agreement
4974	يقظ	verb	to be awake; to awaken
4975	ح	symbol	The eighth numeral symbol of the Arabic alphabet
4976	كد	verb	to work hard, to toil, to exert oneself, to slog
4977	رافعة	noun	crane, derrick, hoist
4978	أقراص	noun	plural of قُرْص (qurṣ)
4979	تجميد	noun	verbal noun of جَمَّدَ (jammada) (form II)
4980	عاقل	adj	reasonable, endowed with reason, prudent
4981	مبادرة	noun	making haste; setting about (doing something)
4982	رياح	noun	plural of رِيح (rīḥ)
4983	مجوهرات	noun	jewellery
4984	فلو	noun	foal, colt (a preadult horse or ass which has been weaned)
4985	خالص	adj	pure, unmixed; clear
4986	منوي	adj	seminal; spermatic
4987	مسئول	adj	Egypt spelling of مَسْؤُول (masʔūl)
4988	فقر	verb	to dig; to pierce, to perforate
4989	جسيم	adj	great, large, big, bulky
4990	مسجون	adj	imprisoned, incarcerated, jailed
4991	مفر	noun	verbal noun of فَرَّ (farra) (form I)
4992	قفزة	noun	jump
4993	جفاف	noun	dryness; aridity (a lack of moisture)
4994	مصيبة	noun	calamity, affliction, misfortune, disaster
4995	أمينة	adj	feminine singular of أَمِين (ʔamīn)
4996	انبطح	verb	to lie down, to get down, to grovel, to be floored
4997	قطبي	adj	polar
4998	خلود	noun	eternity; immortality
4999	استحق	verb	to be worthy, to deserve, to merit
5000	مستقل	adj	independent; autonomous
5001	محنة	noun	catastrophe
5002	تنافس	verb	to compete, to contend, to vie
5003	آ	character	Alif maddah. A double-alif used to write the sequence /ʔaː/.
5004	آتى	verb	to compensate, to recompense, to reimburse (someone)
5005	خزي	verb	to be vile, ashamed of
5006	حامي	noun	A person from the lineage of Hām bin Nūh
5007	ابريل	noun	alternative spelling of أَبْرِيل (ʔabrīl)
5008	آلهة	noun	plural of إِلٰه (ʔilāh)
5009	عجلات	noun	plural of عَجَلَة (ʕajala)
5010	عزل	verb	to remove, to set aside, to isolate, to separate, to segregate, to detach, to cut off
5011	مستعمل	verb	passive participle of اِسْتَعْمَلَ (istaʕmala)
5012	تحديث	noun	verbal noun of حَدَّثَ (ḥaddaṯa) (form II)
5013	اختفاء	noun	disappearance, vanishing
5014	عدسة	noun	lentil
5015	أشاب	verb	to make (someone) white-haired
5016	وريد	noun	vein; jugular vein
5017	بصق	verb	to spit out (something)
5018	تاك	pron	feminine singular of ذَاكَ (ḏāka, “that”)
5019	نوبات	noun	plural of نَوْبَة (nawba)
5020	شاغر	adj	vacant, empty, free
5021	لائقة	adj	feminine singular of لَائِق (lāʔiq)
5022	ولى	verb	to turn away (from)
5023	فنية	noun	female equivalent of فَنِّيّ (fanniyy)
5024	عناصر	noun	plural of عُنْصُر (ʕunṣur)
5025	تغيب	verb	to be absent (from)
5026	هرم	verb	to be senile, to be decrepit of age
5027	لف	verb	to coil, to curl, to convolute, to spool, to twirl
5028	شمع	noun	wax; candles
5029	ضابطة	noun	female equivalent of ضَابِط (ḍābiṭ)
5030	طباعة	noun	printing; typing, typewriting
5031	أطراف	noun	plural of طَرَف (ṭaraf)
5032	خيالية	adj	feminine singular of خَيَالِيّ (ḵayāliyy)
5033	أمراض	noun	plural of مَرَض (maraḍ)
5034	رموز	noun	plural of رَمْز (ramz)
5035	مقامرة	noun	verbal noun of قَامَرَ (qāmara) (form III)
5036	عمه	verb	to wander blindly
5037	محلات	noun	plural of مَحَلَّة (maḥalla)
5038	شوكة	noun	thorn, sting, prickle
5039	أعاق	verb	to hamper, to be an obstacle to, to obstruct, to impair, to impede, to hinder
5040	مباريات	noun	plural of مُبَارَاة (mubārāh)
5041	تابل	noun	spice, condiment, seasoning
5042	قزح	verb	to put scents to, to add aromates to
5043	إيجابية	noun	positivity, positivism, optimism
5044	بموجب	prep	according to, on account of
5045	أخلى	verb	to evacuate, vacate, empty
5046	صمود	noun	steadfastness, firmness, resistance
5047	نبتة	noun	a plant
5048	فلس	noun	a small-denomination coin, penny
5049	اليونان	name	Greece (a country in Southeastern Europe)
5050	فريسة	noun	prey, game
5051	محاكاة	noun	imitation, mimicry
5052	يورو	noun	euro
5053	ارتكب	verb	to commit, to perpetrate (a bad action)
5054	آيس	verb	to lead into giving up hope, to lead into despair
5055	سليمان	name	Solomon; a male given name, Sulayman or Suleiman
5056	جميلات	adj	feminine plural of جَمِيل (jamīl)
5057	ترعرع	verb	to grow; to grow up; to develop
5058	خالف	verb	to contradict, thwart, to disagree with [+ transitive (object)] on
5059	مكتوبة	adj	feminine singular of مَكْتُوب (maktūb)
5060	ثمينة	adj	feminine singular of ثَمِين (ṯamīn)
5061	فاح	verb	to spread, to emanate (of perfume, etc.)
5062	غارة	noun	raid, encroachment
5063	ربى	verb	to bring up; to educate
5064	ناسا	name	NASA
5065	إناث	noun	plural of أُنْثَى (ʔunṯā)
5066	عكسي	adj	contrary, opposite
5067	خزينة	noun	treasury, closet (room where valuables are stored)
5068	إرجاع	noun	bringing back, restitution, returning
5069	محطات	noun	plural of مَحَطَّة (maḥaṭṭa)
5070	مربية	adj	feminine singular of مُرَبٍّ (murabbin)
5071	يعقوب	name	Jacob, Hebrew patriarch also known as Israel
5072	عالمية	noun	universality; internationalism
5073	زيتون	noun	olive (fruit or tree)
5074	خوخ	noun	a fruit of the genus Prunus
5075	طوق	noun	anything that surrounds another thing, ring-shaped border, hoop, headband, necklace etc.
5076	منظم	adj	arranged, regulated, ordered, organized
5077	تقسيم	noun	division; distribution
5078	أهداف	noun	plural of هَدَف (hadaf)
5079	عاقب	verb	to punish; to do a thing alternately with (someone)
5080	نادلة	noun	female equivalent of نَادِل (nādil, “waiter”): waitress
5081	تولد	verb	to be born, to originate
5082	هدنة	noun	truce, peace, cease-fire
5083	لحن	verb	to mispronounce; to smatter (a language)
5084	سويسرا	name	Switzerland (a country in Western Europe and Central Europe)
5085	شخصيات	noun	plural of شَخْصِيَّة (šaḵṣiyya)
5086	مماثلة	noun	resemblance, similarity, likeness, correspondence
5087	ضريبة	noun	tribute, tax, public levy
5088	مذنبة	adj	feminine singular of مُذْنِب (muḏnib)
5089	حمية	noun	diet
5090	وثائق	noun	plural of وَثِيقَة (waṯīqa)
5091	صنف	verb	to sort, classify, or categorize something
5092	مدي	noun	an unwalled watercourse
5093	منتدى	noun	place whither the people are called together
5094	حام	adj	extremely hot; vehement, ardent, fiery, heated, violent, forceful (of an emotion such as anger)
5095	مؤسس	adj	active participle of أَسَّسَ (ʔassasa).
5096	اثنتين	noun	accusative/genitive feminine of اِثْنَان (iṯnān)
5097	أسهم	noun	plural of سَهْم (sahm)
5098	عشوائية	noun	randomness; purposelessness, arbitrariness
5099	مجازفة	noun	risk, adventure, hazard
5100	تلوث	verb	to be contaminated or polluted, to be dirtied
5101	ملاذ	noun	refuge, shelter
5102	إقفال	noun	verbal noun of أَقْفَلَ (ʔaqfala) (form IV)
5103	نم	verb	to gossip, to chatter, to palaver, to speak ill of
5104	ثأر	verb	to take revenge upon or for
5105	مناعة	noun	immunity
5106	ضغوط	noun	plural of ضَغْط (ḍaḡṭ)
5107	مختار	adj	chosen; choosing
5108	تامة	adj	feminine singular of تَامّ (tāmm)
5109	مهلة	noun	term, stint; extra period of time, grace period, extension, leeway, respite, delay, deferment
5110	حريص	adj	eager, greedy, covetous
5111	صفحات	noun	plural of صَفْحَة (ṣafḥa)
5112	حامض	adj	sour, acidic
5113	نوعي	adj	characteristic, peculiar
5114	المشتري	name	Jupiter (planet)
5115	ذكري	adj	masculine; manly, virile
5116	مشاجرة	noun	verbal noun of شَاجَرَ (šājara) (form III)
5117	أنابيب	noun	plural of أُنْبُوب (ʔunbūb)
5118	القوس	noun	definite singular of قَوْس (qaws, “bow”)
5119	زينة	noun	embellishment, adornment, ornament, decoration, garnish, decor
5120	إريس	noun	tenant farmer
5121	متعمد	adj	intentional, deliberate
5122	متنقل	adj	mobile; itinerant, nomadic
5123	حساسي	adj	sensitive; allergic
5124	ضيقة	adj	feminine singular of ضَيِّق (ḍayyiq)
5125	مهمل	adj	careless; negligent
5126	تزوير	noun	verbal noun of زَوَّرَ (zawwara) (form II)
5127	مول	verb	to make rich; to fund, to finance
5128	قضي	noun	verbal noun of قَضَى (qaḍā) (form I)
5129	مرتب	noun	arranger, consolidator
5130	تشابه	verb	to resemble one another
5131	تنفذ	verb	to be executed, to be implemented
5132	تلميح	noun	verbal noun of لَمَّحَ (lammaḥa) (form II)
5133	أفعال	noun	plural of فِعْل (fiʕl)
5134	كولورادو	name	Colorado (a state in the western United States, the 38th state)
5135	لفة	noun	roll
5136	انهيار	noun	collapse, crash, breakdown
5137	صينية	adj	feminine singular of صِينِيّ (ṣīniyy, “Chinese”)
5138	موظفة	noun	female employee
5139	اتخذ	verb	to take; to take, to consider
5140	تمالك	verb	to gain control over (something)
5141	الدجاجة	name	Cygnus
5142	شاكر	adj	thankful, grateful
5143	أدم	verb	to enrich with some ingredient or company, to associate
5144	محار	noun	oyster; mother-of-pearl, nacre
5145	محاسب	noun	accountant, bookkeeper
5146	متوقف	adj	halted, paused, stopped
5147	قفازات	noun	plural of قُفَّاز (quffāz)
5148	بقشيش	noun	tip, gratuity, baksheesh
5149	أنجح	verb	to cause (someone or something) to succeed, to render successful
5150	متواصل	adj	continuous, uninterrupted, ongoing, incessant
5151	تصفية	noun	purification; refinement
5152	إبعاد	noun	distancing
5153	أنجل	adj	having large or widely open eyes, widely open (of eyes)
5154	سلعة	noun	commodity, good, article, piece of merchandise
5155	تبغ	noun	tobacco
5156	عصبة	noun	a league (a group or association of cooperating members)
5157	فيتامين	noun	vitamin
5158	شغف	verb	to affect the pericardium
5159	تأليف	noun	a work of literature or art
5160	نصائح	noun	plural of نَصِيحَة (naṣīḥa)
5161	فاس	noun	fez, tarboosh
5162	نيفادا	name	Nevada (a state in the western United States)
5163	تفلت	verb	to slip away from
5164	تسويق	noun	marketing; cattle-driving
5165	كوميديا	noun	comedy
5166	غو	noun	go (“board game”)
5167	كبرياء	noun	greatness; pride, arrogance, haughtiness
5168	معقولة	adj	feminine singular of مَعْقُول (maʕqūl)
5169	الاحد	noun	alternative form of اَلْأَحَد (al-ʔaḥad, “Sunday”)
5170	سحابة	noun	singulative of سَحَاب (saḥāb, “clouds”): a cloud
5171	جورجي	adj	Georgian
5172	حينئذ	adv	then, at that time
5173	إبادة	noun	annihilation, extermination, eradication
5174	أوعد	verb	to give one's word
5175	نضج	verb	to be or become ripe, mature
5176	والله	intj	by God!; really?, really!
5177	مضخة	noun	pump
5178	تعرق	verb	to take root; to sweat
5179	عتبة	noun	threshold, doorsill
5180	مقود	noun	steering wheel
5181	محمي	adj	protected, defended
5182	تداخل	verb	to pass through each other or one another; to intertwine; to intermesh; to interpenetrate
5183	جوال	noun	who roams about much
5184	تعارض	verb	to oppose each other
5185	مجروح	adj	wounded; susceptible to objections, not trustworthy (about a narrator in Hadith terminology)
5186	أنف	noun	nose
5187	تخدير	noun	drugging, sedation
5188	دفء	noun	warmth, warmness
5189	حقائق	noun	plural of حَقِيقَة (ḥaqīqa)
5190	مرفأ	noun	port, harbour, dock
5191	استقبال	noun	reception; opposition
5192	أنيقة	adj	feminine singular of أَنِيق (ʔanīq)
5193	مزدحم	adj	crowded (بِ (bi) with)
5194	مطلب	noun	something sought
5195	رؤساء	noun	plural of رَئِيس (raʔīs)
5196	ثرثار	adj	talkative
5197	انصرف	verb	to leave, to depart, to go away
5198	جزار	noun	butcher
5199	نشط	verb	to be brisk; to be pleased, to be cheerful, to be happy, to be willing
5200	مناورة	noun	manoeuvre, maneuver
5201	كريك	noun	alternative spelling of كُورِيك (kūrīk)
5202	الحوت	noun	definite singular of حُوت (ḥūt)
5203	مراهقة	noun	adolescence
5204	عنان	noun	clouds, stratosphere, cloudy sky
5205	دستور	noun	constitution; rule, guideline
5206	مقولة	noun	saying, quote; proverb
5207	مكنسة	noun	broom, besom; also occurs in plant names
5208	متسابق	adj	active participle of تَسَابَقَ (tasābaqa)
5209	حشرات	noun	plural of حَشَرَة (ḥašara)
5210	شخير	noun	snoring; braying
5211	شائعة	noun	rumor
5212	أوربا	name	alternative form of أُورُوبَّا (ʔūrubbā): Europe (a continent located west of Asia and north of Africa)
5213	توليد	noun	verbal noun of وَلَّدَ (wallada) (form II)
5214	مرسوم	verb	drawn, painted; calculated, deliberate, planned, designed
5215	اتحاد	noun	union; concord
5216	فلسفة	noun	philosophy
5217	بديع	adj	marvelous, wondrous, magnificent, splendid, extraordinary
5218	نزيل	noun	lodger, person who bides in a facility (e.g. a hospital, a prison, a hotel)
5219	جاهل	adj	ignorant, uneducated
5220	توفيق	noun	guidance and grace of God
5221	عضوي	adj	organic
5222	مخزون	adj	passive participle of خَزَنَ (ḵazana)
5223	محالة	noun	means of escape, avoiding
5224	فردي	adj	single; individual, personal
5225	لبنانية	adj	feminine singular of لُبْنَانِيّ (lubnāniyy)
5226	مشغل	noun	workshop
5227	بكرة	noun	early morning
5228	أسبوعي	adj	weekly
5229	برهان	noun	proof, evidence
5230	دارس	adj	learned, educated
5231	قدري	adj	lot-; fate-; destiny-
5232	تفريغ	noun	verbal noun of فَرَّغَ (farraḡa).
5233	تذكار	noun	remembrance, reminder, memento
5234	تروا	name	Troyes (a city in France)
5235	ماو	name	Mao
5236	فيم	particle	in what?
5237	ظاهر	verb	to help, to assist, to aid, to support
5238	احمر	verb	to turn red; to blush
5239	فخذ	noun	thigh; a small sub-tribe, the portion consisting of one's nearest relatives
5240	بكتيريا	noun	bacteria
5241	سبعين	num	genitive/accusative of سَبْعُونَ (sabʕūna)
5242	سجق	noun	sausage
5243	شؤون	noun	plural of شَأْن (šaʔn)
5244	نجام	noun	astronomer, astrologer
5245	داع	noun	one who calls, invites
5246	إسحاق	name	Isaac (prophet)
5247	تمزيق	noun	cutting, ripping, rending, tearing apart, shredding
5248	رقعة	noun	patch, piece of cloth for mending
5249	محمود	adj	praised; commendable, laudable, praiseworthy
5250	رضى	noun	alternative form of رِضًا (riḍan)
5251	آسيا	name	Asia (the largest continent, located between Europe and the Pacific Ocean)
5252	دلهي	name	Delhi (a megacity and union territory of India, containing the national capital New Delhi)
5253	محبوبة	adj	feminine singular of مَحْبُوب (maḥbūb)
5254	هباء	noun	fine dust, particulate matter
5255	سلب	verb	to rape, to seize to take away, to rob, to snatch, to grab, to strip
5256	غرز	verb	to pierce, to prick, to stab
5257	سينمائي	adj	cinematic
5258	جمهورية	noun	republicanism; republic
5259	فارسي	noun	a Persian
5260	أسقف	noun	bishop
5261	مروحة	noun	fan (device)
5262	مينا	noun	glaze; enamel
5263	برلمان	noun	parliament; diet (council of leaders)
5264	سبئي	adj	Sabaean
5265	أوفر	adj	elative degree of وَفِير
5266	غفا	verb	to doze off, to fall asleep
5267	أموات	adj	masculine plural of مَيِّت (mayyit)
5268	مذبحة	noun	slaughterhouse, abattoir
5269	بغير	prep	without
5270	انفجر	verb	to go off, to discharge, to burst
5271	ناعمة	adj	feminine singular of نَاعِم (nāʕim)
5272	عرس	noun	wedding, the occasion of concluding marriage; wedding-feast, marriage-feast
5273	خفية	noun	secret; a kind of cloak
5274	فئران	noun	plural of فَأْر (faʔr), mice
5275	ناظر	adj	active participle of نَظَرَ (naẓara)
5276	فرسان	noun	plural of فَارِس (fāris)
5277	تحلية	noun	verbal noun of حَلَّى (ḥallā) (form II)
5278	طبعة	noun	edition
5279	دمى	verb	to cause to bleed
5280	امتلك	verb	to possess, own, have
5281	خيوط	noun	plural of خَيْط (ḵayṭ)
5282	مقبولة	adj	feminine singular of مَقْبُول (maqbūl)
5283	بعثة	noun	mission, delegation
5284	مومباي	name	Mumbai (a megacity, the capital city of Maharashtra, India)
5285	تورونتو	name	Toronto (the capital city of Ontario, Canada and largest city Canada)
5286	يابس	adj	dry
5287	صباحي	adj	matinal, matutinal, relating to the morning
5288	تخميني	adj	speculative, presumptive
5289	فلاح	noun	a farmer, a peasant
5290	فيلق	noun	corps, legion
5291	محرر	noun	editor; liberator
5292	روسو	name	Roseau (the capital city of Dominica)
5293	طارق	name	a male given name, Tariq or Tarik
5294	بارود	noun	saltpetre; gunpowder
5295	نبرة	noun	stress, accent; tone, temper (of a voice, of speech or writing)
5296	فرعون	noun	a pharaoh (an ancient Egyptian ruler)
5297	أسمر	adj	dark-skinned; brown, tawny, deep yellow
5298	أيقظ	verb	to awaken; to wake up
5299	تقدمي	adj	progressive
5300	وهلة	noun	fright, terror; instant, moment
5301	مراكز	noun	plural of مَرْكَز (markaz)
5302	خصوصية	noun	individuality, idiosyncrasy
5303	دموع	noun	plural of دَمْعَة (damʕa)
5304	نكرة	noun	indefinite; unknown person
5305	حاسة	noun	sense (one of the five senses)
5306	حصار	noun	blockade; siege
5307	صرصور	noun	cockroach (insect)
5308	بارح	verb	to leave, depart, go away from
5309	كائنات	noun	plural of كَائِن (kāʔin)
5310	كرس	verb	to put together, to found, to consolidate, to strengthen, to enshrine
5311	داكن	adj	dark (in color)
5312	مدخن	noun	smoker
5313	معماري	adj	architectural
5314	ألفين	name	a transliteration of the English male given name Alvin
5315	اتفق	verb	to agree, to come to an agreement
5316	عفريت	adj	malicious, mischievous, wicked, knave
5317	توصية	noun	recommendation
5318	إنكلترا	name	England (a constituent country of the United Kingdom)
5319	نبوءة	noun	alternative form of نُبُوَّة (nubuwwa)
5320	غلام	noun	a young male human, a boy-child
5321	عزباء	adj	feminine singular of أَعْزَب (ʔaʕzab)
5322	كاب	noun	cape, cloak, coat
5323	جرو	noun	cub; puppy; small cucurbit fruit
5324	إنديانا	name	Indiana (a state of the United States)
5325	أجوبة	noun	plural of جَوَاب (jawāb)
5326	أقصر	adj	elative degree of قَصِير (qaṣīr)
5327	تملأ	verb	to be or become filled or full
5328	نصاب	adj	swindler, deceiver, liar
5329	استعارة	noun	metaphor
5330	إسبانيا	name	Spain (a country in Southern Europe, including most of the Iberian peninsula)
5331	رسام	noun	artist, painter, draughtsman
5332	سكتة	noun	a single interval of silence
5333	شان	noun	Old Hijazi form of شَأْن (šaʔn)
5334	سرى	verb	to circulate; to flow
5335	وطواط	noun	bat (winged animal)
5336	يخت	noun	yacht
5337	تعفن	verb	to rot, to putrefy and decay, to moulder
5338	بكي	adj	masculine plural of بَاكٍ (bākin)
5339	حمالة	noun	gurney, stretcher (portable bed for medical transport)
5340	مفاعل	noun	reactor
5341	قلل	verb	to lessen, to decrease, to reduce, to diminish
5342	اختلاف	noun	disagreement; difference
5343	أف	intj	denotes repugnance or annoyance; oof, ugh, faugh
5344	خضار	noun	greengrocer
5345	غوريلا	noun	gorilla
5346	الحلفاء	name	the Allies (during World War I or World War II)
5347	كيد	noun	plot, scheme, plan, machination
5348	فنجان	noun	cup
5349	أحل	verb	to declare lawful, to permit
5350	شوط	noun	stage, phase; set, half, round
5351	منظار	noun	magnifying glass, telescope or other -scope, monocular as well as binoculars
5352	بقع	noun	plural of بُقْعَة (buqʕa)
5353	صواريخ	noun	plural of صَارُوخ (ṣārūḵ)
5354	غلق	verb	to shut, to close (a door)
5355	نسبي	adj	relative, proportional
5356	معنوي	adj	semantic; relating to the sense
5357	هلع	verb	to be scared, afraid, frightened
5358	جذع	verb	to stem
5359	محتملة	adj	feminine singular of مُحْتَمَل (muḥtamal)
5360	برئ	verb	to be free, to be innocent
5361	جافة	adj	feminine singular of جَافّ (jāff)
5362	مستحيلة	adj	feminine singular of مُسْتَحِيل (mustaḥīl)
5363	ز	symbol	The seventh numeral symbol of the Arabic alphabet
5364	مؤقتة	adj	feminine singular of مُؤَقَّت (muʔaqqat)
5365	سينثيا	name	a female given name from Ancient Greek, equivalent to English Cynthia
5366	معارضة	noun	resistance, opposition
5367	جف	verb	to become dry
5368	تمارين	noun	plural of تَمْرِين (tamrīn)
5369	مبكرة	adj	feminine singular of مُبَكِّر (mubakkir)
5370	مناخ	noun	climate (“long term atmospheric conditions”)
5371	فستق	noun	pistachio (Pistacia vera tree and fruit)
5372	مكوك	noun	drinking-cup; a liquid measure, about the size of a cup
5373	مقلى	noun	alternative form of مِقْلَاة (miqlāh, “frying pan”)
5374	نعى	verb	to announce death of or give obituary to
5375	قطعا	adv	of course; firmly, decidedly, categorically, undoubtedly, absolutely, certainly, definitely, surely
5376	آمر	verb	to ask advice of, to seek the opinion of, to consult
5377	مهين	adj	humiliating, demeaning, insulting, offensive, degrading
5378	تأهب	verb	to make oneself ready, to get ready, to prepare
5379	تكريم	noun	honoring
5380	معدة	noun	stomach, belly
5381	تمنع	verb	to seek protection in
5382	أولاء	pron	plural of ذَا (ḏā)
5383	زحام	noun	verbal noun of زَحَمَ (zaḥama) (form I)
5384	ألوان	noun	plural of لَوْن (lawn)
5385	بيئي	adj	environmental
5386	خلد	verb	to last forever, to be everlasting
5387	تسلم	verb	have handed over, to take over, to receive
5388	إسراع	noun	verbal noun of أَسْرَعَ (ʔasraʕa) (form IV)
5389	تأجير	noun	verbal noun of أَجَّرَ (ʔajjara) (form II)
5390	مولود	adj	born
5391	باقة	noun	a bundle of herbs or leguminous vegetables
5392	فيضان	noun	flood, deluge, inundation
5393	خارجية	noun	exterior; foreign affairs
5394	صحفية	noun	female equivalent of صُحُفِيّ (ṣuḥufiyy)
5395	عقول	noun	plural of عَقْل (ʕaql)
5396	أدر	verb	to cause to flow
5397	خنق	verb	to strangle, to choke, to suffocate
5398	خلت	particle	ago
5399	ثراء	noun	plural of ثَرْوَة (ṯarwa)
5400	مذبح	noun	place of slaughter
5401	رذاذ	noun	drizzle, drizzling
5402	كوم	verb	to pile up, to stack, to amass, to heap
5403	متوفى	adj	deceased, dead
5404	كانساس	name	Kansas (a state of the midwest United States)
5405	سنا	verb	to irrigate, to water
5406	كلأ	verb	to guard, to protect
5407	ثائر	adj	rebel
5408	تحفظ	verb	to preserve, to keep up, to maintain
5409	هات	verb	give me/us ...! bring me/us ...!
5410	مشبوه	adj	doubtful, dubious
5411	أغرق	verb	to drown; to flood
5412	تصادم	verb	to collide, to knock against each other, to clash
5413	مدريد	name	Madrid (the capital city of Spain)
5414	إغراء	noun	incitement, instigation, inducement, impetus
5415	ضار	adj	active participle of ضَرَّ (ḍarra): that causes harm, harmful, injurious, noxious
5416	والى	verb	to be a friend, a helper, a supporter, a patron, a protector
5417	ورل	noun	monitor lizard
5418	تعهد	verb	to advocate, to support (a cause, a position)
5419	شلال	noun	waterfall
5420	نمور	noun	plural of نِمْر (nimr)
5421	تواضع	verb	to be humble; to behave humbly and modestly
5422	عطش	verb	to be in want of water, to thirst, to require irrigation
5423	صائد	noun	hunter; fisher, fisherman
5424	ماسة	noun	a diamond
5425	فقاعة	noun	bubble
5426	تساؤل	noun	wondering
5427	مختلط	adj	active participle of اِخْتَلَطَ (iḵtalaṭa)
5428	مشتري	adj	Jovian
5429	خبراء	noun	plural of خَبِير (ḵabīr)
5430	بغداد	name	Baghdad (the capital city of Iraq)
5431	نخاع	noun	bone marrow; spinal cord, spinal marrow, medulla spinalis
5432	هواية	noun	hobby
5433	رشفة	noun	sip
5434	فشار	noun	popcorn
5435	أفاق	verb	to wake up; to come to; to regain conscience
5436	اقتحم	verb	to dive into, to go into, to break through
5437	برقية	noun	telegram
5438	متفجرات	noun	explosives
5439	عزاء	noun	mourning; funeral
5440	إلخ	phrase	etc.; and so forth
5441	جبار	adj	almighty, omnipotent, superhuman
5442	مضمار	noun	course, track
5443	كيميائية	noun	female equivalent of كِيمِيَائِيّ (kīmiyāʔiyy)
5444	جوارب	noun	plural of جَوْرَب (jawrab)
5445	همهمة	noun	humming
5446	تفويض	noun	delegation
5447	رابط	noun	link, linkage; hyperlink, link
5448	فضلات	noun	plural of فَضْلَة (faḍla)
5449	إطعام	noun	feeding
5450	ضيعة	noun	pasture, meadowland, grazing ground
5451	ليبي	adj	Libyan
5452	تنورة	noun	skirt, kilt, loincloth
5453	معضلة	noun	problem, riddle, enigma, dilemma
5454	جدل	verb	to twist, to braid, to weave
5455	أسمى	verb	to name, to call, to designate, to denominate
5456	محمية	noun	reservation; protectorate
5457	إجهاض	noun	abortion, miscarriage
5458	حالم	noun	dreamer
5459	مهاجر	noun	migrant, immigrant
5460	نسيم	noun	breeze, gentle wind
5461	رئيسية	adj	feminine singular of رَئِيسِيّ (raʔīsiyy)
5462	تشبث	verb	to cleave, to cling, to adhere
5463	نافورة	noun	fountain (artificial water feature)
5464	كحولي	adj	alcoholic
5465	استغلال	noun	exploitation
5466	برمجة	noun	verbal noun of بَرْمَجَ (barmaja) (form Iq), programming
5467	تأسف	verb	to feel sorry, to regret
5468	شياطين	noun	plural of شَيْطَان (šayṭān)
5469	كانون	noun	brazier, hearth
5470	فاسدة	adj	feminine singular of فَاسِد (fāsid)
5471	مثلث	adj	triple, threefold
5472	ماركة	noun	brand (of clothing etc.)
5473	براغ	name	Prague (the capital city of the Czech Republic)
5474	جشع	noun	envious greed, avarice
5475	كيفما	adv	however
5476	محتاج	verb	active participle of اِحْتَاجَ (iḥtāja) the needy, the poor
5477	أكاديمية	noun	academy
5478	منفرد	adj	single; solo
5479	فيينا	name	Vienna (the capital city of Austria)
5480	معصم	noun	wrist
5481	مشاريع	noun	plural of مَشْرُوع (mašrūʕ)
5482	عربات	noun	plural of عَرَبَة (ʕaraba)
5483	حاز	verb	to acquire, to obtain, to get hold of; to have, to possess
5484	تعزية	noun	condolences
5485	إيران	name	Iran (a country in West Asia)
5486	ياسمين	noun	jasmine
5487	افتقد	verb	to miss; to lose
5488	امتحان	noun	examination; test
5489	يدوية	adj	feminine singular of يَدَوِيّ (yadawiyy)
5490	إشعار	noun	making known, notification, announcement
5491	تنوين	noun	nunation
5492	صفي	adj	pure; clear
5493	أرخص	adj	elative degree of رَخِيص (raḵīṣ)
5494	آلام	noun	plural of أَلَم (ʔalam)
5495	أواخر	adj	plural of آخِر (ʔāḵir)
5496	وميض	noun	flash, gleam, glint, sudden ephemeral light
5497	زوجان	noun	husband and wife
5498	مخالف	adj	contrary, disagreeing, opposed
5499	مستثمر	noun	investor
5500	مستعمر	adj	colonial; imperialistic
5501	صفيحة	noun	thin plate, sheet, lamina
5502	حصن	noun	stronghold, fortress, entrenchment
5503	أعجز	verb	to make or consider someone incapacitated
5504	ثلث	noun	one third
5505	معزول	adj	isolated, separated
5506	جرف	verb	to sweep away, to flush
5507	ارتدى	verb	to put on or wear
5508	تنهد	verb	to sigh
5509	خم	verb	to become stinking, to get rotten, to acquire a foul smell
5510	أكسيد	noun	oxide
5511	مشارك	noun	participant
5512	عطشان	adj	thirsty
5513	وبل	verb	to carry much rain, to rain violently, heavily
5514	شطائر	noun	plural of شَطِيرَة (šaṭīra)
5515	مرافقة	noun	verbal noun of رَافَقَ (rāfaqa) (form III)
5516	العقرب	noun	definite singular of عَقْرَب (ʕaqrab, “scorpion”)
5517	فراء	noun	plural of فَرَأ (faraʔ, “wild-ass, onager”)
5518	تصنيع	noun	manufacture, fabrication
5519	سحلية	noun	lizard
5520	لساني	adj	related to the tongue; lingual
5521	صنيع	noun	action, act, deed
5522	عاطل	adj	idle, unemployed, jobless
5523	صوف	noun	wool
5524	حسبان	noun	supposition, surmise
5525	بوصلة	noun	compass
5526	دمج	verb	to merge; to become darker, to darken
5527	مخلل	noun	pickle, sauerkraut, or similar aliments preserved through acidity
5528	إشراف	noun	verbal noun of أَشْرَفَ (ʔašrafa) (form IV)
5529	تجهز	verb	to equip or prepare oneself for
5530	مضاعف	adj	passive participle of ضَاعَفَ (ḍāʕafa)
5531	التزام	noun	responsibility, obligation
5532	أقارب	adj	masculine plural of أَقْرَب (ʔaqrab)
5533	كويكب	noun	asteroid
5534	نوافذ	noun	plural of نَافِذَة (nāfiḏa)
5535	رئاسي	adj	related to leadership
5536	كذاب	adj	who lies; lying frequently or habitually; liar
5537	برأ	verb	to create, to bring into being
5538	زين	verb	to adorn, to decorate, to embellish, to ornament, to garnish
5539	افتراض	noun	verbal noun of اِفْتَرَضَ (iftaraḍa) (form VIII)
5540	سب	verb	to revile, to abuse
5541	شفاه	noun	plural of شَفَة (šafa)
5542	ديكور	noun	decor, decoration.
5543	مرشد	adj	guiding
5544	بشرف	noun	bashraf, an instrumental music form in Arabic music
5545	احتمالية	noun	stochastic process
5546	أسبق	adj	elative degree of سَابِق (sābiq)
5547	إجهاد	noun	verbal noun of أَجْهَدَ (ʔajhada) (form IV)
5548	غيابي	adj	absential, in absentia
5549	عابد	adj	active participle of عَبَدَ (ʕabada)
5550	محاسبة	noun	accounting
5551	عذب	verb	to torment, afflict, torture
5552	سوريا	name	Syria (a country in West Asia in the Middle East)
5553	قطرات	noun	plural of قَطْرَة (qaṭra)
5554	جارية	noun	a young woman; a maiden
5555	شرس	verb	to be fierce, to be rabid
5556	مستند	noun	document; deed
5557	استرجاع	noun	retrieval, return (especially something that was taken away, stolen, etc)
5558	نميمة	noun	gossip, talebearing
5559	مهاجمة	noun	verbal noun of هَاجَمَ (hājama) (form III)
5560	سقيفة	noun	pergola, arbour, arcade, bower
5561	منعزل	adj	isolated, separated
5562	لجوء	noun	verbal noun of لَجَأَ (lajaʔa): refuge, political asylum
5563	خفت	verb	to die out; to die
5564	حضن	verb	to hug, to embrace
5565	سياق	noun	context; consequence, logical connection
5566	لجأ	verb	to take shelter, to take refuge; to seek asylum
5567	وكر	verb	to go to the nest
5568	اتجه	verb	to direct to, to turn to, to be oriented to
5569	أزهار	noun	plural of زَهْر (zahr, “flowers”)
5570	الأساطير	noun	definite of أَسَاطِير (ʔasāṭīr, “myths, legends”)
5571	شرارة	noun	verbal noun of شَرَّ (šarra) (form I)
5572	مبلل	adj	wet
5573	صفراء	adj	feminine singular of أَصْفَر (ʔaṣfar)
5574	أبحاث	noun	plural of بَحْث (baḥṯ)
5575	مرضي	adj	pleasing, desired
5576	محكوم	adj	passive participle of حَكَمَ (ḥakama)
5577	نبي	noun	prophet
5578	سكير	adj	drunkard, alcoholic
5579	عقارات	noun	plural of عَقَار (ʕaqār)
5580	امتلاك	noun	verbal noun of اِمْتَلَكَ (imtalaka) (form VIII)
5581	نعيم	noun	bliss, delight; heaven, the Heaven, paradise, the Paradise
5582	متناول	noun	reaching out, taking, seizing, grabbing
5583	حقيق	adj	deserving, worthy
5584	مطرقة	noun	hammer; sledgehammer
5585	قطط	noun	plural of قِطّ (qiṭṭ)
5586	إثم	noun	sin, guilt, wrongdoing, mistake
5587	عنة	noun	impotence, frigidity
5588	كفاح	noun	contention, strife
5589	رئوي	adj	pulmonary
5590	وسخ	verb	to be dirty
5591	تقبض	verb	to be made closed like a hand
5592	عناوين	noun	plural of عُنْوَان (ʕunwān)
5593	ألهى	verb	to divert, to distract, to turn away
5594	ملي	adj	of or relating to a religious community
5595	تكفل	verb	to vouch for, vow, to bind, commit oneself to, to accept an obligation
5596	بلور	noun	crystal; rock crystal, quartz (originally)
5597	مخفية	adj	feminine singular of مَخْفِيّ (maḵfiyy)
5598	مسكينة	adj	feminine singular of مِسْكِين (miskīn)
5599	اثنتان	noun	nominative feminine of اِثْنَان (iṯnān, “two”)
5600	بولندا	name	Poland (a country in Central Europe)
5601	فرملة	noun	brake
5602	سمير	adj	entertaining; someone who chats through the night
5603	كذا	adv	as such, sic
5604	إنجليز	noun	Englishmen
5605	قامة	noun	a linear measure derived from the length of a man, a fathom, about 180 centimetres
5606	نون	verb	to add nunation to (a word), to nunate (a word)
5607	وليمة	noun	banquet; walima
5608	زلة	noun	slip, lapse, oversight
5609	إ	character	Alif with hamza below
5610	إلكترونية	adj	feminine singular of إِلِكْتْرُونِيّ (ʔelektrōniyy)
5611	مغنية	name	Maghnia (a city in Tlemcen province, Algeria)
5612	روسية	adj	feminine singular of رُوسِيّ (rūsiyy, “Russian”)
5613	ثمالة	noun	dregs, sediment
5614	عدى	verb	to abandon, to abstain, to deflect, to depart, to diverge (عَن (ʕan) from something)
5615	فطور	noun	verbal noun of فَطَرَ (faṭara) (form I)
5616	اتفاقية	noun	treaty, convention, agreement
5617	نواة	noun	kernel; center, core
5618	هلوسة	noun	hallucination
5619	مجفف	adj	active participle of جَفَّفَ (jaffafa)
5620	فهد	noun	cheetah; leopard
5621	علمية	adj	feminine singular of عِلْمِيّ (ʕilmiyy)
5622	مستقلة	adj	feminine singular of مُسْتَقِلّ (mustaqill)
5623	تيك	pron	feminine singular of ذَاكَ (ḏāka, “that”)
5624	نقدا	adv	in cash
5625	حقد	verb	to have malice toward, to harbor ill will against
5626	توسيع	noun	making (something) spacious
5627	خراب	noun	ruin, wreck; ruination, wreckage, desolation
5628	سميك	adj	high; deep
5629	وديعة	noun	deposit
5630	سيئون	adj	masculine plural of سَيِّئ (sayyiʔ)
5631	جزاء	noun	repayment; recompense, return
5632	زورق	noun	boat, dinghy, skiff
5633	عصي	noun	verbal noun of عَصَى (ʕaṣā) (form I)
5634	دبر	verb	to be hindmost, to come behind, to follow
5635	تشهد	noun	testimony of faith.
5636	صبري	name	a male given name meaning “patient”, feminine equivalent صَبْرِيَّة (ṣabriyya)
5637	إهداء	noun	verbal noun of أَهْدَأَ (ʔahdaʔa) (form IV)
5638	مبارزة	noun	duel
5639	مهام	noun	plural of مَهَمَّة (mahamma)
5640	بذور	noun	plural of بِذْرَة (biḏra)
5641	مشبك	noun	clip, clamp, peg, brooch etc.
5642	هـ	adv	abbreviation of هِجْرِيّ (hijriyy): in the year of the Hegira (AH).
5643	فلك	noun	orbit, rounded course
5644	سائح	noun	tourist; traveler, wanderer
5645	محجوز	adj	passive participle of حَجَزَ (ḥajaza, “to detain”)
5646	مصطفى	adj	chosen
5647	تثبيت	noun	stabilization, fixing
5648	جريح	adj	wounded
5649	جرة	noun	jar, amphora, olla
5650	بيرو	name	Peru (a country in South America)
5651	إعلانات	noun	plural of إِعْلَان (ʔiʕlān)
5652	ثغرة	noun	gap, loophole, pit, wedge
5653	ناول	verb	to hand over (construed with two direct objects)
5654	شاحنات	noun	plural of شَاحِنَة (šāḥina)
5655	بوذا	noun	buddha
5656	قاس	verb	to measure; to compare
5657	صديقات	noun	plural of صَدِيقَة (ṣadīqa)
5658	احترق	verb	to burn, to be on fire, to be ablaze
5659	قشر	verb	to peel, to husk
5660	مخنث	noun	effeminate one or male who resembles a woman
5661	انخفاض	noun	verbal noun of اِنْخَفَضَ (inḵafaḍa) (form VII)
5662	سحاقية	noun	lesbian
5663	مضادة	noun	verbal noun of ضَادَّ (ḍādda) (form III)
5664	اغتيال	noun	verbal noun of اِغْتَالَ (iḡtāla) (form VIII)
5665	سماوي	adj	celestial; sky blue
5666	كميات	noun	plural of كَمِّيَّة (kammiyya)
5667	دوش	noun	shower (bathing)
5668	فرو	noun	pelt, fur
5669	علني	adj	public, open
5670	فضلة	noun	what remains, residue, remainder
5671	فاخرة	adj	feminine singular of فَاخِر (fāḵir)
5672	زائفة	adj	feminine singular of زَائِف (zāʔif)
5673	إلام	particle	to what?
5674	أطير	adj	swifter in flight; swiftest in flight
5675	انتشر	verb	to disperse; to expand, to be widespread
5676	مبرر	adj	justified, justifiable, warranted
5677	نسل	verb	to beget, to sire, to father, to procreate
5678	ذكى	verb	to slaughter; to set fire on
5679	مقاتلة	noun	verbal noun of قَاتَلَ (qātala) (form III)
5680	تمرير	noun	act of passing in soccer
5681	أغنى	adj	elative degree of غَنِيّ (ḡaniyy)
5682	تراك	verb	active imperative of تَرَكَ (taraka, “leave”)
5683	عادى	verb	to treat as an enemy, to antagonize, to be hostile to
5684	انهار	verb	to collapse, to fall down
5685	عمد	verb	to prop up, to support
5686	أخوة	noun	brotherhood, fraternity
5687	مسرحي	adj	theatrical, scenic, dramatic
5688	نينجا	noun	ninja
5689	أنس	verb	to become used to, to be comfortable with
5690	لدن	prep	at, by, near, since, from the moment that
5691	بذر	verb	to seed; to extend, reveal, circulate
5692	رش	verb	to spatter, to splash, to spurt
5693	اتباع	noun	verbal noun of اِتَّبَعَ (ittabaʕa) (form VIII)
5694	جداء	noun	advantage gain, yield
5695	محو	noun	wiping, erasure
5696	كثب	noun	plural of كَثِيب (kaṯīb)
5697	تأدية	noun	verbal noun of أَدَّى (ʔaddā) (form II)
5698	بر	noun	land, dry land (as opposed to sea)
5699	ضيافة	noun	accommodation, having as a guest, hosting, hospitality
5700	أغلبية	noun	majority
5701	منشور	adj	passive participle of نَشَرَ (našara)
5702	أساسا	adv	basically, in general, quintessentially, au fond
5703	شائعات	noun	plural of شَائِعَة (šāʔiʕa)
5704	شاك	adj	active participle of شَكَا (šakā)
5705	نظير	adj	similar, alike; counterpart (a person with similar functions)
5706	متقاعد	adj	retired
5707	بدني	adj	bodily, of human body, corporal, physical
5708	مضغ	verb	to chew, to masticate, to gum
5709	التقى	verb	to meet (each other), to meet up
5710	وردة	noun	an imitation of a rose used for decoration, such as a rosette or cockade
5711	قارئ	adj	active participle of قَرَأَ (qaraʔa)
5712	تلف	verb	to perish, to become marred, to be spoiled, to suffer annihilation
5713	طازجة	adj	feminine singular of طَازَج (ṭāzaj)
5714	بنطال	noun	pants, trousers
5715	مدارس	noun	plural of مَدْرَسَة (madrasa)
5716	مؤمنة	adj	feminine singular of مُؤْمِن (muʔmin)
5717	ثبت	noun	proof; list, index
5718	المخلص	phrase	yours sincerely, kind regards
5719	اختراع	noun	invention
5720	تعالج	verb	to receive medical treatment, therapy
5721	صفوف	noun	plural of صَفّ (ṣaff)
5722	عربي	adj	Arab; Arabic
5723	مسجد	noun	mosque
5724	مالح	adj	salty, saline.
5725	إنس	noun	comforting, solace
5726	افتتاح	noun	opening, introduction, inauguration, commencement, the starting off or beginning a thing
5727	واعظ	noun	preacher
5728	جام	noun	cup, bowl; tray, platter
5729	حروف	noun	plural of حَرْف (ḥarf)
5730	هش	verb	to beat down (leaves, branches)
5731	تصاعد	verb	to rise, lift, ascend, go up gradually, climb, increase, grow, mount
5732	دودة	noun	worm; maggot
5733	قصاصة	noun	small and unwanted piece, paper snippet
5734	ناديا	name	a female given name, equivalent to English Nadia
5735	أبسط	adj	elative degree of بَسِيط (basīṭ)
5736	مصارعة	noun	wrestling
5737	تلة	noun	mode or manner of lying on the side
5738	خيرية	noun	charity (organization)
5739	خنازير	noun	plural of خِنْزِير (ḵinzīr)
5740	حبذ	verb	to applaud, to condone, to utter favour of, to find lovely
5741	تبرير	noun	justification
5742	مرتزق	noun	mercenary, hireling
5743	أثينا	name	Athens (the capital city of Greece)
5744	كؤوس	noun	plural of كَأْس (kaʔs)
5745	معطلة	adj	feminine singular of مُعَطَّل (muʕaṭṭal)
5746	محادثات	noun	plural of مُحَادَثَة (muḥādaṯa)
5747	تبليغ	noun	verbal noun of بَلَّغَ (ballaḡa) (form II)
5748	يهودية	noun	female equivalent of يَهُودِيّ (yahūdiyy)
5749	تهدد	verb	to threaten
5750	قهر	verb	to treat with oppression
5751	روحاني	adj	alcoholic, spirituous, spiritous, vinous
5752	مشكوك	adj	doubtful, doubted
5753	محفوظ	adj	passive participle of حَفِظَ (ḥafiẓa)
5754	لوسيل	name	Lusail (a city in Al Daayen, Qatar)
5755	خمسمائة	num	five hundred
5756	هاتان	pron	nominative feminine dual of هٰذَا (hāḏā, “this”)
5757	تروق	verb	to have breakfast
5758	مشتاق	adj	yearning (for), longing (for), desirous
5759	فوضوي	adj	chaotic, messy; anarchistic
5760	تبريد	noun	cooling, refrigeration
5761	تدهور	verb	to decline, to be worsen, to collapse, to fall, to deteriorate
5762	تربى	verb	to grow up, to be brought up, to be bred, to be raised
5763	ساطع	verb	active participle of سَطَعَ (saṭaʕa)
5764	تركيا	name	Turkey (a country in Europe and Asia)
5765	خاب	verb	to fail
5766	أسكن	verb	to settle, lodge (someone)
5767	بنسلفانيا	name	Pennsylvania (a state of the United States)
5768	ارتفع	verb	to lift, to rise, to ascend, to go higher
5769	شية	noun	spot of different color, sign of refinement
5770	ارتكاب	noun	perpetrating, committing (a crime, sin, etc)
5771	مرسم	noun	studio, atelier
5772	معطل	adj	out of order, broken (machine, etc.)
5773	حركي	adj	related to movement, locomotor
5774	دينية	adj	feminine singular of دِينِيّ (dīniyy)
5775	أوج	noun	acme, peak, apex
5776	صعيد	noun	highland, upland, plateau
5777	أتباع	noun	followers, subordinates
5778	زوجات	noun	plural of زَوْجَة (zawja)
5779	سكري	adj	sugary; saccharine, having to do with sugar
5780	أزل	noun	eternity (having no beginning to its existence)
5781	تحارب	verb	to fight one another, to be engaged in war
5782	انقطاع	noun	cutting; interruption
5783	كنتاكي	name	Kentucky (a state of the United States)
5784	قيود	noun	plural of قَيْد (qayd)
5785	فيزيائي	adj	physical (related to physics)
5786	متروك	adj	passive participle of تَرَكَ (taraka)
5787	الفاتيكان	name	Vatican City (a city-state in Southern Europe, an enclave within the city of Rome, Italy)
5788	مفصول	adj	separated, detached, segregated, parted
5789	صدع	verb	to crack
5790	حيرة	noun	confusion, bewilderedness, bafflement; amazement
5791	أوربي	adj	alternative form of أُورُوبِّيّ (ʔūrubbiyy): European
5792	قنوات	noun	plural of قَنَاة (qanāh)
5793	بت	verb	to cut off, to sever
5794	مراحل	noun	plural of مَرْحَلَة (marḥala)
5795	أعداد	noun	plural of عَدَد (ʕadad)
5796	أجنبية	noun	female equivalent of أَجْنَبِيّ (ʔajnabiyy)
5797	مكاتب	noun	plural of مَكْتَب (maktab)
5798	دزينة	noun	dozen
5799	عيسى	name	Jesus (ʿĪsā), son of Mary, revered as a major prophet in Islam.
5800	شارف	verb	to approach; to supervise, to watch, to command
5801	آذان	noun	plural of أُذُن (ʔuḏun)
5802	ميم	noun	mimation
5803	سرعان	verb	How quickly! in a short time
5804	معدود	adj	counted, enumerated
5805	مرتبك	adj	confused; embarrassed
5806	كثافة	noun	density, thickness
5807	بوظة	noun	boza, or a beverage produced by fermentation
5808	مزورة	name	Muzawwara (the city of Baghdad, the capital city of Iraq)
5809	إحداث	noun	producing a new thing, creation, invention, origination, causation
5810	مراس	noun	verbal noun of مَارَسَ (mārasa) (form III)
5811	تأت	noun	verbal noun of تَأَتَّى (taʔattā) (form I)
5812	هاء	verb	to be beautiful, to display elegance
5813	فرحة	noun	joy, mirth, cheerfulness
5814	أرحب	adj	elative degree of رَحْب (raḥb)
5815	جرثوم	noun	bacterium
5816	مفكر	noun	thinker
5817	ادعى	verb	to claim, to pretend, to allege, to maintain
5818	ضعفاء	adj	masculine plural of ضَعِيف (ḍaʕīf)
5819	فرغ	verb	to be empty, to be vacant
5820	كتيب	noun	diminutive of كِتَاب (kitāb): booklet, handbook, manual
5821	فتات	noun	crumb, what has disintegrated, scrap, debris, shard
5822	حسين	name	a male given name, Husayn
5823	نسوة	noun	plural of اِمْرَأَة (imraʔa)
5824	ملاحة	noun	the art of navigation
5825	جوب	noun	verbal noun of جَابَ (jāba) (form I)
5826	إضراب	noun	verbal noun of أَضْرَبَ (ʔaḍraba) (form IV)
5827	أوصى	verb	to ordain, to enjoin, to decree, to command
5828	مزود	noun	provider, supplier
5829	عزا	verb	to attribute, to ascribe, to impute, to chalk up
5830	نفايات	noun	garbage, trash, waste
5831	لياقة	noun	good manners, courtesy, decency, etiquette
5832	تصنيف	noun	rating; classification
5833	ودود	adj	friendly, amiable
5834	أربعاء	noun	plural of رَبِيع (rabīʕ)
5835	حافز	noun	incentive, stimulant
5836	زأر	verb	to roar
5837	محتوى	noun	content
5838	باطن	adj	interior, inner
5839	باق	adj	who remains, who survives
5840	صغر	verb	to be or become small, little
5841	غشى	verb	to cover up, to cover over
5842	أقبض	verb	to give a handle
5843	متقدمة	adj	feminine singular of مُتَقَدِّم (mutaqaddim)
5844	دوائر	noun	plural of دَائِرَة (dāʔira)
5845	أوجه	adj	elative degree of وَجِيه (wajīh)
5846	الأبناء	name	a colony in early Islamic Yemen descended from Sasanian Persian military people
5847	تطفل	verb	to intrude; to pry into; to meddle in
5848	بهو	noun	hall; reception hall, foyer
5849	ينبوع	noun	spring, creek, fountain
5850	تان	pron	feminine dual of ذَا (ḏā)
5851	عبيد	noun	plural of عَبْد (ʕabd, “slave, servant”)
5852	عريضة	noun	petition, a written representation
5853	صفقات	noun	plural of صَفْقَة (ṣafqa)
5854	طبقات	noun	plural of طَبَقَة (ṭabaqa)
5855	سراويل	noun	plural of سِرْوَال (sirwāl)
5856	تدفئة	noun	verbal noun of دَفَّأَ (daffaʔa) (form II)
5857	محروق	adj	burned
5858	أخوات	noun	plural of أُخْت (ʔuḵt)
5859	جنية	adj	demonic, belonging or relative to genies or jinns
5860	لاو	adj	active participle of لَوَى (lawā)
5861	علك	verb	to chew, to knead with the teeth, to champ
5862	معتدل	adj	straight, even, proportionate
5863	مرسل	adj	active participle of أَرْسَلَ (ʔarsala)
5864	أضخم	adj	elative degree of ضَخْم (ḍaḵm)
5865	معاقبة	noun	punishing, penalization, castigating
5866	مغادر	verb	active participle of غَادَرَ (ḡādara)
5867	اختطف	verb	to snatch; to kidnap
5868	باز	noun	hawk
5869	صدور	noun	plural of صَدْر (ṣadr)
5870	تقيأ	verb	to vomit
5871	سلامتك	intj	get well soon
5872	خلسة	noun	something stolen, booty, plunder
5873	قالب	noun	form, mould, last (for casting shapes by it)
5874	استجواب	noun	questioning, interrogation
5875	أساسية	noun	female equivalent of أَسَاسِيّ (ʔasāsiyy)
5876	تكييف	noun	adjustment, adaptation, conditioning
5877	أقحم	verb	to insert, to enter, to intrude
5878	أثداء	noun	plural of ثَدْي (ṯady)
5879	دولاب	noun	closet, cupboard
5880	رقابة	noun	censorship; controlling
5881	لية	noun	closeness, verbal noun of وَلِيَ (waliya)
5882	غصن	noun	branch (of a tree), twig
5883	فموي	adj	oral (“relating to the mouth”)
5884	مجهز	adj	equipped; armed with
5885	برر	verb	to justify
5886	انتشار	noun	spread, proliferation
5887	وثائقي	noun	a documentary
5888	توسع	verb	to expand
5889	مرفق	noun	elbow; device
5890	لايل	verb	to hire on a nightly basis
5891	مستعجل	adj	hurried; in a hurry
5892	أوباما	name	Obama
5893	دبلوماسي	adj	diplomatic
5894	أغلى	adj	elative degree of غَالٍ (ḡālin)
5895	علكة	noun	synonym of شِقْشِقَة (šiqšiqa)
5896	إبداع	noun	creativity, originality, ingenuity
5897	نعاس	noun	drowsiness
5898	نبح	verb	to bark, to bay, to yelp
5899	داخ	verb	to be or become submissive, lowly, humble
5900	برودة	noun	cold, coolness, chilliness
5901	طيف	noun	ghost, apparition
5902	جناية	noun	a felony
5903	داليا	noun	dahlia
5904	تعقد	verb	to be or become complex, to be or become tangled, to be or become mixed up
5905	فاتح	noun	opener (one who opens)
5906	نفخ	verb	to blow; to blow up, to inflate
5907	سمسار	noun	broker, agent, middleman
5908	رأف	verb	to have mercy upon, to pity
5909	غسالة	noun	washerwoman; washing machine
5910	إرهابية	noun	terrorism
5911	اخترع	verb	to invent; to split off
5912	اعتمد	verb	to lean, to support oneself
5913	كارم	verb	to treat with generosity or compete in generosity with
5914	لادن	noun	gum cistus
5915	حراك	noun	motion, movement, unrest
5916	جوية	adj	feminine singular of جَوِّيّ (jawwiyy)
5917	جيران	noun	plural of جَار (jār)
5918	اعتداء	noun	assault
5919	مدن	noun	plural of مَدِينَة (madīna)
5920	تقلب	verb	To be turned over, to be reversed
5921	فلورنسا	name	Florence
5922	أرجل	noun	plural of رِجْل (rijl)
5923	تعطى	verb	to ask for a thing, to demand
5924	كيان	noun	entity
5925	ظني	adj	conjectural, surmised
5926	الطارق	name	The 86th sura (chapter) of the Qur'an.
5927	ديوك	noun	plural of دِيك (dīk)
5928	مارتيني	noun	martini (cocktail)
5929	مكلفة	adj	feminine singular of مُكَلَّف (mukallaf)
5930	رسا	verb	to anchor; to obtain something; to receive the knock down on something
5931	بصيرة	noun	the faculty of mental perception
5932	بارون	noun	baron
5933	علاجي	adj	medicinal, therapeutic
5934	جمرك	noun	customs (government department)
5935	متأكدون	adj	masculine plural of مُتَأَكِّد (mutaʔakkid)
5936	مراوغة	noun	slyness; trickery
5937	إليكما	adv	to you
5938	طالبان	name	Taliban
5939	وصاية	noun	curatorship, custodianship; wardship
5940	مسطح	adj	flat; even; level
5941	متأثر	adj	influenced (by), affected (by)
5942	جبنة	noun	a cheese, a piece of cheese, one cut of cheese
5943	بلهاء	noun	female equivalent of أَبْلَه (ʔablah)
5944	مغفرة	noun	forgiveness
5945	فيصل	noun	arbiter
5946	مخاوف	noun	plural of مَخَافَةٌ (maḵāfatun)
5947	حقيقيون	adj	masculine plural of حَقِيقِيّ (ḥaqīqiyy)
5948	اعتنى	verb	to look after, to take care, to nurse
5949	فقراء	noun	plural of فَقِير (faqīr)
5950	دلائل	noun	plural of دَلَالَة (dalāla)
5951	بساط	noun	covering, carpet, mat, cushion
5952	ملاكم	noun	boxer
5953	تفاحة	noun	singulative of تُفَّاح (tuffāḥ): apple
5954	ملوك	noun	plural of مَلِك (malik)
5955	جديرة	adj	feminine singular of جَدِير (jadīr)
5956	انطباع	noun	impression (indentation made by pressure)
5957	خلو	noun	emptiness; vacuum, empty space
5958	اجتماعية	noun	socialism
5959	ألاسكا	name	Alaska (a state of the United States, formerly a territory)
5960	حجب	verb	to intervene; to veil, to hide, to conceal
5961	منضدة	noun	table (item of furniture)
5962	هارون	name	Aaron (prophet)
5963	تسامح	verb	to be tolerant, to be indulgent
5964	اعتذار	noun	apology
5965	نهج	verb	to follow
5966	حذف	verb	to shorten, to clip, to curtail
5967	معاء	noun	alternative form of مِعًى (miʕan, “gut, intestine”)
5968	مسلية	noun	female equivalent of مُسَلٍّ (musallin)
5969	مدنية	noun	culture, civilization
5970	عراء	noun	bareness, nakedness
5971	موزع	adj	active participle of وَزَّعَ (wazzaʕa)
5972	مخبز	noun	bakery
5973	أجيال	noun	plural of جِيل (jīl)
5974	مجلات	noun	plural of مَجَلَّة (majalla)
5975	مجر	verb	to be thirsty
5976	تشكيلة	noun	variety, assortment, selection, collection
5977	سجناء	noun	plural of سَجِين (sajīn)
5978	والدين	noun	informal dual of وَالِد (wālid)
5979	سعي	noun	endeavor, effort, exertion, zeal
5980	فعليا	adv	substantially, effectively, de facto, actually
5981	مزعوم	adj	supposed, alleged, contended
5982	باقية	adj	feminine singular of بَاقٍ (bāqin)
5983	حيازة	noun	verbal noun of حَازَ (ḥāza) (form I)
5984	مقايضة	noun	a barter
5985	زوار	noun	plural of زَائِر (zāʔir)
5986	انسحب	verb	to retreat, to withdraw, to pull back
5987	حليف	noun	ally, confederate
5988	أغمض	verb	to disregard, to ignore
5989	أسلاك	noun	plural of سِلْك (silk)
5990	خلا	verb	to be empty, to be devoid (of)
5991	مساندة	noun	verbal noun of سَانَدَ (sānada) (form III)
5992	إهمال	noun	negligence
5993	جوانب	noun	plural of جَانِب (jānib)
5994	لجن	noun	plural of لَجْنَة (lajna)
5995	آنى	verb	to postpone, put off, delay, defer, retard
5996	حافظة	noun	memory; wallet, billfold
5997	غزل	verb	to spin
5998	شهوة	noun	lust; craving; greed; yearning; passion
5999	نكس	verb	to turn upside down
6000	باكو	name	Baku (the capital city of the Republic of Azerbaijan)
6001	عينان	noun	nominative dual of عَيْن (ʕayn)
6002	فيلسوف	noun	philosopher
6003	إشاعات	noun	plural of إِشَاعَة (ʔišāʕa)
6004	سامح	verb	to show oneself tolerant (فِي (fī) or بِ (bi) something)
6005	يرقة	noun	larva (of insects)
6006	مطاعم	noun	plural of مَطْعَم (maṭʕam)
6007	كبريت	noun	sulfur; match (device to make fire)
6008	ران	verb	to take possession of
6009	صدام	noun	collision, crash
6010	هولندا	name	Holland (a historical province of the Netherlands)
6011	هالك	adj	mortal, perishable, destructible
6012	إضاعة	noun	wasting, losing
6013	فرعي	adj	subsidiary, side, ancillary
6014	إخلاص	noun	sincere devotion, loyal attachment, sincere affection
6015	تطارد	verb	to chase, hunt, pursue, go after, trace, trail each other
6016	أسدى	verb	to offer, to render, to grant
6017	مثبت	adj	affirmative; confirmed, proven
6018	ينسون	noun	alternative form of أَنِيسُون (ʔanīsūn, “anise”)
6019	تراي	noun	triceps, triceps brachii
6020	علاء	noun	highness, elevation
6021	حاصل	noun	conclusion, outcome, yield, result, bottom line, quotient, sum, product
6022	غدة	noun	gland
6023	أولد	verb	to be about to give birth
6024	عزم	verb	to decide, to resolve
6025	سويدي	adj	Swedish
6026	عبادة	noun	worship, religious practice
6027	مشع	adj	radiating; radioactive
6028	أعجوبة	noun	wonder, marvel, miracle
6029	نقدية	adj	feminine singular of نَقْدِيّ (naqdiyy)
6030	تتابع	verb	to occur successively
6031	شتم	verb	to insult, to curse, to call names
6032	نقالة	noun	gurney, stretcher
6033	متطرف	adj	extreme; radical
6034	مهر	verb	to settle a dowry for (one's wife, etc.)
6035	حضرتك	pron	you (polite second-person personal pronoun)
6036	قضم	verb	to nibble
6037	تنسيق	noun	coordination, harmonization
6038	لفظ	verb	to emit; to spit out
6039	جواسيس	noun	plural of جَاسُوس (jāsūs)
6040	أطلسي	adj	Atlantic
6041	جريئة	adj	feminine singular of جَرِيء (jarīʔ)
6042	مصافحة	noun	verbal noun of صَافَحَ (ṣāfaḥa) (form III)
6043	ساندويتش	noun	sandwich
6044	أحرص	adj	elative degree of حَرِيص (ḥarīṣ)
6045	مختلفون	adj	masculine plural of مُخْتَلِف (muḵtalif)
6046	كافر	adj	disbeliever, unbeliever
6047	سندباد	name	Sinbad
6048	صفعة	noun	a slap, a cuff; a slam
6049	النوبة	name	Nubia (a region of Africa)
6050	صميم	noun	essence, core
6051	أفضلية	noun	priority, preference
6052	رجالى	noun	plural of رَاجِل (rājil)
6053	متاجر	adj	active participle of تَاجَرَ (tājara).
6054	استثنائي	adj	exceptional, extraordinary
6055	أيون	noun	ion
6056	نحيل	adj	thin, lean
6057	خفر	verb	to watch, to guard, to protect
6058	ظلال	noun	plural of ظِلّ (ẓill)
6059	تدريجي	adj	graded, progressive, phased, incremental, modulated
6060	مساواة	noun	equality, equivalence
6061	سكون	noun	quiet, rest, quietude
6062	ميتون	adj	masculine plural of مَيِّت (mayyit)
6063	غفران	noun	verbal noun of غَفَرَ (ḡafara) (form I)
6064	فوج	noun	company, group, crowd, drove, swarm
6065	جذور	noun	plural of جَذْر (jaḏr)
6066	تعدين	noun	mining, verbal noun of عَدَّنَ (ʕaddana) (form II)
6067	مهد	verb	to spread, to expand
6068	متوسطة	adj	feminine singular of مُتَوَسِّط (mutawassiṭ)
6069	تطرح	verb	to drop, to fall
6070	بطة	noun	duck (aquatic bird of the family Anatidae)
6071	ساخر	adj	mocking, sarcastic
6072	عزلة	noun	being alone; solitude, isolation
6073	قاتم	adj	dark, gloomy
6074	ثوري	adj	revolutionary, revolutionist
6075	مقدسة	adj	feminine singular of مُقَدَّس (muqaddas)
6076	محتويات	noun	plural of مُحْتَوًى (muḥtawan)
6077	شاحب	adj	pale; emaciated, haggard
6078	أقال	verb	to dismiss, to discharge, to fire, to relieve of duties
6079	ضريح	noun	grave; burial-place
6080	واه	adj	fragile, frail, idle, inactive
6081	مقعدي	adj	breech
6082	نحاس	noun	copper; alloys of copper; bronze, brass
6083	مقرر	noun	reporter
6084	انتهاك	noun	verbal noun of اِنْتَهَكَ (intahaka) (form VIII)
6085	مطابق	adj	identical, similar
6086	ذبابة	noun	fly (insect); remainder
6087	أثير	noun	air, ether
6088	أسعار	noun	plural of سِعْر (siʕr)
6089	مصدوم	adj	shocked
6090	كوابيس	noun	plural of كَابُوس (kābūs)
6091	نقيض	noun	contradictory; antithesis, opposition, contrast, opposite
6092	دبي	name	Dubai (a city in the United Arab Emirates; the capital of Dubai emirate)
6093	قرط	verb	to cut into minute morsels, to chop or mince, to chef
6094	عصيان	noun	disobedience
6095	مسكون	adj	passive participle of سَكَنَ (sakana)
6096	ترشح	verb	to be nominated, to run as a candidate
6097	أوجد	verb	to produce, to evoke, to provoke
6098	فوضوية	noun	chaoticness; anarchism
6099	بورصة	noun	stock market, stock exchange, bourse
6100	متتالية	noun	sequence, progression
6101	جزيء	noun	molecule
6102	ملائكة	noun	plural of مَلْأَك
6103	إباحية	noun	libertinism; licentiousness
6104	نذير	noun	bringer of bad news, herald, legate, apostle, warner
6105	مأجور	adj	hired; rewarded
6106	محاولات	noun	plural of مُحَاوَلَة (muḥāwala)
6107	قدير	adj	possessing power, possessing strength, powerful, potent
6108	مثلجات	noun	ice cream
6109	دلفين	noun	dolphin
6110	اجتماعي	adj	related to community, related to a group
6111	قيم	adj	valuable, worthy
6112	انتقام	noun	revenge, vengeance
6113	الإسلام	name	Islam, the religious system advocated by Muhammad
6114	وفاء	noun	loyalty, faithfulness, trustworthiness, honesty, reliability, integrity
6115	جوهرة	noun	jewel; precious stone
6116	أسلم	verb	to convert to Islam, to become a Muslim
6117	نقية	adj	feminine singular of نَقِيّ (naqiyy)
6118	بوس	noun	kissing
6119	سويسري	adj	Swiss
6120	متعفن	adj	rotten, putrid, fetid
6121	اغتصاب	noun	rape
6122	أجراس	noun	plural of جَرَس (jaras)
6123	جبناء	noun	plural of جَبَان (jabān)
6124	مقلب	noun	dumpster
6125	در	verb	to stream, to flow, to well
6126	قمح	noun	wheat
6127	صفات	noun	plural of صِفَة (ṣifa)
6128	نول	verb	to procure, to give, to present with
6129	روضة	noun	garden, meadow; kindergarten
6130	غيار	noun	replacement, swapping out, verbal noun of غَايَرَ (ḡāyara) (form III)
6131	تقريري	adj	justificative; vouching
6132	شعرة	noun	a hair
6133	أوسع	adj	elative degree of وَاسِع (wāsiʕ)
6134	بنفسجي	adj	violet (color), purple
6135	فداء	noun	redemption, ransoming
6136	خاتمة	noun	the last part of a thing
6137	معجون	noun	paste, cream; putty
6138	تحليق	noun	flying, flight; soaring
6139	ذاتية	adj	feminine singular of ذَاتِيّ (ḏātiyy)
6140	مراسلة	noun	verbal noun of رَاسَلَ (rāsala) (form III)
6141	مقل	verb	to look onto, to introspect
6142	مروان	name	a male given name, Marwan
6143	أصلية	adj	feminine singular of أَصْلِيّ (ʔaṣliyy)
6144	ملتصق	adj	active participle of اِلْتَصَقَ (iltaṣaqa)
6145	بريطانية	noun	female equivalent of بَرِيطَانِيّ (barīṭāniyy)
6146	أرتب	verb	to cause to be steady, balanced, fixed, firm, stationary
6147	وصولي	adj	careerist, opportunist
6148	تعرى	verb	to become naked, to strip, to undress
6149	بكر	verb	to be early; to come early
6150	انفصل	verb	to detach, come away, break off
6151	لاءم	verb	to meet the requirements; to suit; be suitable
6152	معاقب	adj	punishing; punisher
6153	حظى	noun	plural of حُظْوَة (ḥuẓwa)
6154	خصي	noun	verbal noun of خَصَى (ḵaṣā) (form I)
6155	دهان	noun	cold cream, cosmetic cream, salve, ointment, unguent
6156	ممنوعة	adj	feminine singular of مَمْنُوع (mamnūʕ)
6157	بنس	noun	penny
6158	أشلاء	noun	plural of شِلْو (šilw)
6159	أربح	verb	to cause or allow (someone) to gain or profit
6160	السويد	name	Sweden (a country in Scandinavia in Northern Europe)
6161	مختص	adj	specialized
6162	لعاب	noun	saliva, spittle
6163	ذاق	verb	to taste; to taste, to experience, to feel
6164	استماع	noun	listening
6165	فضولية	adj	feminine singular of فُضُولِيّ (fuḍūliyy)
6166	مستحضر	noun	formulation, preparation, compound
6167	روان	name	Rouen (a city in France)
6168	موحد	verb	active participle of وَحَّدَ (waḥḥada)
6169	مشاة	noun	plural of مَاشٍ (māšin)
6170	عنصرية	noun	racism
6171	ء	character	Hamza
6172	ثرية	noun	chandelier
6173	إجمالي	adj	comprehensive, general, total
6174	مبادلة	noun	verbal noun of بَادَلَ (bādala) (form III)
6175	مقلق	adj	disturbing, disquieting, worrying
6176	نباح	noun	barking (of a dog)
6177	محرقة	noun	a place of burning, fire
6178	صنبور	noun	spout, tap, faucet
6179	ثرثر	verb	to chatter, to prattle
6180	بطأ	verb	to retard, to make slow
6181	مأكل	noun	food
6182	رغبات	noun	plural of رَغْبَة (raḡba)
6183	توديع	noun	saying goodbye
6184	ثوم	noun	garlic; beads of silver or gold wherewith the grips of swords are decorated
6185	تدوير	noun	recycling
6186	لويزيانا	name	Louisiana (a state in the Deep South and South Central regions of the United States)
6187	بخيل	adj	stingy, miserly, cheap
6188	شكلي	adj	formal, related to form
6189	نظريات	noun	plural of نَظَرِيَّة (naẓariyya)
6190	فولاذ	noun	steel
6191	استبدال	noun	verbal noun of اِسْتَبْدَلَ (istabdala) (form X)
6192	حلا	verb	to be sweet or pleasant
6193	وردية	noun	rosary (kind of prayer)
6194	تشنج	noun	spasm; convulsion
6195	مساومة	noun	bargain; bargaining
6196	فكة	noun	small change
6197	أزواج	noun	plural of زَوْج (zawj)
6198	دوقة	noun	duchess
6199	عمومي	adj	public; general
6200	رزمة	noun	bundle, packet
6201	ثقوب	noun	plural of ثَقْب (ṯaqb)
6202	معايير	noun	plural of مِعْيَار (miʕyār)
6203	خطابات	noun	plural of خِطَاب (ḵiṭāb)
6204	منة	noun	force; power
6205	فوائد	noun	plural of فَائِدَة (fāʔida)
6206	دهشة	noun	surprise, astonishment, bafflement, jolt
6207	فيرمونت	name	Vermont (a state of the United States)
6208	استخراج	noun	extraction
6209	نتن	verb	to be offensive to the nose, to smell foul; to stink (especially of decay)
6210	أسس	verb	to mark out and lay the foundations of (a building)
6211	مصداقية	noun	credibility
6212	ضاحية	noun	outer, exterior, or exposed, side or region
6213	طهى	verb	to cook, to broil, to stew
6214	مستقطع	adj	reduced, deducted, cut
6215	محتار	adj	baffled, bewildered, puzzled, perplexed
6216	دوامة	noun	whirlpool, vortex, swirl
6217	شراع	noun	sail; tent
6218	حاضرة	noun	capital city, metropolis
6219	غابات	noun	plural of غَابَة (ḡāba)
6220	صنوبر	noun	pine, pine tree
6221	طباع	noun	plural of طَبْع (ṭabʕ)
6222	خصص	verb	to make specialized, to designate, to dedicate, to allocate, to reserve
6223	إعلامي	adj	media; journalistic
6224	متردد	adj	hesitant, indecisive, irresolute, undecided
6225	مزية	noun	excellent trait
6226	طي	noun	fold, plica; often meaning that something is included within or attached with
6227	أشهد	verb	to call a witness
6228	حيواني	adj	related to animals
6229	عنبر	noun	ambergris
6230	تأريخ	noun	synonym of تَارِيخ (tārīḵ, “date; history”)
6231	قصوى	adj	feminine singular of أَقْصَى (ʔaqṣā)
6232	إنكليزي	adj	alternative spelling of إِنْجْلِيزِيّ (ʔinglīziyy)
6233	مهزلة	noun	farce, travesty, charade
6234	قلنسوة	noun	hood, cowl, coif
6235	مصري	adj	Egyptian; Egyptian Arabic
6236	ة	suffix	Used to form feminine adjectives from masculine adjectives.
6237	نحيف	adj	thin, slender, skinny, slim
6238	طعنة	noun	instance noun of طَعَنَ (ṭaʕana) an instance of stabbing, a stab
6239	نقر	verb	to strike, to knock, to hack, to dig into, to tap, to peck
6240	موافقون	adj	masculine plural of مُوَافِق (muwāfiq)
6241	قضبان	noun	plural of قَضِيب (qaḍīb)
6242	علوم	noun	plural of عِلْم (ʕilm)
6243	أمرض	adj	elative degree of مَرِيض (marīḍ)
6244	دولية	adj	feminine singular of دُوَلِيّ (duwaliyy)
6245	طوابق	noun	plural of طَابِق (ṭābiq)
6246	رديئة	adj	feminine singular of رَدِيء (radīʔ)
6247	رغوة	noun	foam
6248	بولندي	adj	Polish
6249	أعصاب	noun	plural of عَصَب (ʕaṣab)
6250	أنين	noun	groan, moan
6251	مكلف	adj	in charge (بِ (bi) of), responsible (بِ (bi) for)
6252	ذوات	noun	plural of ذَات (ḏāt)
6253	مصيدة	noun	fishery, place for angling
6254	تعويذ	noun	amulet, talisman
6255	مطمئن	adj	remaining quietly
6256	أملى	verb	to dictate; to spell
6257	أمستردام	name	Amsterdam
6258	نادرا	adv	rarely, seldom
6259	نزوة	noun	whim, caprice; impulse, urge
6260	أثنى	verb	to praise or blame
6261	معبر	noun	crossing, passage, traverse
6262	زيد	verb	to increase, to augment, to grow, to multiply
6263	منافق	noun	hypocrite; religious hypocrite, a person who pretends to be Muslim
6264	متحكم	adj	controlling, dominating, overbearing
6265	مهرب	noun	fleeing in dismay, escape, refuge
6266	بعام	noun	chimpanzee
6267	لعوب	adj	inclined to play, playful
6268	مرسى	noun	anchorage, harbour, marina, dock, jetty
6269	إنسانية	noun	The condition or quality of being human, humanity
6270	ألمانية	adj	feminine singular of أَلْمَانِيّ (ʔalmāniyy)
6271	مهدد	adj	menacing
6272	نخل	noun	palm trees
6273	صاعقة	noun	lightning strike, thunderbolt
6274	جينز	noun	jeans; denim
6275	كسور	noun	plural of كَسْر (kasr)
6276	ترشيح	noun	verbal noun of رَشَّحَ (raššaḥa) (form II)
6277	مبادئ	noun	plural of مَبْدَأ (mabdaʔ)
6278	شكري	adj	of thanks, thanking
6279	اتهام	noun	accusation, charge
6280	مقطوع	adj	severed, cut off
6281	قمل	noun	lice, louse
6282	القرى	noun	definite of قُرَىٰ (qurā, “villages”)
6283	تنازلي	adj	descending
6284	صافية	adj	feminine singular of صَافٍ (ṣāfin)
6285	اعتبار	noun	regard, respect
6286	موقوف	adj	passive participle of وَقَفَ (waqafa)
6287	دلو	noun	pail, bucket
6288	متأخرون	noun	plural of مُتَأَخِّر (mutaʔaḵḵir)
6289	أكواب	noun	plural of كُوب (kūb)
6290	عريض	adj	wide; broad
6291	أحوال	noun	plural of حَال (ḥāl)
6292	حلف	verb	to swear
6293	ميز	verb	to differentiate, to distinguish, to discern, to discriminate (constructed with بين)
6294	اخترق	verb	to penetrate; to pierce through, cut through
6295	أطباق	noun	plural of طَبَق (ṭabaq)
6296	معاكس	adj	opposite; opposing; reverse
6297	رصيد	noun	stock, inventory (merchandise)
6298	حماسة	noun	enthusiasm
6299	أنسب	adj	more/most appropriate, fitting, suitable
6300	هضم	verb	to break, to cut into
6301	ثقافي	adj	cultural; educational
6302	تشويه	noun	disfiguring, mutilating
6303	ميراث	noun	inheritance, the property conceived by the law of succession
6304	نحس	verb	to bring bad luck, to jinx, to hex
6305	رياضيات	noun	mathematics
6306	شفرات	noun	plural of شَفْرَة (šafra)
6307	فصول	noun	plural of فَصْل (faṣl)
6308	تميز	verb	to be distinguished, to be characterized
6309	سداد	noun	payment, disbursement
6310	طاحونة	noun	mill
6311	يهوذا	name	Judah (biblical figure)
6312	شيب	noun	grey hair
6313	مشلول	adj	paralyzed
6314	عادات	noun	plural of عَادَة (ʕāda)
6315	مركبات	noun	plural of مَرْكَبَة (markaba)
6316	هادي	noun	accusative construct state of هَادٍ (hādin, “guide”)
6317	زنجبيل	noun	ginger
6318	إجبار	noun	compulsion, force
6319	أحصى	verb	to enumerate, to count
6320	أضاء	verb	to shine, to gleam
6321	مروج	adj	that which promotes, popularise
6322	رغيف	noun	a loaf; a bread roll; a bun
6323	وصلة	noun	a link; a hyperlink
6324	بذرة	noun	seed; stub
6325	أخف	adj	elative degree of خَفِيف (ḵafīf)
6326	هندية	adj	feminine singular of هِنْدِيّ (hindiyy)
6327	أعقد	adj	knottier; knottiest
6328	هجين	noun	hybrid, half-breed, mongrel
6329	اختياري	adj	optional, voluntary
6330	سمي	adj	high, lofty; exalted, sublime
6331	أمومة	noun	motherhood
6332	ثالوث	noun	trinity; Trinity
6333	مصالح	noun	plural of مَصْلَحَة (maṣlaḥa)
6334	تنزه	verb	to be pure, to be aloof
6335	قشرة	noun	crust; shell
6336	بسر	verb	to scowl, to frown, to glower, to grimace
6337	آفة	noun	damage, loss, calamity, harm, bane, pest, plague
6338	مسحور	adj	bewitched, enchanted, charmed
6339	تضرر	verb	to be injured, to be afflicted, to suffer damage
6340	جامع	adj	comprehensive, extensive, broad, general, universal
6341	خياط	noun	tailor, seamster
6342	محركات	noun	plural of مُحَرِّك (muḥarrik)
6343	ساحرات	noun	plural of سَاحِرَة (sāḥira)
6344	كاشف	verb	to divulge, to disclose, to reveal
6345	ثديي	adj	related to the breast
6346	بطرس	name	Peter; a male given name from Ancient Greek, equivalent to English Peter
6347	شيم	noun	caranx (Caranx-genus fish)
6348	تجويف	noun	verbal noun of جَوَّفَ (jawwafa) (form II)
6349	مسير	noun	verbal noun of سَارَ (sāra) (form I)
6350	مشدود	adj	passive participle of شَدَّ (šadda)
6351	نيلي	adj	indigo
6352	إحياء	noun	verbal noun of أَحْيَا (ʔaḥyā) (form IV)
6353	حروق	noun	plural of حَرْق (ḥarq)
6354	كسوف	noun	eclipse; solar eclipse
6355	إبهام	noun	obscurity, vagueness, ambiguity
6356	مجرفة	noun	shovel, spade; trowel
6357	دائري	adj	circular, round
6358	مذيع	noun	news presenter, news anchor, newscaster, newsreader
6359	خفاء	noun	verbal noun of خَفِيَ (ḵafiya) (form I)
6360	منطاد	noun	balloon (inflatable object to transport people through the air)
6361	صناعات	noun	plural of صِنَاعَة (ṣināʕa)
6362	مارسيل	name	Marcel
6363	كفيل	noun	guarantor, attestor, bailsman, avower, bondsman, surety
6364	رفاهية	noun	luxury
6365	ضفة	noun	bank, shore; the West Bank
6366	علا	verb	to be exalted, high
6367	واجبات	noun	plural of وَاجِب (wājib)
6368	تأسيس	noun	founding
6369	تضييع	noun	wasting, losing
6370	سافانا	noun	savanna (tropical grassland)
6371	سائر	adj	going, walking; being of widespread appearance, bulk, the general mass, what is generally known
6372	اجتماعات	noun	plural of اِجْتِمَاع (ijtimāʕ)
6373	قمصان	noun	plural of قَمِيص (qamīṣ)
6374	صرح	verb	to expound clearly, to clarify, to explain (عَلَى (ʕalā) to someone)
6375	أخلاق	noun	plural of خُلُق (ḵuluq)
6376	دلك	verb	to rub, to stroke
6377	صدف	verb	turn away from
6378	حطب	noun	material for fueling fire, firewood, kindling
6379	روج	verb	to circulate, to sling, to propagate, to pitch, to promote
6380	تفريق	noun	distinguishing, differentiating, discrimination
6381	زوايا	noun	plural of زَاوِيَة (zāwiya)
6382	استثناء	noun	exception; exclusion
6383	تباع	noun	plural of تَابِع (tābiʕ)
6384	مراد	noun	plural of مَارِد (mārid)
6385	منيع	adj	strong, fortified, impregnable, invincible, impenetrable, indomitable
6386	مبتل	adj	active participle of اِبْتَلَى (ibtalā)
6387	ليم	noun	lime (fruit)
6388	مجزرة	noun	massacre, slaughter
6389	ببغاء	noun	parrot; one who repeats what was said
6390	قاموس	noun	dictionary, lexicon
6391	مغلف	noun	envelope (for letters)
6392	مولاة	noun	female equivalent of مَوْلًى (mawlan, “lord, master”)
6393	تناقض	verb	to be contradictory, to be contrary
6394	نادين	name	a female given name, equivalent to English Nadine
6395	حلقي	adj	pharyngeal (consonants, which are ء (ʔ), ه (h), ع (ʕ), ح (ḥ), غ (ḡ) and خ (ḵ) in Arabic.)
6396	صناعية	adj	feminine singular of صِنَاعِيّ (ṣināʕiyy)
6397	تنويم	noun	verbal noun of نَوَّمَ (nawwama) (form II)
6398	مستقيمة	adj	feminine singular of مُسْتَقِيم (mustaqīm)
6399	تطرق	verb	to try to gain access
6400	ترتيبات	noun	plural of تَرْتِيب (tartīb)
6401	أنماط	noun	plural of نَمَط (namaṭ)
6402	اصطدم	verb	to clash, to collide
6403	قاري	adj	continental
6404	أشغل	verb	to occupy, to busy, to employ
6405	ذقن	noun	chin; beard on the chin; goatee
6406	سوط	noun	scourge, switch, whip
6407	هلاك	noun	death; ruin, destruction, damnation
6408	متعاون	adj	active participle of تَعَاوَنَ (taʕāwana)
6409	هزة	noun	motion, commotion
6410	حماق	noun	chicken pox
6411	متعجرف	adj	arrogant, haughty, conceited, pompous
6412	ملحق	adj	passive participle of أَلْحَقَ (ʔalḥaqa).
6413	جواد	adj	goodness, generous, bountiful
6414	مومياء	noun	mummy
6415	سخي	adj	generous, kind
6416	استثمار	noun	investment
6417	ابتزاز	noun	blackmail, extortion
6418	كتمان	noun	verbal noun of كَتَمَ (katama) (form I)
6419	أناقة	noun	elegance, grace
6420	كاراتيه	noun	karate
6421	حدق	verb	to surround, to enclose
6422	تقاليد	noun	plural of تَقْلِيد (taqlīd)
6423	استعراض	noun	survey; inspection
6424	أفشل	verb	to foil, to thwart, to frustrate, to screw, to ruin, to bog down, to botch
6425	قدح	verb	to light, to ignite, to spark
6426	انتحر	verb	to commit suicide, to kill oneself
6427	تضخم	verb	to swell, to become inflated
6428	مقلوب	adj	overturned, inverted, reversed
6429	بنادق	noun	plural of بُنْدُقِيَّة (bunduqiyya)
6430	موارد	noun	plural of مَوْرِد (mawrid)
6431	جاسوسة	noun	female equivalent of جَاسُوس (jāsūs)
6432	مرهم	noun	ointment, cream, pomade
6433	مسامحة	noun	forgiveness
6434	قاسم	noun	divider; distributor
6435	القاهرة	name	Cairo (the capital city of Egypt)
6436	حروب	noun	plural of حَرْب (ḥarb)
6437	استشارة	noun	advice, consultation
6438	دراجات	noun	plural of دَرَّاجَة (darrāja)
6439	مزيل	adj	eliminating, eliminative, remover
6440	أوي	noun	verbal noun of أَوَى (ʔawā) (form I)
6441	شهيرة	adj	feminine singular of شَهِير (šahīr)
6442	لهث	verb	to pant
6443	تقاسم	verb	to share, to divvy up
6444	إيداع	noun	verbal noun of أَوْدَعَ (ʔawdaʕa) (form IV)
6445	تزيين	noun	verbal noun of زَيَّنَ (zayyana) (form II)
6446	خريج	noun	graduate; alumnus
6447	بؤس	verb	to be brave
6448	حورية	noun	maiden (celestial, heavenly), houri
6449	يابانية	noun	female equivalent of يَابَانِيّ (yābāniyy)
6450	شواذ	adj	masculine plural of شَاذّ (šāḏḏ)
6451	مربى	noun	jam, preserved fruit
6452	إناء	noun	vessel, receptacle, utensil, dish
6453	طها	verb	to cook, to broil, to stew
6454	ماز	verb	to set apart, to separate, to remove
6455	وال	noun	wali, regent, governor, prefect of a province
6456	قاصر	adj	active participle of قَصَرَ (qaṣara)
6457	عسى	verb	it is hoped [with nominative or clitic]
6458	وفير	adj	abundant
6459	شاه	verb	to be or become ugly, misshapen
6460	رفيعة	adj	feminine singular of رَفِيع (rafīʕ)
6461	رماية	noun	throwing, tossing (as a profession)
6462	احترم	verb	to honor, to revere, to venerate, to esteem, to respect
6463	ملا	noun	mullah, mollah, mulla, moolah
6464	أصول	noun	plural of أَصْل (ʔaṣl)
6465	تمار	noun	seller of dates
6466	زمنية	noun	temporality (the quality of relating to time)
6467	رمزي	adj	symbolic
6468	نجى	verb	to save, to rescue
6469	شيق	adj	brilliant, splendid
6470	مبهم	adj	mysterious, secret, cloudy, uncertain
6471	مجرة	noun	galaxy
6472	غلي	noun	verbal noun of غَلَى (ḡalā) (form I)
6473	ضمادة	noun	bandage, dressing, gauze, fillet, cast
6474	ثقل	verb	to be heavy; to be or become pregnant
6475	حضيض	noun	bottom (of the sea)
6476	مزور	adj	active participle of زَوَّرَ (zawwara)
6477	ندب	verb	to incite, to urge
6478	ازداد	verb	to increase, to augment, to grow, to multiply (intransitive)
6479	أخصائي	noun	expert, specialist
6480	حسان	adj	masculine plural
6481	أمثال	noun	plural of مِثْل (miṯl)
6482	عموما	adv	generally, in general, generally speaking
6483	آهات	noun	a technique used in Arabic vocal music
6484	نسى	verb	to cause to forget
6485	بوح	noun	verbal noun of بَاحَ (bāḥa) (form I)
6486	ثمر	noun	the yield of flowering plants, botanical fruits, crops
6487	وتد	verb	to ram firmly, to thrust, to wedge
6488	مساهمة	noun	contribution
6489	نت	noun	the Internet
6490	مبرة	noun	good deed; charity
6491	حوت	noun	fish; whale
6492	مشرط	noun	scalpel; scarificator
6493	نحت	verb	to carve; to lie with
6494	معتمد	adj	reliant (on), dependent (on)
6495	نقش	verb	to emboss; to variegate, to give different colours, to decorate, to embellish
6496	فران	noun	baker; oven owner
6497	عوالم	noun	plural of عَالَم (ʕālam)
6498	تماشى	verb	to walk together
6499	استئجار	noun	renting
6500	اختصار	noun	abbreviation; shortening
6501	مكيف	noun	ellipsis of مُكَيِّفُ هَوَاءٍ (mukayyifu hawāʔin, “air conditioner”)
6502	أموري	noun	Amorite
6503	شرائط	noun	plural of شَرِيطَة (šarīṭa)
6504	برية	noun	creatures
6505	مكسرات	noun	nuts
6506	خطاف	noun	hook, gaff; swift (a bird of the Apodidae family)
6507	صوديوم	noun	sodium
6508	عليهن	prep	third-person plural feminine of عَلَى (ʕalā)
6509	شامبانيا	noun	champagne
6510	ذبح	verb	to kill by slitting the throat
6511	أرشيف	noun	archive
6512	أسبرين	noun	aspirin (a analgesic drug)
6513	نصور	noun	verbal noun of نَصَرَ (naṣara) (form I)
6514	مهتمون	adj	masculine plural of مُهْتَمّ (muhtamm)
6515	تمحور	verb	to revolve around
6516	جهنم	name	hell, Gehenna
6517	أبطأ	verb	to delay; to be slow
6518	جعفر	noun	full river; camel full of milk
6519	فترات	noun	plural of فَتْرَة (fatra)
6520	رسومات	noun	plural of رَسْم (rasm)
6521	استأجر	verb	to rent; to lease
6522	طاعة	noun	obedience; righteousness
6523	خفة	noun	lightness (the state of having little weight)
6524	تقي	adj	God-fearing, pious, righteous, godly
6525	حسد	verb	to envy; to curse with the evil eye through envy
6526	بستاني	noun	gardener
6527	متعصب	noun	bigot, bigoted, fanatic
6528	أثقل	adj	elative degree of ثَقِيل (ṯaqīl)
6529	رطبة	noun	singulative of رُطَب (ruṭab, “ripened date”)
6530	اعتقل	verb	arrest (a natural person or a person’s assets)
6531	دكان	noun	dais, estrade; shop, store
6532	بوست	noun	post
6533	أخص	adj	elative degree of خَاصّ (ḵāṣṣ)
6534	نباتات	noun	plural of نَبَات (nabāt)
6535	تر	noun	plumb line
6536	قي	noun	verbal noun of قَوِيَ (qawiya) (form I)
6537	أملأ	adj	more or most satisfying in comeliness
6538	إوزة	noun	singulative of إِوَزّ (ʔiwazz)
6539	غائط	noun	feces, excrement
6540	فتيل	adj	twisted
6541	تسعون	num	ninety
6542	بانكوك	name	Bangkok (the capital city of Thailand)
6543	مهمات	noun	plural of مُهِمَّة (muhimma)
6544	باشا	noun	pasha, bashaw; sir, mister; polite term of address for a male stranger
6545	مزمار	noun	mizmar, a traditional Arabic wind instrument with a double or single reed
6546	زميلة	noun	female equivalent of زَمِيل (zamīl, “colleague”)
6547	شوكي	adj	thorny, prickly
6548	مسقط	noun	verbal noun of سَقَطَ (saqaṭa) (form I)
6549	ربو	noun	verbal noun of رَبَا (rabā) (form I)
6550	وصي	noun	testator, executor, trustee (especially one who carries out the will of a dead person)
6551	مشورة	noun	counsel, recommendation, suggestion, consultation, advice
6552	إفريقيا	name	Africa (the continent south of Europe and between the Atlantic and Indian Oceans)
6553	حواجز	noun	plural of حَاجِز (ḥājiz)
6554	معارك	noun	plural of مَعْرَكَة (maʕraka)
6555	قوائم	noun	plural of قَائِمَة (qāʔima)
6556	انقلب	verb	to be turned upside down or topsy-turvy, to be overturned
6557	أرجوحة	noun	any contrivance or application that swings, swing
6558	مملوء	adj	filled
6559	أنزع	verb	to uproot, to pull out, to extract
6560	سيقان	noun	plural of سَاق (sāq)
6561	مبتذل	adj	common, vulgar; commonplace, trite, hackneyed
6562	ليال	noun	plural of لَيْلَة (layla)
6563	مسارات	noun	plural of مَسَار (masār)
6564	ذهنية	noun	mentality
6565	بريق	noun	verbal noun of بَرَقَ (baraqa) (form I)
6566	أرق	verb	to be sleepless
6567	ورك	noun	hip, thigh; hipbone, ischium
6568	جنيف	name	Geneva (a city in Switzerland)
6569	خرائط	noun	plural of خَرِيطَة (ḵarīṭa)
6570	ملموس	adj	tangible, concrete, physical
6571	مستعمرة	noun	colony, settlement
6572	شير	adj	elegant, of good shape
6573	مذعور	adj	scared, frightened, panic-stricken, panicking
6574	لاجئ	noun	refugee
6575	بدر	noun	full moon
6576	حدائق	noun	plural of حَدِيقَة (ḥadīqa)
6577	خياطة	noun	sewing, tailoring, dressmaking
6578	مرارة	noun	gall bladder; bitterness
6579	خرافي	adj	mythical, fabulous, chimerical
6580	أغمي	verb	to faint, to swoon
6581	ولايات	noun	plural of وِلَايَة (wilāya)
6582	أخوية	noun	brotherhood, fraternity
6583	انقطع	verb	to be cut off, be or get separated (من / عن = from)
6584	بياض	noun	whiteness, white
6585	حجارة	noun	plural of حَجَر (ḥajar)
6586	هويات	noun	plural of هُوِيَّة (huwiyya)
6587	روايات	noun	plural of رِوَايَة (riwāya)
6588	لاعبة	noun	female equivalent of لَاعِب (lāʕib)
6589	طاهر	adj	pure (substance, creature etc)
6590	سرج	noun	saddle
6591	مشوه	verb	active participle of شَوَّهَ (šawwaha)
6592	بسام	adj	who smiles often
6593	وسامة	noun	verbal noun of وَسُمَ (wasuma) (form I)
6594	أشجع	adj	elative degree of شَجِيع (šajīʕ), elative degree of شُجَاع (šujāʕ)
6595	حكيمة	noun	female equivalent of حَكِيم (ḥakīm)
6596	كليم	noun	one who speaks with another person
6597	ضاق	verb	to be(come) narrow
6598	عازم	adj	resolved (on), determined (on), bent (on)
6599	كوس	noun	set square; equilateral triangle for measuring
6600	رنة	noun	reindeer
6601	تمثيلي	adj	representational, representative
6602	دلالة	noun	indication, hint, argument, guidance
6603	كواكب	noun	plural of كَوْكَب (kawkab)
6604	هدر	verb	to rumble; to seethe, to boil, to simmer, to scald
6605	تدريبات	noun	plural of تَدْرِيب (tadrīb)
6606	ماساتشوستس	name	Massachusetts
6607	سود	verb	to be black
6608	كبش	noun	ram, male sheep
6609	أحفظ	verb	to vex, to annoy, to gall, to irritate, to offend
6610	تاريخية	noun	historicism
6611	أحرج	verb	to narrow, straiten, confine, cramp. hamper, impede, restrict
6612	سبات	noun	stupor, lethargy, ailment of excessive sleep
6613	ماسح	adj	active participle of مَسَحَ (masaḥa).
6614	تشيلي	adj	Chilean
6615	موعود	adj	promised
6616	هيدروجين	noun	hydrogen
6617	تايلاند	name	alternative form of تَايْلَنْد (tāyland): Thailand (a country in Southeast Asia)
6618	استقال	verb	to seek the cancellation of (a sale)
6619	تراث	noun	heritage (inherited cultural values or achievements; traditions)
6620	ركود	noun	recession, depression
6621	غشاء	noun	whatever covers animal or plant body (such as skin, hair, feather, scale, husk)
6622	غرير	adj	deceived, duped
6623	نزاهة	noun	integrity, honesty, uprightness, unbiasedness
6624	ناقد	noun	critic
6625	هاو	adj	active participle of هَوَى (hawā): falling
6626	مدونة	noun	short academic article, piece of writing in a journal, a blog
6627	هاب	verb	to be afraid of, to be frightened, to fear
6628	حواء	name	Eve, the first woman in Abrahamic religions
6629	أنصح	verb	to give someone water
6630	خردل	noun	mustard (plant and condiment)
6631	اشتاق	verb	to yearn for [with إِلَى (ʔilā) or accusative], to miss
6632	غنم	verb	to make booty; to take as booty
6633	أنثوي	adj	feminine, womanly, female
6634	حلفاء	noun	plural of حَلِيف (ḥalīf)
6635	ارتباط	noun	verbal noun of اِرْتَبَطَ (irtabaṭa) (form VIII)
6636	أبت	noun	O my father! (vocative)
6637	الأردن	name	Jordan (a country in West Asia in the Middle East)
6638	سفري	adj	takeout, to go
6639	يهود	noun	Jews; Jewry
6640	تنقيب	noun	verbal noun of نَقَّبَ (naqqaba) (form II)
6641	تفاهة	noun	banality; flatness
6642	مندوب	adj	laudable, pious
6643	مشنقة	noun	gallows
6644	تينيسي	name	Tennessee (a state of the United States)
6645	ذئاب	noun	plural of ذِئْب (ḏiʔb)
6646	أحيا	verb	to give life to, to vivify, to quicken, to vitalize; to bring to life, to animate
6647	منتخب	noun	elected candidate
6648	حنين	noun	strong craving, desire
6649	انتصار	noun	victory, triumph
6650	عباس	adj	grim, glowering, frowning, stern, scowling, surly
6651	أمهات	noun	plural of أُمّ (ʔumm)
6652	أرباح	noun	plural of رِبْح (ribḥ)
6653	سجادة	noun	carpet; prayer mat, prayer rug
6654	نيسان	name	April, the 4th month of the Gregorian calendar
6655	جزيئات	noun	plural of جُزَيْء (juzayʔ)
6656	أبولو	noun	Apollo (butterfly)
6657	تنشيط	noun	activation; stimulation
6658	وكلاء	noun	plural of وَكِيل (wakīl)
6659	منفى	noun	exile
6660	تأرجح	verb	to swing, stagger, to quiver, to seesaw
6661	أهلك	verb	to make perish; to destroy, to extinguish
6662	صوري	adj	formal; artificial
6663	مئتان	noun	nominative dual of مِئَة (miʔa, “hundred”)
6664	شهادات	noun	plural of شَهَادَة (šahāda)
6665	حكة	noun	an itch; a scab, anything one scratches
6666	بجع	noun	pelican; swan
6667	بكين	name	Beijing (the capital city of China)
6668	تشرين	name	October (tenth month of the Gregorian and Julian calendars)
6669	مسائل	adj	active participle of سَاءَلَ (sāʔala)
6670	نوايا	noun	plural of نِيَّة (niyya)
6671	قولون	noun	colon
6672	رشيد	adj	who guides on the right path
6673	آمال	noun	plural of أَمَل (ʔamal)
6674	عنزة	noun	goat
6675	مثار	adj	excited
6676	أخلاقية	noun	morality; ethics (more common in the plural)
6677	المغرب	name	Maghreb; Morocco (a country in North Africa)
6678	أبوة	noun	fatherhood
6679	قمع	verb	to suppress, to quell, to stifle
6680	رؤيا	noun	something seen in sleep, a dream; a vision
6681	قنصلية	noun	consulate
6682	ثمرة	noun	a fruit; something or someone resembling, likened to, or related to fruit
6683	لدغة	noun	bite, sting; a stinging remark; a barb
6684	فاعلة	noun	female equivalent of فَاعِل (fāʕil)
6685	عطف	verb	to incline, to sympathize
6686	أعرج	adj	lame; limping
6687	فرخ	noun	chick, young bird
6688	غي	noun	falsehood, misguidance, corruption
6689	محاصرة	noun	besieging, blockading, encirclement
6690	مشروعة	adj	feminine singular of مَشْرُوع (mašrūʕ)
6691	حرائق	noun	plural of حَرِيق (ḥarīq)
6692	إرم	name	Iram of the Pillars (a lost city mentioned in the Qur'an)
6693	مفارقة	noun	separation, withdrawal
6694	أوركسترا	noun	orchestra
6695	حمامات	noun	plural of حَمَّام (ḥammām)
6696	معارف	noun	plural of مَعْرِفَة (maʕrifa)
6697	تورم	verb	to swell
6698	برعم	noun	scion, sprout, shoot, bud
6699	بنطلون	noun	pants, trousers
6700	وطنية	adj	feminine singular of وَطَنِيّ (waṭaniyy)
6701	بق	verb	to bear many children, to be prolific
6702	تتويج	noun	coronation (of a King, etc)
6703	صفق	verb	to slap, to smack
6704	رفقاء	noun	plural of رَفِيق (rafīq)
6705	ساك	verb	to brush (one's teeth) with a سِوَاك (siwāk, “miswak”)
6706	ترابط	verb	to interlink, be closely tied together, stand in close relation
6707	محرم	adj	forbidden
6708	اعترض	verb	to block, to obstruct, to get in the way of
6709	تعاقب	verb	to alternate, to rotate, to follow successively, to pass
6710	مصانع	noun	plural of مَصْنَع (maṣnaʕ)
6711	ترجم	verb	to translate; to interpret
6712	نعش	noun	corpse (human); bier, stretcher
6713	ذري	adj	atomic
6714	مستعجلة	adj	feminine singular of مُسْتَعْجِل (mustaʕjil)
6715	إنجليزية	noun	female equivalent of إِنْجْلِيزِيّ (ʔinglīziyy, “Englishman”)
6716	تأيم	verb	to be unmarried or become widowed
6717	صب	verb	to pour out, to shed
6718	ندوة	noun	discussion meeting, seminar, symposium
6719	قطني	adj	of cotton, related to cotton
6720	تصريف	noun	drawing off (water), drainage
6721	رشيق	adj	elegant; graceful; svelte
6722	يم	noun	open sea
6723	أبا	verb	to father
6724	ارتاح	verb	to rest, to relax
6725	فعالية	noun	efficiency; event, activity
6726	استئصال	noun	resection (surgical removal)
6727	لؤلؤ	noun	pearls
6728	صرع	verb	to throw down to the ground
6729	وعليكم	intj	alternative form of وَعَلَيْكُمْ السَّلَامُ (wa-ʕalaykum as-salāmu)
6730	فضح	verb	to expose one's infamy or crime, to disgrace
6731	شلالات	noun	plural of شَلَّال (šallāl)
6732	جليل	adj	great, important
6733	شجيرة	noun	shrub, bush
6734	عنوة	adv	by force
6735	سمراء	adj	feminine singular of أَسْمَر (ʔasmar)
6736	امتياز	noun	distinguishing, distinction
6737	أشاع	verb	to spread, to make publicly known, to spread news, to publish a secret
6738	سلفا	adv	in advance, beforehand
6739	ملامح	noun	countenance, feature
6740	تأمر	verb	to come to power
6741	مينيسوتا	name	Minnesota (a state in the Upper Midwest region of the United States)
6742	أبعاد	noun	plural of بُعْد (buʕd)
6743	طابعة	noun	printer
6744	باح	verb	to reveal, to divulge, to disclose
6745	إذلال	noun	humiliation, degradation
6746	متكامل	adj	integrated, holistic
6747	خضوع	noun	obedience, submission
6748	تراكم	verb	to be piled up, to be heaped up, to accumulate ¡
6749	مشيئة	noun	will, intention, desire
6750	إبطال	noun	verbal noun of أَبْطَلَ (ʔabṭala) (form IV)
6751	الدنمارك	name	Denmark (a country in Northern Europe)
6752	صبغة	noun	dye, colorant; tinge, a colour created by (or as if created by) dyeing
6753	حجاب	noun	screen, barrier
6754	تكيف	verb	to be or become shaped, formed, to acclimate, adjust, adapt, conform oneself to
6755	أحلى	adj	elative degree of حُلْو (ḥulw)
6756	ديانة	noun	religion, confession, denomination, sect
6757	شوكولاتة	noun	chocolate
6758	سخف	verb	to ridicule, belittle,
6759	اسرائيل	name	unhamzated form of إِسْرَائِيل
6760	شاسع	adj	far (away), distant, remote
6761	انتخابات	noun	plural of اِنْتِخَاب (intiḵāb)
6762	نقع	verb	to soak; to rive, to slaughter, to jugulate
6763	مخطوط	adj	drawn as a line
6764	دونات	noun	doughnut/donut
6765	أساطير	noun	plural of أُسْطُورَة (ʔusṭūra)
6766	ديناصور	noun	dinosaur
6767	فأس	noun	axe, hatchet, cleaver (tool)
6768	طوب	noun	brick, baked brick, adobe
6769	نموذجي	adj	exemplary, model-like, typical
6770	منبوذ	adj	passive participle of نَبَذَ (nabaḏa, “to reject”)
6771	حاضنة	noun	nurse, caregiver
6772	سباك	noun	smelter, founder, plumber
6773	لوف	noun	fibres, spongy interior of a plant
6774	الأرجنتين	name	Argentina (a country in South America)
6775	عمار	noun	developer, builder
6776	متاهة	noun	maze, labyrinth
6777	كأب	noun	heartache, sorrow, grief
6778	نهايات	noun	plural of نِهَايَة (nihāya)
6779	تنوى	verb	to intend
6780	مفتون	adj	fascinated, captivated, infatuated, enraptured, charmed, bewitched, spellbound
6781	معامل	noun	who has dealings with another
6782	نسمة	noun	breath, wiff, waft, breeze
6783	أودع	verb	to deposit
6784	محصور	adj	passive participle of حَصَرَ (ḥaṣara)
6785	عظماء	adj	masculine plural of عَظِيم (ʕaẓīm)
6786	موقعة	noun	battleground, scene
6787	زعماء	noun	plural of زَعِيم (zaʕīm)
6788	نفاذ	noun	breakthrough, infiltration
6789	أصف	noun	alternative form of لَصَف (laṣaf)
6790	انتقال	noun	transition, movement, transfer
6791	برح	verb	to leave, to depart
6792	كريبتون	noun	krypton
6793	صخب	verb	to roar, to squawk, to rattle
6794	مصورة	noun	camera
6795	مقذوف	adj	passive participle of قَذَفَ (qaḏafa)
6796	ضارب	verb	to fight; to speculate, to venture
6797	بليد	adj	stupid, slow (reduced intellectual ability)
6798	ثمانون	num	eighty
6799	حكايات	noun	plural of حِكَايَة (ḥikāya)
6800	تقضى	verb	to be done, to pass
6801	هامش	noun	margin; footnote
6802	هتف	verb	to cry, to exclaim, to shout
6803	علو	noun	highness, elevation
6804	حض	verb	to urge
6805	أنهار	noun	plural of نَهْر (nahr)
6806	تلفيق	noun	verbal noun of لَفَّقَ (laffaqa) (form II)
6807	عدن	verb	to stay, to bide, to remain
6808	حفار	noun	digger
6809	تنبأ	verb	to predict, to foresee
6810	إليهما	prep_phrase	to them
6811	مونتريال	name	Montreal (an island on which is situated the largest city in Quebec, Canada)
6812	أجسام	noun	plural of جِسْم (jism)
6813	قذائف	noun	plural of قَذِيفَة (qaḏīfa)
6814	هند	name	a female given name, Hind
6815	شقق	verb	to split, to tear open
6816	قصب	verb	to cut up (a slaughtered animal)
6817	بستان	noun	garden; orchard
6818	شبكات	noun	plural of شَبَكَة (šabaka)
6819	إسكتلندا	name	Scotland (a constituent country of the United Kingdom)
6820	انعطف	verb	to turn; to bend, lean or incline
6821	سالب	adj	negative; negative, electronegative (of electrical charge)
6822	مقالات	noun	plural of مَقَال (maqāl)
6823	الدلو	noun	definite singular of دَلْو (dalw, “bucket”)
6824	أنعم	verb	to make good, nice
6825	جراد	noun	locusts, vegetation clearing insects
6826	خصر	noun	hip, waist
6827	مباركة	noun	verbal noun of بَارَكَ (bāraka)
6828	أهبة	noun	accoutrement, gear, equipment, impedimenta
6829	عمدا	adv	on purpose, deliberately, intentionally
6830	أمد	verb	to grant a delay of payment
6831	شائك	adj	thorny, prickly, spiky
6832	تميمة	noun	talisman, amulet
6833	إداري	adj	administrative, managerial
6834	أسمنت	noun	cement
6835	حمامة	noun	singulative of حَمَام (ḥamām): a dove, a pigeon
6836	مسرعة	adj	feminine singular of مُسْرِع (musriʕ)
6837	اطلاع	noun	verbal noun of اِطَّلَعَ (iṭṭalaʕa) (form VIII)
6838	إفادة	noun	advantage, gain
6839	إبريل	name	alternative form of أَبْرِيل (ʔabrīl): April (fourth month of the Gregorian calendar)
6840	حدا	verb	to spur on, to instigate
6841	النمسا	name	Austria (a country in Central Europe)
6842	تمديد	noun	lengthening, prolongation, extension
6843	نظامي	adj	regular; orderly
6844	زلق	verb	to slip, skid, to slide
6845	تباهى	verb	to be proud, to brag, to show off
6846	ملوم	adj	blameworthy
6847	خنفس	noun	masculine equivalent of خُنْفُسَاء (ḵunfusāʔ)
6848	بعدئذ	adv	after that
6849	برز	verb	to come forth, to appear
6850	خرطوم	noun	trunk (of an elephant), snout, muzzle, nose
6851	تقديري	adj	discretionary, evaluative
6852	حقوقي	adj	legal, juristic
6853	زود	verb	to provide, to equip, to supply
6854	جنيهات	noun	plural of جُنَيْه (junayh)
6855	سني	adj	Sunni
6856	مناشف	noun	plural of مِنْشَفَة (minšafa)
6857	رطوبة	noun	humidity, moistness, dampness
6858	أوكلاهوما	name	Oklahoma (a state in the central United States, formerly a territory)
6859	سوائل	noun	plural of سَائِل (sāʔil)
6860	نحلة	noun	a bee
6861	عقيدة	noun	belief, creed
6862	أمانة	noun	trust; reliability
6863	أقسى	verb	to harden, to toughen
6864	عصري	adj	modern; contemporary
6865	خناق	noun	suffocation; angina (medical)
6866	أرباع	noun	plural of رُبْع (rubʕ)
6867	روابط	noun	plural of رَابِطَة (rābiṭa)
6868	متنوع	adj	diverse, varied, diversified
6869	باليه	noun	ballet
6870	عارف	adj	knowing; acquainted, familiar (بِ (bi) with)
6871	مغناطيسي	adj	magnetic
6872	تشرفنا	intj	nice to meet you
6873	خطاء	adj	sinner; who makes many mistakes
6874	مضيفة	noun	hostess, mistress
6875	مومس	noun	wench, hooker, tramp
6876	أشفق	verb	to be compassionate, to be tender, to melt
6877	منتبه	verb	attentive
6878	آهة	noun	sigh, moan, groan
6879	بلجيكا	name	Belgium
6880	مصابيح	noun	plural of مِصْبَاح (miṣbāḥ)
6881	عائشة	name	a female given name, Aisha
6882	مزدحمة	adj	feminine singular of مُزْدَحِم (muzdaḥim)
6883	محصن	adj	married
6884	مربك	adj	confusing; embarrassing
6885	شتات	noun	diaspora
6886	مرتبكة	adj	feminine singular of مُرْتَبِك (murtabik)
6887	خادع	verb	to seek to deceive
6888	أنفاق	noun	plural of نَفَق (nafaq)
6889	يقطين	noun	a variety of squash or gourd
6890	عطاء	noun	a given thing; gift; present
6891	يسر	verb	to be or become less complex, effortful, or burdensome; to ease up
6892	ارفض	verb	to drip, scatter, break up
6893	بنما	name	Panama (a country in Central America)
6894	السعودية	name	Saudi Arabia
6895	متين	adj	firm, solid, sturdy, solid, robust
6896	وزراء	noun	plural of وَزِير (wazīr)
6897	ردي	verb	to fall, to perish (as in war)
6898	إخافة	noun	verbal noun of أَخَافَ (ʔaḵāfa) (form IV)
6899	هافانا	name	Havana (the capital city of Cuba)
6900	اشمئزاز	noun	verbal noun of اِشْمَأَزَّ (išmaʔazza) (form IVq)
6901	تخصص	verb	to specialize in, to get designated or allocated
6902	مطلع	noun	beginning, onset, outset
6903	سلاسل	noun	plural of سِلْسِلَة (silsila)
6904	شعرى	noun	maquis, macchia
6905	خطيبة	noun	female equivalent of خَطِيب (ḵaṭīb): fiancée
6906	ديزل	noun	diesel
6907	بلوط	noun	oak (Quercus); acorn
6908	متوج	adj	passive participle of تَوَّجَ (tawwaja).
6909	رع	noun	Ra, the Egyptian god of the Sun.
6910	لحق	verb	to catch up; to follow, to come after
6911	أقوال	noun	plural of قَوْل (qawl)
6912	نقط	verb	to point, provide with diacritical points (letters)
6913	زور	verb	to incline
6914	نحيفة	adj	feminine singular of نَحِيف (naḥīf)
6915	النرويج	name	Norway (a country in Scandinavia in Northern Europe)
6916	إزاء	noun	verbal noun of آزَى (ʔāzā) (form III)
6917	صلاح	noun	goodness, righteousness
6918	تقاضى	verb	to process against, litigate on, carry on a lawsuit
6919	أكشف	verb	to smile big
6920	كتبي	noun	bookseller
6921	لينة	adj	feminine singular of لَيِّن (layyin)
6922	تمادى	verb	to persist; to continue
6923	رملي	adj	sandy
6924	مطارد	adj	chased, pursued, followed
6925	مملوءة	adj	feminine singular of مَمْلُوء (mamlūʔ)
6926	دوافع	noun	plural of دَافِع (dāfiʕ)
6927	الميزان	noun	definite singular of مِيزَان (mīzān)
6928	مواضيع	noun	plural of مَوْضُوع (mawḍūʕ)
6929	ألياف	noun	plural of لِيف (līf)
6930	قوام	adj	literally one who stands up for
6931	هجم	verb	to attack
6932	أغطية	noun	plural of غِطَاء (ḡiṭāʔ)
6933	استكشاف	noun	verbal noun of اِسْتَكْشَفَ (istakšafa) (form X)
6934	ألاباما	name	Alabama (a state of the United States)
6935	تحمس	verb	to be/get excited (intransitive)
6936	متعدي	adj	one who transgresses or violates
6937	رمال	noun	plural of رَمْل (raml)
6938	زواحف	noun	plural of زَاحِفَة (zāḥifa)
6939	إسطبل	noun	alternative form of إِصْطَبْل (ʔiṣṭabl)
6940	غض	verb	to lower (one's gaze or voice)
6941	تحلل	verb	to decay, decompose, dissolve
6942	فرج	verb	to open, to part, to separate
6943	سكاكين	noun	plural of سِكِّين (sikkīn)
6944	أحرف	noun	plural of حَرْف (ḥarf)
6945	عقاقير	noun	plural of عَقَّار (ʕaqqār)
6946	خاضع	adj	submissive, subordinate, controlled (by)
6947	تمريض	noun	nursing, care
6948	مخاط	noun	mucus
6949	محايد	adj	neutral
6950	نقرة	noun	instance noun of نَقَرَ (naqara)
6951	حارق	adj	burning, scorching
6952	قواد	noun	pimp, procurer; broker
6953	استمارة	noun	form, application, questionnaire
6954	تصادف	verb	to meet by chance
6955	أبوي	adj	paternal
6956	ناب	verb	to replace, to substitute
6957	جمل	verb	to sum up, to summarize
6958	فلاديمير	name	a male given name from Russian, equivalent to English Vladimir
6959	أدوار	noun	plural of دَوْر (dawr)
6960	تزحلق	noun	skiing
6961	متوازن	adj	balanced, well-balanced
6962	طفيلي	noun	parasite
6963	ماضية	adj	feminine singular of مَاضٍ (māḍin)
6964	صابر	verb	to bear stoutly
6965	متقاطع	adj	intersecting, decussating, crisscrossing
6966	امتصاص	noun	absorption
6967	فنادق	noun	plural of فُنْدُق (funduq)
6968	كيلومترات	noun	plural of كِيلُومِتْر (kīlomitr)
6969	ماوي	noun	Maoist
6970	ظهير	noun	backer, supporter
6971	عباءة	noun	cloak, frock
6972	أعواد	noun	plural of عُود (ʕūd)
6973	منفعل	adj	infuriated, agitated, distraught, enraged
6974	خسيس	adj	low, vile, contemptible
6975	حقبة	noun	age, epoch; era
6976	أزيد	adj	more excessive; most excessive
6977	حريصة	adj	feminine singular of حَرِيص (ḥarīṣ)
6978	تك	verb	to tick
6979	خطى	noun	plural of خُطْوَة (ḵuṭwa)
6980	ابتهج	verb	to be cheerful over, to be delighted at, to exult at
6981	أحجار	noun	plural of حَجَر (ḥajar)
6982	متغير	noun	variable
6983	فضيلة	noun	virtue, merit
6984	رومانيا	name	Romania
6985	استمرار	noun	duration, permanence, continuation
6986	خالق	adj	creative
6987	سالمة	adj	feminine singular of سَالِم (sālim)
6988	شيخوخة	noun	old age, senility; senescence
6989	قرعة	noun	an act of drawing lots, drawing straws, toss; lottery
6990	خارطة	noun	synonym of خَرِيطَة (ḵarīṭa, “map”)
6991	انفك	verb	to fall apart, to break down
6992	يورانيوم	noun	uranium
6993	بادرة	noun	sign, token, gesture sensu lato
6994	صدرية	noun	waistcoat, vest
6995	سانتياغو	name	Santiago (the capital city of Chile)
6996	مؤقتا	adv	temporarily, ad interim, provisionally
6997	حيوات	noun	plural of حَيَاة (ḥayāh)
6998	روحية	noun	spirituality; mentality, frame of mind
6999	مثيرات	noun	plural of مُثِير (muṯīr)
7000	وضعة	noun	situation; position, site
7001	جبانة	noun	verbal noun of جَبُنَ (jabuna) (form I)
7002	رسمة	noun	instance noun of رَسَمَ (rasama)
7003	أبراج	noun	plural of بُرْج (burj)
7004	سحرة	noun	plural of سَاحِر (sāḥir)
7005	جريء	adj	bold, daring, brave, courageous
7006	مشحون	adj	loaded with, charged with, full of
7007	بطيخ	noun	watermelon, watermelons
7008	انفصال	noun	separation, disconnection, detachment, splitting
7009	هدم	verb	to demolish, to destroy, to wreck
7010	تول	noun	verbal noun of تَوَلَّى (tawallā) (form V)
7011	آس	noun	myrtle (Myrtus gen. et spp.)
7012	معارض	noun	plural of مَعْرِض (maʕriḍ)
7013	بترول	noun	petroleum, oil
7014	غطس	verb	to dive, to sink, to submerge
7015	طريفة	noun	a joke
7016	بارزة	adj	feminine singular of بَارِز (bāriz)
7017	فدرالي	noun	federal
7018	زحمة	noun	verbal noun of زَحَمَ (zaḥama) (form I)
7019	ترامب	name	a transliteration of the English surname Trump
7020	مسيحية	noun	Christianity
7021	سلس	adj	docile, obedient, tame
7022	الأمين	name	al-Amin, one of the names of Muhammad
7023	أولية	noun	priority; precedence (an item's relative importance)
7024	مزمن	adj	chronic
7025	قالة	noun	gossip, chit-chat
7026	صحف	verb	to write disambiguating marks in script erroneously, to mishit with the pen
7027	قيامة	noun	resurrection, rebirth, anastasis
7028	مخترق	adj	penetrating, piercing
7029	خل	noun	vinegar
7030	الخرطوم	name	Khartoum (the capital city of Sudan)
7031	جرير	name	a male given name
7032	لامس	verb	to be touching, to be in physical contact with
7033	أنسجة	noun	plural of نَسِيج (nasīj)
7034	هوي	verb	to love, to be fond of
7035	شيطانية	noun	Satanism
7036	صراف	noun	moneychanger; cashier
7037	رضي	verb	to be pleased; to be satisfied, to be content
7038	دببة	noun	plural of دُبّ (dubb)
7039	محكم	adj	tight, airtight, sealed
7040	جلل	verb	to dignify, to honour, to exalt
7041	سوس	noun	licorice
7042	فكاهة	noun	jest, joke, humor, fun
7043	التزم	verb	to stick to, to keep to, to adhere strictly to
7044	بضائع	noun	plural of بِضَاعَة (biḍāʕa)
7045	فولت	noun	volt (unit)
7046	يلا	intj	come on, c’mon; let's go, hurry up
7047	ترتب	verb	to be subordinate
7048	أحزمة	noun	plural of حِزَام (ḥizām)
7049	حديدية	adj	feminine singular of حَدِيدِيّ (ḥadīdiyy)
7050	إصغاء	noun	verbal noun of أَصْغَى (ʔaṣḡā) (form IV)
7051	عفوي	adj	spontaneous, impulsive, automatic
7052	قالا	name	Qala (a village in Gozo, Malta)
7053	أوهام	noun	plural of وَهْم (wahm)
7054	أرعب	verb	to frighten, terrify, scare
7055	سميت	noun	alternative form of سَمِيط (samīṭ, “simit”)
7056	تقارب	verb	to become close, to draw close to one another
7057	جرد	verb	to peel, to husk, to rind
7058	حائر	adj	confused, bewildered, puzzled, hesitant, undecided, baffled, perplexed.
7059	مدرع	adj	armored
7060	كبح	verb	to pull by the bridle, in order that it might stop
7061	تجوال	noun	perambulation, roam
7062	اجتمع	verb	to meet, to meet up, to gather, to get together, to have a meeting
7063	محسوب	adj	calculated, counted, enumerated
7064	مرق	verb	to fill with rich gravy
7065	ضخ	verb	to pump, to infuse
7066	بطاريات	noun	plural of بَطَّارِيَّة (baṭṭāriyya)
7067	ثلاثاء	noun	Tuesday
7068	تساوى	verb	to be equal; to be balanced
7069	قارن	verb	to become associated with
7070	جيوب	noun	plural of جَيْب (jayb)
7071	بدوي	noun	Bedouin (pastoral nomad)
7072	مسعى	noun	effort, struggle
7073	متعهد	noun	contractor; entrepreneur
7074	أيان	adv	when?; whenever
7075	استلم	verb	to touch; to touch (the holy stone of the Kaaba) with hand and mouth
7076	لمعان	noun	shine, shimmer, gleam
7077	رشاش	noun	water hose; machine gun
7078	تكبير	noun	verbal noun of كَبَّرَ (kabbara) (form II)
7079	إتباع	noun	verbal noun of أَتْبَعَ (ʔatbaʕa) (form IV)
7080	شاكرة	adj	feminine singular of شاكِر (šākir)
7081	تفجر	verb	to gush out, to spurt forth
7082	بغل	noun	the offspring of a jack and a mare, a mule
7083	صرير	noun	verbal noun of صَرَّ (ṣarra) (form I)
7084	تعداد	noun	quantity, amount, number
7085	عدوان	noun	assault, aggression
7086	مؤشرات	noun	plural of مُؤَشِّر (muʔaššir)
7087	يوحنا	name	Any of the New Testament figures named John
7088	مسامير	noun	plural of مِسْمَار (mismār)
7089	إتقان	noun	fixing; perfecting
7090	كينيا	name	Kenya (a country in Africa)
7091	استغل	verb	to desire from [with accusative] to bring yield
7092	أرز	noun	cedar (Cedrus gen. et spp.)
7093	ردع	verb	to keep, to prevent
7094	دهس	verb	to tread on, to run over, to trample
7095	منوال	noun	manner, way; mode
7096	إستراتيجية	noun	strategy
7097	ملزم	adj	bound, obliged
7098	الجزائر	name	Algeria (a country in North Africa)
7099	متواضعة	adj	feminine singular of مُتَوَاضِع (mutawāḍiʕ)
7100	لزج	verb	to be sticky, viscid, viscous
7101	هضبة	noun	hard shower of rain
7102	مسكنات	noun	plural of مُسَكِّن (musakkin)
7103	فواكه	noun	plural of فَاكِهَة (fākiha)
7104	بلوتو	name	Pluto (dwarf planet)
7105	لوقا	name	Luke, one of the Four Evangelists
7106	تهدف	verb	to strut
7107	لغات	noun	plural of لُغَة (luḡa)
7108	خمور	noun	plural of خَمْر (ḵamr)
7109	شتوي	adj	wintry, hibernal
7110	مضبوط	adj	exact, precise, accurate, correct
7111	مأكول	adj	passive participle of أَكَلَ (ʔakala): eaten
7112	معروض	adj	passive participle of عَرَضَ (ʕaraḍa)
7113	قروي	adj	rural, villatic, country
7114	شوق	noun	longing, yearning, missing, verbal noun of شَاقَ (šāqa) (form I)
7115	مجروحة	noun	female equivalent of مَجْرُوح (majrūḥ)
7116	بلوك	noun	block; block, any element in building or machinery approximating cuboid form
7117	بنوك	noun	plural of بَنْك (bank)
7118	مبيت	noun	a place where someone passes the night, lodging
7119	ولاعة	noun	lighter
7120	شحم	noun	grease, fat, lard, suet, schmaltz; also greasy pulp like of the colocynth or pomegranate
7121	صعق	verb	to strike with lightning, to shock
7122	فظاعة	noun	verbal noun of فَظُعَ (faẓuʕa) (form I)
7123	منسق	adj	who coordinates, moderates, coordinating
7124	مشمس	adj	sunny
7125	صول	verb	to extract by means of water, to wash out
7126	سبعون	num	seventy
7127	أقضى	verb	to charge with
7128	ازرق	verb	to turn blue
7129	رمضان	noun	Ramadan
7130	ياسر	verb	to go to the left, to take the left side or direction, to be on the left
7131	إخفاق	noun	failure, fiasco
7132	ضحى	verb	to sacrifice; to slaughter, to butcher
7133	بابل	name	Babylon; Babylonia
7134	أندورا	name	Andorra (a microstate in Southern Europe, between Spain and France)
7135	عارضات	noun	plural of عَارِضَة (ʕāriḍa)
7136	أقرباء	noun	plural of قَرِيب (qarīb)
7137	أعمدة	noun	plural of عَمُود (ʕamūd)
7138	مكب	noun	place when something (mostly trash) is thrown
7139	استحمام	noun	verbal noun of اِسْتَحَمَّ (istaḥamma) (form X)
7140	ناسو	name	Nassau (the capital city of the Bahamas)
7141	إجباري	adj	mandatory, compulsory, obligatory
7142	توهج	verb	to glow, to burn, to glitter, to glisten, to incandesce
7143	تعريض	noun	verbal noun of عَرَّضَ (ʕarraḍa) (form II)
7144	مناسبات	noun	plural of مُنَاسَبَة (munāsaba)
7145	تشتيت	noun	verbal noun of شَتَّتَ (šattata) (form II)
7146	حكمي	adj	legal; essential, imperative, mandatory, necessary, obligatory, urgent
7147	ناخب	noun	elector, voter, constituent
7148	تسر	noun	concubinage
7149	ياي	noun	spring, coil – Sprungfeder
7150	دعاء	noun	call, prayer, invocation, supplication
7151	قرود	noun	plural of قِرْد (qird)
7152	مناجم	noun	plural of مَنْجَم (manjam)
7153	أعقاب	noun	plural of عَقِب (ʕaqib)
7154	صانعة	noun	female equivalent of صَانِع (ṣāniʕ)
7155	أوضاع	noun	plural of وَضْع (waḍʕ)
7156	مالكة	noun	female equivalent of مَالِك (mālik)
7157	الرباط	name	Rabat
7158	وهج	verb	to ignite, to burn, to blaze
7159	كاثوليكية	noun	female equivalent of كَاثُولِيكِيّ (kāṯūlīkiyy)
7160	مخاض	noun	labour pains
7161	استيعاب	noun	verbal noun of اِسْتَوْعَبَ (istawʕaba) (form X)
7162	أقلام	noun	plural of قَلَم (qalam)
7163	قيء	noun	vomitus
7164	كلفة	noun	expense, outlay, cost
7165	تشجع	verb	to pluck courage (intransitive)
7166	اجتياز	noun	passing, crossing, transversing
7167	خاطب	noun	suitor (someone who asks a woman to marry him)
7168	منارة	noun	lighthouse; beacon
7169	سخاء	noun	generosity, munificence
7170	غريم	noun	debtor; adversary, opponent
7171	قداسة	noun	verbal noun of قَدُسَ (qadusa) (form I)
7172	شجر	verb	to occur, to happen
7173	غرار	adj	plural of غِرّ (ḡirr)
7174	شيفرة	noun	cipher
7175	أدق	adj	elative degree of دَقِيق (daqīq)
7176	جرذان	noun	plural of جُرَذ (juraḏ)
7177	كيران	noun	plural of كُور (kūr)
7178	ذكور	adj	having a good memory
7179	حسم	verb	to cut; literally to cut, to incise
7180	نتاج	noun	yield, harvest, fruits
7181	مكياج	noun	makeup; make-up
7182	استرداد	noun	verbal noun of اِسْتَرَدَّ (istaradda) (form X)
7183	تقارن	verb	to compare; to couple, to associate with, to pair with
7184	أخون	verb	"to ""brotherhoodize"" or make related to"
7185	إيطالية	adj	feminine singular of إِيطَالِيّ (ʔīṭāliyy, “Italian”)
7186	برشلونة	name	Barcelona (the capital city of Catalonia, Spain)
7187	أخضع	verb	to subdue; to restrain
7188	تبرئة	noun	verbal noun of بَرَّأَ (barraʔa)
7189	نيكل	noun	nickel
7190	فردوس	noun	a group of gardens, Elysium, Eden, heaven, Heaven, paradise
7191	جيوش	noun	plural of جَيْش (jayš)
7192	أقفال	noun	plural of قُفْل (qufl)
7193	حيل	noun	strength, force
7194	موثق	adj	passive participle of وَثَّقَ (waṯṯaqa)
7195	إسماعيل	name	Ishmael, Ismail
7196	راكون	noun	raccoon
7197	حميد	adj	praiseworthy; benign (of a disease)
7198	ارتجاج	noun	vibration, shaking
7199	كراج	noun	garage
7200	شاحبة	adj	feminine singular of شَاحِب (šāḥib)
7201	أكسفورد	name	Oxford
7202	ساكنة	adj	feminine singular of سَاكِن (sākin)
7203	أحكام	noun	plural of حُكْم (ḥukm)
7204	منار	noun	waymark, landmark
7205	ملزمة	noun	gathering or signature of a book
7206	مشاكس	noun	barrator, troublemaker
7207	رضا	noun	contentedness, satisfaction, fulfillment, being well pleased
7208	ركاب	noun	stirrup; mount, animal ridden on
7209	سرت	name	Sirte (a city in Libya)
7210	مقلد	noun	copycat, imitator
7211	دبابات	noun	plural of دَبَّابَة (dabbāba)
7212	دمشق	name	Damascus
7213	كآبة	noun	verbal noun of كَئِبَ (kaʔiba) (form I), depression, melancholy
7214	إبليس	name	Iblis, Satan; the Devil.
7215	زعم	verb	to claim; to say, pretend, assert
7216	داهم	verb	to assail, to come suddenly over, to hit, to raid, to enter suddenly, to storm
7217	بعوض	noun	mosquitoes
7218	مأدبة	noun	banquet
7219	مقدرة	noun	power, capacity, faculty, ability
7220	أراح	verb	to let (someone) rest
7221	محترق	adj	burning; burnt
7222	إفلاس	noun	verbal noun of أَفْلَسَ (ʔaflasa) (form IV), bankruptcy
7223	تانك	pron	nominative feminine dual of ذٰلِكَ (ḏālika, “that”)
7224	أحول	adj	squinting, cross-eyed
7225	تعمد	verb	to intend (something), to do (something) purposely
7226	مفترق	noun	junction, intersection (of roads)
7227	أرجواني	adj	redbud-related; purple
7228	ديدن	noun	custom, manner, habit, wont
7229	عوامل	noun	plural of عَامِل (ʕāmil)
7230	بيروت	name	Beirut (the capital city of Lebanon)
7231	حبا	verb	to crawl, to creep
7232	منفعة	noun	benefit, utility, usefulness
7233	صحا	verb	to wake up, to awake
7234	يقظة	noun	the state of being awake, not being asleep; awakeness
7235	كرنب	noun	cabbage, kale (various plants of Brassicaceae fam. and their edible foliage)
7236	حميمية	noun	intimacy, closeness, warmth (in relationships or emotions)
7237	أخلد	verb	to make eternal, render lasting
7238	معسكرات	noun	plural of مُعَسْكَر (muʕaskar)
7239	مرفوع	adj	elevated, raised, uplifted
7240	أغر	adj	honorable, venerable
7241	خزائن	noun	plural of خَزِينَة (ḵazīna)
7242	علة	noun	second draught of a drink
7243	السودان	name	Sudan (a country in North Africa and East Africa)
7244	عقارب	noun	plural of عَقْرَب (ʕaqrab)
7245	برمجيات	noun	software
7246	مكسب	noun	profit, gain, earnings, winnings, revenue
7247	متناسق	adj	coordinated, congruous, symmetrical, organized
7248	أطيب	adj	elative degree of طَيِّب (ṭayyib)
7249	ميول	noun	plural of مَيْل (mayl)
7250	نبراسكا	name	Nebraska (a state in the Midwestern region of the United States)
7251	انكسر	verb	to break; to shatter
7252	قلي	noun	verbal noun of قَلى (form I)
7253	فروة	noun	singulative of فَرْو (farw, “pelt, fur”)
7254	أحجية	noun	riddle, puzzle, enigma
7255	عندليب	noun	nightingale
7256	شجعان	adj	masculine plural of شُجَاع (šujāʕ)
7257	مغناطيس	noun	magnet
7258	مناظرة	noun	debate
7259	كتل	verb	to amass, to agglomerate
7260	دواسة	noun	pedal; carpet to walk upon such as a doormat, runner
7261	سلطات	noun	plural of سُلْطَة (sulṭa)
7262	إسهال	noun	diarrhea
7263	خصائص	noun	plural of خَصِيصَة (ḵaṣīṣa) and خَاصِّيَّة (ḵāṣṣiyya)
7264	نضال	noun	struggle, strife
7265	خزانات	noun	plural of خِزَانَة (ḵizāna)
7266	سياحي	adj	tourist
7267	مدخول	noun	revenue, receipts, returns
7268	دسم	verb	to obturate, to block up, to lock up, to stuff
7269	شرفي	adj	honorary (given as an honor, with no duties attached, and without payment)
7270	فص	noun	a circular, dome-shaped, or spherical object set into another
7271	تبحر	verb	to enlarge oneself, to become ample, to become abundant
7272	تأثيرات	noun	plural of تَأْثِير (taʔṯīr)
7273	مدفأ	noun	stove, heating stove
7274	بنكرياس	noun	pancreas
7275	عنن	noun	verbal noun of عَنَّ (ʕanna) (form I)
7276	طهي	noun	verbal noun of طَهَى (ṭahā) (form I)
7277	اليمن	name	Yemen
7278	داود	name	David (prophet and king)
7279	قرفة	noun	cinnamon
7280	استدعى	verb	to call for; to summon, evocate
7281	التفت	verb	to turn, to turn around
7282	فاطمة	name	Fatima; a female given name, Fatima or Fatimah
7283	تفرغ	verb	to be unoccupied (to be not employed on a task)
7284	أكلة	noun	meal, an instance of food, some scran
7285	بشرى	noun	news; information
7286	خواتم	noun	plural of خَاتَم (ḵātam)
7287	سخونة	noun	fever, pyrexia; hotness, warmth
7288	ترهة	noun	byway; non-sense, bullshit
7289	عرين	noun	den; thicket
7290	منحنى	noun	curve, twist, bend
7291	واردة	noun	one who descends, especially to a watering place
7292	منبه	noun	alarm clock; stimulant (like caffeine)
7293	حصر	verb	to restrain; to cramp, to jam together
7294	أقسام	noun	plural of قِسْم (qism)
7295	مشكلات	noun	plural of مُشْكِلَة (muškila)
7296	اكتمل	verb	to be or become perfect, complete, integral
7297	كولومبو	name	Colombo (the capital city of Sri Lanka)
7298	متفرغ	adj	free; devoted
7299	أمت	noun	O my mother! (vocative)
7300	سرد	verb	to arrange one after the other
7301	هوتة	noun	depression
7302	أبدية	noun	eternity
7303	العالمين	noun	definite accusative plural of عَالَم (ʕālam, “world”)
7304	كابول	noun	snare or net of a hunter
7305	توحيد	noun	oneness; unity
7306	فيف	noun	waste plain, wide wilderness
7307	قصور	noun	shortcoming, deficiency, inadequacy
7308	شروع	noun	beginning; commencement
7309	يتيمة	noun	female equivalent of يَتِيم (yatīm)
7310	منفردة	adj	feminine singular of مُنْفَرِد (munfarid)
7311	سنغافورة	name	Singapore
7312	طقم	noun	set, suit, complementary mass, service
7313	إحراج	noun	embarrassing, embarrassment, discomfiture, awkwardness
7314	ناك	verb	to fuck
7315	ساخرة	noun	female equivalent of سَاخِر (sāḵir)
7316	طلبة	noun	plural of طَالِب (ṭālib)
7317	أمتعة	noun	plural of مَتَاع (matāʕ)
7318	آم	verb	to respire thirstily
7319	أتون	noun	oven, furnace
7320	مواطنة	noun	civism; citizenship
7321	انزلق	verb	to slip, to slide
7322	غزير	adj	abundant, ample, copious, heavy
7323	أوريغون	name	Oregon (a state in the Pacific Northwest region of the United States)
7324	شبهة	noun	uncertainty, doubt, obscurity
7325	تماثيل	noun	plural of تِمْثَال (timṯāl)
7326	فرك	verb	to chafe, to scrub, to rub
7327	موضوعة	adj	feminine singular of مَوْضُوع (mawḍūʕ)
7328	نيف	verb	to exceed, to surpass, to go over, to overreach
7329	عظمى	adj	feminine singular of أَعْظَم (ʔaʕẓam)
7330	امتداد	noun	extension, stretch
7331	وصفات	noun	plural of وَصْفَة (waṣfa)
7332	زلزلة	noun	shaking; earthquake, seism
7333	معاشرة	noun	social intercourse, companionship
7334	عجائب	noun	plural of عَجِيبَة (ʕajība)
7335	احتجاز	noun	detention, confinement
7336	جالوت	name	Goliath
7337	توراة	name	the Torah, Pentateuch
7338	صبى	verb	to rejuvenate, to make youthful again
7339	تلقين	noun	inculcation
7340	جامايكا	name	Jamaica (an island and country in the Caribbean)
7341	تفكيك	noun	disassembly, dismantlement, disjunction, taking apart
7342	توقيف	noun	detention, arrest (“The act of arresting a criminal, suspect etc”)
7343	أوعية	noun	plural of وِعَاء (wiʕāʔ)
7344	راشد	adj	following the right path
7345	قمرة	noun	crescent
7346	حزيران	name	June, the 6th month of the Gregorian calendar
7347	ميخائيل	name	the archangel Michael
7348	أطعمة	noun	plural of طَعَام (ṭaʕām)
7349	أرقى	adj	more/most sublime/advanced/ascending
7350	استلام	noun	receiving; submission
7351	تضارب	verb	to come to or trade blows, hit, beat or smite each other
7352	الفلبين	name	Philippines (a country in Southeast Asia)
7353	جدري	noun	smallpox
7354	صحح	verb	to correct, to amend, to right
7355	صمغ	noun	resin, gum, a viscous exudate of certain plants that hardens when it becomes dry
7356	بز	noun	teat, mamma
7357	الراية	name	the Rayah, the black banner carried by Muhammad
7358	شكاوى	noun	plural of شَكْوًى (šakwan)
7359	مخفر	noun	outpost, station
7360	نسب	verb	to relate, to correlate
7361	قبائل	noun	plural of قَبِيلَة (qabīla)
7362	سارية	noun	a party of men journeying by night
7363	غور	noun	depression, sunken place, bottom, low part
7364	حاخام	noun	rabbi
7365	تنشأ	verb	to develop, grow
7366	آلى	verb	to promise; to take an oath
7367	عينين	noun	accusative/genitive dual of عَيْن (ʕayn)
7368	آراء	noun	plural of رَأْي (raʔy)
7369	أصب	noun	plural of صَبِيّ (ṣabiyy)
7370	شكوكي	adj	skeptic, skeptical
7371	ممزق	adj	torn apart, ripped, severed, shredded
7372	فعلية	adj	reality, actuality
7373	أقمار	noun	plural of قَمَر (qamar, “moon”)
7374	تصفير	noun	verbal noun of صَفَّرَ (ṣaffara) (form II)
7375	أحصنة	noun	plural of حِصَان (ḥiṣān)
7376	مص	verb	to suck, to sip up
7377	إبريق	noun	pitcher, jug
7378	زير	noun	women’s visitor, philanderer, womanizer
7379	محلل	adj	active participle of حَلَّلَ (ḥallala)
7380	وافى	verb	to provide for in full
7381	مشط	verb	to comb
7382	راموس	noun	to bury; to cover, to conceal, to wipe out (traces, tracks of something)
7383	رسن	noun	noseband, the leadingrope over the nose of an animal
7384	حاجات	noun	plural of حَاجَة (ḥāja)
7385	غينيا	name	Guinea (a country in West Africa)
7386	روم	noun	the Byzantines; Greek Orthodox Christians
7387	ههه	intj	haha, lol (used to indicate laughter)
7388	مخازن	noun	plural of مَخْزَن (maḵzan)
7389	تأشيرة	noun	visa
7390	عينا	adv	in kind, in specie
7391	مجاعة	noun	famine; hunger
7392	شهيق	noun	gasping, inhalation
7393	مضيئة	adj	feminine singular of مُضِيء (muḍīʔ)
7394	فوزي	name	a male given name, Fawzi, meaning “victorious, triumphant”, feminine equivalent فَوْزِيَّة
7395	تسريع	noun	acceleration
7396	شباك	noun	netting, network, plaitwork
7397	انعكاس	noun	reflection; reversal, inversion, defeat, overthrowing
7398	وارسو	name	Warsaw (the capital city of Poland)
7399	رايخ	name	Reich (territory of a German empire or nation)
7400	فروع	noun	plural of فَرْع (farʕ)
7401	ألغام	noun	plural of لَغَم (laḡam)
7402	اخضر	verb	to become green
7403	سبحان	noun	praise
7404	قطارات	noun	plural of قِطَار (qiṭār)
7405	حمامي	adj	columbiform, pigeon-like
7406	خصوبة	noun	fertility
7407	فساتين	noun	plural of فُسْتَان (fustān)
7408	بنج	noun	henbane (Hyoscyamus gen. et spp.)
7409	حلة	noun	suit, costume, attire
7410	تعاقد	verb	to sign up to, to agree upon [with مَعَ
7411	ضلل	verb	to mislead, to misdirect, to lead astray
7412	لئلا	conj	in order not to
7413	حماما	noun	amomum
7414	المصري	name	a surname
7415	موزة	noun	banana
7416	أحشاء	noun	guts, intestines, bowels, insides
7417	احتواء	noun	verbal noun of اِحْتَوَى (iḥtawā) (form VIII)
7418	الرضا	noun	definite masculine singular of رِضًا (riḍan)
7419	ضاهى	verb	to be similar, to be alike, to be identical
7420	ريشة	noun	feather; quill
7421	استحم	verb	to bathe, to shower
7422	معتقل	noun	prison, jail; concentration camp, detention centre
7423	هاجس	noun	idea, thought, notion, concept, concern, scruple
7424	ماه	verb	to produce water (of a well, etc.)
7425	عدسات	noun	plural of عَدَسَة (ʕadasa)
7426	ابتلع	verb	to swallow, to swallow up
7427	مسموع	adj	heard, audible
7428	كوة	noun	hatch, scuttle, loophole, peephole
7429	قديما	adv	previously, before time, once upon a time
7430	حازم	adj	firm, strict, assertive, stern, decisive
7431	أوكرانيا	name	Ukraine (a country in Eastern Europe, bordering on the north shore of the Black Sea)
7432	شبان	noun	plural of شَابّ (šābb)
7433	مبتذلة	adj	feminine singular of مُبْتَذَل (mubtaḏal)
7434	اقتباس	noun	adaptation (of a literary work, a work of fiction)
7435	أجمعين	adj	masculine plural of أَجْمَع (ʔajmaʕ)
7436	أسامة	noun	lion; ferocious beast
7437	سلمي	adj	peaceful; pacifist
7438	معجزات	noun	plural of مُعْجِزَة (muʕjiza)
7439	حبال	noun	plural of حَبْل (ḥabl)
7440	ناي	noun	ney, a cane or reed end-blown flute
7441	أدمغة	noun	plural of دِمَاغ (dimāḡ)
7442	اتهم	verb	to charge, to accuse; to impeach
7443	تايوان	name	Taiwan; Taiwan (an island between the Taiwan Strait and Philippine Sea in East Asia)
7444	بدلات	noun	plural of بَدْلَة (badla)
7445	ذوو	noun	nominative plural of ذُو (ḏū)
7446	إقرار	noun	endorsement; sanction
7447	متوافق	adj	concurrent, compatible, congruent, matching, agreeing
7448	أنور	adj	elative degree of نَيِّر (nayyir)
7449	أسرى	noun	plural of ْأَسِير (ʔasīr)
7450	متدين	adj	religious; devout, pious
7451	مسنة	adj	feminine singular of مُسِنّ (musinn)
7452	أعزل	adj	unarmed, defenseless
7453	تخطر	verb	to pendulate, to vacillate (particularly while walking)
7454	أحال	verb	to change, to transform
7455	تحاليل	noun	plural of تَحْلِيل (taḥlīl)
7456	جسيمات	noun	plural of جُسَيْم (jusaym)
7457	زراعي	adj	agricultural, agrarian
7458	أذية	noun	damage, injury, harm
7459	راض	adj	active participle of رَضِيَ (raḍiya)
7460	نفي	noun	negation; prohibition
7461	قراءات	noun	plural of قِرَاءَة (qirāʔa)
7462	وقيعة	noun	verbal noun of وَقَعَ (waqaʕa) (form I)
7463	لقوة	noun	facial paralysis
7464	مطهر	noun	Purgatory
7465	ترس	noun	shield, scutum; turbot, Scophthalmus maximus
7466	غرة	noun	white spot, blaze
7467	برغي	noun	screw, bolt, a threaded metal fastener
7468	مقمر	adj	moonlit, moony
7469	تستر	verb	to be covered, to be veiled, to be sheltered, to cover, to lurk
7470	ملقى	adj	cast, thrown away, discarded
7471	جبر	verb	to set (a broken bone)
7472	الآخرة	name	definite singular of آخِرَة (ʔāḵira)
7473	جاموس	noun	buffalo
7474	حافلات	noun	plural of حَافِلَة (ḥāfila)
7475	تحجب	verb	to wear a veil, to wear a headscarf
7476	حسناء	noun	beauty, belle
7477	فانكوفر	name	Vancouver (a seaport, the largest city in British Columbia, Canada)
7478	دمعة	noun	a tear (drop of salty liquid resulting from crying)
7479	بندر	noun	port; harbour
7480	استولى	verb	to seize, to take possession of
7481	نهضة	noun	rising; rebirth, resurgence
7482	فلسطين	name	Palestine
7483	صحون	noun	plural of صَحْن (ṣaḥn)
7484	استنتاج	noun	conclusion
7485	إحراق	noun	verbal noun of أَنْفَقَ (ʔanfaqa) (form IV)
7486	تجريب	noun	verbal noun of جَرَّبَ (jarraba) (form II)
7487	كراسي	noun	plural of كُرْسِيّ (kursiyy)
7488	فصلت	name	the 41st sura (chapter) of the Qur'an
7489	أثمن	adj	elative degree of ثَمِين (ṯamīn)
7490	مزايدة	noun	auction; exaggeration
7491	ميزان	noun	balance; scales
7492	عباية	noun	alternative form of عَبَاءَة (ʕabāʔa)
7493	خدوش	noun	plural of خَدْش (ḵadš)
7494	شرج	verb	to interweave, to put together, to compact
7495	نشيط	adj	brisk, lively, active, agile, prompt, quick, energetic
7496	كلى	noun	plural of كُلْيَة (kulya)
7497	قافلة	noun	caravan; column, convoy
7498	خاصية	noun	a feature, a special quality, a property
7499	غن	verb	to pronounce through the nose, to speak in a nasal voice, to hum
7500	نقض	verb	to break, to demolish
7501	روحانية	noun	spirituality; transfiguration
7502	تاه	verb	to lose one's way
7503	مسحة	noun	instance noun of مَسَحَ (masaḥa), wipe
7504	بقالة	noun	the profession of selling groceries
7505	قرصنة	noun	piracy; piracy (copyright infringement)
7506	كورن	verb	to infect with coronavirus
7507	حاج	noun	pilgrim, especially to Mecca
7508	أيتام	noun	plural of يَتِيم (yatīm)
7509	مماطلة	noun	postponement, delaying, procrastination
7510	تدوين	noun	verbal noun of دَوَّنَ (dawwana) (form II)
7511	تبرز	verb	to defecate, excrete
7512	سفين	noun	sphene, the mineral titanite also used as a gemstone
7513	دوي	noun	hum, buzz, noise
7514	لزوجة	noun	stickiness, glueyness, adhesiveness
7515	إلحاق	noun	annexation, incorporation, adding
7516	نوب	noun	plural of نَوْبَة (nawba)
7517	مسالم	adj	peaceful, innocuous
7518	أصبر	verb	to ask to be patient, to admonish to be patient
7519	اكتمال	noun	completeness, wholeness
7520	أنشطة	noun	plural of نَشَاط (našāṭ)
7521	متميز	adj	distinguished, distinctive
7522	مشين	adj	dishonorable, shameful, debasing
7523	ترأف	verb	to show mercy, have pity
7524	مسلسلات	noun	plural of مُسَلْسَل (musalsal)
7525	زيارات	noun	plural of زِيَارَة (ziyāra, “visit, attendance”)
7526	طاولات	noun	plural of طَاوِلَة (ṭāwila)
7527	أفصح	verb	to express (clearly), to articulate
7528	ملخص	adj	summarized, summed up, recapitulated
7529	تشكيك	noun	distrust, doubt, suspicion
7530	صقيع	noun	hoarfrost
7531	أجساد	noun	plural of جَسَد (jasad)
7532	جوف	noun	hollow, cavity, depression
7533	أرضى	verb	to satisfy, to please
7534	زمرة	noun	community, group of people, gang, class, troop
7535	رواتب	noun	plural of رَاتِب (rātib)
7536	حواسيب	noun	plural of حَاسُوب (ḥāsūb)
7537	ذريعة	noun	means, instrument, expedient
7538	استقر	verb	to be peaceful, to be stable, to be quiet, to calm
7539	إصرار	noun	verbal noun of أَصَرَّ (ʔaṣarra) (form IV)
7540	بسم	verb	to smile
7541	مجالسة	noun	verbal noun of جَالَسَ (jālasa) (form III)
7542	حامية	noun	garrison, escort
7543	تدابير	noun	plural of تَدْبِير (tadbīr)
7544	قمم	noun	plural of قِمَّة (qimma)
7545	عامي	adj	public, concerning all
7546	اقوياء	adj	alternative spelling of أَقْوِيَاء (ʔaqwiyāʔ)
7547	أجدر	adj	elative degree of جَدِير (jadīr)
7548	دبلوماسية	noun	female equivalent of دِبْلُومَاسِيّ (diblūmāsiyy)
7549	شاد	verb	to build
7550	صلي	verb	to suffer from; to abate, to come to an end (of one's suffering)
7551	جداول	noun	plural of جَدْوَل (jadwal)
7552	لفتة	noun	gesture
7553	جوق	verb	to collect, to congregate
7554	عمودي	adj	vertical; perpendicular
7555	زوى	verb	to hide; to wrinkle
7556	سياحية	adj	feminine singular of سِيَاحِيّ (siyāḥiyy)
7557	ممسحة	noun	duster; wiper; (cleaning) cloth
7558	طحلب	noun	alga, watermoss, duckweed
7559	اكترث	verb	to bear in mind, pay attention
7560	أطبق	verb	to close, to shut (e.g. eyes or mouth)
7561	أبجدية	noun	writing system, script, alphabet
7562	أجن	verb	to madden, to infuriate, to drive insane
7563	زفير	noun	exhalation
7564	كسلان	adj	lazy, idle, slothful, indolent
7565	فردية	noun	individualism
7566	قروض	noun	plural of قَرْض (qarḍ)
7567	تحكيم	noun	arbitration
7568	صقلية	noun	female equivalent of صِقِلِّيّ (ṣiqilliyy)
7569	بالوعة	noun	sinkhole, drain, sewer
7570	مفك	noun	opener, corkscrew
7571	مهبط	noun	aerodrome, landing pad, landing ground, landing strip
7572	تموز	name	July, the 7th month of the Gregorian calendar
7573	نزيه	adj	amene, agreeable, salubrious
7574	تريث	verb	to act slowly, to be lazy, to await
7575	بتر	verb	to cut off, to amputate, to mutilate
7576	قاطعة	noun	incisor
7577	ماريلاند	name	Maryland
7578	الكونغو	name	Democratic Republic of the Congo
7579	شواطئ	noun	plural of شَاطِئ (šāṭiʔ)
7580	عبرة	noun	example, lesson, warning
7581	فاصلة	noun	separation, partition
7582	راعية	noun	female equivalent of رَاعٍ (rāʕin)
7583	غلط	verb	to err; to make a mistake
7584	فخم	adj	stately, splendid, magnificent
7585	ديدان	noun	plural of دُود (dūd, “worms, maggots, larvae (animal)”)
7586	وفرة	noun	abundance, plenty, great quantity
7587	اختلط	verb	to be mixed, be mingled
7588	مهبلي	adj	vaginal
7589	قارض	verb	to lend (someone) money
7590	شفق	verb	to feel compassion with, have mercy upon, pardon
7591	اقتراحات	noun	plural of اِقْتِرَاح (iqtirāḥ)
7592	فرضية	noun	hypothesis
7593	أشقاء	noun	plural of شَقِيق (šaqīq)
7594	شريفة	adj	feminine singular of شَرِيف (šarīf)
7595	طرفة	noun	novelty; rarity
7596	الروم	name	the Byzantine Empire (an ancient empire); Byzantium, Rhomania
7597	سيرج	noun	alternative form of شِيرَج (šīraj, “sesame oil”)
7598	خراء	noun	shit, feces
7599	ذرية	noun	offspring; descendant(s)
7600	مجازي	adj	figurative, metaphorical
7601	يأس	noun	despair
7602	قسا	verb	to become hard, to become rigid, to become callous, to harden, to solidify
7603	أولمبي	adj	Olympic
7604	معالم	noun	plural of مَعْلَم (maʕlam)
7605	ثان	adj	second
7606	ديو	noun	daeva (a Zoroastrian demon spirit)
7607	زول	noun	person; body, figure
7608	سفك	verb	to shed
7609	شامبو	noun	shampoo
7610	إسلامي	adj	of, relating to, associated with, or characteristic of Islam; Islamic; Islamitic
7611	خاوية	adj	feminine singular of خَاوٍ (ḵāwin)
7612	تجديف	noun	verbal noun of جَدَّفَ (jaddafa) (form II)
7613	عمالقة	noun	plural of عِمْلَاق (ʕimlāq)
7614	بنايات	noun	plural of بِنَايَة (bināya)
7615	تحفيز	noun	verbal noun of حَفَّزَ (ḥaffaza) (form II)
7616	وضيعة	adj	feminine singular of وَضِيع (waḍīʕ)
7617	ألغاز	noun	plural of لُغْز (luḡz)
7618	ليث	noun	lion
7619	قيقب	noun	maple (Acer spp.)
7620	فرط	verb	to precede, to pass, to outgo, to slip, to shed, to strip
7621	قردة	noun	female equivalent of قِرْدٌ (qirdun)
7622	سواد	noun	blackness, black
7623	القرآن	name	the Qur’an
7624	هاس	verb	to crumble, to crush
7625	هاشم	name	a male given name, Hashim
7626	ترميم	noun	reconstruction, reparation, restoration, rebuilding
7627	تلاميذ	noun	plural of تِلْمِيذ (tilmīḏ)
7628	بلدان	noun	plural of بَلَد (balad)
7629	أهلية	noun	competence; qualification
7630	دفة	noun	side, face, panel, cover, surface and similar
7631	مراعاة	noun	consideration, assistance (for someone's circumstances)
7632	خشنة	noun	roughness
7633	سماد	noun	fertilizer
7634	وظف	verb	to assign an office to
7635	تفاخر	verb	to show off
7636	أصيل	adj	original, genuine, deep-rooted
7637	ترهات	noun	plural of تُرَّهَة (turraha)
7638	أساسيات	noun	plural of أَسَاسِيَّة (ʔasāsiyya)
7639	تخفى	verb	to hide oneself
7640	زحل	verb	to move away, withdraw, retire
7641	مرج	verb	to send (an animal) to pasture
7642	بفك	noun	cheese puff
7643	تلفت	verb	to turn, to turn around, to turn one's face, to look around
7644	بطالة	noun	idleness; unemployment
7645	اختلف	verb	to differ (عَنْ (ʕan) from)
7646	كس	noun	pussy
7647	تواريخ	noun	plural of تَارِيخ (tārīḵ)
7648	سقراط	name	Socrates
7649	قيثار	noun	alternative form of قِيثَارَة (qīṯāra, “guitar”); harp, lyre
7650	نضوج	noun	ripeness, maturity
7651	إلهة	noun	alternative spelling of إِلَاهَة (ʔilāha)
7652	سلسة	adj	feminine singular of سَلِس (salis)
7653	فدان	noun	yoke of oxen; plough
7654	تكفير	noun	expiation, atonement, penance
7655	تعشق	verb	to carry out one's passion on someone, to express affection, to woo
7656	غالبية	noun	majority; victory, win
7657	أدان	verb	to lend on credit
7658	متميزة	adj	feminine singular of مُتَمَيِّز (mutamayyiz)
7659	ميشيغان	name	Michigan (a state of the United States)
7660	مصادرة	noun	confiscation
7661	مادية	noun	materialism (concern over material possessions)
7662	كافتيريا	noun	cafeteria
7663	غشاش	noun	cheater, deceiver, swindler
7664	أوثر	adj	elative degree of وَثِر (waṯir)
7665	قبلات	noun	plural of قُبْلَة (qubla)
7666	أوديسا	name	a port city; an oblast of Ukraine.
7667	أغلفة	noun	plural of غِلَاف (ḡilāf)
7668	آلف	noun	elf (mythical or fantasy creature)
7669	تجبر	verb	to show oneself proud
7670	قندس	noun	beaver
7671	دستة	noun	dozen
7672	عبارات	noun	plural of عِبَارَة (ʕibāra)
7673	ظبي	noun	gazelle, mountain goat, antelope
7674	تضاعف	verb	to double
7675	استبعاد	noun	verbal noun of اِسْتَبْعَدَ (istabʕada) (form X)
7676	عالمين	noun	accusative-genitive plural of عَالَم (ʕālam, “world”)
7677	تطول	verb	to stretch oneself
7678	مديح	noun	praise, eulogy, encomium
7679	إيليا	name	a male given name, equivalent to English Elias
7680	فسا	verb	to fart quietly
7681	لزوم	noun	necessity, need, requirement, obligation, requisite
7682	مثلية	adj	feminine singular of مِثْلِيّ (miṯliyy)
7683	سموم	noun	hot wind, hot sandstorm, simoom
7684	أسياد	noun	plural of سَيِّد (sayyid)
7685	عواصف	noun	plural of عَاصِفَة (ʕāṣifa)
7686	وثيق	adj	firm, strong, solid
7687	مصرة	adj	feminine singular of مُصِرّ (muṣirr)
7688	تلال	noun	plural of تَلّ (tall)
7689	مدراء	noun	plural of مُدِير (mudīr)
7690	خلافة	noun	succession; state of being a deputy or successor
7691	شفط	verb	to suck up, to slurp
7692	بروكسل	name	Brussels (the capital city of Belgium)
7693	نيتروجين	noun	nitrogen
7694	سكار	noun	lock (for a door, etc.)
7695	رجلى	noun	plural of رَاجِل (rājil)
7696	فاحش	verb	to engage in obscene dialogue with, to vie with (someone) in vulgar talk
7697	فنزويلا	name	Venezuela (a country in South America)
7698	تعديلات	noun	plural of تَعْدِيل (taʕdīl)
7699	سلالم	noun	plural of سُلَّم (sullam)
7700	أفخر	adj	elative degree of فَاخِر (fāḵir), elative degree of فَخُور (faḵūr)
7701	أفجر	verb	to commit adultery, to fornicate
7702	ناصر	adj	active participle of نَصَرَ (naṣara)
7703	مرن	verb	to be elastic
7704	نورماندي	name	Normandy
7705	تجهيزات	noun	plural of تَجْهِيز (tajhīz)
7706	مشرحة	noun	morgue, where dissected deads are inspected
7707	التحق	verb	to reach, to attain
7708	أيرلندا	name	Ireland (a country in northwestern Europe)
7709	جواهر	noun	plural of جَوْهَر (jawhar)
7710	غال	adj	expensive (having a high price), dear, costly, precious
7711	مبرد	noun	cooler
7712	نسج	verb	to gather, to collect, to draw together
7713	منزلة	noun	position, status, rank
7714	خليفة	noun	a successor; a caliph
7715	جوزة	noun	a walnut
7716	طحال	noun	spleen, milt
7717	دونما	prep	without
7718	قابلية	noun	predisposition, receptivity
7719	قعر	noun	depth; bottom (the lowest part of a container)
7720	عاقلة	adj	feminine singular of عَاقِل (ʕāqil)
7721	تكسير	noun	verbal noun of كَسَّرَ (kassara) (form II)
7722	عليكن	prep	second-person plural feminine of عَلَى (ʕalā)
7723	مهملة	adj	feminine singular of مُهْمِل (muhmil)
7724	بالمقلوب	adv	backwards; turned around
7725	وقاية	noun	protection, guard, preservation, care, solicitude
7726	استوديو	noun	alternative spelling of إِسْتُودِيُو (ʔistūdiyū)
7727	عانق	verb	to hug, to embrace someone
7728	قصائد	noun	plural of قَصِيدَة (qaṣīda)
7729	تشوه	verb	to be/become malformed
7730	مخاطبة	noun	verbal noun of خَاطَبَ (ḵāṭaba) (form III)
7731	براميل	noun	plural of بِرْمِيل (birmīl)
7732	موقوت	adj	having a fixed time or duration, timed
7733	شرك	verb	to share, to participate with (someone)
7734	تدار	noun	verbal noun of تَدَارَى (tadārā)
7735	طالع	noun	omen; luck
7736	نهب	verb	to rob
7737	اقتراب	noun	verbal noun of اِقْتَرَبَ (iqtaraba) (form VIII)
7738	حرى	verb	to become scarce (e.g. of food)
7739	تزويد	noun	verbal noun of زَوَّدَ (zawwada) (form II)
7740	لفافة	noun	envelope, wrapping, covering, swaddling; wrap, bundle
7741	مرنة	adj	feminine singular of مَرِن (marin)
7742	التف	verb	to squirm, to wind oneself, to abound
7743	طبقي	adj	class- or stratum-related
7744	نزعة	noun	tendency, trend
7745	تبدل	verb	to become changed, to change (intransitive)
7746	طمع	verb	to hope for, to desire
7747	مخارج	noun	plural of مَخْرَج (maḵraj)
7748	مسافات	noun	plural of مَسَافَة (masāfa)
7749	خشن	verb	to be coarse, to be rude, to be uncouth, to be rough, to be hoarse
7750	لاوعي	noun	subconscious
7751	اعتدى	verb	to assault, to assail, to aggress
7752	كفؤ	noun	alternative form of كُفْء (kufʔ)
7753	سمة	noun	sign, mark, characteristic
7754	عذري	adj	pure, chaste; platonic
7755	ضاعف	verb	to multiply (something) by two or more
7756	الكويت	name	Kuwait (a country in West Asia in the Middle East).
7757	يساري	adj	leftist
7758	البرتغال	name	Portugal (a country in Europe)
7759	سنوية	adj	feminine singular of سَنَوِيّ (sanawiyy)
7760	خصلة	noun	lock of hair, tress
7761	نتج	verb	to bear, to bring forth (young)
7762	عواطف	noun	plural of عَاطِف (ʕāṭif)
7763	بدايات	noun	plural of بِدَايَة (bidāya)
7764	ات	suffix	Suffix used to pluralize feminine nouns and adjectives ending in ـَة (-a).
7765	صفح	verb	to make flat; to overlook, to pardon, to remit
7766	أدهش	verb	to amaze
7767	ضواحي	noun	plural of ضَاحِيَة (ḍāḥiya, “outskirts of a city”)
7768	لفائف	noun	plural of لِفَافَة (lifāfa)
7769	مكة	name	Mecca (a large city in Saudi Arabia)
7770	تمعن	verb	to look closely into
7771	ترضى	verb	to seek to justify, please, propitiate, conciliate, appease, content
7772	عزيزة	adj	feminine singular of عَزِيز (ʕazīz)
7773	مفتول	adj	tightly twisted, entwined, braided
7774	سراء	noun	ease, prosperity, happiness, joy
7775	حذار	verb	watch out! beware!
7776	موناكو	name	Monaco (a city-state in Western Europe)
7777	مخترع	adj	who invents, inventing
7778	احتفل	verb	to celebrate; to party, to hold party
7779	زبيب	noun	raisins
7780	طوبى	adj	feminine singular of أَطْيَب (ʔaṭyab)
7781	جوفي	adj	inner, interior
7782	دن	noun	wine jug
7783	أمطار	noun	plural of مَطَر (maṭar)
7784	شعير	noun	barley
7785	استعاد	verb	to recover, to regain, to recapture
7786	الآب	name	The Father
7787	وعيد	noun	threat, menace
7788	نصير	noun	supporter, defender, helper, ally
7789	ارتد	verb	to move back quickly or forcefully
7790	اصطحاب	noun	accompanying
7791	هدير	noun	verbal noun of هَدَرَ (hadara, “to roar, to rut”) (form I)
7792	غوغاء	noun	the great unwashed, rabble, mob
7793	انتزع	verb	to draw out, to take out, to grab, to wrest
7794	خانق	verb	to quarrel
7795	أقض	verb	to be rough, crude, hard (of bed)
7796	سباكة	noun	plumbing
7797	سيوف	noun	plural of سَيْف (sayf)
7798	فاعلون	noun	plural of فَاعِل (fāʕil)
7799	جهات	noun	plural of جِهَة (jiha)
7800	رخام	noun	marble
7801	حينذاك	adv	then, at that time
7802	سارقة	noun	female equivalent of سَارِق (sāriq, “male thief”)
7803	أطعم	verb	to feed, to give to eat
7804	حلمة	noun	singulative of حَلَم (ḥalam)
7805	تن	noun	tuna
7806	يونس	name	Jonah, Jonas (prophet)
7807	صليبي	noun	crusader; any Christian, or any militant from a Western country regardless of his religion
7808	متعلم	adj	learned, educated
7809	بورما	name	Burma (a country in Southeast Asia)
7810	موسوعة	noun	encyclopedia
7811	شيرى	noun	alternative form of شَيْرَة (šayra)
7812	زان	noun	fornicator, adulterer
7813	بودابست	name	Budapest (the capital city of Hungary)
7814	توف	noun	verbal noun of تَوَفَّى (tawaffā) (form V)
7815	زنوج	noun	plural of زِنْجِيّ (zinjiyy)
7816	فضفاض	adj	ample, abundant
7817	صياح	noun	yelling, shouting
7818	سعال	noun	cough
7819	تآمر	verb	to take counsel, to deliberate together, to confer
7820	تضايق	verb	to be annoyed, to be irritated
7821	حكام	noun	plural of حَاكِم (ḥākim)
7822	إفراط	noun	verbal noun of أَفْرَطَ (ʔafraṭa) (form IV)
7823	ماديا	adv	materially, physically
7824	عتاد	noun	equipment; equipment, gear; ammunition, ordnance
7825	لبنان	name	Lebanon (a country in West Asia in the Middle East)
7826	بركاني	adj	volcanic
7827	وليد	noun	newborn child, baby
7828	واتر	verb	to perform at intervals, to do intermittently, to do with interruptions
7829	انتصر	verb	to assist, to aid, to side with
7830	فيلبس	name	a male given name from Ancient Greek, equivalent to English Philip
7831	أجور	noun	plural of أَجْر (ʔajr)
7832	تغنى	verb	to praise, extol, laud, emblazon, sing praises to
7833	قنصل	noun	consul
7834	متسخ	adj	active participle of اِتَّسَخَ (ittasaḵa): dirty
7835	الرحمن	name	God, the Most Merciful (one of the 99 Names of Allah)
7836	رجس	verb	to be dirty, to be filthy
7837	ثاقب	adj	penetrating
7838	مضجع	noun	bed, couch
7839	يومية	noun	per diem, daily wage
7840	وجع	verb	to ache, feel pain
7841	اللتان	pron	nominative feminine dual of اَلَّذِي (allaḏī, “who, that, which”)
7842	مربعات	noun	plural of مُرَبَّع (murabbaʕ)
7843	جبري	adj	compelling, commanding, compulsory
7844	ضياع	noun	loss; ruin, destruction, perdition
7845	فيجي	name	Fiji (a country and archipelago of over 300 islands in Melanesia in Oceania)
7846	قبور	noun	plural of قَبْر (qabr, “grave”)
7847	وجدي	name	a male given name, Wajdi
7848	عيدان	noun	plural of عُود (ʕūd)
7849	اعتقاد	noun	belief, faith, conviction
7850	إلية	noun	closeness, verbal noun of وَلِيَ (waliya)
7851	إسكان	noun	causing to inhabit or settle
7852	تشويق	noun	interest, suspense
7853	مستشفيات	noun	plural of مُسْتَشْفًى (mustašfan)
7854	العنقاء	adj	definite feminine singular of أَعْنَق (ʔaʕnaq)
7855	أثقال	noun	plural of ثِقْل (ṯiql)
7856	طاغية	noun	tyrant, oppressor
7857	إحسان	noun	good deed (doing one's duty well towards God)
7858	أبرز	adj	elative degree of بَارِز (bāriz)
7859	أناناس	noun	pineapple (plant)
7860	بومة	noun	singulative of بُوم (būm): an owl
7861	داس	verb	to tread on, to trample, to step on
7862	مائل	adj	leaning, inclined, oblique
7863	انقلاب	noun	coup d'état; revolution
7864	تلميع	noun	polishing (general term)
7865	اطرح	verb	to throw far away, to fling away
7866	بيه	noun	bey, beg; a title used in the Ottoman Empire
7867	دبلن	name	Dublin (the capital city of Ireland)
7868	مجهر	noun	microscope
7869	نحول	noun	verbal noun of نَحِلَ (naḥila) (form I)
7870	إصلاحية	noun	reformatory, house of correction, penitentiary, workhouse
7871	آثر	verb	to prefer
7872	قرحة	noun	ulcer, sore
7873	جوقة	noun	group, troop, bracket, party
7874	ثعابين	noun	plural of ثُعْبَان (ṯuʕbān)
7875	إلينوي	name	Illinois
7876	وغل	verb	to obtrude, to intrude; to be uninvited guest (عَلَى (ʕalā) upon)
7877	وثاق	noun	bond, ligature, tie, chain, shackle
7878	زفر	verb	to exhale; to bray
7879	ليبيا	name	Libya (a country in North Africa)
7880	كونيتيكت	name	Connecticut (a state in the northeastern United States)
7881	هوان	noun	verbal noun of هَانَ (hāna) (form I)
7882	شتى	verb	to winter, to spend the winter
7883	قصار	noun	walker, fuller
7884	برنس	noun	burnoose, cloak
7885	غيوم	noun	plural of غَيْمَة (ḡayma)
7886	عز	verb	to be powerful, to overpower
7887	منزوع	adj	torn out, plucked out, taken off
7888	ليما	noun	lemma
7889	صفير	noun	whistling; hissing
7890	قسطنطين	name	a male given name from Latin, equivalent to English Constantine
7891	زج	verb	to throw, to cast, to put by hurling, to warp
7892	إمضاء	noun	signature
7893	خميس	noun	Thursday
7894	صد	verb	to hinder, to repel
7895	لومي	noun	alternative form of لَيْمُون (laymūn)
7896	أسوار	noun	plural of سُور (sūr)
7897	صبية	noun	girl, young woman
7898	مستوصف	noun	clinic, infirmary, dispensary
7899	بلان	noun	barber surgeon, bath-man
7900	متفوق	adj	superior, surpassing
7901	سبى	verb	to captivate, to captive
7902	يسرى	adj	feminine singular of أَيْسَر (ʔaysar)
7903	أحزن	verb	to sadden
7904	بهجت	name	a male given name
7905	لطخة	noun	stain, smudge, splatter
7906	سلمى	adj	feminine singular of أَسْلَم (ʔaslam)
7907	غري	verb	to adhere, to stick, to be attached, to cling
7908	حفيدة	noun	granddaughter
7909	ضجر	adj	bored, weary
7910	سجون	noun	plural of سِجْن (sijn)
7911	ترجل	verb	to go on foot, to walk
7912	لينون	adj	masculine plural of لَيِّن (layyin)
7913	محفز	adj	stimulating, inducing
7914	تفاؤل	noun	optimism
7915	حصى	noun	pebble, gravel
7916	بقاع	noun	plural of بُقْعَة (buqʕa)
7917	تزعم	verb	to lead
7918	تجاوب	verb	to show interest in
7919	ضحل	adj	shallow; trivial, superficial
7920	تصارع	verb	to wrestle, grapple, tussle
7921	أميركي	adj	American
7922	متفوقة	adj	feminine singular of مُتَفَوِّق (mutafawwiq)
7923	تقوية	noun	verbal noun of قَوَّى (qawwā) (form II)
7924	ربطات	noun	plural of رَبْطَة (rabṭa)
7925	أومأ	verb	to wise, to make a gesture
7926	متعبون	adj	masculine plural of مُتْعِب (mutʕib)
7927	مفزع	adj	terrifying, frightening, horrifying, appalling, dreadful
7928	إيقاظ	noun	waking (someone) up
7929	قنب	noun	hemp
7930	خونة	noun	plural of خَائِن (ḵāʔin)
7931	ميلانو	name	Milan
7932	استقرار	noun	stabilization, stability
7933	عدول	noun	deviation; desistance
7934	هطول	noun	precipitation
7935	ابتداء	noun	beginning
7936	أملاك	noun	plural of مِلْك (milk)
7937	متكلم	adj	talking
7938	استقل	verb	to find small, to find too paltry
7939	حلزون	noun	snail (a mollusk with a coiled shell)
7940	مشعة	noun	radiator
7941	صولجان	noun	sceptre, wand
7942	ناتو	name	NATO
7943	راو	adj	who narrates, narrating
7944	ساقط	adj	fallen, falling, dropping
7945	لزام	noun	necessity, obligation, requirement
7946	فار	verb	to overflow, to gush forth, to boil up
7947	ممشى	noun	promenade
7948	سفرة	noun	traveling provision, victuals
7949	طنين	noun	buzzing (of bees, etc)
7950	انقضى	verb	to end, to be terminated, to pass
7951	الخطا	name	the Khitans; Cathay, northern China
7952	دهر	verb	to overcome
7953	ترويج	noun	circulation, propagation, causing to circulate
7954	هلك	verb	To cease to exist, to vanish from being, to perish
7955	طهران	name	Tehran (the capital city of Iran)
7956	قابيل	name	Cain (biblical son of Adam)
7957	وطئ	verb	to tread; to step on, to tread upon, to trample
7958	تصلب	verb	to harden, to stiffen
7959	معافى	adj	passive participle of عَافَى (ʕāfā)
7960	استطلاع	noun	verbal noun of اِسْتَطْلَعَ (istaṭlaʕa) (form X)
7961	إرهاق	noun	pressure, heavy load (e.g. of work)
7962	مفاجآت	noun	plural of مُفَاجَأَة (mufājaʔa)
7963	جبريل	name	The archangel Gabriel
7964	عليم	adj	having great knowledge, knowing, knowledgeable, learned
7965	مدغشقر	name	Madagascar (a country in Africa)
7966	طلوع	noun	rise of a celestial body; (especially) sunrise
7967	أحضان	noun	plural of حِضْن (ḥiḍn)
7968	يشم	noun	jade
7969	نشيد	noun	a song, hymn, especially
7970	عزر	verb	to prevent, to withhold, to forbid
7971	أحادي	adj	single
7972	مثيرون	noun	plural of مُثِير (muṯīr)
7973	حنون	adj	loving, fond, affectionate; compassionate, merciful, gracious
7974	مظاهر	noun	plural of مَظْهَر (maẓhar)
7975	بقص	noun	alternative form of بَقْس (baqs, “box”)
7976	شفا	verb	to near setting (said of the Sun)
7977	عجين	noun	dough
7978	هودج	noun	camel litter, howdah
7979	نفاق	noun	verbal noun of نَفَقَ (nafaqa) (form I)
7980	انصراف	noun	verbal noun of اِنْصَرَفَ (inṣarafa) (form VII)
7981	مغامر	noun	adventurer
7982	أربعمائة	num	four hundred
7983	مسعف	adj	active participle of أَسْعَفَ (ʔasʕafa)
7984	تفرق	verb	to go apart, to disperse, scatter
7985	لوث	verb	to contaminate, to pollute, to dirty
7986	جلاد	noun	whipper, lasher
7987	قرمزي	adj	crimson, scarlet, vermillion, red
7988	قلد	verb	to wreathe, to wind, to twist
7989	تمريرة	noun	a pass
7990	تحوز	verb	to writhe, to twist about
7991	آرام	name	Aram
7992	جس	verb	to palpate, to examine touching, to feel for a judgment
7993	غامر	verb	to take a chance or risks, to venture
7994	أعتد	verb	to prepare
7995	ميثاق	noun	charter; treaty
7996	نافع	adj	useful, beneficial
7997	شارد	adj	fugitive; runaway; deserter; defector
7998	لقاءات	noun	plural of لِقَاء (liqāʔ)
7999	إصلاحي	adj	corrective, reformative, reformational, rehabilitative
8000	شيوخ	noun	plural of شَيْخ (šayḵ)
8001	ريال	noun	riyal (the official currency of Saudi Arabia and Qatar).
8002	أذرع	noun	plural of ذِرَاع (ḏirāʕ)
8003	أضلاع	noun	plural of ضِلْع (ḍilʕ)
8004	يوتا	name	Utah (a state in the western United States)
8005	استئناف	noun	resumption, continuation, recommencing
8006	مناظر	adj	active participle of نَاظَرَ (nāẓara)
8007	فدرالية	noun	federation
8008	رسب	verb	to subside, to sink, to sedimentate
8009	أثلج	verb	to snow; to cool down, to make cold
8010	عسير	adj	difficult, hard, tough
8011	تضييق	noun	narrowing, tightening (the action of narrowing something)
8012	ث	symbol	The twenty-third numeral symbol of the Arabic alphabet
8013	نشيطة	adj	feminine singular of نَشِيط (našīṭ)
8014	ازدحام	noun	crowd, rush, jam
8015	ماروني	adj	Maronite
8016	تشكر	verb	to thank (someone for)
8017	غذا	verb	to feed, to nourish
8018	كهرب	verb	to electrify; to ionize
8019	نشاء	noun	starch, cornstarch, farina
8020	معدومة	adj	feminine singular of مَعْدُوم (maʕdūm)
8021	هاهنا	adv	alternative spelling of هٰهُنَا (hāhunā)
8022	توثيق	noun	verbal noun of وَثَّقَ (waṯṯaqa) (form II)
8023	مطفأة	noun	firefighting equipment
8024	متطرفة	noun	female equivalent of مُتَطَرِّف (mutaṭarrif)
8025	خانة	noun	space into which a physical object is fitted, cubbyhole
8026	طبول	noun	plural of طَبْل (ṭabl)
8027	جاكيت	noun	jacket, coat
8028	نسبيا	adv	relatively, proportionally
8029	همجي	adj	uncivilized, wild, savage, barbaric, barbarous
8030	ألفان	num	two thousand
8031	مداخل	adj	active participle of دَاخَلَ (dāḵala)
8032	نهم	noun	greed, greediness, covetousness
8033	عصرية	adj	modernism
8034	دينار	noun	dinar
8035	جميلون	adj	masculine plural of جَمِيل (jamīl)
8036	سكوتر	noun	scooter
8037	تنانين	noun	plural of تِنِّين (tinnīn)
8038	طباخة	noun	cookery
8039	مسافرة	noun	verbal noun of سَافَرَ (sāfara) (form III)
8040	أرانب	noun	plural of أَرْنَب (ʔarnab)
8041	وهن	verb	to weaken
8042	عصور	noun	plural of عِصْر (ʕiṣr)
8043	مظاهرة	noun	demonstration, protest
8044	تسميم	noun	verbal noun of سَمَّمَ (sammama) (form II)
8045	باروكة	noun	wig (head of false hair)
8046	شاعري	adj	poetic
8047	تأييد	noun	support, endorsement, approval
8048	صربيا	name	Serbia (a country on the Balkan Peninsula in Southeastern Europe)
8049	عباقرة	noun	plural of عَبْقَرِيّ (ʕabqariyy)
8050	آزر	verb	to prop up, to assist, to support
8051	اختلاق	noun	fabricating, inventing
8052	مالكي	adj	Maliki
8053	زمرد	noun	emerald
8054	كناية	noun	indirect expression: metonymy, metaphor; allusion
8055	عصى	verb	to disobey; to refuse to side together with
8056	تأبى	verb	to deny, refuse, reject
8057	مغيب	adj	hidden; concealed; invisible
8058	شؤم	noun	bad omen, calamity, fatality
8059	أنوار	noun	plural of نُور (nūr)
8060	مستدير	adj	round
8061	استشعار	noun	verbal noun of اِسْتَشْعَرَ (istašʕara) (form X)
8062	يوغا	noun	yoga
8063	تلويح	noun	verbal noun of لَوَّحَ (lawwaḥa) (form II)
8064	جبلي	adj	mountainous
8065	إشعاعي	adj	related to radiation
8066	مستحسن	adj	preferable, preferred
8067	قرين	adj	affiliated, associated, combined, connected, joined, linked, united with
8068	ساند	verb	to help, assist
8069	أبوت	noun	heat
8070	مذنبون	noun	plural of مُذْنِب (muḏnib)
8071	زوال	noun	end, passage, extinction, disappearance, vanishing, cessation
8072	التماس	noun	The act of holding, holding on to.
8073	قلص	verb	to diminish, curtail, constrict
8074	شبر	noun	span (the measure of the hand)
8075	رعشة	noun	tremor; chills (from a febrile illness)
8076	أركان	noun	plural of رُكْن (rukn)
8077	تلامس	verb	to be touching each other
8078	استرجع	verb	to retrieve, to take back, to recover, to regain
8079	بتصرف	prep_phrase	used after quotes
8080	كفء	noun	equal
8081	أبكم	adj	mute
8082	وراثة	noun	inheritance; heredity, heritability
8083	ياقة	noun	collar (in clothing)
8084	بجعة	noun	singulative of بَجَع (bajaʕ)
8085	متاجرة	noun	verbal noun of تَاجَرَ (tājara) (form III)
8086	مومسة	noun	wench, hooker, tramp
8087	زيجة	noun	marriage
8088	أميز	adj	preferable; more distinguished; most distinguished
8089	فاعلية	noun	the state of being a فَاعِل (fāʕil, “subject, agent”)
8090	التبت	name	Tibet (a geographic region in Central Asia, the homeland of the Tibetan people)
8091	أبدل	verb	to exchange; to substitute
8092	باخرة	noun	steamship, steamboat
8093	تنوير	noun	enlightenment; the Enlightenment
8094	حمال	noun	porter, carrier
8095	هين	adj	easy, cushy; of low importance, trifling, insignificant
8096	رملية	noun	sandwort (Arenaria)
8097	تسونامي	noun	tsunami
8098	أمناء	noun	plural of أَمِين (ʔamīn)
8099	مضيء	adj	light (not dark)
8100	صدمات	noun	plural of صَدْمَة (ṣadma)
8101	مقطعية	noun	syllable; syllabary
8102	تينك	pron	accusative feminine dual of ذٰلِكَ (ḏālika, “that”)
8103	جوزاء	name	Gemini (sign of the zodiac)
8104	تسخير	noun	subjugation, conquering
8105	فرحان	adj	happy, merry, joyful
8106	مغاير	adj	dissimilar, unlike
8107	تعدد	verb	to be numerous; to multiply, to increase in frequency
8108	الصومال	name	Somalia (a country in Africa)
8109	نكت	noun	plural of نُكْتَة (nukta)
8110	كأنما	conj	as if, as though
8111	صفع	verb	to smack; to slap, to cuff
8112	خس	verb	to be or become vile, mean, lowly, contemptible
8113	صبيحة	noun	morning
8114	زكي	adj	well-thriven, prosperous, well-off, raised perfectly, suffering no blame
8115	إحصاء	noun	verbal noun of أَحْصَى (ʔaḥṣā)
8116	ولدان	noun	plural of وَلِيد (walīd)
8117	كورال	noun	choir
8118	مرتعب	adj	scared, afraid
8119	رأسمالي	adj	capitalist, capitalistic
8120	لبد	noun	felt
8121	عمارة	noun	tribe, clan
8122	مطبوعة	adj	feminine singular of مَطْبُوع (maṭbūʕ)
8123	انتخاب	noun	election
8124	أيدى	verb	to corroborate, confer a benefit, assist, help, fix, consolidate
8125	قهري	adj	compelling, commanding, compulsory, compulsive
8126	ماجد	adj	active participle of مَجَدَ (majada).
8127	تعارك	verb	to fight, squabble, quarrel with each other
8128	أيلول	name	September (ninth month of the Gregorian and Julian calendars)
8129	نسف	verb	to winnow up, to overthrow from the ground
8130	شار	noun	buyer
8131	صلابة	noun	verbal noun of صَلُبَ (ṣaluba) (form I)
8132	مساكن	adj	active participle of سَاكَنَ (sākana).
8133	كروم	noun	chromium
8134	يمنى	adj	feminine singular of أَيْمَن (ʔayman)
8135	مقت	verb	to hate intensely, to detest, to abominate
8136	مؤسسات	noun	plural of مُؤَسَّسَة (muʔassasa)
8137	بوليفيا	name	Bolivia (a country in South America)
8138	بديعة	adj	feminine singular of بَدِيع (badīʕ)
8139	سمسم	noun	sesame (plant or seed)
8140	قابس	name	Gabès (a city in Tunisia)
8141	كاميرة	noun	alternative form of كَامِيرَا (kāmērā)
8142	ذ	symbol	The twenty-fifth numeral symbol of the Arabic alphabet
8143	بحوث	noun	plural of بَحْث (baḥṯ)
8144	زهيد	adj	small, insignificant (in amount or value)
8145	أطال	verb	to lengthen, extend
8146	أزرع	verb	to get seeds; to make cultivate, to give for tilling
8147	أتعب	verb	to exhaust; to vex, to trouble, to bother, to annoy, to irk, to inconvenience, to disturb
8148	كونلي	name	a transliteration of the English surname Conley
8149	سياقة	noun	driving
8150	بنيامين	name	Benjamin
8151	إحصائي	adj	statistical
8152	تصفح	verb	to browse
8153	عزب	verb	to be far, distant
8154	إسلام	noun	religious submission to God, piety
8155	انسحاب	noun	retreat, evacuation, withdrawal
8156	ديس	noun	certain papery plants within the grass order (Poales)
8157	تسخين	noun	heating, warming
8158	شاش	noun	muslin; white cloth
8159	بطانة	noun	inside (part), innings
8160	مواليد	noun	plural of مِيلَاد (mīlād)
8161	جنسن	verb	to sexualize
8162	آتون	name	Aten
8163	بديهي	adj	obvious
8164	عضلي	adj	of muscle(s); muscular
8165	طبشورة	noun	a chalk
8166	ودج	noun	jugular vein
8167	جور	noun	injustice, oppression, tyranny
8168	تلميذة	noun	female equivalent of تِلْمِيذ (tilmīḏ)
8169	قداس	noun	mass; church service
8170	بط	noun	duck (aquatic bird of the family Anatidae); ducks
8171	تضليل	noun	verbal noun of ضَلَّلَ (ḍallala) (form II)
8172	شرشف	noun	bedsheet
8173	تمور	verb	to budge; to move forth; to rise across the surface; to fluctuate; to undergo commotion
8174	أوحد	adj	unique, singular
8175	سمات	noun	plural of سِمَة (sima)
8176	أشمط	adj	gray-haired, hoary
8177	مركزية	adj	feminine singular of مَرْكَزِيّ (markaziyy)
8178	مجالات	noun	plural of مَجَال (majāl)
8179	عمولة	noun	commission (fee charged)
8180	متظاهر	noun	protester
8181	كشمير	name	Kashmir
8182	أوصاف	noun	plural of وَصْف (waṣf)
8183	متعقب	adj	pursuing, tracking
8184	متزايد	adj	increasing, growing, cumulative
8185	موضوعي	adj	objective
8186	محسن	adj	improving, enhancing
8187	معنويات	noun	morale, spirits
8188	أرسطو	name	Aristotle
8189	مقلاة	noun	frying pan
8190	دجال	noun	someone who covers, coats things
8191	إقليم	noun	region, climate (geographical area of the earth, particularly a zone of latitude)
8192	فائض	noun	excess, surplus
8193	مبالاة	noun	care, concern; attention
8194	خرف	verb	to gather or pluck (fruit)
8195	راعى	verb	to take into account or consideration, to allow or account for
8196	سياسات	noun	plural of سِيَاسَة (siyāsa)
8197	تسليط	noun	verbal noun of سَلَّطَ (sallaṭa) (form II)
8198	دغدغ	verb	to tickle
8199	تكهن	verb	to divine, to foretell, to predicate, to speculate
8200	سياحة	noun	tourism; long journey, trip
8201	مملوك	noun	a slave; white slave; mameluke
8202	تشبيه	noun	likening, comparison
8203	صبيان	noun	plural of صَبِيّ (ṣabiyy)
8204	حاجب	adj	concealing, screening, protecting
8205	رمزية	noun	symbolism
8206	عقرب	noun	scorpion; Scorpius, a constellation of the zodiac
8207	كابتشينو	noun	cappuccino.
8208	لبى	verb	to comply, to follow, to meet
8209	أجانب	noun	plural of أَجْنَبِيّ (ʔajnabiyy)
8210	معاطف	noun	plural of مَعَطِفْ (maʕaṭif)
8211	أخطبوط	noun	octopus
8212	أجود	adj	elative degree of جَيِّد (jayyid)
8213	تخلف	verb	to be late, to be behind, to lag behind
8214	حيز	noun	scope, range, extent; space; compartment
8215	ادعاء	noun	verbal noun of اِدَّعَى (iddaʕā) (form VIII)
8216	يونانية	adj	feminine singular of يُونَانِيّ (yūnāniyy)
8217	متقطع	adj	intermittent, discontinuous, interrupted
8218	تكاثر	verb	to band together, to gang up
8219	ثروات	noun	plural of ثَرْوَة (ṯarwa)
8220	جرار	noun	verbal noun of جَارَّ (jārra) (form III)
8221	اقتراض	noun	verbal noun of اِقْتَرَضَ (iqtaraḍa) (form VIII)
8222	قافية	noun	nape of the neck
8223	إمبراطوري	adj	imperial
8224	كب	verb	to prostrate, to cause to go lie downwards, to spill
8225	مبعوث	noun	delegate, emissary, representative
8226	متدينة	adj	feminine singular of مُتَدَيِّن (mutadayyin)
8227	منشطات	noun	plural of مُنَشِّط (munaššiṭ)
8228	مبجل	adj	venerated, exalted, glorified
8229	مرجع	noun	recourse, retreat
8230	تهور	verb	to collapse, crash down, fall down, drop down
8231	منظمات	noun	plural of مُنَظَّمَة (munaẓẓama)
8232	زنبق	noun	lily; iris
8233	أسلك	verb	to insert, to stick into
8234	بدو	noun	verbal noun of بَدَا (badā) (form I)
8235	خنصر	noun	little finger
8236	أبشع	adj	more/most heinous
8237	ديمقراطية	noun	democracy
8238	إلزامي	adj	mandatory, compulsory, obligatory
8239	عروسة	noun	bride; doll
8240	مدخنة	noun	chimney
8241	إخضاع	noun	subjection, subjugation, submission
8242	آسيوي	noun	an Asian
8243	تايلند	name	Thailand (a country in Southeast Asia)
8244	أولياء	noun	plural of وَلِيّ (waliyy)
8245	عثمان	name	a male given name, Osman or Usman, equivalent to English Uthman
8246	تعذب	verb	to suffer consequences, to be punished or penalized, to feel pain, discomfort, or grief
8247	فخمة	adj	feminine singular of فَخْم (faḵm)
8248	كتم	noun	A species of boxwood, Buxus dioica, used in Yemen with henna to dye hair reddish
8249	زياد	name	a male given name, Ziyad
8250	غسول	noun	colloquial but widespread spelling of غَاسُول (ḡāsūl, “lotion”)
8251	أنتاركتيكا	name	Antarctica
8252	مفضلة	adj	feminine singular of مُفَضَّل (mufaḍḍal)
8253	حنجرة	noun	throat, larynx
8254	أنظار	noun	plural of نَظَر (naẓar)
8255	إفراغ	noun	verbal noun of أَفْرَغَ (ʔafraḡa) (form IV)
8256	منافع	noun	plural of مَنْفَعَة (manfaʕa)
8257	نوري	adj	luminous
8258	لاذع	adj	stinging, pungent
8259	قارس	adj	biting, bitter, harsh (used to describe extreme cold)
8260	موصل	adj	connective; delivering
8261	جهاد	noun	struggle, effort
8262	تحين	verb	to wait for, to watch for
8263	مصفف	adj	arranged in a line
8264	تخصيص	noun	making someone or something special (by assignment to a special purpose, etc)
8265	متطفل	noun	parasite; uninvited guest
8266	أطلس	noun	atlas (collection of maps)
8267	غيب	noun	that which is unseen, unperceived, unwitnessed, yet to be seen
8268	فاصولياء	noun	bean, French bean (various Phaseolus vulgaris types of preparations and plants)
8269	مربعة	adj	feminine singular of مُرَبَّع (murabbaʕ)
8270	سدادة	noun	bung, stopper, plug
8271	صدقة	noun	alms; charitable gift; charity
8272	تداعى	verb	to coincide, to fall together, to collapse, to sink into oneself
8273	تغطى	verb	to cover oneself
8274	تسول	verb	to beg
8275	تحد	noun	challenge; defiance
8276	ضل	verb	to go astray, to err, to lose
8277	مثقف	adj	educated; refined, cultured
8278	هائج	adj	active participle of هَاجَ (hāja)
8279	عج	verb	to be noisy, to shout, to exclaim, to pray loudly
8280	لب	noun	pulp, backlog, marrow, core, heart
8281	مشرب	noun	place for drinking
8282	شعوذة	noun	witchcraft, sorcery, quackery
8283	مسرع	adj	fast; hurrying
8284	مشية	noun	way of walking, gait, pace
8285	إزاحة	noun	displacement, displacing
8286	وتيرة	noun	narrow footpath, tight track
8287	آداب	noun	plural of أَدَب (ʔadab)
8288	تنوع	verb	to be manifold, to be multifarious
8289	تعرفة	noun	rate, tariff
8290	سل	verb	to pull out, to withdraw, to draw, to remove gently
8291	طحين	adj	ground, crushed
8292	اشترك	verb	to enter into partnership, to cooperate
8293	مساعدات	noun	plural of مُسَاعَدَة (musāʕada)
8294	بنفسج	noun	violet
8295	يمن	name	only used in اليَمَن (al-yaman, “Yemen”)
8296	راشدة	noun	female equivalent of رَاشِد (rāšid)
8297	تنح	noun	step aside, withdrawing
8298	أنياب	noun	plural of نَاب (nāb)
8299	قصدير	noun	tin
8300	جارة	noun	female neighbor
8301	سلمية	adj	feminine singular of سِلْمِيّ (silmiyy)
8302	إجماع	noun	verbal noun of أَجْمَعَ (ʔajmaʕa) (form IV)
8303	إياب	noun	return; sunset
8304	أتقن	verb	to perfect
8305	قيراط	noun	carat
8306	دفاتر	noun	plural of دَفْتَر (daftar)
8307	عقوبات	noun	plural of عُقُوبَة (ʕuqūba)
8308	افتتح	verb	to open, to commence, to inaugurate
8309	كوز	noun	mug, jug, ewer, tankard
8310	غسق	noun	nightfall; dusk
8311	فلور	noun	fluorine
8312	أصفاد	noun	plural of صَفَد (ṣafad)
8313	تناغم	verb	to tone with each other or one another; to synchronize
8314	تحصيل	noun	extracting, educing
8315	قشور	noun	plural of قِشْرَة (qišra)
8316	شتيمة	noun	insult, slander
8317	بلقاء	noun	melaleuca (Melaleuca)
8318	زباد	noun	civet
8319	ذيول	noun	plural of ذَيْل (ḏayl)
8320	كييف	name	Kyiv (the capital city of Ukraine)
8321	تأقلم	verb	to acclimatize, to get used, to adapt, to adjust oneself
8322	لوطي	adj	homosexual, sodomitic; pederastic
8323	ألمان	noun	Germans
8324	يحيى	verb	obsolete spelling of يَحْيَا (yaḥyā)
8325	سلع	verb	to commodify
8326	برتغالي	adj	Portuguese
8327	منومة	adj	feminine singular of مُنَوِّم (munawwim)
8328	الطف	name	Karbala, a city in Iraq, holy to Shia Muslims as the site of the martyrdom of Hussein
8329	باكستاني	adj	Pakistani
8330	اصطحب	verb	to accompany, to chaperone, to take along
8331	سوري	adj	Syrian
8332	انسداد	noun	blockage; obstruction, occlusion
8333	بانة	noun	singulative of بَان (bān)
8334	آنسات	noun	plural of آنِسَة (ʔānisa)
8335	ماليزيا	name	Malaysia (a country in Southeast Asia)
8336	هضمي	adj	digestive
8337	جحر	noun	burrow, den, lair
8338	ياش	name	Iasi (the capital and largest city of Iasi, Moldavia, in northeastern Romania)
8339	فأل	noun	good omen
8340	ساب	verb	to flow, to run
8341	تأبين	noun	verbal noun of أَبَّنَ (ʔabbana) (form II)
8342	تسمين	noun	verbal noun of سَمَّنَ (sammana) (form II)
8343	ملحة	noun	plural of مِلْح (milḥ)
8344	معدية	noun	ferry
8345	بلل	noun	wetness
8346	أرفق	verb	to attach, to enclose
8347	ثيران	noun	plural of ثَوْر (ṯawr)
8348	اختصاص	noun	specialization; specialty, domain, field
8349	يئس	verb	to give up hope, to despair, to be hopeless
8350	فجل	noun	radish
8351	خنفساء	noun	dung beetle, scarab; beetle
8352	نفا	verb	alternative form of نَفَى (nafā)
8353	روائح	noun	plural of رَائِحَة (rāʔiḥa)
8354	تراوح	verb	to vary, to alternate; to range
8355	شام	verb	to have sheathed, to have hidden, to have concealed
8356	حمضي	adj	acid, acidic
8357	برتقالية	adj	feminine singular of بُرْتُقَالِيّ (burtuqāliyy)
8358	قبرص	name	Cyprus
8359	اصطناعي	adj	artificial
8360	أكشن	noun	action movie (a type of motion picture)
8361	مبيض	noun	ovary
8362	حشود	noun	plural of حَشْد (ḥašd)
8363	تنقية	noun	purification, cleansing, filtering, depuration
8364	راهبات	noun	plural of رَاهِبَة (rāhiba)
8365	إسبانية	adj	feminine singular of إِسْبَانِيّ (ʔisbāniyy, “Spanish”)
8366	قاض	verb	to demolish
8367	إبطاء	noun	verbal noun of أَبْطَأَ (ʔabṭaʔa) (form IV)
8368	أنبوبة	noun	tube, pipe; nozzle
8369	ترجى	verb	to anticipate; to expect
8370	فاشي	adj	fascist
8371	مضغوط	adj	pressed, compressed, squeezed, crammed, jammed
8372	ابتكار	noun	verbal noun of اِبْتَكَرَ (ibtakara) (form VIII)
8373	تأنيب	noun	verbal noun of أَنَّبَ (ʔannaba) (form II)
8374	إقليمي	adj	regional; provincial
8375	استرخى	verb	to slacken, slump
8376	رعاع	noun	rabble, riffraff
8377	بولس	name	Paul (of Tarsus), author of several books of the New Testament
8378	ساجد	adj	active participle of سَجَدَ (sajada): prostrated
8379	مشعل	noun	torch
8380	صارع	verb	to wrestle with
8381	انتصاب	noun	being upright, standing upright
8382	نملة	noun	an ant; small pustule or blister
8383	دية	noun	bloodwite, wergeld, diyya
8384	تعميد	noun	baptism, christening
8385	قدماء	adj	masculine plural of قَدِيم (qadīm)
8386	متقارب	adj	mutually approaching
8387	تحسس	verb	to fumble, to grope for, to look for
8388	توجيهات	noun	plural of تَوْجِيه (tawjīh)
8389	حبار	noun	squid, cuttlefish, sepia, sepiid
8390	بروز	verb	to frame
8391	فرامل	noun	plural of فَرْمَلَة (farmala, “brake”)
8392	مربكة	adj	feminine singular of مُرْبِك (murbik)
8393	تداول	verb	to confer; to negotiate
8394	لقى	noun	verbal noun of لَقِيَ (laqiya) (form I)
8395	فنلندا	name	Finland (a country in Northern Europe)
8396	موسمي	adj	seasonal
8397	امتيازات	noun	plural of اِمْتِيَاز (imtiyāz)
8398	فاتحة	noun	start, beginning, commencement
8399	أقبح	adj	elative degree of قَبِيح (qabīḥ)
8400	والدان	noun	nominative dual of وَالِد (wālid)
8401	عاصف	adj	windy, stormy
8402	حيتان	noun	plural of حُوت (ḥūt)
8403	تنصيب	noun	setting up, erecting
8404	زهر	noun	flowers, blooms, blossoms
8405	قنديل	noun	lamp; candlestick, candelabrum
8406	اختلق	verb	to fabricate, to make up, to invent
8407	تعوض	verb	to receive or take as a substitute or replacement
8408	توحد	verb	to be one, to be single
8409	لكيلا	conj	in order not to
8410	ساهم	verb	to join, to partake, to contribute to
8411	ناه	adj	active participle of نَهَى (nahā)
8412	سمنة	noun	obesity
8413	منطلق	noun	perspective, standpoint, basis
8414	تصريحات	noun	plural of تَصْرِيح (taṣrīḥ)
8415	أنفاس	noun	plural of نَفَس (nafas)
8416	أمراء	noun	plural of آمِر (ʔāmir)
8417	سونا	noun	alternative form of سَاوْنَا (sāwnā, “sauna”)
8418	غامق	adj	dark in colour
8419	كركند	noun	ruby spinel, a precious stone from the spinel mineral
8420	فلكي	adj	astronomic, astronomical
8421	رده	noun	plural of رَدْهَة (radha)
8422	مخيمات	noun	plural of مُخَيَّم (muḵayyam)
8423	شيرون	noun	alternative form of شَيْرَة (šayra)
8424	استكمال	noun	verbal noun of اِسْتَكْمَلَ (istakmala) (form X)
8425	مفرغ	adj	active participle of فَرَّغَ (farraḡa).
8426	تخاطب	verb	to talk, converse, correspond, discourse, hold a colloquy
8427	عشبة	noun	a fresh, green, juicy, soft or tender herb
8428	هامد	adj	calm, lifeless, gone out
8429	جثمان	noun	corpse, body
8430	توزع	verb	to be distributed, to be deployed, to be given around (as of supplies)
8431	فراخ	noun	plural of فَرْخ (farḵ)
8432	أصناف	noun	plural of صَنْف (ṣanf)
8433	مارسيليا	name	Marseille
8434	قسطرة	noun	catheter
8435	طوافة	noun	patrol boat, cruiser
8436	سذاجة	noun	naïveté, simplicity, innocence
8437	صدئ	verb	to be rusty
8438	سامى	verb	to vie, compete, sublimate, subtilize
8439	ناو	adj	active participle of نَوَى (nawā): intending
8440	مستفيد	noun	beneficiary, recipient
8441	بازلاء	noun	peas (Pisum sativum)
8442	تسليح	noun	armament, arming
8443	كهوف	noun	plural of كَهْف (kahf, “cave”)
8444	ألباني	adj	Albanian
8445	تغليف	noun	verbal noun of غَلَّفَ (ḡallafa) (form II)
8446	أحباء	noun	plural of حَبِيب (ḥabīb)
8447	انحراف	noun	deviation; deflection
8448	وابل	noun	heavy rain, downpour
8449	إغريقي	adj	Greek
8450	أجوف	adj	concave, hollow
8451	عربون	noun	down payment, earnest money, retainer, pledge
8452	دبابيس	noun	plural of دَبُّوس (dabbūs)
8453	رومانية	noun	female equivalent of رُومَانِيّ (rūmāniyy)
8454	معاد	noun	with definite article (أَدَاة اَلتَّعْرِيف): the afterworld, the hereafter
8455	لاما	noun	llama
8456	لهيب	noun	flame, blaze
8457	الجدي	noun	definite singular of جَدْي (jady)
8458	جمر	noun	ember, cinder, live coal
8459	جم	adj	many, much, numerous
8460	سهام	noun	plural of سَهْم (sahm)
8461	قضاة	noun	plural of قَاضٍ (qāḍin)
8462	جادل	verb	to argue
8463	حرام	adj	forbidden, interdicted, unlawful, illegitimate, haram
8464	واد	noun	valley; river bed, ravine, gorge, wadi
8465	ربك	verb	to muddle, to complicate
8466	أحاسيس	noun	plural of إِحْسَاس (ʔiḥsās)
8467	حشيشة	noun	singulative of حَشِيش (ḥašīš) – a herb
8468	أوتار	noun	plural of وَتَر (watar)
8469	ينبع	name	Yanbu (a major port city in Al Madinah Province, Saudi Arabia)
8470	احتلال	noun	occupation
8471	سلمان	name	a male given name, Salman
8472	عاديون	adj	masculine plural of عَادِيّ (ʕādiyy)
8473	باستا	noun	pasta
8474	وقائع	noun	plural of وَاقِعَة (wāqiʕa)
8475	تدلى	verb	to hang down, to dangle, to droop
8476	شال	verb	to rise, to become elevated
8477	قشة	noun	straw
8478	حلاوة	noun	sweetness; sugar wax
8479	عادم	noun	waste, exhaust
8480	جندية	noun	servicewoman, female soldier
8481	ديلاوير	name	Delaware (the first state of the United States)
8482	عفا	verb	to obliterate, to eliminate the past mistakes
8483	آمون	name	Amun
8484	ريبة	noun	doubt, a state of uncertainty, unstable position on
8485	محرمة	noun	handkerchief
8486	يميني	adj	right (side, direction), right-hand
8487	مرونة	noun	verbal noun of مَرَنَ (marana) (form I)
8488	سائقة	noun	female equivalent of سائق
8489	ملحمة	noun	a place where meat is stored or sold; butcher's shop, meathouse
8490	فراق	noun	parting, separation
8491	دبور	noun	wasp, hornet
8492	صارخ	adj	gaudy; crude, coarse
8493	جرحى	adj	masculine plural of جَرِيح (jarīḥ)
8494	تلم	noun	furrow, streak
8495	صهر	verb	to smelt; to cook thoroughly, to broil
8496	سهيل	name	Canopus; a male given name, Suhayl or Souhail
8497	تشوق	verb	to long, to yearn, to crave
8498	ألمح	verb	to hint at, to speak obscurely
8499	اعتماد	noun	confidence, trust, base, fundament
8500	كمبوديا	name	alternative form of كَامْبُودِيَا (kambōdiyā, “Cambodia”)
8501	إغراق	noun	drowning (causing someone to drown)
8502	وحي	noun	revelation
8503	باء	verb	to return, to come back
8504	رسل	noun	plural of رَسُول (rasūl)
8505	تضيق	verb	to become narrowed, to become constricted
8506	قليلون	adj	masculine plural of قَلِيل (qalīl)
8507	كيوتو	name	Kyoto (the capital city of Kyoto Prefecture, Japan)
8508	ضال	adj	straying; roaming; astray; lost
8509	مصرع	noun	verbal noun of صُرِعَ (ṣuriʕa) (form I, uncertain)
8510	لثة	noun	gum, gingiva
8511	يونان	noun	Greeks
8512	طبلة	noun	drum
8513	أكف	noun	plural of كَفّ (kaff)
8514	رتل	verb	to be coordinated, well-organized, well-ordered
8515	خشونة	noun	roughness; crudeness
8516	عاج	noun	ivory
8517	تشبع	verb	to get saturated
8518	اشتغل	verb	to occupy oneself, to busy oneself
8519	انتقاد	noun	criticism
8520	عصف	verb	to blow, to blast, to gust
8521	صبح	noun	the time from sunrise to noon, morning
8522	زيا	verb	give the shape, form, costume of, to dress, clothe, costume
8523	عويص	adj	Difficult (as a substantive: a difficult thing, difficulty, distress)
8524	أجواء	noun	plural of جَوّ (jaww)
8525	اندفاع	noun	propulsion, expulsion
8526	جذام	noun	leprosy
8527	صل	verb	to clink, to jingle (of metal, glass, keys, etc.)
8528	وسواس	noun	temptation, insinuation
8529	أمعاء	noun	plural of مِعًى (miʕan, “gut, intestines”)
8530	اهتمامات	noun	plural of اِهْتِمَام (ihtimām)
8531	اطباء	noun	plural of طَبِيب (ṭabīb)
8532	هيهات	verb	it is far; it is impossible; no way
8533	مرموق	verb	passive participle of رَمَقَ (ramaqa)
8534	طليعة	noun	forefront, vanguard
8535	مسبب	noun	cause; instigator
8536	باه	verb	to have carnal knowledge of, to have sex with
8537	ياقوت	noun	ruby; sapphire
8538	ختام	noun	verbal noun of خَتَمَ (ḵatama) (form I)
8539	قداحة	noun	flint; lighter
8540	صبغ	verb	to dye, to pigmentate, to paint, to tincture
8541	لصف	noun	caper (Capparis gen. and especially Capparis spinosa, as well as the edible buds from it)
8542	استوعب	verb	to comprehend, to understand fully
8543	تصوري	adj	imaginary, fanciful, fictitious, unreal
8544	منبع	noun	source, origin; fountainhead, wellhead, springhead
8545	معاش	noun	livelihood, subsistence
8546	حقب	verb	to be delayed, withheld
8547	اختيارات	noun	plural of اِخْتِيَار (iḵtiyār)
8548	وسائد	noun	plural of وِسَادَة (wisāda)
8549	أردى	verb	to cause someone to fall, to knock down (into something/from something)
8550	خصيصة	noun	characteristic, peculiarity, feature, specificity
8551	جزيئي	adj	molecular
8552	صفيح	noun	thin plate, sheet, lamina
8553	كلك	noun	raft (of inflated skins)
8554	بطين	noun	ventricle
8555	مقاطعات	noun	plural of مُقَاطَعَة (muqāṭaʕa)
8556	لاأدري	noun	agnostic
8557	جلود	noun	plural of جِلْد (jild)
8558	نبش	verb	to disinter, to dig up, to claw up, to unearth
8559	إيراد	noun	bringing; offering a statement
8560	شهيد	noun	witness; martyr
8561	امتص	verb	to absorb, sip, lap up
8562	مستديرة	adj	feminine singular of مُسْتَدِير (mustadīr)
8563	غربية	adj	feminine singular of غَرْبِيّ (ḡarbiyy)
8564	خيرة	noun	elite, pick, prime
8565	منوم	adj	soporific; hypnotic
8566	موازنة	noun	balancing, equilibrium
8567	سمم	verb	to poison
8568	قشدة	noun	ream, cream
8569	نافعة	adj	feminine singular of نَافِع (nāfiʕ)
8570	وأب	verb	to contract, draw oneself together, shrink, be ashamed
8571	آذار	name	March, the 3th month of the Gregorian calendar
8572	كوستاريكا	name	Costa Rica (a country in Central America)
8573	ماسورة	noun	cane, reed; pipe, duct, conduit
8574	نبلاء	adj	plural of نَبِيل (nabīl)
8575	طالبات	noun	plural of طَالِبَة (ṭāliba)
8576	رجولي	adj	manly, masculine, virile
8577	تنافسي	adj	competitive
8578	متعمدة	adj	feminine singular of مُتَعَمَّد (mutaʕammad)
8579	أسواق	noun	plural of سُوق (sūq)
8580	أخوان	noun	nominative dual of أَخ (ʔaḵ)
8581	وزع	verb	to restrain, curb, keep back, hinder
8582	ناسفة	noun	explosive
8583	نجيب	adj	noble, illustrious, distinguished, whiz
8584	أطاع	verb	to obey; to submit, to yield, to accede
8585	مخلوط	adj	mixed
8586	سبانخ	noun	spinach
8587	شاحن	noun	charger (device that charges or recharges a battery)
8588	غرائز	noun	plural of غَرِيزَة (ḡarīza)
8589	جوابا	adv	as an answer, in reply to
8590	هذر	verb	to prattle, to talk foolishly
8591	أسواء	noun	plural of سُوء (sūʔ)
8592	عمرو	name	a male given name, Amr
8593	أحاديث	noun	plural of حَدِيث (ḥadīṯ)
8594	أدراج	noun	plural of دَرَج (daraj)
8595	بخاخ	noun	sprayer
8596	شقوق	noun	verbal noun of شَقَّ (šaqqa) (form I)
8597	مثانة	noun	urinary bladder
8598	ناصري	noun	Nasserist
8599	غربة	noun	A physical alienation from oneself
8600	امرئ	noun	indefinite singular genitive of اُمْرُؤٌ (umruʔun)
8601	أرقد	verb	to cause to sleep
8602	منتصب	adj	erect, sticking up, upright
8603	الخليل	name	Hebron (a city in the West Bank, Palestine)
8604	عقابي	adj	punitive, penal, disciplinary
8605	فسحة	noun	verbal noun of فَسُحَ (fasuḥa) (form I)
8606	إناس	name	alternative form of إِينَاس (ʔīnās)
8607	بعل	noun	husband; lord, master, owner, possessor
8608	هرة	noun	female equivalent of هِرّ (hirr, “cat”)
8609	بغية	noun	wish; desire
8610	مسلمة	noun	female equivalent of مُسْلِم (muslim)
8611	باطل	adj	false; vain
8612	بخس	verb	to belittle, debase
8613	عزز	verb	to reinforce
8614	أقزام	noun	plural of قَزَم (qazam)
8615	استهداف	noun	verbal noun of اِسْتَهْدَفَ (istahdafa) (form X)
8616	أصلى	verb	to heat, to warm, to make hot
8617	مجادلة	noun	argument
8618	ابتكر	verb	to innovate
8619	صفاء	noun	serenity
8620	نابض	adj	active participle of نَبَضَ (nabaḍa, “to pulsate, to spring”)
8621	هيليوم	noun	helium
8622	بوذي	adj	Buddhist
8623	فخري	adj	honorary (Given as an honor, with no duties attached, and without payment)
8624	الاحتلال	name	Israel
8625	ستمائة	num	six hundred
8626	ذوبان	noun	solution, melting (heating a solid until it becomes a liquid)
8627	بحت	adj	pure, unmixed, sheer
8628	إسطنبول	name	Istanbul (a major city and province of Turkey)
8629	خلاء	adj	free, independent
8630	أغلاق	noun	plural of غَلَق (ḡalaq)
8631	ضراء	noun	calamity, hurtful condition
8632	مواكبة	noun	keeping up; convoying, military escort
8633	نجل	verb	to be covered with vegetation
8634	منفضة	noun	ashtray
8635	عرقي	adj	ethnic, racial
8636	متماثل	adj	alike, equal; convalescent
8637	عزيمة	noun	determination
8638	أبونا	noun	genitive construct state of أَب
8639	رزق	noun	daily wage, livelihood, subsistence
8640	مقاوم	noun	resistor; resistance fighter
8641	توظف	verb	to have or get a job, hold or get appointed into office
8642	سهر	verb	to stay up late, to be wakeful by night
8643	أصوب	adj	more/most right
8644	رشد	verb	to go the right way, to follow the right course
8645	صالحون	adj	masculine plural of صَالِح (ṣāliḥ)
8646	غذى	verb	to feed, to nourish
8647	فوه	noun	singular of أَفَاوِيه (ʔafāwīh)
8648	تصاريح	noun	plural of تَصْرِيح (taṣrīḥ)
8649	حشر	verb	to gather, to assemble, to unite (transitive)
8650	نزلة	noun	instance noun of نَزَلَ (nazala), stopping, landing
8651	نيجيريا	name	Nigeria (a country in Africa)
8652	سبورة	noun	slate
8653	بلال	name	a male given name, Bilal
8654	بليغ	adj	eloquent; intense, deep (impression)
8655	رشاد	noun	entering on the right road
8656	غلاية	noun	water boiler, kettle
8657	ملحمي	adj	epic (related to epic)
8658	اللائي	pron	feminine plural of اَلَّذِي (allaḏī, “who, that, which”)
8659	تعميم	noun	generalization, generalizing, mainstreaming, universalization
8660	هذيان	noun	delirium, confusion, hallucination
8661	ثار	verb	to stir and rise, to rise and spread, to leap up, to rush, to attack, to flow up
8662	غل	verb	to insert, to join together
8663	مذاكرة	noun	any exchange of ideas, views, etc.
8664	كورية	noun	female equivalent of كُورِيّ (kūriyy)
8665	قرى	verb	to receive or treat as a guest, to entertain, to feed in hospitality
8666	كونية	adj	feminine singular of كَوْنِيّ (kawniyy)
8667	صراصير	noun	plural of صُرْصُور (ṣurṣūr)
8668	عبوس	noun	verbal noun of عَبَسَ (ʕabasa) (form I)
8669	مؤدب	adj	well-bred, well-mannered, civil, urbane
8670	كاتدرائية	noun	cathedral
8671	فقم	verb	to become full, to reach a state of overstuffing; to protrude
8672	آوى	verb	to seek shelter, to seek refuge
8673	جرع	verb	to swallow, gulp, devour
8674	إرشاد	noun	guidance; direction in the right way
8675	وبش	noun	rabble, riffraff
8676	قرارة	noun	bottom, low ground, depression
8677	فكاهي	adj	humorous, funny, amusing
8678	شيأ	verb	to objectify
8679	صين	noun	only used in الصِّين (aṣ-ṣīn, “China”)
8680	مؤبد	verb	active participle of أَبَّدَ (ʔabbada)
8681	اصطاد	verb	to hunt, to catch, to fish
8682	إحراز	noun	acquisition, winning
8683	غمي	verb	for there to be a fainting [with عَلَى
8684	تلفظ	verb	to articulate, to enunciate
8685	توهم	verb	to fancy, to envisage
8686	ابتلاع	noun	verbal noun of اِبْتَلَعَ (ibtalaʕa) (form VIII)
8687	حاشية	noun	edge, rim, border
8688	حامد	adj	praising
8689	تخويف	noun	verbal noun of خَوَّفَ (ḵawwafa) (form II)
8690	أصلب	adj	elative degree of صُلْب (ṣulb)
8691	فانوس	noun	lantern
8692	توبة	noun	instance noun of تَابَ (tāba)
8693	تنعم	verb	to enjoy a pleasant, soft or easy life with ampleness of means of subsistence
8694	فضائح	noun	plural of فَضِيحَة (faḍīḥa)
8695	ملتقى	noun	gathering place, congregation, forum, assemblage
8696	سلاحف	noun	plural of سُلَحْفَاة (sulaḥfāh)
8697	داهية	noun	calamity, disaster, catastrophe
8698	مديرية	noun	mudiriyah: an administrative subdivision
8699	ضأن	noun	sheep
8700	نصوص	noun	plural of نَصّ (naṣṣ)
8701	استجاب	verb	to respond; to hear, to answer (to prayer), to grant (a request)
8702	آيوا	name	Iowa (a state in the Midwestern region of the United States)
8703	يل	verb	to have short, clustered, inwards-pointing teeth
8704	مشيمة	noun	a sac that encloses the embryo or the fetus during gestation
8705	ورن	noun	alternative form of وَرَل (waral)
8706	وخم	verb	to suffer indigestion, to be troubled with glut
8707	صيدلي	noun	pharmacist, apothecary
8708	تقامر	verb	to gamble with one another
8709	حيض	noun	menstruation
8710	أفواه	noun	plural of فَم (fam)
8711	جوعى	adj	feminine singular of جَوْعَان (jawʕān)
8712	نسوي	adj	feminine, womanly
8713	تطاير	verb	to be scattered, to disappear, to disperse, to fly apart
8714	استقبل	verb	to receive (a person, radio broadcast, etc.)
8715	أهمل	verb	to neglect; to omit
8716	تدنيس	noun	sacrilege, desecration, defilement
8717	كوليرا	noun	cholera
8718	جسور	adj	bold, daring; courageous
8719	حذاري	verb	misspelling of حَذَارِ (ḥaḏāri)
8720	لطافة	noun	thinness, fineness, delicacy
8721	دنيوي	adj	worldly
8722	برغوث	noun	flea
8723	وقعة	noun	fall, push, blow, drop, tumble
8724	اطير	verb	alternative form of تَطَيَّرَ (taṭayyara)
8725	جوهري	adj	essential; substantial
8726	اقتصاد	noun	economy (“frugal use of resources”)
8727	سماحة	noun	verbal noun of سَمُحَ (samuḥa) (form I)
8728	قاب	verb	to dig (a hole, etc.)
8729	آباد	noun	plural of أَبَد (ʔabad)
8730	محاذاة	noun	alignment
8731	ربان	noun	captain, pilot (the man in charge of a ship, yore and today, and also of aircraft)
8732	تودد	verb	to seek someone's attention, respect, to court, flirt
8733	معاصر	adj	contemporary, contemporaneous
8734	مرعى	noun	grassland, pasture
8735	تسهيل	noun	facilitation; providing
8736	ألسنة	noun	plural of لِسَان (lisān)
8737	أعدل	adj	elative degree of عَادِل (ʕādil), elative degree of عَدْل (ʕadl)
8738	مكتشف	noun	discoverer
8739	اغتصب	verb	to take by force, to rape
8740	هلال	noun	crescent, crescent moon
8741	تدحرج	verb	to roll; to tumble
8742	مسعور	adj	crazy; rabid
8743	مرساة	noun	anchor
8744	هايتي	name	Haiti (a country in the Caribbean)
8745	عقيم	adj	infertile, unproductive
8746	افتتاحية	noun	an editorial, a leading article; ellipsis of مَقَالَة افْتِتَاحِيَّة (maqāla ftitāḥiyya)
8747	ميمنة	noun	right side, right hand
8748	طيارة	noun	airplane
8749	أسطوانات	noun	plural of أُسْطُوَانَة (ʔusṭuwāna)
8750	ضياء	noun	gleam, illumination, luminance, brightness, brilliance
8751	منصفة	noun	female equivalent of مُنْصِف (munṣif)
8752	أركن	noun	plural of رُكْن (rukn)
8753	تعشى	verb	to dine, to have dinner
8754	نبتون	name	Neptune (planet)
8755	ندا	verb	to call; to invite
8756	خلاط	noun	verbal noun of خَالَطَ (ḵālaṭa) (form III)
8757	ماجور	noun	vat
8758	انتقم	verb	to take revenge
8759	تونس	name	Tunisia (a country in North Africa)
8760	دس	verb	to hide, to abscond, to secrete, to conceal, to bury
8761	بيبسي	noun	Pepsi
8762	أرم	noun	Aram (a Biblical region located in modern Syria)
8763	اكتساب	noun	earning, gaining, acquiring
8764	بيدق	noun	pawn
8765	نواب	noun	plural of نَائِب (nāʔib)
8766	إنصاف	noun	fairness, impartiality, justice, equity, evenhandedness
8767	هولندي	adj	Netherlandish, Dutch
8768	يه	adv	aye, yes
8769	حسام	noun	sharp sabre, sword
8770	بوسان	name	Busan (a city in South Korea)
8771	مغناطيسية	noun	magnetism
8772	ملاعب	noun	plural of مَلْعَب (malʕab)
8773	افتراضي	adj	hypothetical; virtual
8774	نفحة	noun	instance noun of نَفْح (nafḥ)
8775	فحل	noun	stallion, he-camel
8776	قرنبيط	noun	cauliflower (Brassica oleracea var. botrytis)
8777	موصول	adj	connected, linked, attached
8778	تشوش	verb	to get confused, chaotic, disordered, disturbed, puzzled
8779	معدلة	noun	verbal noun of عَدَلَ (ʕadala) (form I)
8780	أخلق	adj	elative degree of خَلِيق (ḵalīq)
8781	شريطة	noun	chevron; condition
8782	محاربون	noun	plural of مُحَارِب (muḥārib)
8783	قندهار	name	Kandahar (the capital city of Kandahar Province, Afghanistan)
8784	كميل	name	a male given name, Kamil or Kameel
8785	مسكونة	noun	the inhabited world
8786	زبالة	noun	refuse, rubbish, garbage, trash
8787	إنارة	noun	verbal noun of أَنَارَ (ʔanāra) (form IV)
8788	مصيب	adj	that which hits the mark
8789	مقابر	noun	plural of مَقْبَرَة (maqbara)
8790	اقترف	verb	to commit, to perpetrate
8791	اختبر	verb	to test, to examine, to try
8792	تسلب	verb	to put on mourning attire
8793	فقرات	noun	plural of فِقْرَة (fiqra)
8794	تونج	noun	alternative form of تُوج (tūj, “bronze”)
8795	اكتئاب	noun	depression, despondency
8796	تقوى	noun	the causing of oneself to be wary or aware
8797	تجر	verb	to trade, to traffic, to practice commerce
8798	متفرق	adj	scattered, sporadic, intermittent
8799	متابع	adj	active participle of تَابَعَ (tābaʕa)
8800	طوعا	adv	willingly, voluntarily
8801	مزج	verb	to mix, to blend (بِـ (bi-) with)
8802	أفلس	verb	to fail financially
8803	سميرة	adj	feminine singular of سَمِير (samīr)
8804	التفاف	noun	verbal noun of اِلْتَفَّ (iltaffa) (form VIII)
8805	سكك	noun	plural of سِكَّة (sikka)
8806	تحفل	verb	to engorge
8807	تجسيد	noun	verbal noun of جَسَّدَ (jassada) (form II)
8808	مرجان	noun	small pearls; corals
8809	وعدة	noun	promise, vow
8810	شابات	noun	plural of شَابَّة (šābba)
8811	تلقيح	noun	impregnation, fertilization
8812	كتوم	adj	secretive, concealing, discreet, reticent
8813	زكام	noun	common cold, cold
8814	بردة	noun	alternative form of بُرْد (burd, “a kind of outer garment”)
8815	أخشن	adj	elative degree of خَشِن (ḵašin)
8816	قوت	noun	food
8817	فخار	noun	pottery, earthenware
8818	لطفا	adv	kindly, please
8819	خزف	noun	earthenware, ceramic, pottery
8820	ممرضات	noun	plural of مُمَرِّضَة (mumarriḍa)
8821	نعومة	noun	softness, smoothness, delicacy, clemency
8822	إبر	noun	plural of إِبْرَة (ʔibra)
8823	صك	noun	check (finances)
8824	لحاء	noun	bark, rind; bast
8825	خوارزمية	noun	algorithm
8826	ترسانة	noun	shipyard; arsenal, armory
8827	كنه	noun	core, essence, substance, true nature
8828	قرفصاء	noun	squat, squatting
8829	نيام	noun	verbal noun of نَامَ (nāma) (form I)
8830	كفر	verb	to disbelieve (in), to close oneself off to
8831	عناكب	noun	plural of عَنْكَبُوت (ʕankabūt)
8832	متكبر	adj	arrogant, haughty, conceited, pompous, proud
8833	هوادة	noun	mildness, clemency, forbearance, leniency
8834	جغرافيا	noun	geography
8835	كسل	noun	laziness, indolence
8836	هياكل	noun	plural of هَيْكَل (haykal)
8837	أكمام	noun	plural of كُمّ (kumm)
8838	تعانق	verb	to hug one another
8839	مصدق	adj	approved; certified, attested, authenticated, ratified, sanctioned, legalized, reliable, credible
8840	أتلف	verb	to cause to become rotten
8841	ديث	verb	to make submissive, to make compliant, to cuck, to tame, to supple
8842	دنيء	adj	low, mean, vile, despicable
8843	فؤاد	noun	heart
8844	كتان	noun	flax; linen
8845	براق	adj	shining; lustrous
8846	أبكى	verb	to make (someone) weep
8847	سمان	noun	quail (Coturnix coturnix)
8848	سهول	noun	plural of سَهْل (sahl)
8849	راسب	noun	sludge, dregs, sediment
8850	بلوتونيوم	noun	plutonium
8851	محاكم	noun	plural of مَحْكَمَة (maḥkama)
8852	ترحيل	noun	verbal noun of رَحَّلَ (raḥḥala) (form II)
8853	غارفيلد	name	a transliteration of the English surname Garfield
8854	البوسنة	name	Bosnia; Bosnia (a country in southeastern Europe; in full, Bosnia and Herzegovina)
8855	مأكولات	noun	plural of مَأْكُول (maʔkūl): foodstuffs, dishes
8856	اختنق	verb	to be choked, to be strangled
8857	حصريا	adv	exclusively
8858	إخطار	noun	notification, warning, alarm
8859	حنا	verb	to bend, to curve
8860	هزيل	adj	insignificant, scanty, poor, inconsiderable
8861	عراف	noun	diviner, fortuneteller
8862	ض	symbol	The twenty-sixth numeral symbol of the Arabic alphabet
8863	تهاوى	verb	to fall altogether or one on top of the other
8864	اطرد	verb	to run on continuously
8865	غواتيمالا	name	Guatemala (a country in northern Central America)
8866	السلفادور	name	El Salvador (a country in Central America)
8867	ثريا	noun	chandelier
8868	أخطار	noun	plural of خَطَر (ḵaṭar)
8869	سامية	adj	feminine singular of سَامٍ (sāmin, “high, elevated”)
8870	مواسم	noun	plural of مَوْسِم (mawsim)
8871	ملمس	noun	texture
8872	مودة	noun	deep, strong love, affection and concord shown to someone or something
8873	تلوين	noun	coloring
8874	رنا	verb	to listen carefully
8875	فاصوليا	noun	alternative form of فَاصُولِيَاء (fāṣūliyāʔ, “haricot bean”)
8876	مرتاب	adj	active participle of اِرْتَابَ (irtāba)
8877	مضروب	adj	struck, hit, beaten
8878	سمعي	adj	of or relating to hearing; auditory.
8879	دربي	name	Derby (a city and unitary authority in Derbyshire in the East Midlands, England)
8880	مزدهرة	adj	feminine singular of مُزْدَهِر (muzdahir)
8881	أصهب	adj	of a color that is a mix of yellow and red; yellow-red or brownish-red; rufous
8882	يابان	name	only used in اليَابَان (al-yābān, “Japan”)
8883	لعن	noun	damnation, imprecation
8884	معانقة	noun	embrace
8885	تفصح	verb	to speak, want to speak, attempt to speak fluently/eloquently
8886	ولع	verb	to lighten, to alleviate, to lift
8887	اختبأ	verb	to hide
8888	سبل	noun	plural of سَبِيل (sabīl)
8889	عوائل	noun	plural of عَائِلَة (ʕāʔila)
8890	تسابق	verb	to race one another
8891	أمريكيون	adj	masculine plural of أَمْرِيكِيّ (ʔamrīkiyy)
8892	تصعيد	noun	escalation
8893	خصب	verb	to be fertile, to be fruitful
8894	ألذ	adj	elative degree of لَذِيذ (laḏīḏ)
8895	مضبوطة	adj	feminine singular of مَضْبُوط (maḍbūṭ)
8896	تفرقة	noun	separation, division, dispersal (being or becoming separate)
8897	إقبال	noun	approach; arrival
8898	استنساخ	noun	cloning
8899	اشتم	verb	to smell, to apperceive through the nose, to sniff
8900	زهرية	noun	vase, flowerpot
8901	زنا	noun	alternative form of زِنَاء (zināʔ)
8902	جراب	noun	pouch, sack, case, sheath, holster, etc.
8903	لوازم	noun	plural of لَازِمَة (lāzima)
8904	كباب	noun	kebab
8905	أرمل	noun	widower
8906	أقفاص	noun	plural of قَفَص (qafaṣ)
8907	نهد	noun	breast
8908	اتجاهات	noun	plural of اِتِّجَاه (ittijāh)
8909	بربري	adj	Berber; uncivilized, wild
8910	أفرط	verb	to be excessive, to be extravagant, to exaggerate
8911	بليز	name	Belize (an English-speaking country in Central America, formerly called British Honduras)
8912	معطيات	noun	plural of مُعْطًى (muʕṭan)
8913	طوابع	noun	plural of طَابَع (ṭābaʕ)
8914	سفح	verb	to pour, to flow
8915	محامون	noun	plural of مُحَامٍ (muḥāmin)
8916	رهبة	noun	fear, terror, alarm
8917	مغمور	adj	unknown, fameless, unrenowned (of a person)
8918	خرافات	noun	plural of خُرَافَة (ḵurāfa)
8919	طوع	noun	obedience; voluntariness, spontaneity
8920	فردة	adj	feminine singular of فَرْد (fard)
8921	سقطة	noun	a fall, a tumble; an instance of falling
8922	الإسكندر	name	Alexander
8923	فاض	verb	to overflow, to run over
8924	سليل	noun	descendant, offshoot
8925	هيجان	noun	agitation, frenzy, outburst
8926	عجائز	noun	plural of عَجُوز (ʕajūz)
8927	شرع	verb	to prescribe a road to walk upon or a law to follow, to lead, to give laws
8928	ناسك	noun	ascetic
8929	تشخيصي	adj	diagnostical
8930	الشاش	name	Chach
8931	عجيل	adj	fast, quick
8932	أمشى	verb	to make or let (someone) walk
8933	لباقة	noun	tact
8934	مشقة	noun	hardship, difficulty, discomfort, trouble, exertion
8935	تألف	verb	to be composed of, to consist of
8936	مرشحين	noun	plural of مُرَشَّح (muraššaḥ)
8937	معاينة	noun	verbal noun of عَايَنَ (ʕāyana) (form III)
8938	مصفوفة	noun	matrix; matrix, array, table
8939	حبيس	adj	imprisoned, restrained, secluded, limited
