rank	word	pos	en
1	να	particle	added before the dependent or present verb forms to form the different subjunctive moods
2	το	article	the — with neuter nouns (το βιβλίο); it, as an object before the verb (το ξέρω)
3	δεν	particle	not — comes before the verb, in front of any object pronoun (δεν το ξέρω — I don't know it)
4	είναι	verb	he is, she is, it is; they are — the third person of είμαι, to be
5	θα	particle	added before the present verb forms to form the continuous or imperfective future tense
6	και	conj	and; also
7	μου	pron	of me; my
8	με	prep	with; by
9	για	prep	for; for, by
10	ο	article	the definite masculine singular article. the
11	την	article	the — feminine, as object (την πόρτα); her, it, before the verb (την ξέρω)
12	η	article	the — feminine, as subject (η πόρτα — the door)
13	τον	article	the — masculine, as object (τον δρόμο); him, before the verb (τον ξέρω)
14	τα	article	the — with neuter plurals (τα παιδιά); them, before the verb (τα βλέπω)
15	που	conj	that
16	σου	pron	you; your
17	σε	pron	you (2nd person singular, accusative)
18	αυτό	pron	this, this one; it; that — the neuter form, for a thing or a whole idea
19	του	article	of the — masculine and neuter; his, its; to him (ο φίλος του — his friend)
20	τι	pron	what?; how, what
21	ότι	conj	that; because, for
22	από	prep	from; from, at, by, since
23	στο	contraction	contraction of σε (se) + το (to), literally “to the”
24	της	article	of the — feminine; her; to her (η φίλη της — her friend)
25	όχι	adv	no (in reply); not (before a word or phrase — verbs take δεν)
26	ναι	intj	yes; yes, that's right — the everyday yes (μάλιστα is the formal one)
27	ένα	article	a, an; masculine accusative of ένας (énas)
28	τη	article	the — feminine, as object; her — the form of την used before most consonants
29	αν	conj	if; whether
30	αλλά	conj	but; however, yet — joins two contrasting clauses
31	μια	article	a, an — with feminine nouns (μια πόρτα); one, when you are counting
32	εδώ	adv	here
33	σας	pron	your (2nd person plural, genitive)
34	τους	article	the — masculine plural, as object (τους δρόμους); them, to them; their (το σπίτι τους — their house)
35	ήταν	verb	he was, she was, it was; they were — the past of είμαι, to be
36	μας	pron	our (1st person plural, genitive)
37	πρέπει	verb	to be fit for, to be worthy of, deserve
38	είσαι	verb	you are — one person, informally; είστε is the plural and the polite form
39	είμαι	verb	to be; there is, there are, to exist
40	οι	article	the — with masculine and feminine plurals, as subject (οι φίλοι, οι πόρτες)
41	στην	contraction	contraction of σε (se) + την (tin), literally “to the” with final [n] before vowels and consonants ⟨ κ π τ ψ ξ γκ μπ ντ ⟩
42	πολύ	adv	very (πολύ καλά — very well); much, a lot (μου αρέσει πολύ — I like it a lot)
43	κι	conj	and — και shortened before a vowel (κι εγώ — and I, me too)
44	γιατί	adv	why? (asking); because (answering) — the same word does both
45	πως	conj	that (introducing a clause)
46	τώρα	adv	now, right now; nowadays, these days; τώρα που — now that
47	εγώ	pron	I — Greek drops it unless you are stressing who (κι εγώ — me too)
48	εντάξει	adv	OK, all right, in order
49	κάτι	pron	something
50	έχει	verb	he has, she has, it has; there is, there are (έχει κόσμο — there are people)
51	ξέρω	verb	to know of, be familiar with (a fact, a person or a language)
52	τις	article	the — feminine plural, as object (τις πόρτες); them (τις βλέπω)
53	έχω	verb	to have/hold, in the sense of holding
54	δε	conj	on the other hand used together with μεν (men)
55	μην	particle	not; non
56	έτσι	adv	thus; like this; like that
57	εσύ	pron	you, thou
58	καλά	adj	neuter nominative/accusative/vocative plural of καλός (kalós)
59	αυτή	det	"nominative/accusative/vocative feminine singular of αυτός (aftós) (""this"")"
60	θέλω	verb	to want, desire, will
61	όταν	conj	when, while, during, whenever, if
62	στον	contraction	contraction of σε (se) + τον (ton), literally “to the”
63	στη	contraction	contraction of σε (se) + τη (ti), literally “to the”, form of στην (stin) without final [n] before consonants < β δ θ φ χ λ ρ σ ζ γ μ ν > but not before <γκ, μπ, ντ>
64	μπορώ	verb	I can, be able; I may
65	ξέρεις	verb	θα ξέρεις: second-person singular imperfective future of ξέρω (xéro)
66	έχεις	verb	"second-person singular present of έχω (écho): ""you have"""
67	κάνεις	verb	θα κάνεις: second-person singular perfective future of κάνω (káno)
68	μόνο	adv	only; just
69	μαζί	adv	together, with (takes the genitive case)
70	εκεί	adv	there
71	σαν	prep	like, as, as if
72	όλα	pron	everything
73	τίποτα	pron	nothing; something, anything, any
74	σ	num	The number 200 in Greek numerals.
75	ευχαριστώ	intj	thank you!, thanks! (first-person singular of verb)
76	ή	conj	or; either … or
77	πώς	adv	how (in what way or manner; in what state; to what extent)
78	κάνω	verb	to do; to make
79	απ	intj	(for sudden, unexpected movement, or when taking someone by surprise)
80	τόσο	adv	so, such, so much
81	μπορεί	verb	may
82	κάνει	verb	third-person singular present of κάνω (káno)
83	ποτέ	adv	ever; at any time
84	απλά	adv	simply
85	αυτά	det	"nominative/accusative/vocative neuter plural of αυτός (aftós) (""these"")"
86	των	article	masculine/feminine/neuter genitive plural of ο (o, “the”)
87	έλα	verb	"second-person singular perfective imperative of έρχομαι (érchomai): ""Come!"""
88	λοιπόν	conj	so, therefore, right, well, then (introduces a logical conclusion)
89	στα	contraction	contraction of σε (se) + τα (ta), literally “to the”
90	υπάρχει	verb	third-person singular present of υπάρχω (ypárcho)
91	ακόμα	adv	yet, still; more, remaining, other
92	μπορείς	verb	second-person singular present of μπορώ (boró)
93	μέσα	adj	neuter nominative/accusative/vocative plural of μέσος (mésos)
94	πάμε	verb	first-person plural present of πάω (páo)
95	σπίτι	noun	house, home (structure built or serving as an abode of human beings)
96	αυτός	det	this (masculine singular, nominative)
97	τότε	adv	then; therefore
98	πιο	adv	more
99	ίσως	adv	might, may, perhaps, maybe (expressing possibility)
100	έχουμε	verb	first-person plural present of έχω (écho)
101	γι	prep	misspelling of γι’ (gi’), contraction of για (gia)
102	παρακαλώ	intj	please; you're welcome, it's nothing (response to being thanked)
103	ένας	article	a, an
104	κύριε	noun	vocative singular of κύριος (kýrios)
105	πού	adv	where
106	πριν	adv	ago; before
107	μετά	adv	afterwards, later
108	νομίζω	verb	to think, consider, opine
109	είμαστε	verb	first-person plural present of είμαι (eímai)
110	πάντα	adv	always
111	πω	verb	first-person singular dependent of λέω (léo)
112	πίσω	adv	behind, back
113	γεια	intj	hi, hello; bye
114	λίγο	adj	accusative masculine singular of λίγος (lígos)
115	όπως	adv	as, like, however
116	δουλειά	noun	employment, work, job
117	αλήθεια	adv	really, truly; by the way
118	ποιος	pron	who; which
119	δύο	num	two
120	είπε	verb	"third-person singular simple past of λέω (léo): ""he, she or it said"""
121	όλοι	adj	nominative/vocative masculine plural of όλος (ólos)
122	δω	verb	first-person singular dependent of βλέπω (vlépo)
123	είχε	verb	"third-person singular imperfect of έχω (écho): ""he/she/it had"""
124	ας	particle	added before the dependent or present verb forms to form the hortative and jussive moods
125	έναν	article	accusative masculine of ένας (énas) (a, an)
126	λες	verb	"second-person singular present of λέω (léo): ""you say"""
127	παιδιά	noun	childish play, fun, sport, game
128	άλλο	adv	any more, anymore
129	θέλεις	verb	second-person singular present of θέλω (thélo)
130	ζωή	noun	life; lifetime
131	κάνουμε	verb	first-person plural present of κάνω (káno)
132	πάω	verb	to go, attend; to go, elapse (for a time)
133	μ	symbol	meter (metre), the unit of length in the International System of Units
134	μη	particle	not; non
135	έξω	adv	out, outside
136	καλό	adj	masculine accusative singular
137	είπα	verb	"first-person singular simple past of λέω (léo): ""I said"""
138	μία	article	nominative/accusative of ένας (énas, “a, an”)
139	έχουν	verb	"third-person plural present indicative of έχω (écho): ""they have"""
140	επειδή	conj	for, because
141	ήμουν	verb	"first-person singular imperfect of είμαι (eímai): ""I was"""
142	μέχρι	prep	introduces a limit
143	στις	contraction	contraction of σε (se) + τις (tis), literally “to the”
144	έπρεπε	verb	third-person singular imperfect active indicative of πρέπει (prépei)
145	κοίτα	verb	"second-person singular perfective imperative of κοιτάω (koitáo): ""Look!"""
146	ώρα	noun	hour (¹⁄₂₄ of a day)
147	πάνω	adv	above, on, up, upstairs
148	μένα	pron	me (1st person singular, accusative)
149	φορά	noun	time (instance or occurrence)
150	χρόνια	noun	days, years, time, ages
151	σένα	pron	you (2nd person singular, accusative)
152	είστε	verb	"second-person plural present of είμαι (eímai): ""you are"""
153	ήθελα	verb	first-person singular imperfect of θέλω (thélo)
154	ούτε	conj	neither, nor; neither … nor
155	σωστά	adj	nominative neuter plural of σωστός (sostós)
156	μα	conj	but
157	ωραία	adj	nominative/accusative/vocative feminine singular of ωραίος (oraíos)
158	όμως	conj	however, but, although, though, still, yet
159	κάποιος	pron	someone, somebody (substantivally; as a pronoun)
160	κάθε	pron	every, each; any
161	πράγματα	noun	nominative/accusative/vocative plural of πράγμα (prágma)
162	πες	verb	"second-person singular perfective imperative of λέω (léo): ""say!"""
163	είχα	verb	"first-person singular imperfect of έχω (écho): ""I had"""
164	καλή	adj	feminine nominative/accusative/vocative singular of καλός (kalós)
165	χωρίς	prep	without, -less, -free
166	μέρα	noun	day; hours of daylight
167	κάτω	adv	down; below, beneath
168	γυναίκα	noun	woman; wife
169	μπορούμε	verb	first-person plural present of μπορώ (boró)
170	μόλις	adv	barely; just
171	κανείς	pron	nominative masculine of κανένας (kanénas)
172	θες	verb	second-person singular present of θέλω (thélo)
173	έκανε	verb	third-person singular imperfect of κάνω (káno)
174	μαμά	noun	mom, mum, ma; a vehicle with unmodified factory-built equipment.
175	ακριβώς	adv	exactly, precisely
176	καλύτερα	adj	nominative/accusative/vocative neuter plural of καλύτερος (kalýteros)
177	αυτόν	pron	accusative masculine singular of αυτός (aftós, “this”)
178	πάει	verb	third-person singular present of πάω (páo)
179	σήμερα	adv	today
180	αρέσει	verb	third-person singular present of αρέσω (aréso)
181	θέλει	verb	third-person singular present of θέλω (thélo)
182	λέει	verb	"third-person singular present of λέω (léo): ""he, she or it says"""
183	πόσο	adv	how much, how many
184	συγγνώμη	intj	sorry (an apology)
185	έκανα	verb	first-person singular simple past of κάνω (káno)
186	φαίνεται	verb	third-person singular present of φαίνομαι (faínomai)
187	θεέ	noun	vocative singular of θεός (theós)
188	φυσικά	adv	naturally (by natural means)
189	λυπάμαι	verb	to be sorry; to feel sorry for, to pity, to take pity on
190	μέρος	noun	part (a fraction of a whole)
191	συμβαίνει	verb	to happen, to occur, to take place
192	έγινε	verb	third-person singular simple past of γίνομαι (gínomai)
193	πας	det	every, any; whole, all
194	εμένα	pron	me (1st person singular, accusative)
195	πεις	verb	second-person singular dependent of λέω (léo)
196	πολλά	adj	nominative neuter plural of πολύς (polýs)
197	δυο	num	two
198	όσο	pron	accusative masculine singular of όσος (ósos)
199	στιγμή	noun	moment, instant, jiffy
200	κάποιον	pron	accusative masculine singular of κάποιος (kápoios) (when used as a pronoun)
201	λάθος	noun	error, mistake
202	οπότε	conj	so; therefore, consequently
203	πράγμα	noun	thing, entity, object
204	έχετε	verb	"second-person plural present indicative of έχω (écho): ""you have"""
205	χρόνο	noun	accusative singular of χρόνος (chrónos)
206	είπες	verb	"second-person singular simple past of λέω (léo): ""you said"""
207	ω	num	The number 800 in Greek numerals.
208	ε	intj	hey, oi (said to get someone's attention)
209	γίνει	verb	third-person singular dependent of γίνομαι (gínomai)
210	εσένα	pron	you (2nd person singular, accusative)
211	κάποια	pron	nominative/accusative/vocative feminine singular of κάποιος (kápoios)
212	ως	adv	as
213	περίμενε	verb	third-person singular imperfect of περιμένω (periméno)
214	πρόβλημα	noun	problem, complicated question or subject
215	παιδί	noun	child; kid
216	ήσουν	verb	"second-person singular imperfect of είμαι (eímai): ""you were"""
217	απο	name	alternative form of Α.Π.Ο. (A.P.O.)
218	πραγματικά	adv	really, truly
219	πάλι	adv	again; on the other hand
220	άλλη	pron	nominative/accusative/vocative feminine singular of άλλος (állos)
221	έκανες	verb	second-person singular imperfect of κάνω (káno)
222	οχι	adv	misspelling of όχι (óchi)
223	όλο	adv	always, constantly, nonstop
224	χρειάζεται	verb	also as (impersonal): it is needed
225	βλέπω	verb	to see, watch, look at
226	μητέρα	noun	mother; mother (the first example of something)
227	υπάρχουν	verb	third-person plural present of υπάρχω (ypárcho)
228	πιστεύω	verb	to believe; to believe in, to be a believer
229	κυρία	noun	madam; lady
230	δικό	pron	accusative masculine singular of δικός (dikós)
231	ίδιο	adj	masculine accusative singular
232	φίλε	adj	vocative masculine singular of φίλος (fílos)
233	γρήγορα	adv	quickly, fast; soon
234	στους	contraction	contraction of σε (se) + τους (tous), literally “to the”
235	πάρει	verb	third-person singular dependent of παίρνω (paírno)
236	σίγουρα	adv	certainly, inescapably, inevitably, unavoidably
237	πάρω	verb	first-person singular dependent of παίρνω (paírno)
238	αρκετά	adv	enough; quite
239	μπαμπά	noun	genitive/accusative/vocative singular of μπαμπάς (bampás)
240	ιδέα	noun	idea, concept, notion (model in the mind or intellect)
241	όλη	adj	nominative/accusative/vocative feminine singular of όλος (ólos)
242	εσείς	pron	you (2nd person plural, nominative)
243	λένε	verb	"third-person plural present of λέω (léo): ""they say"""
244	λεφτά	noun	money, cash; wealth, financial estate
245	γίνεται	verb	third-person singular present
246	νέα	adj	nominative/accusative/vocative feminine singular of νέος (néos)
247	δει	verb	active nonfinite form of βλέπω (vlépo)
248	λέω	verb	to say, tell; to discuss, converse
249	ξέρει	verb	third-person singular present of ξέρω (xéro)
250	πήγαινε	verb	third-person singular imperfect of πηγαίνω
251	ποιο	pron	neuter nominative/accusative singular of ποιος (poios, “who; which”)
252	νομίζεις	verb	second-person singular present of νομίζω (nomízo)
253	φορές	noun	nominative plural of φορά (forá)
254	μάλλον	adv	rather; rather, more precisely
255	κ.	noun	Mr, Mr.
256	ήδη	adv	already (prior to some time)
257	είδα	verb	"first-person singular simple past of βλέπω (vlépo): ""I saw"""
258	σημαίνει	verb	third-person singular present of σημαίνω (simaíno)
259	εμείς	pron	we (1st person plural, nominative)
260	ακόμη	adv	yet, still; more, remaining, other
261	όλους	adj	accusative masculine plural of όλος (ólos)
262	ποια	pron	feminine nominative/accusative singular
263	πατέρας	noun	father; a male parent
264	κάνουν	verb	θα κάνουν: third-person plural perfective future of κάνω (káno)
265	καιρό	noun	accusative singular of καιρός (kairós)
266	προς	prep	towards, toward, to
267	εκτός	adv	except; out, outside
268	κόσμο	noun	accusative singular of κόσμος (kósmos)
269	βράδυ	adv	at night, by night, nightly
270	μωρό	adj	neuter nominative/accusative/vocative singular
271	συγνώμη	intj	colloquial form of συγγνώμη (syngnómi)
272	όνομα	noun	name; name, reputation
273	πατέρα	noun	genitive/accusative/vocative singular of πατέρας (patéras)
274	βλέπεις	verb	"second-person singular present of βλέπω (vlépo): ""you see"""
275	χαρά	noun	joy; pleasure
276	αύριο	adv	tomorrow
277	μπορούσα	verb	"first-person singular imperfect of μπορώ (boró): ""I could, I was able to"""
278	σταμάτα	verb	second-person singular present imperfective imperative of σταματάω
279	μπορείτε	verb	second-person plural present of μπορώ (boró, “to be able to”)
280	μόνος	adj	solitary, alone
281	αυτές	det	nominative/accusative/vocative feminine plural of αυτός (aftós, “these”)
282	πει	verb	active nonfinite form of λέω (léo)
283	νόμιζα	verb	"first-person singular imperfect of νομίζω (nomízo): ""I was thinking"""
284	αγάπη	noun	love (affection, liking, attraction)
285	πρόκειται	verb	it's about, it concerns
286	τελευταία	adj	nominative/accusative/vocative feminine singular of τελευταίος (teleftaíos)
287	άνθρωποι	noun	nominative/vocative plural of άνθρωπος (ánthropos)
288	πρώτη	adj	feminine nominative/accusative/vocative singular of πρώτος (prótos)
289	μεγάλη	adj	feminine nominative/accusative/vocative singular of μεγάλος (megálos)
290	ν	noun	initialism of νότος (nótos, “south”)
291	τί	pron	Polytonic spelling of τι; (ti?, “what?”)
292	καταλαβαίνω	verb	to understand, realise
293	ήξερα	verb	first-person singular imperfect of ξέρω (xéro)
294	δίκιο	noun	that which is right, correct, just
295	απόψε	adv	tonight, this evening
296	κανένα	pron	accusative masculine of κανένας (kanénas)
297	συνέβη	verb	third-person singular simple past of συμβαίνω (symvaíno)
298	μακριά	adv	far; afar
299	τέλος	noun	end, finish; tax, dues paid to the government for specific public service, or product
300	μπορούσε	verb	third-person singular imperfect of μπορώ (boró)
301	απλώς	adv	just, only
302	αμέσως	adv	immediately, at once, straight away
303	ξανά	adv	again
304	πότε	adv	when
305	τρόπο	noun	accusative singular of τρόπος (trópos)
306	πάρε	verb	"second-person singular perfective imperative of παίρνω (paírno): ""take"""
307	θέση	noun	position (a place, location)
308	μήπως	conj	if, by any chance, perhaps, maybe
309	αυτοί	pron	nominative/vocative masculine plural of αυτός (aftós, “these; they”)
310	ξέρετε	verb	"second-person plural present of ξέρω (xéro): ""you know"""
311	αυτούς	det	accusative masculine plural of αυτός (aftós)
312	ήρθε	verb	third-person singular simple past of έρχομαι (érchomai)
313	πια	adv	any more, no more, no longer, any longer (from a given time onwards)
314	εαυτό	pron	accusative masculine singular of εαυτός (eaftós)
315	δική	pron	nominative feminine singular of δικός (dikós)
316	αυτήν	pron	accusative feminine singular of αυτός (aftós, “this; her”)
317	μάλιστα	adv	especially, particularly, in particular
318	κάνετε	verb	θα κάνεις: second-person plural perfective future of κάνω (káno)
319	περισσότερο	adj	accusative masculine singular of περισσότερος (perissóteros)
320	κατά	prep	versus, against
321	πόλη	noun	town; city; townspeople
322	βρω	verb	first-person singular dependent active of βρίσκω (vrísko)
323	κορίτσι	noun	girl, daughter; girlfriend
324	καν	conj	even (implying an extreme example in the case mentioned)
325	θέλετε	verb	second-person plural present of θέλω (thélo)
326	κάποιο	pron	accusative masculine singular of κάποιος (kápoios)
327	λεπτό	adj	accusative masculine singular of λεπτός (leptós)
328	κοντά	adv	near, nearby; nearly
329	χρειάζομαι	verb	I need, I require
330	θέμα	noun	subject, main topic (of conversation, etc)
331	μιλήσω	verb	"first-person singular dependent of μιλώ (miló): ""talk"""
332	μέρες	noun	nominative/accusative/vocative plural of μέρα (méra)
333	είχες	verb	"second-person singular imperfect of έχω (écho): ""you had"""
334	τύπος	noun	sort, type, mould, stamp (of a person character)
335	λεπτά	noun	nominative/accusative/vocative plural of λεπτό (leptó)
336	επίσης	adv	also, too, likewise
337	χέρια	noun	nominative/accusative/vocative plural of χέρι (chéri)
338	εκείνη	pron	nominative/accusative/vocative feminine singular of εκείνος (ekeínos)
339	έρθει	verb	third-person singular dependent of έρχομαι (érchomai)
340	τέτοιο	pron	accusative masculine singular of τέτοιος (tétoios)
341	μερικές	adj	nominative/accusative/vocative feminine plural of μερικός (merikós)
342	πειράζει	verb	third-person singular present indicative of πειράζω (peirázo, “he/she/it bothers, teases”)
343	βοήθεια	noun	help, assistance, aid, succour
344	εννοώ	verb	to mean, signify
345	άνθρωπος	noun	a human; person; the species man
346	μεγάλο	adj	accusative masculine singular of μεγάλος (megálos)
347	βρούμε	verb	first-person plural dependent of βρίσκω (vrísko)
348	ανθρώπους	noun	accusative plural of άνθρωπος (ánthropos)
349	δεις	verb	second-person singular dependent of βλέπω (vlépo)
350	καθόλου	adv	at all, a little
351	εννοείς	verb	"second-person singular present of εννοώ (ennoó): ""you mean"""
352	ορίστε	intj	here's, there's, here you are, here you go, there you are, there you go
353	αφού	conj	after (having done something)
354	πέρα	adv	beyond
355	όπλο	noun	gun, rifle, etc
356	σίγουρος	adj	secure, certain
357	ιστορία	noun	history; story
358	πήρε	verb	third-person singular simple past of παίρνω (paírno)
359	δούμε	verb	first-person plural dependent of βλέπω (vlépo)
360	πρωί	noun	morning
361	ήθελε	verb	"third-person singular imperfect of θέλω (thélo): ""he/she/it wanted"""
362	ελπίζω	verb	to hope to, expect to
363	πόρτα	noun	door (to house or room)
364	μάτια	noun	nominative/accusative/vocative plural of μάτι (máti)
365	κάνε	verb	"second-person singular simple past imperfective imperative of κάνω (káno): ""do!"""
366	δρόμο	noun	accusative singular of δρόμος (drómos)
367	όλες	adj	nominative/accusative/vocative feminine plural of όλος (ólos)
368	πιστεύεις	verb	"second-person singular present of πιστεύω (pistévo): ""you believe"""
369	ομάδα	noun	group, bunch, gang (of people or friends)
370	α	intj	Expresses wonder, surprise or joy; ah, ooh, oh, wow
371	μπροστά	adv	in front, in front of
372	κακό	noun	evil; poo, poop, poopies (excrement, faeces)
373	καλύτερο	adj	accusative masculine singular of καλύτερος (kalýteros)
374	σχέση	noun	relationship (personal)
375	καλός	adj	good; nice, likeable
376	μόνη	adj	nominative feminine singular of μόνος (mónos)
377	ώρες	noun	nominative/accusative/vocative plural of ώρα (óra)
378	αστυνομία	noun	police (law enforcement)
379	φύγω	verb	"first-person singular dependent of φεύγω (févgo): ""leave"""
380	θυμάσαι	verb	"second-person singular present of θυμάμαι (thymámai): ""you remember"""
381	ευκαιρία	noun	occasion, opportunity, chance
382	λόγο	noun	accusative singular of λόγος (lógos)
383	τ	num	The number 300 in Greek numerals.
384	διάολο	noun	accusative singular of διάολος (diáolos)
385	βοηθήσω	verb	first-person singular dependent of βοηθώ (voïthó)
386	χέρι	noun	arm (portion of the upper human appendage from the shoulder to the wrist)
387	αμάξι	noun	horse carriage, trap
388	ώστε	conj	so that, in order that, in order for (with the intended result that)
389	νύχτα	noun	night
390	χαίρομαι	verb	to be happy, to be glad
391	κεφάλι	noun	head
392	πήγε	verb	third-person singular simple past of πάω (páo)
393	φύγε	verb	"second-person singular simple past imperative of φεύγω (févgo): ""leave, go!"""
394	ξέρουμε	verb	"first-person plural present of ξέρω (xéro): ""we know"""
395	γραφείο	noun	desk; office
396	βρήκα	verb	first-person singular simple past of βρίσκω (vrísko)
397	τέλεια	adj	nominative/accusative/vocative feminine singular of τέλειος (téleios)
398	γαμώτο	intj	alternative form of γαμώ το (gamó to)
399	άλλα	pron	nominative/accusative/vocative neuter plural of άλλος (állos)
400	ελάτε	verb	second-person plural perfective imperative of έρχομαι
401	δωμάτιο	noun	room (in home or hotel)
402	μιλάς	verb	second-person singular present of μιλάω (miláo)^†
403	ίδια	adj	feminine nominative/accusative/vocative singular
404	δώσε	verb	second-person singular perfective imperative of δίνω (díno)
405	κόρη	noun	daughter; maiden, girl
406	φίλος	noun	friend; boyfriend
407	όπου	adv	where, wherever
408	κανέναν	pron	accusative masculine of κανένας (kanénas)
409	αγαπώ	verb	to love; to like
410	πρώτα	adj	neuter nominative/accusative/vocative plural of πρώτος (prótos)
411	ψέματα	noun	nominative/accusative/vocative plural of ψέμα (pséma)
412	οικογένεια	noun	family; household
413	καμία	pron	nominative/accusative feminine of κανένας (kanénas)
414	πάρεις	verb	second-person singular dependent of παίρνω (paírno)
415	χρήματα	noun	money (means of exchange and measure of value)
416	δηλαδή	conj	specifically, namely, that is to say
417	ανησυχείς	verb	"second-person singular present of ανησυχώ (anisychó): ""you worry"""
418	ποιον	pron	masculine accusative singular of ποιος (poios, “who; which”)
419	αγόρι	noun	boy; lad, laddie, sonny
420	τρεις	num	three, 3
421	ενός	article	genitive masculine of ένας (énas) (a, an)
422	πέθανε	verb	"third-person singular simple past of πεθαίνω (pethaíno): ""he/she/it died"""
423	ωραίο	adj	accusative masculine singular of ωραίος (oraíos)
424	σοβαρά	adj	nominative neuter plural of σοβαρός (sovarós)
425	αλλιώς	adv	otherwise; else; differently
426	είχαμε	verb	"first-person plural imperfect of έχω (écho): ""we had"""
427	άντρας	noun	man (adult male)
428	τουλάχιστον	adv	at least
429	έρχεται	verb	third-person singular present of έρχομαι (érchomai)
430	πάνε	verb	third-person plural dependent of πάω (páo)
431	μικρό	adj	accusative masculine singular of μικρός (mikrós)
432	καρδιά	noun	heart
433	πήρα	verb	first-person singular simple past of παίρνω (paírno)
434	δύσκολο	adj	accusative masculine singular of δύσκολος (dýskolos)
435	φύγουμε	verb	"first-person plural dependent of φεύγω (févgo): ""leave"""
436	πούμε	verb	first-person plural dependent of λέω (léo)
437	τηλέφωνο	noun	telephone, phone
438	λέμε	verb	"first-person plural present of λέω (léo): ""we say"""
439	αργότερα	adv	later, after
440	εάν	conj	if; whether
441	νερό	noun	water (liquid H₂O)
442	σχεδόν	adv	almost
443	τέτοια	pron	nominative/accusative/vocative feminine singular of τέτοιος (tétoios)
444	είδες	verb	second-person singular simple past of βλέπω (vlépo)
445	κάπου	adv	somewhere; about, around
446	μεταξύ	adv	between, amongst, amid (place)
447	χθες	adv	yesterday
448	νιώθω	verb	to feel
449	αντίο	intj	goodbye, bye, adieu, farewell
450	υπόθεση	noun	business, matter, affair
451	πέντε	num	five, 5
452	δώσω	verb	first-person singular dependent of δίδω (dído)
453	μήνες	noun	nominative/accusative/vocative plural of μήνας (mínas)
454	μυαλό	noun	brain; brains (used as food)
455	τρία	num	three
456	θυμάμαι	verb	I remember
457	συμβεί	verb	third-person singular dependent of συμβαίνω (symvaíno, “happen”)
458	κόσμος	noun	Universe, cosmos
459	θέλουν	verb	third-person plural present of θέλω (thélo)
460	αίμα	noun	blood
461	μικρή	adj	nominative/accusative/vocative feminine singular of μικρός (mikrós)
462	ρε	intj	hey, eh, dude (informal address to a friend or acquaintance, usually male)
463	πάρα	particle	so, too, very
464	σχολείο	noun	school
465	τρόπος	noun	method, manner, behaviour, conduct
466	σύντομα	adv	soon, quickly (within a short time)
467	γυναίκες	noun	nominative plural of γυναίκα (gynaíka)
468	καμιά	pron	nominative/accusative feminine of κανένας (kanénas)
469	βέβαια	adv	certainly, of course
470	μπορούν	verb	third-person plural present of μπορώ (boró, “to be able to”)
471	υποθέτω	verb	to suppose, guess
472	θέλουμε	verb	first-person plural present of θέλω (thélo)
473	σκατά	adj	shit, crap, lousy (of bad quality)
474	ήθελες	verb	"second-person singular imperfect of θέλω (thélo): ""you wanted"""
475	μπαμπάς	noun	dad, father (informal)
476	είχαν	verb	"third-person plural imperfect of έχω (écho): ""they had"""
477	άλλος	pron	other; else
478	μιλήσουμε	verb	"first-person plural dependent of μιλώ (miló): ""talk"""
479	αργά	adv	slowly; late
480	εμάς	pron	us (1st person plural, accusative)
481	μερικά	adj	nominative/accusative/vocative neuter plural of μερικός (merikós)
482	άντρες	noun	nominative/accusative/vocative plural of άντρας (ántras)
483	φίλοι	adj	nominative masculine plural of φίλος (fílos)
484	τρέχει	verb	third-person singular present of τρέχω (trécho)
485	συνέχεια	adv	continuously, nonstop (without pause)
486	φυλακή	noun	prison, jail, gaol
487	σκέφτηκα	verb	first-person singular simple past of σκέπτομαι (sképtomai)
488	φύγει	verb	third-person singular dependent of φεύγω (févgo)
489	ήρθες	verb	second-person singular simple past of έρχομαι (érchomai)
490	πείτε	verb	second-person plural dependent of λέω (léo)
491	εκείνο	pron	that one
492	αφήσω	verb	first-person singular dependent of αφήνω (afíno)
493	όσα	pron	nominative/accusative neuter plural of όσος (ósos)
494	ήρθα	verb	"first-person singular simple past of έρχομαι (érchomai): ""I came"""
495	νεκρός	adj	dead (no longer living)
496	πλάκα	noun	slab, bar, sheet, tablet (piece of material with uniform cross-section)
497	έρθεις	verb	second-person singular dependent of έρχομαι (érchomai)
498	σημασία	noun	meaning, sense (single conventional use of a word)
499	γύρω	adv	around, close by (in the locality of)
500	βρεις	verb	second-person singular dependent of βρίσκω (vrísko)
501	παιχνίδι	noun	toy; game, match
502	καλημέρα	intj	good morning, hello, good day
503	χάρη	noun	favour (UK), favor (US) (a deed in which help is voluntarily provided)
504	καταλαβαίνεις	verb	θα καταλαβαίνεις: second-person singular imperfective future of καταλαβαίνω (katalavaíno)
505	έλεγα	verb	"first-person singular imperfect of λέω (léo): ""I was saying"""
506	κατάλαβα	verb	"first-person singular simple past of καταλαβαίνω (katalavaíno): ""I understood"""
507	σκοτώσει	verb	third-person singular dependent of σκοτώνω (skotóno, “kill”)
508	σημαντικό	adj	accusative masculine singular of σημαντικός (simantikós)
509	άσε	noun	vocative singular of άσος (ásos)
510	πολλές	adj	nominative feminine plural of πολύς (polýs)
511	πάρουμε	verb	first-person plural dependent of παίρνω (paírno)
512	συγχωρείτε	verb	second-person plural present of συγχωρώ (synchoró)
513	φύγεις	verb	second-person singular dependent of φεύγω (févgo)
514	άντρα	noun	genitive/accusative/vocative singular of άντρας (ántras)
515	κατάσταση	noun	state, condition
516	σκότωσε	verb	third-person singular simple past of σκοτώνω (skotóno)
517	εσάς	pron	you (2nd person plural, accusative)
518	φαγητό	noun	food (substance consumed by living organisms to sustain life)
519	φοβάμαι	verb	to fear, dread, be afraid, be frightened
520	κορίτσια	noun	nominative/accusative/vocative plural of κορίτσι (korítsi)
521	κοπέλα	noun	young adult woman
522	βασικά	adv	basically
523	εμπρός	adv	ahead, forth, onwards
524	λόγος	noun	word (word of honour)
525	αυτοκίνητο	noun	car, motorcar, automobile
526	κανένας	pron	nobody, no one (not any person; the logical negation of somebody)
527	ζωής	noun	genitive singular of ζωή (zoḯ)
528	πρώτο	adj	masculine accusative singular
529	γονείς	noun	nominative/accusative/vocative plural of γονέας (gonéas) (parents)
530	απόδοση	noun	imputation, attribution
531	άλλους	pron	accusative masculine plural of άλλος (állos)
532	θεός	noun	god (supreme being or a supernatural, typically immortal, being with superior powers)
533	αστείο	noun	joke
534	γλυκιά	adj	nominative feminine singular of γλυκός (glykós)
535	πεθάνει	verb	third-person singular dependent of πεθαίνω (pethaíno)
536	νοιάζει	verb	third-person singular present active indicative of νοιάζομαι
537	μείνε	verb	second-person singular perfective imperative of μένω (méno)
538	έφυγε	verb	third-person singular simple past of φεύγω (févgo)
539	ενώ	conj	while, as long as, as
540	σχέδιο	noun	design, plan, drawing, pattern (representation of something on paper, etc)
541	υπήρχε	verb	third-person singular imperfect of υπάρχω (ypárcho)
542	δολάρια	noun	nominative plural of δολάριο (dolário)
543	έτοιμος	adj	ready, prepared
544	τύχη	noun	fate, chance, luck
545	αρχή	noun	origin, beginning
546	πόδια	noun	nominative plural of πόδι (pódi)
547	έρθω	verb	first-person singular dependent of έρχομαι (érchomai)
548	άσχημα	adv	badly
549	οποίο	pron	accusative masculine singular of οποίος (opoíos)
550	σωστό	adj	accusative masculine singular of σωστός (sostós)
551	όμορφη	adj	nominative/accusative/vocative feminine singular of όμορφος (ómorfos)
552	νέο	adj	accusative masculine singular of νέος (néos)
553	τελικά	adv	finally, at last, after all, all things considered, in the end
554	άκουσα	adj	nominative/accusative feminine singular of άκων (ákon)
555	γιο	noun	accusative singular of γιος (gios)
556	προσπαθώ	verb	to attempt, try
557	βοηθήσει	verb	active nonfinite form of βοηθώ (voïthó)
558	κε	adv	alternative form of Κ.Ε. (K.E., “C.E.”)
559	μοιάζει	verb	third-person singular present of μοιάζω (moiázo)
560	φίλους	adj	accusative masculine plural of φίλος (fílos)
561	περίπου	adv	approximately, about
562	μπορούσες	verb	second-person singular imperfect active indicative of μπορώ (boró)
563	γη	noun	world, earth (planet)
564	βρει	verb	active nonfinite form of βρίσκω (vrísko)
565	τζακ	name	a transliteration of the English male given name and surname Jack
566	αφεντικό	noun	owner, master (someone who has control over something or someone)
567	χρειαζόμαστε	verb	first-person plural present of χρειάζομαι (chreiázomai)
568	δύναμη	noun	power, force, strength, brawn
569	κάναμε	verb	first-person plural simple past of κάνω (káno)
570	καλύτερη	adj	nominative/accusative/vocative feminine singular of καλύτερος
571	μείνει	verb	active nonfinite form of μένω (méno)
572	γειά	intj	hi, hello; bye
573	έδωσε	verb	third-person singular simple past of δίνω (díno)
574	βρήκες	verb	second-person singular simple past of βρίσκω (vrísko)
575	περίπτωση	noun	case (an actual event, situation, or fact)
576	γιος	noun	son, male child
577	ραντεβού	noun	appointment, rendezvous
578	πάρτι	noun	party (gathering)
579	επόμενη	adj	nominative feminine singular of επόμενος (epómenos)
580	φέρω	verb	to bear, carry (decoration, injuries, scars)
581	κύριοι	adj	nominative/vocative masculine plural of κύριος (kýrios)
582	ακούω	verb	to hear; to listen, listen to
583	καλώς	adv	well, all right, alright
584	περάσει	verb	active nonfinite form of περνάω (pernáo) and περνώ (pernó)
585	περιμένω	verb	wait, wait for, expect
586	μισό	num	half, ¹⁄₂
587	επιλογή	noun	choice, selection, pick
588	σώμα	noun	body; body (group of people)
589	τύπο	noun	accusative singular of τύπος (týpos)
590	κύριος	noun	mister (title conferred on an adult male)
591	χώρα	noun	main town or village
592	νοσοκομείο	noun	hospital
593	μιας	article	genitive feminine of ένας (énas), (a, an)
594	βιβλίο	noun	book
595	πλέον	adv	more, -er (forms comparatives)
596	μπράβο	intj	bravo, well done
597	μάθω	verb	first-person singular dependent of μαθαίνω (mathaíno)
598	φίλο	adj	accusative masculine singular of φίλος (fílos)
599	περισσότερα	adj	nominative/accusative/vocative neuter plural of περισσότερος (perissóteros)
600	καφέ	adj	of brown (color/colour)
601	έξι	num	six
602	κα	noun	abbreviation of κυρία (kyría): Mrs, Ms
603	όπλα	noun	nominative plural of όπλο (óplo)
604	μήνυμα	noun	message; email; text, SMS
605	πρόσεχε	verb	third-person singular imperfect active of προσέχω (prosécho)
606	ήμασταν	verb	"first-person plural imperfect of είμαι (eímai): ""we were"""
607	θ	num	The number nine in Greek numerals.
608	σχετικά	adj	nominative neuter plural of σχετικός (schetikós)
609	δείτε	verb	second-person plural dependent of βλέπω (vlépo)
610	χρειάζεσαι	verb	second-person singular present of χρειάζομαι (chreiázomai)
611	διαλόγων	noun	genitive plural of διάλογος (diálogos)
612	άρεσε	verb	third-person singular simple past of αρέσω (aréso)
613	ταινία	noun	film (UK), movie (US)
614	εύκολο	adj	accusative masculine singular of εύκολος (éfkolos)
615	αξίζει	verb	it is worth it; deserves, merits
616	πρόσωπο	noun	face; character, person
617	καληνύχτα	intj	goodnight!
618	σεξ	noun	sexual intercourse, sex
619	σκέφτομαι	verb	to think, to ponder, to consider
620	βρίσκεται	verb	third-person singular present of βρίσκομαι (vrískomai, “to be, to be found”)
621	οτιδήποτε	pron	anything, whatsoever
622	πήρες	verb	second-person singular simple past of παίρνω (paírno)
623	πήγα	verb	first-person singular simple past of πάω (páo) and πηγαίνω (pigaíno)
624	συμφωνία	noun	agreement, concurrence, accordance
625	σκοτώσω	verb	first-person singular dependent of σκοτώνω (skotóno)
626	κρεβάτι	noun	bed; A marriage custom
627	τζον	name	a transliteration of the English male given name John
628	είπαν	verb	"third-person plural simple past of λέω (léo): ""they said"""
629	μιλάω	verb	to speak; to talk
630	άλλες	pron	nominative/accusative/vocative feminine plural of άλλος (állos)
631	ποτό	noun	beverage, drink
632	προφανώς	adv	obviously, of course
633	άφησε	verb	third-person singular simple past of αφήνω (afíno)
634	ερώτηση	noun	question (sentence asking for information)
635	περιμένει	verb	third-person singular present of περιμένω (periméno)
636	ηρέμησε	verb	third-person singular simple past of ηρεμώ (iremó)
637	δρ	noun	abbreviation of δραχμή (drachmí)
638	δίπλα	adv	next, next to, beside
639	άλλοι	pron	nominative/vocative masculine plural of άλλος (állos) (others)
640	αυτού	adv	there
641	φίλη	noun	female friend; girlfriend
642	κάπως	adv	somewhat, kind of, a bit
643	ξέρουν	verb	third-person plural present of ξέρω (xéro)
644	βάλω	verb	first-person singular dependent of βάζω (vázo)
645	σειρά	noun	class (military; persons subject to the same intake)
646	ήξερε	verb	third-person singular imperfect of ξέρω (xéro)
647	τελευταίο	adj	accusative masculine singular of τελευταίος (teleftaíos)
648	πραγματικότητα	noun	reality, actuality
649	παρά	prep	despite, in spite of
650	λέτε	verb	"second-person plural present of λέω (léo): ""you say"""
651	έρχομαι	verb	to come; to cost
652	ήξερες	verb	second-person singular imperfect of ξέρω (xéro)
653	έλεγε	verb	"third-person singular imperfect of λέγω (légo): ""he, she or it was saying"""
654	γνωρίζω	verb	to know (something), be aware, recognize
655	γιατρός	noun	doctor, healer.
656	πέρασε	verb	third-person singular simple past of περνάω (pernáo)
657	ακούσει	verb	active nonfinite form of ακούω (akoúo) and ακούγω (akoúgo).
658	έκαναν	verb	third-person plural simple past active indicative of κάνω (káno)
659	ρούχα	noun	nominative/accusative/vocative plural of ρούχο (roúcho), clothes
660	λέξη	noun	word, term (linguistic unit)
661	στοιχεία	noun	nominative plural of στοιχείο (stoicheío)
662	κάποιες	pron	nominative/accusative/vocative feminine plural of κάποιος (kápoios)
663	υπέροχο	adj	accusative masculine singular of υπέροχος (ypérochos)
664	παλιά	adj	nominative/accusative/vocative feminine singular of παλιός (paliós)
665	φωτιά	noun	fire; flame, sparkle
666	αδερφή	noun	sister (female sibling)
667	σημείο	noun	sign, mark; spot, place
668	ερωτήσεις	noun	nominative/accusative/vocative plural of ερώτηση (erótisi)
669	δες	verb	second-person singular perfective imperative of βλέπω (vlépo)
670	πλευρά	noun	side (especially a surface or an area)
671	εντελώς	adv	intensifier: all, completely, totally
672	δώσει	verb	active nonfinite form of δίδω (dído)
673	γίνω	verb	first-person singular dependent of γίνομαι (gínomai)
674	δέκα	num	ten
675	κομμάτι	noun	potsherd, shard
676	άρα	adv	therefore, consequently, accordingly, so
677	δικά	pron	nominative neuter plural of δικός (dikós)
678	γίνεις	verb	second-person singular dependent of γίνομαι (gínomai)
679	περιοχή	noun	region, district, area
680	φωτογραφία	noun	photography; photograph, photo, snap
681	πουθενά	adv	somewhere, anywhere (in or to any place)
682	λίγη	adj	nominative/accusative/vocative feminine singular of λίγος (lígos)
683	επάνω	adv	above, on, up, upstairs
684	μιλάμε	verb	first-person plural present of μιλάω (miláo)
685	είδε	verb	third-person singular simple past of βλέπω (vlépo)
686	τελειώσει	verb	active nonfinite form of τελειώνω (teleióno)
687	εβδομάδα	noun	week
688	βρήκαμε	verb	first-person plural simple past of βρίσκω (vrísko)
689	μάθει	verb	active nonfinite form of μαθαίνω (mathaíno)
690	δείπνο	noun	evening meal, supper, dinner
691	υπέροχα	adj	nominative neuter plural of υπέροχος (ypérochos)
692	προσοχή	intj	attention, be careful, watch out
693	βρήκε	verb	third-person singular simple past of βρίσκω (vrísko)
694	περίμενα	verb	first-person singular imperfect of περιμένω (periméno)
695	είδους	noun	genitive singular of είδος (eídos)
696	προβλήματα	noun	nominative plural of πρόβλημα (próvlima)
697	πληροφορίες	noun	nominative/accusative/vocative plural of πληροφορία (pliroforía)
698	ημέρα	noun	day; hours of daylight
699	βοηθήσεις	verb	second-person singular dependent of βοηθώ (voïthó)
700	πόσα	pron	nominative/accusative/vocative neuter plural of πόσος (pósos)
701	χριστέ	name	vocative of Χριστός (Christós)
702	επιμέλεια	noun	diligence, care
703	μιλήσει	verb	active nonfinite form of μιλάω (miláo) and μιλώ (miló).
704	μέλλον	noun	the future; a promising future
705	μιλάει	verb	third-person singular present of μιλώ (miló)
706	πολλοί	noun	the majority; most people
707	ντε	particle	go on! (emphatic interjection exhortative, for a variety of emotions)
708	ταξίδι	noun	trip, journey, voyage
709	είτε	conj	either...or, whether..or
710	άδεια	noun	permission; leave of absence
711	άτομο	noun	person, individual
712	οποία	pron	nominative/accusative/vocative feminine singular of οποίος (opoíos)
713	προσπάθησε	verb	third-person singular simple past of προσπαθώ (prospathó)
714	δείξω	verb	first-person singular dependent of δείχνω (deíchno)
715	θάνατο	noun	accusative singular of θάνατος (thánatos)
716	μουσική	noun	the subject and art of music
717	σκάφος	noun	craft, ship; hull
718	πόλεμο	noun	accusative singular of πόλεμος (pólemos)
719	σκέφτεσαι	verb	second-person singular present of σκέφτομαι (skéftomai)
720	κάποτε	adv	sometime; formerly, once
721	τιμή	noun	price, value (of something, asset, fare, etc)
722	σκάσε	verb	second-person singular perfective imperative of σκάω (skáo) and σκάζω (skázo)
723	καθώς	conj	as, while; since, seeing as, because
724	γυρίσω	verb	first-person singular dependent of γυρίζω (gyrízo)
725	τόσα	pron	nominative/accusative neuter plural of τόσος (tósos)
726	γνώμη	noun	opinion, perception (subjective thought)
727	επιτέλους	adv	at last, finally
728	παντού	adv	everywhere, all over the place (at all places)
729	τμήμα	noun	part, section; department, division, section, branch
730	εναντίον	adv	against, versus
731	μακάρι	particle	I wish, if only
732	χάλια	adv	in wretched, terrible, miserable, awful condition
733	έτοιμη	adj	nominative feminine singular of έτοιμος (étoimos)
734	πάρτε	verb	"second-person plural perfective imperative of παίρνω (paírno): ""take"""
735	εκείνος	pron	that; those
736	παίρνει	verb	third-person singular present of παίρνω (paírno)
737	ρωτήσω	verb	first-person singular dependent active of ρωτάω (rotáo)
738	θεού	noun	genitive singular of θεός (theós)
739	ασφάλεια	noun	security, safety
740	υποτίθεται	verb	third-person singular present of υποτίθεμαι
741	μήνα	noun	genitive/accusative/vocative singular of μήνας (mínas)
742	υπόσχομαι	verb	to promise
743	πτώμα	noun	cadaver, corpse, dead body
744	είδος	noun	kind, form, type
745	συνήθως	adv	usually, generally
746	έρχονται	verb	third-person plural present of έρχομαι (érchomai)
747	μαλλιά	noun	hair (the hairs of the head collectively)
748	σύστημα	noun	system
749	ντετέκτιβ	noun	detective (police officer who looks for evidence as part of solving a crime)
750	γιατρέ	noun	vocative singular of γιατρός (giatrós)
751	όντως	adv	indeed, really, truly, in fact
752	λίστα	noun	list
753	έτοιμοι	adj	nominative masculine plural of έτοιμος (étoimos)
754	αλλάξει	verb	active nonfinite form of αλλάζω (allázo).
755	γάμο	noun	accusative singular of γάμος (gámos)
756	κέντρο	noun	centre (UK), center (US): the middle of something or somewhere
757	αποστολή	noun	dispatch, consignment (process of sending something)
758	φοβάσαι	verb	second-person singular present of φοβάμαι (fovámai)
759	φως	noun	light
760	δώσεις	verb	second-person singular dependent of δίδω (dído)
761	λίγα	adj	nominative/accusative/vocative neuter plural of λίγος (lígos)
762	μάικλ	name	a transliteration of the English male given name Michael
763	δώρο	noun	gift, donation, present
764	χρόνος	noun	time (with no plural)
765	κυρίες	noun	nominative/accusative/vocative plural of κυρία (kyría)
766	πρώτος	adj	first
767	μέση	adj	feminine nominative/accusative/vocative singular of μέσος (mésos)
768	θεό	noun	accusative singular of θεός (theós)
769	ενδιαφέρον	noun	interest (attention shown)
770	συνέχισε	verb	third-person singular simple past of συνεχίζω (synechízo)
771	καλύτερος	adj	better, nicer, more likeable. comparative degree of καλός (kalós)
772	φωτογραφίες	noun	nominative/accusative/vocative plural of φωτογραφία (fotografía)
773	άνθρωπο	noun	accusative singular of άνθρωπος (ánthropos)
774	όμορφο	adj	accusative masculine singular of όμορφος (ómorfos)
775	άνδρες	noun	nominative/accusative/vocative plural of άνδρας (ándras)
776	βάλε	verb	second-person singular simple past active perfective imperative of βάζω (vázo)
777	τρελός	adj	crazy
778	ευχαριστούμε	intj	we thank you!, thanks! (first-person plural)
779	εν	prep	in, into, at, within
780	βδομάδα	noun	form of εβδομάδα (evdomáda, “week”)
781	έρευνα	noun	research, examination (especially scientific or legal)
782	φέρε	verb	second-person singular simple past active perfective imperative of φέρνω (férno)
783	νόημα	noun	sense, meaning; gesture
784	δεσποινίς	noun	miss, young unmarried woman
785	λόγια	noun	words
786	αδελφή	noun	sister (female sibling)
787	λείπει	verb	third-person singular present of λείπω (leípo)
788	στόμα	noun	mouth; person
789	καιρός	noun	weather; time, events
790	άκρη	noun	end (of rope, road, stick, etc)
791	ματιά	noun	look, glance
792	έμαθα	verb	first-person singular simple past of μαθαίνω (mathaíno)
793	βγει	verb	active nonfinite form of βγαίνω (vgaíno)
794	έλεγχο	noun	accusative singular of έλεγχος (élenchos)
795	μυστικό	noun	secret; mystery
796	ίδιος	adj	own; myself, yourself, himself, herself, itself, themselves
797	μιλήσεις	verb	second-person singular dependent active of μιλάω (miláo) and μιλώ (miló)
798	άντε	intj	go!; go on
799	πρώην	adj	former, ex, onetime, sometime
800	παραπάνω	adv	above, over, higher up (at or to a higher point)
801	εξαιτίας	prep	because of, on account of (implies something negative)
802	λιγότερο	adj	accusative masculine singular of λιγότερος
803	επίθεση	noun	attack, offensive (in warfare)
804	σκοτώσεις	verb	second-person singular dependent of σκοτώνω (skotóno)
805	πλοίο	noun	ship, large boat
806	δίνει	verb	third-person singular present of δίνω (díno)
807	έχασα	verb	first-person singular simple past of χάνω (cháno)
808	συχνά	adv	often, frequently
809	αφορά	verb	to be concerning, to be about
810	θύμα	noun	victim (of accident; of murder; of violent or malicious act; etc)
811	παίρνεις	verb	second-person singular present of παίρνω (paírno)
812	βάση	noun	base, foundation (the lowest part of something)
813	ατύχημα	noun	accident, mishap
814	παίζει	verb	third-person singular present of παίζω (paízo)
815	δολοφόνος	noun	murderer; assassin
816	εκατομμύρια	noun	nominative/accusative/vocative plural of εκατομμύριο (ekatommýrio)
817	ξενοδοχείο	noun	hotel (establishment that provides accommodation and other services for paying guests)
818	βρείτε	verb	second-person plural dependent of βρίσκω (vrísko)
819	ήρθατε	verb	second-person plural simple past of έρχομαι (érchomai)
820	έπεσε	verb	"third-person singular simple past of πέφτω (péfto): ""he/she/it fell"""
821	δείχνει	verb	third-person singular present of δείχνω (deíchno)
822	αέρα	noun	genitive/accusative/vocative singular of αέρας (aéras)
823	μεγάλος	adj	big, large, great (of greater than average size)
824	τίποτε	pron	nothing; something, anything, any
825	ποιοι	pron	masculine nominative plural of ποιος (poios, “who; which”)
826	μικρέ	adj	vocative masculine singular of μικρός (mikrós)
827	βγάλω	verb	first-person singular dependent of βγάζω (vgázo)
828	παρελθόν	noun	past, time past
829	μένει	verb	third-person singular present of μένω (méno)
830	πάντων	det	masculine/neuter genitive plural of πας (pas)
831	ειλικρινά	adv	frankly, honestly, sincerely
832	δουλειές	noun	nominative plural of δουλειά (douleiá)
833	δικός	pron	mine, yours, his, hers, its, ours, theirs
834	λόγω	prep	because of, due to, owing to, on account of (as a consequence of)
835	ανάγκη	noun	necessity; need, want, demand
836	δουλεύω	verb	to work; to pull somebody's leg
837	ξαφνικά	adv	suddenly, all of a sudden
838	ανάμεσα	adv	among, amongst; between, among
839	άτομα	noun	nominative/accusative/vocative plural of άτομο (átomo)
840	μπαρ	noun	bar (business where drinks are sold)
841	φεύγω	verb	to leave, depart, go
842	άκουσες	adj	nominative/accusative/vocative feminine plural of άκων (ákon)
843	γραμμή	noun	line; row (sequence of items, lined up)
844	μισώ	verb	to hate
845	ψηλά	adj	nominative/accusative/vocative neuter plural of ψηλός (psilós)
846	αδερφός	noun	brother; monk
847	απάντηση	noun	answer, response
848	χώρο	noun	accusative singular of χώρος (chóros)
849	έλεγες	verb	"second-person singular imperfect of λέω (léo): ""you were saying"""
850	πόδι	noun	leg (portion of the lower human appendage from the thigh to the ankle)
851	ζωντανός	adj	alive, living; lively
852	σκηνή	noun	skene; scene, stage
853	αισθάνομαι	verb	to feel; to sense
854	εκ	prep	suggesting source or origin, of, by
855	τελείως	adv	completely, totally
856	νωρίς	adv	early (before the expected time)
857	μπει	verb	active nonfinite form of μπαίνω (baíno)
858	μάνα	noun	mum, mom, ma, mama
859	πίστευα	verb	first-person singular imperfect of πιστεύω (pistévo)
860	δουλεύεις	verb	second-person singular present of δουλεύω (doulévo)
861	παίρνω	verb	to take, get, move
862	γιαγιά	noun	grandmother, grandma, granny, nan, nanna (mother of one's parent)
863	αγόρια	noun	nominative plural of αγόρι (agóri)
864	παράξενο	adj	accusative masculine singular of παράξενος (paráxenos)
865	παρέα	noun	company of friends, fellowship, party
866	ορκίζομαι	verb	to swear, be sworn in
867	χάρηκα	verb	first-person singular simple past of χαίρομαι (chaíromai)
868	τραγούδι	noun	song (music with words)
869	τραπέζι	noun	table; dinner, supper, meal (food prepared and eaten)
870	εβδομάδες	noun	nominative plural of εβδομάδα (evdomáda)
871	πήγες	verb	second-person singular simple past of πηγαίνω (pigaíno) and πάω (páo)
872	παλιό	adj	accusative masculine singular of παλιός (paliós)
873	σήμα	noun	trademark, logo
874	χιλιάδες	noun	nominative/accusative/vocative plural of χιλιάδα (chiliáda)
875	συγχαρητήρια	adj	nominative/accusative/vocative feminine singular of συγχαρητήριος (syncharitírios)
876	αντί	prep	instead of, in lieu of
877	θανάτου	noun	genitive singular of θάνατος (thánatos)
878	φωνή	noun	voice, sound; voice, note
879	μπάνιο	noun	bath (act of bathing)
880	προσπαθεί	verb	third-person singular present of προσπαθώ (prospathó)
881	φαίνεσαι	verb	second-person singular present of φαίνομαι (faínomai)
882	έβαλε	verb	third-person singular simple past of βάζω (vázo)
883	ύπνο	noun	accusative singular of Ύπνος (Ýpnos)
884	επόμενο	adj	accusative masculine singular of επόμενος (epómenos)
885	δικαίωμα	noun	right, entitlement
886	λέγεται	verb	"""it is said"""
887	τηλεόραση	noun	television
888	τέσσερα	num	four, 4
889	κάποιοι	pron	nominative/vocative masculine plural of κάποιος (kápoios)
890	επαφή	noun	touch, contact; electrical contact
891	κλειδί	noun	key; wrench
892	ζει	verb	third-person singular present of ζω (zo)
893	κρίμα	noun	Indicates a wrong or unjustified action or a misfortune:a misdeed.
894	μικρός	adj	small, little; short (in length)
895	πεθάνω	verb	first-person singular dependent of πεθαίνω (pethaíno)
896	σύμφωνα	adv	accordingly, in accordance with, according to
897	μάικ	name	a male given name, equivalent to English Mike
898	κ	noun	abbreviation of κύριος (kýrios): Mr
899	διαφορετικά	adv	otherwise; else; differently
900	λίγες	adj	nominative/accusative/vocative feminine plural of λίγος (lígos)
901	κίνηση	noun	movement (physical motion)
902	έδωσα	verb	first-person singular simple past active indicative of δίδω (dído)
903	απόφαση	noun	decision, ruling, verdict, judgement, resolution
904	αεροπλάνο	noun	aeroplane, airplane, plane, aircraft
905	μάχη	noun	battle, combat; fight, struggle
906	τρελό	adj	accusative masculine singular of τρελός (trelós)
907	ανήκει	verb	third-person singular present of ανήκω (aníko)
908	μαγαζί	noun	shop, store, retail outlet
909	πρόγραμμα	noun	schedule (timed plan of events)
910	λιγάκι	adv	diminutive of λίγο (lígo, “a little, slightly, a bit”)
911	φέρει	verb	third-person singular present of φέρω (féro)
912	ειδικά	adv	especially, particularly
913	κύριο	adj	accusative masculine singular of κύριος (kýrios)
914	γεγονός	noun	event, fact, occurrence
915	έκπληξη	noun	surprise
916	βάλει	verb	active nonfinite form of βάζω (vázo)
917	δις	adv	twice
918	κόσμου	noun	genitive singular of κόσμος (kósmos)
919	δεξιά	adv	right
920	μαλακίες	noun	nominative plural of μαλακία (malakía)
921	βασιλιάς	noun	king; tycoon (king of) + type of business
922	συνάντηση	noun	meeting, encounter (a coming together in one place, especially unplanned)
923	χρονών	noun	genitive plural of χρόνος (chrónos)
924	νεκρή	adj	nominative feminine singular of νεκρός (nekrós)
925	κινητό	adj	accusative masculine singular of κινητός (kinitós)
926	έφερα	verb	first-person singular simple past of φέρνω (férno)
927	υόρκη	name	York (a city in northern England)
928	ψυχή	noun	soul, spirit; person
929	βάλεις	verb	second-person singular dependent of βάζω (vázo)
930	γιε	noun	vocative singular of γιος (gios)
931	πηγαίνω	verb	to go; to take something somewhere, transport
932	γιατρό	noun	accusative singular of γιατρός (giatrós)
933	άρχισε	verb	"third-person singular simple past of αρχίζω (archízo): ""It began"", ""It started"""
934	μηχανή	noun	machine, engine
935	ασφαλής	adj	safe, secure; sure, certain
936	κει	adv	there
937	ψάχνω	verb	to look for, hunt for, search, rummage
938	ησυχία	noun	calm, peace, quiet (absence of trouble or problems)
939	απόγευμα	noun	afternoon
940	μέτρα	noun	nominative/accusative/vocative plural of μέτρο (métro)
941	προσωπικό	adj	accusative masculine singular of προσωπικός (prosopikós)
942	πρόεδρος	noun	chairman; president
943	νούμερο	noun	numeral, number
944	καταλάβει	verb	active nonfinite form of καταλαβαίνω (katalavaíno)
945	βασιλιά	noun	genitive/accusative/vocative singular of βασιλιάς (vasiliás)
946	καλησπέρα	intj	good evening
947	αγαπάω	verb	to love; to like
948	δυνατά	adj	nominative/accusative/vocative neuter plural of δυνατός (dynatós)
949	αναφορά	noun	reference; report
950	καταλάβω	verb	first-person singular dependent active of καταλαβαίνω (katalavaíno)
951	τέσσερις	num	four, 4
952	υπέροχη	adj	nominative/accusative/vocative feminine singular of υπέροχος (ypérochos)
953	δεύτερη	adj	nominative feminine singular of δεύτερος (défteros)
954	εύκολα	adj	nominative/accusative/vocative neuter plural of εύκολος (éfkolos)
955	αποδείξεις	noun	nominative/accusative/vocative plural of απόδειξη (apódeixi)
956	νωρίτερα	adv	earlier
957	γράμμα	noun	letter (written or printed symbol)
958	πολλούς	adj	accusative masculine plural of πολύς (polýs)
959	ασφαλείας	noun	genitive singular of ασφάλεια (asfáleia)
960	χριστούγεννα	name	Christmas (Christian holy day)
961	βόλτα	noun	turn; walk, stroll, drive, ride
962	δικαστήριο	noun	court
963	πράγματι	adv	indeed, really, actually
964	δυνάμεις	noun	powers (level of angels)
965	δύσκολη	adj	nominative feminine singular of δύσκολος (dýskolos)
966	όνειρο	noun	dream (imaginary events seen while sleeping)
967	πρωινό	noun	morning; breakfast, breakfast time
968	ήσασταν	verb	"second-person plural imperfect of είμαι (eímai): ""you were"""
969	είχατε	verb	"second-person plural imperfect of έχω (écho): ""you had"""
970	τσάντα	noun	bag, purse, handbag
971	παίζεις	verb	"second-person singular present of παίζω (paízo) ""you play"""
972	είπατε	verb	"second-person plural simple past of λέω (léo): ""you said"""
973	ναρκωτικά	adj	nominative/accusative/vocative neuter plural of ναρκωτικός (narkotikós)
974	αναρωτιέμαι	verb	to wonder, ponder, contemplate
975	βλέπει	verb	"third-person singular present of βλέπω (vlépo): ""he/she/it sees"""
976	πάρετε	verb	second-person plural dependent of παίρνω (paírno)
977	ντέιβιντ	name	a transliteration of the English male given name David
978	μεγαλύτερο	adj	accusative masculine singular of μεγαλύτερος
979	γνώρισα	verb	first-person singular simple past of γνωρίζω (gnorízo)
980	φαντάζομαι	verb	to imagine; to form an opinion, assume, expect
981	κουτί	noun	packet, carton; can, canister
982	νέος	adj	young, youthful
983	δυστυχώς	adv	unfortunately
984	βρες	verb	"second-person singular perfective imperative of βρίσκω (vrísko): ""find!"""
985	εταιρεία	noun	association, society
986	κανόνες	noun	nominative plural of κανόνας (kanónas)
987	διαφορά	noun	difference (in characteristics, position, etc)
988	δίνω	verb	to give (pass something; transfer ownership)
989	αλλού	adv	elsewhere; somewhere else, someplace else (in or at some other place or places)
990	θεία	noun	aunt (a sister or sister-in-law of a parent)
991	απολύτως	adv	absolutely, completely, altogether
992	ελπίδα	noun	hope, expectation
993	τρελή	adj	nominative feminine singular of τρελός (trelós)
994	αληθινό	adj	accusative masculine singular of αληθινός (alithinós)
995	μόνοι	adj	nominative masculine plural of μόνος (mónos)
996	διαμέρισμα	noun	apartment, flat
997	επιχείρηση	noun	enterprise, undertaking, attempt
998	άνδρας	noun	a more formal alternative of άντρας (ántras)
999	ξέχασα	verb	first-person singular simple past of ξεχνάω (xechnáo) and ξεχνώ (xechnó)
1000	ηλίθιος	adj	stupid (lacking in intelligence)
1001	όποιος	det	whoever, whichever, whatever
1002	πήραν	verb	third-person plural simple past of παίρνω (paírno)
1003	κόλαση	noun	hell, inferno, a place of anguish and suffering
1004	σιγά	adv	slowly; quietly
1005	καταλάβεις	verb	second-person singular dependent active of καταλαβαίνω (katalavaíno)
1006	χειρότερο	adj	accusative masculine singular of χειρότερος (cheiróteros)
1007	πάντως	adv	in any case, at any rate, anyway
1008	βγες	verb	second-person singular perfective imperative of βγαίνω (vgaíno)
1009	απλό	adj	accusative masculine singular of απλός (aplós)
1010	βγήκε	verb	third-person singular simple past of βγαίνω (vgaíno)
1011	μάθημα	noun	lesson (a period set aside for tuition)
1012	παράθυρο	noun	window; window, view
1013	εκκλησία	noun	church (religious organisation)
1014	κρασί	noun	wine
1015	αγώνα	noun	genitive/accusative/vocative singular of αγώνας (agónas)
1016	κώλο	noun	accusative singular of κώλος (kólos)
1017	ηλικία	noun	age
1018	αρχίσει	verb	active nonfinite form of αρχίζω (archízo).
1019	κάποιου	pron	genitive masculine singular of κάποιος (kápoios)
1020	τάξη	noun	class (set sharing attributes: people, things, classroom, grade level, etc.)
1021	μπω	verb	first-person singular dependent of μπαίνω (baíno)
1022	απίστευτο	adj	accusative masculine singular of απίστευτος (apísteftos)
1023	φτάνει	verb	"""it suffices, it is enough"""
1024	τσάι	noun	tea (drink and leaves)
1025	αδερφό	noun	accusative singular of αδερφός (aderfós)
1026	αμερική	name	America, the Americas
1027	λατρεύω	verb	to worship, adore
1028	βίντεο	noun	video (TV recording: method, instrument and process)
1029	θάλασσα	noun	sea; sea (all the seas and oceans)
1030	μίλησα	verb	first-person singular simple past of μιλώ (miló)
1031	αρχεία	noun	nominative/accusative/vocative plural of αρχείο (archeío)
1032	μεγαλύτερη	adj	nominative/accusative/vocative feminine singular of μεγαλύτερος
1033	υπήρχαν	verb	third-person singular imperfect of υπάρχω (ypárcho)
1034	πλάτη	noun	back; chairback
1035	όμορφα	adj	nominative/accusative/vocative neuter plural of όμορφος (ómorfos)
1036	εσυ	name	initialism of Εθνικό Σύστημα Υγείας (Ethnikó Sýstima Ygeías, “National Health Service”)
1037	κακή	adj	nominative feminine singular of κακός (kakós)
1038	κάρτα	noun	card; credit card, debit card
1039	σκοπό	noun	accusative singular of σκοπός (skopós)
1040	κάθαρμα	noun	scum, bastard, son of a bitch, asshole, prick
1041	ζωές	noun	nominative plural of ζωή (zoḯ)
1042	μέσω	prep	via (by way of)
1043	χρόνου	noun	genitive singular of χρόνος (chrónos)
1044	έβαλα	verb	first-person singular simple past of βάλλω (vállo)
1045	δίνεις	verb	second-person singular present of δίνω (díno)
1046	έρχεσαι	verb	second-person singular present of έρχομαι (érchomai)
1047	αριστερά	adj	feminine nominative/accusative/vocative singular
1048	πλανήτη	noun	genitive singular of πλανήτης (planítis)
1049	εξηγήσω	verb	first-person singular dependent active of εξηγώ (exigó)
1050	όλων	adj	genitive masculine/feminine/neuter plural of όλος (ólos)
1051	σκότωσα	verb	first-person singular simple past of σκοτώνω (skotóno)
1052	μάτι	noun	eye; burner (element on a kitchen stove)
1053	στοίχημα	noun	bet, wager, punt
1054	δυνατόν	noun	possibility
1055	σχέδια	noun	nominative/accusative/vocative plural of σχέδιο (schédio)
1056	χτες	adv	yesterday
1057	άκουσε	verb	third-person singular simple past of ακούω (akoúo)
1058	ήρθαν	verb	third-person plural simple past of έρχομαι (érchomai)
1059	ξαναδεί	verb	active nonfinite form of ξαναβλέπω (xanavlépo).
1060	αρχηγός	noun	leader; boss
1061	βγάλε	verb	second-person singular perfective imperative of βγάζω (vgázo)
1062	γλυκό	noun	sweet, pudding, dessert
1063	αχ	intj	An expression of relaxation
1064	ανησυχώ	verb	to worry, be worried, be concerned
1065	μπλε	adj	blue
1066	μέρη	noun	nominative plural of μέρος (méros)
1067	παπούτσια	noun	nominative plural of παπούτσι (papoútsi)
1068	μισή	adj	nominative/accusative/vocative feminine singular of μισός (misós)
1069	τζορτζ	name	a transliteration of the English male given name and surname George
1070	λαιμό	noun	accusative singular of λαιμός (laimós)
1071	τυχερός	adj	fortunate, lucky
1072	σκύλα	noun	bitch (female dog, or Canis lupus familiaris)
1073	ζήτησα	verb	first-person singular simple past of ζητάω (zitáo) and ζητώ (zitó)
1074	χαρτιά	noun	nominative plural of χαρτί (chartí)
1075	πάρουν	verb	third-person plural dependent of παίρνω (paírno)
1076	φέρεις	verb	second-person singular dependent active of φέρνω (férno)
1077	αδελφός	noun	brother; monk
1078	βάλουμε	verb	first-person plural dependent of βάζω (vázo)
1079	βρέθηκε	verb	third-person singular simple past of βρίσκομαι (vrískomai)
1080	πέρασα	verb	first-person singular simple past of περνάω (pernáo) and περνώ (pernó)
1081	κάμερα	noun	camera (usually for film and video)
1082	βγαίνει	verb	third-person singular present indicative of βγαίνω (vgaíno)
1083	βδομάδες	noun	nominative plural of βδομάδα (vdomáda)
1084	χειρότερα	adv	worse
1085	όποτε	conj	whenever
1086	δουν	verb	third-person plural dependent of βλέπω (vlépo)
1087	βγούμε	verb	first-person plural dependent of βγαίνω (vgaíno)
1088	σκληρά	adj	neuter nominative/accusative/vocative plural of σκληρός (sklirós)
1089	θάνατος	noun	death
1090	βιβλία	noun	nominative/accusative/vocative plural of βιβλίο (vivlío)
1091	αριθμό	noun	accusative singular of αριθμός (arithmós)
1092	κτίριο	noun	building
1093	φτάσει	verb	third-person singular dependent of φτάνω (ftáno)
1094	εποχή	noun	age, epoch, season
1095	αρχηγέ	noun	vocative singular of αρχηγός (archigós)
1096	ετών	noun	genitive plural of έτος (étos)
1097	τζιμ	name	a transliteration of the English male given name diminutive Jim
1098	συγχρονισμός	noun	synchronisation (UK), synchronization (US), synchronism
1099	γλώσσα	noun	tongue (muscular organ in the mouth used to eat and speak)
1100	τράπεζα	noun	bank; ceremonial table
1101	άφησα	verb	first-person singular simple past of αφήνω (afíno)
1102	σφαίρα	noun	bullet; ball, sphere, orb
1103	υπηρεσία	noun	service; service (the army, police, etc)
1104	πιθανόν	adv	probably (in all likelihood)
1105	άλογο	adj	accusative masculine singular of άλογος (álogos)
1106	φεύγει	verb	"third-person singular present of φεύγω (févgo): ""he/she/it leaves"""
1107	στρατό	noun	accusative singular of στρατός (stratós)
1108	βοήθησε	verb	third-person singular simple past of βοηθάω (voïtháo) and βοηθώ (voïthó)
1109	πραγματικό	adj	accusative masculine singular of πραγματικός (pragmatikós)
1110	διεύθυνση	noun	management, direction, directorate, organisation (of business, organisation, etc)
1111	προσωπικά	adj	nominative/accusative/vocative neuter plural of προσωπικός (prosopikós)
1112	δόξα	noun	glory, kudos, fame
1113	τέρας	noun	monster
1114	μικρά	adj	nominative/accusative/vocative neuter plural of μικρός (mikrós)
1115	κακός	adj	bad, evil, ill, wicked
1116	εταιρία	noun	association, society
1117	βγω	verb	first-person singular dependent of βγαίνω (vgaíno)
1118	τηλεφώνησε	verb	third-person singular simple past of τηλεφωνώ (tilefonó) and τηλεφωνάω (tilefonáo)
1119	ευτυχώς	adv	fortunately, luckily
1120	βρήκαν	verb	third-person plural simple past of βρίσκω (vrísko)
1121	διάρκεια	noun	duration, length
1122	μπύρα	noun	a popular spelling of μπίρα
1123	βασίλισσα	noun	queen (king's wife)
1124	δάσος	noun	wood, forest
1125	κυβέρνηση	noun	government, cabinet
1126	πέσει	verb	third-person singular dependent of πέφτω (péfto)
1127	απαντήσεις	noun	nominative/accusative/vocative plural of απάντηση (apántisi)
1128	βόμβα	noun	bomb (device filled with explosives)
1129	μεγάλα	adj	nominative/accusative/vocative neuter plural of μεγάλος (megálos)
1130	συζήτηση	noun	discussion, debate, conversation (verbal exchange concerning a particular topic)
1131	βγάλεις	verb	second-person singular dependent of βγάζω (vgázo)
1132	αλλαγή	noun	change, differentiation, replacement (the action and the effect)
1133	χορό	noun	accusative singular of χορός (chorós)
1134	δικηγόρος	noun	attorney, solicitor, barrister
1135	πράκτορας	noun	agent
1136	θεραπεία	noun	cure, therapy, remedy
1137	βαθιά	adj	nominative/accusative/vocative feminine singular of βαθύς (vathýs)
1138	φορτηγό	noun	lorry, wagon, truck
1139	βρουν	verb	third-person plural dependent of βρίσκω (vrísko)
1140	κοινό	adj	nominative/accusative/vocative neuter singular of κοινός (koinós)
1141	μέρους	noun	genitive singular of μέρος (méros)
1142	κλαμπ	noun	club (association of members)
1143	κίνδυνο	noun	accusative singular of κίνδυνος (kíndynos)
1144	σημάδι	noun	mark, sign; scar, birthmark
1145	εύχομαι	verb	to wish
1146	επικίνδυνο	adj	accusative masculine singular of επικίνδυνος (epikíndynos)
1147	πονάει	verb	"third-person singular present of πονάω (ponáo): ""He/She/It hurts"""
1148	κόκκινο	adj	accusative masculine singular of κόκκινος (kókkinos)
1149	άλλαξε	verb	third-person singular simple past of αλλάζω (allázo)
1150	δείξε	verb	second-person singular active perfective imperative of δείχνω (deíchno, “to show”)
1151	ζώα	noun	nominative/accusative/vocative plural of ζώο (zóo)
1152	ασφαλές	adj	nominative neuter singular of ασφαλής (asfalís)
1153	πράκτορα	noun	genitive/accusative/vocative singular of πράκτορας (práktoras)
1154	πόλεμος	noun	war
1155	αδερφέ	noun	vocative singular of αδερφός (aderfós)
1156	ήρεμα	adv	calmly
1157	σοβαρό	adj	accusative masculine singular of σοβαρός (sovarós)
1158	παρίσι	name	Paris (the capital and largest city of France)
1159	μαχαίρι	noun	knife; dagger
1160	έγκυος	adj	pregnant
1161	κλειδιά	noun	nominative plural of κλειδί (kleidí)
1162	καθένας	pron	each, each one (separately)
1163	διορθώσεις	noun	nominative/accusative/vocative plural of διόρθωση (diórthosi)
1164	διάστημα	noun	interval (period of time)
1165	διότι	conj	because, for
1166	δεύτερο	noun	second (unit of time)
1167	ειλικρινής	adj	sincere, frank
1168	τζέιμς	name	a transliteration of the English male given name James
1169	πόσες	pron	nominative/accusative/vocative feminine plural of πόσος (pósos)
1170	βεβαίως	adv	certainly, of course
1171	γίνονται	verb	third-person plural present of γίνομαι (gínomai)
1172	γεμάτο	adj	masculine accusative singular of γεμάτος (gemátos)
1173	δώστε	verb	second-person plural perfective imperative of δίνω (díno)
1174	νεκροί	adj	nominative masculine plural of νεκρός (nekrós)
1175	εικόνα	noun	picture, image, painting, illustration, portrait
1176	ολόκληρη	adj	nominative/accusative/vocative feminine singular of ολόκληρος (olókliros)
1177	πιστεύετε	verb	second-person plural present active indicative of πιστεύω (pistévo)
1178	κουζίνα	noun	kitchen; cooker
1179	διαφορετικό	adj	accusative masculine singular of διαφορετικός (diaforetikós)
1180	αυτής	pron	genitive feminine singular of αυτός (aftós, “her”)
1181	δευτερόλεπτα	noun	nominative/accusative/vocative plural of δευτερόλεπτο (defterólepto)
1182	προσφορά	noun	offer, offering
1183	σωστή	adj	nominative feminine singular of σωστός (sostós)
1184	δυνατό	adj	accusative masculine singular of δυνατός (dynatós)
1185	εξ	prep	suggesting source or origin, of, by
1186	σερίφη	noun	genitive/accusative/vocative singular of σερίφης (serífis)
1187	κόλπο	noun	trick (something designed to fool or swindle)
1188	νεκρό	adj	accusative masculine singular of νεκρός (nekrós)
1189	πόλης	noun	genitive singular of πόλη (póli)
1190	ζευγάρι	noun	couple, pair; married or in romantic liaison, or acting together (of people)
1191	εκτιμώ	verb	to appreciate, respect
1192	μπάλα	noun	ball; bauble
1193	έξυπνος	adj	clever, intelligent, sharp
1194	σύζυγος	noun	yokefellow (close companion, co-worker, or mate)
1195	βγάζει	verb	third-person singular present of βγάζω (vgázo)
1196	άνδρα	noun	genitive/accusative/vocative singular of άνδρας (ándras)
1197	πολλή	adj	nominative/accusative feminine singular of πολύς (polýs)
1198	έχασε	verb	third-person singular simple past of χάνω (cháno)
1199	διακοπές	noun	holidays, holiday, leave, vacation
1200	λύση	noun	answer (to problem), solution
1201	γνωρίζει	verb	third-person singular present of γνωρίζω (gnorízo)
1202	μέλος	noun	member (of organisation, group, etc)
1203	θέλαμε	verb	first-person plural imperfect of θέλω (thélo)
1204	είδατε	verb	second-person plural simple past of βλέπω (vlépo)
1205	ονόματα	noun	nominative/accusative/vocative plural of όνομα (ónoma)
1206	βρίσκω	verb	to find, discover, locate
1207	αίσθηση	noun	sensation, sense
1208	μύτη	noun	nose; point, pencil lead
1209	έγιναν	verb	"third-person plural simple past of γίνομαι (gínomai): ""they became, they were born"""
1210	καλοί	adj	masculine nominative/accusative/vocative plural of καλός (kalós)
1211	μαρκ	name	a male given name, equivalent to English Mark
1212	μαίρη	name	a transliteration of the English female given name Mary
1213	δώσουμε	verb	first-person plural dependent of δίνω (díno)
1214	βήμα	noun	step, pace (an advance or movement made from one foot to the other)
1215	τεστ	noun	test
1216	νησί	noun	island
1217	αρχίζει	verb	third-person singular present of αρχίζω (archízo)
1218	πίστη	noun	faith, creed, belief
1219	επτά	num	seven
1220	λειτουργεί	verb	third-person singular present of λειτουργώ (leitourgó)
1221	θέλατε	verb	second-person plural imperfect of θέλω (thélo)
1222	μαύρο	noun	black (color/colour)
1223	κρύο	noun	cold, cold weather, etc.
1224	ζητώ	verb	to ask for, request
1225	έδαφος	noun	ground; soil, land, earth
1226	αίθουσα	noun	room, chamber, hall, auditorium (generally large and public)
1227	αστυνομικός	adj	police, detective
1228	βγάλουμε	verb	first-person plural dependent of βγάζω (vgázo)
1229	επί	prep	on, upon; times
1230	λονδίνο	name	London (the capital city of the United Kingdom; the capital city of England)
1231	δικηγόρο	noun	accusative singular of δικηγόρος (dikigóros)
1232	απόλυτα	adv	absolutely, completely, altogether
1233	δικέ	pron	vocative masculine singular of δικός (dikós)
1234	χένρι	name	a transliteration of the English male given name and surname Henry
1235	μυστικά	adv	secretly
1236	είπαμε	verb	"first-person plural simple past of λέω (léo): ""we said"""
1237	ήρθαμε	verb	first-person plural simple past of έρχομαι (érchomai)
1238	λέξεις	noun	nominative plural of λέξη (léxi)
1239	λογαριασμό	noun	accusative singular of λογαριασμός (logariasmós)
1240	φάει	verb	active nonfinite form of τρώω (tróo).
1241	ημέρες	noun	nominative/accusative/vocative plural of ημέρα (iméra)
1242	εξαφανίστηκε	verb	third-person singular simple past of εξαφανίζομαι (exafanízomai)
1243	έδωσες	verb	second-person singular simple past of δίνω (díno)
1244	τουαλέτα	noun	toilet, lavatory, WC (the fixture and the room)
1245	αρκεί	verb	third-person singular present active indicative of αρκώ (arkó)
1246	ταιριάζει	verb	third-person singular present indicative of ταιριάζω (tairiázo)
1247	έπιασε	verb	third-person singular simple past of πιάνω (piáno)
1248	βάζεις	verb	second-person singular present of βάζω (vázo)
1249	γίνουν	verb	third-person plural dependent of γίνομαι (gínomai)
1250	σκέψη	noun	thought, mental activity
1251	έγκλημα	noun	crime, felony
1252	ελεύθερος	adj	free, single, available
1253	άσχημο	adj	accusative masculine singular of άσχημος (áschimos)
1254	ταξί	noun	taxi
1255	κοιμηθώ	verb	first-person singular dependent of κοιμάμαι (koimámai)
1256	ηλίθια	adv	stupidly, foolishly
1257	πίεση	noun	pressure; pressure, stress (mental)
1258	στρατιώτες	noun	nominative/accusative/vocative plural of στρατιώτης (stratiótis)
1259	έργο	noun	work, project; film, stage play, etc
1260	ενέργεια	noun	energy; action
1261	καλές	adj	feminine nominative/accusative/vocative plural of καλός (kalós)
1262	τρίτη	noun	Tuesday (day of the week)
1263	τρένο	noun	train (engine and carriages as a whole)
1264	θέσεις	noun	nominative/accusative/vocative plural of θέση (thési)
1265	μετάφραση	noun	translation; translation (the discipline or study of translating written language)
1266	κιόλας	adv	already (in the context of 'so soon')
1267	κος	noun	Mr, Mr.
1268	γαμήσου	verb	found in the expression άντε γαμήσου (ánte gamísou) / άι γαμήσου (ái gamísou)
1269	μπομπ	name	a transliteration of the English male given name diminutive Bob
1270	συμφωνώ	verb	to agree, agree with
1271	γαμημένο	verb	accusative masculine singular of γαμημένος (gamiménos)
1272	μπορούσαν	verb	third-person plural imperfect of μπορώ (boró)
1273	ανθρώπων	noun	genitive plural of άνθρωπος (ánthropos)
1274	ξεκίνησε	verb	third-person singular simple past of ξεκινάω (xekináo)
1275	παππού	noun	genitive singular of παππούς (pappoús)
1276	παιχνίδια	noun	nominative plural of παιχνίδι (paichnídi)
1277	μαλάκα	noun	genitive/accusative/vocative singular of μαλάκας (malákas)
1278	βγάλει	verb	active nonfinite form of βγάζω (vgázo)
1279	προσπάθεια	noun	attempt, try; go (informal)
1280	κρατήσεις	noun	nominative plural of κράτηση (krátisi)
1281	εμπιστοσύνη	noun	trust; confidence
1282	χωριό	noun	village; villagers
1283	φάω	verb	first-person singular dependent active of τρώω (tróo)
1284	παράδειγμα	noun	example, instance
1285	έτοιμο	adj	accusative masculine singular of έτοιμος (étoimos)
1286	πιθανότητα	noun	possibility (the quality of being possible)
1287	ζω	verb	to live; to live on, endure (continue to exist)
1288	τόση	pron	nominative/accusative feminine singular of τόσος (tósos)
1289	αγαπητή	adj	nominative feminine singular of αγαπητός (agapitós)
1290	φοράς	noun	genitive singular of φορά (forá)
1291	εμπειρία	noun	experience (knowledge or skill gained by practice)
1292	εργαστήριο	noun	workshop; laboratory
1293	μπα	intj	wow (interjection denoting surprise)
1294	στολή	noun	costume / uniform (clothing distinctive to a profession, soldier, etc)
1295	υπεύθυνος	adj	responsible
1296	ιστορίες	noun	nominative plural of ιστορία (istoría)
1297	ευτυχισμένη	adj	nominative/accusative/vocative feminine singular of ευτυχισμένος (eftychisménos)
1298	αποκλείεται	verb	it is impossible, it's out of the question
1299	περνάει	verb	first-person singular present indicative of περνάω (pernáo) and περνώ (pernó)
1300	τοίχο	noun	accusative singular of τοίχος (toíchos)
1301	σόου	noun	show (a performed entertainment spectacle)
1302	βρίσκονται	verb	third-person plural present of βρίσκομαι (vrískomai, “to be, to be found”)
1303	μπεις	verb	second-person singular dependent of μπαίνω (baíno)
1304	πραγματική	adj	nominative feminine singular of πραγματικός (pragmatikós)
1305	φώτα	noun	nominative plural of φως (fos)
1306	χρυσό	adj	masculine accusative masculine
1307	περισσότεροι	adj	nominative/vocative masculine plural of περισσότερος (perissóteros)
1308	θείος	noun	uncle (a parent’s brother or parent's brother-in-law)
1309	πρόταση	noun	sentence, clause, proposition
1310	ηλίθιο	adj	accusative masculine singular of ηλίθιος (ilíthios)
1311	πρόσβαση	noun	access, approach
1312	λεωφορείο	noun	bus, omnibus
1313	γλυκέ	adj	vocative masculine singular of γλυκός (glykós)
1314	βάρος	noun	weight; weight, heaviness
1315	τύποι	noun	nominative/vocative plural of τύπος (týpos)
1316	έχασες	verb	second-person singular simple past of χάνω (cháno)
1317	τρύπα	noun	hole
1318	σεβασμό	noun	accusative singular of σεβασμός (sevasmós)
1319	γεύμα	noun	meal, especially lunch
1320	κλήση	noun	call; summons, subpoena
1321	ζήσει	verb	active nonfinite form of ζω (zo)
1322	υπόλοιπα	adj	nominative/accusative/vocative neuter plural of υπόλοιπος (ypóloipos)
1323	ζεις	verb	second-person singular present of ζω (zo)
1324	δίκη	noun	trial
1325	προτιμώ	verb	to prefer, like more
1326	δίκαιο	noun	law
1327	εννοούσα	verb	first-person singular imperfect of εννοώ (ennoó)
1328	διαδικασία	noun	procedure, process, protocol
1329	μερικούς	adj	accusative masculine plural of μερικός (merikós)
1330	τω	article	monotonic form of τῷ (tôi), masculine/neuter dative singular of ὁ (o)
1331	παραλίγο	adv	nearly, almost, near miss, close but no cigar, hair's breadth, just
1332	πάθει	verb	third-person singular dependent of παθαίνω (pathaíno)
1333	φέρνει	verb	third-person singular present of φέρνω (férno)
1334	βγεις	verb	second-person singular dependent of βγαίνω (vgaíno)
1335	βραδιά	noun	evening; night
1336	πνεύμα	noun	spirit, the (soul)
1337	γκέι	adj	gay (of, or concerning homosexuals)
1338	βοηθήσουμε	verb	first-person plural dependent of βοηθώ (voïthó)
1339	ζήσω	verb	first-person singular dependent of ζω (zo)
1340	καπέλο	noun	hat, cap; something hat-shaped
1341	επεισόδιο	noun	incident, event
1342	αληθινή	adj	nominative feminine singular of αληθινός (alithinós)
1343	σώσει	verb	active nonfinite form of σώζω (sózo)
1344	γέφυρα	noun	bridge (construction that spans a divide)
1345	σημαντική	adj	nominative feminine singular of σημαντικός (simantikós)
1346	άρρωστος	adj	ill, sick; sickly
1347	κοριτσάκι	noun	diminutive of κορίτσι (korítsi, “little girl, sweetheart”)
1348	μεγάλε	adj	masculine vocative singular of μεγάλος (megálos)
1349	εστιατόριο	noun	restaurant
1350	συνεχώς	adv	continuously
1351	συμπεριφορά	noun	behaviour (UK), behavior (US)
1352	εργασία	noun	job, profession, work
1353	δικούς	pron	accusative masculine plural of δικός (dikós)
1354	πάτωμα	noun	floor of a room, elevator etc.
1355	λουλούδια	noun	nominative plural of λουλούδι (louloúdi)
1356	γάμος	noun	marriage, wedding (ceremony)
1357	στοιχείο	noun	unit, element, cell (a portion of a whole)
1358	αίματος	noun	genitive singular of αίμα (aíma)
1359	ανησυχείτε	verb	second-person plural present indicative
1360	πτήση	noun	flight, the act of flying
1361	ειρήνη	noun	peace, tranquility, harmony
1362	ρολόι	noun	clock, timepiece (instrument that measures or keeps track of time)
1363	αποτέλεσμα	noun	result, outcome (sport, election, etc)
1364	χάρι	name	a transliteration of the English male given name Harry
1365	βλέπουμε	verb	first-person plural present of βλέπω (vlépo)
1366	στόχος	noun	target; aim, intent
1367	πήραμε	verb	first-person plural simple past of παίρνω (paírno)
1368	ηπα	name	acronym of Ηνωμένες Πολιτείες Αμερικής (Inoménes Politeíes Amerikís) (= United States of America): a country in North America: USA
1369	φαίνονται	verb	third-person plural present of φαίνομαι (faínomai)
1370	δέντρο	noun	tree; tree (type of diagram)
1371	δικιά	pron	nominative feminine singular of δικός (dikós)
1372	ζώνη	noun	belt, sash, seat belt
1373	μερικοί	adj	nominative/vocative masculine plural of μερικός (merikós)
1374	φταίω	verb	to be to blame, be at fault, be in the wrong
1375	μοίρα	noun	fate; destiny; portion; share
1376	σκοτάδι	noun	darkness, dark
1377	γωνία	noun	angle; corner
1378	δόντια	noun	nominative/accusative/vocative plural of δόντι (dónti)
1379	έπιασα	verb	first-person singular simple past of πιάνω (piáno)
1380	σπίτια	noun	nominative plural of σπίτι (spíti)
1381	σκυλί	noun	dog (Canis lupus familiaris) (general term for both sexes)
1382	σον	name	a transliteration of the English male given name Sean, Shaun, or Shawn
1383	χρώμα	noun	colour (UK), color (US)
1384	αγαπημένο	verb	accusative masculine singular of αγαπημένος (agapiménos)
1385	φόρεμα	noun	dress (item of clothing)
1386	λεπτομέρειες	noun	nominative/accusative/vocative plural of λεπτομέρεια (leptoméreia)
1387	επιπλέον	adj	further, more, extra
1388	ρώτησα	verb	first-person singular simple past of ρωτάω (rotáo)
1389	συνέντευξη	noun	interview
1390	ταινίες	noun	nominative plural of ταινία (tainía)
1391	επίπεδο	noun	plane, level; standard, level
1392	ήσυχο	adj	accusative masculine singular of ήσυχος (ísychos)
1393	περισσότερες	adj	nominative/accusative/vocative feminine plural of περισσότερος (perissóteros)
1394	έβαλες	verb	second-person singular simple past of βάζω (vázo)
1395	μπουκάλι	noun	bottle; the contents of a bottle
1396	έρωτα	noun	accusative singular of Έρως (Éros)
1397	δολοφονία	noun	premediated murder, homicide, assassination
1398	μαλάκας	noun	wanker, tosser (person who is masturbating, a masturbator)
1399	επιτυχία	noun	success
1400	ρόλο	noun	accusative singular of ρόλος (rólos)
1401	εξετάσεις	noun	nominative/accusative/vocative plural of εξέταση (exétasi)
1402	ράιαν	name	a transliteration of the English surname and male given name Ryan
1403	χαρτί	noun	paper
1404	τζόνι	name	a transliteration of the English male given name Johnny or Jonny
1405	προστασία	noun	protection, keeping safe
1406	αδελφό	noun	accusative singular of αδελφός (adelfós)
1407	τζίμι	name	a transliteration of the English male given name diminutive Jimmy
1408	παράσταση	noun	performance; presentation
1409	χάσαμε	verb	first-person plural simple past of χάνω (cháno)
1410	σκληρό	adj	accusative masculine singular of σκληρός (sklirós)
1411	πορεία	noun	course, track, direction of movement
1412	ενάντια	adj	nominative/accusative/vocative neuter plural of ενάντιος (enántios)
1413	πολέμου	noun	genitive singular of πόλεμος (pólemos)
1414	ρίτσαρντ	name	a transliteration of the English male given name Richard
1415	οποιαδήποτε	pron	nominative feminine singular of οποιοσδήποτε (opoiosdípote)
1416	κουβέντα	noun	chat, conversation, talk
1417	συμβουλή	noun	advice
1418	ντάνιελ	name	a transliteration of the English male given name Daniel
1419	βόρεια	adj	nominative/accusative/vocative feminine singular of βόρειος (vóreios)
1420	λόγους	noun	accusative plural of λόγος (lógos)
1421	καθαρά	adj	nominative/accusative/vocative neuter plural of καθαρός (katharós)
1422	κέιτ	name	a transliteration of the English female given name Kate or Cate
1423	ιδιαίτερα	adj	nominative neuter plural of ιδιαίτερος (idiaíteros)
1424	όνειρα	noun	nominative/accusative/vocative plural of όνειρο (óneiro)
1425	ακρίβεια	noun	accuracy, exactness, exactitude
1426	εξάλλου	adv	besides, in addition, moreover
1427	κατευθείαν	adv	directly; straight ahead
1428	αλλάζει	verb	third-person singular present of αλλάζω (allázo)
1429	αφήνω	verb	to leave, allow, let, let go, let go of, drop, drop off, abandon
1430	τζέικ	name	a transliteration of the English male given name Jake
1431	χρησιμοποίησε	verb	third-person singular simple past of χρησιμοποιώ (chrisimopoió)
1432	τέτοιες	pron	nominative/accusative/vocative feminine plural of τέτοιος (tétoios)
1433	πιστεύουμε	verb	first-person plural present active indicative of πιστεύω (pistévo)
1434	ευθύνη	noun	liability; responsibility
1435	μιλάτε	verb	second-person plural present of μιλάω (miláo)^†
1436	μητέρας	noun	genitive singular of μητέρα (mitéra)
1437	πουλί	noun	bird; willy, peter, wee-wee, pee-pee (the penis)
1438	εφημερίδα	noun	newspaper, gazette
1439	ελευθερία	noun	freedom, liberty
1440	κυρίως	adv	mainly, chiefly
1441	τηλεφώνημα	noun	telephone call, phone call, call, telephone conversation
1442	κόπο	noun	accusative singular of κόπος (kópos)
1443	διαταγές	noun	nominative plural of διαταγή (diatagí)
1444	πολιτική	noun	politics, policy
1445	κέβιν	name	a transliteration of the English male given name Kevin
1446	σκύλο	noun	accusative singular of σκύλος (skýlos)
1447	ηλίθιε	adj	vocative masculine singular of ηλίθιος (ilíthios)
1448	γυναίκας	noun	genitive singular of γυναίκα (gynaíka)
1449	συμβούλιο	noun	board (committee that manages the business of an organization)
1450	δύσκολα	adj	nominative neuter plural of δύσκολος (dýskolos)
1451	φάντασμα	noun	ghost, phantasm, phantom, spectre (UK), specter (US)
1452	φάνηκε	verb	third-person singular simple past of φαίνομαι (faínomai)
1453	καριέρα	noun	career
1454	επικεφαλής	adv	at the head
1455	υπήρξε	verb	third-person singular simple past of υπάρχω (ypárcho)
1456	άλογα	adj	nominative/accusative/vocative neuter plural of άλογος (álogos)
1457	παίζω	verb	to play (with toys, to have fun)
1458	στου	contraction	contraction of σε (se) + του (tou), literally “to (of) the”
1459	λευκό	adj	accusative masculine singular of λευκός (lefkós)
1460	γάμου	noun	genitive singular of γάμος (gámos)
1461	χαρούμενη	verb	nominative/accusative/vocative feminine singular of χαρούμενος (charoúmenos)
1462	αποτελέσματα	noun	results
1463	τόνι	name	a transliteration of the English male given name Tony
1464	σώσω	verb	first-person singular dependent active of σώζω (sózo)
1465	ρόμπερτ	name	a transliteration of the English male given name Robert
1466	πρόσφατα	adv	recently
1467	γράφει	verb	third-person singular present of γράφω (gráfo)
1468	τζέιν	name	a transliteration of the English female given name Jane
1469	εγκλήματος	noun	genitive singular of έγκλημα (égklima)
1470	γαμώ	verb	to fuck, screw, shag
1471	θύματα	noun	nominative/accusative/vocative plural of θύμα (thýma)
1472	δείχνουν	verb	third-person plural present of δείχνω (deíchno)
1473	τζιν	noun	gin (alcoholic drink)
1474	πιθανότατα	adj	nominative/accusative/vocative neuter plural of πιθανότατος
1475	οκτώ	num	eight, 8
1476	νότια	adj	nominative/accusative/vocative feminine singular of νότιος (nótios)
1477	παραλία	noun	beach, seashore
1478	κρίση	noun	judgment, opinion, verdict
1479	στόχο	noun	accusative singular of στόχος (stóchos)
1480	έλεγαν	verb	"third-person plural imperfect of λέω (léo): ""they were saying"""
1481	αστεία	adv	in a funny way
1482	δαχτυλίδι	noun	ring for the finger
1483	βάζω	verb	to put (put on, put in, put forth), place
1484	δολοφόνο	noun	accusative singular of δολοφόνος (dolofónos)
1485	τελευταίες	adj	nominative/accusative/vocative feminine plural of τελευταίος (teleftaíos)
1486	μπούμε	verb	first-person plural dependent of μπαίνω (baíno)
1487	καταστροφή	noun	disaster, catastrophe
1488	μαρία	name	Mary; a female given name from Hebrew, equivalent to English Mary or Maria
1489	πιθανό	adj	accusative masculine singular of πιθανός (pithanós)
1490	δυνατή	adj	nominative feminine singular of δυνατός (dynatós)
1491	κερδίσει	verb	active nonfinite form of κερδίζω (kerdízo).
1492	βρήκατε	verb	second-person plural simple past of βρίσκω (vrísko)
1493	πηγή	noun	source, origin (person, place, thing)
1494	βρίσκομαι	verb	to be located, to find oneself somewhere
1495	θαυμάσια	adv	wonderfully
1496	γράμματα	noun	nominative/accusative/vocative plural of γράμμα (grámma)
1497	γάλα	noun	milk
1498	μπράιαν	name	a transliteration of the English male given name Brian or Bryan
1499	ταχύτητα	noun	speed, velocity
1500	γύρισα	verb	first-person singular simple past of γυρίζω (gyrízo)
1501	μένεις	verb	second-person singular present of μένω (méno)
1502	ελεύθερη	adj	nominative/accusative/vocative feminine singular of ελεύθερος (eléftheros)
1503	καρέκλα	noun	chair; seat
1504	όσους	pron	accusative masculine plural of όσος (ósos)
1505	υπάρξει	verb	active nonfinite form of υπάρχω (ypárcho)
1506	διευθυντής	noun	manager, director
1507	κάποιους	pron	accusative masculine plural of κάποιος (kápoios)
1508	απέναντι	adv	opposite, on the other side, across, over the way from
1509	απόδειξη	noun	proof; evidence
1510	πανεπιστήμιο	noun	university
1511	αριθμός	noun	numeral, number
1512	έφυγα	verb	first-person singular simple past of φεύγω (févgo)
1513	στήθος	noun	chest, thorax; bust, breasts
1514	χτύπημα	noun	rap, blow, knock (the action or the result of the action)
1515	πάρκο	noun	park; garden
1516	μνήμη	noun	memory; remembrance
1517	τεράστια	adj	nominative/accusative/vocative feminine singular of τεράστιος (terástios)
1518	έρικ	name	a transliteration of the English male given name Eric
1519	δέρμα	noun	skin (of human or animal)
1520	μένω	verb	to stay, reside, live (somewhere)
1521	πύλη	noun	gate, portal; portal
1522	γελοίο	adj	accusative masculine singular of γελοίος (geloíos)
1523	βρε	intj	hey, eh, dude (a sort of vocative familiar call to a friend or acquaintance)
1524	είδαμε	verb	first-person plural simple past of βλέπω (vlépo)
1525	επιλογές	noun	nominative plural of επιλογή (epilogí)
1526	παρόν	adj	nominative/accusative/vocative neuter singular of παρών (parón)
1527	μαγεία	noun	magic, sorcery, witchcraft
1528	κουνήσου	verb	second-person singular perfective imperative of κουνιέμαι
1529	διάβασα	verb	first-person singular simple past of διαβάζω (diavázo)
1530	βρίσκεις	verb	"second-person singular present of βρίσκω (vrísko): ""you find"""
1531	χαρούμενος	verb	happy, cheerful, joyful, merry
1532	απλή	adj	nominative/accusative/vocative feminine singular of απλός (aplós)
1533	τελείωσα	verb	first-person singular simple past of τελειώνω (teleióno)
1534	στιγμές	noun	nominative plural of στιγμή (stigmí)
1535	πυροβόλησε	verb	third-person singular simple past of πυροβολώ (pyrovoló)
1536	φύση	noun	nature
1537	μονάδα	noun	unit of measurement, charge unit
1538	ψέμα	noun	lie
1539	σαββατοκύριακο	noun	spelling with lowercase of Σαββατοκύριακο (Savvatokýriako)
1540	λάθη	noun	nominative/accusative/vocative plural of λάθος (láthos)
1541	ιδέες	noun	nominative plural of ιδέα (idéa)
1542	έξυπνο	adj	accusative masculine singular of έξυπνος (éxypnos)
1543	αγορά	noun	agora, the ancient square or marketplace, the centre of public life
1544	σκοτ	name	a transliteration of the English male given name and surname Scott
1545	παρασκευή	noun	Friday; a female given name, Paraskevi
1546	κάμερες	noun	nominative/accusative/vocative plural of κάμερα (kámera)
1547	φτάσαμε	verb	first-person plural simple past of φτάνω (ftáno)
1548	οδηγεί	verb	third-person singular present of οδηγώ (odigó)
1549	τρώει	verb	third-person singular present of τρώω (tróo)
1550	πριγκίπισσα	noun	princess (daughter of a monarch)
1551	μαύρη	adj	nominative feminine singular of μαύρος (mávros)
1552	εκδίκηση	noun	revenge, vengeance
1553	αεροδρόμιο	noun	airport, aerodrome
1554	κρέας	noun	meat
1555	έστω	adv	even so; let's say, let's suppose, let's assume
1556	κατάλληλη	adj	nominative feminine singular of κατάλληλος (katállilos)
1557	σκουπίδια	noun	nominative/accusative/vocative plural of σκουπίδι (skoupídi)
1558	προτού	conj	before
1559	καθαρό	adj	accusative masculine singular of καθαρός (katharós)
1560	θέματα	noun	nominative/accusative/vocative plural of θέμα (théma)
1561	φάρμακα	noun	nominative/accusative/vocative plural of φάρμακο (fármako)
1562	τύπου	noun	genitive singular of τύπος (týpos)
1563	βοηθός	noun	helper, assistant
1564	γάτα	noun	cat (domestic species)
1565	μάρτιν	name	a transliteration of the English male given name and surname Martin
1566	μέλη	noun	nominative plural of μέλος (mélos)
1567	απαίσιο	adj	accusative masculine singular of απαίσιος (apaísios)
1568	ωστόσο	conj	nevertheless, nonetheless, however, but, yet, still (in spite of what preceded)
1569	φάση	noun	phase, stage (a distinguishable part of a sequence or cycle occurring over time)
1570	ήρωας	noun	hero (courageous person; chief character in drama, book, etc)
1571	ισχύει	verb	third-person singular present indicative of ισχύω (ischýo)
1572	δικοί	pron	nominative masculine plural of δικός (dikós)
1573	κρατάω	verb	κρατιέμαι (kratiémai)
1574	καλοκαίρι	noun	summertime, summer
1575	υπόλοιπο	adj	accusative masculine singular of υπόλοιπος (ypóloipos)
1576	προτείνω	verb	to suggest, propose
1577	έντι	name	a transliteration of the English male given name diminutive Eddie
1578	εις	prep	to
1579	εντολή	noun	order, command (instruction given to someone more junior)
1580	έγραψε	verb	third-person singular simple past of γράφω (gráfo)
1581	ονομάζεται	verb	third-person singular present indicative of ονομάζομαι
1582	δρόμους	noun	accusative plural of δρόμος (drómos)
1583	απαίσια	adj	nominative/accusative/vocative feminine singular of απαίσιος (apaísios)
1584	πεδίο	noun	field, domain, range, plain
1585	νόμο	noun	accusative singular of νόμος (nómos)
1586	απειλή	noun	threat, menace
1587	βάλτε	noun	vocative singular of βάλτος (váltos)
1588	επιστρέφω	verb	to return, come back
1589	γέρος	noun	old man (elderly male person)
1590	σέξι	adj	sexy
1591	θεωρία	noun	theory; contemplation
1592	διασκέδαση	noun	amusement, entertainment
1593	εκατό	num	hundred, 100; a hundred, a thousand (expressing exaggeration)
1594	εκείνα	pron	nominative/accusative/vocative neuter plural of εκείνος (ekeínos)
1595	στάση	noun	position, attitude, stance (physical or mental)
1596	ζητάω	verb	to ask for, request
1597	σημάδια	noun	nominative/accusative/vocative plural of σημάδι (simádi)
1598	γεύση	noun	taste (sense); taste (sweet, sour, etc)
1599	καθήκον	noun	duty
1600	στραβά	adj	nominative/accusative/vocative neuter plural of στραβός (stravós)
1601	αποθήκη	noun	storeroom; warehouse
1602	πόση	noun	drinking (the act by which drink is consumed)
1603	νίκη	noun	victory
1604	σπουδαίο	adj	accusative masculine singular of σπουδαίος (spoudaíos)
1605	βγείτε	verb	second-person plural dependent of βγαίνω (vgaíno)
1606	οδό	noun	accusative singular of οδός (odós)
1607	κηδεία	noun	funeral (civic or religious ceremony)
1608	κούκλα	noun	doll, puppet, marionette (toy in the form of a human, usually of a baby or girl)
1609	θείε	noun	vocative singular of θείος (theíos)
1610	κατάφερα	verb	first-person singular simple past of καταφέρνω (kataférno)
1611	μετρητά	noun	cash, money in distinction to valuables, property, investments etc.
1612	μεγάλες	adj	nominative feminine plural of μεγάλος (megálos)
1613	αδύνατο	adj	masculine accusative singular of αδύνατος (adýnatos)
1614	ήσυχη	adj	nominative feminine singular of ήσυχος (ísychos)
1615	ποτάμι	noun	river, stream; stream, flow
1616	όποιον	pron	accusative masculine singular of όποιος (ópoios)
1617	πελάτης	noun	customer, client, patient
1618	ωραίος	adj	good, fine, nice
1619	γειτονιά	noun	neighbourhood (UK), neighborhood (US)
1620	προσεκτικά	adj	nominative neuter plural of προσεκτικός (prosektikós)
1621	ελέγχου	noun	genitive singular of έλεγχος (élenchos)
1622	παγίδα	noun	trap, gin trap, snare
1623	έξυπνη	adj	nominative feminine singular of έξυπνος (éxypnos)
1624	άνετα	adv	comfortably, leisurely
1625	κάνα	pron	nominative/accusative neuter of κανένας (kanénas)
1626	σκληρή	adj	nominative feminine singular of σκληρός (sklirós)
1627	γης	noun	genitive singular of γη (gi)
1628	πατρίδα	noun	homeland, country of birth
1629	δρόμος	noun	roadway, road, street, way
1630	παίρνουν	verb	third-person plural present of παίρνω (paírno)
1631	θαύμα	noun	miracle, supernatural event
1632	αγαπημένη	verb	nominative/accusative/vocative feminine singular of αγαπημένος (agapiménos)
1633	ουρανό	noun	accusative singular of ουρανός (ouranós)
1634	οποίος	pron	who, which, that
1635	αρχές	noun	nominative plural of αρχή (archí)
1636	ξύλο	noun	wood (material forming the structure of trees)
1637	ταυτότητα	noun	identity; ID, identity card
1638	δικές	pron	nominative feminine plural of δικός (dikós)
1639	τριγύρω	adv	around, all around
1640	πιάσε	verb	"second-person singular perfective imperative of πιάνω (piáno): ""catch!"""
1641	έκρηξη	noun	explosion, blast
1642	γιου	noun	genitive singular of γιος (gios, “son”)
1643	χρησιμοποιεί	verb	third-person singular present active indicative of χρησιμοποιώ (chrisimopoió)
1644	πλήρη	adj	accusative/vocative masculine singular of πλήρης (plíris)
1645	διάλειμμα	noun	pause, break, recess (a rest or pause, usually from work); elevenses (morning break)
1646	περήφανος	adj	proud
1647	λουκ	name	a transliteration of the English male given name Luke
1648	αγοράσω	verb	first-person singular dependent of αγοράζω (agorázo)
1649	σκυλιά	noun	nominative plural of σκυλί (skylí)
1650	αγγλικά	noun	English (language)
1651	πόρνη	noun	harlot; prostitute; whore
1652	μπαίνει	verb	third-person singular present of μπαίνω (baíno)
1653	διάβολο	noun	accusative singular of διάβολος (diávolos)
1654	ζουν	verb	third-person plural present indicative of ζω (zo)
1655	αυτών	det	genitive masculine/feminine/neuter plural of αυτός (aftós)
1656	διάφορα	adj	nominative/accusative/vocative neuter plural of διάφορος (diáforos)
1657	βλέπουν	verb	third-person plural present of βλέπω (vlépo)
1658	λογική	adj	nominative/accusative/vocative feminine singular of λογικός (logikós)
1659	γενέθλια	noun	birthday
1660	επιτρέπεται	verb	it is allowed
1661	ουίσκι	noun	whisky (UK), whiskey (US, Irish)
1662	ελεύθερο	noun	freestyle (swimming event)
1663	ζήσεις	verb	second-person singular dependent of ζω (zo)
1664	ένιωσα	verb	first-person singular simple past of νιώθω (niótho)
1665	ελήφθη	verb	third-person singular simple past of λαμβάνομαι
1666	βιάσου	verb	second-person singular perfective imperative of βιάζομαι
1667	αποφάσισα	verb	"first-person singular simple past of αποφασίζω (apofasízo): ""I decided"""
1668	χρησιμοποιήσω	verb	first-person singular dependent of χρησιμοποιώ (chrisimopoió)
1669	άλλου	pron	genitive masculine singular of άλλος (állos)
1670	έστειλα	verb	first-person singular simple past of στέλνω (stélno)
1671	λίμνη	noun	lake
1672	κοιμηθείς	verb	second-person singular dependent of κοιμάμαι (koimámai)
1673	πιούμε	verb	first-person plural dependent of πίνω (píno)
1674	δωρεάν	adv	free, free of charge, gratis, as a gift
1675	σχολή	noun	faculty, school (division of institutions of higher education)
1676	ζεστό	adj	accusative masculine singular of ζεστός (zestós)
1677	ομάδας	noun	genitive singular of ομάδα (omáda)
1678	δυνατός	adj	strong, loud; strong, powerful
1679	σχέσεις	noun	nominative/accusative/vocative plural of σχέση (schési)
1680	παντρευτεί	verb	passive nonfinite form of παντρεύομαι (pantrévomai), the passive of παντρεύω (pantrévo).
1681	ποτήρι	noun	glass (drinking vessel, usually made of glass)
1682	αξία	noun	value, price, worth
1683	όμορφος	adj	beautiful, pretty, handsome (especially of objects, pictures etc)
1684	πωλ	name	dated but popular, non-simplified spelling of Πολ (Pol)
1685	πρόεδρο	noun	accusative singular of πρόεδρος (próedros)
1686	ναρκωτικών	adj	genitive masculine/feminine/neuter plural of ναρκωτικός (narkotikós)
1687	άσχημη	adj	nominative feminine singular of άσχημος (áschimos)
1688	τυχερή	adj	nominative/accusative/vocative feminine singular of τυχερός (tycherós)
1689	κορυφή	noun	peak, summit, top, crest
1690	φήμη	noun	fame; reputation
1691	πουν	verb	third-person plural dependent of λέω (léo)
1692	σκέψεις	noun	nominative/accusative/vocative plural of σκέψη (sképsi)
1693	πόρτες	noun	nominative plural of πόρτα (pórta)
1694	χάνεις	verb	"second-person singular present of χάνω (cháno) ""you lose"""
1695	απασχολημένος	verb	busy
1696	φιλί	noun	kiss
1697	πράξη	noun	act, deed; action, praxis
1698	μπείτε	verb	second-person plural dependent active of μπαίνω (baíno)
1699	αστυνομικό	adj	accusative masculine singular of αστυνομικός (astynomikós)
1700	σερ	noun	Sir (the titular prefix given to a knight or baronet)
1701	συνεχίστε	verb	second-person plural perfective imperative of συνεχίζω (synechízo)
1702	καταφέρω	verb	to inflict, to land (a blow)
1703	εμπιστεύομαι	verb	to trust, entrust someone
1704	λογικό	noun	reason, mind
1705	παππούς	noun	grandfather, grandad, grandpa (father of one's parents)
1706	αναρωτιόμουν	verb	first-person singular imperfect of αναρωτιέμαι (anarotiémai)
1707	περίεργα	adv	curiously, strangely
1708	τέρμα	noun	conclusion, end, goal
1709	βαν	noun	van
1710	διαφορετική	adj	nominative feminine singular of διαφορετικός (diaforetikós)
1711	τρως	verb	"second-person singular present of τρώω (tróo): ""you eat"""
1712	ήσυχα	adv	quietly
1713	διάθεση	noun	disposal (making available money or services or making oneself available)
1714	γλύκα	noun	sweetness (the condition of being sweet)
1715	περί	prep	about, approximately
1716	ξαναδώ	verb	first-person singular dependent active indicative of ξαναβλέπω (xanavlépo)
1717	απόσταση	noun	distance (between two points)
1718	πόσοι	pron	nominative/vocative masculine plural of πόσος (pósos)
1719	βλάκας	noun	person with moderate learning difficulties
1720	κουνηθείτε	verb	second-person plural dependent of κουνιέμαι (kouniémai)
1721	τόπο	noun	accusative singular of τόπος (tópos)
1722	ανοησίες	noun	nominative plural of ανοησία (anoïsía)
1723	γεμάτη	adj	feminine nominative singular of γεμάτος (gemátos)
1724	βρεθεί	verb	passive nonfinite form of βρίσκομαι (vrískomai), the passive of βρίσκω (vrísko)
1725	ντροπή	noun	shyness, bashfulness (quality of being shy, a fear of social interactions)
1726	τόμας	name	a transliteration of the English male given name and surname Thomas
1727	γεγονότα	noun	nominative plural of γεγονός (gegonós)
1728	ένταλμα	noun	order, warrant (written authorisation, order, command, etc)
1729	έσπασε	verb	third-person singular simple past of σπάω (spáo)
1730	στρατός	noun	army, military force
1731	μπόρεσα	verb	first-person singular simple past of μπορώ (boró)
1732	μπελάδες	noun	nominative/accusative/vocative plural of μπελάς (belás)
1733	ληστεία	noun	robbery
1734	προηγούμενη	verb	nominative/accusative/vocative feminine singular of προηγούμενος (proïgoúmenos)
1735	θυμωμένος	verb	angry, irate, disgruntled
1736	δικαιοσύνη	noun	justice, judicial system
1737	άρρωστη	adj	nominative feminine singular of άρρωστος (árrostos)
1738	ευγενικό	adj	masculine accusative singular of ευγενικός (evgenikós)
1739	εντολές	noun	nominative/accusative/vocative plural of εντολή (entolí)
1740	έφτιαξα	verb	first-person singular simple past of φτιάχνω (ftiáchno)
1741	νόμος	noun	law, rule, code
1742	γέρο	adj	accusative masculine singular of γέρος (géros)
1743	σκύλος	noun	dog (Canis lupus familiaris) (general term for both sexes or more specifically, a male)
1744	μοναδική	adj	nominative feminine singular of μοναδικός (monadikós)
1745	αποτυπώματα	noun	nominative/accusative/vocative plural of αποτύπωμα (apotýpoma)
1746	βλακείες	noun	nominative plural of βλακεία (vlakeía)
1747	τζόι	name	a transliteration of the English male given name Joey
1748	άλλων	pron	genitive masculine/feminine/neuter plural of άλλος (állos)
1749	εξαιρετικά	adj	neuter nominative/accusative/vocative plural of εξαιρετικός (exairetikós)
1750	πιες	verb	second-person singular perfective imperative of πίνω (píno)
1751	γυαλιά	noun	spectacles, glasses; glass fragments
1752	γαλλία	name	France (a country located primarily in Western Europe)
1753	αστυνομίας	noun	genitive singular of αστυνομία (astynomía)
1754	προσωπική	adj	nominative/accusative/vocative feminine singular of προσωπικός (prosopikós)
1755	αγαπητέ	adj	dear (formal or informal way of addressing the recipient in a letter’s opening line)
1756	εμφανίστηκε	verb	third-person singular simple past of εμφανίζομαι
1757	αντέχω	verb	to withstand, endure
1758	ρέιτσελ	name	a transliteration of the English female given name Rachel
1759	εννοείτε	verb	second-person plural present indicative of εννοώ (ennoó)
1760	ρώτα	verb	second-person singular imperfective imperative of ρωτάω (rotáo)
1761	μπάτσος	noun	slap, biff
1762	ήλιος	noun	sun (star that the Earth orbits)
1763	ιατρική	adj	nominative/accusative/vocative feminine singular of ιατρικός (iatrikós)
1764	υπομονή	noun	patience, forbearance
1765	δολοφονήθηκε	verb	third-person singular simple past of δολοφονούμαι
1766	κάρτερ	name	a transliteration of the English surname Carter
1767	ζούμε	verb	first-person plural present of ζω (zo)
1768	τρόπους	noun	accusative plural of τρόπος (trópos)
1769	προηγούμενα	adv	previously, beforehand
1770	ήλιο	noun	helium
1771	πλάσμα	noun	blood plasma; plasma (ionised gaseous phase)
1772	δευτέρα	noun	Monday (day of the week)
1773	μάρτυρας	noun	witness (the person)
1774	δίνουν	verb	third-person plural present of δίνω (díno)
1775	νοσοκόμα	noun	nurse
1776	αναμνήσεις	noun	nominative plural of ανάμνηση (anámnisi)
1777	ζώο	noun	mammal; animal, beast, creature
1778	πληρώσεις	noun	nominative/accusative/vocative plural of πλήρωση (plírosi)
1779	αγγλία	name	England (a constituent country of the United Kingdom)
1780	σώσεις	verb	second-person singular dependent active of σώζω (sózo)
1781	μάρτυρες	noun	nominative/accusative/vocative plural of μάρτυρας (mártyras)
1782	τζεφ	name	a transliteration of the English male given name diminutive Geoff or Jeff
1783	ζημιά	noun	damage, harm; loss
1784	πέταξε	verb	third-person singular simple past of πετάω (petáo)
1785	χάθηκε	verb	third-person singular simple past of χάνομαι (chánomai)
1786	βέβαιος	adj	sure, certain
1787	ήλπιζα	verb	first-person singular imperfect of ελπίζω (elpízo)
1788	παντελόνι	noun	trousers (UK), pants (US)
1789	χρονιά	noun	school year, academic year; year's crop or production
1790	βία	noun	violence; force
1791	είκοσι	num	twenty, 20
1792	προσέχω	verb	to watch, observe
1793	τρίτο	noun	one third, 1/3
1794	επείγον	adj	nominative neuter singular of επείγων (epeígon)
1795	τύπους	noun	accusative plural of τύπος (týpos)
1796	στρατηγέ	noun	vocative singular of στρατηγός (stratigós)
1797	πιω	verb	first-person singular dependent of πίνω (píno)
1798	τσακ	name	a transliteration of the English male given name Chuck
1799	ανοίξει	verb	third-person singular dependent of ανοίγω (anoígo)
1800	σάββατο	noun	Saturday; Sabbath
1801	κολέγιο	noun	college; holiday camp (place where insufficient discipline and strictness prevail)
1802	είσαστε	verb	"second-person plural present of είμαι (eímai): ""you are"""
1803	τσαρλς	name	a transliteration of the English male given name and surname Charles
1804	ακίνητος	adj	immobile, motionless, fixed, static, immovable
1805	αγόρασα	verb	"first-person singular simple past of αγοράζω (agorázo): ""I bought, I purchased"""
1806	κιλά	noun	nominative/accusative/vocative plural of κιλό (kiló)
1807	αγόρασε	verb	third-person singular simple past of αγοράζω (agorázo)
1808	εξής	adv	following
1809	βάρκα	noun	small boat or launch, dinghy
1810	συνεχίσεις	verb	second-person singular dependent active of συνεχίζω (synechízo)
1811	αιτία	noun	cause, reason
1812	περιουσία	noun	property, possessions, wealth (personal)
1813	ένοχος	adj	guilty
1814	οικογένειας	noun	genitive singular of οικογένεια (oikogéneia)
1815	ι	num	The number ten in Greek numerals.
1816	ασθενείς	adj	nominative/accusative masculine plural of ασθενής (asthenís)
1817	πληροφορία	noun	information
1818	σύμπαν	noun	universe
1819	ασθενής	adj	sick, ill; feeble, weak, poorly
1820	καθηγητής	noun	professor, university teacher, lecturer
1821	ταλέντο	noun	talent (marked natural ability or skill)
1822	αδελφέ	noun	vocative singular of αδελφός (adelfós)
1823	πολύς	adj	much, many, a lot of
1824	αναφέρω	verb	to mention, present, announce
1825	εκπομπή	noun	programme (UK), program (US)
1826	τόσες	pron	nominative/accusative feminine plural of τόσος (tósos)
1827	όρια	noun	nominative/accusative/vocative plural of όριο (ório)
1828	σπαθί	noun	sword; club (suit)
1829	συμβόλαιο	noun	contract, policy
1830	κήπο	noun	accusative singular of κήπος (kípos)
1831	συσκευή	noun	device, appliance, apparatus
1832	περισσότερη	adj	nominative/accusative/vocative feminine singular of περισσότερος (perissóteros)
1833	μιλάνε	verb	"third-person plural present of μιλώ (miló): ""they talk"""
1834	όσοι	pron	nominative masculine plural of όσος (ósos)
1835	τρέλα	noun	madness, insanity
1836	ασθενοφόρο	noun	ambulance
1837	ασφαλείς	adj	nominative masculine plural of ασφαλής (asfalís)
1838	επόμενος	adj	next, following
1839	πακέτο	noun	package (a physical container)
1840	μπόμπι	name	a transliteration of the English male given name Bobby
1841	μυρωδιά	noun	smell, scent, odour (UK), odor (US)
1842	τζέισον	name	a transliteration of the English male given name Jason
1843	αρκετές	adj	nominative/accusative/vocative feminine plural of αρκετός (arketós)
1844	πέτρα	noun	rock, stone (mass or fragments)
1845	ρώτησε	verb	third-person singular simple past of ρωτάω (rotáo)
1846	επιστροφή	noun	return (ticket)
1847	υπόγειο	noun	basement, cellar
1848	μηνύματα	noun	nominative/accusative/vocative plural of μήνυμα (mínyma)
1849	παντρεμένος	noun	husband, spouse
1850	θείο	noun	sulphur (UK), sulfur (US) (used in chemical discourse)
1851	όροφο	noun	accusative singular of όροφος (órofos)
1852	αυλή	noun	courtyard; back garden, backyard
1853	οποιονδήποτε	pron	accusative masculine singular of οποιοσδήποτε (opoiosdípote)
1854	άρχισα	verb	"first-person singular simple past of αρχίζω (archízo): ""I began, I started"""
1855	πυρ	noun	fire, the firing of weapons
1856	είδαν	verb	third-person plural simple past of βλέπω (vlépo)
1857	τομέα	noun	genitive/accusative/vocative singular of τομέας (toméas)
1858	οδηγός	noun	driver (of a vehicle)
1859	εξουσία	noun	authority, power (the enforcement of rules etc)
1860	τέχνη	noun	art, craftsmanship, style
1861	ψάρι	noun	fish; naive
1862	έβγαλε	verb	third-person singular simple past of βγάζω (vgázo)
1863	βαρέθηκα	verb	first-person singular simple past of βαριέμαι (variémai)
1864	μορφή	noun	form, shape
1865	δείγμα	noun	sample, specimen, token
1866	βοηθήστε	verb	second-person plural perfective imperative of βοηθώ (voïthó)
1867	ευχή	noun	religious blessing
1868	σμιθ	name	a transliteration of the English surname Smith
1869	δράση	noun	action (of person or object)
1870	μπήκα	verb	first-person singular simple past of μπαίνω (baíno)
1871	αληθινά	adv	truly
1872	υγεία	noun	health
1873	διευθυντή	noun	genitive/accusative/vocative singular of διευθυντής (diefthyntís)
1874	ειδήσεις	noun	nominative/accusative/vocative plural of είδηση (eídisi, “news”)
1875	φίλες	adj	nominative feminine plural of φίλος (fílos)
1876	ανθρώπου	noun	genitive singular of άνθρωπος (ánthropos)
1877	μεθυσμένος	verb	drunk, intoxicated, inebriated, drunken
1878	μωρά	adj	neuter nominative/accusative/vocative plural of μωρός (morós)
1879	έως	prep	introduces a limit
1880	άρθρο	noun	article; article of a charter, law, contract etc.
1881	δικαστής	noun	judge
1882	παρουσία	noun	presence (being present)
1883	χαζό	adj	accusative masculine singular of χαζός (chazós)
1884	αποφάσισε	verb	third-person singular simple past of αποφασίζω (apofasízo)
1885	σκληρός	adj	hard; fierce, rough, cruel, harsh
1886	πεινάω	verb	to be hungry, be famished
1887	δώρα	noun	nominative plural of δώρο (dóro)
1888	γλυκά	adv	sweetly; gently
1889	κράτησε	verb	third-person singular simple past of κρατάω (kratáo) and κρατώ (krató)
1890	κακά	adv	badly
1891	σκέφτεται	verb	third-person singular present of σκέφτομαι (skéftomai)
1892	όρεξη	noun	appetite (desire for food or drink)
1893	κάθριν	name	a transliteration of the English female given name Catharine
1894	αρχικά	adj	nominative/accusative/vocative neuter plural of αρχικός (archikós)
1895	μοναδικό	adj	accusative masculine singular of μοναδικός (monadikós)
1896	ευτυχισμένος	adj	happy (characterised by, feeling or showing happiness)
1897	άξιζε	verb	third-person singular imperfect of αξίζω (axízo)
1898	ανθρώπινο	adj	accusative masculine singular of ανθρώπινος (anthrópinos)
1899	εντύπωση	noun	impression, feeling about something
1900	μεγαλειότατε	noun	vocative singular of Μεγαλειότατος (Megaleiótatos)
1901	κυριακή	noun	Sunday
1902	έδωσαν	verb	third-person plural simple past of δίνω (díno)
1903	διάολε	noun	vocative singular of διάολος (diáolos)
1904	ομορφιά	noun	beauty
1905	εκατομμύριο	noun	million
1906	στομάχι	noun	stomach
1907	παιδιού	noun	genitive singular of παιδί (paidí)
1908	φοράω	verb	to wear; to don, put on
1909	έγινα	verb	"first-person singular simple past of γίνομαι (gínomai): ""I became, I was born"""
1910	εκατοντάδες	noun	nominative/accusative/vocative plural of εκατοντάδα (ekatontáda)
1911	εκείνοι	pron	nominative/vocative masculine plural of εκείνος (ekeínos)
1912	επιθυμία	noun	desire, yearning
1913	έκθεση	noun	exhibition (public showing), exposition
1914	ευτυχία	noun	happiness, contentment
1915	υπηρεσίες	noun	nominative/accusative/vocative plural of υπηρεσία (ypiresía)
1916	ζέστη	noun	heat
1917	φεγγάρι	noun	the Moon; moon (satellite, (lunar) month)
1918	εφημερίδες	noun	nominative plural of εφημερίδα (efimerída)
1919	αυτιά	noun	nominative plural of αυτί (aftí)
1920	πιθανώς	adv	probably (in all likelihood)
1921	όλος	adj	whole, entire; all
1922	χρωστάω	verb	to owe, be in debt
1923	δικαστή	noun	genitive/accusative/vocative singular of δικαστής (dikastís)
1924	χρήμα	noun	capital (physical or monetary assets)
1925	αρχείο	noun	archive; file
1926	σωρό	noun	accusative singular of σωρός (sorós)
1927	επιτροπή	noun	panel, committee
1928	συνθήκες	noun	nominative plural of συνθήκη (synthíki)
1929	σικάγο	name	Chicago
1930	ομάδες	noun	nominative plural of ομάδα (omáda)
1931	κυνήγι	noun	hunting, shooting, the chase (the search for prey and its killing, for food or pleasure)
1932	συναντήσει	verb	active nonfinite form of συναντάω (synantáo).
1933	καθαρή	adj	nominative feminine singular of καθαρός (katharós)
1934	μένουν	verb	third-person plural present of μένω (méno)
1935	μάντεψε	verb	third-person singular simple past active indicative of μαντεύω (mantévo)
1936	μυαλά	noun	nominative plural of μυαλό (myaló)
1937	λοχαγέ	noun	vocative singular of λοχαγός (lochagós)
1938	πιάνει	verb	third-person singular present of πιάνω (piáno)
1939	κουρασμένος	verb	tired, worn out
1940	γαμημένη	verb	nominative/accusative/vocative feminine singular of γαμημένος (gamiménos)
1941	θέατρο	noun	theatre (UK), theater (US)
1942	τρώω	verb	to eat; to chew and swallow food
1943	ανυπομονώ	verb	to be impatient, look forward with impatience
1944	δεκάρα	noun	ten-cent coin; dime (a coin worth one-tenth of a dollar)
1945	πάγο	noun	accusative singular of πάγος (págos)
1946	ουσία	noun	being; substance
1947	έπειτα	adv	after; next
1948	έπαιρνε	verb	third-person singular imperfect of παίρνω (paírno)
1949	αφέντη	noun	genitive singular of αφέντης (aféntis)
1950	ρώμη	name	Rome; Rome (a metropolitan city of Lazio, Italy)
1951	γνωστό	adj	accusative masculine singular of γνωστός (gnostós)
1952	διαταγή	noun	command, order
1953	προσφέρω	verb	to offer, propose
1954	παράδοση	noun	delivery (of goods, parcels, etc)
1955	εισιτήρια	noun	nominative plural of εισιτήριο (eisitírio)
1956	ερωτευμένος	verb	passive perfect participle of ερωτεύομαι (erotévomai): in love, enamoured, amorous
1957	ρεύμα	noun	air current; current, stream, torrent
1958	γουόλτερ	name	a transliteration of the English male given name Walter
1959	ανάσα	noun	breathing; breath
1960	αντίθετο	noun	opposite
1961	ψωμί	noun	bread; the financial means to sustain a tolerable standard of living
1962	διαδρομή	noun	route, path, drive
1963	αναλάβει	verb	active nonfinite form of αναλαμβάνω (analamváno) and αναλαβαίνω (analavaíno)
1964	σάντουιτς	noun	sandwich
1965	πρόσεξε	verb	third-person singular simple past active of προσέχω (prosécho)
1966	κάθομαι	verb	to sit, sit down
1967	νοιώθω	verb	to feel
1968	νου	noun	genitive/accusative/vocative singular of νους (nous)
1969	πράκτορες	noun	nominative/accusative/vocative plural of πράκτορας (práktoras)
1970	γιορτή	noun	celebration; feast day, holy day
1971	βοηθήσουν	verb	third-person plural dependent of βοηθώ (voïthó)
1972	κυβερνήτης	noun	governor (leader of a region or state)
1973	χρησιμοποιείς	verb	second-person singular present active indicative of χρησιμοποιώ (chrisimopoió)
1974	αγκαλιά	adv	embraced, in someone's arms, in each other's arms
1975	κάνοντας	verb	Present participle of κάνω (káno): making, doing
1976	αληθινός	adj	true, real
1977	άδειο	adj	nominative neuter singular of άδειος (ádeios)
1978	κάστρο	noun	castle, stronghold
1979	αυγά	noun	nominative plural of αυγό (avgó)
1980	ίχνος	noun	track (impression left by foot, paw, wheel, etc)
1981	κερδίσεις	verb	second-person singular dependent active of κερδίζω (kerdízo)
1982	όχημα	noun	vehicle (a conveyance)
1983	εε	name	initialism of Ευρωπαϊκή Ένωση (Evropaïkí Énosi): EU, European Union
1984	παιδιών	noun	genitive plural of παιδί (paidí)
1985	τελευταίος	adj	last; recent, latest
1986	ασφαλώς	adv	certainly, of course
1987	ανοιχτή	adj	nominative feminine singular of ανοιχτός (anoichtós)
1988	δώσετε	verb	second-person plural dependent of δίνω (díno)
1989	αλκοόλ	noun	alcohol (component of intoxicating drinks)
1990	μεξικό	name	Mexico, United Mexican States
1991	σπιτιού	noun	genitive singular of σπίτι (spíti)
1992	πράσινο	noun	the green color/colour
1993	τζάκσον	name	a transliteration of the English surname Jackson
1994	πέμπτη	noun	Thursday
1995	β	noun	N, initialism of βορράς (vorrás, “north”)
1996	αρχίζω	verb	to start, begin
1997	σούζαν	name	a transliteration of the English female given name Susan
1998	πίνεις	verb	second-person singular present of πίνω (píno)
1999	χώρος	noun	area, space, room
2000	εργασίας	noun	genitive singular of εργασία (ergasía)
2001	χιλιόμετρα	noun	nominative/accusative/vocative plural of χιλιόμετρο (chiliómetro)
2002	τεχνολογία	noun	technology
2003	ειδική	adj	feminine singular of ειδικός (eidikós)
2004	αθώος	adj	innocent, lacking guilt
2005	αμφιβολία	noun	doubt, uncertainty
2006	μισεί	verb	third-person singular present active indicative of μισώ (misó)
2007	σημείωμα	noun	note, memo, missive
2008	σοβαρή	adj	nominative feminine singular of σοβαρός (sovarós)
2009	συναντήσεις	noun	nominative/accusative/vocative plural of συνάντηση (synántisi)
2010	μεγαλύτερος	adj	comparative degree of μεγάλος (megálos) (larger, bigger, greater)
2011	σύνορα	noun	nominative/accusative/vocative plural of σύνορο
2012	καθένα	pron	nominative neuter of καθένας (kathénas)
2013	χρήση	noun	use, application, usage
2014	υπερβολικά	adv	excessively
2015	ασθενή	adj	accusative masculine/feminine singular of ασθενής (asthenís)
2016	εχθρός	noun	enemy
2017	αρχηγό	noun	accusative singular of αρχηγός (archigós)
2018	βγάζεις	verb	second-person singular present indicative of βγάζω (vgázo)
2019	εργοστάσιο	noun	factory, plant, production facility
2020	νεκρούς	adj	accusative masculine plural of νεκρός (nekrós)
2021	έτοιμα	adj	nominative neuter plural of έτοιμος (étoimos)
2022	υλικό	noun	material, matter, stuff
2023	βλάκα	noun	genitive/accusative/vocative of βλάκας (vlákas)
2024	οπουδήποτε	adv	wherever, anywhere
2025	ύποπτος	adj	suspicious, suspect
2026	τσιγάρο	noun	cigarette
2027	έγραψα	verb	first-person singular simple past of γράφω (gráfo)
2028	καλιφόρνια	name	California (the most populous state of the United States)
2029	διαζύγιο	noun	divorce (dissolution of a marriage, separation from politics, etc.)
2030	μέγεθος	noun	size
2031	αστέρι	noun	star; star (a flat figure with projecting points)
2032	κοτόπουλο	noun	chicken, pullet
2033	χάρτη	noun	genitive/accusative/vocative singular of χάρτης (chártis)
2034	βροχή	noun	rain, shower
2035	ρωτήσεις	verb	second-person singular dependent active of ρωτάω (rotáo) and ρωτώ (rotó)
2036	κρυφά	adv	in secret
2037	σαμπάνια	noun	champagne
2038	τσέπη	noun	pocket (in clothing)
2039	άποψη	noun	point of view, opinion
2040	ηθοποιός	noun	actor, thespian, player
2041	δέντρα	noun	nominative plural of δέντρο (déntro)
2042	μαλακία	noun	masturbation, wanking
2043	πισίνα	noun	swimming pool
2044	δέχομαι	verb	to accept, receive
2045	ασφαλή	adj	accusative masculine singular of ασφαλής (asfalís)
2046	αυτοκίνητα	noun	nominative/accusative/vocative plural of αυτοκίνητο (aftokínito)
2047	εμφανιστεί	verb	passive nonfinite form of εμφανίζομαι (emfanízomai), the passive of εμφανίζω (emfanízo)
2048	ρίξεις	verb	second-person singular dependent active of ρίχνω (ríchno)
2049	αγάπης	noun	genitive singular of αγάπη (agápi)
2050	χαθεί	verb	passive nonfinite form of χάνομαι (chánomai), the passive of χάνω (cháno).
2051	έιμι	name	a transliteration of the English female given name Amy
2052	διάδρομο	noun	accusative singular of διάδρομος (diádromos)
2053	εφόσον	conj	as long as, provided that, provided
2054	βοηθήσετε	verb	second-person plural dependent of βοηθώ (voïthó)
2055	στρατιώτης	noun	soldier (member of an army)
2056	υποσχέθηκα	verb	first-person singular simple past of υπόσχομαι (ypóschomai)
2057	ουάου	intj	wow! denotes amazement
2058	πίστεψε	verb	third-person singular simple past active indicative of πιστεύω (pistévo)
2059	σκεφτείτε	verb	second-person plural dependent of σκέφτομαι (skéftomai)
2060	αιώνα	noun	genitive singular of αιώνας (aiónas)
2061	μόργκαν	name	a transliteration of the English surname and unisex given name Morgan
2062	στρατηγός	noun	general, an army rank with the NATO grade OF-9
2063	λύκειο	noun	secondary school (UK), high school (US)
2064	αισθήματα	noun	nominative plural of αίσθημα (aísthima)
2065	τάφο	noun	accusative singular of τάφος (táfos)
2066	ειδικός	adj	special, particular, specific (thing, person, etc)
2067	ανοίξεις	noun	nominative/accusative/vocative plural of άνοιξη (ánoixi)
2068	δεξί	adj	nominative/accusative/vocative neuter singular of δεξής (dexís)
2069	βουνό	noun	mountain; mountainous countryside
2070	γιατροί	noun	nominative/vocative plural of γιατρός (giatrós)
2071	άργησα	verb	first-person singular simple past of αργώ (argó)
2072	κατηγορία	noun	category; accusation, charge
2073	τραύμα	noun	wound, injury; trauma, blow, shock
2074	εαυτός	pron	myself, yourself, himself, herself, itself, ourselves, themselves
2075	ψάρια	noun	nominative/accusative/vocative plural of ψάρι (psári)
2076	οποιοδήποτε	pron	nominative/accusative neuter singular of οποιοσδήποτε (opoiosdípote)
2077	ρίξει	verb	third-person singular dependent active of ρίχνω (ríchno)
2078	ενημερώσω	verb	first-person singular dependent active of ενημερώνω (enimeróno)
2079	μούτρα	noun	nominative plural of μούτρο (moútro)
2080	νέες	adj	feminine nominative plural of νέος (néos)
2081	ανοιχτά	adv	openly; on the high seas
2082	κερδίσω	verb	first-person singular dependent active of κερδίζω (kerdízo)
2083	ανθρώπινη	adj	nominative/accusative/vocative feminine singular of ανθρώπινος (anthrópinos)
2084	αριστερό	adj	masculine accusative singular
2085	νέας	adj	feminine genitive singular of νέος (néos)
2086	λαίδη	noun	lady (British title held by women or the wife of a lord)
2087	συνεργάτης	noun	coworker, collaborator
2088	φυσιολογικό	adj	accusative masculine singular of φυσιολογικός (fysiologikós)
2089	βλέμμα	noun	gaze, glance, stare, look
2090	δικαιολογία	noun	excuse (explanation designed to avoid or alleviate guilt or negative judgment)
2091	κίνητρο	noun	motivation; incentive
2092	συνέβαινε	verb	third-person singular imperfect of συμβαίνει (symvaínei)
2093	έγινες	verb	"second-person singular simple past of γίνομαι (gínomai): ""you became, you were born"""
2094	επίσκεψη	noun	visit
2095	στιβ	name	a transliteration of the English male given name diminutive Steve
2096	συν	noun	plus; positive quantity
2097	κλαις	verb	second-person singular present of κλαίω (klaío)
2098	δόση	noun	dose, instalment, tranche
2099	κοιμηθεί	verb	active nonfinite form of κοιμάμαι (koimámai).
2100	ροζ	adj	pink
2101	έλεος	noun	mercy, compassion, pity
2102	πόνος	noun	pain, ache
2103	ψάξω	verb	first-person singular dependent of ψάχνω (psáchno)
2104	πραγματικός	adj	real, factual, actual (having physical existence), (having existence or substance)
2105	χαζή	adj	nominative feminine singular of χαζός (chazós)
2106	λα	noun	la (sixth note in the tonic sol-fa or solfège scale)
2107	έσωσες	verb	second-person singular simple past active of σώζω (sózo)
2108	παρεμπιπτόντως	adv	by the way, incidentally
2109	ανοιχτό	adj	accusative masculine singular of ανοιχτός (anoichtós)
2110	μοντέλο	noun	model (mock-up of an intended object)
2111	ζητήσεις	noun	nominative/accusative/vocative plural of ζήτηση (zítisi)
2112	πίνω	verb	to drink (water, coffee, beers, etc)
2113	πράμα	noun	πράγμα
2114	τυχεροί	adj	nominative/vocative masculine plural of τυχερός (tycherós)
2115	ημερολόγιο	noun	calendar (system for calculating days of the year)
2116	ποινή	noun	punishment, sentence, penalty
2117	θυμήσου	verb	second-person singular perfective imperative of θυμάμαι (thymámai)
2118	αδέρφια	noun	nominative/accusative/vocative plural of αδέλφι (adélfi), siblings
2119	παίρνουμε	verb	first-person plural present of παίρνω (paírno)
2120	τέλειος	adj	perfect, ideal, complete
2121	πορτοφόλι	noun	wallet, purse
2122	ανόητος	adj	foolish, stupid
2123	σελίδα	noun	page, leaf (in a book)
2124	γουρούνι	noun	pig, hog, swine (male pig)
2125	μάγισσα	noun	witch, sorceress
2126	μεσάνυχτα	noun	midnight
2127	γνωριμία	noun	acquaintance, a familiar (a person one knows)
2128	μυστική	adj	nominative feminine singular of μυστικός (mystikós)
2129	βραβείο	noun	prize, award
2130	αστυνόμε	noun	vocative singular of αστυνόμος (astynómos)
2131	καταφύγιο	noun	shelter, refuge
2132	αμφιβάλλω	verb	to doubt, have doubts
2133	κέρδισε	verb	third-person singular simple past active of κερδίζω (kerdízo)
2134	κάλεσα	verb	first-person singular simple past of καλώ (kaló)
2135	παλτό	noun	coat, overcoat
2136	ευρώπη	name	Europe (a continent located west of Asia and north of Africa)
2137	επομένως	adv	consequently, therefore, accordingly
2138	τατουάζ	noun	tattoo (skin marking)
2139	αγαπούσα	verb	first-person singular imperfect of αγαπάω
2140	κλειστό	adj	accusative masculine singular of κλειστός (kleistós)
2141	γραμμές	noun	nominative plural of γραμμή (grammí)
2142	εξηγήσεις	noun	nominative/accusative/vocative plural of εξήγηση (exígisi)
2143	θάρρος	noun	courage, bravery, valour (UK), valor (US)
2144	σταν	name	a transliteration of the English male given name diminutive Stan
2145	άρχισαν	verb	third-person plural simple past of αρχίζω (archízo)
2146	τοποθεσία	noun	place, location
2147	φάρμακο	noun	medicine, medication
2148	σύνδεση	noun	link, connection, login, logon
2149	φορτηγάκι	noun	pickup truck
2150	είσοδο	noun	accusative singular of είσοδος (eísodos)
2151	φόνος	noun	murder
2152	θεωρώ	verb	to consider, regard
2153	κατάλαβε	verb	third-person singular simple past of καταλαβαίνω (katalavaíno)
2154	υγειά	noun	health
2155	κοινωνία	noun	community; society, communion (a group of people with a shared culture)
2156	κατάρα	noun	curse (the wishing of calamity on someone)
2157	γεννήθηκε	verb	third-person singular simple past of γεννιέμαι (genniémai)
2158	έφαγε	verb	third-person singular simple past active of τρώω (tróo)
2159	βγαίνω	verb	to go out, come out, exit
2160	κατάστημα	noun	shop, store; office (for contact with business etc)
2161	όσον	pron	as many as, as much as
2162	χαζός	adj	unintelligent; silly, daft, simple
2163	αίτηση	noun	request; application
2164	γκαράζ	noun	garage (place for storing cars; automobile repair workshop)
2165	τέιλορ	name	a transliteration of the English surname and unisex given name Taylor
2166	βγαίνεις	verb	second-person singular present indicative of βγαίνω (vgaíno)
2167	ρίσκο	noun	risk
2168	πιει	verb	third-person singular dependent of πίνω (píno)
2169	μισά	adj	nominative neuter plural of μισός (misós)
2170	φαντασία	noun	imagination, fantasy
2171	προσπαθώντας	verb	Present participle of προσπαθώ (prospathó): trying
2172	ρωτάω	verb	to ask (about); to enquire (UK), inquire (US)
2173	πολίτες	noun	nominative/accusative/vocative plural of πολίτης (polítis)
2174	θέα	noun	view, sight
2175	μεριά	noun	side
2176	φέτος	adv	this year
2177	χειρότερη	adj	nominative feminine singular of χειρότερος (cheiróteros)
2178	ζήτημα	noun	matter, issue; question, subject, issue
2179	επιτέθηκε	verb	third-person singular simple past of επιτίθεμαι (epitíthemai)
2180	κατεύθυνση	noun	direction, course
2181	ουρά	noun	tail; queue, line of people
2182	σερίφης	noun	sheriff
2183	αστέρια	noun	nominative/accusative/vocative plural of αστέρι (astéri)
2184	λίρες	noun	nominative/accusative/vocative plural of λίρα (líra)
2185	σημεία	noun	nominative/accusative/vocative plural of σημείο (simeío)
2186	βγάλτε	verb	second-person plural perfective imperative of βγάζω (vgázo)
2187	πίτσα	noun	pizza
2188	τζούλια	name	a transliteration of the English female given name Julia
2189	σάιμον	name	a transliteration of the English male given name and surname Simon
2190	κάρεν	name	a transliteration of the English female given name Karen
2191	μαμάς	noun	genitive singular of μαμά (mamá)
2192	άμεσα	adj	nominative/accusative/vocative neuter plural of άμεσος (ámesos)
2193	σύμπτωση	noun	coincidence; concurrence
2194	καταιγίδα	noun	thunderstorm, storm
2195	τυρί	noun	cheese
2196	μπήκες	verb	second-person singular simple past of μπαίνω (baíno)
2197	συμμορία	noun	gang, band (group of criminals)
2198	δρόμου	noun	genitive singular of δρόμος (drómos)
2199	καλέ	adj	masculine vocative singular of καλός (kalós)
2200	πήρατε	verb	second-person plural simple past of παίρνω (paírno)
2201	δημόσια	adv	publicly
2202	σκόνη	noun	powder, dust
2203	ρομπότ	noun	robot
2204	αγοράσει	verb	active nonfinite form of αγοράζω (agorázo)
2205	φαντάσου	verb	second-person singular perfective imperative of φαντάζομαι
2206	επιφάνεια	noun	surface (the overside or up-side of a flat object such as a table, or of a liquid)
2207	ευγνώμων	adj	grateful, thankful
2208	παράδεισο	noun	accusative singular of παράδεισος (parádeisos)
2209	ρότζερ	name	a transliteration of the English male given name Roger
2210	οικογένειες	noun	nominative/accusative/vocative plural of οικογένεια (oikogéneia)
2211	γκρέις	name	a transliteration of the English female given name Grace
2212	γκόμενα	noun	girlfriend (female partner in an unmarried romantic relationship)
2213	χειρουργείο	noun	surgery (treatment involving opening of the body)
2214	σούπερ	adj	super, wonderful, awesome
2215	παρεξήγηση	noun	misunderstanding
2216	ηλίθιοι	adj	nominative masculine plural of ηλίθιος (ilíthios)
2217	δουλειάς	noun	genitive singular of δουλειά (douleiá)
2218	απώλεια	noun	loss (of an object)
2219	φασαρία	noun	noise, racket (loud, unwanted noise disturbance)
2220	ημερομηνία	noun	date (a specific day)
2221	νεαρός	adj	young, youthful
2222	ζούσε	verb	third-person singular imperfect of ζω (zo)
2223	σήκωσε	verb	third-person singular simple past of σηκώνω (sikóno)
2224	εξέταση	noun	examination, investigation
2225	θυμωμένη	verb	nominative/accusative/vocative feminine singular of θυμωμένος (thymoménos)
2226	άγρια	adj	nominative/accusative/vocative feminine singular of άγριος (ágrios)
2227	ζήτω	intj	long live; hooray (an expression of joy)
2228	βγάζω	verb	to take off, remove
2229	εκπαίδευση	noun	education (compare with παιδεία the teaching and training of the child)
2230	δεδομένα	noun	nominative plural of δεδομένο (dedoméno) (data, information)
2231	κουρασμένη	verb	nominative/accusative/vocative feminine singular of κουρασμένος (kourasménos)
2232	πράξεις	noun	nominative/accusative/vocative plural of πράξη (práxi)
2233	επιταγή	noun	cheque (UK), check (US)
2234	καθηγητά	noun	vocative singular of καθηγητής (kathigitís)
2235	συναίσθημα	noun	emotion, feelings, sentiment
2236	βιβλιοθήκη	noun	library; bookcase
2237	φωνάζεις	verb	second-person singular present indicative of φωνάζω (fonázo)
2238	εξήγηση	noun	explanation, interpretation, exegesis, explication
2239	γράφω	verb	to write, pen; to record
2240	αντάλλαγμα	noun	exchange, swap
2241	περάσετε	verb	second-person plural dependent active of περνάω (pernáo)
2242	ασφάλειας	noun	genitive singular of ασφάλεια (asfáleia)
2243	λείπουν	verb	third-person plural present indicative of λείπω (leípo)
2244	παγωτό	noun	ice cream
2245	έγγραφα	adj	nominative/accusative/vocative neuter plural of έγγραφος (éngrafos)
2246	πέσε	verb	second-person singular perfective imperative of πέφτω (péfto)
2247	γ	num	The number three in Greek numerals.
2248	μπουν	verb	third-person plural dependent of μπαίνω (baíno)
2249	τελική	adj	feminine nominative/accusative/vocative singular of τελικός (telikós)
2250	κελί	noun	cell (in monastery or prison)
2251	αφότου	conj	after; once
2252	χρησιμοποιήσεις	noun	nominative/accusative/vocative plural of χρησιμοποίηση (chrisimopoíisi)
2253	μάσκα	noun	mask, face mask
2254	φωνές	noun	nominative plural of φωνή (foní)
2255	παρόλο	conj	even though, although
2256	γίνετε	verb	second-person plural dependent of γίνομαι (gínomai)
2257	μονοπάτι	noun	path, footpath, trail
2258	εκείνους	pron	accusative masculine plural of εκείνος (ekeínos)
2259	δώσουν	verb	third-person plural dependent of δίνω (díno)
2260	λίο	name	a transliteration of the English male given name Leo
2261	εξοπλισμό	noun	accusative singular of εξοπλισμός (exoplismós)
2262	κλινική	noun	clinic (hospital department; a private hospital)
2263	ύστερα	adv	after, afterwards; then; later
2264	τιμωρία	noun	punishment
2265	καθηγητή	noun	genitive/accusative/vocative singular of καθηγητής (kathigitís)
2266	μικρές	adj	nominative/accusative/vocative feminine plural of μικρός (mikrós)
2267	πλούσιος	adj	rich, wealthy, luxuriant
2268	νεαρή	adj	nominative feminine singular of νεαρός (nearós)
2269	φορτίο	noun	load, freight, goods, cargo
2270	μάρτυρα	noun	genitive/accusative/vocative singular of μάρτυρας (mártyras)
2271	αποφάσεις	noun	nominative/accusative/vocative plural of απόφαση (apófasi)
2272	ιδιοκτήτης	noun	proprietor, owner
2273	μηχανές	noun	nominative plural of μηχανή (michaní)
2274	χάνω	verb	to lose; to miss, not have
2275	νύφη	noun	bride; daughter-in-law (the wife of someone's son)
2276	περίοδο	noun	accusative singular of περίοδος (períodos)
2277	κυρίου	noun	genitive singular of κύριος (kýrios)
2278	ντέιβ	name	a transliteration of the English male given name diminutive Dave
2279	σιωπή	noun	silence, quiet
2280	ήχο	noun	accusative singular of ήχος (íchos)
2281	μεταφορά	noun	metaphor; transport, transportation, (by ext, in plural) trucking
2282	εφτά	num	seven
2283	μεσημεριανό	noun	lunch
2284	ασανσέρ	noun	lift (UK), elevator (US)
2285	σκοπός	noun	goal (aim, desired result)
2286	σοφία	noun	wisdom; denoting a speaker's statements as anything but smart, important, etc.
2287	χάουαρντ	name	a transliteration of the English male given name and surname Howard
2288	ποιανού	pron	masculine/neuter genitive singular of ποιος (poios, “who; which”)
2289	χιλιάρικα	noun	nominative/accusative/vocative plural of χιλιάρικο (chiliáriko)
2290	νέοι	adj	masculine nominative plural of νέος (néos)
2291	καπετάνιε	noun	vocative singular of καπετάνιος (kapetánios)
2292	τελετή	noun	ceremony, ceremonial, rite, celebration
2293	δηλητήριο	noun	poison, venom, toxin
2294	περίεργος	adj	curious (eager to learn; inquisitive)
2295	αναφορές	noun	nominative plural of αναφορά (anaforá)
2296	προσπαθήσει	verb	active nonfinite form of προσπαθώ (prospathó).
2297	καλεί	verb	third-person singular present active indicative of καλώ (kaló)
2298	πιάστε	verb	second-person plural perfective imperative of πιάνω (piáno)
2299	τζάκι	noun	fireplace; hearth
2300	εχθρό	noun	accusative singular of εχθρός (echthrós)
2301	αα	noun	alternative form of Α.Α. (A.A.)
2302	τζόουνς	name	a transliteration of the English surname Jones
2303	ανοίγει	verb	"third-person singular present of ανοίγω (anoígo): ""he/she/it opens"""
2304	λέγε	verb	"second-person singular imperfective imperative of λέω (léo): ""be saying"""
2305	νέους	adj	masculine accusative plural of νέος (néos)
2306	αυτοκτονία	noun	suicide (the action)
2307	ηρεμήστε	verb	second-person plural perfective imperative of ηρεμώ (iremó)
2308	ευχαρίστως	adv	gladly, with pleasure (willingly)
2309	υπέροχος	adj	excellent, exquisite, marvellous, superb, wonderful
2310	ακτή	noun	coast, shore, littoral
2311	κρύβεται	verb	third-person singular present indicative of κρύβομαι
2312	υποστήριξη	noun	support (something which supports)
2313	συγκεκριμένο	adj	accusative masculine singular of συγκεκριμένος (sygkekriménos)
2314	πουλιά	noun	nominative/accusative/vocative plural of πουλί (poulí)
2315	ελεύθερα	adj	nominative/accusative/vocative neuter plural of ελεύθερος (eléftheros)
2316	κινήσεις	noun	nominative/accusative/vocative plural of κίνηση (kínisi)
2317	αρχίδια	noun	nominative plural of αρχίδι (archídi)
2318	δωμάτια	noun	nominative plural of δωμάτιο (domátio)
2319	καθίκι	noun	chamber pot, potty (a container used for urination and defecation)
2320	κοιτάζω	verb	to look at; to examine, look over
2321	πολιτεία	noun	state; city, place
2322	ακολουθήστε	verb	second-person plural perfective imperative of ακολουθώ (akolouthó)
2323	αμάντα	name	Amanda
2324	απίστευτα	adj	nominative/accusative/vocative neuter plural of απίστευτος (apísteftos)
2325	μεσημέρι	noun	midday
2326	καλέσει	verb	active nonfinite form of καλώ (kaló).
2327	δικαιώματα	noun	nominative/accusative/vocative plural of δικαίωμα (dikaíoma)
2328	οπωσδήποτε	adv	anyway, anyhow, in any case, definitely
2329	λειτουργία	noun	liturgy, Mass, Eucharist, divine service
2330	σύμβουλος	noun	adviser, advisor
2331	ψυγείο	noun	refrigerator, fridge
2332	λείπεις	verb	second-person singular present indicative of λείπω (leípo)
2333	αντικείμενο	noun	object, subject (a physical thing)
2334	ευγενικός	adj	polite
2335	κράτηση	noun	booking (reservation)
2336	χίλια	num	one thousand
2337	τες	pron	they (3rd person feminine plural, nominative)
2338	έβγαλα	verb	first-person singular simple past of βγάζω (vgázo)
2339	αναλάβω	verb	first-person singular dependent active of αναλαμβάνω (analamváno)
2340	διαβάζω	verb	to read (look at and interpret letters or other information that is written)
2341	εισιτήριο	noun	ticket for bus, train, etc, or theatre, etc
2342	άδικο	noun	wrong, injustice
2343	μαθητές	noun	nominative/accusative/vocative plural of μαθητής (mathitís)
2344	αμήν	intj	amen
2345	ννα	noun	νότια-νοτιοανατολικά (SSE, south-southeast)
2346	μιλώντας	verb	Active present participle of μιλάω (miláo) and μιλώ (miló).
2347	παντρεμένη	noun	wife, spouse
2348	όποια	pron	nominative/accusative feminine singular of όποιος (ópoios)
2349	αστυνομικοί	adj	nominative/vocative masculine plural of αστυνομικός (astynomikós)
2350	ερώτημα	noun	question (topic under discussion)
2351	ούτως	adv	thus, so, like this, like that
2352	αγώνας	noun	fight, efforts, struggle
2353	παίζουμε	verb	first-person plural present of παίζω (paízo)
2354	βαλίτσα	noun	suitcase
2355	κατάθεση	noun	submission, presentation, registration
2356	προσέξτε	verb	second-person plural active perfective imperative of προσέχω (prosécho)
2357	λαό	noun	accusative singular of λαός (laós)
2358	ξύπνησα	verb	first-person singular simple past of ξυπνάω (xypnáo) and ξυπνώ (xypnó)
2359	ενέργειας	noun	genitive singular of ενέργεια (enérgeia)
2360	ιστορίας	noun	genitive singular of ιστορία (istoría)
2361	αντίγραφο	noun	copy, reproduction
2362	χώρας	noun	genitive singular of χώρα (chóra)
2363	μάχης	noun	genitive singular of μάχη (máchi)
2364	θύματος	noun	genitive singular of θύμα (thýma)
2365	απάτη	noun	deceit; deception
2366	έφαγα	verb	first-person singular simple past of τρώω (tróo)
2367	έπαιρνα	verb	first-person singular imperfect of παίρνω (paírno)
2368	είδη	noun	nominative/accusative/vocative plural of είδος (eídos)
2369	κοστούμι	noun	suit, costume
2370	έβαλαν	verb	third-person plural simple past of βάζω (vázo)
2371	εννέα	num	nine
2372	κενό	noun	vacuum, void, emptiness
2373	επιχειρήσεις	noun	nominative/accusative/vocative plural of επιχείρηση (epicheírisi)
2374	πάθος	noun	pathos; empathy
2375	γκολφ	noun	golf
2376	ψώνια	noun	shopping (chiefly consumable items)
2377	παραμένει	verb	third-person singular present indicative of παραμένω (paraméno)
2378	χαρακτήρα	noun	genitive/accusative/vocative singular of χαρακτήρας (charaktíras)
2379	ξέφυγε	verb	third-person singular simple past of ξεφεύγω (xefévgo)
2380	πάτρικ	name	a transliteration of the English male given name Patrick
2381	κοπέλες	noun	nominative/accusative/vocative plural of κοπέλα (kopéla)
2382	χτύπησες	verb	second-person singular simple past active of χτυπάω (chtypáo) and χτυπώ (chtypó)
2383	προσφέρει	verb	third-person singular present of προσφέρω (prosféro)
2384	τραγούδια	noun	nominative/accusative/vocative plural of τραγούδι (tragoúdi)
2385	καταλάβουν	verb	third-person plural dependent active of καταλαβαίνω (katalavaíno)
2386	μάγια	noun	spell (magic and witchcraft)
2387	φιλενάδα	noun	girlfriend (female friend of a woman or girl)
2388	χτύπησα	verb	first-person singular simple past of χτυπάω (chtypáo) and χτυπώ (chtypó)
2389	εχθρούς	noun	accusative plural of εχθρός (echthrós)
2390	ποιες	pron	feminine nominative/accusative plural of ποιος (poios, “who; which”)
2391	αναφέρει	verb	third-person singular present of αναφέρω (anaféro)
2392	κοίταξα	verb	first-person singular simple past of κοιτάω (koitáo) and κοιτώ (koitó)
2393	τρώνε	verb	third-person plural present of τρώω (tróo)
2394	καλοσύνη	noun	kindness, goodness, benevolence (the state of being kind; disposition to do good)
2395	έδινε	verb	third-person singular imperfect of δίνω (díno)
2396	συγγραφέας	noun	writer, author
2397	άγχος	noun	stress, strain, anguish
2398	φάρμα	noun	farm
2399	ελικόπτερο	noun	helicopter
2400	φαντάσματα	noun	nominative plural of φάντασμα (fántasma)
2401	διοικητής	noun	chief administrator, governor (person in charge of administration)
2402	λέγοντας	verb	present participle of λέω (léo)
2403	πέρσι	adv	last year (the year before the present one)
2404	ευχαρίστηση	noun	pleasure
2405	φυσικό	adj	accusative masculine singular of φυσικός (fysikós)
2406	μόνα	adj	nominative neuter plural of μόνος (mónos)
2407	τέξας	name	Texas (a state in the south-central region of the United States)
2408	δάσκαλος	noun	teacher (especially one in a primary school or elementary school)
2409	χάνει	verb	third-person singular present active indicative of χάνω (cháno)
2410	περνάω	verb	to pass, go past
2411	ντους	noun	shower (device for bathing)
2412	φαίνομαι	verb	to seem, appear
2413	θόρυβο	noun	accusative singular of θόρυβος (thóryvos)
2414	ικανότητα	noun	ability, capacity, capability, competence, faculty, proficiency
2415	νεαρέ	adj	vocative masculine singular of νεαρός (nearós)
2416	σημαντικά	adj	nominative neuter plural of σημαντικός (simantikós)
2417	στρατιώτη	noun	genitive/accusative/vocative singular of στρατιώτης (stratiótis)
2418	βίας	noun	genitive singular of βία (vía)
2419	ποσό	noun	amount, quantity, sum
2420	ανόητο	adj	accusative masculine singular of ανόητος (anóitos)
2421	χαμόγελο	noun	smile; boat neckline, a neckline which resembles a smile
2422	περασμένη	verb	nominative/accusative/vocative feminine singular of περασμένος (perasménos)
2423	συνεργάτες	noun	nominative/accusative/vocative plural of συνεργάτης (synergátis)
2424	πέρυσι	adv	last year (the year before the present one)
2425	κλήσεις	noun	nominative/accusative/vocative plural of κλήση (klísi)
2426	κοιμάμαι	verb	to sleep (to rest in a state of reduced consciousness)
2427	συνάντησα	verb	first-person singular simple past of συναντώ (synantó)
2428	κέρδισα	verb	first-person singular simple past of κερδίζω (kerdízo)
2429	πιεις	verb	second-person singular dependent of πίνω (píno)
2430	ιστορικό	noun	time-line, history, event log
2431	ικανός	adj	able, capable, skilled, able-bodied, competent
2432	σκοπεύω	verb	to aim, take aim
2433	ντουλάπα	noun	wardrobe (UK), closet (US)
2434	πλήρως	adv	fully, completely
2435	χαμηλά	adj	nominative/accusative/vocative neuter plural of χαμηλός (chamilós)
2436	τούρτα	noun	cake with layers of filling and icing, similar to birthday or wedding cakes
2437	σκάλες	noun	nominative/accusative/vocative plural of σκάλα (skála)
2438	κεφάλια	noun	nominative/accusative/vocative plural of κεφάλι (kefáli)
2439	συγγενείς	adj	nominative/accusative/vocative masculine/feminine plural of συγγενής (syngenís)
2440	προφίλ	noun	profile (the side view of a subject)
2441	αλλαγές	noun	nominative plural of αλλαγή (allagí)
2442	κόλπα	noun	nominative/accusative/vocative plural of κόλπο (kólpo)
2443	σοκ	noun	shock (a sudden or violent mental or emotional disturbance)
2444	οικονομικά	adj	nominative/accusative/vocative neuter plural of οικονομικός (oikonomikós)
2445	χειριστώ	verb	first-person singular dependent of χειρίζομαι (cheirízomai)
2446	ίντερνετ	noun	internet
2447	φτερά	noun	nominative/accusative/vocative plural of φτερό (fteró)
2448	κανάλι	noun	canal; channel
2449	γύρο	noun	accusative singular of γύρος (gýros)
2450	εκείνες	pron	nominative/accusative/vocative feminine plural of εκείνος (ekeínos)
2451	εθνική	adj	nominative feminine singular of εθνικός (ethnikós)
2452	οποιοσδήποτε	pron	whoever, whatever
2453	κάρτες	noun	nominative plural of κάρτα (kárta)
2454	αέρας	noun	air; wind
2455	ουάσινγκτον	name	Washington, Washington, D.C. (the capital city of the United States)
2456	σοκολάτα	noun	chocolate; cocoa (hot drink)
2457	μυστήριο	noun	mystery; sacrament
2458	κασέτα	noun	cassette
2459	ελέγχει	verb	third-person singular present active indicative of ελέγχω (eléncho)
2460	χάος	noun	chaos; disorder, mess
2461	οχτώ	num	eight, 8
2462	άλλως	adv	otherwise; else; differently
2463	σούπα	noun	soup
2464	φώναξε	verb	third-person singular simple past of φωνάζω (fonázo)
2465	χαίρετε	verb	second-person plural imperfective imperative of χαίρω
2466	αφρική	name	Africa (the continent south of Europe and between the Atlantic and Indian Oceans)
2467	ανά	prep	per, by, through, throughout
2468	έφτασα	verb	first-person singular simple past of φτάνω (ftáno)
2469	δεδομένων	noun	genitive plural of δεδομένο (dedoméno)
2470	κουμπί	noun	button (fastener for clothing)
2471	νύχια	noun	nominative plural of νύχι (nýchi)
2472	τυχαία	adv	randomly; by chance
2473	βυζιά	noun	nominative plural of βυζί (vyzí)
2474	σπάνια	adv	rarely, seldom, infrequently
2475	βουνά	noun	nominative plural of βουνό (vounó)
2476	πιάτο	noun	plate (tableware)
2477	σενάριο	noun	script, scenario
2478	σεζόν	noun	season (part of year)
2479	κολλήσει	verb	active nonfinite form of κολλάω (kolláo) and κολλώ (kolló)
2480	αξιωματικός	adj	authoritative, conclusive, axiomatic
2481	συνεχίσει	verb	active nonfinite form of συνεχίζω (synechízo)
2482	καρδιάς	noun	genitive singular of καρδιά (kardiá)
2483	άμα	conj	if; when
2484	ήμαστε	verb	first-person plural imperfect of είμαι (eímai)
2485	σκιά	noun	shadow, shade; dark area cast by light source
2486	χείλη	noun	nominative/accusative/vocative plural of χείλος (cheílos) (also of χείλι)
2487	δάχτυλα	noun	nominative/accusative/vocative plural of δάχτυλο (dáchtylo)
2488	εννιά	num	nine, 9
2489	γνωστός	adj	known, familiar
2490	δίκτυο	noun	network, internet
2491	νερού	noun	genitive singular of νερό (neró)
2492	φιλαράκι	noun	friend, bro, buddy (an endearment form)
2493	θαυμάσιο	adj	accusative masculine singular of θαυμάσιος (thavmásios)
2494	βαριά	noun	sledgehammer
2495	μπάσταρδε	adj	vocative masculine singular of μπάσταρδος (bástardos)
2496	κουράγιο	noun	courage, valour
2497	παλάτι	noun	palace
2498	περιοδικό	adj	accusative masculine singular of περιοδικός (periodikós)
2499	επιστήμη	noun	science
2500	ανακάλυψα	verb	first-person singular simple past of ανακαλύπτω (anakalýpto)
2501	ροκ	noun	rock
2502	λέσχη	noun	club (association of members)
2503	πληρώνω	verb	to pay (give money for work done or goods received)
2504	μηχάνημα	noun	machine, gadget, device
2505	αγώνες	noun	nominative/accusative/vocative plural of αγώνας (agónas)
2506	κόρης	noun	genitive singular of κόρη (kóri)
2507	καλύτεροι	adj	nominative/vocative masculine plural of καλύτερος
2508	έχε	verb	"second-person singular imperative of έχω (écho): ""have!"""
2509	βάθος	noun	bottom, depth (of sea, etc)
2510	εγχείρηση	noun	operation, surgical procedure
2511	γρήγορο	adj	accusative masculine singular of γρήγορος (grígoros)
2512	αυτοκινήτου	noun	genitive singular of αυτοκίνητο (aftokínito)
2513	τρελαθεί	verb	passive nonfinite form of τρελαίνομαι (trelaínomai), the passive of τρελαίνω (trelaíno)
2514	δήλωση	noun	statement, report, announcement, declaration
2515	βγήκα	verb	first-person singular simple past of βγαίνω (vgaíno)
2516	κλέψει	verb	active nonfinite form of κλέβω (klévo)
2517	υπέρ	prep	for, in support, in favor
2518	παράνομο	adj	masculine accusative singular
2519	νέιθαν	name	a transliteration of the English male given name Nathan
2520	μονάδες	noun	nominative/accusative/vocative plural of μονάδα (monáda)
2521	σύλληψη	noun	arrest, capture (the act or instance)
2522	φυσική	noun	physics
2523	εμφάνιση	noun	appearance (the act of appearing or coming into sight)
2524	διαφορετικές	adj	nominative feminine plural of διαφορετικός (diaforetikós)
2525	τηλεφώνησα	verb	first-person singular simple past of τηλεφωνώ (tilefonó) and τηλεφωνάω (tilefonáo)
2526	ετοιμαστείτε	verb	second-person plural dependent of ετοιμάζομαι
2527	κυριολεκτικά	adj	nominative/accusative/vocative neuter plural of κυριολεκτικός (kyriolektikós)
2528	διανομή	noun	distribution, issuance (act of giving out or delivering items etc)
2529	ανακάλυψε	verb	third-person singular simple past active of ανακαλύπτω (anakalýpto)
2530	συνταγματάρχη	noun	genitive/accusative/vocative singular of συνταγματάρχης (syntagmatárchis)
2531	οργή	noun	rage, anger, wrath
2532	τίνος	pron	masculine/feminine/neuter genitive singular of τίς (tís)
2533	ποδήλατο	noun	bicycle, cycle; bike (informal)
2534	αντίδραση	noun	reaction, response
2535	κίνδυνος	noun	danger
2536	προκαλέσει	verb	active nonfinite form of προκαλώ (prokaló).
2537	σινεμά	noun	cinema (film/movie theatre)
2538	συνεργασία	noun	working together, cooperation, collaboration, partnership
2539	τηλέφωνα	noun	nominative plural of τηλέφωνο (tiléfono)
2540	φυλή	noun	race, tribe, nation, breed
2541	πλοία	noun	nominative/accusative/vocative plural of πλοίο (ploío)
2542	μηδέν	num	zero; nothing, nought, nil
2543	μπράουν	name	a transliteration of the English surname Brown
2544	ζάχαρη	noun	sugar, sucrose
2545	εισαγγελέα	noun	genitive/accusative/vocative singular of εισαγγελέας (eisangeléas)
2546	πλάσματα	noun	nominative plural of πλάσμα (plásma)
2547	λογικά	adj	nominative/accusative/vocative neuter plural of λογικός (logikós)
2548	στιγμής	noun	genitive singular of στιγμή (stigmí)
2549	ασθένεια	noun	illness, sickness
2550	απαιτεί	verb	third-person singular present of απαιτώ (apaitó)
2551	εννοείται	verb	third-person singular present indicative of εννοούμαι
2552	κατάλληλο	adj	accusative masculine singular of κατάλληλος (katállilos)
2553	έλλειψη	noun	ellipse; ellipsis
2554	εγγύηση	noun	bail, guarantee, pledge
2555	συνεργάτη	noun	genitive/accusative/vocative singular of συνεργάτης (synergátis)
2556	κίνα	noun	cinchona (South American tree)
2557	έρευνας	noun	genitive singular of έρευνα (érevna)
2558	υπογραφή	noun	signature; agreement
2559	δευτερόλεπτο	noun	second (unit of time)
2560	ημέρας	noun	genitive singular of ημέρα (iméra)
2561	μισέλ	name	a transliteration of the English or French female given name Michelle
2562	γείτονες	noun	nominative/accusative/vocative plural of γείτονας (geítonas)
2563	συνειδητοποίησα	verb	first-person singular simple past of συνειδητοποιώ (syneiditopoió)
2564	στούντιο	noun	studio
2565	ανάλυση	noun	analysis, interpretation
2566	δίσκο	noun	accusative singular of δίσκος (dískos)
2567	ικετεύω	verb	to beseech, supplicate, beg, implore
2568	τροφή	noun	food, nourishment
2569	φαντάζεσαι	verb	second-person singular present indicative of φαντάζομαι
2570	ερωτευμένη	verb	nominative/accusative/vocative feminine singular of ερωτευμένος (erotevménos)
2571	φιλία	noun	friendship, companionship
2572	άννα	name	Hannah; a female given name, Anna, from Hebrew, equivalent to English Ann, Anne, or Hannah
2573	επεισόδια	noun	nominative/accusative/vocative plural of επεισόδιο (epeisódio)
2574	περιστατικό	noun	event, incident
2575	τάιλερ	name	a transliteration of the English surname and unisex given name Tyler
2576	μέσο	adj	masculine accusative singular
2577	χρειάστηκε	verb	third-person singular simple past of χρειάζομαι (chreiázomai)
2578	ελεύθεροι	adj	nominative/vocative masculine plural of ελεύθερος (eléftheros)
2579	σπουδαίος	adj	great, important, remarkable, great (also used ironically)
2580	αμοιβή	noun	fee, remuneration
2581	έψαξα	verb	first-person singular simple past of ψάχνω (psáchno)
2582	έρημο	adj	accusative masculine singular of έρημος (érimos)
2583	ικανότητες	noun	nominative/accusative/vocative plural of ικανότητα (ikanótita)
2584	βάρδια	noun	watch (duty period or the team working it)
2585	μοναδικός	adj	unique, sole
2586	πιάσαμε	verb	first-person plural simple past of πιάνω (piáno)
2587	επικίνδυνη	adj	nominative feminine singular of επικίνδυνος (epikíndynos)
2588	πιάνεις	verb	second-person singular present of πιάνω (piáno)
2589	παρακολουθώ	verb	to watch, spectate
2590	λέγατε	verb	"second-person plural imperfect of λέω (léo): ""you were saying"""
2591	γερμανία	name	Germany (a country in Central Europe)
2592	περισσότερους	adj	accusative masculine plural of περισσότερος (perissóteros)
2593	αντικείμενα	noun	nominative/accusative/vocative plural of αντικείμενο (antikeímeno)
2594	κυνηγάει	verb	third-person singular present active indicative of κυνηγάω (kynigáo) and κυνηγώ (kynigó)
2595	κύκλο	noun	accusative singular of κύκλος (kýklos)
2596	καταλάβατε	verb	second-person plural simple past active of καταλαβαίνω (katalavaíno)
2597	πρώτον	adv	first; firstly; in the first place
2598	άμαξα	noun	carriage (wheeled vehicle)
2599	βολή	noun	shot (the result of launching a projectile or bullet)
2600	περιβάλλον	noun	environment (conditions, social factors around something)
2601	παλιός	adj	old, former, long established, not modern
2602	προειδοποίηση	noun	warning, notice
2603	νερά	noun	nominative plural of νερό (neró)
2604	νύχτες	noun	nominative/accusative/vocative plural of νύχτα (nýchta)
2605	λέγαμε	verb	"first-person plural imperfect of λέω (léo): ""we were saying"""
2606	γκραντ	name	a transliteration of the English surname and male given name Grant
2607	βρέθηκαν	verb	third-person plural simple past of βρίσκομαι (vrískomai)
2608	συλλογή	noun	collection, compilation, assortment, picking
2609	συνέπειες	noun	nominative plural of συνέπεια (synépeia)
2610	έβλεπε	verb	third-person singular imperfect active of βλέπω (vlépo)
2611	γκρεγκ	name	a transliteration of the English male given name Greg
2612	πεθαίνω	verb	to die; to kill (either directly or indirectly)
2613	πάντοτε	adv	always
2614	εξέλιξη	noun	evolution; progress
2615	παράθυρα	noun	nominative plural of παράθυρο (paráthyro)
2616	φαντάστηκα	verb	first-person singular simple past indicative of φαντάζομαι
2617	χαμένος	verb	lost, missing; lost, defeated
2618	πίνει	verb	third-person singular present of πίνω (píno)
2619	γνώριζε	verb	third-person singular imperfect active of γνωρίζω (gnorízo)
2620	μαγικό	adj	accusative masculine singular of μαγικός (magikós)
2621	λογαριασμούς	noun	accusative plural of λογαριασμός (logariasmós)
2622	ώσπου	adv	by the time, when
2623	στρατόπεδο	noun	permanent or temporary base or camp
2624	κλέφτης	noun	thief, stealer; klepht
2625	πατάτες	noun	nominative plural of πατάτα (patáta)
2626	αναπνοή	noun	breath, breathing, respiration
2627	αισθάνεται	verb	third-person singular present indicative of αισθάνομαι (aisthánomai)
2628	φόβος	noun	fear; apprehension, awe
2629	μεγάλωσα	verb	first-person singular simple past of μεγαλώνω (megalóno)
2630	έδινα	verb	first-person singular imperfect of δίνω (díno)
2631	διάβασε	verb	third-person singular simple past active of διαβάζω (diavázo)
2632	εγκλήματα	noun	nominative plural of έγκλημα (égklima)
2633	φροντίδα	noun	attention, care
2634	κώδικα	noun	genitive/accusative/vocative singular of κώδικας (kódikas)
2635	έπιασαν	verb	third-person plural simple past of πιάνω (piáno)
2636	μπαίνεις	verb	second-person singular present of μπαίνω (baíno)
2637	ψεύτικο	adj	accusative masculine singular of ψεύτικος (pséftikos)
2638	διαβάσεις	noun	nominative/accusative/vocative plural of διάβαση (diávasi)
2639	εικόνες	noun	nominative plural of εικόνα (eikóna)
2640	γήπεδο	noun	ground, field, pitch, court, course (piece of land on which a specified sport takes place)
2641	παράξενα	adj	nominative neuter plural of παράξενος (paráxenos)
2642	έξοδο	noun	expenses
2643	αιμορραγία	noun	bleeding, haemorrhage (UK), hemorrhage (US)
2644	νεαρό	adj	accusative masculine singular of νεαρός (nearós)
2645	φάτε	verb	second-person plural dependent active of τρώω (tróo)
2646	επαγγελματίας	noun	professional, member of a profession or trade
2647	καυτό	adj	accusative masculine singular of καυτός (kaftós)
2648	γνώση	noun	knowledge, scholarship (knowing; understanding)
2649	συμπαθώ	verb	to like
2650	ξεκινάει	verb	third-person singular present indicative of ξεκινάω (xekináo)
2651	ιησούς	name	Jesus
2652	εαυτούς	pron	accusative masculine plural of εαυτός (eaftós)
2653	έπεσα	verb	"first-person singular simple past of πέφτω (péfto): ""I fell"""
2654	ενδιαφέρουσα	adj	nominative/accusative/vocative feminine singular of ενδιαφέρων (endiaféron)
2655	τσιγάρα	noun	nominative/accusative/vocative plural of τσιγάρο (tsigáro)
2656	γάμα	noun	L-shaped as in σχηματίζω Γ.
2657	ίδιοι	adj	masculine nominative/vocative plural of ίδιος (ídios)
2658	καλούς	adj	masculine accusative plural of καλός (kalós)
2659	οίκο	noun	accusative singular of οίκος (oíkos)
2660	κάρλος	name	a transliteration of the Spanish male given name Carlos
2661	γκιμπς	name	a transliteration of the English surname Gibbs
2662	ρεμπέκα	name	a transliteration of the English female given name Rebecca
2663	πιστόλι	noun	pistol, handgun
2664	αγαπά	verb	third-person singular present active indicative of αγαπάω (agapáo) and αγαπώ (agapó)
2665	ταυτόχρονα	adv	simultaneously, contemporaneously
2666	όρους	noun	accusative plural of όρος (óros)
2667	μεγάλωσε	verb	third-person singular simple past of μεγαλώνω (megalóno)
2668	τέρατα	noun	nominative/accusative/vocative plural of τέρας (téras)
2669	διαφορετικός	adj	dissimilar, different
2670	συστήματα	noun	nominative/accusative/vocative plural of σύστημα (sýstima)
2671	μίσος	noun	hatred, hate, enmity
2672	φωνάζει	verb	third-person singular present indicative of φωνάζω (fonázo)
2673	πεινάς	verb	second-person singular present of πεινάω (peináo) and πεινώ (peinó)
2674	υπόσχεση	noun	promise, vow
2675	πρόσωπα	noun	nominative/accusative/vocative plural of πρόσωπο (prósopo)
2676	επικίνδυνος	adj	dangerous, hazardous, perilous
2677	ονόματι	adv	called, named
2678	γνωστή	adj	nominative/accusative/vocative feminine singular of γνωστός (gnostós)
2679	πουκάμισο	noun	shirt; shed snakeskin
2680	αναμονή	noun	wait; waiting, expectation
2681	τέχνης	noun	genitive singular of τέχνη (téchni)
2682	φόνου	noun	genitive singular of φόνος (fónos)
2683	βρεθούμε	verb	first-person plural dependent of βρίσκομαι (vrískomai)
2684	κακιά	adj	nominative/accusative/vocative feminine singular of κακός (kakós)
2685	μαύρος	adj	of black (color/colour)
2686	ήχος	noun	sound, noise, tone
2687	κανόνας	noun	canon (books of the Bible)
2688	εγκέφαλο	noun	accusative singular of εγκέφαλος (egkéfalos)
2689	βήματα	noun	nominative/accusative/vocative plural of βήμα (víma)
2690	πτώση	noun	case; fall, drop, reduction (in position, quantity, etc)
2691	παλιές	adj	nominative feminine plural of παλιός (paliós)
2692	πλευρό	noun	rib, flank, side of a torso
2693	σημειώσεις	noun	nominative/accusative/vocative plural of σημείωση (simeíosi)
2694	βάλουν	verb	third-person plural dependent of βάζω (vázo)
2695	δήμαρχος	noun	mayor (leader of a city, town or a municipality)
2696	αστειεύομαι	verb	to joke, to tell a joke, to crack a joke
2697	τοντ	name	a transliteration of the English surname and male given name Todd
2698	τζόνσον	name	a transliteration of the English surname Johnson
2699	ξόρκι	noun	spell; incantation
2700	ύψος	noun	height (of a person)
2701	τρελά	adj	nominative/accusative/vocative neuter plural of τρελός (trelós)
2702	μαύρα	adj	nominative/accusative/vocative neuter plural of μαύρος (mávros)
2703	πάντες	det	masculine nominative/vocative plural of πας (pas)
2704	εσωτερικό	noun	interior, inside
2705	γριά	noun	old woman, old lady (elderly female person)
2706	βενζίνη	noun	petrol (UK), gasoline (US), gas (US)
2707	ειδικό	adj	accusative masculine singular of ειδικός (eidikós)
2708	ντέρεκ	name	a transliteration of the English male given name Derek
2709	πρώτες	adj	feminine nominative/accusative/vocative plural of πρώτος (prótos)
2710	οθόνη	noun	monitor; screen (cinema etc)
2711	λυπάσαι	verb	second-person singular present indicative of λυπάμαι (lypámai), the passive of λυπώ (lypó)
2712	ανόητη	adj	nominative feminine singular of ανόητος (anóitos)
2713	φτάνουν	verb	"""they are enough"""
2714	δυτικά	adv	westward, westwards
2715	βαρύ	adj	masculine accusative/vocative singular
2716	φτιάχνω	verb	to make, build, create, construct
2717	γέλια	noun	nominative plural of γέλιο (gélio)
2718	λευκός	adj	white; see Expressions and see Λευκός
2719	σταμάτησα	verb	first-person singular simple past of σταματάω (stamatáo) and σταματώ (stamató)
2720	στάδιο	noun	stadium, sports venue
2721	μουσείο	noun	museum
2722	υπουργείο	noun	ministry, department
2723	πάσα	det	feminine nominative/vocative singular of πας (pas)
2724	εξηγεί	verb	third-person singular present active indicative of εξηγώ (exigó)
2725	εύκολη	adj	nominative feminine singular of εύκολος (éfkolos)
2726	χορός	noun	dance; chorus in a performance of Ancient Greek drama
2727	έλαβα	verb	first-person singular simple past of λαμβάνω (lamváno)
2728	έμεινα	verb	first-person singular simple past of μένω (méno)
2729	εξωτερικό	noun	overseas; exterior
2730	ουάσιγκτον	name	Washington, Washington, D.C. (the capital city of the United States)
2731	μπλούζα	noun	blouse, top
2732	θερμοκρασία	noun	temperature; heat
2733	φίλου	adj	genitive masculine singular of φίλος (fílos)
2734	καφές	noun	cup of coffee; coffee
2735	βινς	name	a transliteration of the English male given name diminutive Vince
2736	προσβολή	noun	insult, offense (deliberatedly intended to be rude)
2737	πείσω	verb	"active first-person singular dependent of πείθω (peítho): ""persuade"""
2738	καθαρός	adj	clean, clear; pure, undefiled
2739	σεξουαλική	adj	nominative feminine singular of σεξουαλικός (sexoualikós)
2740	γεννήθηκα	verb	first-person singular simple past of γεννιέμαι
2741	αρκούδα	noun	bear
2742	απασχολημένη	verb	nominative/accusative/vocative feminine singular of απασχολημένος (apascholiménos)
2743	όλιβερ	name	a transliteration of the English male given name and surname Oliver
2744	βασίλειο	noun	kingdom (nation with a monarch)
2745	ντένις	name	a transliteration of the English male given name Dennis or Denis
2746	μαλάκες	noun	nominative plural of μαλάκας (malákas)
2747	χιόνι	noun	snow; snow (TV noise)
2748	πόσους	pron	accusative masculine plural of πόσος (pósos)
2749	κεφάλαιο	noun	chapter (a section of a book)
2750	ενδιαφέρομαι	verb	to be interested in
2751	κανονίσει	verb	active nonfinite form of κανονίζω (kanonízo)
2752	μάζεψε	verb	third-person singular simple past of μαζεύω (mazévo)
2753	προ	prep	before
2754	αηδία	noun	disgust, revulsion, distaste
2755	επρόκειτο	verb	"""was about, concerned"""
2756	κάλυψη	noun	coverage; support, protection
2757	γουστάρω	verb	to want, desire
2758	πυροβόλησαν	verb	third-person plural simple past of πυροβολώ (pyrovoló)
2759	κοιτάω	verb	to look at; to look after
2760	κόψει	verb	active nonfinite form of κόβω (kóvo)
2761	πουτάνα	noun	whore, hooker (prostitute)
2762	ρώτησες	verb	second-person singular simple past of ρωτάω (rotáo)
2763	προαίσθημα	noun	premonition, foreboding, hunch, presentiment
2764	πληγή	noun	wound (an injury, such as a cut, stab, or tear, to a (usually external) part of the body)
2765	ψεύτης	noun	liar
2766	απόλυτη	adj	nominative/accusative/vocative feminine singular of απόλυτος (apólytos)
2767	καζίνο	noun	casino
2768	χρησιμοποιώ	verb	to use, employ, put to use, utilise
2769	ανατολικά	adv	in the east, east
2770	σάλι	noun	shawl
2771	πρόσκληση	noun	call; invitation
2772	συνηθισμένο	verb	accusative masculine singular of συνηθισμένος (synithisménos)
2773	όπλων	noun	genitive plural of όπλο (óplo)
2774	κακοί	adj	nominative masculine plural of κακός (kakós)
2775	διαγωνισμό	noun	accusative singular of διαγωνισμός (diagonismós)
2776	κόκκινη	adj	nominative/accusative/vocative feminine singular of κόκκινος (kókkinos)
2777	αυτί	noun	ear
2778	βόμβες	noun	nominative/accusative/vocative plural of βόμβα (vómva)
2779	βγουν	verb	third-person plural dependent of βγαίνω (vgaíno)
2780	πρόβα	noun	trial (test of a product or procedure)
2781	περιπτώσεις	noun	nominative plural of περίπτωση (períptosi)
2782	επέστρεψα	verb	first-person singular simple past of επιστρέφω (epistréfo)
2783	εχθές	adv	yesterday
2784	πετάς	verb	second-person singular present active indicative of πετάω (petáo)
2785	δώδεκα	num	twelve
2786	υόρκης	name	genitive singular of Υόρκη (Yórki)
2787	κέισι	name	a transliteration of the English surname, male given name, and female given name Casey
2788	καθρέφτη	noun	genitive singular of καθρέφτης (kathréftis)
2789	μπόρεσε	verb	third-person singular simple past of μπορώ (boró)
2790	ζήσουμε	verb	first-person plural dependent of ζω (zo)
2791	έπιασες	verb	second-person singular simple past of πιάνω (piáno)
2792	σκάφη	noun	wash tub
2793	φίλιπ	name	a transliteration of the English male given name Philip
2794	κοιμήσου	verb	second-person singular perfective imperative of κοιμάμαι (koimámai)
2795	διάσημος	adj	famous, celebrated
2796	γελάς	verb	second-person singular present of γελάω (geláo) and γελώ (geló)
2797	ς	character	The lower case letter sigma
2798	παντρεμένοι	noun	nominative/vocative plural of παντρεμένος (pantreménos)
2799	στίβεν	name	a transliteration of the English male given name Stephen or Steven
2800	εργαλεία	noun	nominative plural of εργαλείο (ergaleío)
2801	κέικ	noun	baked cake of various flavours, but not layers of fillings
2802	γκόρντον	name	a transliteration of the English surname and male given name Gordon
2803	κοιλιά	noun	abdomen, stomach, belly
2804	μοιάζω	verb	to look like, resemble, take after (to be like or similar to)
2805	σαλόνι	noun	lounge, living room, reception room
2806	συναυλία	noun	concert, performance
2807	νεύρα	noun	nominative/accusative/vocative plural of νεύρο (névro)
2808	κέλι	name	a transliteration of the English surname and female given name Kelly
2809	επίδειξη	noun	show (of force, wealth, etc.), ostentation
2810	μάθε	verb	second-person singular perfective imperative of μαθαίνω (mathaíno)
2811	γυναικών	noun	ladies (toilet)
2812	θυμήθηκα	verb	first-person singular simple past of θυμάμαι (thymámai)
2813	μήνυση	noun	complaint, case, lawsuit
2814	λαός	noun	people, the mass of a community as distinguished from a special class
2815	μάγκα	noun	genitive singular of μάγκας (mágkas)
2816	ποδόσφαιρο	noun	football, soccer, association football
2817	παράξενη	adj	nominative feminine singular of παράξενος (paráxenos)
2818	βαθμούς	noun	accusative plural of βαθμός (vathmós)
2819	γρήγορη	adj	nominative feminine singular of γρήγορος (grígoros)
2820	βλακεία	noun	learning difficulties, mental retardation (of a moderate degree)
2821	συναγερμός	noun	alert (state of readiness in case of emergency)
2822	προηγούμενο	noun	preceding event with repercussions, a precedent
2823	χώμα	noun	earth, soil, dirt, mould
2824	πρώτοι	adj	masculine nominative/vocative plural of πρώτος (prótos)
2825	επισκέπτες	noun	nominative/accusative/vocative plural of επισκέπτης (episképtis)
2826	μες	adv	neuter nominative/accusative/vocative plural of μέσος (mésos)
2827	μεγαλώσει	verb	active nonfinite form of μεγαλώνω (megalóno).
2828	δημοσιογράφος	noun	journalist, reporter
2829	βαθμό	noun	accusative singular of βαθμός (vathmós)
2830	ανέβα	verb	second-person singular perfective imperative of ανεβαίνω (anevaíno)
2831	συγκρότημα	noun	complex, unit, block
2832	δεχτεί	verb	passive nonfinite form of δέχομαι (déchomai)
2833	πυροβολήσω	verb	first-person singular dependent active of πυροβολώ (pyrovoló)
2834	αυτοκτόνησε	verb	third-person singular simple past of αυτοκτονώ (aftoktonó)
2835	νόμου	noun	genitive singular of νόμος (nómos)
2836	τούνελ	noun	tunnel
2837	τζέιμι	name	a transliteration of the English male given name diminutive Jamie
2838	όριο	noun	limit, boundary; border, dividing line
2839	ευθεία	adj	nominative/accusative/vocative feminine singular of ευθύς (efthýs)
2840	ομιλία	noun	speech; discourse, talk
2841	αργήσω	verb	first-person singular dependent of αργώ (argó)
2842	κλοπή	noun	theft; plagiarism
2843	δάχτυλο	noun	finger, digit
2844	επέμβαση	noun	intervention; operation
2845	πουλήσει	verb	active nonfinite form of πουλάω (pouláo).
2846	πάρκινγκ	noun	parking; parking space
2847	ντέιβις	name	a transliteration of the English surname and male given name Davis
2848	έλεγχος	noun	control, check, audit
2849	ξεπεράσει	verb	active nonfinite form of ξεπερνώ (xepernó) and ξεπερνάω (xepernáo)
2850	ζόμπι	noun	zombie
2851	επίπεδα	noun	nominative plural of επίπεδο (epípedo)
2852	πλήθος	noun	a lot, large number, masses
2853	άμεση	adj	nominative/accusative/vocative feminine singular of άμεσος (ámesos)
2854	συντομότερο	adj	accusative masculine singular of συντομότερος
2855	επιθεωρητής	noun	inspector (a person employed to inspect something)
2856	ανάγκης	noun	genitive singular of ανάγκη (anágki)
2857	ατμόσφαιρα	noun	atmosphere (planetary)
2858	επίσημα	adj	nominative/accusative/vocative neuter plural of επίσημος (epísimos)
2859	ίδιες	adj	feminine nominative/accusative/vocative plural of ίδιος (ídios)
2860	αηδιαστικό	adj	accusative masculine singular of αηδιαστικός (aïdiastikós)
2861	αδυναμία	noun	weakness, inadequacy
2862	μπράντον	name	a transliteration of the English surname and male given name Brandon
2863	γλυκός	adj	sweet in taste; not brackish, not salted, fresh water (when qualifying water)
2864	ψάξε	verb	second-person singular perfective imperative of ψάχνω (psáchno)
2865	όργανα	noun	nominative/accusative/vocative plural of όργανο (órgano)
2866	πέρνα	verb	second-person singular present imperfective imperative of περνάω
2867	ακρόαση	noun	audition, audience, hearing
2868	πίστεψα	verb	first-person singular simple past of πιστεύω (pistévo)
2869	λιμάνι	noun	harbour, quay, port
2870	τζίνι	noun	genie, djinn; genius
2871	ελπίδες	noun	nominative plural of ελπίδα (elpída)
2872	σιχαίνομαι	verb	to detest, hate, despise, loathe
2873	σάρλοτ	name	a transliteration of the English female given name Charlotte
2874	κέιτι	name	a transliteration of the English female given name diminutive Katie or Katy
2875	σακάκι	noun	jacket
2876	πρίγκιπα	noun	genitive singular of πρίγκιπας (prígkipas)
2877	κοινή	noun	→ see κοινή (koiní) (language)
2878	χαίρω	verb	to be happy, be glad
2879	έτος	noun	year; volume (issues of a periodical over a period of one year)
2880	μάτσο	noun	bunch (items, usually identical, grasped with one hand)
2881	νοιάζομαι	verb	to care for; to take care of
2882	διαμάντια	noun	nominative plural of διαμάντι (diamánti)
2883	βοηθό	noun	accusative singular of βοηθός (voïthós)
2884	δασκάλα	noun	female teacher (especially one in a primary or elementary school)
2885	μίλερ	name	a transliteration of the English surname Miller
2886	γνωριστήκαμε	verb	first-person plural simple past of γνωρίζομαι
2887	ανάκριση	noun	cross-examination, examination
2888	επικοινωνία	noun	communication (between two people, machines, etc)
2889	σκάλα	noun	ladder, rung; staircase, stairs, stairway
2890	έρωτας	noun	love; passion
2891	διπλό	adj	accusative masculine singular of διπλός (diplós)
2892	μήκος	noun	length (the distance between the two ends of an object)
2893	εγκληματίες	noun	nominative/accusative/vocative plural of εγκληματίας (egklimatías)
2894	συγκεκριμένα	adj	nominative/accusative/vocative neuter plural of συγκεκριμένος (sygkekriménos)
2895	συνταγή	noun	prescription; recipe
2896	υπόψη	adv	alternative form of υπ’ όψιν (yp’ ópsin) (expression)
2897	ξεκάθαρα	adj	nominative/accusative/vocative neuter plural of ξεκάθαρος (xekátharos)
2898	φίδι	noun	snake, serpent; snake in the grass, devious person
2899	μπέιζμπολ	noun	baseball
2900	μπότες	noun	nominative/accusative/vocative plural of μπότα (bóta)
2901	αποτελεί	verb	"third-person singular present of αποτελώ (apoteló): ""to constitute, to make up"""
2902	σάρκα	noun	flesh; pulp; flesh
2903	ευτυχισμένοι	adj	nominative/vocative masculine plural of ευτυχισμένος (eftychisménos)
2904	ντρέπομαι	verb	to be shy, be bashful
2905	πύργο	noun	accusative singular of πύργος (pýrgos)
2906	ιταλία	name	Italy (a country in Southern Europe)
2907	φόνους	noun	accusative plural of φόνος (fónos)
2908	αστείος	adj	funny, amusing, comical, comic
2909	άλλοθι	noun	alibi; excuse (especially one used to avoid responsibility or blame)
2910	ευτυχισμένο	adj	accusative masculine singular of ευτυχισμένος (eftychisménos)
2911	χριστός	name	Jesus Christ (the Messiah named Jesus)
2912	απαγωγή	noun	kidnapping, abduction
2913	χιούμορ	noun	humour (UK), humor (US)
2914	επανάσταση	noun	revolution
2915	τέταρτο	noun	quarter, a fourth, one of four equal parts
2916	γκας	name	a male given name
2917	γυμναστήριο	noun	gymnasium (place for indoor sports), gym, sports hall
2918	λίγους	adj	accusative masculine plural of λίγος (lígos)
2919	παν	det	neuter nominative/accusative/vocative singular of πας (pas)
2920	αδέλφια	noun	nominative/accusative/vocative plural of αδέλφι (adélfi), siblings
2921	αμάξια	noun	nominative plural of αμάξι (amáxi)
2922	στρατού	noun	genitive singular of στρατός (stratós)
2923	κυρά	noun	lady of the house, mistress of the house
2924	επίτηδες	adv	deliberately, on purpose, intentionally
2925	αποκαλείς	verb	second-person singular imperfect of αποκαλώ (apokaló)
2926	κρύβει	verb	third-person singular present of κρύβω (krývo)
2927	πρίγκιπας	noun	prince, title for the male children of a king and sometimes the extended royal family.
2928	μπρος	adv	ahead, forth, onwards
2929	σώματος	noun	genitive singular of σώμα (sóma)
2930	κόρες	noun	nominative/accusative/vocative plural of κόρα (kóra)
2931	αποτυχία	noun	failure, defeat
2932	τρελοί	adj	nominative masculine plural of τρελός (trelós)
2933	υγρό	noun	fluid; liquid, fluid
2934	σχολείου	noun	genitive singular of σχολείο (scholeío)
2935	αντέξω	verb	first-person singular dependent of αντέχω (antécho)
2936	δαίμονες	noun	nominative/accusative/vocative plural of δαίμονας (daímonas)
2937	βοήθησες	verb	second-person singular simple past of βοηθάω (voïtháo) and βοηθώ (voïthó)
2938	δεύτερος	adj	second; inferior, seconds
2939	οργάνωση	noun	organization
2940	ψυχές	noun	nominative/vocative plural of ψυχή (psychí)
2941	αθώα	adj	nominative/accusative/vocative feminine singular of αθώος (athóos)
2942	γεμάτος	adj	full of, loaded with, plump
2943	σωστός	adj	correct, right; real, true
2944	έννοια	noun	concept; meaning, sense
2945	πληροφοριών	noun	genitive plural of πληροφορία (pliroforía)
2946	ίδρυμα	noun	institution, foundation, institute
2947	κατασκήνωση	noun	camp, camping, encampment
2948	επαναλαμβάνω	verb	to repeat, do again
2949	ινδία	name	India (a country in South Asia)
2950	πρόκληση	noun	provocation, challenge, defiance
2951	τριάντα	num	thirty
2952	απαγορεύεται	verb	third-person singular present indicative of απαγορεύομαι
2953	κοινότητα	noun	community; community, commune (administrative division)
2954	αμέ	particle	sure (yes)
2955	πυροβολήσεις	verb	second-person singular dependent active of πυροβολώ (pyrovoló)
2956	τος	pron	he (3rd person masculine singular, nominative)
2957	πέτυχε	verb	third-person singular simple past of πετυχαίνω (petychaíno)
2958	ανάποδα	adv	astern; backwards, the wrong way
2959	φέρνω	verb	to bear, convey (carry something from one place to another)
2960	ακριβό	adj	accusative masculine singular of ακριβός (akrivós)
2961	επόμενες	adj	nominative feminine plural of επόμενος (epómenos)
2962	ραδιόφωνο	noun	radio
2963	ετοιμάσου	verb	second-person singular perfective imperative of ετοιμάζομαι
2964	κουνηθείς	verb	second-person singular dependent of κουνιέμαι (kouniémai)
2965	κλείνει	verb	"third-person singular present of κλείνω (kleíno): ""he/she/it closes"""
2966	κόστος	noun	cost; money or effort expended in achieving something
2967	παιδική	adj	nominative/accusative/vocative feminine singular of παιδικός (paidikós)
2968	κότσια	noun	nominative/accusative/vocative plural of κότσι (kótsi)
2969	άρχοντα	noun	genitive singular of άρχοντας (árchontas)
2970	κατοχή	noun	possession; occupation (control of a country by a hostile army)
2971	τετάρτη	noun	Wednesday (day of the week)
2972	έργα	noun	roadworks
2973	χλόη	noun	grass, lawn
2974	καταλάβετε	verb	second-person plural dependent active of καταλαβαίνω (katalavaíno)
2975	διοίκηση	noun	administration (the act of administering)
2976	μπισκότα	noun	nominative plural of μπισκότο (biskóto)
2977	εγκεφάλου	noun	genitive singular of εγκέφαλος (egkéfalos)
2978	υπερβολική	adj	nominative feminine singular of υπερβολικός (ypervolikós)
2979	προδοσία	noun	betrayal, treachery
2980	δίνουμε	verb	first-person plural present of δίνω (díno)
2981	πλούσια	adv	lavishly
2982	ξύπνιος	adj	awake, conscious, wide-awake
2983	δικαιοσύνης	noun	genitive singular of δικαιοσύνη (dikaiosýni)
2984	υπάλληλος	noun	employee; clerk, assistant
2985	προέδρου	noun	genitive singular of πρόεδρος (próedros)
2986	ξεκίνησα	verb	first-person singular simple past of ξεκινάω (xekináo)
2987	γόνατα	noun	nominative/accusative/vocative plural of γόνατο (gónato)
2988	πρόθεση	noun	preposition; intent, intention, purpose
2989	δεύτερον	adv	secondly
2990	διαδίκτυο	noun	internet, the Internet, computer network
2991	περίπλοκο	adj	accusative masculine singular of περίπλοκος (períplokos)
2992	χρέος	noun	debt
2993	προτιμάς	verb	second-person singular present active indicative of προτιμάω (protimáo)
2994	θλίψη	noun	sorrow, sadness, grief, affliction
2995	στρατιωτική	adj	nominative feminine singular of στρατιωτικός (stratiotikós)
2996	κοιμήθηκα	verb	first-person singular simple past of κοιμάμαι (koimámai) and κοιμούμαι (koimoúmai)
2997	φωτός	noun	genitive singular of φως (fos)
2998	φόρμα	noun	form (the shape or visible structure of a thing or person)
2999	εύα	name	Eve; a female given name, Eva, from Hebrew, equivalent to English Eve
3000	στροφή	noun	bend, turning, turn (change of direction)
3001	τίτλο	noun	accusative singular of τίτλος (títlos)
3002	σάλτσα	noun	sauce, salsa
3003	ζήτα	noun	going out begging for money, panhandling
3004	πούτσο	noun	accusative singular of πούτσος (poútsos)
3005	υγείας	noun	genitive singular of υγεία (ygeía)
3006	γάτες	noun	nominative plural of γάτα (gáta)
3007	ντρέπεσαι	verb	"second-person singular present of ντρέπομαι (ntrépomai): ""you are ashamed"""
3008	γίνομαι	verb	to become; to become, turn into
3009	έξοδα	noun	nominative/accusative/vocative plural of έξοδο (éxodo)
3010	ρεπό	noun	day off, rest day, one day holiday
3011	πιάτα	noun	nominative/accusative/vocative plural of πιάτο (piáto)
3012	φύλακας	noun	guard, gatekeeper, attendant, warden, custodian
3013	ευγενική	adj	feminine nominative singular of ευγενικός (evgenikós)
3014	παντρεύτηκε	verb	third-person singular simple past of παντρεύομαι
3015	ζόρι	noun	force, compulsion
3016	παίρνετε	verb	second-person plural present of παίρνω (paírno)
3017	αιώνες	noun	nominative plural of αιώνας (aiónas)
3018	κοινωνική	adj	nominative feminine singular of κοινωνικός (koinonikós)
3019	ονομάζομαι	verb	to be named; one's name is
3020	καρδιές	noun	nominative/accusative/vocative plural of καρδιά (kardiá)
3021	παρακολούθηση	noun	surveillance; spectating
3022	εξοχότατε	noun	vocative singular of Εξοχότατος (Exochótatos)
3023	εμπορικό	noun	shop, store (especially fabrics, fashions and fancy goods)
3024	μαϊάμι	name	Miami (a city, the county seat of Miami-Dade County, Florida)
3025	κτήριο	noun	building
3026	δεκαετία	noun	decade (a period of ten years)
3027	πίστευες	verb	second-person singular imperfect active of πιστεύω (pistévo)
3028	προαγωγή	noun	promotion, advancement, furtherment (act of moving forward or proceeding in a course)
3029	κωδικός	adj	of or relating to code; secret
3030	αγωγή	noun	education, training, upbringing
3031	βαρετό	adj	accusative masculine singular of βαρετός (varetós)
3032	δόλωμα	noun	bait
3033	αδερφές	noun	nominative/accusative/vocative plural of αδερφή (aderfí)
3034	ωκεανό	noun	accusative singular of ωκεανός (okeanós)
3035	τριών	num	masculine/feminine/neuter genitive of τρεις (treis)
3036	τρίχες	intj	rubbish!, nonsense!
3037	πιείτε	verb	second-person plural dependent of πίνω (píno)
3038	ένδειξη	noun	indication, sign (a fact that shows that something exists or may happen)
3039	παρόλα	noun	pompous and silly, stupid word or saying
3040	θυσία	noun	sacrifice
3041	ανταλλαγή	noun	exchange; barter
3042	ράσελ	name	a transliteration of the English surname and male given name Russell
3043	εκλογές	noun	nominative plural of εκλογή (eklogí)
3044	θεοί	noun	nominative/vocative plural of θεός (theós)
3045	έβγαλες	verb	second-person singular simple past of βγάζω (vgázo)
3046	ναυτικό	noun	navy, sea force
3047	μισθό	noun	accusative singular of μισθός (misthós)
3048	δάσκαλε	noun	vocative singular of δάσκαλος (dáskalos)
3049	καθαρίσει	verb	active nonfinite form of καθαρίζω (katharízo).
3050	λευκή	adj	nominative/accusative/vocative feminine singular of λευκός (lefkós)
3051	κλουβί	noun	cage
3052	μαθαίνω	verb	to learn; to learn, acquire knowledge
3053	καπετάνιος	noun	captain (person lawfully in command of a ship or other vessel)
3054	εταιρείας	noun	genitive singular of εταιρεία (etaireía)
3055	αύξηση	noun	increase (growth of a quantity)
3056	μπαμπάκα	noun	genitive/accusative/vocative singular of μπαμπάκας (bampákas)
3057	σημαία	noun	flag; banner
3058	νταντά	noun	nanny, nursemaid (a woman or girl employed to care for children)
3059	διάβολος	noun	The Devil, devil.
3060	άγνωστο	adj	accusative masculine singular of άγνωστος (ágnostos)
3061	άγγελος	noun	angel; messenger, news bearer, envoy, herald
3062	καταστρέψω	verb	first-person singular dependent active of καταστρέφω (katastréfo)
3063	αγοράκι	noun	sweetheart, darling, honey
3064	ρίχνει	verb	third-person singular present active indicative of ρίχνω (ríchno)
3065	επιτρέψω	verb	first-person singular dependent active of επιτρέπω (epitrépo)
3066	λειτουργούν	verb	third-person plural present active indicative of λειτουργώ (leitourgó)
3067	θεούλη	noun	genitive/accusative/vocative singular of θεούλης (theoúlis)
3068	συνταγματάρχης	noun	the rank of colonel in the British and US armies with the NATO grade OF-5
3069	καυτή	adj	nominative/accusative/vocative feminine singular of καυτός (kaftós)
3070	γαλλικά	adj	nominative/accusative/vocative neuter plural of γαλλικός (gallikós)
3071	μπάντα	noun	side (all location senses)
3072	ιερό	noun	Holy of Holies (Eastern Orthodox church)
3073	αριθμούς	noun	accusative plural of αριθμός (arithmós)
3074	καταστραφεί	verb	passive nonfinite form of καταστρέφομαι
3075	χρηματοκιβώτιο	noun	safe, coffer, strongbox
3076	άλλαξα	verb	first-person singular simple past of αλλάζω (allázo)
3077	έκλεψα	verb	first-person singular simple past of κλέβω (klévo)
3078	γαμάτο	adj	accusative masculine singular of γαμάτος (gamátos)
3079	χαμένη	verb	nominative/accusative/vocative feminine singular of χαμένος (chaménos)
3080	πόλεις	noun	nominative/accusative/vocative plural of πόλη (póli)
3081	ουσιαστικά	adj	nominative/accusative/vocative neuter plural of ουσιαστικός (ousiastikós)
3082	σχήμα	noun	figure, shape
3083	ενοχλώ	verb	to annoy, bother, disturb, pester, trouble
3084	χόρτο	noun	grass, lawn; greens, leaf vegetables
3085	εισαγγελέας	noun	district attorney, prosecutor
3086	τοίχους	noun	accusative plural of τοίχος (toíchos)
3087	δοκιμή	noun	trial, test
3088	συζητήσεις	noun	nominative/accusative/vocative plural of συζήτηση (syzítisi)
3089	θάλαμο	noun	accusative singular of θάλαμος (thálamos)
3090	υπολοχαγέ	noun	vocative singular of υπολοχαγός (ypolochagós)
3091	παραδέχομαι	verb	to admit, accept, concede, allow
3092	υποθέσουμε	verb	first-person plural dependent of υποθέτω (ypothéto)
3093	έκφραση	noun	expression
3094	βλέποντας	verb	present participle of βλέπω (vlépo): seeing, observing
3095	αναζήτηση	noun	search, quest; investigation
3096	μαθηματικά	noun	mathematics
3097	περιοχές	noun	nominative/accusative/vocative plural of περιοχή (periochí)
3098	πέστε	verb	"second-person plural perfective imperative of λέω (léo): ""tell, say!"""
3099	αηδίες	noun	junk food; nonsense, piffle
3100	κατέβασε	verb	third-person singular simple past of κατεβάζω (katevázo)
3101	κατηγορώ	verb	to blame, accuse
3102	ακουστά	adv	on hearsay
3103	γερμανοί	noun	nominative plural of Γερμανός (Germanós)
3104	ρομαντικό	adj	accusative masculine singular of ρομαντικός (romantikós)
3105	ά	adv	abbreviation of άλλως (állos): otherwise
3106	αστυνόμος	noun	superintendent, major, captain (police ranks)
3107	αδύναμος	adj	weak, feeble (bodily, politically, economically, etc)
3108	τρομερά	adj	nominative/accusative/vocative neuter plural of τρομερός (tromerós)
3109	απόλυτο	adj	accusative masculine singular of απόλυτος (apólytos)
3110	ευρώ	noun	euro (the currency)
3111	πεπρωμένο	noun	destiny, fate
3112	καλλιτέχνης	noun	artist
3113	συνταγματάρχα	noun	vocative singular of συνταγματάρχης (syntagmatárchis)
3114	εσώρουχα	noun	nominative plural of εσώρουχο (esóroucho)
3115	έχοντας	verb	having, with; + infinitive to form periphrastic perfect participles
3116	δίνετε	verb	second-person plural present of δίνω (díno)
3117	γάντια	noun	nominative/accusative/vocative plural of γάντι (gánti)
3118	χειμώνα	noun	genitive/accusative/vocative singular of χειμώνας (cheimónas)
3119	μάγος	noun	magician; wizard, sorcerer
3120	μαλακό	adj	accusative masculine singular of μαλακός (malakós)
3121	ώμο	noun	accusative singular of ώμος (ómos)
3122	ρωτήσει	verb	active nonfinite form of ρωτάω (rotáo)
3123	εξάσκηση	noun	practice (repetition of an activity to improve skill)
3124	εμπόδιο	noun	obstacle, obstruction, barrier, impediment, hindrance
3125	στέλνω	verb	to send
3126	κατάσκοπος	noun	spy (person who secretly watches)
3127	ξεφύγεις	verb	second-person singular dependent of ξεφεύγω (xefévgo)
3128	επιρροή	noun	influence (the power to affect, control or manipulate something or someone)
3129	κύμα	noun	wave, breaker, roller
3130	τζόναθαν	name	a transliteration of the English male given name Jonathan
3131	εφιάλτης	noun	nightmare
3132	γραμματέας	noun	secretary (a person who keeps records, takes notes and handles general clerical work)
3133	στρατηγό	noun	accusative singular of στρατηγός (stratigós)
3134	πιάνο	noun	piano
3135	αγενής	adj	rude, impolite, uncivil (bad-mannered)
3136	γενναίος	adj	brave, gallant; generous, lavish
3137	συγκέντρωση	noun	centralisation (UK), centralization (US)
3138	μοναξιά	noun	loneliness; solitude, seclusion, solitariness
3139	κόψεις	noun	nominative/accusative/vocative plural of κόψη (kópsi)
3140	κώμα	noun	coma
3141	μπαίνω	verb	to enter, go in, come in, get in
3142	επιστολή	noun	letter, written communication
3143	γυμνάσιο	noun	middle school (individual schools for ages 12–15)
3144	μπύρες	noun	nominative/accusative/vocative plural of μπύρα (býra)
3145	ίσα	intj	come on; hang on
3146	δείγματα	noun	nominative/accusative/vocative plural of δείγμα (deígma)
3147	βοηθάω	verb	to help, aid; to contribute to/towards
3148	ενδείξεις	noun	nominative/accusative/vocative plural of ένδειξη (éndeixi)
3149	αναγνώριση	noun	recognition; acknowledgment
3150	βάλετε	verb	second-person plural dependent of βάζω (vázo)
3151	ξύπνησε	verb	third-person singular simple past of ξυπνάω (xypnáo) and ξυπνώ (xypnó)
3152	δυνατότητα	noun	possibility (the quality of being possible)
3153	στυλό	noun	pen, ballpoint, biro
3154	εμμονή	noun	adherence (faithful support for some cause)
3155	κρανίο	noun	cranium, skull
3156	ξενοδοχείου	noun	genitive singular of ξενοδοχείο (xenodocheío)
3157	πρόθυμος	adj	willing, ready
3158	κάθισμα	noun	a seat; sitting down
3159	ακτίνα	noun	light ray, beam of light, X-ray (or other radiation)
3160	οπτική	noun	optics; vision, view (way of viewing or understanding something)
3161	χάρολντ	name	a transliteration of the English male given name Harold
3162	βοήθησα	verb	first-person singular simple past of βοηθάω (voïtháo) and βοηθώ (voïthó)
3163	τζένιφερ	name	a transliteration of the English female given name Jennifer
3164	γρήγορος	adj	quick, fast, swift, brisk
3165	αμερικής	name	genitive singular of Αμερική (Amerikí)
3166	συνέβησαν	verb	third-person plural simple past of συμβαίνει (symvaínei)
3167	σημαντικός	adj	important, significant, considerable, outstanding, notable
3168	μεγαλώνει	verb	third-person singular present indicative of μεγαλώνω (megalóno)
3169	πέιτζ	name	a transliteration of the English surname Page or Paige
3170	κλόουν	noun	clown (performance artist associated with circus)
3171	τηλεφωνήματα	noun	nominative plural of τηλεφώνημα (tilefónima)
3172	στοιχηματίζω	verb	to bet, wager
3173	οφείλω	verb	to owe; to be obliged to
3174	αρέσω	verb	to be liked by somebody, to be pleasing to someone.
3175	δάκρυα	noun	nominative/accusative/vocative plural of δάκρυ (dákry)
3176	δεδομένου	noun	genitive singular of δεδομένο (dedoméno)
3177	οδός	noun	street, road, way
3178	ελέγχω	verb	to question, check, test
3179	λιγότερα	adj	nominative/accusative/vocative neuter plural of λιγότερος
3180	σιγουρευτώ	verb	first-person singular dependent of σιγουρεύομαι
3181	ανατολή	noun	east, East; sunrise, dawn; moonrise
3182	λοχαγός	noun	the rank of captain in the British and US armies with the NATO grade OF-2
3183	επικίνδυνα	adv	dangerously
3184	δειλός	adj	cowardly, pusillanimous
3185	αστυνομικούς	adj	accusative masculine plural of αστυνομικός (astynomikós)
3186	τίμημα	noun	monetary value; value in terms of time, effort, emotion, etc.
3187	ποιους	pron	masculine accusative plural of ποιος (poios, “who; which”)
3188	δείχνω	verb	to indicate, point out, point to
3189	χαμένο	verb	accusative masculine singular of χαμένος (chaménos)
3190	νευρικός	adj	nervous, worried
3191	καθάρματα	noun	nominative plural of κάθαρμα (kátharma)
3192	τεχνική	noun	technique
3193	κρέμα	noun	cream (the fatty dairy product from milk)
3194	χάρις	name	Charis; a female given name, equivalent to English Charis
3195	σοβαρός	adj	reliable, serious, humourless, grave
3196	πείραμα	noun	experiment (test under controlled conditions)
3197	απαντήσει	verb	active nonfinite form of απαντάω (apantáo) and απαντώ (apantó).
3198	ελπίζουμε	verb	"first-person plural present of ελπίζω (elpízo): ""we hope"""
3199	πρόποση	noun	toast (proposed salutation)
3200	κολλέγιο	noun	college; holiday camp (place where insufficient discipline and strictness prevail)
3201	άλλωστε	adv	besides, after all, furthermore, moreover, and beyond that
3202	καταστάσεις	noun	nominative/accusative/vocative plural of κατάσταση (katástasi)
3203	πέρασμα	noun	passage, passing (of time, weather, illness, events)
3204	μεγαλύτερα	adj	nominative neuter plural of μεγαλύτερος
3205	βράδια	noun	nominative plural of βράδυ (vrády)
3206	ρωσία	name	Russia (a transcontinental country in Eastern Europe and North Asia)
3207	τακτοποιήσω	verb	first-person singular dependent active of τακτοποιώ (taktopoió)
3208	πυρά	noun	the stake (a place of execution)
3209	περιγραφή	noun	description, account
3210	μπαίνουν	verb	third-person plural present of μπαίνω (baíno)
3211	φροντίζω	verb	to take care of (a child, an obligation, etc.)
3212	αντίθετα	adv	on the contrary, contrariwise
3213	φυσιολογικά	adj	nominative/accusative/vocative neuter plural of φυσιολογικός (fysiologikós)
3214	ασύρματο	adj	accusative masculine singular of ασύρματος (asýrmatos)
3215	πιλότος	noun	pilot, aviator; pilot
3216	πληγές	noun	nominative/accusative/vocative plural of πληγή (pligí)
3217	καλώ	verb	to call, hail (someone by name)
3218	πυροβολήσει	verb	active nonfinite form of πυροβολώ (pyrovoló)
3219	πάσο	noun	pass (bar dividing a kitchen, where the finished dishes are passed)
3220	χρόνων	noun	genitive plural of χρόνος (chrónos)
3221	πλανήτης	noun	planet
3222	πιστός	adj	faithful, true; perfect
3223	χάλι	noun	bad, wretched condition
3224	ήρωα	noun	genitive/accusative/vocative singular of ήρωας (íroas)
3225	προπόνηση	noun	training; workout
3226	ιό	noun	accusative singular of ιός (iós)
3227	δύση	noun	west; sunset, sundown
3228	στης	contraction	contraction of σε (se) + της (tis), literally “to (of) the”
3229	ένταση	noun	volume (music, sound)
3230	σκοτεινά	adj	nominative neuter plural of σκοτεινός (skoteinós)
3231	ρόι	name	a transliteration of the English male given name Roy
3232	τέτοιου	pron	genitive masculine/neuter singular of τέτοιος (tétoios)
3233	μέτωπο	noun	forehead; front (weather front)
3234	ξανασυμβεί	verb	active nonfinite form of ξανασυμβαίνω
3235	έκλεισα	verb	first-person singular simple past of κλείνω (kleíno)
3236	άστο	contraction	alternative form of άσ’ το (ás’ to, “leave it”), contraction of άσε (áse) + το (to)
3237	ναό	noun	accusative singular of ναός (naós)
3238	ακούστηκε	verb	third-person singular simple past of ακούγομαι (akoúgomai)
3239	τρόποι	noun	nominative plural of τρόπος (trópos)
3240	δολοφονίας	noun	genitive singular of δολοφονία (dolofonía)
3241	μόνικα	name	a female given name, Monika, equivalent to English Monica
3242	υπάρξουν	verb	third-person plural dependent of υπάρχω (ypárcho)
3243	άσπρο	noun	white; a Byzantine coin
3244	ρισκάρω	verb	to risk, to put at risk
3245	εγκληματίας	noun	criminal, delinquent
3246	ξανθιά	adj	nominative/accusative/vocative feminine singular of ξανθός (xanthós)
3247	δύσκολες	adj	nominative feminine plural of δύσκολος (dýskolos)
3248	παρατήσεις	verb	second-person singular dependent active of παρατάω (paratáo)
3249	δεύτερα	adj	nominative neuter plural of δεύτερος (défteros)
3250	εκπλήσσομαι	verb	passive of εκπλήσσω (ekplísso)
3251	πίτα	noun	pita, pie (type of pastry, flat unleavened bread usually used for making pies)
3252	προειδοποιώ	verb	to forewarn, warn
3253	πενήντα	num	fifty
3254	μάθιου	name	a transliteration of the English male given name and surname Matthew
3255	δαίμονας	noun	demon
3256	είδηση	noun	news item, piece of news, news story
3257	σκοτεινό	adj	accusative masculine singular of σκοτεινός (skoteinós)
3258	ένωση	noun	uniting, joining, combining, connecting
3259	άνταμ	name	a male given name, equivalent to English Adam
3260	επίσημη	adj	nominative feminine singular of επίσημος (epísimos)
3261	συγκεκριμένη	adj	nominative feminine singular of συγκεκριμένος (sygkekriménos)
3262	χορού	noun	genitive singular of χορός (chorós)
3263	νικητής	noun	winner, victor
3264	απλός	adj	plain, simple, uncomplicated
3265	βάλτο	noun	accusative singular of βάλτος (váltos)
3266	βγήκαν	verb	third-person plural simple past of βγαίνω (vgaíno)
3267	εργάτες	noun	nominative plural of εργάτης (ergátis)
3268	σακούλα	noun	bag (made of plastic or paper)
3269	σι	noun	si, ti (seventh note in the tonic sol-fa or solfège scale)
3270	φάνε	verb	third-person plural dependent of τρώω (tróo)
3271	κεντρικό	adj	accusative masculine singular of κεντρικός (kentrikós)
3272	πηγές	noun	nominative/accusative/vocative plural of πηγή (pigí)
3273	άβολα	adj	nominative/accusative/vocative neuter plural of άβολος (ávolos)
3274	βεβαιωθώ	verb	first-person singular dependent of βεβαιώνομαι (vevaiónomai)
3275	δημιουργήσει	verb	active nonfinite form of δημιουργώ (dimiourgó).
3276	πρόσεξα	verb	first-person singular simple past of προσέχω (prosécho)
3277	σπηλιά	noun	cave
3278	έσωσα	verb	first-person singular simple past of σώζω (sózo)
3279	έλεγξα	verb	first-person singular simple past of ελέγχω (eléncho)
3280	ιδιοκτησία	noun	ownership; property
3281	όραμα	noun	vision, goal; supernatural vision
3282	ήμουνα	verb	"first-person singular imperfect of είμαι (eímai): ""I was"""
3283	απόπειρα	noun	attempt, try; go (informal)
3284	γερουσιαστή	noun	genitive/accusative/vocative singular of γερουσιαστής (gerousiastís)
3285	αμαρτίες	noun	nominative plural of αμαρτία (amartía)
3286	νόμισα	verb	first-person singular simple past of νομίζω (nomízo)
3287	ιερέας	noun	clergyman (any rank in the Orthodox Church)
3288	σύμβολο	noun	symbol, character, glyph
3289	απαραίτητα	adj	nominative/accusative/vocative neuter plural of απαραίτητος (aparaítitos)
3290	νομική	adj	nominative feminine singular of νομικός (nomikós)
3291	ρεκόρ	noun	record (a supreme achievement)
3292	σκοτεινή	adj	nominative feminine singular of σκοτεινός (skoteinós)
3293	διαφήμιση	noun	advertisement (commercial solicitation)
3294	γραφείου	noun	genitive singular of γραφείο (grafeío)
3295	ανάθεμα	noun	curse (prayer or imprecation that harm may befall someone)
3296	πώληση	noun	sale, sales
3297	ιδιαιτέρως	adv	particularly, in particular, especially
3298	νόμους	noun	accusative plural of νόμος (nómos)
3299	κάλτσες	noun	nominative plural of κάλτσα (káltsa)
3300	κακές	adj	nominative feminine plural of κακός (kakós)
3301	ίαν	name	a transliteration of the English male given name Ian
3302	φόρα	noun	speed, pace, momentum, impetus (force, either internal or external, that impels)
3303	επιθέσεις	noun	nominative/accusative/vocative plural of επίθεση (epíthesi)
3304	περιπέτεια	noun	adventure, escapade
3305	ήπια	verb	"first-person singular simple past of πίνω (píno) ""I drank"""
3306	ρίτα	name	a female given name, equivalent to English Rita
3307	στέγη	noun	roof (of house, etc)
3308	οποίες	pron	nominative/accusative/vocative feminine plural of οποίος (opoíos)
3309	ακολουθήσει	verb	active nonfinite form of ακολουθώ (akolouthó).
3310	άσκηση	noun	drill, exercise, practice
3311	ανθρωπότητα	noun	humankind, mankind, humanity
3312	οδηγείς	verb	second-person singular present of οδηγώ (odigó)
3313	βέρα	noun	wedding ring; wedding
3314	ενημέρωση	noun	information up-to-date, briefing
3315	προσευχή	noun	prayer
3316	ψάρεμα	noun	fishing
3317	εαυτού	pron	genitive masculine singular of εαυτός (eaftós)
3318	πλούσιοι	adj	nominative masculine plural of πλούσιος (ploúsios)
3319	έκδοση	noun	edition (of a book, newspaper, etc.)
3320	καταστράφηκε	verb	third-person singular simple past of καταστρέφομαι
3321	μαγικά	adv	magically
3322	διαλέξεις	noun	nominative/accusative/vocative plural of διάλεξη (diálexi)
3323	κάρι	noun	curry (the spice and the dish prepared from it)
3324	αντιμετωπίσω	verb	first-person singular dependent active of αντιμετωπίζω (antimetopízo)
3325	εντός	adv	within
3326	μάρκο	noun	accusative singular of Μάρκος (Márkos)
3327	ηλικίας	noun	genitive singular of ηλικία (ilikía)
3328	κουτιά	noun	nominative plural of κουτί (koutí)
3329	ύπνος	noun	sleep
3330	φοβερός	adj	frightening, terrifying, horrifying
3331	αμαρτία	noun	sin; debauchery, sin
3332	μητρώο	noun	register, record (official)
3333	κόκκινα	adj	nominative/accusative/vocative neuter plural of κόκκινος (kókkinos)
3334	αξίας	noun	genitive singular of αξία (axía)
3335	ακριβά	adv	expensively (at high price, cost)
3336	φρέσκο	noun	fresco (wall painting and the technique for its production)
3337	σκασμό	noun	accusative singular of σκασμός (skasmós)
3338	πλευρές	noun	nominative plural of πλευρά (plevrá)
3339	διακόπτω	verb	to interrupt; disrupt; stop
3340	ρίχνεις	verb	"second-person singular present of ρίχνω (ríchno) ""you throw, you drop"""
3341	συναγερμό	noun	accusative singular of συναγερμός (synagermós)
3342	στρατηγική	noun	strategy
3343	ντουλάπι	noun	cupboard
3344	βλάβη	noun	damage, detriment, harm
3345	περίφημα	adj	nominative/accusative/vocative neuter plural of περίφημος (perífimos)
3346	ιατρικό	noun	medication, medicine
3347	λείψει	verb	active nonfinite form of λείπω (leípo)
3348	παραγωγή	noun	production (the act of producing, making or creating something)
3349	βραδινό	noun	evening meal, dinner, supper
3350	φάτσα	noun	face; guy, person (usually of cunning, adept or dexterous person)
3351	λόφο	noun	accusative singular of λόφος (lófos)
3352	βγάλουν	verb	third-person plural dependent of βγάζω (vgázo)
3353	μεγάλοι	adj	masculine nominative/vocative plural of μεγάλος (megálos)
3354	τρομοκράτες	noun	nominative/accusative/vocative plural of τρομοκράτης (tromokrátis)
3355	έθνος	noun	a culture and the group of people that belong to it
3356	πλεονέκτημα	noun	profit, gain; advantage, boon (something offering the chance of gain)
3357	φρικιό	noun	a freak
3358	επιστήμονες	noun	nominative/accusative/vocative plural of επιστήμονας (epistímonas)
3359	ωραίες	adj	nominative/accusative/vocative feminine plural of ωραίος (oraíos)
3360	χάπι	noun	pill, capsule
3361	στείλτε	verb	second-person plural active perfective imperative of στέλνω (stélno)
3362	κλέφτες	noun	nominative plural of κλέφτης (kléftis)
3363	ήρωες	noun	nominative/accusative/vocative plural of ήρωας (íroas)
3364	χρειαστείτε	verb	second-person plural dependent of χρειάζομαι (chreiázomai)
3365	αγίου	adj	genitive masculine/neuter singular of άγιος (ágios)
3366	διαρροή	noun	leak (in pipe, tank, etc.)
3367	αέριο	noun	gas; wind, flatulence, fart
3368	φρανσίσκο	name	a transliteration of the Spanish male given name Francisco
3369	καίγεται	verb	third-person singular present of καίγομαι (kaígomai)
3370	όμορφες	adj	nominative/accusative/vocative feminine plural of όμορφος (ómorfos)
3371	σκανδάλη	noun	trigger (finger-operated lever used to fire a gun)
3372	κοιλάδα	noun	valley
3373	ανάγκες	noun	nominative/accusative/vocative plural of ανάγκη (anágki)
3374	νύχτας	noun	genitive singular of νύχτα (nýchta)
3375	λέγομαι	verb	to be called
3376	εκραγεί	verb	passive nonfinite form of εκρήγνυμαι (ekrígnymai)
3377	αιώνια	adv	eternally, forever, everlastingly
3378	θέαμα	noun	sight (something seen)
3379	εσωτερική	adj	nominative/accusative/vocative feminine singular of εσωτερικός (esoterikós)
3380	μεταφέρει	verb	active nonfinite form of μεταφέρω (metaféro).
3381	γενικά	adv	generally, in general
3382	πινακίδα	noun	plaque, nameplate, shingle
3383	τελικό	adj	accusative masculine singular of τελικός (telikós)
3384	βιρτζίνια	name	Virginia (a state of the United States)
3385	συγκεντρώσου	verb	second-person singular perfective imperative of συγκεντρώνομαι
3386	τραγωδία	noun	tragedy
3387	πρόοδο	noun	accusative singular of πρόοδος (próodos)
3388	τέτοιος	pron	such, like, like that
3389	χάθηκαν	verb	third-person plural simple past of χάνομαι (chánomai)
3390	νεκροταφείο	noun	graveyard, cemetery (place where the dead are buried)
3391	παγκόσμιο	adj	accusative masculine singular of παγκόσμιος (pagkósmios)
3392	όρος	noun	term (word, phrase; limitation, restriction)
3393	φυσιολογική	adj	nominative feminine singular of φυσιολογικός (fysiologikós)
3394	ζώων	noun	genitive plural of ζώο (zóo)
3395	καρφί	noun	nail (metal fastener used for joining wood, etc)
3396	ακριβή	adj	nominative feminine singular of ακριβός (akrivós) (expensive)
3397	δημοκρατία	noun	democracy; republic
3398	τρύπες	noun	nominative plural of τρύπα (trýpa)
3399	μέλι	noun	honey
3400	τσούλα	noun	slut, tart, hussy, whore
3401	πλήρωσα	verb	first-person singular simple past of πληρώνω (pliróno)
3402	καθημερινά	adj	nominative/accusative/vocative neuter plural of καθημερινός (kathimerinós)
3403	ναζί	noun	Nazi
3404	κεντρική	adj	nominative feminine singular of κεντρικός (kentrikós)
3405	ιαπωνία	name	Japan (a country in East Asia)
3406	επιτέθηκαν	verb	third-person plural simple past of επιτίθεμαι (epitíthemai)
3407	άρωμα	noun	perfume, fragrance, smell, aroma (property)
3408	γυμνή	adj	nominative feminine singular of γυμνός (gymnós)
3409	χρησιμοποιούμε	verb	first-person plural present active indicative of χρησιμοποιώ (chrisimopoió)
3410	γραφεία	noun	nominative plural of γραφείο (grafeío)
3411	γενεθλίων	noun	genitive plural of γενέθλια (genéthlia)
3412	κύρια	adj	nominative/accusative/vocative feminine singular of κύριος (kýrios)
3413	χήρα	noun	widow, relict
3414	βερολίνο	name	Berlin (the capital and largest city of Germany)
3415	αντίσταση	noun	resistance; the Resistance
3416	γραβάτα	noun	tie, necktie
3417	απατεώνας	noun	crook, swindler, fraudster
3418	συμπτώματα	noun	nominative plural of σύμπτωμα (sýmptoma)
3419	τάξης	noun	genitive singular of τάξη (táxi)
3420	σελίδες	noun	nominative plural of σελίδα (selída)
3421	ευκαιρίες	noun	nominative plural of ευκαιρία (efkairía)
3422	παντρεύτηκα	verb	first-person singular simple past of παντρεύομαι
3423	αρρώστια	noun	malady, sickness, illness, disease
3424	συνέδριο	noun	congress, colloquium, conference (gathering of people for the purpose of discussion)
3425	μπάσταρδος	adj	bastard (who is considered an illegitimate descendant)
3426	εχθροί	noun	nominative/vocative plural of εχθρός (echthrós)
3427	κορμί	noun	body
3428	χάσιμο	noun	loss; waste
3429	τίνα	pron	whom? (singular masculine, feminine) what? (plural neuter) - In Ancient Greek
3430	πάθεις	verb	second-person singular dependent of παθαίνω (pathaíno)
3431	κινγκ	name	a transliteration of the English surname King
3432	χώρες	noun	nominative plural of χώρα (chóra)
3433	διαθήκη	noun	will, testament (document)
3434	προφορά	noun	pronunciation, articulation, enunciation (manner in which sounds are pronounced)
3435	λεπτομέρεια	noun	detail
3436	σπασμένο	verb	accusative masculine singular of σπασμένος (spasménos)
3437	μελέτη	noun	study (all senses)
3438	αδελφές	noun	nominative plural of αδελφή (adelfí)
3439	αντιμετωπίσεις	noun	nominative/accusative/vocative plural of αντιμετώπιση (antimetópisi)
3440	καριόλη	noun	genitive singular of καριόλης (kariólis)
3441	άκουγα	verb	first-person singular imperfect of ακούω (akoúo, “I listened, I heard”)
3442	σταθερή	adj	nominative feminine singular of σταθερός (statherós)
3443	καλύβα	noun	hut, shack, hovel
3444	ηρεμήσεις	verb	second-person singular dependent of ηρεμώ (iremó)
3445	πέος	noun	penis
3446	παραγγελία	noun	message, word; order
3447	δια	prep	by, for, through
3448	τόπος	noun	place, location, locality
3449	λίνκολν	name	Lincoln (a city and borough of Lincolnshire, England)
3450	κυνηγός	noun	hunter; seeker
3451	θρησκεία	noun	religion; cult
3452	ένσταση	noun	objection; plea, objection
3453	έξτρα	adv	extra
3454	χυμό	noun	accusative singular of χυμός (chymós)
3455	βγήκες	verb	second-person singular simple past of βγαίνω (vgaíno)
3456	φορέσεις	verb	second-person singular dependent active of φοράω (foráo)
3457	αεροπλάνα	noun	nominative plural of αεροπλάνο (aeropláno)
3458	ένορκοι	adj	nominative/vocative masculine plural of ένορκος (énorkos, “sworn”)
3459	κέρδος	noun	profit, gain (material or financial)
3460	θυμό	noun	accusative singular of θυμός (thymós)
3461	λύκος	noun	wolf; wolfdog
3462	δολοφόνοι	noun	nominative/vocative plural of δολοφόνος (dolofónos)
3463	πείσεις	verb	second-person singular dependent active of πείθω (peítho)
3464	ζευγάρια	noun	nominative/accusative/vocative plural of ζευγάρι (zevgári)
3465	πόκερ	noun	poker
3466	οδηγούν	verb	third-person plural present of οδηγώ (odigó)
3467	υπουργός	noun	minister, secretary (politician who heads a ministry or department)
3468	κόμμα	noun	political party
3469	μηχανικός	noun	engineer, mechanic
3470	αποτύπωμα	noun	imprint, impression (print left in soft material)
3471	συντεταγμένες	noun	nominative plural of συντεταγμένη (syntetagméni)
3472	τρέχω	verb	to run, move quickly, sprint
3473	μωρού	adj	masculine/neuter genitive singular of μωρός (morós)
3474	μπάσκετ	noun	basketball (the less formal, but much more common term)
3475	ξυπνήσω	verb	first-person singular dependent of ξυπνάω (xypnáo) and ξυπνώ (xypnó)
3476	θεωρείται	verb	third-person singular present passive of θεωρώ (theoró)
3477	χρυσή	adj	nominative feminine singular of χρυσός (chrysós)
3478	έρευνες	noun	nominative/accusative/vocative plural of έρευνα (érevna)
3479	ισπανία	name	Spain (a country in Southern Europe, including most of the Iberian peninsula)
3480	κέρδη	noun	nominative/accusative/vocative plural of κέρδος (kérdos)
3481	χειρότερος	adj	worst
3482	ειδικές	adj	nominative feminine plural of ειδικός (eidikós)
3483	απευθείας	adv	directly, immediately, straight
3484	σταθμός	noun	station, terminus, terminal (bus, railway)
3485	φοβήθηκα	verb	first-person singular simple past of φοβάμαι (fovámai) and φοβούμαι (fovoúmai)
3486	πιάνω	verb	with one's hands: hold, catch, grab, take, handle, hold
3487	γενιά	noun	kin, ancestry; generation
3488	γιατρούς	noun	accusative plural of γιατρός (giatrós)
3489	γυρίζω	verb	to turn, return, switch
3490	τυφλός	adj	blind
3491	τελευταίους	adj	accusative masculine plural of τελευταίος (teleftaíos)
3492	φανταστικά	adv	fantastically
3493	κεντ	name	Kent (a maritime county in southeast England)
3494	μένουμε	verb	first-person plural present of μένω (méno)
3495	δέχτηκε	verb	third-person singular simple past of δέχομαι (déchomai)
3496	έριξα	verb	first-person singular simple past of ρίχνω (ríchno)
3497	πτέρυγα	noun	wing (of a bird)
3498	εταιρίας	noun	genitive singular of εταιρία (etairía)
3499	φλόριντα	name	Florida (a state of the United States)
3500	γκόμενες	noun	nominative/accusative/vocative plural of γκόμενα (gkómena)
3501	μοτέλ	noun	motel
3502	φύλλα	noun	nominative/accusative/vocative plural of φύλλο (fýllo)
3503	αισθήσεις	noun	nominative plural of αίσθηση (aísthisi)
3504	αναγνωρίζω	verb	to recognise (UK), recognize (US)
3505	κατανόηση	noun	comprehension, understanding
3506	επιτρέπετε	verb	second-person plural present indicative of επιτρέπω (epitrépo)
3507	κινδύνου	noun	genitive singular of κίνδυνος (kíndynos)
3508	υπογράψει	verb	active nonfinite form of υπογράφω (ypográfo)
3509	προσεκτικός	adj	careful, cautious, prudent, meticulous
3510	αμάν	intj	wow, oh man, oh boy
3511	φιλμ	noun	film(s), movie(s).
3512	άνεμος	noun	wind
3513	φύλακες	noun	nominative/accusative/vocative plural of φύλακας (fýlakas)
3514	καθυστέρηση	noun	delay; lag (bad Internet connection)
3515	χρυσάφι	noun	gold; wealth, money
3516	αρχιφύλακα	noun	genitive/accusative/vocative singular of αρχιφύλακας (archifýlakas)
3517	φούρνο	noun	accusative singular of φούρνος (foúrnos)
3518	ζούγκλα	noun	jungle; jungle (a place where people behave ruthlessly, unconstrained by law or morality)
3519	ψεύτικη	adj	nominative/accusative/vocative feminine singular of ψεύτικος (pséftikos)
3520	παιχνιδιού	noun	genitive singular of παιχνίδι (paichnídi)
3521	κανενός	pron	genitive masculine/neuter of κανένας (kanénas)
3522	δολαρίων	noun	genitive plural of δολάριο (dolário)
3523	πρωτάθλημα	noun	championship (competition)
3524	δέχεται	verb	third-person singular present indicative of δέχομαι (déchomai)
3525	α.	noun	initialism of ανατολή (anatolí): east
3526	φάρσα	noun	prank, practical joke
3527	ξαναδείς	verb	second-person singular dependent of ξαναβλέπω (xanavlépo)
3528	έλαβε	verb	third-person singular simple past active of λαμβάνω (lamváno)
3529	φταίξιμο	noun	fault, blame (responsibility for a mistake)
3530	αυγή	noun	dawn, sunrise, daybreak
3531	λείψεις	verb	second-person singular dependent of λείπω (leípo)
3532	ρουθ	name	Ruth (eighth book in the Old Testament of the Bible)
3533	τροχιά	noun	orbit; course
3534	υπήρξαν	verb	third-person plural simple past of υπάρχω (ypárcho)
3535	οξυγόνο	noun	oxygen
3536	ένεση	noun	injection (method of drug administration)
3537	κληρονομιά	noun	inheritance, heritage, legacy
3538	περιέργεια	noun	curiosity, inquisitiveness
3539	λαμβάνεις	verb	second-person singular present active indicative of λαμβάνω (lamváno)
3540	πείνα	noun	hunger, famine, starvation
3541	ανακοίνωση	noun	announcement
3542	μούρη	noun	mug, face; guy, person (usually of cunning, adept or dexterous person)
3543	σχεδίου	noun	genitive singular of σχέδιο (schédio)
3544	μπελάς	noun	trouble, bother
3545	δημόσιο	noun	the state in general, especially in its relation to private citizens
3546	όποιο	pron	accusative masculine singular of όποιος
3547	παναγία	name	Virgin Mary, Holy Mary (the mother of Jesus)
3548	προσώπου	noun	genitive singular of πρόσωπο (prósopo)
3549	αναλαμβάνω	verb	to undertake, take on, shoulder (responsibility, task)
3550	σαφής	adj	clear, explicit
3551	σχοινί	noun	rope
3552	χρώματα	noun	nominative/accusative/vocative plural of χρώμα (chróma)
3553	καυγά	noun	genitive singular of καυγάς (kavgás)
3554	κύματα	noun	nominative/accusative/vocative plural of κύμα (kýma)
3555	κράτησα	verb	first-person singular simple past of κρατάω (kratáo)
3556	φανταστική	adj	nominative/accusative/vocative feminine singular of φανταστικός (fantastikós)
3557	δώσαμε	verb	first-person plural simple past of δίνω (díno)
3558	υψηλή	adj	nominative/accusative/vocative feminine singular of υψηλός (ypsilós)
3559	τόνο	noun	accusative singular of τόνος (tónos)
3560	τραίνο	noun	train (engine and carriages as a whole)
3561	φωλιά	noun	nest (a structure built by a bird as a place to incubate eggs and rear young)
3562	νέου	adj	genitive masculine singular of νέος (néos)
3563	ζεστή	adj	nominative feminine singular of ζεστός (zestós)
3564	σύγκρουση	noun	conflict, clash, difference of opinion
3565	σημερινή	adj	nominative/accusative/vocative feminine singular of σημερινός (simerinós)
3566	αγαπημένος	verb	dear, loved, beloved
3567	ψηλός	adj	tall; high
3568	δοκιμασία	noun	ordeal (a painful or trying experience)
3569	ζηλεύω	verb	to envy, be jealous/envious
3570	τιμές	noun	nominative plural of τιμή (timí)
3571	αρχαία	noun	antiquities; Archaea
3572	χαλί	noun	rug; carpet
3573	βαλίτσες	noun	nominative/accusative/vocative plural of βαλίτσα (valítsa)
3574	μιλώ	verb	a more formal variant of μιλάω (miláo)
3575	θέληση	noun	will, volition
3576	πολίτης	noun	citizen, resident of town or city
3577	όργανο	noun	organ, pipe organ, church organ
3578	μίλι	noun	mile
3579	συνηθισμένη	verb	nominative/accusative/vocative feminine singular of συνηθισμένος (synithisménos)
3580	θαύματα	noun	nominative plural of θαύμα (thávma)
3581	πισινό	adj	accusative masculine singular of πισινός (pisinós)
3582	αμερικανοί	noun	nominative/vocative plural of Αμερικανός (Amerikanós)
3583	έχασαν	verb	third-person plural simple past of χάνω (cháno)
3584	εξηγήσει	verb	active nonfinite form of εξηγώ (exigó)
3585	πρώτης	adj	feminine genitive singular of πρώτος (prótos)
3586	νόστιμο	adj	accusative masculine singular of νόστιμος (nóstimos)
3587	συνείδηση	noun	conscience; consciousness
3588	τιμής	noun	genitive singular of τιμή (timí)
3589	βρέχει	verb	"""it rains"""
3590	γυναικεία	adj	feminine nominative/accusative/vocative singular
3591	περιοχής	noun	genitive singular of περιοχή (periochí)
3592	δημιουργία	noun	creation
3593	σύνταξη	noun	syntax; writing, drafting, composition (the act of creating a document)
3594	σηκώστε	verb	second-person plural active perfective imperative of σηκώνω (sikóno)
3595	ευτυχής	adj	happy (having a feeling arising from a consciousness of well-being or of enjoyment)
3596	δαίμονα	noun	genitive/accusative/vocative singular of δαίμονας (daímonas)
3597	ακίνητοι	adj	nominative masculine plural of ακίνητος (akínitos)
3598	αξίζω	verb	to cost; to be worth
3599	μίτσελ	name	a transliteration of the English surname Mitchell
3600	μασάζ	noun	massage
3601	κίτρινο	noun	yellow (color/colour)
3602	οδηγήσεις	noun	nominative/accusative/vocative plural of οδήγηση (odígisi)
3603	κυβέρνησης	noun	genitive singular of κυβέρνηση (kyvérnisi)
3604	κουράστηκα	verb	first-person singular simple past of κουράζομαι
3605	εξίσου	adv	the same, equal, similar
3606	χρημάτων	noun	genitive plural of χρήμα (chríma)
3607	μωρέ	adj	vocative masculine singular of μωρός (morós)
3608	πρωτόκολλο	noun	protocol; logbook recording the issue and return of documents
3609	εκδήλωση	noun	manifestation (the act or process of becoming manifest)
3610	δολάριο	noun	dollar (currency and coin)
3611	ιδιοκτήτη	noun	genitive singular of ιδιοκτήτης (idioktítis)
3612	φοβερά	adj	nominative/accusative/vocative neuter plural of φοβερός (foverós)
3613	βερόνικα	name	a transliteration of the English female given name Veronica
3614	λοχίας	noun	sergeant (the NATO military rank OR-6)
3615	δεσμό	noun	accusative singular of δεσμός (desmós)
3616	μόδας	noun	genitive singular of μόδα (móda)
3617	ανθρώπινα	adv	humanely, decently, considerately
3618	γαμημένα	verb	nominative/accusative/vocative neuter plural of γαμημένος (gamiménos)
3619	πετσέτα	noun	towel; napkin, serviette
3620	προσωπικού	adj	genitive masculine/neuter singular of προσωπικός (prosopikós)
3621	σύνολο	noun	set; sum
3622	ανάμνηση	noun	memory
3623	ώπα	intj	a variant spelling of όπα (ópa)
3624	ηθική	noun	morality, ethics
3625	άνοιξη	noun	spring, springtime, springtide
3626	αγελάδα	noun	cow; a fat woman
3627	σέβομαι	verb	to respect
3628	μουνί	noun	cunt, pussy (the vulva and/or vagina)
3629	έμενα	verb	first-person singular imperfect of μένω (méno)
3630	τσίρκο	noun	circus (travelling entertainment)
3631	νικήσεις	verb	second-person singular dependent of νικάω (nikáo) and νικώ (nikó)
3632	έβαν	name	a transliteration of the English male given name Evan
3633	χρυσός	noun	gold (metal element)
3634	αλυσίδα	noun	chain; shackles, fetters, irons, etc
3635	πυροβολισμό	noun	accusative singular of πυροβολισμός (pyrovolismós)
3636	μέρας	noun	genitive singular of μέρα (méra)
3637	άγριο	adj	accusative masculine singular of άγριος (ágrios)
3638	λάσπη	noun	mud, silt, mire
3639	συστήματος	noun	genitive singular of σύστημα (sýstima)
3640	γέλιο	noun	laughter, mirth, laugh
3641	αγάπησα	verb	"first-person singular simple past of αγαπάω (agapáo) and αγαπώ (agapó): ""I loved"""
3642	μεγάλης	adj	feminine genitive singular of μεγάλος (megálos)
3643	περνά	verb	third-person singular present indicative of περνάω (pernáo) and περνώ (pernó)
3644	κλείνω	verb	to close, shut, close off
3645	διπλά	adv	twice as much
3646	χαρακτήρας	noun	character (the qualities which identify a person)
3647	δραστηριότητα	noun	activity
3648	σταθερά	noun	constant
3649	κιθάρα	noun	guitar
3650	φωτιάς	noun	genitive singular of φωτιά (fotiá)
3651	πιθανή	adj	nominative feminine singular of πιθανός (pithanós)
3652	γούστο	noun	taste (person's implicit set of preferences)
3653	σεθ	name	a transliteration of the English male given name Seth
3654	επόμενα	adj	nominative neuter plural of επόμενος (epómenos)
3655	πονοκέφαλο	noun	accusative singular of πονοκέφαλος (ponokéfalos)
3656	υψηλής	adj	genitive feminine singular of υψηλός (ypsilós)
3657	επιβάτες	noun	nominative/accusative/vocative plural of επιβάτης (epivátis)
3658	παγκόσμια	adv	globally, all over the world
3659	άμμο	noun	accusative singular of άμμος (ámmos)
3660	αδερφού	noun	genitive singular of αδερφός (aderfós)
3661	κακία	noun	evil; malice, rancour
3662	ομολογία	noun	confession, admission, avowal (open admittance of having done something)
3663	σφιχτά	adj	nominative/accusative/vocative neuter plural of σφιχτός (sfichtós)
3664	εξαφάνιση	noun	disappearance, evanescence, extinction, elimination
3665	καταλήξεις	noun	nominative/accusative/vocative plural of κατάληξη (katálixi)
3666	πίπα	noun	tobacco pipe (used for inhaling the smoke of burning tobacco)
3667	βάλαμε	verb	first-person plural simple past of βάζω (vázo)
3668	λίγοι	adj	nominative/vocative masculine plural of λίγος (lígos)
3669	κρεβατοκάμαρα	noun	bedroom; bedroom furniture
3670	κολιέ	noun	necklace
3671	δρόμοι	noun	nominative plural of δρόμος (drómos)
3672	ιράκ	name	Iraq (a country in West Asia in the Middle East)
3673	καμπίνα	noun	ship's cabin; phone box, telephone box, telephone booth, telephone kiosk
3674	κατάθλιψη	noun	depression
3675	δάνειο	noun	loan; loanword
3676	κυρίας	noun	genitive singular of κυρία (kyría)
3677	αρχής	noun	genitive singular of αρχή (archí)
3678	παραμύθι	noun	fairy tale (folktale featuring fantasy characters)
3679	συνεχίζουμε	verb	first-person plural present of συνεχίζω (synechízo)
3680	αυτοκρατορία	noun	empire; domain (the highest taxonomic rank of organisms)
3681	μυρίζεις	verb	second-person singular present active of μυρίζω (myrízo)
3682	πλατεία	noun	town square; the place with seats in front and about the same level as the stage
3683	προπονητής	noun	coach, trainer
3684	ανήκω	verb	to belong
3685	περιμένοντας	verb	Active present participle of περιμένω (periméno).
3686	ευχαριστημένος	verb	pleased (chiefly used adjectively)
3687	παραμονή	noun	abidance, staying, remaining
3688	έντουαρντ	name	a transliteration of the English male given name Edward
3689	καύσιμα	adj	neuter nominative/accusative/vocative plural of καύσιμος (káfsimos)
3690	κατάστρωμα	noun	deck; deck (class of ship's passenger)
3691	χαρούμενο	verb	accusative masculine singular of χαρούμενος (charoúmenos)
3692	οδηγώ	verb	to drive (direct a vehicle)
3693	αυγό	noun	literary form of αβγό (avgó)
3694	συμπέρασμα	noun	deduction, conclusion (results of reasoning)
3695	εμετό	noun	accusative singular of εμετός (emetós)
3696	ακολούθησα	verb	first-person singular simple past of ακολουθώ (akolouthó) and ακολουθάω (akoloutháo)
3697	κριστίνα	name	a transliteration of the English female given name Christina
3698	θλιβερό	adj	accusative masculine singular of θλιβερός (thliverós)
3699	κρύα	adj	nominative/accusative/vocative feminine singular of κρύος (krýos)
3700	οποίους	pron	accusative masculine plural of οποίος (opoíos)
3701	προδότης	noun	traitor, betrayer
3702	ανέφερα	verb	"first-person singular imperfect of αναφέρω (anaféro) ""I was mentioning"""
3703	τουαλέτες	noun	nominative plural of τουαλέτα (toualéta)
3704	σωλήνα	noun	genitive singular of σωλήνας (solínas)
3705	χοντρό	adj	accusative masculine singular of χοντρός (chontrós)
3706	χριστουγέννων	name	genitive plural of Χριστούγεννα (Christoúgenna)
3707	πρωταθλητής	noun	champion
3708	λάνα	name	a transliteration of the English female given name Lana
3709	δωματίου	noun	genitive singular of δωμάτιο (domátio)
3710	επαφές	noun	nominative plural of επαφή (epafí)
3711	σώσε	noun	mayhem, pandemonium, commotion, upheaval
3712	βότκα	noun	vodka
3713	παπούτσι	noun	shoe; aubergine, eggplant
3714	ανησυχία	noun	worry; anxiety
3715	υποθέσω	verb	first-person singular dependent of υποθέτω (ypothéto)
3716	ευγενικά	adj	nominative/accusative/vocative neuter plural of ευγενικός (evgenikós)
3717	τσιπ	noun	chip, integrated circuit
3718	επισκέψεις	noun	nominative/accusative/vocative plural of επίσκεψη (epískepsi)
3719	ποσότητα	noun	quantity, amount
3720	φρούτα	noun	nominative plural of φρούτο (froúto)
3721	μπουφάν	noun	puffer jacket, down jacket
3722	χρησιμοποίησα	verb	first-person singular simple past of χρησιμοποιώ (chrisimopoió)
3723	καλάθι	noun	basket; goal
3724	αλάτι	noun	common salt, table salt
3725	χρησιμοποίησες	verb	second-person singular simple past of χρησιμοποιώ (chrisimopoió)
3726	κινητά	noun	nominative plural of κινητό (kinitó)
3727	εκδοχή	noun	variant; version
3728	κατάλογο	noun	accusative singular of κατάλογος (katálogos)
3729	τόσους	pron	accusative masculine plural of τόσος (tósos)
3730	μακρύ	adj	genitive/accusative/vocative masculine singular of μακρύς (makrýs)
3731	σκάφους	noun	genitive singular of σκάφος (skáfos)
3732	σκέτη	adj	nominative feminine singular of σκέτος (skétos)
3733	γουόκερ	name	a transliteration of the English surname and male given name Walker
3734	μετοχές	noun	nominative plural of μετοχή (metochí)
3735	τρόφιμα	noun	groceries, foodstuffs, victuals, provisions
3736	τζέικομπ	name	a transliteration of the English male given name Jacob
3737	λουλούδι	noun	flower
3738	κρυφό	adj	accusative masculine singular of κρυφός (kryfós)
3739	προϊόν	noun	product, produce, yield
3740	περίοδος	noun	period, phase, epoch
3741	ενοχλητικό	adj	accusative masculine singular of ενοχλητικός (enochlitikós)
3742	φαίνεστε	verb	second-person plural present of φαίνομαι (faínomai)
3743	διπλή	adj	nominative/accusative/vocative feminine singular of διπλός (diplós)
3744	μηνών	noun	genitive plural of μήνας (mínas)
3745	θρόνο	noun	accusative singular of θρόνος (thrónos)
3746	καλώδιο	noun	cable, flex, cord
3747	γουρούνια	noun	nominative plural of γουρούνι (gouroúni)
3748	λύσουμε	verb	first-person plural dependent active of λύνω (lýno)
3749	στοπ	noun	stop, block (device to block path)
3750	αρχηγείο	noun	headquarters, HQ
3751	πέταξα	verb	first-person singular simple past of πετάω (petáo)
3752	ανατολική	adj	nominative feminine singular of ανατολικός (anatolikós)
3753	δράστης	noun	perpetrator
3754	ταράτσα	noun	terrace, veranda, balcony
3755	οροφή	noun	ceiling, roof
3756	ακολουθώ	verb	to follow, pursue
3757	αμφιβολίες	noun	nominative plural of αμφιβολία (amfivolía)
3758	λέοναρντ	name	a transliteration of the English male given name and surname Leonard
3759	ζήνα	name	a female given name, equivalent to English Zina or Xena
3760	ήρεμος	adj	quiet, peaceful, calm
3761	διέταξε	verb	third-person singular simple past active of διατάζω (diatázo)
3762	κόκα	noun	coca; coke (cocaine)
3763	πολιτείες	noun	nominative/accusative/vocative plural of πολιτεία (politeía)
3764	είσοδος	noun	entrance, way in
3765	σπάνιο	adj	accusative masculine singular of σπάνιος (spánios)
3766	αυτοκτονίας	noun	genitive singular of αυτοκτονία (aftoktonía)
3767	σαλάτα	noun	salad (a dish, usually served cold, prepared usually from vegetables)
3768	δυτική	adj	nominative feminine singular of δυτικός (dytikós)
3769	κτήνος	noun	domestic animal, farm animal, beast
3770	παραβίαση	noun	act or result of a violation, breach, infringement
3771	μανχάταν	name	Manhattan (a borough of New York City, New York, United States)
3772	αληθεύει	verb	to be true
3773	οικονομική	adj	nominative feminine singular of οικονομικός (oikonomikós)
3774	ηγέτης	noun	leader (commander, boss)
3775	αυτοκινήτων	noun	genitive plural of αυτοκίνητο (aftokínito)
3776	υπολογιστής	noun	self-seeker, selfish person (person who calculates before acting)
3777	κουστούμι	noun	swimsuit
3778	συνελήφθη	verb	third-person singular simple past of συλλαμβάνομαι
3779	ηρεμία	noun	calm, unworried
3780	μαϊμού	noun	monkey; knockoff
3781	αντίθεση	noun	opposite, antithesis
3782	μαθητής	noun	pupil, student, schoolboy
3783	μέτρο	noun	measure, measurement
3784	μπανιέρα	noun	bathtub, bath (large container for holding water in which a person may bathe)
3785	δώσατε	verb	second-person plural simple past of δίνω (díno)
3786	ψεύτη	noun	genitive/accusative/vocative singular of ψεύτης (pséftis)
3787	κότα	noun	hen, chicken (female adult Gallus gallus)
3788	προχωρήσει	verb	active nonfinite form of προχωράω (prochoráo) and προχωρώ (prochoró).
3789	κώλος	noun	bumhole, butthole, arsehole, asshole (the anus)
3790	πλήρης	adj	complete, full
3791	απώλειες	noun	nominative/accusative/vocative plural of απώλεια (apóleia)
3792	άμυνα	noun	defence (UK), defense (US)
3793	ξένος	adj	foreign; strange, unfamiliar
3794	αφοσίωση	noun	devotion, faithfulness, dedication
3795	ύπαρξη	noun	existence (the state of being, existing, or occurring)
3796	μεταφέρω	verb	to transfer
3797	κεντρικά	adj	nominative/accusative/vocative neuter plural of κεντρικός (kentrikós)
3798	διαβατήριο	noun	passport (personal travel document)
3799	πείσει	verb	active nonfinite form of πείθω (peítho)
3800	κουδούνι	noun	bell; doorbell, buzzer
3801	σύννεφα	noun	nominative/accusative/vocative plural of σύννεφο (sýnnefo)
3802	φύλακα	noun	genitive/accusative/vocative singular of φύλακας (fýlakas)
3803	παγωμένο	verb	accusative masculine singular of παγωμένος (pagoménos)
3804	πρακτικά	adj	neuter nominative/accusative/vocative plural of πρακτικός (praktikós)
3805	προστασίας	noun	genitive singular of προστασία (prostasía)
3806	άλμα	noun	bound, leap, jump
3807	σχολεία	noun	nominative/accusative/vocative plural of σχολείο (scholeío)
3808	άχρηστος	adj	useless, unusable (thing)
3809	ύφος	noun	style (manner of doing things)
3810	μετρό	noun	underground railway, subway, the metro
3811	φέρετρο	noun	coffin, casket (oblong closed box for burying the dead)
3812	ιός	noun	virus
3813	ήλιου	noun	genitive singular of ήλιος m (ílios) and ήλιο n (ílio)
3814	ενοχή	noun	guilt
3815	διευθύντρια	noun	headmistress; manageress
3816	σουίτα	noun	suite (group of connected rooms, usually separable from other rooms by means of access)
3817	τετράγωνα	adj	neuter nominative/accusative/vocative plural of τετράγωνος (tetrágonos)
3818	εκτέλεση	noun	execution, completion (carrying out of an order or an action)
3819	έξοδος	noun	exit, way out
3820	γενναία	adv	bravely
3821	κόλλα	noun	glue, gum; sizing, size
3822	τιμόνι	noun	steering wheel (of car), helm, tiller (of boat) (steering apparatus)
3823	εκκλησίας	noun	genitive singular of εκκλησία (ekklisía)
3824	βγάλετε	verb	second-person plural dependent of βγάζω (vgázo)
3825	ξίφος	noun	sword
3826	πετάω	verb	to fly; to throw
3827	δίπλωμα	noun	folding of map etc (especially folding in half)
3828	γεμάτα	adj	neuter nominative plural of γεμάτος (gemátos)
3829	περαιτέρω	adv	beyond that point
3830	εισβολή	noun	invasion
3831	ζεστά	adj	nominative neuter plural of ζεστός (zestós)
3832	μπαταρία	noun	battery
3833	τακτική	noun	tactics
3834	ήτανε	verb	"third-person singular imperfect of είμαι (eímai): ""he/she/it was"""
3835	τράπεζες	noun	nominative plural of τράπεζα (trápeza)
3836	άθλια	adj	nominative feminine singular of άθλιος (áthlios)
3837	μπλουζάκι	noun	diminutive of μπλούζα (bloúza): t-shirt, cheap shirt
3838	στέκομαι	verb	to stand, stand up
3839	ιστοσελίδα	noun	web page
3840	στήλη	noun	column, stele; file
3841	πυροβολισμούς	noun	accusative plural of πυροβολισμός (pyrovolismós)
3842	μεθυσμένη	adj	nominative feminine singular of μεθυσμένος (methysménos)
3843	αποδεικτικά	adj	nominative/accusative/vocative neuter plural of αποδεικτικός (apodeiktikós)
3844	άρρωστο	adj	accusative masculine singular of άρρωστος (árrostos)
3845	δοθεί	verb	third-person singular dependent passive
3846	ξεκούραση	noun	rest, relaxation
3847	προτεραιότητα	noun	priority; priority, right of way (the right to pass first)
3848	πρεσβεία	noun	embassy, delegation
3849	φρουρά	noun	guard; guarding, guard duty
3850	επίθεσης	noun	genitive singular of επίθεση (epíthesi)
3851	δίχως	prep	without
3852	φωνάζω	verb	to shout, yell, bawl
3853	χάσου	verb	get lost
3854	τοις	article	masculine/neuter dative plural of ο (o, “the”); per, by
3855	πληρωμή	noun	payment, defrayment
3856	επικοινωνίας	noun	genitive singular of επικοινωνία (epikoinonía)
3857	γερά	adv	soundly, thoroughly, strongly
3858	ξένο	noun	xenon
3859	προηγουμένως	adv	previously, beforehand
3860	έπιπλα	noun	nominative plural of έπιπλο (épiplo)
3861	βαμπίρ	noun	vampire (creature who rises from the grave at night and drinks the blood of the living)
3862	καναδά	noun	genitive/accusative/vocative singular of Καναδάς (Kanadás)
3863	ρώσοι	noun	nominative plural of Ρώσος (Rósos)
3864	περιλαμβάνει	verb	third-person singular present active indicative of περιλαμβάνω (perilamváno)
3865	καπνός	noun	smoke; tobacco (plant and its products)
3866	μαξιλάρι	noun	pillow; cushion
3867	μόσχα	name	Moscow (a federal city, the capital of Russia)
3868	συρτάρι	noun	drawer (for storage)
3869	ένστικτο	noun	instinct
3870	θεούς	noun	accusative plural of θεός (theós)
3871	πύλες	noun	nominative plural of πύλη (pýli)
3872	γονιών	noun	genitive plural of γονιός (goniós)
3873	υλικά	adj	nominative neuter plural of υλικός (ylikós)
3874	παρθένα	noun	virgin, maiden (person who has never had sexual intercourse)
3875	χρήσιμος	adj	useful
3876	ισορροπία	noun	balance, equilibrium, stability
3877	λαού	noun	genitive singular of λαός (laós)
3878	κακούς	adj	accusative masculine plural of κακός (kakós)
3879	γραμματέα	noun	genitive/accusative/vocative singular of γραμματέας (grammatéas)
3880	επιστήμονας	noun	scientist
3881	γροθιά	noun	fist (a hand with the fingers clenched or curled inward)
3882	αυτοπεποίθηση	noun	self-reliance; self-assurance, self-confidence
3883	αρχική	adj	nominative/accusative/vocative feminine singular of αρχικός (archikós)
3884	επείγοντα	adj	accusative masculine singular of επείγων (epeígon)
3885	γκριν	name	a transliteration of the English surname Green
3886	ξένους	adj	accusative masculine plural of ξένος (xénos)
3887	τρέχοντας	verb	Active present participle of τρέχω (trécho).
3888	νεκροτομείο	noun	morgue, mortuary
3889	αμερικανός	noun	American (a person, usually male, of or from the USA or the Americas)
3890	εγκαταστάσεις	noun	nominative/accusative/vocative plural of εγκατάσταση (egkatástasi)
3891	ερωμένη	noun	lover, sweetheart, mistress
3892	συνήθεια	noun	habit (habitual action)
3893	μάνατζερ	noun	manager
3894	καημένο	adj	accusative masculine singular of καημένος (kaïménos)
3895	ου	intj	Expresses contempt
3896	ορυχείο	noun	mine (source of coal, silver, etc)
3897	φυλακές	noun	nominative/accusative/vocative plural of φυλακή (fylakí)
3898	παρακολουθούμε	verb	first-person plural present active indicative of παρακολουθώ
3899	μήλο	noun	apple; dodgeball
3900	εφιάλτες	noun	nominative/accusative/vocative plural of εφιάλτης (efiáltis)
3901	καημένη	adj	nominative feminine singular of καημένος (kaïménos)
3902	περασμένο	verb	accusative masculine singular of περασμένος (perasménos)
3903	ηρωίνη	noun	heroin
3904	χοντρός	adj	fat, obese, stout, corpulent, heavy (carrying more fat than usual on one's body)
3905	ακαδημία	noun	see Ακαδημία
3906	κοριτσιού	noun	genitive singular of κορίτσι (korítsi)
3907	δοκίμασα	verb	first-person singular simple past of δοκιμάζω (dokimázo)
3908	παρακαλούμε	verb	first-person plural present active indicative of παρακαλώ (parakaló)
3909	παιδικό	adj	accusative masculine singular of παιδικός (paidikós)
3910	επιβιώσει	verb	active nonfinite form of επιβιώνω (epivióno)
3911	όπα	intj	hey!, olé!; Indicating admiration and surprise.
3912	μάχες	noun	nominative plural of μάχη (máchi)
3913	επίσημο	adj	accusative masculine singular of επίσημος (epísimos)
3914	ποντίκι	noun	mouse (rodent); strong muscles, especially biceps
3915	τρέξιμο	noun	running; comings and goings, running around (bustling activity in order to deal with a matter)
3916	λάδι	noun	oil; olive oil
3917	δικηγόρους	noun	accusative plural of δικηγόρος (dikigóros)
3918	ψεύτρα	noun	liar
3919	τετράγωνο	noun	quadrilateral, tetragon, square, rectangle
3920	θόρυβος	noun	noise, racket; commotion, stir
3921	εποχής	noun	genitive singular of εποχή (epochí)
3922	γερουσιαστής	noun	senator (member of a senate)
3923	σκοινί	noun	rope
3924	εργασίες	noun	nominative/accusative/vocative plural of εργασία (ergasía)
3925	ένοχη	adj	nominative/accusative/vocative feminine singular of ένοχος (énochos)
3926	κείνη	pron	nominative/accusative/vocative feminine singular of κείνος (keínos)
3927	δισεκατομμύρια	noun	nominative/accusative/vocative plural of δισεκατομμύριο (disekatommýrio)
3928	θαυμάζω	verb	to admire, feel admiration for
3929	σκηνές	noun	nominative/accusative/vocative plural of σκηνή (skiní)
3930	τμήματος	noun	genitive singular of τμήμα (tmíma)
3931	μεγάλους	adj	accusative masculine plural of μεγάλος (megálos)
3932	βαθύ	adj	genitive/accusative/vocative masculine singular of βαθύς (vathýs)
3933	σκοτώνω	verb	to kill, murder, slay
3934	θησαυρό	noun	accusative singular of θησαυρός (thisavrós)
3935	γυρεύεις	verb	"second-person singular present of γυρεύω (gyrévo): ""you look for"""
3936	λάμψη	noun	gleam, glow, shine, glint
3937	οικονομία	noun	economy; economics
3938	έζησε	verb	third-person singular simple past of ζω (zo)
3939	στοιχείων	noun	genitive plural of στοιχείο (stoicheío)
3940	αποστολής	noun	genitive singular of αποστολή (apostolí)
3941	σκυλάκι	noun	snapdragon, antirrhinum
3942	δουλεία	noun	slavery, enslavement
3943	επιχειρήσεων	noun	genitive plural of επιχείρηση (epicheírisi)
3944	ειρήνης	noun	genitive singular of ειρήνη (eiríni)
3945	βασίλη	name	genitive singular of Βασίλης (Vasílis)
3946	καφετέρια	noun	cafeteria
3947	συμβουλίου	noun	genitive singular of συμβούλιο (symvoúlio)
3948	δικηγόροι	noun	nominative plural of δικηγόρος (dikigóros)
3949	μόνες	adj	nominative feminine plural of μόνος (mónos)
3950	σκέτο	adj	accusative masculine singular of σκέτος (skétos)
3951	συνεχιστεί	verb	third-person singular dependent passive
3952	ικανή	adj	nominative feminine singular of ικανός (ikanós)
3953	πυροβολισμοί	noun	nominative/vocative plural of πυροβολισμός (pyrovolismós)
3954	στενή	noun	prison, jail, gaol, clink
3955	βίβλο	name	accusative singular of Βίβλος (Vívlos)
3956	πουλάω	verb	to sell; to sell out, betray
3957	ευθύνες	noun	nominative plural of ευθύνη (efthýni)
3958	διακοπή	noun	stoppage, break, disruption, interruption, shutdown
3959	κοκτέιλ	noun	cocktail (mixed drink, usually with alcohol content)
3960	βορρά	noun	genitive/accusative/vocative singular of βορράς (vorrás)
3961	μεγάλου	adj	masculine/neuter genitive singular of μεγάλος (megálos)
3962	κρίνω	verb	to judge, assess, decide
3963	έσπασα	verb	first-person singular simple past of σπάω (spáo)
3964	δολοφονίες	noun	nominative/accusative/vocative plural of δολοφονία (dolofonía)
3965	ιερέα	noun	genitive/accusative/vocative singular of ιερέας (ieréas)
3966	έμπορος	noun	merchant, trader, dealer
3967	πάιπερ	name	a transliteration of the English surname Piper
3968	όσες	pron	nominative/accusative feminine plural of όσος (ósos)
3969	χριστού	name	genitive of Χριστός (Christós)
3970	εκστρατεία	noun	a military campaign, an expedition
3971	φυτό	noun	plant (organism)
3972	γιατρού	noun	genitive singular of γιατρός (giatrós)
3973	εμπόριο	noun	trade, commerce
3974	μμ	adv	alternative form of μ.μ. (m.m.)
3975	χαρούμενοι	verb	nominative/vocative masculine plural of χαρούμενος (charoúmenos)
3976	γελοία	adj	nominative feminine singular of γελοίος (geloíos)
3977	εκτίμηση	noun	appreciation, appraisal, assessment, estimation
3978	κόπανος	noun	dolly, washing beetle, battledore
3979	μόλυνση	noun	infection; contagion
3980	νοσοκομείου	noun	genitive singular of νοσοκομείο (nosokomeío)
3981	συνεργείο	noun	garage (for car repairs)
3982	ποντίκια	noun	nominative plural of ποντίκι (pontíki)
3983	υπηρέτρια	noun	domestic servant
3984	ζητάμε	verb	first-person plural present active indicative of ζητάω (zitáo) and ζητώ (zitó)
3985	εργαλείο	noun	tool (small, usually hand-held, piece of equipment used to carry out a task)
3986	νόμιμο	adj	accusative masculine singular of νόμιμος (nómimos)
3987	τρίχα	noun	a single hair
3988	μόνους	adj	accusative masculine plural of μόνος (mónos)
3989	κουβέρτα	noun	blanket; deck
3990	χάρισμα	noun	endowment, gift (of a personal quality)
3991	κινέζικο	adj	accusative masculine singular of κινέζικος (kinézikos)
3992	χοντρή	adj	nominative feminine singular of χοντρός (chontrós)
3993	ζούσα	verb	first-person singular imperfect of ζω (zo)
3994	σταυρό	noun	accusative singular of σταυρός (stavrós)
3995	κανόνα	noun	genitive/accusative/vocative singular of κανόνας (kanónas)
3996	αντίρρηση	noun	objection, dissent
3997	ταχυδρομείο	noun	post office (building)
3998	αγία	adj	nominative/accusative/vocative feminine singular of άγιος (ágios)
3999	αφέντης	noun	master, boss; ruler, prince
4000	παρατήρησα	verb	first-person singular simple past of παρατηρώ (paratiró)
4001	κράτος	noun	state, sovereign country
4002	εθνικό	adj	accusative masculine singular of εθνικός (ethnikós)
4003	εξαίρεση	noun	exception; exemption
4004	επάγγελμα	noun	profession, calling, trade, vocation
4005	απόρρητο	noun	secret
4006	υπέθεσα	verb	first-person singular simple past of υποθέτω (ypothéto)
4007	τράπεζας	noun	genitive singular of τράπεζα (trápeza)
4008	παράνομη	adj	feminine nominative/accusative/vocative singular of παράνομος (paránomos)
4009	ισπανικά	noun	Spanish, the language of Spain
4010	υπέγραψε	verb	third-person singular simple past of υπογράφω (ypográfo)
4011	πατ	noun	stalemate
4012	πυρομαχικά	noun	ammunition
4013	απέτυχε	verb	third-person singular simple past of αποτυγχάνω (apotyncháno) and αποτυχαίνω (apotychaíno)
4014	στόχους	noun	accusative plural of στόχος (stóchos)
4015	σταθερό	adj	accusative masculine singular of σταθερός (statherós)
4016	βαρεθεί	verb	third-person singular dependent of βαριέμαι (variémai)
4017	κλειδαριά	noun	lock
4018	άγαλμα	noun	statue
4019	τζάμπα	adv	free, free of charge, gratis, for nothing (without paying)
4020	ηθικό	noun	morale
4021	παράξενος	adj	strange, weird, odd, bizarre (deviating from the normal)
4022	παρουσίαση	noun	presentation; introduction
4023	ακίνητη	adj	nominative/accusative/vocative feminine singular of ακίνητος (akínitos)
4024	περιοδεία	noun	tour
4025	εβραίος	noun	Jew (a male who follows the religion of Judaism)
4026	παράδεισος	noun	paradise
4027	υπολοχαγός	noun	the rank of lieutenant in the British and US armies with the NATO grade OF-1
4028	σεξουαλικά	adj	nominative neuter plural of σεξουαλικός (sexoualikós)
4029	έγκριση	noun	approval, permission, sanction
4030	σχόλιο	noun	comment, remark, statement (presentation of opinion or position)
4031	ποσοστό	noun	percentage
4032	ακοής	noun	genitive singular of ακοή (akoḯ)
4033	λέιζερ	noun	laser
4034	γραμμένο	adj	accusative masculine singular of γραμμένος (gramménos)
4035	λύσεις	noun	nominative/accusative/vocative plural of λύση (lýsi)
4036	μνήμης	noun	genitive singular of μνήμη (mními)
4037	έγγραφο	noun	document
4038	ελέγχεις	verb	second-person singular present active indicative of ελέγχω (eléncho)
4039	παιδάκι	noun	a small child
4040	παίκτες	noun	nominative/accusative/vocative plural of παίκτης (paíktis)
4041	κατασκευή	noun	construction, constructing
4042	ανάπτυξη	noun	growth, development, improvement
4043	εκπλήξεις	noun	nominative/accusative/vocative plural of έκπληξη (ékplixi)
4044	πυρήνα	noun	genitive singular of πυρήνας (pyrínas)
4045	πίνακας	noun	table of values, chart, diagram
4046	πλούσιο	adj	accusative masculine singular of πλούσιος (ploúsios)
4047	ραντάρ	noun	radar
4048	διάρρηξη	noun	burglary, break-in
4049	γαμημένε	verb	vocative masculine singular of γαμημένος (gamiménos)
4050	εγκέφαλος	noun	brain
4051	σαφές	adj	neuter nominative/accusative/vocative singular of σαφής (safís)
4052	ανακούφιση	noun	relief, comfort, solace (from anxiety)
4053	υπογράψω	verb	first-person singular dependent of υπογράφω (ypográfo)
4054	γαλαξία	name	genitive singular of Γαλαξίας (Galaxías)
4055	διαφυγής	noun	genitive singular of διαφυγή (diafygí)
4056	αξιοπρέπεια	noun	dignity, pride
4057	άλμπουμ	noun	album, CD, etc; album (for photographs, stamps, etc)
4058	κλαίω	verb	to cry, weep (shed tears)
4059	μυστικός	adj	mystic, secret, clandestine, hidden, private
4060	τρίτος	adj	third; third-party
4061	καταδίκη	noun	sentence, conviction
4062	υπογράψεις	verb	second-person singular dependent of υπογράφω (ypográfo)
4063	πολεμιστής	noun	warrior, fighter
4064	ξαναπάρω	verb	first-person singular dependent active of ξαναπαίρνω (xanapaírno)
4065	τυχερό	adj	accusative masculine singular of τυχερός (tycherós)
4066	ανθρωποκτονία	noun	homicide, murder
4067	ενοχές	noun	nominative/accusative/vocative plural of ενοχή (enochí)
4068	δούλεψα	verb	first-person singular simple past of δουλεύω (doulévo)
4069	ταγματάρχης	noun	the rank of major in the British and US armies with the NATO grade OF-3
4070	ομίχλη	noun	fog
4071	αναστολή	noun	suspension, abeyance, postponement
4072	μπέικον	noun	bacon, cured pork
4073	παράτησα	verb	first-person singular simple past of παρατώ (parató)
4074	προσωπικότητα	noun	character, personality
4075	μπαστούνι	noun	cane, walking stick
4076	βιομηχανία	noun	industry; plant, industrial buildings
4077	άραγε	conj	used to convey wonder or questioning, roughly equivalent to I wonder
4078	δύναμης	noun	genitive singular of δύναμη (dýnami)
4079	βασικό	adj	accusative masculine singular of βασικός (vasikós)
4080	υγιής	adj	healthy, sane, sound, well
4081	συμφωνούμε	verb	first-person plural present active indicative of συμφωνώ (symfonó)
4082	μυρίζω	verb	to smell, sense a smell
4083	δράσης	noun	genitive singular of δράση (drási)
4084	ευλογία	noun	blessing
4085	σφυρί	noun	hammer, mallet; gavel (of auctioneer)
4086	νευρική	adj	nominative/accusative/vocative feminine singular of νευρικός (nevrikós)
4087	δολοφόνου	noun	genitive singular of δολοφόνος (dolofónos)
4088	ποτήρια	noun	nominative plural of ποτήρι (potíri)
4089	ερωτική	adj	nominative feminine singular of ερωτικός (erotikós)
4090	άνω	adv	upper, over
4091	φασαρίες	noun	nominative/accusative/vocative plural of φασαρία (fasaría)
4092	νικήσω	verb	first-person singular dependent of νικάω (nikáo) and νικώ (nikó)
4093	χρονιάς	noun	genitive singular of χρονιά (chroniá)
4094	ανέβηκε	verb	third-person singular simple past of ανεβαίνω (anevaíno)
4095	συλληφθεί	verb	third-person singular dependent passive
4096	επιθυμίες	noun	nominative/accusative/vocative plural of επιθυμία (epithymía)
4097	πετρέλαιο	noun	petroleum, oil
4098	μουσικής	adj	genitive feminine singular of μουσικός (mousikós)
4099	πλυντήριο	noun	washing machine, washer
4100	βούτυρο	noun	butter
4101	ενόχληση	noun	annoyance, bother, nuisance, trouble, disturbance
4102	προειδοποίησα	verb	first-person singular simple past of προειδοποιώ (proeidopoió)
4103	αναγνωρίσει	verb	active nonfinite form of αναγνωρίζω (anagnorízo).
4104	φεστιβάλ	noun	festival
4105	στρατιωτικό	adj	accusative masculine singular of στρατιωτικός (stratiotikós)
4106	κυκλοφορίας	noun	genitive singular of κυκλοφορία (kykloforía)
4107	άνεμο	noun	accusative singular of άνεμος (ánemos)
4108	παρών	adj	present, in attendance (located in the immediate vicinity)
4109	απομόνωση	noun	isolation; solitary confinement
4110	αισθητήρες	noun	nominative/accusative/vocative plural of αισθητήρας (aisthitíras)
4111	διαφορετικοί	adj	nominative masculine plural of διαφορετικός (diaforetikós)
4112	αγαπημένα	adv	amicably, peaceably
4113	παίκτης	noun	player, sportsman
4114	μενού	noun	menu (list of dishes on offer)
4115	περιοδικά	adj	nominative/accusative/vocative neuter plural of περιοδικός (periodikós)
4116	άθλιο	adj	accusative masculine singular of άθλιος (áthlios)
4117	ιατρείο	noun	(UK) doctor's surgery/clinic/consulting room
4118	αποκάλυψη	noun	revelation, disclosure
4119	πάλμερ	name	a transliteration of the English surname Palmer
4120	υποσχέσεις	noun	nominative/accusative/vocative plural of υπόσχεση (ypóschesi)
4121	επιστρέφουμε	verb	first-person plural present of επιστρέφω (epistréfo)
4122	αντίγραφα	noun	nominative/accusative/vocative plural of αντίγραφο (antígrafo)
4123	βράχο	noun	accusative singular of βράχος (vráchos)
4124	αίτημα	noun	request, demand
4125	γοητεία	noun	charm, attractiveness
4126	θεά	noun	goddess; goddess (adored or idealized woman)
4127	πάπια	noun	duck (aquatic bird)
4128	σερβιτόρα	noun	female waiter, waitress
4129	βιετνάμ	name	Vietnam (a country in Southeast Asia)
4130	εφιάλτη	noun	genitive/accusative/vocative singular of εφιάλτης (efiáltis)
4131	τόσοι	pron	nominative masculine plural of τόσος (tósos)
4132	δεσποινίδα	noun	young woman, girl
4133	φράση	noun	phrase, expression
4134	δημοφιλής	adj	popular, likeable
4135	στρώμα	noun	mattress (for sleeping)
4136	ήσυχος	adj	quiet, calm, not busy
4137	κύκλος	noun	circle; period, cycle
4138	ανδρών	noun	genitive plural of άνδρας (ándras)
4139	ταινίας	noun	genitive singular of ταινία (tainía)
4140	αξιωματικό	adj	accusative masculine singular of αξιωματικός (axiomatikós)
4141	αρνούμαι	verb	to deny, reject, turn down
4142	ελάχιστα	adj	nominative/accusative/vocative neuter plural of ελάχιστος
4143	άσυλο	noun	asylum, shelter, sanctuary, haven, refuge
4144	δεκαπέντε	num	fifteen
4145	γελάει	verb	third-person singular present of γελώ (geló)
4146	γυαλί	noun	glass (material)
4147	λευκά	adj	nominative/accusative/vocative neuter plural of λευκός (lefkós)
4148	αφγανιστάν	name	Afghanistan (a landlocked country between Central Asia and South Asia)
4149	καταφέρνω	verb	accomplish, succeed
4150	αρκετός	adj	enough, sufficient, adequate
4151	διάλεξα	verb	first-person singular simple past of διαλέγω (dialégo)
4152	π.μ.	adv	abbreviation of προ μεσημβρίας (pro mesimvrías) (ante meridiem)
4153	εταιρείες	noun	nominative/accusative/vocative plural of εταιρεία (etaireía)
4154	σοβαρολογώ	verb	to be serious, be for real (talk seriously and not be joking)
4155	ντο	noun	do (first note in the tonic sol-fa or solfège scale)
4156	αδιέξοδο	noun	dead-end, cul-de-sac
4157	πέτυχα	verb	first-person singular simple past of πετυχαίνω (petychaíno)
4158	πείνας	noun	genitive singular of πείνα (peína)
4159	διάβασμα	noun	reading (the process of interpreting written language)
4160	μεγαλύτερες	adj	nominative feminine plural of μεγαλύτερος
4161	αποκλειστικά	adv	exclusively
4162	συμβάν	noun	event, incident, occurrence (instance of something happening)
4163	συγχώρεσε	verb	second-person singular perfective imperative of συγχωρώ (synchoró, “to forgive”)
4164	παραισθήσεις	noun	nominative plural of παραίσθηση (paraísthisi)
4165	κερί	noun	wax, beeswax; candle, taper
4166	διαφορές	noun	nominative/accusative/vocative plural of διαφορά (diaforá)
4167	ελευθερίας	noun	genitive singular of ελευθερία (elefthería)
4168	λάστιχο	noun	rubber; tyre (UK), tire (US)
4169	άνθρωπε	noun	vocative singular of άνθρωπος (ánthropos)
4170	καλωσήρθατε	intj	well, all right, alright
4171	σύσκεψη	noun	conference, meeting
4172	χάσατε	verb	second-person plural simple past of χάνω (cháno)
4173	γιαγιάς	noun	genitive singular of γιαγιά (giagiá)
4174	διαβεβαιώνω	verb	to assure (somebody of something)
4175	επαγγελματίες	noun	nominative/accusative/vocative plural of επαγγελματίας (epangelmatías)
4176	απόψεις	noun	nominative plural of άποψη (ápopsi)
4177	ξαναβλέπω	verb	to see again; to see again, regain sight
4178	κρυμμένο	verb	accusative masculine singular of κρυμμένος (krymménos)
4179	βόρειο	adj	accusative masculine singular of βόρειος (vóreios)
4180	νεκρά	adj	nominative feminine singular of νεκρός (nekrós)
4181	ενήλικες	noun	nominative/accusative/vocative plural of ενήλικας (enílikas)
4182	δάσκαλο	noun	accusative singular of δάσκαλος (dáskalos)
4183	δίκαιη	adj	nominative feminine singular of δίκαιος (díkaios)
4184	κόλινς	name	a transliteration of the English surname Collins
4185	τίγρη	noun	tiger; tigress, female tiger
4186	μπάρμαν	noun	barman, bartender
4187	ασχολούμαι	verb	to be busy with, be occupied with
4188	αιτίας	noun	genitive singular of αιτία (aitía)
4189	ποίημα	noun	poem, piece of verse
4190	σημαντικές	adj	nominative feminine plural of σημαντικός (simantikós)
4191	μόδα	noun	fashion, mode; craze
4192	φιλιά	noun	nominative/accusative/vocative plural of φιλί (filí)
4193	τέλειωσα	verb	first-person singular simple past of τελειώνω (teleióno)
4194	σύνδρομο	noun	syndrome (recognizable pattern of symptoms or behaviours)
4195	λιοντάρι	noun	lion
4196	σπέρμα	noun	seed, the seed of plants.
4197	κοινά	adj	nominative neuter plural of κοινός (koinós)
4198	απαλά	adj	nominative/accusative/vocative feminine singular of απαλός (apalós)
4199	σκι	noun	skiing, water skiing
4200	παράνομα	adj	nominative/accusative/vocative neuter plural of παράνομος (paránomos)
4201	δικαιολογίες	noun	nominative plural of δικαιολογία (dikaiología)
4202	χάρτης	noun	map, chart; charter, project charter, constitution
4203	ήσαστε	verb	"second-person plural imperfect of είμαι (eímai): ""you were"""
4204	λεσβία	noun	lesbian, gay woman
4205	ταμείο	noun	cash desk, checkout, cashier's desk
4206	πούλησα	verb	first-person singular simple past of πουλάω (pouláo) and πουλώ (pouló)
4207	αποσκευές	noun	nominative/accusative/vocative plural of αποσκευή (aposkeví): luggage, baggage
4208	άγιος	adj	holy, saintly; Saint
4209	παρουσιάζει	verb	third-person singular present active indicative of παρουσιάζω (parousiázo)
4210	υποβρύχιο	noun	submarine
4211	μάρκα	noun	make, brand; token (coin substitute)
4212	εραστής	noun	lover
4213	βιβλίου	noun	genitive singular of βιβλίο (vivlío)
4214	ανοησία	noun	stupidity, idiocy (the quality of being stupid)
4215	ουρανός	noun	sky; roof, canopy
4216	αυτοκράτορα	noun	genitive singular of αυτοκράτορας (aftokrátoras)
4217	ίσια	adv	straight ahead; straightforwardly
4218	θυμάτων	noun	genitive plural of θύμα (thýma)
4219	αλληλογραφία	noun	correspondence
4220	κόλιν	name	a transliteration of the English male given name Colin
4221	βέβαιη	adj	nominative feminine singular of βέβαιος (vévaios)
4222	προσεύχομαι	verb	to pray
4223	κούπα	noun	mug, large cup (drinking vessel)
4224	μίας	article	genitive feminine of ένας (énas), (a, an)
4225	βλάκες	noun	nominative/accusative/vocative plural of βλάκας (vlákas)
4226	τομέας	noun	area, district (of town)
4227	φακό	noun	accusative singular of φακός (fakós)
4228	προσεκτικοί	adj	nominative masculine plural of προσεκτικός (prosektikós)
4229	ακριβής	adj	accurate, exact, precise
4230	εγγυώμαι	verb	to guarantee, vouch
4231	λάμπα	noun	lamp, electric or oil
4232	χαράς	noun	genitive singular of χαρά (chará)
4233	πυροβόλησα	verb	first-person singular simple past of πυροβολώ (pyrovoló)
4234	σκάνδαλο	noun	scandal
4235	σκιές	noun	nominative/accusative/vocative plural of σκιά (skiá)
4236	κοπέλας	noun	genitive singular of κοπέλα (kopéla)
4237	ρέστα	noun	change (money)
4238	γκρουπ	noun	group (small collection, especially of people)
4239	ρύζι	noun	rice
4240	κλέφτη	noun	genitive singular of κλέφτης (kléftis)
4241	κουβέντες	noun	nominative plural of κουβέντα (kouvénta)
4242	πλησιάζουμε	verb	first-person plural present of πλησιάζω (plisiázo)
4243	τζετ	noun	jet, jet plane
4244	υποτροφία	noun	scholarship (financial award to student)
4245	προσόντα	noun	nominative plural of προσόν (prosón)
4246	κράνος	noun	helmet (for cycling, motorcycling, police, etc)
4247	ψυχραιμία	noun	sangfroid, composure
4248	λαχανικά	noun	nominative/accusative/vocative plural of λαχανικό (lachanikó)
4249	διάσημη	adj	nominative feminine singular of διάσημος (diásimos)
4250	συκώτι	noun	liver
4251	αποστολές	noun	nominative/accusative/vocative plural of αποστολή (apostolí)
4252	τύψεις	noun	nominative/accusative/vocative plural of τύψη (týpsi)
4253	πιάνουν	verb	third-person plural present of πιάνω (piáno)
4254	βασίλης	name	a diminutive, Vasilis, of the male given name Βασίλειος
4255	δίνε	verb	second-person singular imperfective imperative of δίνω (díno)
4256	έξυπνοι	adj	nominative masculine plural of έξυπνος (éxypnos)
4257	συγχώρεση	noun	forgiveness; absolution
4258	οποίου	pron	genitive masculine/neuter singular of οποίος (opoíos)
4259	πρακτική	noun	practice (a customary action, habit, or behaviour)
4260	λείπω	verb	to be absent, to be missing
4261	ήσουνα	verb	"second-person singular imperfect of είμαι (eímai): ""you were"""
4262	καταπληκτικά	adv	fantastic!
4263	συχνότητα	noun	frequency
4264	βελόνα	noun	needle (for sewing, knitting etc)
4265	σαράντα	num	forty
4266	αι	article	monotonic form of αἱ, feminine nominative plural of ὁ (o)
4267	κεριά	noun	nominative plural of κερί (kerí)
4268	φοβισμένος	verb	passive perfect participle of φοβάμαι (fovámai) and φοβίζω (fovízo): frightened, scared
4269	πίστα	noun	piste; ice rink
4270	πονάω	verb	to ache
4271	μέρεντιθ	name	a transliteration of the English surname and unisex given name Meredith
4272	δοχείο	noun	container, receptacle
4273	ψεύτικα	adv	falsely
4274	διαρκώς	adv	constantly
4275	γεννήθηκες	verb	second-person singular simple past of γεννιέμαι
4276	τηλεφώνου	noun	genitive singular of τηλέφωνο (tiléfono)
4277	βρικόλακες	noun	nominative plural of βρικόλακας (vrikólakas)
4278	κάπνισμα	noun	smoking
4279	ειλικρινείς	adj	nominative masculine plural of ειλικρινής (eilikrinís)
4280	λαμβάνω	verb	to get, receive
4281	πτυχίο	noun	academic degree
4282	φάκελος	noun	envelope (stationery)
4283	χορεύω	verb	to dance; to bounce about
4284	δυσκολίες	noun	nominative plural of δυσκολία (dyskolía)
4285	κομπιούτερ	noun	computer
4286	θράσος	noun	effrontery, audacity
4287	έπαιρνες	verb	second-person singular imperfect of παίρνω (paírno)
4288	μπριζόλα	noun	steak
4289	γαλοπούλα	noun	turkey (bird)
4290	τάση	noun	voltage, potential difference
4291	υψηλότατε	noun	vocative singular of Υψηλότατος (Ypsilótatos)
4292	τρελαίνομαι	verb	to go mad, go insane, go crazy
4293	ανοίγω	verb	to make something accessible: open, undo, unbolt, unzip
4294	ανησύχησα	verb	first-person singular simple past of ανησυχώ (anisychó)
4295	διαμάντι	noun	diamond
4296	παρακάτω	adv	further down
4297	κύκλους	noun	accusative plural of κύκλος (kýklos)
4298	μουστάκι	noun	moustache (UK), mustache (US)
4299	έιντζελ	name	a transliteration of the English female given name Angel
4300	κορέα	name	Korea
4301	αναφέρεται	verb	third-person singular present of αναφέρομαι (anaféromai)
4302	έτοιμες	adj	nominative feminine plural of έτοιμος (étoimos)
4303	χαριτωμένος	adj	pretty, lovely, attractive (especially of girls, children, women, etc)
4304	ράδιο	noun	radio, wireless
4305	πάλη	noun	wrestling; fight, struggle
4306	θρύλος	noun	legend (story - usually myth)
4307	ανακάλυψη	noun	discovery, find (the process of discovery and the thing discovered)
4308	αγαπήσει	verb	active nonfinite form of αγαπάω (agapáo) and αγαπώ (agapó)
4309	μάνας	noun	genitive singular of μάνα (mána)
4310	αγγλίας	name	genitive singular of Αγγλία (Anglía)
4311	σταθεί	verb	third-person singular dependent
4312	σήματα	noun	nominative/accusative/vocative plural of σήμα (síma)
4313	δολοφόνους	noun	accusative plural of δολοφόνος (dolofónos)
4314	κριτική	noun	critique, criticism
4315	τεχνολογίας	noun	genitive singular of τεχνολογία (technología)
4316	κακού	adj	genitive masculine singular of κακός (kakós)
4317	αλήτη	noun	genitive/accusative/vocative singular of αλήτης (alítis)
4318	κιθ	name	a transliteration of the English male given name Keith
4319	κρατώ	verb	κρατιέμαι (kratiémai)
4320	προδότη	noun	genitive singular of προδότης (prodótis)
4321	μεγαλειοτάτη	noun	Your Majesty, ma'am (term of address for queens)
4322	γαμημένος	verb	fucked; fucking, damned, bloody
4323	φασόλια	noun	nominative plural of φασόλι (fasóli)
4324	πυροβολείτε	verb	second-person plural present active indicative of πυροβολώ (pyrovoló)
4325	κώδικας	noun	code; codex (an early manuscript book)
4326	εποχές	noun	nominative/accusative/vocative plural of εποχή (epochí)
4327	άνοιξα	verb	first-person singular simple past of ανοίγω (anoígo)
4328	στέμμα	noun	crown (royal, imperial or princely headdress)
4329	επιχειρηματίας	noun	businessman, businesswoman
4330	απαίσιος	adj	awful, dreadful, horrible appalling, terrible
4331	κλέψω	verb	first-person singular dependent of κλέβω (klévo)
4332	ον	noun	being, creature
4333	αριθμοί	noun	nominative plural of αριθμός (arithmós)
4334	καινούργιος	adj	new; recently acquired or made
4335	υπερβολικό	adj	accusative masculine singular of υπερβολικός (ypervolikós)
4336	μυστικές	adj	nominative feminine plural of μυστικός (mystikós)
4337	λήψη	noun	taking, making (of decisions)
4338	μαλλί	noun	wool; all the hairs of the head
4339	δήμαρχο	noun	accusative singular of δήμαρχος (dímarchos)
4340	κοπάδι	noun	flock (large number of animals associated together in a group)
4341	εγκαίρως	adv	in time
4342	πλοίαρχε	noun	vocative singular of πλοίαρχος (ploíarchos)
4343	αμερικάνοι	noun	nominative/vocative plural of Αμερικάνος (Amerikános)
4344	τηλεφωνώ	verb	to telephone, phone
4345	διάφορες	adj	nominative/accusative/vocative feminine plural of διάφορος (diáforos)
4346	ποινικό	adj	accusative masculine singular of ποινικός (poinikós)
4347	μι	noun	mi (third note in the tonic sol-fa or solfège scale)
4348	συντροφιά	noun	group, company, party (of people)
4349	χαλαρά	adj	nominative/accusative/vocative neuter plural of χαλαρός (chalarós)
4350	μύθος	noun	fable, tale, story, myth, fairy tale
4351	προσέγγιση	noun	approximation, approach
4352	αδελφού	noun	genitive singular of αδελφός (adelfós)
4353	φίσερ	name	a transliteration of the English surname Fisher
4354	βραχιόλι	noun	bracelet
4355	τάγμα	noun	battalion (army unit)
4356	νότο	noun	accusative singular of νότος (nótos)
4357	τέτοιους	pron	accusative masculine plural of τέτοιος (tétoios)
4358	σώματα	noun	nominative/accusative/vocative plural of σώμα (sóma)
4359	πλοίου	noun	genitive singular of πλοίο (ploío)
4360	ντυμένος	verb	clad, dressed; covered (of surfaces, objects)
4361	έβγαζε	verb	third-person singular imperfect of βγάζω (vgázo)
4362	μμε	noun	the media, the mass media (printed and broadcast)
4363	δικαστηρίου	noun	genitive singular of δικαστήριο (dikastírio)
4364	χαρώ	verb	first-person singular dependent of χαίρομαι (chaíromai)
4365	πρωτότυπο	noun	prototype
4366	καρκίνος	noun	cancer (disease of uncontrolled cellular proliferation)
4367	λεπίδα	noun	blade
4368	φράχτη	noun	genitive singular of φράχτης (fráchtis)
4369	πωλήσεις	noun	nominative/accusative/vocative plural of πώληση (pólisi)
4370	τείχος	noun	city wall/fortification/rampart
4371	γαλλικό	adj	accusative masculine singular of γαλλικός (gallikós)
4372	λευκοί	adj	nominative/vocative masculine plural of λευκός (lefkós)
4373	έκτακτης	adj	genitive feminine singular of έκτακτος (éktaktos)
4374	μένετε	verb	second-person plural present of μένω (méno)
4375	χόμπι	noun	hobby
4376	έξυπνα	adj	nominative/accusative/vocative neuter plural of έξυπνος (éxypnos)
4377	ηλεκτρικό	noun	accusative singular of ηλεκτρικός (ilektrikós)
4378	ανάλογα	adj	neuter nominative/accusative/vocative plural of ανάλογος (análogos)
4379	μπερδεμένος	verb	tangled, knotty, muddled (hair, string, etc)
4380	ήρεμη	adj	nominative feminine singular of ήρεμος (íremos)
4381	κούκλες	noun	nominative/accusative/vocative plural of κούκλα (koúkla)
4382	βάζο	noun	vase; jar
4383	εφαρμογή	noun	implementation; application (putting or spreading over a surface)
4384	επισήμως	adv	officially; formally
4385	αδελφότητα	noun	brotherhood, fellowship (the love of friends and/or brothers)
4386	νευρικό	adj	accusative masculine singular of νευρικός (nevrikós)
4387	πίνουν	verb	third-person plural present of πίνω (píno)
4388	έντονα	adj	neuter nominative/accusative/vocative plural of έντονος (éntonos)
4389	αίσθημα	noun	feeling
4390	εθνικής	adj	genitive feminine singular of εθνικός (ethnikós)
4391	γυμνός	adj	naked, unsheathed, bare.
4392	ασπίδα	noun	shield, buckler (for personal protection)
4393	συγγενής	adj	related; congenital
4394	υπηρέτης	noun	domestic servant
4395	μικροί	adj	nominative/vocative masculine plural of μικρός (mikrós)
4396	εξακολουθώ	verb	to continue (to do/doing: + να +verb) (to proceed with/prolong an activity)
4397	σκουπίδι	noun	rubbish, garbage, trash
4398	καεί	verb	third-person singular dependent passive
4399	σπορ	noun	sport; sports
4400	ναυτικού	adj	genitive masculine singular of ναυτικός (naftikós)
4401	ενδιαφέροντα	adj	accusative masculine singular of ενδιαφέρων (endiaféron)
4402	προέκυψε	verb	it occurred
4403	κούρσα	noun	road race; race; competition
4404	μπέρδεμα	noun	confusion, tangle, jumble, mix-up
4405	κατάστασης	noun	genitive singular of κατάσταση (katástasi)
4406	εβραίοι	noun	nominative plural of Εβραίος (Evraíos)
4407	επίδραση	noun	effect; impact (a significant or strong influence or effect)
4408	μ.μ.	adv	abbreviation of μετά το μεσημέρι (metá to mesiméri) (post meridiem)
4409	φόρους	noun	accusative plural of φόρος (fóros)
4410	τσεκάρω	verb	to check
4411	συμμαχία	noun	alliance
4412	σόδα	noun	soda, soda water, club soda (carbonated water)
4413	βέλος	noun	arrow, dart, arrow-shaft
4414	μπαίνουμε	verb	first-person plural present of μπαίνω (baíno)
4415	πρότεινα	verb	only for sense propose
4416	δυνατοί	adj	nominative masculine plural of δυνατός (dynatós)
4417	πέθανα	verb	first-person singular simple past of πεθαίνω (pethaíno)
4418	ανακαλύψεις	noun	nominative/accusative/vocative plural of ανακάλυψη (anakálypsi)
4419	ώμους	noun	accusative plural of ώμος (ómos)
4420	ονειρεύομαι	verb	to dream, dream about
4421	άνθρακα	noun	genitive singular of άνθρακας (ánthrakas)
4422	σετ	noun	set, group (of similar people or things)
4423	εκατομμυρίων	noun	genitive plural of εκατομμύριο (ekatommýrio)
4424	πράσινη	adj	nominative feminine singular of πράσινος (prásinos)
4425	δ	noun	abbreviation of δεσποινίς (despoinís): Miss
4426	ξένη	noun	foreigner, alien
4427	κρίστιαν	name	a transliteration of the English male given name and surname Christian
4428	γρασίδι	noun	grass, lawn, turf
4429	μητέρες	noun	nominative/accusative/vocative plural of μητέρα (mitéra)
4430	φίλων	adj	genitive masculine plural of φίλος (fílos)
4431	προϊόντα	adj	masculine accusative singular
4432	είθε	particle	I wish
4433	σόι	noun	family, clan, kin (group of people who one is descended from or shares blood with)
4434	ισόβια	noun	life, i.e., life imprisonment, life sentence
4435	μπάουερ	name	a transliteration of the German surname Bauer
4436	αναμφίβολα	adj	nominative/accusative/vocative neuter plural of αναμφίβολος (anamfívolos)
4437	αρσενικό	adj	masculine accusative singular
4438	προκαταβολή	noun	deposit, prepayment
4439	σουτιέν	noun	brassiere, bra
4440	χαρακτηριστικά	adv	characteristically
4441	μικρού	adj	genitive masculine singular of μικρός (mikrós)
4442	επιβεβαίωση	noun	confirmation
4443	μυαλού	noun	genitive singular of μυαλό (myaló)
4444	θάλασσας	noun	genitive singular of θάλασσα (thálassa)
4445	μαγική	adj	nominative feminine singular of μαγικός (magikós)
4446	επιδόρπιο	noun	dessert, confection, pudding, sweet
4447	γκολ	noun	goal
4448	ινδιάνοι	noun	nominative/vocative plural of Ινδιάνος (Indiános)
4449	μπίρα	noun	beer, ale
4450	μπερδεμένη	verb	nominative/accusative/vocative feminine singular of μπερδεμένος (berdeménos)
4451	ευχές	noun	nominative plural of ευχή (efchí)
4452	αποκτήσεις	noun	nominative/accusative/vocative plural of απόκτηση (apóktisi)
4453	έκοψα	verb	first-person singular simple past active indicative of κόβω (kóvo)
4454	μετάλλιο	noun	medal
4455	μεταφέρουμε	verb	first-person plural present of μεταφέρω (metaféro)
4456	υποχρέωση	noun	obligation, duty, responsibility, liability
4457	γιοι	noun	nominative/vocative plural of γιος (gios)
4458	όπλου	noun	genitive singular of όπλο (óplo)
4459	σύντροφε	noun	vocative singular of σύντροφος (sýntrofos)
4460	ατάκα	noun	catch phrase, pick-up line
4461	ειλικρίνεια	noun	sincerity, frankness
4462	ξεχνάω	verb	I forget
4463	γνώσεις	noun	nominative/accusative/vocative plural of γνώση (gnósi)
4464	παραγωγός	noun	producer
4465	παλιότερα	adj	nominative/accusative/vocative neuter plural of παλιότερος
4466	οποίοι	pron	nominative/vocative masculine plural of οποίος (opoíos)
4467	χαμός	noun	loss; pandemonium, chaos, mayhem, upheaval
4468	ειδοποίησε	verb	third-person singular simple past active
4469	βιασύνη	noun	haste, hurry, rushing
4470	όπερα	noun	opera (theatrical work combining drama, music and song)
4471	φίδια	noun	nominative plural of φίδι (fídi)
4472	διάσημο	adj	accusative masculine singular of διάσημος (diásimos)
4473	έπαθα	verb	"first-person singular simple past of παθαίνω (pathaíno): ""happened to me"""
4474	φύλλο	noun	leaf (of plant, etc); blade (leaf of grass, etc)
4475	γενική	noun	genitive
4476	ομολογώ	verb	to confess, admit (concede the truth)
4477	φιλαδέλφεια	name	Philadelphia; Philadelphia (ancient Greek city in the Decapolis in modern Jordan; modern Amman)
4478	δελτίο	noun	card, form, document
4479	ασπίδες	noun	nominative/accusative/vocative plural of ασπίδα (aspída)
4480	γκαλερί	noun	art gallery (not usually a public gallery)
4481	φαΐ	noun	food
4482	χαμηλό	adj	accusative masculine singular of χαμηλός (chamilós)
4483	γενικό	adj	accusative masculine singular of γενικός (genikós)
4484	σκύλου	noun	genitive singular of σκύλος (skýlos)
4485	ροή	noun	flow; flow, flux
4486	κατόπιν	adv	at; after
4487	προσφέρουμε	verb	first-person plural present of προσφέρω (prosféro)
4488	όσων	pron	genitive masculine/feminine/neuter plural of όσος (ósos)
4489	καινούριος	adj	modern spelling of καινούργιος (kainoúrgios)
4490	λώρα	name	a female given name, Lavra, equivalent to English Laura
4491	αγελάδες	noun	nominative plural of αγελάδα (ageláda)
4492	συνηθισμένα	verb	nominative/accusative/vocative neuter plural of συνηθισμένος (synithisménos)
4493	γερμανικά	noun	German (the language)
4494	ποιότητα	noun	quality; attribute (differentiating property)
4495	βαρύτητα	noun	gravity; weight, (importance or influence)
4496	επιμένω	verb	to insist; to persist
4497	γιορτές	noun	nominative/accusative/vocative plural of γιορτή (giortí)
4498	μαχαίρια	noun	nominative plural of μαχαίρι (machaíri)
4499	πολιτείας	noun	genitive singular of πολιτεία (politeía)
4500	σημασίας	noun	genitive singular of σημασία (simasía)
4501	αγωνία	noun	impatience, anxiety, suspense
4502	εραστή	noun	genitive/accusative/vocative singular of εραστής (erastís)
4503	ευγνωμοσύνη	noun	gratitude, thankfulness, gratefulness
4504	φόρεσε	verb	third-person singular simple past of φορώ (foró)
4505	νεκρών	adj	genitive masculine plural of νεκρός (nekrós)
4506	σεις	pron	you (2nd person plural, nominative)
4507	διάβολε	intj	(expresses anger, surprise) damn!
4508	δράμα	noun	drama, theatrical play
4509	άνοιγμα	noun	opening; gap
4510	ηλεκτρική	adj	nominative/accusative/vocative feminine singular of ηλεκτρικός (ilektrikós)
4511	συγχωρώ	verb	to forgive, pardon, excuse
4512	αλήθειας	noun	genitive singular of αλήθεια (alítheia)
4513	εκδρομή	noun	excursion (a brief recreational trip)
4514	ψηλό	adj	accusative masculine singular of ψηλός (psilós)
4515	εξοχή	noun	protrusion; countryside
4516	βιάζομαι	verb	to be forced; to be raped
4517	διαβόλου	noun	genitive singular of διάβολος (diávolos)
4518	ισραήλ	name	Israel; Israel (a name given to the Jewish patriarch Jacob)
4519	φλόγα	noun	flame, blaze; ardour
4520	κατέβει	verb	active nonfinite form of κατεβαίνω (katevaíno)
4521	πρόστιμο	noun	fine (payment for breaking the law)
4522	πάρις	name	Paris (trojan prince)
4523	ψιλά	noun	loose change, coins
4524	πρόβατα	noun	nominative plural of πρόβατο (próvato)
4525	λόρδος	noun	English lord or nobleman
4526	αλήτης	noun	bum, roughneck, loafer
4527	αποδείχτηκε	verb	third-person singular simple past of αποδείχνομαι
4528	πουλόβερ	noun	pullover, jumper, sweater
4529	έτη	noun	nominative plural of έτος (étos)
4530	σοφίτα	noun	attic (space, often unfinished and with sloped walls, directly below the roof)
4531	κανόνισα	verb	first-person singular simple past of κανονίζω (kanonízo)
4532	σφαγή	noun	slaughter (of many animals)
4533	λογαριασμός	noun	bill (UK); tab, check (US) (account at restaurant, etc)
4534	θείου	noun	genitive singular of θείος (theíos)
4535	αποβάθρα	noun	quay, wharf, pier, platform
4536	ρόλος	noun	role, part; role
4537	επιπέδου	noun	genitive singular of επίπεδο (epípedo)
4538	σύγκριση	noun	comparison, contrast
4539	πλαστικό	noun	plastic
4540	φαινόμενο	noun	phenomenon
4541	νότιο	adj	accusative masculine singular of νότιος (nótios)
4542	υγρά	noun	nominative plural of υγρό (ygró)
4543	ευγένεια	noun	politeness, kindness, courtesy
4544	γαλήνη	noun	serenity, equanimity
4545	φώναζε	verb	"third-person singular imperfect of φωνάζω (fonázo): ""He/She/It was shouting"""
4546	δυνατότητες	noun	nominative/accusative/vocative plural of δυνατότητα (dynatótita)
4547	βασική	adj	nominative/accusative/vocative feminine singular of βασικός (vasikós)
4548	παρουσιάζω	verb	to present, introduce, show, submit
4549	ονείρων	noun	genitive plural of όνειρο (óneiro)
4550	δόντι	noun	tooth; tusk
4551	τένις	noun	tennis
4552	βόλτες	noun	nominative/accusative/vocative plural of βόλτα (vólta)
4553	συμμετοχή	noun	participation; involvement (state of being involved)
4554	τόξο	noun	bow, longbow
4555	νοσοκομεία	noun	nominative plural of νοσοκομείο (nosokomeío)
4556	οδήγηση	noun	driving
4557	θαυμαστής	noun	admirer (one who admires)
4558	γκρι	adj	grey (UK, CAN), gray (US) (color/colour)
4559	σταγόνα	noun	drop; blob
4560	ομήρους	noun	accusative plural of όμηρος (ómiros)
4561	γελοίος	adj	ridiculous, ludicrous, farcical, laughable
4562	ιουλίου	name	genitive singular of Ιούλιος (Ioúlios)
4563	άρχοντας	noun	overlord, ruler
4564	εραστές	noun	nominative/accusative/vocative plural of εραστής (erastís)
4565	δημοτικό	noun	primary school
4566	κέφι	noun	high spirits, good humour, gaiety, merriness, merriment
4567	καθηγήτρια	noun	professor, university teacher, lecturer
4568	οργανισμό	noun	accusative singular of οργανισμός (organismós)
4569	παραιτούμαι	verb	to resign, quit (job or position)
4570	βασιλική	noun	basilica
4571	ανιψιά	noun	niece (the daughter of a brother or sister)
4572	τρόμου	noun	genitive singular of τρόμος (trómos)
4573	υποψήφιος	adj	prospective
4574	πλανήτες	noun	nominative plural of πλανήτης (planítis)
4575	ιππότης	noun	knight (warrior with suit of armour)
4576	φωτιές	noun	nominative plural of φωτιά (fotiá)
4577	κόντρα	adv	counter
4578	αστυφύλακα	noun	genitive/accusative/vocative singular of αστυφύλακας (astyfýlakas)
4579	οδήγησης	noun	genitive singular of οδήγηση (odígisi)
4580	λύσει	verb	active nonfinite form of λύνω (lýno)
4581	συνεχίζω	verb	to continue, keep going, carry on
4582	κόμης	noun	count, earl (rank in the nobility)
4583	βαρετή	adj	nominative feminine singular of βαρετός (varetós)
4584	συνεδρίαση	noun	session, sitting, meeting (of a committee, council, etc. to conduct business)
4585	φίλα	adj	nominative/accusative/vocative neuter plural of φίλος (fílos)
4586	διαταραχή	noun	disorder (a physical or mental malfunction)
4587	μοντέλα	noun	nominative/accusative/vocative plural of μοντέλο (montélo)
4588	πράσινα	adj	nominative/accusative/vocative neuter plural of πράσινος (prásinos)
4589	γελάω	verb	to laugh; to cheat, trick, deceive
4590	αδερφής	noun	genitive singular of αδερφή (aderfí)
4591	έδειξα	verb	first-person singular simple past of δείχνω (deíchno)
4592	έκπληκτος	adj	surprised
4593	κερνάω	verb	to treat, offer at one's own expense
4594	φλιτζάνι	noun	cup
4595	καταπληκτικός	adj	amazing, fantastic, astounding
4596	στενά	adj	nominative/accusative/vocative neuter plural of στενός (stenós)
4597	έβγαλαν	verb	third-person plural simple past of βγάζω (vgázo)
4598	αστυνομική	adj	nominative/accusative/vocative feminine singular of αστυνομικός (astynomikós)
4599	εκατοστά	adj	nominative/accusative/vocative neuter plural of εκατοστός (ekatostós)
4600	ρεπόρτερ	noun	reporter, journalist
4601	γιους	noun	accusative plural of γιος (gios)
4602	φίλτρο	noun	filter
4603	κοκαΐνη	noun	cocaine (the drug)
4604	υπαλλήλους	noun	accusative plural of υπάλληλος (ypállilos)
4605	ποταμού	noun	genitive singular of ποταμός (potamós)
4606	κοινωνίας	noun	genitive singular of κοινωνία (koinonía)
4607	αφορούν	verb	third-person plural present of αφορά (aforá)
4608	χαμογέλα	verb	second-person singular active imperfective imperative of χαμογελάω
4609	δήμαρχε	noun	vocative singular of δήμαρχος (dímarchos)
4610	δράστη	noun	genitive/accusative/vocative singular of δράστης (drástis)
4611	σαφώς	adv	clearly, distinctly (in a clear manner)
4612	αριστερή	adj	feminine nominative/accusative/vocative singular of αριστερός (aristerós)
4613	εβδομάδας	noun	genitive singular of εβδομάδα (evdomáda)
4614	εισόδου	noun	genitive singular of είσοδος (eísodos)
4615	δίδυμα	adj	neuter nominative/accusative/vocative plural of δίδυμος (dídymos)
4616	πουλάκι	noun	kitty, box, thingy, front bum (the vulva)
4617	άσχημος	adj	ugly; bad
4618	βγήκαμε	verb	first-person plural simple past of βγαίνω (vgaíno)
4619	ανεξάρτητα	adv	independently
4620	κατέληξα	verb	first-person singular simple past active indicative of καταλήγω (katalígo)
4621	οξύ	noun	acid
4622	άλφα	noun	beginning.; top, premium.
4623	κατάλληλος	adj	appropriate, suitable, fit, right
4624	εργάζομαι	verb	to work
4625	έντεκα	num	eleven
4626	επένδυση	noun	coating, lining
4627	ξένοι	adj	nominative masculine plural of ξένος (xénos)
4628	σφραγίδα	noun	stamp (indentation or imprint made by stamping)
4629	έτρεξα	verb	first-person singular simple past active of τρέχω (trécho)
4630	νόμισμα	noun	a coin; the basic currency of a country
4631	τηλεγράφημα	noun	telegram (telegraphed message)
4632	σκάκι	noun	chess; chessboard
4633	δυσκολία	noun	difficulty, inconvenience, trouble
4634	αρραβωνιαστικιά	noun	fiancée
4635	πολιτικά	adj	nominative/accusative/vocative neuter plural of πολιτικός (politikós)
4636	πραγμάτων	noun	genitive plural of πράγμα (prágma)
4637	κραγιόν	noun	lipstick; crayon
4638	εξωγήινοι	adj	nominative/vocative masculine plural of εξωγήινος (exogíinos)
4639	λύτρα	noun	ransom, payment made for someone's release
4640	αμερικανική	adj	nominative/accusative/vocative feminine singular of αμερικανικός (amerikanikós)
4641	προσωρινά	adj	nominative/accusative/vocative neuter plural of προσωρινός (prosorinós)
4642	τίτλος	noun	title, heading (name of book, film, project, etc)
4643	θησαυρός	noun	treasure, wealth
4644	πιστοποιητικό	adj	accusative masculine singular of πιστοποιητικός (pistopoiitikós)
4645	παιδάκια	noun	nominative/accusative/vocative plural of παιδάκι (paidáki)
4646	σιγά-σιγά	intj	gradually, carefully, very slowly
4647	μαφία	noun	mafia
4648	πρώτου	adj	masculine/neuter genitive singular of πρώτος (prótos)
4649	σπασμένα	verb	nominative/accusative/vocative neuter plural of σπασμένος (spasménos)
4650	φίλησε	verb	third-person singular simple past of φιλάω (filáo) and φιλώ (filó)
4651	χριστό	name	accusative of Χριστός (Christós)
4652	απαιτήσεις	noun	nominative/accusative/vocative plural of απαίτηση (apaítisi)
4653	αιωνιότητα	noun	eternity
4654	χαμηλή	adj	nominative/accusative/vocative feminine singular of χαμηλός (chamilós)
4655	ισχυρός	adj	powerful, strong, mighty
4656	στέλλα	name	a female given name, Styliani
4657	μαύροι	adj	nominative masculine plural of μαύρος (mávros)
4658	έτρεχε	verb	third-person singular imperfect of τρέχω (trécho)
4659	επισκέπτη	noun	genitive/accusative/vocative singular of επισκέπτης (episképtis)
4660	ενόρκους	noun	accusative plural of ένορκος (énorkos)
4661	ντουζίνα	noun	twelve, dozen
4662	χωράφια	noun	nominative/accusative/vocative plural of χωράφι (choráfi)
4663	προτάσεις	noun	nominative/accusative/vocative plural of πρόταση (prótasi)
4664	επιδρομή	noun	raid (for attack, arrest or plunder)
4665	διαστημόπλοιο	noun	spaceship, spacecraft
4666	τσεκούρι	noun	axe (UK), ax (US)
4667	ζείτε	verb	second-person plural present indicative of ζω (zo)
4668	αναίσθητος	adj	unconscious, insensible, senseless
4669	σκατό	noun	shit, shite, crap (faeces)
4670	φαρμακείο	noun	pharmacy, drugstore (US), chemist's (UK)
4671	λ	num	The number thirty in Greek numerals.
4672	σκηνοθέτης	noun	director
4673	σατανά	name	genitive singular of Σατανάς (Satanás)
4674	πολιτικό	adj	accusative masculine singular of πολιτικός (politikós)
4675	χαιρετίσματα	noun	nominative/accusative/vocative plural of χαιρέτισμα (chairétisma)
4676	κλείνεις	verb	"third-person singular present of κλείνω (kleíno): ""he/she/it closes"""
4677	κουβεντούλα	noun	chat (informal conversation)
4678	τεχνικά	adj	nominative/accusative/vocative neuter plural of τεχνικός (technikós)
4679	επείγουσα	adj	nominative/accusative/vocative feminine singular of επείγων (epeígon)
4680	γυμνό	adj	accusative masculine singular of γυμνός (gymnós)
4681	νησιά	noun	nominative/accusative/vocative plural of νησί (nisí)
4682	ραβδί	noun	rod, stick, pointer, cane
4683	πρόλαβα	verb	first-person singular simple past of προλαβαίνω (prolavaíno)
4684	τροχόσπιτο	noun	caravan, motor home, camper (furnished vehicle (towed or self-powered) used as a dwelling)
4685	ασκήσεις	noun	nominative/accusative/vocative plural of άσκηση (áskisi)
4686	κερδίζω	verb	to profit, gain, earn (money)
4687	γαμπρός	noun	son-in-law, specifically daughter's husband
4688	καμπάνια	noun	campaign (a series of operations undertaken to achieve a set goal)
4689	μπολ	noun	bowl (container used for ornament or storage)
4690	λύσω	verb	first-person singular dependent active of λύνω (lýno)
4691	γάλλοι	name	the French people (collectively)
4692	φλόγες	noun	nominative plural of φλόγα (flóga)
4693	συμφωνίες	noun	nominative plural of συμφωνία (symfonía)
4694	προστατεύω	verb	to protect, safeguard
4695	εταιρίες	noun	nominative/accusative/vocative plural of εταιρία (etairía)
4696	επαρχία	noun	province; eparchy, an administrative area in Greece; hundred.
4697	δεξαμενή	noun	tank (container)
4698	καπέλα	noun	nominative plural of καπέλο (kapélo)
4699	σκηνικό	noun	scenery, set, backdrop
4700	τζένη	name	Jenny, a diminutive of the female given name Ευγενία (Evgenía)
4701	χρυσά	adj	nominative neuter plural of χρυσός (chrysós)
4702	έζησα	verb	first-person singular simple past of ζω (zo)
4703	ευχαριστίες	noun	nominative/accusative/vocative plural of ευχαριστία (efcharistía)
4704	αυστραλία	name	Australia
4705	εμπιστοσύνης	noun	genitive singular of εμπιστοσύνη (empistosýni)
4706	ποπ	adj	pop; pop (music)
4707	επιστημονική	adj	feminine nominative/accusative/vocative singular of επιστημονικός (epistimonikós)
4708	σύγχυση	noun	confusion (state of mind or situation characterised by a lack of clarity or order)
4709	αμερικάνικο	adj	accusative masculine singular of αμερικάνικος (amerikánikos)
4710	μοναστήρι	noun	An abbey, monastery, convent, cloister.
4711	ήττα	noun	defeat
4712	ιδιοκτήτες	noun	nominative plural of ιδιοκτήτης (idioktítis)
4713	απόσπασμα	noun	detachment, squad, detail
4714	έναρξη	noun	beginning, commencement, inception
4715	ανταμοιβή	noun	reward
4716	σωλήνες	noun	nominative plural of σωλήνας (solínas)
4717	ζημιές	noun	nominative plural of ζημιά (zimiá)
4718	όση	pron	nominative/accusative feminine singular of όσος (ósos)
4719	μετάδοση	noun	transmission; broadcast
4720	πόρους	noun	accusative plural of πόρος (póros) and πόροι (póroi)
4721	έμπνευση	noun	inspiration; inspiration (a new idea, especially one which arises suddenly and is clever or creative)
4722	ιατροδικαστής	noun	forensic pathologist
4723	γαλλική	adj	nominative feminine singular of γαλλικός (gallikós)
4724	βρέθηκα	verb	first-person singular simple past of βρίσκομαι (vrískomai)
4725	ποίηση	noun	poetry, verse; poesy
4726	πάτσι	adv	quits, even
4727	ψάξαμε	verb	first-person plural simple past of ψάχνω (psáchno)
4728	συνειδητοποιήσει	verb	active nonfinite form of συνειδητοποιώ (syneiditopoió)
4729	εχθρού	noun	genitive singular of εχθρός (echthrós)
4730	έντομα	noun	nominative plural of έντομο (éntomo)
4731	άγνωστη	adj	nominative feminine singular of άγνωστος (ágnostos)
4732	αυτοπροσώπως	adv	personally, in person
4733	ευαίσθητος	adj	sensitive, delicate, soft-hearted, touchy
4734	φονικό	adj	accusative masculine singular of φονικός (fonikós)
4735	μωρή	adj	feminine nominative/accusative/vocative singular of μωρός (morós)
4736	λάμπει	verb	third-person singular present of λάμπω (lámpo)
4737	σύνταγμα	noun	constitution; regiment
4738	παραγωγής	noun	genitive singular of παραγωγή (paragogí)
4739	επιβίωση	noun	survival
4740	ήπιες	adj	nominative/accusative/vocative feminine plural of ήπιος (ípios)
4741	νομικά	adj	nominative neuter plural of νομικός (nomikós)
4742	ντέξτερ	name	a transliteration of the English surname and male given name Dexter
4743	ολόκληρος	adj	whole, entire, complete
4744	βαθμού	noun	genitive singular of βαθμός (vathmós)
4745	εμπειρίες	noun	nominative/accusative/vocative plural of εμπειρία (empeiría)
4746	φτωχός	adj	poor (without sufficient money)
4747	ταυτότητες	noun	nominative plural of ταυτότητα (taftótita)
4748	βεράντα	noun	veranda (roofed open gallery)
4749	επιχείρησης	noun	genitive singular of επιχείρηση (epicheírisi)
4750	περίσταση	noun	situation, occasion
4751	δημοσιότητα	noun	publicity
4752	μικρόφωνο	noun	microphone
4753	σχόλια	noun	nominative plural of σχόλιο (schólio)
4754	κάνσας	name	Kansas (a state of the midwest United States)
4755	πολλών	adj	genitive masculine plural of πολύς (polýs)
4756	παρέχει	verb	third-person singular present active indicative of παρέχω (parécho)
4757	τέταρτη	adj	nominative feminine singular of τέταρτος (tétartos)
4758	φαντασίας	noun	genitive singular of φαντασία (fantasía)
4759	ολοκληρώθηκε	verb	third-person singular simple past of ολοκληρώνομαι
4760	παρέλαση	noun	march-past, parade
4761	σαπούνι	noun	soap
4762	αποκαλώ	verb	to call, name; to characterise, label
4763	τομάρι	noun	hide, pelt (flayed skin of an animal)
4764	θεωρίες	noun	nominative/accusative/vocative plural of θεωρία (theoría)
4765	κόκαλα	noun	nominative plural of κόκαλο (kókalo)
4766	νόμιμη	adj	nominative feminine singular of νόμιμος (nómimos)
4767	νέων	adj	masculine genitive plural of νέος (néos)
4768	ιδιοφυΐα	noun	genius, great intelligence, intellect
4769	απόδραση	noun	escape (act of leaving a restricted facility, actual or figurative)
4770	πίστης	noun	genitive singular of πίστη (písti)
4771	ποδοσφαίρου	noun	genitive singular of ποδόσφαιρο (podósfairo)
4772	δάφνη	noun	laurel, bay (tree)
4773	μπελά	noun	genitive/accusative/vocative singular of μπελάς (belás)
4774	καροτσάκι	noun	baby buggy, pushchair, stroller
4775	μίνι	adj	mini
4776	περιπολικό	noun	patrol car
4777	μπουνιά	noun	punch; fist
4778	κρεβάτια	noun	nominative plural of κρεβάτι (kreváti)
4779	φονιάς	noun	murderer, killer, slayer (one who kills or murders)
4780	προγράμματος	noun	genitive singular of πρόγραμμα (prógramma)
4781	απουσία	noun	absence
4782	ημερών	noun	genitive plural of ημέρα (iméra)
4783	μπογιά	noun	paint, dye
4784	πάγος	noun	ice (frozen water)
4785	απογοήτευση	noun	disappointment
4786	γύρισμα	noun	revolve, revolving (action or result of revolve)
4787	σπιτικό	noun	house, household (all the persons who live in a given house)
4788	χαβάη	name	Hawaii (an insular state of the United States, formerly a territory)
4789	σηκώσεις	verb	second-person singular dependent of σηκώνω (sikóno)
4790	τζαζ	noun	jazz
4791	κρίσιμη	adj	nominative feminine singular of κρίσιμος (krísimos)
4792	παράπονα	noun	nominative plural of παράπονο (parápono)
4793	άκρα	adv	extremely
4794	κοντινό	adj	accusative masculine singular of κοντινός (kontinós)
4795	σκορ	noun	score
4796	φράγμα	noun	barrier; dam, barrage
4797	ξεχωριστά	adj	neuter nominative/accusative/vocative plural of ξεχωριστός (xechoristós)
4798	δοκιμές	noun	nominative/accusative/vocative plural of δοκιμή (dokimí)
4799	αντιπρόεδρος	noun	vice president; deputy chairman, deputy chairwoman, deputy chairperson
4800	διαφημίσεις	noun	nominative/accusative/vocative plural of διαφήμιση (diafímisi)
4801	δραστηριότητες	noun	nominative plural of δραστηριότητα (drastiriótita)
4802	νόμιμα	adj	neuter nominative/accusative/vocative plural of νόμιμος (nómimos)
4803	γερμανούς	noun	accusative plural of Γερμανός (Germanós)
4804	ινδιάνους	noun	accusative plural of Ινδιάνος (Indiános)
4805	εισαγωγή	noun	import (something brought in from an exterior source, especially for sale or trade)
4806	φυλής	noun	genitive singular of φυλή (fylí)
4807	χημικά	adj	nominative neuter plural of χημικός (chimikós)
4808	ολοκληρωθεί	verb	third-person singular dependent of ολοκληρώνομαι
4809	συνηθισμένος	verb	ordinary, habitual, routine, common
4810	αγαπημένε	verb	vocative masculine singular of αγαπημένος (agapiménos)
4811	πιάσατε	verb	second-person plural simple past of πιάνω (piáno)
4812	συνοδεία	noun	escort, entourage
4813	αποκλειστική	adj	nominative/accusative/vocative feminine singular of αποκλειστικός (apokleistikós)
4814	διαφωνώ	verb	to disagree
4815	ανόητοι	adj	nominative masculine plural of ανόητος (anóitos)
4816	πρωθυπουργός	noun	prime minister, premier (head of a Westminster-style government)
4817	υψηλό	adj	accusative masculine singular of υψηλός (ypsilós)
4818	ρεπορτάζ	noun	reportage, reporting
4819	λαιμός	noun	neck, throat
4820	σεπτεμβρίου	name	genitive singular of Σεπτέμβριος (Septémvrios)
4821	καταυλισμό	noun	accusative singular of καταυλισμός (katavlismós)
4822	κυνηγοί	noun	nominative plural of κυνηγός (kynigós)
4823	νατο	name	NATO, North Atlantic Treaty Organization
4824	κόκκινος	adj	red (colour)
4825	σύννεφο	noun	cloud
4826	λεν	verb	"third-person plural present of λέω (léo): ""they say"""
4827	προσωπικές	adj	nominative/accusative/vocative feminine plural of προσωπικός (prosopikós)
4828	βιαστικά	adj	nominative/accusative/vocative neuter plural of βιαστικός (viastikós)
4829	ερωτεύτηκα	verb	first-person singular simple past of ερωτεύομαι (erotévomai)
4830	διατροφή	noun	nutrition; alimentation
4831	ειδών	noun	genitive plural of είδος (eídos)
4832	πόσων	pron	genitive masculine/feminine/neuter plural of πόσος (pósos)
4833	μαύρους	adj	accusative masculine plural of μαύρος (mávros)
4834	διατάζω	verb	to command, to order (to do: να + verb) (to issue an instruction)
4835	φαγητού	noun	genitive singular of φαγητό (fagitó)
4836	γάντι	noun	glove
4837	πειρατές	noun	nominative plural of πειρατής (peiratís)
4838	πολεμήσει	verb	active nonfinite form of πολεμάω (polemáo) and πολεμώ (polemó)
4839	μπράντι	noun	brandy, cognac (distilled beverage)
4840	προσπάθειες	noun	nominative singular of προσπάθεια (prospátheia)
4841	λίγος	adj	a little, a few, a bit of
4842	συνθήκη	noun	treaty, agreement, mutual acceptance
4843	κορόιδο	noun	dupe, sucker; fall guy
4844	περηφάνια	noun	pride; arrogance
4845	επιτροπής	noun	genitive singular of επιτροπή (epitropí)
4846	άγιο	adj	masculine accusative singular
4847	καβγά	noun	genitive singular of καβγάς (kavgás)
4848	ήλθατε	verb	second-person plural simple past of έρχομαι (érchomai)
4849	γαλλίας	name	genitive singular of Γαλλία (Gallía)
4850	στενό	adj	accusative masculine singular of στενός (stenós)
4851	ξύλα	noun	nominative/accusative/vocative plural of ξύλο (xýlo)
4852	θελήσεις	noun	nominative/accusative/vocative plural of θέληση (thélisi)
4853	απαιτώ	verb	to demand, to call for, to require
4854	αυτοκράτορας	noun	emperor, kaiser
4855	αναμονής	noun	genitive singular of αναμονή (anamoní)
4856	καθήκοντα	noun	nominative plural of καθήκον (kathíkon)
4857	προκειμένου	conj	προκειμένου να (prokeiménou na): in order to, in order for, so that
4858	κάλυψε	verb	third-person singular simple past active of καλύπτω (kalýpto)
4859	αφελής	adj	naive
4860	ράφι	noun	shelf
4861	πρωτεύουσα	noun	capital, capital city
4862	ιατρικά	adj	nominative neuter plural of ιατρικός (iatrikós)
4863	πορτοκαλί	noun	orange (color/colour)
4864	πετύχω	verb	first-person singular dependent of πετυχαίνω (petychaíno)
4865	εξωτερική	adj	nominative feminine singular of εξωτερικός (exoterikós)
4866	θήκη	noun	case, sheath, holster (close fitting cover or container for something)
4867	δυνάμεων	noun	genitive plural of δύναμη (dýnami)
4868	καλεσμένος	verb	invited as a guest, asked to attend
4869	κατάλληλα	adj	nominative neuter plural of κατάλληλος (katállilos)
4870	εφ	symbol	tan, the symbol for εφαπτομένη the trigonometric function tangent
4871	δικαιοδοσία	noun	jurisdiction
4872	βιασμό	noun	accusative singular of βιασμός (viasmós)
4873	διευθυντά	noun	vocative singular of διευθυντής (diefthyntís)
4874	κρατώντας	verb	Active present participle of κρατάω (kratáo) and κρατώ (krató).
4875	σέπαρντ	name	a transliteration of the English surname Sheppard or Shepard
4876	πολίτη	noun	genitive/accusative/vocative singular of πολίτης (polítis)
4877	φούστα	noun	skirt
4878	αχυρώνα	noun	Colloquial form of αχυρώνας (achyrónas)
4879	δάση	noun	nominative plural of δάσος (dásos)
4880	διαδικασίες	noun	nominative plural of διαδικασία (diadikasía)
4881	ιδανικό	noun	ideal, principle
4882	δυστυχία	noun	misfortune; an undesirable event
4883	δομή	noun	structure (social, political, physical, etc)
4884	φρουρός	noun	guard, guardian (a person who, or thing that, protects or watches over something)
4885	δυσκολεύομαι	verb	to made difficult
4886	βασιλικό	adj	accusative masculine singular of βασιλικός (vasilikós)
4887	ήλθε	verb	third-person singular simple past of έρχομαι (érchomai)
4888	μετανιώνω	verb	to change one's mind, regret
4889	θυσίες	noun	nominative plural of θυσία (thysía)
4890	ξέροντας	verb	Present participle of ξέρω (xéro): knowing
4891	επιστροφής	noun	genitive singular of επιστροφή (epistrofí)
4892	μισός	adj	half
4893	ηλίθιους	adj	accusative masculine plural of ηλίθιος (ilíthios)
4894	βιογραφικό	noun	curriculum vitae, CV
4895	εξοχικό	noun	holiday home (a second home probably in the countryside)
4896	καλλιτέχνες	noun	nominative plural of καλλιτέχνης (kallitéchnis)
4897	χρυσού	adj	genitive masculine singular of χρυσός (chrysós)
4898	κάτοικοι	noun	nominative/vocative plural of κάτοικος (kátoikos)
4899	ηρακλής	name	Heracles; the constellation Hercules
4900	διάσταση	noun	dimension (length, width, height)
4901	εξώφυλλο	noun	cover, cover page
4902	παραμύθια	noun	nominative plural of παραμύθι (paramýthi)
4903	ήπιε	adj	vocative masculine singular of ήπιος (ípios)
4904	τυφλή	adj	nominative/accusative/vocative feminine singular of τυφλός (tyflós)
4905	ελάχιστο	adj	nominative/accusative/vocative neuter singular of ελάχιστος
4906	φιλική	adj	nominative/accusative/vocative feminine singular of φιλικός (filikós)
4907	τελειώνω	verb	to finish, complete, end
4908	κοινού	adj	genitive masculine singular of κοινός (koinós)
4909	τόνους	noun	accusative plural of τόνος (tónos)
4910	χάρες	noun	nominative/accusative/vocative plural of χάρη (chári)
4911	ύλη	noun	matter; matter, stuff, material, substance
4912	τεσσάρων	num	genitive masculine of τέσσερις (tésseris)
4913	λειτουργίας	noun	genitive singular of λειτουργία (leitourgía)
4914	ακολουθούμε	verb	first-person plural present active indicative of ακολουθώ
4915	ικανοποιημένος	verb	satisfied
4916	μπόουλινγκ	noun	bowling (tenpin, etc)
4917	καπετάνιο	noun	accusative singular of καπετάνιος (kapetánios)
4918	αγοριού	noun	genitive singular of αγόρι (agóri)
4919	παιδικά	adj	children's items, childrenswear, toys
4920	μάγκες	noun	nominative plural of μάγκας (mágkas)
4921	σπιτάκι	noun	diminutive of σπίτι (spíti, “house”)
4922	γοητευτικός	adj	charming, enchanting
4923	επιπτώσεις	noun	nominative/accusative/vocative plural of επίπτωση (epíptosi)
4924	δίσκους	noun	accusative plural of δίσκος (dískos)
4925	τέσσερεις	num	four, 4
4926	φυσιολογικός	adj	normal, natural
4927	γίναμε	verb	"first-person plural simple past of γίνομαι (gínomai): ""we became, we were born"""
4928	πόσος	pron	how much? (questions of quantity and extent)
4929	φυσικής	noun	genitive singular of φυσική (fysikí)
4930	φτωχό	adj	accusative masculine singular of φτωχός (ftochós)
4931	διάβαζα	verb	first-person singular imperfect active of διαβάζω (diavázo)
4932	αλλάζω	verb	to change, alter (appearance, content or substance of something)
4933	τριαντάφυλλα	noun	nominative plural of τριαντάφυλλο (triantáfyllo)
4934	συνωμοσία	noun	conspiracy
4935	σφάλμα	noun	error, mistake
4936	διάολος	noun	The Devil, devil.
4937	μάσκες	noun	nominative/accusative/vocative plural of μάσκα (máska)
4938	συγγραφέα	noun	genitive/accusative/vocative singular of συγγραφέας (syngraféas)
4939	τσάμπα	adv	free, free of charge, gratis, for nothing (without paying)
4940	συμφέρον	noun	interest, rights (business connection with material advantage)
4941	πνευματική	adj	nominative feminine singular of πνευματικός (pnevmatikós)
4942	υψηλά	adj	nominative/accusative/vocative neuter plural of υψηλός (ypsilós)
4943	φτωχή	adj	nominative feminine singular of φτωχός (ftochós)
4944	παρούσα	adj	nominative/accusative/vocative feminine singular of παρών (parón)
4945	μαύρες	adj	nominative feminine plural of μαύρος (mávros)
4946	δεκαετίες	noun	nominative plural of δεκαετία (dekaetía)
4947	πίνουμε	verb	first-person plural present of πίνω (píno)
4948	έπαιξα	verb	first-person singular simple past of παίζω (paízo)
4949	διαφορετικούς	adj	accusative masculine plural of διαφορετικός (diaforetikós)
4950	ψυχίατρος	noun	psychiatrist
4951	ακριβές	adj	nominative feminine plural of ακριβός (akrivós) (expensive)
4952	μήλα	noun	dodgeball
4953	βοστώνη	name	Boston (a city in Massachusetts, United States)
4954	τσαντ	name	Chad (a country in Central Africa)
4955	αρχικό	adj	accusative masculine singular of αρχικός (archikós)
4956	φαγητά	noun	nominative plural of φαγητό (fagitó)
4957	λόγοι	noun	Inflected form of λόγος (nominative, accusative, vocative plural)
4958	μολύβι	noun	pencil, pencil lead
4959	δημοπρασία	noun	auction (public sales event)
4960	μαγείας	noun	genitive singular of μαγεία (mageía)
4961	γυμναστική	noun	exercise, workout, working out
4962	εύκολος	adj	easy
4963	εγκατάσταση	noun	installation, establishment (act of installing)
4964	θέσει	verb	active nonfinite form of θέτω (théto).
4965	παλικάρι	noun	boy, young man; brave young man
4966	ρομαντική	adj	nominative feminine singular of ρομαντικός (romantikós)
4967	σωστές	adj	nominative feminine plural of σωστός (sostós)
4968	στρατεύματα	noun	nominative/accusative/vocative plural of στράτευμα (strátevma)
4969	γεννήτρια	noun	generator
4970	απασχολημένοι	verb	nominative/vocative masculine plural of απασχολημένος (apascholiménos)
4971	διαθέσιμος	adj	available, spare
4972	παρατήρηση	noun	comment, observation, remark
4973	χρησιμοποιήθηκε	verb	third-person singular simple past of χρησιμοποιούμαι (chrisimopoioúmai)
4974	πηγάδι	noun	well (water source)
4975	μιχαήλ	name	the Archangel Michael
4976	ανθρωπότητας	noun	genitive singular of ανθρωπότητα (anthropótita)
4977	κοριτσιών	noun	genitive plural of κορίτσι (korítsi)
4978	καλής	adj	feminine genitive singular of καλός (kalós)
4979	αληθινές	adj	nominative feminine plural of αληθινός (alithinós)
4980	πολιτισμό	noun	accusative singular of πολιτισμός (politismós)
4981	αντρών	noun	genitive plural of άντρας (ántras)
4982	μαρτύρων	noun	genitive plural of μάρτυρας (mártyras)
4983	καλωσήρθες	intj	well, all right, alright
4984	καημένος	adj	poor (expressing sympathy etc)
4985	βίκυ	name	a female given name from Βικτωρία
4986	θηλυκό	noun	woman, female
4987	ρίζες	noun	nominative plural of ρίζα (ríza)
4988	απέχει	verb	third-person singular present indicative of απέχω (apécho)
4989	στρες	noun	stress (emotional pressure)
4990	εξωτερικών	adj	genitive masculine plural of εξωτερικός (exoterikós)
4991	θαυμαστές	adj	nominative feminine plural of θαυμαστός (thavmastós)
4992	βάλατε	verb	second-person plural simple past of βάζω (vázo)
4993	λύπη	noun	sorrow, sadness, unhappiness, suffering
4994	παλεύω	verb	to fight (to engage in physical combat)
4995	υποδοχή	noun	welcome, reception (greeting of a guest or newcomer)
4996	ποταμό	noun	accusative singular of ποταμός (potamós)
4997	βρεθείς	verb	second-person singular dependent of βρίσκομαι (vrískomai)
4998	εσωτερικά	adj	nominative/accusative/vocative neuter plural of εσωτερικός (esoterikós)
4999	βαριέμαι	verb	to be bored, be tired
5000	προσεκτική	adj	nominative feminine singular of προσεκτικός (prosektikós)
5001	γενναίο	adj	accusative masculine singular of γενναίος (gennaíos)
5002	δούκα	noun	genitive/accusative/vocative singular of δούκας (doúkas)
5003	μοτίβο	noun	motif, pattern
5004	βασίλισσας	noun	genitive singular of βασίλισσα (vasílissa)
5005	στόλο	noun	accusative singular of στόλος (stólos)
5006	αναγνώρισα	verb	first-person singular simple past of αναγνωρίζω (anagnorízo)
5007	απορώ	verb	to be puzzled, be bewildered, be perplexed, wonder (at)
5008	ετοιμότητα	noun	readiness, preparedness
5009	λονδίνου	name	genitive singular of Λονδίνο (Londíno)
5010	επικοινωνίες	noun	nominative/accusative/vocative plural of επικοινωνία (epikoinonía)
5011	καρέκλες	noun	nominative/accusative/vocative plural of καρέκλα (karékla)
5012	ήσυχους	adj	accusative masculine plural of ήσυχος (ísychos)
5013	φορούσα	verb	first-person singular imperfect of φοράω (foráo) and φορώ (foró)
5014	σοβαρές	adj	nominative feminine plural of σοβαρός (sovarós)
5015	αθλητικά	noun	sports
5016	ελάφι	noun	red deer (Cervus elaphus)
5017	επιταγές	noun	nominative/accusative/vocative plural of επιταγή (epitagí)
5018	ρομπέν	name	a transliteration of the English unisex given name Robin
5019	διάγνωση	noun	diagnosis
5020	λόφους	noun	accusative plural of λόφος (lófos)
5021	μουσικό	adj	accusative masculine singular of μουσικός (mousikós)
5022	τρόμαξα	verb	first-person singular simple past of τρομάζω (tromázo)
5023	αφεντικά	noun	nominative plural of αφεντικό (afentikó)
5024	κανάλια	name	Kanalia (a village in Phthiotis regional unit, Central Greece, Greece)
5025	πόλο	noun	water polo; polo (equestrian sport)
5026	αντρέ	noun	entrance, way in
5027	μέτρων	noun	genitive plural of μέτρο (métro)
5028	καταγγελία	noun	complaint; denunciation, indictment (accusation of wrongdoing; strong criticism)
5029	σκουλήκι	noun	worm; larva, silkworm
5030	τράβηξα	verb	first-person singular simple past of τραβάω (traváo)
5031	μέλισσες	noun	nominative plural of μέλισσα (mélissa)
5032	έδινες	verb	second-person singular imperfect of δίνω (díno)
5033	βγάλαμε	verb	first-person plural simple past of βγάζω (vgázo)
5034	άσχετα	adv	incompetently, ignorantly
5035	κατανοώ	verb	to understand
5036	χαμένοι	verb	nominative/vocative masculine plural of χαμένος (chaménos)
5037	σταθώ	verb	first-person singular dependent of στέκομαι (stékomai)
5038	μενταγιόν	noun	pendant
5039	έκπτωση	noun	discount; falling from office, fall from rank
5040	ετυμηγορία	noun	verdict
5041	όμηρο	noun	accusative singular of όμηρος (ómiros)
5042	απεργία	noun	strike (industrial dispute)
5043	συνομιλία	noun	dialogue, conversation, exchange of views
5044	διάσωση	noun	rescue
5045	δέχτηκα	verb	first-person singular simple past of δέχομαι (déchomai)
5046	πεζοδρόμιο	noun	footpath, footway, pavement
5047	όφελος	noun	profit; benefit
5048	λάστιχα	noun	nominative plural of λάστιχο (lásticho)
5049	ξεκίνημα	noun	start, outset
5050	εκπαίδευσης	noun	genitive singular of εκπαίδευση (ekpaídefsi)
5051	γείτονα	noun	genitive/accusative/vocative singular of γείτονας (geítonas)
5052	δράκος	noun	dragon (legendary serpentine or reptilian creature)
5053	παιχνιδάκι	noun	child's play, piece of cake
5054	συνδυασμός	noun	combination; combination of numbers for vault, safe or other locked object
5055	πιάσετε	verb	second-person plural perfective imperative of πιάνω (piáno)
5056	τοίχος	noun	wall (side or division in a building)
5057	αριζόνα	name	Arizona (a state in the southwestern United States, established 1912)
5058	χωράφι	noun	field
5059	εγκληματία	noun	genitive/accusative/vocative singular of εγκληματίας (egklimatías)
5060	κρίσης	noun	genitive singular of κρίση (krísi)
5061	βρικόλακας	noun	vampire; unpleasant reminder, unpleasant remnant (of the past)
5062	αναγκαίο	adj	accusative masculine singular of αναγκαίος (anagkaíos)
5063	λίπος	noun	fat, tallow
5064	κουμπιά	noun	nominative/accusative/vocative plural of κουμπί (koumpí)
5065	ατυχήματα	noun	nominative plural of ατύχημα (atýchima)
5066	ξενοδοχεία	noun	nominative/accusative/vocative plural of ξενοδοχείο (xenodocheío)
5067	φθινόπωρο	noun	autumn (UK & US), fall (US) (third of the four seasons, between summer and winter)
5068	ευαίσθητη	adj	nominative feminine singular of ευαίσθητος (evaísthitos)
5069	φρούριο	noun	fortress, stronghold (a fortified place; a place built to withstand attack)
5070	ξόδεψα	verb	first-person singular simple past of ξοδεύω (xodévo)
5071	γεμίζει	verb	third-person singular present of γεμίζω (gemízo)
5072	κόβεις	verb	"second-person singular present of κόβω (kóvo) ""you cut"""
5073	κενά	noun	nominative plural of κενό (kenó)
5074	διάνοια	noun	intellect (the faculty of thinking; the cognitive faculty)
5075	κύπελλο	noun	cup, bowl; goblet (drinking vessel)
5076	χορεύτρια	noun	dancer; stripper
5077	επιθυμώ	verb	to desire, want, wish
5078	σωματική	adj	feminine nominative/accusative/vocative singular of σωματικός (somatikós)
5079	ψηφοφορία	noun	vote, voting procedure
5080	καράβι	noun	ship, boat, sailing ship
5081	αμερικανούς	noun	accusative plural of Αμερικανός (Amerikanós)
5082	δίαιτα	noun	diet, as in the food eaten or in the description of low-calorie foods
5083	ακτινοβολία	noun	radiation (electromagnetic of particle emission)
5084	καραμπίνα	noun	carbine, rifle; shotgun
5085	λεπτή	adj	nominative feminine singular of λεπτός (leptós)
5086	ταβάνι	noun	ceiling
5087	όψη	noun	appearance, look, aspect
5088	ουλή	noun	scar
5089	φόνοι	noun	nominative/vocative plural of φόνος (fónos)
5090	γλώσσες	noun	nominative plural of γλώσσα (glóssa)
5091	αίματα	noun	nominative/accusative/vocative plural of αίμα (aíma)
5092	σωματικά	adj	neuter nominative/accusative/vocative plural of σωματικός (somatikós)
5093	τυφλά	adj	nominative/accusative/vocative neuter plural of τυφλός (tyflós)
5094	πυρηνική	adj	nominative feminine singular of πυρηνικός (pyrinikós)
5095	μπούρδες	noun	nominative, accusative and vocative plural of μπούρδας (boúrdas)
5096	τραυματίες	noun	nominative/accusative/vocative plural of τραυματίας (travmatías)
5097	ρίχνω	verb	to drop (anchor)
5098	αμερικανικό	adj	accusative masculine singular of αμερικανικός (amerikanikós)
5099	χτυπήσουν	verb	third-person plural dependent of χτυπάω (chtypáo)
5100	ανήσυχος	adj	worried, anxious, uneasy, concerned
5101	βενζινάδικο	noun	gas station, filling station, petrol station, garage (where cars, etc are refuelled)
5102	καλαμπόκι	noun	corn, maize (the plant, the cob or the grain)
5103	γιορτάζουμε	verb	first-person plural present of γιορτάζω (giortázo)
5104	αλεπού	noun	fox; cunning or sly person
5105	πλούσιους	adj	accusative masculine plural of πλούσιος (ploúsios)
5106	παμπ	noun	pub.
5107	έπινε	verb	third-person singular imperfect of πίνω (píno)
5108	πούστη	noun	genitive singular of πούστης (poústis)
5109	ενοίκιο	noun	rent (payment for accommodation)
5110	αποζημίωση	noun	compensation
5111	παλιούς	adj	accusative masculine plural of παλιός (paliós)
5112	καλού	adj	masculine/neuter genitive singular of καλός (kalós)
5113	προγράμματα	noun	nominative plural of πρόγραμμα (prógramma)
5114	κατηγορούμενος	noun	accused, defendant, charged
5115	υπουργέ	noun	vocative singular of υπουργός (ypourgós)
5116	πρότυπο	noun	template, model, pattern (used for later copies)
5117	πάπα	noun	genitive/accusative/vocative singular of πάπας (pápas)
5118	φιγούρα	noun	figure (shape of a human body)
5119	πωλητής	noun	seller, vendor; salesman, shopworker, shop assistant
5120	αυτόματο	noun	automatic weapon, machine gun
5121	χάμπουργκερ	noun	hamburger
5122	συμφωνίας	noun	genitive singular of συμφωνία (symfonía)
5123	υπουργό	noun	accusative singular of υπουργός (ypourgós)
5124	συμπεριλαμβανομένου	verb	masculine/neuter genitive singular of συμπεριλαμβανόμενος (symperilamvanómenos)
5125	λογικός	adj	logical, rational
5126	εξέγερση	noun	insurrection, uprising, rebellion
5127	κλίμακα	noun	scale, mode; scale
5128	ξυπνάω	verb	to awake, wake up
5129	εξωγήινους	adj	accusative masculine plural of εξωγήινος (exogíinos)
5130	αυτοάμυνα	noun	self-defence (UK), self-defense (US)
5131	ελαφρά	adv	lightly; quietly
5132	τελευταίας	adj	genitive feminine singular of τελευταίος (teleftaíos)
5133	μάζα	noun	mass (quantity of matter cohering together to make one body)
5134	φτωχοί	adj	nominative/vocative masculine plural of φτωχός (ftochós)
5135	απολαμβάνω	verb	to enjoy
5136	ευγενής	adj	polite; noble, aristocratic
5137	παρατάω	verb	to abandon, desert, give up, (figurative) walk away (from)
5138	σύντροφοι	noun	nominative/vocative plural of σύντροφος (sýntrofos)
5139	καιροί	noun	nominative/vocative plural of καιρός (kairós)
5140	χορεύουν	verb	"third-person plural present of χορεύω (chorévo): ""They dance"""
5141	γείτονας	noun	neighbour (UK), neighbor (US)
5142	μακαρόνια	noun	nominative/accusative/vocative plural of μακαρόνι (makaróni)
5143	αντίδοτο	noun	antidote, antidrug
5144	ζήσετε	verb	second-person plural dependent of ζω (zo)
5145	ψυχής	noun	genitive singular of ψυχή (psychí)
5146	ναυτία	noun	nausea, seasickness, motion sickness
5147	πολιτειών	noun	genitive plural of πολιτεία (politeía)
5148	αληθινοί	adj	nominative masculine plural of αληθινός (alithinós), (true).
5149	περιθώριο	noun	margin; margin (the edge or border of any flat surface)
5150	ιατρικής	adj	genitive feminine singular of ιατρικός (iatrikós)
5151	αρχίδι	noun	ball, bollock, nut, nad (the testicle)
5152	διαμερίσματα	noun	nominative/accusative/vocative plural of διαμέρισμα (diamérisma)
5153	ηγέτες	noun	nominative/accusative/vocative plural of ηγέτης (igétis)
5154	προσγείωση	noun	landing; coming down to earth
5155	αγγίζει	verb	third-person singular present of αγγίζω (angízo)
5156	αεροσκάφος	noun	aircraft, aeroplane, plane
5157	κατοικία	noun	habitation; residence, home
5158	πανεπιστημίου	noun	genitive singular of πανεπιστήμιο (panepistímio)
5159	περπάτημα	noun	walking; walk (a manner of walking; a person's style of walking)
5160	ιάπωνες	noun	nominative plural of Ιάπωνας (Iáponas)
5161	μήνας	noun	month
5162	ηγέτη	noun	genitive/accusative/vocative singular of ηγέτης (igétis)
5163	τμήματα	noun	nominative/accusative/vocative plural of τμήμα (tmíma)
5164	σχέσης	noun	genitive singular of σχέση (schési)
5165	ατόμων	noun	genitive plural of άτομο (átomo)
5166	νυχτερινή	adj	nominative feminine singular of νυχτερινός (nychterinós)
5167	χόρεψε	verb	third-person singular simple past of χορεύω (chorévo)
5168	φιλικό	noun	friendly match or game
5169	εβραίους	noun	accusative plural of Εβραίος (Evraíos)
5170	κοπεί	verb	passive nonfinite form of κόβω (kóvo)
5171	δημοτικού	adj	genitive masculine/neuter singular of δημοτικός (dimotikós)
5172	φρέσκα	adj	nominative/accusative/vocative neuter plural of φρέσκος (fréskos)
5173	άρθρα	noun	nominative plural of άρθρο (árthro)
5174	σπουδές	noun	nominative plural of σπουδή (spoudí) (studies)
5175	τουρίστες	noun	nominative/accusative/vocative plural of τουρίστας (tourístas)
5176	σκαλιά	noun	nominative/accusative/vocative plural of σκαλί (skalí)
5177	δηλώσεις	noun	nominative/accusative/vocative plural of δήλωση (dílosi)
5178	φτιαγμένος	verb	passive perfect participle of φτιάχνω (ftiáchno)
5179	κουζίνας	noun	genitive singular of κουζίνα (kouzína)
5180	ηλίου	noun	genitive singular of ήλιο n (ílio)
5181	ξαδέρφη	noun	cousin (female)
5182	αρκούδες	noun	nominative/accusative/vocative plural of αρκούδα (arkoúda)
5183	ζώνες	noun	nominative plural of ζώνη (zóni)
5184	δημοσιογράφοι	noun	nominative/vocative plural of δημοσιογράφος (dimosiográfos)
5185	οξυγόνου	noun	genitive singular of οξυγόνο (oxygóno)
5186	γρίπη	noun	influenza, flu, 'flu
5187	ευαίσθητο	adj	accusative masculine singular of ευαίσθητος (evaísthitos)
5188	ειρωνεία	noun	irony
5189	νυφικό	noun	wedding dress, bridal gown
5190	άμυνας	noun	genitive singular of άμυνα (ámyna)
5191	προοπτική	noun	perspective; prospect (the potential things that may come to pass, often favorable)
5192	κάρο	noun	a cart; truck with four wheels
5193	πυρκαγιά	noun	conflagration, fire (large and destructive - of building etc)
5194	αγοράζω	verb	to buy, to purchase
5195	δεκανέα	noun	genitive/accusative/vocative singular of δεκανέας (dekanéas)
5196	παζλ	noun	puzzle; jigsaw puzzle
5197	απεγνωσμένα	adj	nominative/accusative/vocative neuter plural of απεγνωσμένος (apegnosménos)
5198	χαρακτήρες	noun	nominative/accusative/vocative plural of χαρακτήρας (charaktíras)
5199	ανιχνευτές	noun	nominative plural of ανιχνευτής (anichneftís)
5200	μπαλκόνι	noun	balcony
5201	τσίχλα	noun	thrush; especially Turdus philomelos: song thrush
5202	μπαταρίες	noun	nominative plural of μπαταρία (bataría)
5203	τόσος	pron	so, so much, such
5204	τρελές	adj	nominative feminine plural of τρελός (trelós)
5205	μήτρα	noun	womb; matrix
5206	αγρότες	noun	nominative/accusative/vocative plural of αγρότης (agrótis)
5207	αναθεματισμένο	verb	accusative masculine singular of αναθεματισμένος (anathematisménos)
5208	εκείνου	pron	genitive masculine singular of εκείνος (ekeínos)
5209	ρόπαλο	noun	bat, club, truncheon
5210	φώναξα	verb	first-person singular simple past of φωνάζω (fonázo)
5211	ασήμαντο	adj	accusative masculine singular of ασήμαντος (asímantos)
5212	βιτρίνα	noun	shop window; showcase, display cabinet, window dressing
5213	παλιοί	adj	nominative masculine plural of παλιός (paliós)
5214	κυκλοφορία	noun	circulation; traffic
5215	αγχωμένος	verb	stressed
5216	αυτόματα	adv	automatically
5217	ματς	noun	match (usually football match)
5218	ενθουσιασμό	noun	accusative singular of ενθουσιασμός (enthousiasmós)
5219	οίκος	noun	settlement, tent, temple, dwelling, home
5220	κατέστρεψα	verb	first-person singular simple past of καταστρέφω (katastréfo)
5221	καθηγητές	noun	nominative/accusative/vocative plural of καθηγητής (kathigitís)
5222	αξιωματικοί	adj	nominative/vocative masculine plural of αξιωματικός (axiomatikós)
5223	χημεία	noun	chemistry; chemistry (mutual attraction between two people)
5224	τρομοκράτης	noun	terrorist
5225	χειρουργική	noun	surgery
5226	κούρεμα	noun	haircut; shearing
5227	μορφές	noun	nominative/accusative/vocative plural of μορφή (morfí)
5228	νεκρού	adj	genitive masculine singular of νεκρός (nekrós)
5229	εμπόρευμα	noun	merchandise, commodities, wares
5230	γυναικείο	adj	accusative masculine singular of γυναικείος (gynaikeíos)
5231	νοσοκόμες	noun	nominative plural of νοσοκόμα (nosokóma)
5232	τραπεζαρία	noun	dining room; dining table
5233	κινδύνους	noun	accusative plural of κίνδυνος (kíndynos)
5234	διαμάχη	noun	conflict, dispute, strife, controversy
5235	ζητήματα	noun	nominative/accusative/vocative plural of ζήτημα (zítima)
5236	ανησυχίες	noun	nominative/accusative/vocative plural of ανησυχία (anisychía)
5237	βαρέλι	noun	barrel for storage
5238	δημητριακά	noun	cereal (a member of that class of grains)
5239	κόλλησα	verb	"first-person singular simple past of κολλάω (kolláo) and κολλώ (kolló) ""I glued"""
5240	λυπημένος	verb	sorrowful, sad, melancholy
5241	λευκούς	adj	accusative masculine plural of λευκός (lefkós)
5242	μπόνους	noun	bonus (extra amount of money given as a premium)
5243	φέρθηκα	verb	first-person singular simple past of φέρομαι (féromai)
5244	κλίμα	noun	climate; atmosphere, mood
5245	ξεκινάω	verb	to start out, start off, set off, pull away
5246	εκ.	num	abbreviation of εκατομμύριο (ekatommýrio): one million
5247	διαγωνισμός	noun	competition; competitive examination
5248	βρετανία	name	Britain
5249	υποστεί	verb	passive nonfinite form of υφίσταμαι (yfístamai)
5250	αμερικάνος	noun	American (a person, usually male, of or from the USA or the Americas)
5251	ποδιών	noun	genitive plural of πόδι (pódi)
5252	αισθάνθηκα	verb	first-person singular simple past of αισθάνομαι (aisthánomai)
5253	επέλεξα	verb	first-person singular simple past of επιλέγω (epilégo)
5254	ευχαριστιών	noun	genitive plural of ευχαριστία (efcharistía)
5255	ινστιτούτο	noun	institute
5256	δήλωσε	verb	third-person singular simple past of δηλώνω (dilóno)
5257	κτήμα	noun	property, real estate, plot (of land)
5258	ορφανοτροφείο	noun	orphanage
5259	φτερό	noun	wing; feather
5260	αλλάχ	name	Allah (God, in Islamic contexts)
5261	θυρίδα	noun	hatch, window, opening (for counter clerk, bank teller, etc)
5262	δίσκος	noun	record, disc or disk.
5263	καιρούς	noun	accusative plural of καιρός (kairós)
5264	ρόμπα	noun	dressing gown; robe, gown
5265	σχολής	noun	genitive singular of σχολή (scholí)
5266	ανα	noun	ESE, initialism of ανατολικά-νοτιοανατολικά (anatoliká-notioanatoliká, “east-southeast”)
5267	οδού	noun	genitive singular of οδός (odós)
5268	βρεθούν	verb	third-person plural dependent of βρίσκομαι (vrískomai)
5269	μαριχουάνα	noun	marijuana
5270	θηρίο	noun	wild animal, beast
5271	ανθρωποκτονιών	noun	genitive plural of ανθρωποκτονία (anthropoktonía)
5272	παρηγοριά	noun	consolation, solace, comfort
5273	άδειες	noun	nominative plural of άδεια (ádeia)
5274	δυναμικό	noun	potential; resources
5275	ονειρεύτηκα	verb	first-person singular simple past of ονειρεύομαι (oneirévomai)
5276	λοχαγό	noun	accusative singular of λοχαγός (lochagós)
5277	λαμβάνει	verb	third-person singular present active indicative of λαμβάνω (lamváno)
5278	θετικά	adj	nominative/accusative/vocative neuter plural of θετικός (thetikós)
5279	έκτακτη	adj	nominative/accusative/vocative feminine singular of έκτακτος (éktaktos)
5280	κέντρα	noun	nominative plural of κέντρο (kéntro)
5281	εγγόνια	noun	nominative plural of εγγόνι (engóni)
5282	θυμός	noun	anger, rage
5283	τραπέζια	noun	nominative/accusative/vocative plural of τραπέζι (trapézi, “table”)
5284	οπαδός	noun	supporter, follower, fan, devotee, (of political party, sports, etc)
5285	πάγου	noun	genitive singular of πάγος (págos)
5286	χεριού	noun	genitive singular of χέρι (chéri)
5287	αερίου	noun	genitive singular of αέριο (aério)
5288	λογισμικό	noun	software
5289	απέτυχα	verb	first-person singular simple past of αποτυχαίνω (apotychaíno)
5290	ελβετία	name	Switzerland (a country in Western Europe and Central Europe)
5291	δικής	pron	genitive feminine singular of δικός (dikós)
5292	ψευδώνυμο	noun	pseudonym (fictitious name)
5293	ουράνιο	noun	uranium
5294	ακτίνες	noun	nominative plural of ακτίνα (aktína)
5295	διαφωνία	noun	disagreement, dispute, dissent, clash
5296	αλήτες	noun	nominative/accusative/vocative plural of αλήτης (alítis)
5297	παραμείνω	verb	first-person singular dependent of παραμένω (paraméno)
5298	σκλάβος	noun	slave
5299	κλείνουν	verb	"third-person plural present of κλείνω (kleíno): ""they close"""
5300	τεκίλα	noun	tequila
5301	δημαρχείο	noun	town hall, city hall
5302	άκρως	adv	extremely
5303	κουνέλι	noun	rabbit
5304	ψαλίδι	noun	scissors; shears
5305	γαμιόλη	noun	genitive singular of γαμιόλης (gamiólis)
5306	απελπισμένος	verb	in despair, despairing, desperate
5307	κραυγές	noun	nominative/accusative/vocative plural of κραυγή (kravgí)
5308	διαπραγματεύσεις	noun	nominative/accusative/vocative plural of διαπραγμάτευση (diapragmátefsi)
5309	ερωτικό	adj	accusative masculine singular of ερωτικός (erotikós)
5310	καπνίζω	verb	to smoke; to smoke (food)
5311	αδελφής	noun	genitive singular of αδελφή (adelfí)
5312	πρωινή	adj	nominative/accusative/vocative feminine singular of πρωινός (proïnós)
5313	οχάιο	name	Ohio (a state of the United States)
5314	μέταλλο	noun	metal
5315	φορέματα	noun	nominative/accusative/vocative plural of φόρεμα (fórema)
5316	πύργος	noun	tower; rook
5317	χαρακτηριστικό	adj	accusative masculine singular of χαρακτηριστικός (charaktiristikós)
5318	εξοπλισμός	noun	equipment; equipment, arms
5319	δέλτα	noun	river delta
5320	παπάς	noun	A term of address or Honorific for an Eastern Orthodox or Roman Catholic priest.
5321	πέφτω	verb	to fall, fall off, drop
5322	ιουνίου	name	genitive singular of Ιούνιος (Ioúnios)
5323	ανώτερο	adj	accusative masculine singular of ανώτερος (anóteros)
5324	γκάζι	noun	gas; accelerator
5325	κρατούμενος	verb	passive perfect participle of κρατάω (kratáo) and κρατώ (krató): held; detained
5326	μαθήτρια	noun	pupil, student, schoolgirl
5327	καθάρισμα	noun	cleaning, scouring, cleaning up
5328	δέσμευση	noun	binding; commitment (the act or an instance of committing, putting in charge, keeping, or trust)
5329	καθαρίζω	verb	to clean, to wash
5330	αυθεντικό	adj	accusative masculine singular of αυθεντικός (afthentikós)
5331	πνεύματος	noun	genitive singular of πνεύμα (pnévma)
5332	φιλοσοφία	noun	philosophy (science and belief system)
5333	πληροφοριοδότης	noun	informer, informant
5334	πάτησα	verb	first-person singular simple past of πατάω (patáo) and πατώ (pató)
5335	διαθέσιμη	adj	nominative feminine singular of διαθέσιμος (diathésimos)
5336	τέλους	noun	genitive singular of τέλος (télos)
5337	κραυγή	noun	scream, shout, yell
5338	παπά	noun	genitive/accusative/vocative singular of παπάς (papás)
5339	ιερή	adj	nominative feminine singular of ιερός (ierós)
5340	συνεπώς	adv	consistently; consequently, as a consequence, accordingly
5341	άλμπερτ	name	a transliteration of the English male given name Albert
5342	προφητεία	noun	prophecy, prediction
5343	εγγονή	noun	granddaughter
5344	πυροτεχνήματα	noun	nominative plural of πυροτέχνημα (pyrotéchnima)
5345	ένοχο	adj	accusative masculine singular of ένοχος (énochos)
5346	δύσκολος	adj	difficult, hard, tough, arduous (not easy, requiring much effort)
5347	πρωτοβουλία	noun	initiative
5348	θεωρητικά	adj	neuter nominative/accusative/vocative plural of θεωρητικός (theoritikós)
5349	πράματα	noun	nominative/accusative/vocative plural of πράμα (práma)
5350	εθελοντές	noun	nominative/accusative/vocative plural of εθελοντής (ethelontís)
5351	χέστηκα	verb	first-person singular simple past of χέζομαι (chézomai)
5352	εκτόξευση	noun	launching, launch (the act by which something is launched)
5353	ατυχία	noun	misfortune, bad luck, ill-fortune, adversity
5354	κόσμους	noun	accusative plural of κόσμος (kósmos)
5355	χαμπάρι	noun	news (new information of interest)
5356	παίζοντας	verb	present participle of παίζω (paízo)
5357	χαλασμένο	verb	accusative masculine singular of χαλασμένος (chalasménos)
5358	άγνωστος	adj	unknown, strange
5359	λαβή	noun	handle; hilt
5360	τζάμι	noun	window glass, glazing
5361	πνίγηκε	verb	third-person singular simple past of πνίγομαι (pnígomai), the passive of πνίγω (pnígo)
5362	ηλιοβασίλεμα	noun	sunset
5363	τούτο	pron	accusative masculine singular of τούτος (toútos)
5364	2η	num	abbreviation for δεύτερη, second (the ordinal number)
5365	ενημερώσεις	noun	nominative/accusative/vocative plural of ενημέρωση (enimérosi)
5366	ενδεχόμενο	adj	accusative masculine singular
5367	ανιχνευτή	noun	genitive singular of ανιχνευτής (anichneftís)
5368	παντρεύομαι	verb	to marry, wed (to take a husband or wife)
5369	πυροβολισμός	noun	shot, gunshot; gunfire
5370	απόλαυση	noun	pleasure, enjoyment, delight
5371	φτωχούς	adj	accusative masculine plural of φτωχός (ftochós)
5372	άστρα	noun	nominative/accusative/vocative plural of άστρο (ástro)
5373	στεριά	noun	land (part of Earth which is not covered by oceans or other bodies of water)
5374	νόμοι	noun	nominative/vocative plural of νόμος (nómos)
5375	αδύνατη	adj	feminine nominative singular of αδύνατος (adýnatos)
5376	μακιγιάζ	noun	makeup, cosmetics
5377	γεύματα	noun	nominative/accusative/vocative plural of γεύμα (gévma)
5378	πιθανά	adj	nominative neuter plural of πιθανός (pithanós)
5379	επιστάτης	noun	foreman, chargehand
5380	αξίες	noun	nominative plural of αξία (axía)
5381	απογοήτευσα	verb	first-person singular simple past of απογοητεύω (apogoïtévo)
5382	ηθοποιό	noun	accusative singular of ηθοποιός (ithopoiós)
5383	βεβαιώσου	verb	second-person singular perfective imperative of βεβαιώνομαι (vevaiónomai)
5384	εξάμηνο	adj	accusative masculine singular of εξάμηνος (exáminos)
5385	διακόπτη	noun	genitive/accusative/vocative singular of διακόπτης (diakóptis)
5386	προετοιμασία	noun	preparation beforehand (the act of getting ready)
5387	συμφώνησα	verb	first-person singular simple past of συμφωνώ (symfonó)
5388	διόρθωση	noun	correction, proof-reading
5389	βαθμοί	noun	nominative/vocative plural of βαθμός (vathmós)
5390	πολιτικός	adj	political, civic, civilian
5391	παραδόσεις	noun	nominative/accusative/vocative plural of παράδοση (parádosi)
5392	ρωτούσα	verb	first-person singular imperfect of ρωτάω (rotáo) and ρωτώ (rotó)
5393	φοιτητής	noun	undergraduate, university student
5394	μέθοδος	noun	method, system; fashion
5395	πιστή	noun	believer (usually in the plural)
5396	αλυσίδες	noun	nominative plural of αλυσίδα (alysída)
5397	καρύδια	noun	nominative plural of καρύδι (karýdi)
5398	όλου	adj	genitive masculine/neuter singular of όλος (ólos)
5399	ανάπαυση	noun	rest, sleep; dead
5400	κουτάβι	noun	puppy
5401	ανιψιός	noun	nephew
5402	δεμένος	verb	tied
5403	προσφορές	noun	nominative/accusative/vocative plural of προσφορά (prosforá)
5404	ξεπέρασε	verb	third-person singular simple past of ξεπερνάω (xepernáo) and ξεπερνώ (xepernó)
5405	ψευδαίσθηση	noun	illusion, hallucination
5406	τούτου	pron	genitive masculine/neuter singular of τούτος (toútos)
5407	έκαψε	verb	third-person singular simple past of καίω (kaío)
5408	κλασικό	adj	accusative masculine singular of κλασικός (klasikós)
5409	γόνατο	noun	knee
5410	μελάνι	noun	ink; ink (sepia coloured ink from cuttlefish)
5411	υποχρεώσεις	noun	nominative plural of υποχρέωση (ypochréosi)
5412	επαναστάτες	noun	nominative/accusative/vocative plural of επαναστάτης (epanastátis)
5413	πανοπλία	noun	armour, armor (tanks, etc)
5414	εγκυμοσύνη	noun	pregnancy
5415	περίπατο	noun	accusative singular of περίπατος (perípatos)
5416	αντίληψη	noun	perception, understanding, realisation
5417	αέρια	noun	nominative/accusative/vocative plural of αέριο (aério, “gases”)
5418	απολαύσεις	noun	nominative/accusative/vocative plural of απόλαυση (apólafsi)
5419	απίστευτος	adj	incredible, unbelievable
5420	όροφος	noun	floor, storey, tier
5421	μεθαύριο	adv	day after tomorrow
5422	χρησιμοποίησαν	verb	third-person plural simple past of χρησιμοποιώ (chrisimopoió)
5423	διπλανό	adj	accusative masculine singular of διπλανός (diplanós)
5424	συμμετέχω	verb	to participate, take part
5425	σκέψης	noun	genitive singular of σκέψη (sképsi)
5426	παραδώσεις	verb	second-person singular dependent active of παραδίδω (paradído)
5427	δυστύχημα	noun	very serious and tragic accident
5428	φωνής	noun	genitive singular of φωνή (foní)
5429	εστιατόρια	noun	nominative/accusative/vocative plural of εστιατόριο (estiatório)
5430	ανίκανος	adj	incapable, incompetent, inept
5431	στρατιωτικός	adj	military (describing members of the armed forces)
5432	χειρονομία	noun	gesture, gesticulation
5433	πιστοί	adj	Adjective form of πιστός
5434	απάτσι	noun	Apache
5435	γέννηση	noun	birth; start, inauguration
5436	κουβά	noun	genitive/accusative/vocative singular of κουβάς (kouvás)
5437	κατεβαίνω	verb	to descend, go down
5438	ύπνου	noun	genitive singular of Ύπνος (Ýpnos)
5439	πόρτας	noun	genitive singular of πόρτα (pórta)
5440	ορχήστρα	noun	orchestra, band
5441	περούκα	noun	wig, peruke
5442	αλτ	intj	halt, stop, don't move (order to stop moving)
5443	πολυτέλεια	noun	luxury, indulgence
5444	μυστήρια	noun	nominative plural of μυστήριο (mystírio)
5445	γάλλος	noun	Frenchman; French (as an adjective describing a person)
5446	πολύπλοκο	adj	accusative masculine singular of πολύπλοκος (polýplokos)
5447	αναστάτωση	noun	confusion, turmoil, upset, agitation, chaos
5448	μπάρμπεκιου	noun	barbecue
5449	κόλασης	noun	genitive singular of κόλαση (kólasi)
5450	αστυνόμο	noun	accusative singular of αστυνόμος (astynómos)
5451	βασίζομαι	verb	passive of βασίζω (vasízo)
5452	νεκροψία	noun	necropsy, autopsy
5453	χάρτες	noun	nominative/accusative/vocative plural of χάρτης (chártis)
5454	τεράστιος	adj	huge, monstrous, enormous, immense, vast
5455	υπάλληλο	noun	accusative singular of υπάλληλος (ypállilos)
5456	ψήφο	noun	accusative singular of ψήφος (psífos)
5457	ανέβασε	verb	third-person singular simple past
5458	κλίνγκον	adj	Klingon
5459	εξαιρετικός	adj	excellent, fine, first-class; exceptional, unusual, great
5460	κένεντι	name	a transliteration of the English surname Kennedy
5461	ατόμου	noun	genitive singular of άτομο (átomo)
5462	κρυώνω	verb	to feel cold.
5463	περπατάω	verb	to walk, stroll
5464	ανθρώπινης	adj	genitive feminine singular of ανθρώπινος (anthrópinos)
5465	διεθνή	adj	nominative neuter plural of διεθνής (diethnís)
5466	συνοδός	noun	companion, chaperone
5467	βοήθησαν	verb	third-person plural simple past of βοηθώ (voïthó)
5468	κάποιας	pron	genitive feminine singular of κάποιος (kápoios)
5469	πανδοχείο	noun	inn, guesthouse
5470	φιλοδώρημα	noun	tip (money left for waiter, etc)
5471	αρχηγού	noun	genitive singular of αρχηγός (archigós)
5472	ψεύτικες	adj	nominative/accusative/vocative feminine plural of ψεύτικος (pséftikos)
5473	ύφασμα	noun	fabric, textile, cloth, material
5474	δούκας	noun	duke (male ruler of a duchy)
5475	ρεύματος	noun	genitive singular of ρεύμα (révma)
5476	εγκληματολογικό	adj	accusative masculine singular of εγκληματολογικός (egklimatologikós)
5477	τουφέκι	noun	rifle
5478	δία	name	genitive/accusative/vocative singular of Δίας (Días)
5479	άγγελοι	noun	nominative plural of άγγελος (ángelos)
5480	οικία	noun	home, residence
5481	τεχνικές	adj	nominative feminine plural of τεχνικός (technikós)
5482	όραση	noun	vision, sight, eyesight
5483	αποικία	noun	colony; a city-state founded away from Greece.
5484	αδίκημα	noun	offence (UK), offense (US) (unjust or illegal act)
5485	αγαπητοί	adj	nominative masculine plural of αγαπητός (agapitós)
5486	μαγιό	noun	A swimsuit, a swimming costume, swimming trunks.
5487	κινέζοι	noun	the Chinese (people)
5488	ικανοποίηση	noun	satisfaction, contentment, fulfilment, gratification
5489	βίαιος	adj	violent
5490	ρώσους	noun	accusative plural of Ρώσος (Rósos)
5491	τίμια	adj	feminine nominative/accusative/vocative singular
5492	απογοητευμένος	adj	disappointed; discouraged
5493	λυπημένη	verb	nominative/accusative/vocative feminine singular of λυπημένος (lypiménos)
5494	πλαίσιο	noun	frame, framework, casing (of construction, etc)
5495	ευχάριστα	adj	nominative/accusative/vocative neuter plural of ευχάριστος (efcháristos)
5496	γενιές	noun	nominative/accusative/vocative plural of γενιά (geniá)
5497	μοναχικός	adj	lonely; isolated
5498	άσχετο	adj	accusative masculine singular of άσχετος (áschetos)
5499	διάλεξη	noun	lecture
5500	απατεώνες	noun	nominative/accusative/vocative plural of απατεώνας (apateónas)
5501	συμπεράσματα	noun	nominative plural of συμπέρασμα (sympérasma)
5502	δράκο	noun	accusative singular of δράκος (drákos)
5503	αστυνομικού	adj	genitive masculine/neuter singular of αστυνομικός (astynomikós)
5504	μαζέψτε	verb	second-person plural perfective imperative of μαζεύω (mazévo)
5505	παραιτηθεί	verb	third-person singular dependent
5506	διασταύρωση	noun	hybridisation, crossbreeding (the act/process)
5507	οργανισμός	noun	organism (living thing)
5508	γέννα	noun	birth (process of childbearing)
5509	σαββατοκύριακα	noun	nominative/accusative/vocative plural of σαββατοκύριακο (savvatokýriako)
5510	φωτογράφος	noun	photographer
5511	μπερδεμένο	verb	accusative masculine singular of μπερδεμένος (berdeménos)
5512	μυστηριώδης	adj	mysterious
5513	χειροκρότημα	noun	applause
5514	γιλέκο	noun	waistcoat, vest
5515	αποδείχθηκε	verb	third-person singular simple past of αποδεικνύομαι
5516	άστον	contraction	alternative form of άσ’ τον (ás’ ton)
5517	σελήνη	name	Moon (the earth's orbiting satellite)
5518	νικητή	noun	genitive singular of νικητής (nikitís)
5519	μπανάνα	noun	banana
5520	ενήλικας	noun	adult
5521	εμπόδια	noun	nominative/accusative/vocative plural of εμπόδιο (empódio)
5522	έμπλεξε	verb	third-person singular simple past of μπλέκω (bléko)
5523	ανωμαλία	noun	anomaly; perversion
5524	αιδεσιμότατε	noun	vocative singular of αιδεσιμότατος (aidesimótatos)
5525	εξουσίας	noun	genitive singular of εξουσία (exousía)
5526	εντόπισα	verb	first-person singular simple past of εντοπίζω (entopízo)
5527	απότομα	adv	suddenly
5528	χελώνα	noun	turtle; tortoise
5529	οκτωβρίου	name	genitive singular of Οκτώβριος (Októvrios)
5530	μυθιστόρημα	noun	novel (work of prose fiction)
5531	επαγγελματικά	adj	neuter nominative/accusative/vocative plural of επαγγελματικός (epangelmatikós)
5532	κουλτούρα	noun	culture
5533	υπέροχες	adj	nominative feminine plural of υπέροχος (ypérochos)
5534	μανιτάρια	noun	nominative plural of μανιτάρι (manitári)
5535	ναρκωτικό	noun	narcotic; drug (affecting the central nervous system)
5536	αυτοψία	noun	postmortem, autopsy
5537	κεφαλιού	noun	genitive singular of κεφάλι (kefáli)
5538	παράγει	verb	third-person singular present active indicative of παράγω (parágo)
5539	φαντασίωση	noun	imagination; daydream
5540	μετρήσεις	noun	nominative/accusative/vocative plural of μέτρηση (métrisi)
5541	άδικα	adv	unfairly, unjustly, wrongly
5542	γάμους	noun	accusative plural of γάμος (gámos)
5543	χαρούμενα	adv	joyfully
5544	έδιναν	verb	third-person plural imperfect of δίνω (díno)
5545	έμφραγμα	noun	heart attack, myocardial infarction
5546	ήχους	noun	accusative plural of ήχος (íchos)
5547	κινητήρα	noun	genitive singular of κινητήρας (kinitíras)
5548	ανώτερη	adj	nominative/accusative/vocative feminine singular of ανώτερος (anóteros)
5549	βραβεία	noun	nominative/accusative/vocative plural of βραβείο (vraveío)
5550	υπόγεια	adj	nominative feminine singular of υπόγειος (ypógeios)
5551	βραζιλία	name	Brazil (a large Portuguese-speaking country in South America)
5552	πυρετός	noun	fever, pyrexia; frenzy, fever
5553	κείμενο	noun	text (written passage)
5554	καλλιτέχνη	noun	genitive singular of καλλιτέχνης (kallitéchnis)
5555	ικανοί	adj	nominative masculine plural of ικανός (ikanós)
5556	χοιρινό	noun	pork meat
5557	κόβω	verb	Ι cut, chop, divide, carve, slice (into parts)
5558	γκόμενο	noun	accusative singular of γκόμενος (gkómenos)
5559	ρούμι	noun	rum
5560	υπάλληλοι	noun	nominative/vocative plural of υπάλληλος (ypállilos)
5561	χάκερ	noun	hacker
5562	μπισκότο	noun	biscuit, cookie
5563	χαίρε	verb	second-person singular imperfective imperative of χαίρω (chaíro, “rejoice; be glad”)
5564	κλασική	adj	nominative feminine singular of κλασικός (klasikós)
5565	έδρα	noun	platform, dais (raised stage on which one can stand or sit in order to see everyone)
5566	απελευθέρωση	noun	liberation; deliverance
5567	μύγα	noun	fly, housefly (any insect of the order Diptera or Muscidae)
5568	σαγόνι	noun	jaw, chin
5569	γουλιά	noun	sip, mouthful; nip, snifter, dram (small glass of drink)
5570	έλειψα	verb	first-person singular simple past of λείπω (leípo)
5571	γραφή	noun	writing, script (written characters that express some meaning)
5572	σκούπα	noun	broom, brush; vacuum cleaner
5573	δόσεις	noun	nominative/accusative/vocative plural of δόση (dósi)
5574	πακιστάν	name	Pakistan (a country in South Asia)
5575	ήλθες	verb	second-person singular simple past of έρχομαι (érchomai)
5576	συζήτησης	noun	genitive singular of συζήτηση (syzítisi)
5577	αλί	intj	woe, alas
5578	αγοράς	noun	genitive singular of αγορά (agorá)
5579	φωτογραφική	adj	nominative feminine singular of φωτογραφικός (fotografikós)
5580	έπεισα	verb	first-person singular simple past of πείθω (peítho)
5581	στόχοι	noun	nominative/vocative plural of στόχος (stóchos)
5582	βράχια	noun	rocks, rocky coast
5583	συμβόλαια	noun	nominative/accusative/vocative plural of συμβόλαιο (symvólaio)
5584	αγρόκτημα	noun	farm; country cottage or property
5585	κήπος	noun	garden (especially one around a house)
5586	καλύψεις	noun	nominative/accusative/vocative plural of κάλυψη (kálypsi)
5587	ανώτατο	adj	accusative masculine singular of ανώτατος (anótatos)
5588	αγένεια	noun	discourtesy, rudeness, impoliteness
5589	περίπλοκη	adj	nominative feminine singular of περίπλοκος (períplokos)
5590	σμήναρχε	noun	vocative singular of σμήναρχος (smínarchos)
5591	ασήμι	noun	silver; silverware
5592	αμερικάνικη	adj	nominative/accusative/vocative feminine singular of αμερικάνικος (amerikánikos)
5593	οποίων	pron	genitive masculine/feminine/neuter plural of οποίος (opoíos)
5594	πι	noun	"Letter pi; Used in ""στο πι και φι"" meaning at the drop of a hat."
5595	συμπόνια	noun	compassion
5596	χώρια	adv	separately; besides, apart from
5597	αράχνη	noun	spider (predatory arthropod of the order Araneae)
5598	σύντροφος	noun	partner; companion, mate
5599	νεφρό	noun	kidney (body organ)
5600	στρατηγού	noun	genitive singular of στρατηγός (stratigós)
5601	εξαρχής	adv	originally, from the beginning
5602	έθνους	noun	genitive singular of έθνος (éthnos)
5603	κωμωδία	noun	comedy (play or film)
5604	ντροπιαστικό	adj	accusative masculine singular of ντροπιαστικός (ntropiastikós)
5605	σοφός	adj	wise
5606	βασανιστήρια	noun	violence
5607	εργαστήρια	noun	nominative/accusative/vocative plural of εργαστήρι (ergastíri)
5608	πολιτικές	adj	nominative/accusative/vocative feminine plural of πολιτικός (politikós)
5609	βίαιο	adj	accusative masculine singular of βίαιος (víaios)
5610	φαξ	noun	fax
5611	βίαια	adj	nominative/accusative/vocative neuter plural of βίαιος (víaios)
5612	αργεί	verb	third-person singular present of αργώ (argó)
5613	βεβαιωθείτε	verb	second-person plural dependent of βεβαιώνομαι (vevaiónomai)
5614	απαράδεκτο	adj	accusative masculine singular of απαράδεκτος (aparádektos)
5615	μεγέθους	noun	genitive singular of μέγεθος (mégethos)
5616	ρουτίνα	noun	routine
5617	κλείσιμο	noun	closing, closure (the act by which something is closed)
5618	κανόνι	noun	cannon
5619	ξεχωριστός	adj	separate, distinct
5620	επικίνδυνοι	adj	nominative masculine plural of επικίνδυνος (epikíndynos)
5621	λουκάνικα	noun	nominative/accusative/vocative plural of λουκάνικο (loukániko)
5622	κύκλωμα	noun	circuit; network
5623	πούρο	noun	cigar
5624	ειδοποίηση	noun	notification, notice, reminder
5625	δωρεά	noun	donation, gift; endowment
5626	κιβώτιο	noun	box, crate, case, container
5627	συνάδελφος	noun	colleague
5628	κούβα	name	Cuba (a country, the largest island (based on land area) in the Caribbean)
5629	ίδιους	adj	masculine accusative plural of ίδιος (ídios)
5630	ερευνών	noun	genitive plural of έρευνα (érevna)
5631	μουσικός	adj	musical, pertaining to music
5632	καπάκι	noun	lid, top, cap, closure (of container)
5633	ξεφορτωθεί	verb	third-person singular dependent passive
5634	διασυνδέσεις	noun	nominative/accusative/vocative plural of διασύνδεση (diasýndesi)
5635	βαγόνι	noun	carriage, wagon, goods wagon, freight car on a railway
5636	έγκυο	noun	accusative singular of έγκυος (égkyos)
5637	επαφής	noun	genitive singular of επαφή (epafí)
5638	μεταμόσχευση	noun	transplantation
5639	κουφός	adj	deaf
5640	εσωτερικών	adj	genitive masculine/feminine/neuter plural of εσωτερικός (esoterikós)
5641	εμπιστεύτηκα	verb	first-person singular simple past of εμπιστεύομαι (empistévomai)
5642	σκληροί	adj	masculine nominative/vocative plural of σκληρός (sklirós)
5643	μετακόμισα	verb	first-person singular simple past of μετακομίζω (metakomízo)
5644	κοιτάζουν	verb	third-person plural present of κοιτάζω (koitázo)
5645	λύκο	noun	accusative singular of λύκος (lýkos)
5646	μαγειρεύω	verb	to cook; to cook up
5647	τραγουδίστρια	noun	singer
5648	νι	noun	tick
5649	γενναιόδωρος	adj	generous
5650	εντατική	noun	ICU, intensive care unit
5651	κουβαλάω	verb	to carry; to bring along uninvited or irritating people
5652	βρέξει	verb	active nonfinite form of βρέχω (vrécho)
5653	ευπρόσδεκτος	adj	welcome (whose arrival is a cause of joy; received with gladness)
5654	ηλεκτρονικά	adj	nominative/accusative/vocative neuter plural of ηλεκτρονικός (ilektronikós)
5655	άλλης	pron	genitive feminine singular of άλλος (állos)
5656	τοστ	noun	toasted sandwich: toasted or grilled cheese sandwich
5657	σύντροφο	noun	accusative singular of σύντροφος (sýntrofos)
5658	αναγκάστηκα	verb	first-person singular simple past of αναγκάζομαι
5659	κιλό	noun	kilo (kilogram)
5660	ομορφιάς	noun	genitive singular of ομορφιά (omorfiá)
5661	παρατσούκλι	noun	nickname, sobriquet
5662	έπινα	verb	first-person singular imperfect of πίνω (píno)
5663	θανατηφόρο	adj	accusative masculine singular
5664	ενδεχομένως	adv	possibly, perhaps, conceivably, perchance, potentially
5665	κολοράντο	name	Colorado (a state in the western United States, the 38th state)
5666	τάφος	noun	grave, tomb
5667	επιλογής	noun	genitive singular of επιλογή (epilogí)
5668	παγωμένη	verb	nominative/accusative/vocative feminine singular of παγωμένος (pagoménos)
5669	κάταγμα	noun	fracture, break (bone injury)
5670	αντάρτες	noun	the andartes
5671	ψυχιατρική	noun	psychiatry
5672	θεών	noun	genitive plural of θεός (theós)
5673	αντιδράσεις	noun	nominative/accusative/vocative plural of αντίδραση (antídrasi)
5674	έτους	noun	genitive singular of έτος (étos)
5675	σκασμός	noun	suffocation or asphyxia caused by overindulgence, usually of food, chiefly in set phrases
5676	δικού	pron	genitive masculine singular of δικός (dikós)
5677	λεμόνι	noun	lemon (fruit); lemon yellow, lemon (colour)
5678	εδάφους	noun	genitive singular of έδαφος (édafos)
5679	κλικ	noun	click
5680	πτήσεις	noun	nominative/accusative/vocative plural of πτήση (ptísi)
5681	ταλέντα	noun	nominative/accusative/vocative plural of ταλέντο (talénto)
5682	κόλα	noun	sheet of paper
5683	συστάσεις	noun	nominative/accusative/vocative plural of σύσταση (sýstasi)
5684	ηθοποιοί	noun	nominative/vocative plural of ηθοποιός (ithopoiós)
5685	αναφέρουμε	verb	first-person plural present of αναφέρω (anaféro)
5686	υπογράψετε	verb	second-person plural dependent of υπογράφω (ypográfo)
5687	νεαρά	adj	nominative neuter plural of νεαρός (nearós)
5688	έμπλεξα	verb	first-person singular simple past of μπλέκω (bléko)
5689	λουκάνικο	noun	sausage; kit bag, duffel bag
5690	τίγρης	noun	male tiger
5691	πρώτους	adj	masculine accusative plural of πρώτος (prótos)
5692	πήδημα	noun	bound, leap, jump
5693	τέχνες	noun	nominative/accusative/vocative plural of τέχνη (téchni)
5694	μάρκος	name	Mark (Biblical character)
5695	εξωγήινο	adj	accusative masculine singular of εξωγήινος (exogíinos)
5696	ελλάδα	name	Greece (a country in Southeastern Europe)
5697	καημένε	adj	vocative masculine singular of καημένος (kaïménos)
5698	δημοκρατίας	noun	genitive singular of δημοκρατία (dimokratía)
5699	κλάμα	noun	crying, weeping, cry, weep (act of shedding tears)
5700	συνεργός	noun	coworker; working together
5701	φανάρι	noun	traffic lights; lantern, lamp, torch
5702	φυλές	noun	nominative plural of φυλή (fylí)
5703	μανία	noun	mania; rage, frenzy
5704	παράκαμψη	noun	detour, diversion, bypass
5705	ατσάλι	noun	steel; steel (of a heartless person)
5706	καιρού	noun	genitive singular of καιρός (kairós)
5707	αδερφούλα	noun	diminutive of αδερφή (aderfí, “sister”)
5708	όντας	verb	Present participle of είμαι (eímai): being
5709	έπαιρναν	verb	third-person plural imperfect of παίρνω (paírno)
5710	πολιτικής	adj	genitive feminine singular of πολιτικός (politikós)
5711	προδότες	noun	nominative plural of προδότης (prodótis)
5712	λ.	noun	abbreviation of λέξη (léxi): word
5713	πλύνω	verb	first-person singular dependent of πλένω (pléno)
5714	λύκοι	noun	nominative/vocative plural of λύκος (lýkos)
5715	ειδικοί	adj	nominative masculine plural of ειδικός (eidikós)
5716	λύσε	verb	second-person singular simple past active perfective imperative of λύνω (lýno)
5717	νεράιδα	noun	fairy, sprite
5718	θανάτους	noun	accusative plural of θάνατος (thánatos)
5719	χαζομάρες	noun	nominative/accusative/vocative plural of χαζομάρα (chazomára)
5720	όγκος	noun	bulk, volume, mass, heap, weight
5721	πλατφόρμα	noun	platform, podium
5722	θέσης	noun	genitive singular of θέση (thési)
5723	νεότερος	adj	comparative degree of νέος (néos), (younger)
5724	ανέκδοτο	noun	anecdote (a short, entertaining account of an incident)
5725	τείχη	noun	nominative/accusative/vocative plural of τείχος (teíchos)
5726	καθίσει	verb	third-person singular dependent
5727	γύρος	noun	round, perimeter, rim
5728	άφιξη	noun	arrival; in the plural αφίξεις (afíxeis): arrival gate (as of airport)
5729	κίνημα	noun	movement (grouping working towards a common aim)
5730	αγνή	adj	feminine nominative/accusative/vocative singular of αγνός (agnós)
5731	αρκουδάκι	noun	diminutive of αρκούδα (arkoúda)
5732	τροφίμων	noun	genitive plural of τρόφιμος (trófimos)
5733	δικαστήρια	noun	nominative/accusative/vocative plural of δικαστήριο (dikastírio)
5734	ιππότες	noun	nominative/accusative/vocative plural of ιππότης (ippótis)
5735	κρύβομαι	verb	passive of κρύβω (krývo)
5736	πρεμιέρα	noun	premiere, première
5737	σκλάβοι	noun	nominative plural of σκλάβος (sklávos)
5738	θεραπείας	noun	genitive singular of θεραπεία (therapeía)
5739	φόβους	noun	accusative plural of φόβος (fóvos)
5740	αρνητικά	adj	nominative/accusative/vocative neuter plural of αρνητικός (arnitikós)
5741	λυθεί	verb	passive nonfinite form of λύνω (lýno)
5742	νοημοσύνη	noun	intelligence as the capacity of mind
5743	αναψυκτικό	noun	soft drink (non-alcoholic, often fizzy)
5744	τέλη	noun	nominative plural of τέλος (télos)
5745	εξωγήινος	adj	extraterrestrial, alien
5746	κεφάλαια	noun	nominative plural of κεφάλαιο (kefálaio)
5747	δυτικό	adj	accusative masculine singular of δυτικός (dytikós)
5748	μαλλιών	noun	genitive plural of μαλλιά (malliá)
5749	πάπας	noun	pope (the bishop of Rome)
5750	μέτρηση	noun	counting; measurement
5751	θλιβερή	adj	nominative/accusative/vocative feminine singular of θλιβερός (thliverós)
5752	αυξάνεται	verb	third-person singular present indicative of αυξάνομαι
5753	λιγότερη	adj	nominative/accusative/vocative feminine singular of λιγότερος
5754	παρανοϊκός	adj	paranoid
5755	ύψη	noun	nominative plural of ύψος (ýpsos)
5756	κανονικός	adj	regular, usual; regular (as in regular verb)
5757	μόνιμα	adv	permanently
5758	μέγιστη	adj	nominative feminine singular of μέγιστος
5759	μισοί	adj	nominative masculine plural of μισός (misós)
5760	μαζεύω	verb	to collect, gather, get in, harvest
5761	ελέφαντα	noun	genitive singular of ελέφαντας (eléfantas)
5762	προθεσμία	noun	deadline
5763	συναλλαγή	noun	transaction, mutual exchange of material
5764	γενικός	adj	general, unspecific
5765	μορφίνη	noun	morphine
5766	αβραάμ	name	a male given name, Avraam, from Hebrew, equivalent to English Abraham
5767	ποιότητας	noun	genitive singular of ποιότητα (poiótita)
5768	προβολή	noun	projection, screening
5769	ανώτερος	adj	higher, upper (physical position)
5770	κολλημένος	verb	glued, stuck; with an idée fixe stuck in the mind
5771	διαθέσιμο	adj	accusative masculine singular of διαθέσιμος (diathésimos)
5772	γαρίδες	noun	nominative/accusative/vocative plural of γαρίδα (garída)
5773	πόνου	noun	genitive singular of πόνος (pónos)
5774	θείας	adj	genitive feminine singular of θείος (theíos)
5775	ανάβει	verb	third-person singular present of ανάβω (anávo)
5776	πρόοδος	noun	progress, moving forward
5777	άθλημα	noun	sport
5778	αρτηρία	noun	artery (blood vessel)
5779	οπλισμένος	verb	reinforced; armed
5780	πάνες	noun	nominative plural of πάνα (pána)
5781	μύγες	noun	nominative plural of μύγα (mýga)
5782	χαζά	adj	nominative neuter plural of χαζός (chazós)
5783	εξομολόγηση	noun	confession
5784	αρχιφύλακας	noun	a non-commissioned officer (a sergeant) in the police
5785	κούνια	noun	swing (usually children's playground apparatus)
5786	ρολόγια	noun	nominative/accusative/vocative plural of ρολόι (rolói)
5787	χτυπάω	verb	to strike, knock, hit, beat
5788	λοιπά	adj	neuter nominative/accusative/vocative plural of λοιπός (loipós)
5789	μαντεύω	verb	to prophesy, foretell, predict
5790	χειρουργός	noun	surgeon
5791	κρυμμένα	verb	nominative/accusative/vocative neuter plural of κρυμμένος (krymménos)
5792	βέλη	noun	nominative plural of βέλος (vélos)
5793	μαλακά	adv	gently
5794	γονιός	noun	parent, a term for a mother or a father
5795	σώπα	verb	oh, really?
5796	πανηγύρι	noun	saint's day, feast day
5797	αποτελεσματικό	adj	accusative masculine singular of αποτελεσματικός (apotelesmatikós)
5798	άσχημες	adj	nominative feminine plural of άσχημος (áschimos)
5799	αργή	adj	nominative feminine singular of αργός (argós)
5800	αυτοκινητόδρομο	noun	accusative singular of αυτοκινητόδρομος (aftokinitódromos)
5801	πλούτη	noun	nominative/accusative/vocative plural of πλούτος m (ploútos)
5802	παρενόχληση	noun	harassment, vexation, annoyance
5803	παρήγγειλα	verb	first-person singular simple past of παραγγέλλω (parangéllo)
5804	βίαιη	adj	nominative feminine singular of βίαιος (víaios)
5805	επιστήμης	noun	genitive singular of επιστήμη (epistími)
5806	μαντήλι	noun	handkerchief; small mantilla or headscarf
5807	γατούλα	noun	diminutive of γάτα (gáta, “cat”); kitty, pussycat
5808	σχεδιάζω	verb	to draw, design, plan
5809	καταραμένος	verb	damned, confounded, accursed, cursed
5810	αγέλη	noun	herd (of cows); flock (of sheep, goats)
5811	εγκαταλείψεις	verb	second-person singular dependent active of εγκαταλείπω (egkataleípo)
5812	ολομόναχος	adj	completely alone, isolated
5813	αξιολόγηση	noun	evaluation (the act of evaluating), appraisal
5814	συνέλαβε	verb	third-person singular simple past active of συλλαμβάνω (syllamváno)
5815	φόρο	noun	accusative singular of φόρος (fóros)
5816	γαμημένοι	verb	nominative/vocative masculine plural of γαμημένος (gamiménos)
5817	καλύπτω	verb	to cover, coat; to cover, provide covering fire
5818	συνοδό	noun	accusative singular of συνοδός (synodós)
5819	αρχαίο	adj	accusative masculine singular of αρχαίος (archaíos)
5820	οικονομικό	adj	accusative masculine singular of οικονομικός (oikonomikós)
5821	περιεχόμενο	noun	content (that which is contained)
5822	άνευ	prep	without (+ genitive)
5823	κόκαλο	noun	bone; shoehorn
5824	πρακτορείο	noun	bureau, agency
5825	πουτάνας	noun	genitive singular of πουτάνα (poutána)
5826	ομοφυλόφιλος	adj	homosexual, gay (attracted to the same sex)
5827	έκταση	noun	extent; extension
5828	προκαλώ	verb	to challenge; to provoke
5829	όλης	adj	genitive feminine singular of όλος (ólos)
5830	σπονδυλική	adj	nominative/accusative/vocative feminine singular of σπονδυλικός (spondylikós)
5831	φάλαινα	noun	whale; fat woman, landwhale
5832	κρίσεις	noun	nominative/accusative/vocative plural of κρίση (krísi)
5833	συνολικά	adj	nominative/accusative/vocative neuter plural of συνολικός (synolikós)
5834	ασθένειες	noun	nominative/accusative/vocative plural of ασθένεια (asthéneia)
5835	άρνηση	noun	refusal, rejection
5836	αρραβωνιαστικός	noun	fiancé, betrothed, intended
5837	ιερείς	noun	nominative/accusative/vocative plural of ιερέας (ieréas)
5838	στάχτη	noun	ash, ashes (of a fire)
5839	κότες	noun	nominative plural of κότα (kóta)
5840	βράχος	noun	rock, cliff; large stone
5841	δίκαια	adv	fairly, justly
5842	χώρου	noun	genitive singular of χώρος (chóros)
5843	σιωπηλός	adj	silent, quiet
5844	άγγιγμα	noun	touch (the effect or sensation produced)
5845	κυνηγάω	verb	to chase, hunt, pursue, follow
5846	αποτελούν	verb	third-person plural present of αποτελώ (apoteló)
5847	ψήφους	noun	accusative plural of ψήφος (psífos)
5848	κλείνουμε	verb	"first-person plural present of κλείνω (kleíno): ""we close"""
5849	πυροσβεστική	noun	fire brigade (UK), fire department (US)
5850	πυρηνικά	adj	nominative neuter plural of πυρηνικός (pyrinikós)
5851	φίλησα	verb	first-person singular simple past of φιλάω (filáo) and φιλώ (filó)
5852	σύνδεσμος	noun	conjunction; ligament
5853	κούκλος	noun	male doll; stud, hunk, Adonis (very handsome man)
5854	γεγονότων	noun	genitive plural of γεγονός (gegonós)
5855	ευχαριστήσεις	noun	nominative/accusative/vocative plural of ευχαρίστηση (efcharístisi)
5856	άνετος	adj	comfortable, spacious
5857	σήραγγα	noun	tunnel
5858	κόρα	noun	crust (of bread, etc)
5859	παρελθόντος	noun	genitive singular of παρελθόν (parelthón)
5860	σκοπούς	noun	accusative plural of σκοπός (skopós)
5861	απριλίου	name	genitive singular of Απρίλιος (Aprílios)
5862	λεωφορείου	noun	genitive singular of λεωφορείο (leoforeío)
5863	υπέστη	verb	third-person singular simple past of υφίσταμαι (yfístamai)
5864	φιλοξενία	noun	hospitality; accommodation
5865	ειδικών	adj	genitive masculine plural of ειδικός (eidikós)
5866	εντοπισμού	noun	genitive singular of εντοπισμός (entopismós)
5867	γνωστά	adj	neuter nominative/accusative/vocative plural of γνωστός (gnostós)
5868	γεράκι	noun	bird of prey, hawk, falcon, buzzard
5869	αυτόγραφο	noun	autograph (signed inscription)
5870	βαθιές	adj	nominative feminine plural of βαθύς (vathýs)
5871	βιολί	noun	violin
5872	δεκεμβρίου	name	genitive singular of Δεκέμβριος (Dekémvrios)
5873	ρώμης	name	genitive singular of Ρώμη (Rómi)
5874	δημιούργησα	verb	first-person singular simple past of δημιουργώ (dimiourgó)
5875	γερό	adj	accusative masculine singular of γερός (gerós)
5876	μεγαλύτερους	adj	accusative masculine plural of μεγαλύτερος
5877	εξυπνάδα	noun	intelligence, wit
5878	απάντησα	verb	first-person singular simple past of απαντάω (apantáo) and απαντώ (apantó)
5879	ιρλανδία	name	Ireland (a country in northwestern Europe)
5880	αξιωματικούς	adj	accusative masculine plural of αξιωματικός (axiomatikós)
5881	πάση	det	feminine dative singular of πας (pas)
5882	ιατρικές	adj	nominative feminine plural of ιατρικός (iatrikós)
5883	βεβαιωθούμε	verb	first-person plural dependent of βεβαιώνομαι (vevaiónomai)
5884	αγαπητό	adj	accusative masculine singular of αγαπητός (agapitós)
5885	άκρες	adj	nominative/accusative/vocative feminine plural of άκρος (ákros)
5886	ντόνατ	noun	doughnut/donut
5887	τοίχοι	noun	nominative plural of τοίχος (toíchos)
5888	αυγούστου	name	genitive singular of Αύγουστος (Ávgoustos)
5889	φύλο	noun	sex, gender; tribe
5890	ιδρώτα	noun	genitive/accusative/vocative singular of ιδρώτας (idrótas)
5891	ναύαρχε	noun	vocative singular of ναύαρχος (návarchos)
5892	σχέσεων	noun	genitive plural of σχέση (schési)
5893	τέχνασμα	noun	trick, artifice, ploy, ruse, subterfuge, wile (deceptive device or stratagem)
5894	εμβόλιο	noun	vaccine
5895	αντίπαλο	adj	accusative masculine singular of αντίπαλος (antípalos)
5896	αεροπορία	noun	aviation; air force
5897	ποιητής	noun	poet; maker: see the ancient ποιητής (poiētḗs)
5898	τόκιο	name	Tokyo (a prefecture, the capital city of Japan)
5899	μαγνητική	adj	nominative/accusative/vocative feminine singular of μαγνητικός (magnitikós)
5900	διαφθορά	noun	corruption, vice
5901	μωβ	adj	mauve, violet, purple
5902	έλξη	noun	attraction, pull (an attractive force which causes motion towards the source)
5903	ξωτικό	noun	elf, sprite, imp, pixie, gnome
5904	τεχνών	noun	genitive plural of τέχνη (téchni)
5905	βασιλιάδες	noun	nominative/accusative/vocative plural of βασιλιάς (vasiliás)
5906	εκπρόσωπος	noun	representative; representative (one who is taken as typical of a class)
5907	αγρότης	noun	farmer, countryman
5908	αγγελία	noun	announcement; advertisement (especially a small one)
5909	αεροπορική	adj	nominative/accusative/vocative feminine singular of αεροπορικός (aeroporikós)
5910	ανέκαθεν	adv	always, all along, from the beginning
5911	χαμό	noun	accusative singular of χαμός (chamós)
5912	σκέπτομαι	verb	formal or dated form of σκέφτομαι (skéftomai)
5913	βρετανοί	noun	nominative/vocative plural of Βρετανός (Vretanós)
5914	σανίδα	noun	plank; board (piece of wood)
5915	υποπλοίαρχε	noun	vocative singular of υποπλοίαρχος (ypoploíarchos)
5916	νιάτα	noun	youth (the quality or the time of being young)
5917	προφυλακτικό	noun	condom
5918	μπλοκάρει	verb	third-person singular present indicative active
5919	φέρομαι	verb	to behave; to be considered, to be reported
5920	βίλα	noun	villa
5921	σνακ	noun	a snack
5922	τίμιος	adj	honest, honourable, fair, decent
5923	μαρτίου	name	genitive singular of Μάρτιος (Mártios)
5924	μάγειρας	noun	cook, chef
5925	μικρής	adj	genitive feminine singular of μικρός (mikrós)
5926	δικαιωμάτων	noun	genitive plural of δικαίωμα (dikaíoma)
5927	διέξοδος	noun	exit, way out, outlet, thoroughfare
5928	τρόμο	noun	accusative singular of τρόμος (trómos)
5929	γερμανός	noun	German (native, citizen or inhabitant of Germany)
5930	ικανό	adj	accusative masculine singular of ικανός (ikanós)
5931	φίλης	noun	genitive singular of φίλη (fíli)
5932	ταξιδεύω	verb	to travel, sail
5933	νίκησα	verb	"first-person singular simple past of νικάω (nikáo) and νικώ (nikó): ""I won"""
5934	ληστής	noun	robber, thief, bandit, burglar (one who steals another person's property by force)
5935	δάσους	noun	genitive singular of δάσος (dásos)
5936	κολλητός	adj	stuck, glued; close together, adjoined
5937	προβάδισμα	noun	precedence, superiority, lead, priority
5938	εξελιχθεί	verb	third-person singular dependent passive
5939	σκούρα	adj	nominative/accusative/vocative feminine singular of σκούρος (skoúros)
5940	άξιος	adj	deserving, worthy
5941	συντρίμμια	noun	nominative/accusative/vocative plural of συντρίμμι (syntrímmi)
5942	ψυχολόγος	noun	psychologist (expert in the field of psychology)
5943	ψηλή	adj	nominative/accusative/vocative feminine singular of ψηλός (psilós)
5944	διδάσκω	verb	to teach
5945	ιππικό	adj	accusative masculine singular of ιππικός (ippikós)
5946	βράδι	noun	misspelling of βράδυ (vrády)
5947	σόλο	noun	solo (piece of music for one)
5948	άγριος	adj	undomesticated, untamed, feral, wild
5949	γαμπρό	noun	accusative singular of γαμπρός (gamprós)
5950	αστραπή	noun	lightning, lightning flash
5951	δημόσιες	adj	nominative feminine plural of δημόσιος (dimósios)
5952	κεφαλή	noun	synonym of κεφάλι (kefáli)
5953	μεταλλικό	adj	accusative masculine singular of μεταλλικός (metallikós)
5954	νοεμβρίου	name	genitive singular of Νοέμβριος (Noémvrios)
5955	πεταλούδα	noun	butterfly; butterfly stroke
5956	απαλό	adj	accusative masculine singular of απαλός (apalós)
5957	προσπαθούσαν	verb	third-person plural imperfect of προσπαθώ (prospathó)
5958	χαμπάρια	noun	nominative/accusative/vocative plural of χαμπάρι (champári)
5959	ειδήσεων	noun	genitive plural of είδηση (eídisi)
5960	νικητές	noun	nominative/accusative/vocative plural of νικητής (nikitís)
5961	δίνοντας	verb	Active present participle of δίνω (díno).
5962	βαριέσαι	verb	second-person singular present of βαριέμαι (variémai)
5963	μονομαχία	noun	duel, joust; dogfight (air combat)
5964	διασκεδάζω	verb	to have fun, have fun with
5965	εκπληκτικά	adj	nominative neuter plural of εκπληκτικός (ekpliktikós)
5966	άσπρα	adj	money
5967	καταγραφή	noun	writing down, transcription, recording, registering (facts, sounds, values etc.)
5968	δίνης	noun	genitive singular of δίνη (díni)
5969	ώρας	noun	genitive singular of ώρα (óra)
5970	φονιά	noun	genitive/accusative/vocative singular of φονιάς (foniás)
5971	επειγόντως	adv	urgently
5972	εθελοντικά	adj	nominative/accusative/vocative neuter plural of εθελοντικός (ethelontikós)
5973	πεινασμένος	verb	hungry
5974	καρχαρίας	noun	shark
5975	φιλοδοξία	noun	ambition
5976	φαράγγι	noun	gorge, canyon
5977	άνοιξες	noun	nominative/accusative/vocative plural of άνοιξη (ánoixi)
5978	πολεμική	adj	feminine nominative/accusative/vocative singular of πολεμικός (polemikós)
5979	επισκέπτης	noun	visitor, guest; district nurse
5980	φύρερ	name	Führer; Adolf Hitler
5981	καθημερινή	adj	nominative/accusative/vocative feminine singular of καθημερινός (kathimerinós)
5982	σταματάω	verb	to halt, stop, stop off (movement)
5983	πέραν	adv	beyond
5984	ιερουσαλήμ	name	Jerusalem
5985	αποφασίζω	verb	to decide, resolve, reach a verdict
5986	δίκαιος	adj	just (of a legal process or judgement)
5987	γυρνάω	verb	synonym of γυρίζω (gyrízo)
5988	χοντρά	adj	nominative neuter plural of χοντρός (chontrós)
5989	σεβασμός	noun	respect
5990	ψυχολογία	noun	psychology; mood
5991	ντροπαλός	adj	shy, bashful, diffident, sheepish
5992	υπηρεσιών	noun	genitive plural of υπηρεσία (ypiresía)
5993	αβγά	noun	nominative/accusative/vocative plural of αβγό (avgó)
5994	ζούσαμε	verb	first-person plural imperfect of ζω (zo)
5995	μηχανικό	adj	accusative masculine singular of μηχανικός (michanikós)
5996	μάζεψα	verb	first-person singular simple past of μαζεύω (mazévo)
5997	ολοκληρωτικά	adj	nominative/accusative/vocative neuter plural of ολοκληρωτικός (oloklirotikós)
5998	κόμματος	noun	accusative singular of κόμμα (kómma)
5999	συγγραφείς	noun	nominative/accusative/vocative plural of συγγραφέας (syngraféas)
6000	αργό	noun	argon (a rare or noble gas)
6001	βικτώρια	name	Victoria; Victoria (a city, the capital of British Columbia)
6002	πεισματάρης	adj	stubborn, obstinate
6003	διαδρόμου	noun	genitive singular of διάδρομος (diádromos)
6004	αντιλαμβάνομαι	verb	to perceive, to realise, to understand, to see through
6005	ίδιου	adj	masculine/neuter genitive singular of ίδιος (ídios)
6006	ώθηση	noun	pushing, urging
6007	χώρισα	verb	first-person singular simple past of χωρίζω (chorízo)
6008	ιππότη	noun	genitive/accusative/vocative singular of ιππότης (ippótis)
6009	διαμονή	noun	stay; whereabouts
6010	ερωτήματα	noun	nominative/accusative/vocative plural of ερώτημα (erótima)
6011	αδελφοί	noun	nominative/vocative plural of αδελφός (adelfós)
6012	προχθές	adv	two days ago, on the day before yesterday
6013	βάσεις	noun	nominative/accusative/vocative plural of βάση (vási)
6014	μοιραστεί	verb	passive nonfinite form of μοιράζομαι (moirázomai), the passive of μοιράζω (moirázo)
6015	βελτίωση	noun	improvement
6016	βάθη	noun	nominative plural of βάθος (váthos)
6017	παίχτης	noun	player, sportsman
6018	οικονομικών	adj	genitive masculine plural of οικονομικός (oikonomikós)
6019	κινητού	adj	genitive masculine/neuter singular of κινητός (kinitós)
6020	βούληση	noun	will, volition
6021	θερμότητα	noun	heat, warmth; heat
6022	απομένει	verb	third-person singular present indicative of απομένω (apoméno)
6023	νηφάλιος	adj	calm, astute, sober, collected, dispassionate
6024	σύνθημα	noun	watchword, password, codeword, code
6025	τρένα	noun	nominative/accusative/vocative plural of τρένο (tréno)
6026	υγιές	adj	nominative neuter singular of υγιής (ygiís)
6027	λείψω	verb	first-person singular dependent of λείπω (leípo)
6028	φρένα	noun	nominative/accusative/vocative plural of φρένο (fréno)
6029	φυλακισμένος	verb	passive perfect participle of φυλακίζω (fylakízo): imprisoned
6030	απατεώνα	noun	genitive/accusative/vocative singular of απατεώνας (apateónas)
6031	επενδύσεις	noun	nominative/accusative/vocative plural of επένδυση (epéndysi)
6032	βρετανική	adj	nominative feminine singular of βρετανικός (vretanikós)
6033	άρη	noun	genitive singular of Άρης (Áris)
6034	τυφλό	adj	accusative masculine singular of τυφλός (tyflós)
6035	απαγόρευση	noun	ban, prohibition, interdiction
6036	αίγυπτο	name	accusative singular of Αίγυπτος (Aígyptos)
6037	αναγνωρίσεις	noun	nominative/accusative/vocative plural of αναγνώριση (anagnórisi)
6038	άγγελο	noun	accusative singular of άγγελος (ángelos)
6039	δίψα	noun	thirst; lust, craving, thirst, eagerness
6040	όρισες	verb	"second-person singular simple past of ορίζω (orízo): ""you defined"""
6041	ούρα	noun	nominative/accusative/vocative plural of ούρο (oúro, “urine”)
6042	απελπισμένη	verb	nominative/accusative/vocative feminine singular of απελπισμένος (apelpisménos)
6043	δαχτυλίδια	noun	nominative/accusative/vocative plural of δαχτυλίδι (dachtylídi)
6044	μανιακός	noun	maniac
6045	σταγόνες	noun	nominative/accusative/vocative plural of σταγόνα (stagóna)
6046	υπήρξα	verb	"first-person singular simple past of υπάρχω (ypárcho): ""I existed"""
6047	μηχανής	noun	genitive singular of μηχανή (michaní)
6048	τρένου	noun	genitive singular of τρένο (tréno)
6049	αράπη	noun	genitive singular of αράπης (arápis)
6050	συστατικά	adj	nominative neuter plural of συστατικός (systatikós)
6051	ανώμαλος	adj	abnormal; anomalous
6052	σκλάβους	noun	accusative plural of σκλάβος (sklávos)
6053	ουσίες	noun	drugs
6054	μαρτυρία	noun	testimony; account
6055	ζητώντας	verb	active present participle of ζητάω (zitáo) and ζητώ (zitó)
6056	δημοσιογράφους	noun	accusative plural of δημοσιογράφος (dimosiográfos)
6057	διασκεδάσεις	noun	nominative plural of διασκέδαση (diaskédasi)
6058	σηκώνεται	verb	third-person singular present indicative of σηκώνομαι
6059	αφοσιωμένος	verb	devoted; faithful, attached
6060	ηρεμιστικό	noun	sedative, tranquilizer
6061	κοινωνικής	adj	genitive feminine singular of κοινωνικός (koinonikós)
6062	εκκένωση	noun	evacuation, clearing, emptying
6063	έκτρωση	noun	abortion (induced abortion)
6064	κοτόπουλα	noun	nominative plural of κοτόπουλο (kotópoulo)
6065	βλάψω	verb	first-person singular dependent active of βλάπτω (vlápto)
6066	ξεπέρασα	verb	first-person singular simple past of ξεπερνάω (xepernáo)
6067	περιφέρεια	noun	circumference; region, territory
6068	βουνού	noun	genitive singular of βουνό (vounó)
6069	κακοποίηση	noun	abuse, ill-treatment, maltreatment, mistreatment (cruel or harmful treatment)
6070	γέροι	adj	nominative masculine plural of γέρος (géros)
6071	άρρωστοι	adj	nominative masculine plural of άρρωστος (árrostos)
6072	ατζέντα	noun	diary; agenda (schedule of business for a meeting)
6073	χάθηκες	verb	second-person singular simple past of χάνομαι (chánomai)
6074	βοηθάμε	verb	first-person plural present active indicative of βοηθάω (voïtháo) and βοηθώ (voïthó)
6075	ματιών	noun	genitive plural of ματιά (matiá)
6076	ανατολικό	adj	accusative masculine singular of ανατολικός (anatolikós)
6077	λαθραία	adj	nominative neuter plural of λαθραίος (lathraíos)
6078	σολ	noun	sol (fifth note in the tonic sol-fa or solfège scale)
6079	πάσχα	name	Easter; Passover
6080	απέξω	adv	outside, from outside
6081	πλοίαρχος	noun	captain in the Royal Navy and in the US navy, a rank with the NATO grade OF-5
6082	δαγκώσει	verb	active nonfinite form of δαγκώνω (dagkóno)
6083	ψάξιμο	noun	search, searching (an attempt to find something)
6084	μελωδία	noun	melody, tune; carol, tune
6085	συμβουλεύω	verb	to advise, counsel
6086	κινέζικα	noun	Chinese (the language of China its people)
6087	μαζική	adj	nominative/accusative/vocative feminine singular of μαζικός (mazikós)
6088	γούνα	noun	pelt, hide, fur (of an animal)
6089	πυρηνικό	adj	accusative masculine singular of πυρηνικός (pyrinikós)
6090	χάλασα	verb	first-person singular simple past of χαλάω (chaláo) and χαλώ (chaló)
6091	ταραγμένη	verb	nominative/accusative/vocative feminine singular of ταραγμένος (taragménos)
6092	στέλεχος	noun	official; counterfoil (of cheque etc)
6093	ανοιχτές	adj	nominative feminine plural of ανοιχτός (anoichtós)
6094	έμπορο	noun	accusative singular of έμπορος (émporos)
6095	χειμώνας	noun	winter, wintertime
6096	απολύσεις	noun	nominative/accusative/vocative plural of απόλυση (apólysi)
6097	ενεργοποίηση	noun	activation; using
6098	υποφέρω	verb	to suffer; to suffer, to endure (to experience as pain or discomfort)
6099	μείον	adv	minus (less)
6100	μαχητής	noun	warrior, fighter, combatant
6101	αποτυχημένος	verb	failed
6102	δορυφόρο	noun	accusative singular of δορυφόρος (doryfóros)
6103	φιλικός	adj	friendly, amiable
6104	γενναιόδωρη	adj	nominative feminine singular of γενναιόδωρος (gennaiódoros)
6105	τελεία	noun	A full stop or period ⟨.⟩.
6106	τραβάω	verb	to pull, pull in, drag, tow
6107	ιδιωτικός	adj	private, intimate, personal
6108	ερήμου	noun	genitive singular of έρημος (érimos)
6109	πυρός	noun	genitive singular of πυρ (pyr)
6110	ναός	noun	place of worship: church, temple, mosque, synagogue
6111	βρεθώ	verb	first-person singular dependent of βρίσκομαι (vrískomai)
6112	σιρόπι	noun	syrup
6113	βαρετά	adj	nominative neuter plural of βαρετός (varetós)
6114	εκρήξεις	noun	nominative/accusative/vocative plural of έκρηξη (ékrixi)
6115	επιτυχίας	noun	genitive singular of επιτυχία (epitychía)
6116	υπνοδωμάτιο	noun	bedroom
6117	φυλάω	verb	to guard, protect
6118	κράτους	noun	genitive singular of κράτος (krátos)
6119	συλλήψεις	noun	nominative/accusative/vocative plural of σύλληψη (sýllipsi)
6120	μαρμελάδα	noun	jam; marmalade
6121	βρεθήκαμε	verb	first-person plural simple past of βρίσκομαι (vrískomai)
6122	ηθοποιούς	noun	accusative plural of ηθοποιός (ithopoiós)
6123	κατούρημα	noun	peeing, pissing (the act of urinating)
6124	ενέργειες	noun	nominative/accusative/vocative plural of ενέργεια (enérgeia)
6125	δικαστές	noun	nominative/accusative/vocative plural of δικαστής (dikastís)
6126	εγγονός	noun	grandson
6127	κλέβω	verb	to steal; to rob
6128	σκωτία	name	Scotland (a constituent country of the United Kingdom)
6129	μαμάδες	noun	nominative plural of μαμά (mamá)
6130	τσίλι	noun	chilli (UK), chili (US)
6131	γέννησης	noun	genitive singular of γέννηση (génnisi)
6132	κοινωνικές	adj	nominative feminine plural of κοινωνικός (koinonikós)
6133	κατσίκα	noun	nanny goat, female goat
6134	τανκ	noun	tank, armoured vehicle
6135	πατατάκια	noun	nominative plural of πατατάκι (patatáki), potato crisps(UK), potato chips (US)
6136	μετράω	verb	to count, measure, include
6137	δίκης	noun	genitive singular of δίκη (díki)
6138	σκλάβα	noun	slave
6139	μικρούς	adj	accusative masculine plural of μικρός (mikrós)
6140	μοναχικό	adj	accusative masculine singular of μοναχικός (monachikós)
6141	απεχθάνομαι	verb	to abominate, detest, abhor
6142	τρίο	noun	trio, group of three, triad, troika
6143	εγχειρίδιο	noun	dagger; manual, companion, handbook
6144	υπολογίζω	verb	to calculate, compute
6145	υπόστεγο	noun	an awning shelter
6146	φτυάρι	noun	garden spade, shovel
6147	θάμνους	noun	accusative plural of θάμνος (thámnos)
6148	πραγματικές	adj	nominative feminine plural of πραγματικός (pragmatikós)
6149	γυρίσματα	noun	nominative/accusative/vocative plural of γύρισμα (gýrisma)
6150	πολιτικοί	adj	nominative/vocative masculine plural of πολιτικός (politikós)
6151	διακριτικά	adj	nominative neuter plural of διακριτικός (diakritikós)
6152	σπαθιά	noun	sword stroke; sword cut, wound made by sword
6153	ιερά	adj	nominative/accusative/vocative neuter plural of ιερός (ierós)
6154	αφεντικού	noun	genitive singular of αφεντικό (afentikó)
6155	εποχών	noun	genitive plural of εποχή (epochí)
6156	επίθετο	noun	adjective; surname
6157	κρυμμένη	verb	nominative/accusative/vocative feminine singular of κρυμμένος (krymménos)
6158	ρίζα	noun	root (of a plant)
6159	τραγουδάω	verb	to sing; to chirp, tweet
6160	ουρανού	noun	genitive singular of ουρανός (ouranós)
6161	βάρδιες	noun	nominative/accusative/vocative plural of βάρδια (várdia)
6162	σύρμα	noun	electrical wire or cable
6163	θύελλα	noun	storm, tempest, gale, hurricane (strong winds with rain)
6164	ηγεσία	noun	leadership (qualities or position of a leader)
6165	κλίση	noun	inclination, tilt, steepness, slope
6166	τουαλέτας	noun	genitive singular of τουαλέτα (toualéta)
6167	απογείωση	noun	takeoff; takeoff (large, sudden increase to prices, etc)
6168	προφυλακτικά	adv	protectively; carefully
6169	διαβατήρια	noun	nominative plural of διαβατήριο (diavatírio)
6170	ζήλια	noun	jealousy, envy
6171	χαρτοφύλακα	noun	genitive/accusative/vocative singular of χαρτοφύλακας (chartofýlakas)
6172	σακίδιο	noun	haversack; rucksack, backpack
6173	λεκάνη	noun	any large bowl; washbasin, handbasin, sink
6174	οίκου	noun	genitive singular of οίκος (oíkos)
6175	πεντάγωνο	noun	pentagon
6176	κόπος	noun	toil, hard work, effort
6177	βαρετός	adj	boring, tiresome
6178	εκτελεστής	noun	executor (person who carries out some task)
6179	κατάρρευση	noun	collapse
6180	πραγματικοί	adj	nominative masculine plural of πραγματικός (pragmatikós)
6181	λογιστής	noun	accountant, book-keeper
6182	δεσμά	noun	chains, shackles
6183	νίκο	name	accusative/vocative singular of Νίκος (Níkos)
6184	μανίκι	noun	sleeve
6185	πολιτών	noun	genitive plural of πολίτης (polítis)
6186	ζωγράφος	noun	painter, artist
6187	κομητεία	noun	county (land ruled by a count or countess)
6188	σεξουαλικό	adj	accusative masculine singular of σεξουαλικός (sexoualikós)
6189	βέβαιο	adj	accusative masculine singular of βέβαιος (vévaios)
6190	αντισταθεί	verb	passive nonfinite form of αντιστέκομαι (antistékomai)
6191	υγρασία	noun	moisture, humidity
6192	αόρατος	adj	invisible, unseen
6193	γύρους	noun	accusative plural of γύρος (gýros)
6194	ομελέτα	noun	omelette
6195	αλάσκα	name	Alaska (a state of the United States, formerly a territory)
6196	επιχείρημα	noun	argument, reasoning (reasons in support of a position)
6197	λιοντάρια	noun	nominative plural of λιοντάρι (liontári)
6198	λατινικά	noun	Latin (language of the ancient Romans)
6199	ρόδες	noun	nominative/accusative/vocative plural of ρόδα (róda)
6200	λέγανε	verb	"third-person plural imperfect of λέω (léo): ""they were saying"""
6201	ιταλικά	noun	Italian (the language of Italy)
6202	κατέχει	verb	third-person singular present indicative active of κατέχω (katécho)
6203	μπάζα	noun	haul, winnings
6204	ένοιωσα	verb	first-person singular simple past of νοιώθω (noiótho)
6205	προβλήτα	noun	jetty, pier (dock or wharf extending from the shore)
6206	μπόρεσαν	verb	third-person plural simple past of μπορώ (boró)
6207	συντρόφους	noun	accusative plural of σύντροφος (sýntrofos)
6208	αετός	noun	eagle; kite (toy)
6209	ωκεανού	noun	genitive singular of ωκεανός (okeanós)
6210	μέιν	name	Maine (a state of the United States; probably named for the province in France)
6211	παίρναμε	verb	first-person plural imperfect of παίρνω (paírno)
6212	κοριτσάκια	noun	nominative/accusative/vocative plural of κοριτσάκι (koritsáki)
6213	εξόδου	noun	genitive singular of έξοδος (éxodos)
6214	χειροβομβίδα	noun	grenade, hand grenade, Mills bomb
6215	σπόρους	noun	accusative plural of σπόρος (spóros)
6216	ταμπέλα	noun	signpost, board, sign
6217	μύες	noun	nominative/vocative plural of μυς (mys)
6218	χείλος	noun	lip (of the mouth)
6219	γωνίες	noun	nominative/accusative/vocative plural of γωνία (gonía)
6220	ξαναείδα	verb	first-person singular simple past of ξαναβλέπω (xanavlépo)
6221	ιταλικό	adj	accusative masculine singular of ιταλικός (italikós)
6222	πιάτσα	noun	market, marketplace
6223	πολιτισμού	noun	genitive singular of πολιτισμός (politismós)
6224	βίβλος	name	Bible
6225	καυγάς	noun	argument, quarrel, row
6226	σκύλους	noun	accusative plural of σκύλος (skýlos)
6227	δέχονται	verb	third-person plural present indicative of δέχομαι (déchomai)
6228	ρητό	noun	dictum, maxim, saying (short phrase expressing a basic truth)
6229	παλιάς	adj	genitive feminine singular of παλιός (paliós)
6230	διψάω	verb	to be thirsty; to be dry (soil, etc)
6231	ένοχοι	adj	nominative/vocative masculine plural of ένοχος (énochos)
6232	επανάληψη	noun	repetition
6233	πολεμικό	adj	accusative masculine singular of πολεμικός (polemikós)
6234	ηλίθιες	adj	nominative feminine plural of ηλίθιος (ilíthios)
6235	γεμάτες	adj	feminine nominative plural of γεμάτος (gemátos)
6236	υπηρετώ	verb	to serve (to provide a service)
6237	μπαμπάκας	noun	endearing form of μπαμπάς m (bampás): daddy
6238	αγαπημένους	verb	accusative masculine plural of αγαπημένος (agapiménos)
6239	γερμανικό	adj	accusative masculine singular of γερμανικός (germanikós)
6240	ετικέτα	noun	label, tag; etiquette
6241	ημερομηνίες	noun	nominative/accusative/vocative plural of ημερομηνία (imerominía)
6242	φλέβα	noun	vein; vein, seam
6243	ασφυξία	noun	asphyxia, suffocation, choking
6244	άγγιξα	verb	first-person singular simple past of αγγίζω (angízo)
6245	βιασμού	noun	genitive singular of βιασμός (viasmós)
6246	βάζοντας	verb	Present participle of βάζω (vázo): putting on, setting
6247	υποψία	noun	suspicion
6248	ανθρώπινες	adj	nominative/accusative/vocative feminine plural of ανθρώπινος (anthrópinos)
6249	ομπρέλα	noun	umbrella
6250	δίχτυ	noun	net (mesh of string, cord or rope)
6251	κοινωνικά	adj	nominative/accusative/vocative neuter plural of κοινωνικός (koinonikós)
6252	απληστία	noun	greed, avarice, strong desire
6253	σύλληψης	noun	genitive singular of σύλληψη (sýllipsi)
6254	απλές	adj	nominative/accusative/vocative feminine plural of απλός (aplós)
6255	βασιλεία	noun	monarchy, kingdom, kingship
6256	τελετουργικό	noun	ritual
6257	άουτ	noun	out, out of play (in touch)
6258	λεμονάδα	noun	lemonade (non-carbonated variety)
6259	άβολο	adj	accusative masculine singular of άβολος (ávolos)
6260	ελικόπτερα	noun	nominative/accusative/vocative plural of ελικόπτερο (elikóptero)
6261	νομικό	adj	accusative masculine singular of νομικός (nomikós)
6262	υποψηφιότητα	noun	candidacy, candidature
6263	καμπάνα	noun	bell (church bell, etc)
6264	διευθύνω	verb	to manage, direct, organise (UK), organize (US)
6265	ρυθμός	noun	rhythm (music, dance, poetry, etc)
6266	ηλιακό	adj	accusative masculine singular of ηλιακός (iliakós)
6267	δέρματος	noun	genitive singular of δέρμα (dérma)
6268	ιράν	name	Iran (a country in West Asia)
6269	ένωσης	noun	genitive singular of ένωση (énosi)
6270	εγκλημάτων	noun	genitive plural of έγκλημα (égklima)
6271	βασικός	adj	basic, essential, fundamental, primary
6272	κίνησης	noun	genitive singular of κίνηση (kínisi)
6273	κάπα	noun	A shepherd's cape
6274	υπάρχω	verb	to exist, be, live
6275	ατζέντης	noun	shipping broker
6276	υγιή	adj	accusative masculine singular of υγιής (ygiís)
6277	φαρμακευτική	adj	nominative/accusative/vocative feminine singular of φαρμακευτικός (farmakeftikós)
6278	χρηματοδότηση	noun	funding, financing
6279	έντγκαρ	name	Edgar
6280	ξεκάθαρος	adj	clear, unambiguous (free of ambiguity or doubt; easily understood)
6281	διαλέγω	verb	to choose, select, pick out
6282	σταθμούς	noun	accusative plural of σταθμός (stathmós)
6283	νομοσχέδιο	noun	bill (draft law)
6284	μάντρα	noun	yard, pen (usually used for storage of materials for building and/or sale)
6285	ποικιλία	noun	variety, selection
6286	ξαφνικό	adj	accusative masculine singular of ξαφνικός (xafnikós)
6287	σ.	noun	abbreviation of σελίδα (selída) (page)
6288	ανεξάρτητη	adj	nominative/accusative/vocative feminine singular of ανεξάρτητος (anexártitos)
6289	έφεση	noun	appeal
6290	σερβιτόρος	noun	male waiter; barman, bartender
6291	περιπέτειες	noun	nominative/accusative/vocative plural of περιπέτεια (peripéteia)
6292	ανέχομαι	verb	tolerate, put up with, bear
6293	αποφασισμένος	verb	resolved, determined
6294	κολάρο	noun	collar
6295	κουτάλι	noun	spoon; spoon (metal lure for fishing)
6296	μοντάνα	name	Montana (a state in the Mountain West region of the United States, formerly a territory)
6297	ανοικτή	adj	nominative/accusative/vocative feminine singular of ανοικτός (anoiktós)
6298	πλειοψηφία	noun	majority of votes
6299	ασταθής	adj	unstable, unsteady
6300	κρύβω	verb	to hide, cover
6301	επιδημία	noun	epidemic
6302	φίλησες	verb	second-person singular simple past of φιλάω (filáo) and φιλώ (filó)
6303	διακόσμηση	noun	decoration, ornamentation (the act of adorning or embellishing)
6304	επενδυτές	noun	nominative/accusative/vocative plural of επενδυτής (ependytís)
6305	διάσειση	noun	concussion
6306	τάσεις	noun	nominative/accusative/vocative plural of τάση (tási)
6307	ανακωχή	noun	truce, ceasefire, armistice
6308	κατώφλι	noun	threshold, doorstep
6309	υπέγραψα	verb	first-person singular simple past of υπογράφω (ypográfo)
6310	πίνετε	verb	second-person plural present of πίνω (píno)
6311	διαζυγίου	noun	genitive singular of διαζύγιο (diazýgio)
6312	φιλανθρωπία	noun	philanthropy
6313	μαΐου	name	genitive singular of Μάιος (Máios)
6314	κόπανε	noun	vocative singular of κόπανος (kópanos)
6315	πέμπτο	adj	accusative masculine singular of πέμπτος (pémptos)
6316	κατοικίδιο	noun	domesticated animal, pet
6317	παροχή	noun	provision (the act of providing)
6318	ανταγωνισμό	noun	accusative singular of ανταγωνισμός (antagonismós)
6319	υπογράψτε	verb	second-person plural simple past imperative of υπογράφω (ypográfo)
6320	τοπίο	noun	landscape, scenery
6321	γροθιές	noun	nominative/accusative/vocative plural of γροθιά (grothiá)
6322	κλαίνε	verb	third-person plural present of κλαίω (klaío)
6323	ιδίως	adv	particularly, in particular, especially
6324	ερμηνεία	noun	interpretation, construal, explanation
6325	ορκίστηκα	verb	first-person singular simple past of ορκίζομαι (orkízomai)
6326	έντιμος	adj	honourable (UK), honorable (US) (worthy of respect; conforming to what honour dictates)
6327	σειράς	noun	genitive singular of σειρά (seirá)
6328	σωματίδια	noun	nominative plural of σωματίδιο (somatídio)
6329	ψυχολογικά	adj	nominative/accusative/vocative neuter plural of ψυχολογικός (psychologikós)
6330	πολιτικούς	adj	accusative masculine plural of πολιτικός (politikós)
6331	επιτρέπω	verb	to allow, permit
6332	θέματος	noun	genitive singular of θέμα (théma)
6333	απογοητεύσεις	noun	nominative/accusative/vocative plural of απογοήτευση (apogoḯtefsi)
6334	σειρές	noun	nominative/accusative/vocative plural of σειρά (seirá)
6335	αντίθετη	adj	nominative/accusative/vocative feminine singular of αντίθετος (antíthetos)
6336	κουκούλα	noun	hood, cowl
6337	ευγενικοί	adj	masculine nominative plural of ευγενικός (evgenikós)
6338	ομοσπονδία	noun	federation, confederation, confederacy
6339	συνεχή	adj	accusative masculine/feminine singular of συνεχής (synechís)
6340	αφροδίτη	name	a female given name, Afroditi, equivalent to English Aphrodite
6341	ανοικτό	adj	accusative masculine singular of ανοικτός (anoiktós)
6342	ελληνικά	noun	Greek (language)
6343	ωρών	noun	genitive plural of ώρα (óra)
6344	τελευταίοι	adj	nominative/vocative masculine plural of τελευταίος (teleftaíos)
6345	συγγενή	adj	accusative masculine singular of συγγενής (syngenís)
6346	εγκαύματα	noun	nominative/accusative/vocative plural of έγκαυμα (égkavma)
6347	μετακομίσεις	noun	nominative plural of μετακόμιση (metakómisi)
6348	υψηλοτάτη	noun	Highness (title of address for princesses)
6349	διευθύνσεις	noun	nominative/accusative/vocative plural of διεύθυνση (diéfthynsi)
6350	μπαλέτο	noun	ballet
6351	βρέθηκες	verb	second-person singular simple past of βρίσκομαι (vrískomai)
6352	έλειπα	verb	first-person singular imperfect of λείπω (leípo)
6353	έφηβη	noun	female teenager
6354	στιλέτο	noun	dagger
6355	σκοπιά	noun	watchtower, sentry
6356	καθίκια	noun	nominative plural of καθίκι (kathíki)
6357	ενόρκων	noun	genitive plural of ένορκος (énorkos)
6358	ταραγμένος	verb	passive perfect participle of ταράζω
6359	σουτ	intj	shh, hush, shush (requesting silence)
6360	αδυναμίες	noun	nominative plural of αδυναμία (adynamía)
6361	απλοί	adj	nominative masculine plural of απλός (aplós)
6362	άσπρη	noun	heroin, scag
6363	έθνη	noun	nominative plural of έθνος (éthnos)
6364	φοιτήτρια	noun	undergraduate, university student
6365	αγορές	noun	nominative/accusative/vocative plural of αγορά (agorá)
6366	ντόπιοι	adj	nominative/vocative masculine plural of ντόπιος (ntópios)
6367	βάρκες	noun	nominative/accusative/vocative plural of βάρκα (várka)
6368	καθοδήγηση	noun	guidance, direction
6369	χώρους	noun	accusative plural of χώρος (chóros)
6370	γκρεμό	noun	accusative singular of γκρεμός (gkremós)
6371	πολέμους	noun	accusative plural of πόλεμος (pólemos)
6372	ερευνά	verb	third-person singular present active indicative of ερευνώ (erevnó) and ερευνάω (erevnáo)
6373	λογαριασμοί	noun	nominative/vocative singular of λογαριασμός (logariasmós)
6374	τσέκαρε	verb	third-person singular imperfect of τσεκάρω (tsekáro)
6375	αρραβώνα	noun	genitive/accusative/vocative singular of αρραβώνας (arravónas)
6376	άστρο	noun	star; star (generally, any small dot in the night sky)
6377	ξηρά	noun	land (not sea)
6378	κίνητρα	noun	nominative plural of κίνητρο (kínitro)
6379	άψογα	adv	impeccably, immaculately
6380	ευγενείς	adj	nominative/accusative/vocative masculine/feminine plural of ευγενής (evgenís)
6381	αγαπούλα	noun	sweetie, sweetheart, dear
6382	ορφανά	adj	nominative/accusative/vocative neuter plural of ορφανός (orfanós)
6383	διαφυγή	noun	escape (from dangerous or unpleasant situation)
6384	διαπραγμάτευση	noun	negotiation; negotiations, talks
6385	παράπονο	noun	complaint, grievance
6386	εξουσιοδότηση	noun	authorisation (UK), authorization (US)
6387	λεία	noun	prey; booty
6388	παύση	noun	pause, hiatus; cessation, discontinuation
6389	σεξουαλικές	adj	nominative feminine plural of σεξουαλικός (sexoualikós)
6390	αποτοξίνωση	noun	detoxification, detoxication
6391	ευτυχισμένα	adj	nominative/accusative/vocative neuter plural of ευτυχισμένος (eftychisménos)
6392	εξωτερικά	adj	nominative/accusative/vocative neuter plural of εξωτερικός (exoterikós)
6393	γερμανική	adj	nominative feminine singular of γερμανικός (germanikós)
6394	δημάρχου	noun	genitive singular of δήμαρχος (dímarchos)
6395	έτρεχα	verb	first-person singular imperfect active of τρέχω (trécho)
6396	επεξεργασία	noun	processing, treatment
6397	σίδερο	noun	iron (the metal)
6398	πρέσβης	noun	ambassador
6399	υποστηρίζω	verb	to support, back, bolster
6400	πλαστά	adj	neuter nominative/accusative/vocative plural of πλαστός (plastós)
6401	πουτάνες	noun	nominative plural of πουτάνα (poutána)
6402	ανδρομέδα	name	Andromeda (constellation)
6403	τρομακτικός	adj	terrifying, fearsome, frightening, scary (causing fear or anxiety)
6404	ζεστός	adj	warm, hot; welcoming, cosy
6405	μυς	noun	muscle; mouse
6406	μέγας	adj	great, very important
6407	ειρωνικό	adj	accusative masculine singular of ειρωνικός (eironikós)
6408	σκύλες	noun	nominative plural of σκύλα (skýla)
6409	φανταστικός	adj	imaginary; fantastical, fantastic
6410	παραστάσεις	noun	nominative/accusative/vocative plural of παράσταση (parástasi)
6411	εβδομάδων	noun	genitive plural of εβδομάδα (evdomáda)
6412	εμπλακεί	verb	passive nonfinite form of εμπλέκομαι (emplékomai), the passive of εμπλέκω (empléko).
6413	ακτές	noun	coastline
6414	πατεράδες	noun	"nominative/accusative/vocative plural of πατέρας (patéras): ""fathers, dads"""
6415	γενετική	noun	genetics (molecular biology)
6416	περιορισμό	noun	accusative singular of περιορισμός (periorismós)
6417	έκτη	adj	nominative feminine singular of έκτος (éktos)
6418	διεθνές	adj	nominative neuter singular of διεθνής (diethnís)
6419	μαδρίτη	name	Madrid (the capital city of Spain)
6420	αόρατο	adj	accusative masculine singular of αόρατος (aóratos)
6421	τομή	noun	intersection (in geometry and set theory)
6422	ξαφνική	adj	nominative feminine singular of ξαφνικός (xafnikós)
6423	επιθετικός	adj	offensive, aggressive, relating to attack
6424	πορτοκάλι	noun	orange (fruit)
6425	τρομοκρατία	noun	terrorism, terror
6426	τρελούς	adj	accusative masculine plural of τρελός (trelós)
6427	κονιάκ	noun	cognac, brandy (a distilled beverage)
6428	κλειδαριές	noun	nominative/accusative/vocative plural of κλειδαριά (kleidariá)
6429	μεγάλων	adj	masculine/feminine/neuter genitive plural of μεγάλος (megálos)
6430	νησιού	noun	genitive singular of νησί (nisí)
6431	ταυτότητας	noun	genitive singular of ταυτότητα (taftótita)
6432	περιστασιακά	adv	now and then, occasionally, sometimes, every so often
6433	σχεδίασα	verb	first-person singular simple past of σχεδιάζω (schediázo)
6434	λαμβάνετε	verb	second-person plural present active indicative of λαμβάνω (lamváno)
6435	ξωτικά	noun	nominative plural of ξωτικό (xotikó)
6436	άνεση	noun	comfort; leisure, relaxation, rest
6437	βραδιάς	noun	genitive singular of βραδιά (vradiá)
6438	μισθός	noun	salary, pay, wage
6439	ελαφρώς	adv	slightly, somewhat, a little
6440	τζην	noun	denim, jean (cloth)
6441	δημοσιογράφο	noun	accusative singular of δημοσιογράφος (dimosiográfos)
6442	επιστολές	noun	nominative plural of επιστολή (epistolí)
6443	έκρηξης	noun	genitive singular of έκρηξη (ékrixi)
6444	ανόητα	adj	nominative neuter plural of ανόητος (anóitos)
6445	ασία	name	Asia (the largest continent, located between Europe and the Pacific Ocean)
6446	ερωτικά	adj	nominative neuter plural of ερωτικός (erotikós)
6447	παλαβός	adj	crazy, foolish, nuts
6448	πρόβατο	noun	sheep; sheep (someone who is easily deceived by others)
6449	κοντινή	adj	nominative feminine singular of κοντινός (kontinós)
6450	λαμπρή	noun	Easter
6451	βελόνες	noun	nominative/accusative/vocative plural of βελόνα (velóna)
6452	συνηθίζω	verb	to become accustomed to, get used to
6453	νεαροί	adj	nominative masculine plural of νεαρός (nearós)
6454	κουτσομπολιά	noun	nominative plural of κουτσομπολιό (koutsompolió)
6455	ερευνητής	noun	research worker, researcher
6456	αδάμ	name	Adam; a male given name from Hebrew, equivalent to English Adam
6457	ινδιάνος	noun	a male American Indian or Native American
6458	ασθενών	adj	genitive masculine plural of ασθενής (asthenís)
6459	ποιου	pron	masculine/neuter genitive singular of ποιος (poios, “who; which”)
6460	τραγουδιστής	noun	singer
6461	γειτονιάς	noun	genitive singular of γειτονιά (geitoniá)
6462	ασπιρίνη	noun	aspirin (analgesic)
6463	βάσης	noun	genitive singular of βάση (vási)
6464	νυχτερινό	adj	accusative masculine singular of νυχτερινός (nychterinós)
6465	πλάσματος	noun	genitive singular of πλάσμα (plásma)
6466	δούκισσα	noun	duchess (rank in the nobility; wife of a duke)
6467	διαγώνισμα	noun	test, examination (at secondary/high school level)
6468	κατάληξη	noun	ending, termination
6469	λύθηκε	verb	third-person singular simple past passive indicative of λύνω (lýno)
6470	μιάμιση	num	one and a half; half past one
6471	ανάγνωση	noun	reading; the oral presentation of a text
6472	χειρότερες	adj	nominative feminine plural of χειρότερος (cheiróteros)
6473	επιβιώσεις	noun	nominative/accusative/vocative plural of επιβίωση (epivíosi)
6474	πεδίου	noun	genitive singular of πεδίο (pedío)
6475	κρουαζιέρα	noun	cruise, leisure voyage
6476	συγκεκριμένος	adj	concrete (not abstract)
6477	κατηγορούμενο	noun	predicative
6478	βλάπτει	verb	it hurts
6479	ζωγραφιά	noun	illustration, graphic art
6480	μείωση	noun	decrease, reduction: the process, the rate of that process or its result
6481	φώναξες	verb	second-person singular simple past of φωνάζω (fonázo)
6482	ανοιχτός	adj	open, not closed, unlocked, uncovered, unfenced
6483	ανάπτυξης	noun	genitive singular of ανάπτυξη (anáptyxi)
6484	προκάλεσα	verb	first-person singular simple past of προκαλώ (prokaló)
6485	ρόδα	noun	wheel; tyre (UK), tire (US)
6486	καουμπόι	noun	An American cowman, cowboy, cowhand; a buckaroo.
6487	γράψιμο	noun	writing (written letters or symbols that express some meaning)
6488	σκηνής	noun	genitive singular of σκηνή (skiní)
6489	εσωτερικές	adj	nominative/accusative/vocative feminine plural of εσωτερικός (esoterikós)
6490	ζαμπόν	noun	ham (cured pork)
6491	ταινιών	noun	genitive plural of ταινία (tainía)
6492	προηγούμενες	noun	nominative/accusative/vocative plural of προηγουμένη (proïgouméni)
6493	πολιτισμός	noun	culture, civilisation, way of life
6494	πίστωση	noun	credit
6495	κάλεσμα	noun	call (to arms, etc.)
6496	δεδομένο	noun	datum, item of data, piece of information
6497	δυστυχισμένος	adj	unhappy (characterised by, feeling or showing unhappiness)
6498	απαγωγείς	noun	nominative/accusative/vocative plural of απαγωγέας (apagogéas)
6499	υπερηφάνεια	noun	pride; arrogance
6500	αμνησία	noun	amnesia
6501	καράτε	noun	karate
6502	εκείνης	pron	genitive feminine singular of εκείνος (ekeínos)
6503	ξέσπασε	verb	third-person singular simple past
6504	αλεξίπτωτο	noun	parachute
6505	λύκους	noun	accusative plural of λύκος (lýkos)
6506	συμφέροντα	noun	nominative/accusative/vocative plural of συμφέρον (symféron)
6507	αντλία	noun	pump
6508	θραύσματα	noun	nominative plural of θραύσμα (thráfsma)
6509	οστό	noun	bone (part of skeleton)
6510	άριστα	adj	nominative/accusative/vocative neuter plural of άριστος (áristos)
6511	έφηβος	noun	male teenager
6512	παράνοια	noun	paranoia; insanity
6513	αμαξιού	noun	genitive singular of αμάξι (amáxi)
6514	ανέλαβα	verb	first-person singular simple past of αναλαμβάνω (analamváno)
6515	εγγραφή	noun	registration, enrolment (UK), enrollment (US)
6516	αλόγου	noun	genitive singular of άλογο (álogo)
6517	αϊνστάιν	name	Einstein (surname)
6518	τιμωρηθεί	verb	passive nonfinite form of τιμωρούμαι (timoroúmai), the passive of τιμωρώ (timoró)
6519	γάλλους	noun	accusative plural of Γάλλος (Gállos)
6520	λέγετε	verb	"second-person plural imperfective imperative of λέω (léo): ""be saying!"""
6521	αντίπαλος	adj	rival, competitor, enemy
6522	ντοκιμαντέρ	noun	documentary
6523	ενοχλητική	adj	nominative feminine singular of ενοχλητικός (enochlitikós)
6524	φρένο	noun	brake; something which slows an action
6525	ανάμειξη	noun	involvement, meddling
6526	καθάρισα	verb	first-person singular simple past of καθαρίζω (katharízo)
6527	αιτήσεις	noun	nominative plural of αίτηση (aítisi)
6528	ναύαρχος	noun	admiral
6529	γαμηθείτε	verb	second-person plural imperative of γαμιέμαι (gamiémai, “fuck yourself/yourselves!”)
6530	αναχώρηση	noun	departure, leaving, sailing
6531	μηχανική	noun	mechanics
6532	ανιχνευτής	noun	scout, tracker; sleuth
6533	έγκαιρα	adv	in time
6534	υποχώρηση	noun	retreat, fall back, withdrawal
6535	δικτύου	noun	genitive singular of δίκτυο (díktyo)
6536	ανάσες	noun	nominative/accusative/vocative plural of ανάσα (anása)
6537	εκλιπαρώ	verb	to beg, implore, beg for
6538	νεβάδα	name	Nevada (a state in the western United States)
6539	κουλουράκια	noun	nominative/accusative/vocative plural of κουλουράκι (koulouráki)
6540	μπαλόνι	noun	balloon (child’s toy)
6541	διακίνηση	noun	movement, transportation (of goods, people, etc.)
6542	τζόρτζια	name	Georgia (a state in the Southern United States)
6543	πύραυλος	noun	projectile, rocket, missile
6544	σερβίρω	verb	wait tables, wait on tables
6545	πολωνία	name	Poland (a country in Central Europe)
6546	διαστάσεις	noun	nominative plural of διάσταση (diástasi)
6547	γκονγκ	noun	gong (percussion instrument)
6548	ρώσος	noun	Russian (a person, usually male, from Russia or of Russian ethnicity).
6549	δεχθεί	verb	passive nonfinite form of δέχομαι (déchomai)
6550	παρέμβαση	noun	intervention (the action of intervening; interfering in some course of events)
6551	ερείπια	noun	nominative/accusative/vocative plural of ερείπιο (ereípio)
6552	εδάφη	noun	nominative/accusative/vocative plural of έδαφος (édafos)
6553	ακεραιότητα	noun	integrity (state of being undivided)
6554	μεγαλείο	noun	greatness; grandeur, magnificence, majesty, splendour (UK), splendor (US)
6555	πήδηξα	verb	first-person singular simple past of πηδάω (pidáo) and πηδώ (pidó)
6556	ανθρώπινου	adj	genitive masculine singular of ανθρώπινος (anthrópinos)
6557	εμπορίου	noun	genitive singular of εμπόριο (empório)
6558	ζάρια	noun	nominative plural of ζάρι (zári)
6559	συγκεκριμένες	adj	nominative feminine plural of συγκεκριμένος (sygkekriménos)
6560	πυξίδα	noun	compass
6561	αντιμετωπίζω	verb	to tackle, confront, resist
6562	εξήγησα	verb	first-person singular simple past of εξηγώ (exigó)
6563	φυγάς	noun	fugitive, runaway, escapee
6564	κέρατα	noun	nominative/accusative/vocative plural of κέρας (kéras)
6565	εκθέσεις	noun	nominative/accusative/vocative plural of έκθεση (ékthesi)
6566	θητεία	noun	national service, military service
6567	φτάνω	verb	to arrive; to come, be imminent, draw near, near
6568	ασυλία	noun	immunity
6569	ψυχολόγο	noun	accusative singular of ψυχολόγος (psychológos)
6570	γούστα	noun	nominative/accusative/vocative plural of γούστο (goústo)
6571	τακούνια	noun	nominative plural of τακούνι (takoúni)
6572	καταγωγή	noun	ancestry, descent, lineage, origins
6573	τέτοιοι	pron	nominative/vocative masculine plural of τέτοιος (tétoios)
6574	ακολουθία	noun	entourage, following, retinue
6575	πυροβολώ	verb	to shoot, fire; to fire at, shoot at
6576	επανέλθει	verb	third-person singular dependent
6577	ωραίοι	adj	nominative/vocative masculine plural of ωραίος (oraíos)
6578	βουτιά	noun	dip, swim; dive
6579	υποψιάζομαι	verb	to suspect
6580	συνειδητοποιώ	verb	to realise, be aware of
6581	στόλος	noun	fleet
6582	μαγειρική	noun	cookery; cooking
6583	ομοιότητα	noun	similarity
6584	καραμέλα	noun	sweet (UK confectionery: toffee, boiled sweet, etc), candy (US)
6585	συγκάτοικος	noun	housemate, flatmate, roommate
6586	πείρα	noun	experience
6587	καυγάδες	noun	nominative plural of καυγάς (kavgás)
6588	γιορκ	name	York (a city in northern England)
6589	εκπομπές	noun	nominative/accusative/vocative plural of εκπομπή (ekpompí)
6590	διαχείριση	noun	management
6591	δικηγόρου	noun	genitive singular of δικηγόρος (dikigóros)
6592	σπίθα	noun	spark, sparkle (short or small burst of electricity or fire)
6593	παράλληλα	adj	nominative/accusative/vocative neuter plural of παράλληλος (parállilos)
6594	εγκληματική	adj	nominative feminine singular of εγκληματικός (egklimatikós)
6595	χωρισμό	noun	accusative singular of χωρισμός (chorismós)
6596	ξάδερφος	noun	cousin (male)
6597	αποδυτήρια	noun	dressing room(s), changing room(s), locker room(s)
6598	έκρυψα	verb	first-person singular simple past of κρύβω (krývo)
6599	στρατιωτικές	adj	nominative feminine plural of στρατιωτικός (stratiotikós)
6600	μνήμες	noun	nominative/accusative/vocative plural of μνήμη (mními)
6601	τρομερός	adj	terrific; astounding
6602	περιστέρι	noun	rock dove; dove, pigeon
6603	γραμμής	noun	genitive singular of γραμμή (grammí)
6604	ελέφαντες	noun	nominative plural of ελέφαντας (eléfantas)
6605	γεμάτοι	adj	masculine nominative plural of γεμάτος (gemátos)
6606	πεπεισμένος	verb	convinced, persuaded
6607	δίνη	noun	vortex, whirlpool
6608	αρνήθηκα	verb	first-person singular simple past of αρνούμαι (arnoúmai) and αρνιέμαι (arniémai)
6609	πανούκλα	noun	plague; disease of pigs
6610	δεσμούς	noun	accusative plural of δεσμός (desmós)
6611	πμ	adv	alternative form of π.μ. (p.m.)
6612	σεισμός	noun	earthquake, tremor
6613	επαγγελματία	noun	genitive/accusative/vocative singular of επαγγελματίας (epangelmatías)
6614	τ.	noun	abbreviation of τεμάχιο (temáchio) (piece)
6615	καριόλα	noun	bitch, whore, trollop, slut, harlot (general term of abuse for a promiscuous woman)
6616	σκίτσο	noun	sketch, cartoon
6617	βουλή	noun	parliament, legislative body, house of elected representatives
6618	ρακούν	noun	raccoon
6619	ταίρι	noun	partner, mate (the matching one of a pair)
6620	αποφοίτηση	noun	graduation; passing out (UK)
6621	παραιτήθηκα	verb	first-person singular simple past of παραιτούμαι (paraitoúmai)
6622	ηφαίστειο	noun	volcano; bombshell (woman:short tempered or highly attractive)
6623	ήλθα	verb	"first-person singular simple past of έρχομαι (érchomai): ""I came"""
6624	κοκκινομάλλα	noun	redhead
6625	κόσμημα	noun	jewel
6626	ιδιοκτησίας	noun	genitive singular of ιδιοκτησία (idioktisía)
6627	ουρανούς	noun	accusative plural of ουρανός (ouranós)
6628	σπάσιμο	noun	breaking, breakage (the act by which something is broken)
6629	χαρτονομίσματα	noun	nominative/accusative/vocative plural of χαρτονόμισμα (chartonómisma)
6630	πλήγωσα	verb	first-person singular simple past of πληγώνω (pligóno)
6631	κουβέρτες	noun	nominative plural of κουβέρτα (kouvérta)
6632	δεκαετίας	noun	genitive singular of δεκαετία (dekaetía)
6633	συλλυπητήρια	noun	condolences (expression used to give sympathy to a person who is mourning)
6634	κρίκετ	noun	cricket
6635	έψαξε	verb	third-person singular simple past of ψάχνω (psáchno)
6636	σταθερός	adj	constant, steady, stable
6637	απορία	noun	puzzlement, doubt, wonder
6638	τριαντάφυλλο	noun	rose; spoon sweet made from rose petals
6639	συγκινητικό	adj	accusative masculine singular of συγκινητικός (sygkinitikós)
6640	ιδανική	adj	nominative feminine singular of ιδανικός (idanikós)
6641	απόθεμα	noun	store, reserve (of goods)
6642	υπόγραψε	verb	second-person singular simple past imperative of υπογράφω (ypográfo)
6643	παράσιτο	noun	parasite; parasite, freeloader
6644	γιοτ	noun	yacht
6645	κάγκελα	noun	nominative plural of κάγκελο (kágkelo)
6646	πρώτων	adj	masculine/feminine/neuter genitive plural of πρώτος (prótos)
6647	συντριβή	noun	destruction, demolition, catastrophe
6648	δανείστηκα	verb	first-person singular simple past of δανείζομαι (daneízomai)
6649	χαθήκαμε	verb	first-person plural simple past of χάνομαι (chánomai)
6650	απόγνωση	noun	despair, desolation
6651	ξαδέλφη	noun	cousin (female)
6652	αξιολύπητος	adj	pitiful, pitiable
6653	μπουκιά	noun	mouthful
6654	αγγέλους	noun	accusative plural of άγγελος (ángelos)
6655	επίμονα	adv	persistently, doggedly
6656	απέκτησα	verb	first-person singular simple past of αποκτώ (apoktó)
6657	ωκεανός	noun	ocean; wealth
6658	ψεύτες	noun	nominative/accusative/vocative plural of ψεύτης (pséftis)
6659	νίκης	noun	genitive singular of νίκη (níki)
6660	κοντός	adj	short (in height)
6661	διαθέτει	verb	third-person singular present active indicative of διαθέτω (diathéto)
6662	οποίας	pron	genitive feminine singular of οποίος (opoíos)
6663	συνδέσεις	noun	nominative/accusative/vocative plural of σύνδεση (sýndesi)
6664	γυρνάμε	verb	"first-person plural present of γυρνάω (gyrnáo) ""we turn"""
6665	διαδικασίας	noun	genitive singular of διαδικασία (diadikasía)
6666	μισές	adj	nominative feminine plural of μισός (misós)
6667	ρεζίλι	noun	laughing stock, object of ridicule.
6668	μαργαρίτα	noun	daisy (flower); daisywheel, print-wheel
6669	φυλλάδιο	noun	pamphlet; brochure
6670	ετοιμάζω	verb	to prepare
6671	αδικία	noun	wrong, injustice
6672	εξαιρέσεις	noun	nominative/accusative/vocative plural of εξαίρεση (exaíresi)
6673	κεραυνός	noun	thunderbolt, lightning bolt, lightning strike, lightning
6674	κώλους	noun	accusative plural of κώλος (kólos)
6675	μοναχική	adj	nominative feminine singular of μοναχικός (monachikós)
6676	παραγγελίες	noun	nominative/accusative/vocative plural of παραγγελία (parangelía)
6677	σωτήρας	noun	rescuer, saviour
6678	εγγονό	noun	accusative singular of εγγονός (engonós)
6679	τύφλα	noun	blindness
6680	ομοσπονδιακός	adj	federal, federative
6681	αφίσα	noun	poster, bill
6682	φόβου	noun	genitive singular of φόβος (fóvos)
6683	αγγλική	adj	feminine nominative/accusative/vocative singular of αγγλικός (anglikós)
6684	υποθήκη	noun	mortgage; archive moral advice, legacy
6685	ακουστικό	noun	earphone, headphone
6686	άμμος	noun	sand (material found on beaches)
6687	κοινός	adj	common, mutual, shared, joint
6688	ρεσεψιόν	noun	reception, reception desk (especially in a hotel)
6689	πετάχτηκε	verb	third-person singular simple past of πετιέμαι
6690	τεχνητή	adj	feminine nominative/accusative/vocative singular of τεχνητός (technitós)
6691	βίκι	noun	wiki (collaborative website)
6692	βρώμικος	adj	dirty, filthy, polluted
6693	οδοντίατρο	noun	accusative singular of οδοντίατρος (odontíatros)
6694	μιλάνο	name	Milan
6695	βιέννη	name	Vienna (the capital city of Austria)
6696	ιεραρχία	noun	hierarchy
6697	παρθένος	adj	virgin; pure, unadulterated
6698	πατάτα	noun	potato (vegetable, plant or dish)
6699	τεχνικός	adj	technical
6700	σοφό	adj	accusative masculine singular of σοφός (sofós)
6701	ήχου	noun	genitive singular of ήχος (íchos)
6702	παίκτη	noun	genitive singular of παίκτης (paíktis)
6703	ήρεμοι	adj	nominative masculine plural of ήρεμος (íremos)
6704	ακούγοντας	verb	Present participle of ακούω (akoúo): hearing, listening to
6705	τσιμέντο	noun	cement; concrete
6706	φαγούρα	noun	itch, itching
6707	θεατές	noun	nominative/accusative/vocative plural of θεατής (theatís)
6708	διαστήματος	noun	genitive singular of διάστημα (diástima)
6709	χιλιάδων	noun	genitive plural of χιλιάδα (chiliáda)
6710	γυμνασίου	noun	genitive singular of γυμνάσιο (gymnásio)
6711	εκδηλώσεις	noun	nominative/accusative/vocative plural of εκδήλωση (ekdílosi)
6712	ειδικότητα	noun	speciality
6713	ταύρος	noun	bull; Taurus
6714	μοιράζομαι	verb	to share; to divide (between people)
6715	φορείο	noun	stretcher, litter (to carry the sick and injured)
6716	ιανουαρίου	name	genitive singular of Ιανουάριος (Ianouários)
6717	γνωστοί	adj	masculine nominative/vocative plural of γνωστός (gnostós)
6718	αποφεύγω	verb	to avoid (keep away from)
6719	οργάνων	noun	genitive plural of όργανο (órgano)
6720	ολοκληρώσει	verb	active nonfinite form of ολοκληρώνω (olokliróno).
6721	κάλυμμα	noun	cover, hood, lid, cap
6722	σειρήνα	noun	siren, alarm; siren, one of a group of nymphs
6723	τραυματισμένος	verb	passive perfect participle of τραυματίζω (travmatízo): injured; wounded
6724	κόμισσα	noun	countess (rank in the nobility)
6725	φτώχεια	noun	destitution, poverty
6726	εγκρίνω	verb	to approve, sanction, endorse, adopt
6727	μπικίνι	noun	bikini
6728	τύχει	verb	third-person singular dependent
6729	ελληνική	adj	nominative feminine singular of ελληνικός (ellinikós)
6730	πεζοναύτης	noun	marine (member of the Royal Marines, Marine Corps, etc)
6731	αλκοολικός	adj	Of or pertaining to alcohol
6732	προσποιούμαι	verb	to pretend, feign, affect
6733	ενέσεις	noun	nominative/accusative/vocative plural of ένεση (énesi)
6734	μοσχάρι	noun	calf (young cow or bull)
6735	χαιρετώ	verb	to say hello, say goodbye, greet, salute
6736	επισκευές	noun	nominative/accusative/vocative plural of επισκευή (episkeví)
6737	μάταια	adj	neuter nominative/accusative/vocative plural of μάταιος (mátaios)
6738	χάθηκα	verb	first-person singular simple past of χάνομαι (chánomai), the passive of χάνω (cháno)
6739	αναγκάζει	verb	third-person singular present active indicative of αναγκάζω (anagkázo)
6740	ουράνια	adj	nominative/accusative/vocative feminine singular of ουράνιος (ouránios)
6741	μνημείο	noun	memorial, monument
6742	συναντώ	verb	to meet
6743	συνιστώ	verb	to recommend, suggest
6744	ξύλινο	adj	accusative masculine singular of ξύλινος (xýlinos)
6745	θεραπείες	noun	nominative/accusative/vocative plural of θεραπεία (therapeía)
6746	ρομαντικός	adj	romantic (connected with love and romance)
6747	αχούρι	noun	stable, stall; mess, pigsty
6748	καρφίτσα	noun	pin (small nail, etc)
6749	πατρικό	noun	family home
6750	ατυχήματος	noun	genitive singular of ατύχημα (atýchima)
6751	μαρτύριο	noun	martyrdom; torture, agony
6752	υψηλές	adj	nominative/accusative/vocative feminine plural of υψηλός (ypsilós)
6753	έντομο	noun	insect
6754	χρήσης	noun	genitive singular of χρήση (chrísi)
6755	ψυχρός	adj	cold (literally, mainly of weather & figuratively)
6756	εξωγήινη	noun	alien, extraterrestrial being
6757	εκδότης	noun	publisher
6758	παζάρι	noun	an open market (organised, often periodic, trading event); fair; bazaar
6759	χορεύουμε	verb	first-person plural present of χορεύω (chorévo)
6760	φοβήθηκε	verb	third-person singular simple past of φοβάμαι (fovámai)
6761	έμποροι	noun	nominative/vocative plural of έμπορος (émporos)
6762	ερευνητές	noun	nominative/accusative/vocative plural of ερευνητής (erevnitís)
6763	κομψό	adj	accusative masculine singular of κομψός (kompsós)
6764	αργός	adj	slow (acting slowly)
6765	αφτιά	noun	nominative/accusative/vocative plural of αφτί (aftí)
6766	αεροπλάνου	noun	genitive singular of αεροπλάνο (aeropláno)
6767	διοικητικό	adj	accusative masculine singular of διοικητικός (dioikitikós)
6768	σεμινάριο	noun	seminar
6769	στίχους	noun	accusative plural of στίχος (stíchos)
6770	έναντι	adv	towards (in part payment)
6771	γκρίνια	noun	moaning, complaining, querulousness
6772	ακριβείς	adj	nominative masculine plural of ακριβής (akrivís) (expensive)
6773	ανακοπή	noun	check, curb, restraint
6774	ετοίμασα	verb	first-person singular simple past of ετοιμάζω (etoimázo)
6775	γατάκι	noun	kitten; pussy (female genitalia)
6776	ελάχιστη	adj	nominative/accusative/vocative feminine singular of ελάχιστος
6777	βρικόλακα	noun	genitive singular of βρικόλακας (vrikólakas)
6778	πνευματικά	adj	nominative neuter plural of πνευματικός (pnevmatikós)
6779	εξυπηρέτηση	noun	service; service, favour
6780	αποτελείται	verb	third-person singular present of αποτελούμαι (apoteloúmai)
6781	θάλαμος	noun	room, chamber; hospital ward, barrack room
6782	αναρρωτήριο	noun	convalescent home, sanatorium, infirmary
6783	μεθύσι	noun	drunkenness
6784	έξαλλος	adj	frantic, frenzied, very angry
6785	ευημερία	noun	prosperity; happiness
6786	παυσίπονα	adj	neuter nominative/accusative/vocative plural of παυσίπονος (pafsíponos)
6787	σκοτεινές	adj	nominative feminine plural of σκοτεινός (skoteinós)
6788	φυλαχτό	noun	amulet, talisman, charm (an item with magic power)
6789	μπάνιου	noun	genitive singular of μπάνιο (bánio)
6790	λευκού	adj	genitive masculine/neuter singular of λευκός (lefkós)
6791	άστεγος	adj	homeless, literally roofless
6792	καυσίμων	noun	genitive plural of καύσιμο (káfsimo)
6793	ηθικής	noun	genitive singular of ηθική (ithikí)
6794	βαλβίδα	noun	valve; valve (in engine or tyre)
6795	προστάτης	noun	protector; pimp
6796	επίκεντρο	noun	epicentre; center; focal point
6797	βασιλείου	noun	genitive singular of βασίλειο (vasíleio)
6798	καταστήματα	noun	nominative/accusative/vocative plural of κατάστημα (katástima)
6799	σωματοφύλακες	noun	nominative plural of σωματοφύλακας (somatofýlakas)
6800	χαζοί	adj	nominative masculine plural of χαζός (chazós)
6801	αρένα	noun	arena; bullring
6802	προσωπικός	adj	personal, intimate, private
6803	χαζομάρα	noun	stupidity, idiocy (the quality of being stupid)
6804	ήπιαμε	verb	first-person plural simple past of πίνω (píno)
6805	πεθαμένος	verb	dead, deceased, (English euphemisms): departed, late, passed away
6806	προτίμηση	noun	preference
6807	ευγενή	adj	genitive/accusative/vocative masculine singular of ευγενής (evgenís)
6808	μάγουλο	noun	cheek
6809	βενετία	name	Venice (a port city in northeastern Italy; former capital of an independent republic)
6810	υπέροχοι	adj	nominative masculine plural of υπέροχος (ypérochos)
6811	γεννημένος	verb	born
6812	σύμβαση	noun	agreement, contract (legally binding pact between two or more parties)
6813	αναγνώρισης	noun	genitive singular of αναγνώριση (anagnórisi)
6814	εξήντα	num	sixty
6815	λιγότερες	adj	nominative/accusative/vocative feminine plural of λιγότερος
6816	κινέζος	noun	Chinese (a person, usually male, from China or of Chinese ethnicity)
6817	μπριζόλες	noun	nominative plural of μπριζόλα (brizóla)
6818	μηχανισμός	noun	mechanism; machine
6819	προϋπολογισμό	noun	accusative singular of προϋπολογισμός (proÿpologismós)
6820	ονομάζω	verb	to give a name to, call by name, name
6821	αγοραστή	adj	nominative feminine singular of αγοραστός (agorastós)
6822	αεροσκάφη	noun	nominative plural of αεροσκάφος (aeroskáfos)
6823	ανεπάρκεια	noun	insufficiency, inadequacy, scarcity (quality of not enough being available)
6824	αδρεναλίνη	noun	adrenaline (epinephrine, the hormone and neurotransmitter)
6825	κληρονόμος	noun	heir; legatee
6826	αγγίζω	verb	to touch, touch on
6827	λίμνης	noun	genitive singular of λίμνη (límni)
6828	δυναμική	noun	dynamics; dynamics (forces that stimulate growth, change, or development)
6829	τροχό	noun	accusative singular of τροχός (trochós)
6830	φρούτο	noun	fruit; freak
6831	απόρριψη	noun	rejection, dismissal
6832	ειδικούς	adj	accusative masculine plural of ειδικός (eidikós)
6833	αυτοκρατορίας	noun	genitive singular of αυτοκρατορία (aftokratoría)
6834	ντόπιους	adj	accusative masculine plural of ντόπιος (ntópios)
6835	θαυμάσιος	adj	wonderful, admirable, marvellous
6836	κομμένο	verb	accusative masculine singular of κομμένος (komménos)
6837	καλόγρια	noun	nun, sister; prude, prig, puritan
6838	στέκι	noun	haunt, stamping ground, hangout (place where one is regularly found)
6839	αστυφύλακας	noun	officer, constable (police rank)
6840	συμπάθεια	noun	fellow feeling, sympathy
6841	ανεπίσημα	adv	informally, unofficially
6842	πορνεία	noun	prostitution
6843	καλών	adj	masculine/feminine/neuter genitive plural of καλός (kalós)
6844	εργένης	noun	bachelor, unmarried man
6845	μητρικό	adj	accusative masculine singular of μητρικός (mitrikós)
6846	αεράκι	noun	diminutive of αέρας (aéras, “wind”): breeze
6847	τοποθεσίες	noun	nominative/accusative/vocative plural of τοποθεσία (topothesía)
6848	ακουστικά	noun	nominative/accusative/vocative plural of ακουστικό (akoustikó)
6849	αφίσες	noun	nominative plural of αφίσα (afísa)
6850	αλλεργικός	adj	allergic
6851	τυπικά	adj	neuter nominative/accusative/vocative plural of τυπικός (typikós)
6852	επέτειος	noun	anniversary
6853	φεγγαριού	noun	genitive singular of φεγγάρι (fengári)
6854	χούφτα	noun	palm of hand, fist
6855	υψηλού	adj	genitive masculine/neuter singular of υψηλός (ypsilós)
6856	τάξεις	noun	nominative/accusative/vocative plural of τάξη (táxi)
6857	αδελφούς	noun	accusative plural of αδελφός (adelfós)
6858	άθλιος	adj	miserable, wretched, abject
6859	ρωμαίος	name	Roman (a native or resident of Rome, a citizen of the Roman Republic or the Roman Empire)
6860	σεξουαλικής	adj	genitive feminine singular of σεξουαλικός (sexoualikós)
6861	ευτυχίας	noun	genitive singular of ευτυχία (eftychía)
6862	ακτινογραφία	noun	radiography (process of making radiographs)
6863	κάρυ	noun	curry (the spice and the dish prepared from it)
6864	ανταγωνισμός	noun	competition; rivalry, antagonism
6865	κυριαρχία	noun	domination, dominion, rule (the exercise of power in ruling)
6866	πένα	noun	plectrum (for playing guitar, bouzouki, etc)
6867	πνευμόνια	noun	nominative/accusative/vocative plural of πνευμόνι (pnevmóni)
6868	δαγκώνει	verb	"third-person singular present of δαγκώνω (dagkóno): ""he/she/it bites"""
6869	σμόκιν	noun	dinner jacket (UK), tuxedo (US)
6870	φεβρουαρίου	name	genitive singular of Φεβρουάριος (Fevrouários)
6871	σκουπιδιών	noun	genitive plural of σκουπίδι (skoupídi)
6872	ρόλους	noun	accusative plural of ρόλος (rólos)
6873	περιστέρια	noun	nominative/accusative/vocative plural of περιστέρι (peristéri)
6874	περπατώντας	verb	Active present participle of περπατάω (perpatáo).
6875	αμερικάνους	noun	accusative plural of Αμερικάνος (Amerikános)
6876	σαχλαμάρες	noun	nominative plural of σαχλαμάρα (sachlamára)
6877	καθολική	adj	nominative feminine singular of καθολικός (katholikós)
6878	εξερράγη	verb	third-person singular simple past of εκρήγνυμαι (ekrígnymai)
6879	δεσμός	noun	bond, tie (emotional, social)
6880	προσαρμογή	noun	adjustment; adaptation
6881	σατανάς	name	Satan
6882	μικρότερος	adj	comparative degree of μικρός (mikrós)
6883	κρεμμύδια	noun	nominative/accusative/vocative plural of κρεμμύδι (kremmýdi)
6884	δολοφόνε	noun	vocative singular of δολοφόνος (dolofónos)
6885	αρρωστημένο	verb	accusative masculine singular of αρρωστημένος (arrostiménos)
6886	κουρτίνα	noun	curtain (window covering)
6887	επικρατεί	verb	third-person singular present of επικρατώ (epikrató)
6888	ηχογράφηση	noun	sound recording
6889	κιβώτια	noun	nominative plural of κιβώτιο (kivótio)
6890	πιάνουμε	verb	first-person plural present of πιάνω (piáno)
6891	αγαθά	noun	goods, commodities
6892	χαλαρή	adj	nominative/accusative/vocative feminine singular of χαλαρός (chalarós)
6893	τόνος	noun	accent (΄), tonos (the stress accent used in modern Greek)
6894	εξόδους	noun	accusative plural of έξοδος (éxodos)
6895	ακίνητο	noun	real estate; property or land
6896	κέτσαπ	noun	ketchup, (especially) tomato ketchup
6897	κοινωνικό	adj	accusative masculine singular of κοινωνικός (koinonikós)
6898	ηρωίδα	noun	heroine
6899	βαρέλια	noun	nominative/accusative/vocative plural of βαρέλι (varéli)
6900	φώναζαν	verb	"third-person plural imperfect of φωνάζω (fonázo): ""They were shouting"""
6901	δασών	noun	genitive plural of δάσος (dásos)
6902	χτίστηκε	verb	third-person singular simple past of χτίζομαι (chtízomai)
6903	προοπτικές	noun	nominative/accusative/vocative plural of προοπτική (prooptikí)
6904	μικρόβια	noun	nominative plural of μικρόβιο (mikróvio)
6905	δέμα	noun	package, bundle, packet
6906	αντικαταστήσω	verb	first-person singular dependent active of αντικαθιστώ (antikathistó)
6907	παππούδες	noun	nominative plural of παππούς (pappoús) (grandfathers, grandparents)
6908	λογοτεχνία	noun	literature (written works)
6909	άκρο	noun	end, edge, extremity
6910	φυσάει	verb	third-person singular present of φυσώ (fysó)
6911	υπενθύμιση	noun	reminder
6912	αρουραίος	noun	rat (rodent); mouse, vole
6913	κουμπάρος	noun	One's best man, koumbaros: the primary attendant (to the couple) in a wedding ceremony.
6914	φωτεινό	adj	accusative masculine singular of φωτεινός (foteinós)
6915	κλέφτρα	noun	female thief
6916	χαζέ	adj	vocative masculine singular of χαζός (chazós)
6917	κρυμμένος	verb	hidden, latent
6918	καυτός	adj	red hot, boiling, scorching
6919	ραδιενέργεια	noun	radioactivity
6920	χρονοδιάγραμμα	noun	timetable, schedule
6921	κάλτσα	noun	sock; stocking
6922	αρμονία	noun	harmony, accord
6923	ιππασία	noun	riding (the act of one who rides on a horse; a mounted excursion)
6924	συνήγορος	noun	lawyer, advocate, counsel
6925	αμηχανία	noun	embarrassment, discomfiture
6926	γκαζόν	noun	lawn
6927	ηλεκτρονικό	adj	accusative masculine singular of ηλεκτρονικός (ilektronikós)
6928	κόμικς	noun	comics (artistic medium consisting of series of drawings to tell a story)
6929	πανί	noun	cloth, fabric; sail
6930	αγαπητός	adj	dear; likable, lovable
6931	ατάκες	noun	nominative/accusative/vocative plural of ατάκα (atáka)
6932	εργάτης	noun	male worker, labourer, hand, servant
6933	κυβερνήσεις	noun	nominative/accusative/vocative plural of κυβέρνηση (kyvérnisi)
6934	σκεπή	noun	roof (of building)
6935	δήθεν	adj	so-called, supposed, alleged
6936	ισχύς	noun	power, might, strength
6937	νεότερο	adj	accusative masculine singular of νεότερος
6938	πρίζα	noun	wall socket (for an electrical plug)
6939	στόχου	noun	genitive singular of στόχος (stóchos)
6940	διαδρόμους	noun	accusative plural of διάδρομος (diádromos)
6941	βοηθούς	noun	accusative plural of βοηθός (voïthós)
6942	σκύλε	noun	vocative singular of σκύλος (skýlos)
6943	τρίγωνο	noun	triangle (geometric shape)
6944	γειτόνισσα	noun	neighbour (UK), neighbor (US)
6945	επήρεια	noun	influence
6946	αποκατάσταση	noun	restoration, reconstruction, renovation (the process or result)
6947	καθαρίστρια	noun	female cleaner, charwoman (dated British)
6948	φιλικά	adv	in a friendly manner
6949	επικίνδυνες	adj	nominative feminine plural of επικίνδυνος (epikíndynos)
6950	καρότσι	noun	wheelbarrow; baby buggy, pushchair, stroller
6951	αναθεματισμένη	verb	nominative/accusative/vocative feminine singular of αναθεματισμένος (anathematisménos)
6952	λυκάνθρωπος	noun	werewolf (person who is transformed or can transform into a wolf)
6953	πρωινά	adj	nominative/accusative/vocative neuter plural of πρωινός (proïnós)
6954	ζούσες	verb	second-person singular imperfect of ζω (zo)
6955	σκούρο	adj	accusative masculine singular of σκούρος (skoúros)
6956	διεθνής	adj	international
6957	πελάτισσα	noun	female customer, client, patient
6958	νυστέρι	noun	scalpel, lancet
6959	πονοκέφαλος	noun	headache; headache (problem)
6960	τζέρσεϊ	name	Jersey (an island in the English Channel)
6961	όμορφε	adj	vocative masculine singular of όμορφος (ómorfos)
6962	κέντρου	noun	genitive singular of κέντρο (kéntro)
6963	λεπτών	noun	genitive plural of λεπτό (leptó)
6964	ειλικρινή	adj	accusative masculine singular of ειλικρινής (eilikrinís)
6965	συντήρηση	noun	maintenance, conservation, preservation
6966	ταχυδρόμος	noun	postwoman, postman, letter-carrier (UK)
6967	όμηρος	noun	hostage
6968	αρραβώνων	noun	genitive plural of αρραβώνας (arravónas)
6969	έψαξες	verb	second-person singular simple past of ψάχνω (psáchno)
6970	σπασμένη	verb	nominative/accusative/vocative feminine singular of σπασμένος (spasménos)
6971	τρέμω	verb	to tremble, shake, shiver
6972	αμερικανίδα	noun	American (a female person of or from the USA or the Americas)
6973	γενναίοι	adj	nominative masculine plural of γενναίος (gennaíos)
6974	γενναιοδωρία	noun	generosity (the trait of being willing to donate money, resources, or time)
6975	μετάβαση	noun	going across, passage across, crossover
6976	βίζα	noun	visa (permit)
6977	αμ	particle	(and, also, neither, nor)
6978	αντίποινα	noun	retaliation, reprisal
6979	ομόλογα	adj	nominative neuter plural of ομόλογος (omólogos)
6980	καστανά	adj	nominative/accusative/vocative neuter plural of καστανός (kastanós)
6981	αφορούσε	verb	"third-person singular imperfect of αφορά (aforá) ""he/she/it concerned"""
6982	αναπτήρα	noun	genitive singular of αναπτήρας (anaptíras)
6983	ζωγραφική	noun	painting (the production of an artwork)
6984	χυμός	noun	juice
6985	πολύτιμος	adj	valuable, precious, invaluable, priceless
6986	συνέλευση	noun	assembly, congress, diet, synod (legislative bodies)
6987	κυρίους	noun	accusative plural of κύριος (kýrios)
6988	πρωτοχρονιά	name	New Year's Day
6989	νόστιμα	adj	nominative neuter plural of νόστιμος (nóstimos)
6990	μεγαλώσουν	verb	third-person plural dependent of μεγαλώνω (megalóno)
6991	όχθη	noun	riverbank, bank
6992	καρύδι	noun	walnut; pecan
6993	οξφόρδη	name	Oxford (a city in England)
6994	αλλάξαμε	verb	first-person plural simple past of αλλάζω (allázo)
6995	βάσανα	noun	nominative/accusative/vocative plural of βάσανο (vásano)
6996	κίτρινη	adj	nominative feminine singular of κίτρινος (kítrinos)
6997	στάσεις	noun	nominative/accusative/vocative plural of στάση (stási)
6998	πολεμικές	adj	nominative feminine plural of πολεμικός (polemikós)
6999	ταβέρνα	noun	taverna, cafe
7000	μπράτσο	noun	upper arm; the arm of a chair
7001	διάσημοι	adj	nominative masculine plural of διάσημος (diásimos)
7002	αναφέρομαι	verb	to come up, refer to, relate to (in conversation)
7003	λουρί	noun	strap, belt; rein, lead, leash
7004	κελιά	noun	nominative plural of κελί (kelí)
7005	αποστάσεις	noun	nominative/accusative/vocative plural of απόσταση (apóstasi)
7006	αφρικής	name	genitive singular of Αφρική (Afrikí)
7007	εθελοντής	noun	volunteer
7008	νεκρές	adj	nominative feminine plural of νεκρός (nekrós)
7009	σάλια	noun	nominative/accusative/vocative plural of σάλι (sáli)
7010	τάφους	noun	accusative plural of τάφος (táfos)
7011	κορώνα	noun	crown; krona (currency of Sweden)
7012	κινέζους	noun	accusative plural of Κινέζος (Kinézos)
7013	μετάθεση	noun	transposition; transfer (of an employee)
7014	κέρμα	noun	coin
7015	ενοχλητικός	adj	annoying, bothersome, irritating, pesky
7016	μάρα	noun	Found in expressions
7017	ταύρο	noun	accusative singular of ταύρος (távros)
7018	διαόλου	noun	genitive singular of διάολος (diáolos)
7019	γκόμενος	noun	boyfriend (male partner in an unmarried romantic relationship)
7020	μπερδεύτηκα	verb	first-person singular simple past of μπερδεύομαι
7021	πρεζόνι	noun	junkie, drug addict, drug fiend
7022	δράστες	noun	nominative/accusative/vocative plural of δράστης (drástis)
7023	λαχείο	noun	lottery, lottery ticket, lottery prize
7024	γένια	noun	beard (facial hair)
7025	γλέντι	noun	party, carousal, celebration, revelry, shindig, spree
7026	παγκόσμιος	adj	global, worldwide, universal, world
7027	ντουζ	noun	shower (device for bathing)
7028	ασταμάτητα	adv	unstoppably, unrelentingly; continuously
7029	ευρώπης	name	genitive singular of Ευρώπη (Evrópi)
7030	αστειεύεται	verb	third-person singular present indicative of αστειεύομαι (asteiévomai)
7031	δράκου	noun	genitive singular of δράκος (drákos)
7032	αναζήτησης	noun	genitive singular of αναζήτηση (anazítisi)
7033	αράχνες	noun	nominative/accusative/vocative plural of αράχνη (aráchni)
7034	καταπακτή	noun	trapdoor
7035	γιαούρτι	noun	yogurt, yoghurt, yogourt (Canada)
7036	βιασμός	noun	rape
7037	αδελφούλα	noun	diminutive of αδελφή (adelfí, “sister”)
7038	μπύρας	noun	genitive singular of μπύρα (býra)
7039	πίτες	noun	nominative/accusative/vocative plural of πίτα (píta)
7040	σοκάκι	noun	back street, back alley, back alleyway, alley (small and narrow street in a neighbourhood)
7041	παλίρροια	noun	tide
7042	χαλαρός	adj	loose, slack; lax, relaxed
7043	κυνηγούς	noun	accusative plural of κυνηγός (kynigós)
7044	εργοστάσια	noun	nominative/accusative/vocative plural of εργοστάσιο (ergostásio)
7045	ξεσπάσει	verb	third-person singular dependent
7046	ασφάλειες	noun	nominative/accusative/vocative plural of ασφάλεια (asfáleia)
7047	θύμωσα	verb	first-person singular simple past of θυμώνω (thymóno)
7048	βότανα	noun	nominative/accusative/vocative plural of βότανο (vótano)
7049	μάταιο	adj	masculine accusative singular
7050	επιστάτη	noun	genitive singular of επιστάτης (epistátis)
7051	σηκώθηκα	verb	first-person singular simple past of σηκώνομαι (sikónomai)
7052	χημική	adj	nominative feminine singular of χημικός (chimikós)
7053	εφορία	noun	tax office
7054	τελειότητα	noun	perfection
7055	απελπισία	noun	hopelessness, despair, distress
7056	παράβαση	noun	offence, transgression, violation, infraction, contravention
7057	σοφή	adj	nominative/accusative/vocative feminine singular of σοφός (sofós)
7058	βιταμίνες	noun	nominative/accusative/vocative plural of βιταμίνη (vitamíni)
7059	ανιψιό	noun	accusative singular of ανιψιός (anipsiós)
7060	περιττό	adj	accusative masculine singular of περιττός (perittós)
7061	αγώνων	noun	genitive plural of αγώνας (agónas) and αγών (agón)
7062	φρουράς	noun	genitive singular of φρουρά (frourá)
7063	γενναιόδωρο	adj	accusative masculine singular of γενναιόδωρος (gennaiódoros)
7064	προμήθεια	noun	procurement, purveyance, supply
7065	μέγιστο	adj	accusative masculine singular of μέγιστος
7066	χριστιανός	noun	Christian; guy (person)
7067	κλαδί	noun	branch
7068	γενιάς	noun	genitive singular of γενιά (geniá)
7069	νήματα	noun	nominative/accusative/vocative plural of νήμα (níma)
7070	ενημέρωσης	noun	genitive singular of ενημέρωση (enimérosi)
7071	σώζω	verb	to save, rescue
7072	διαχειριστής	noun	administrator, director, operator, manager
7073	αρχαίοι	adj	nominative/vocative masculine plural of αρχαίος (archaíos)
7074	αξιόπιστη	adj	nominative feminine singular of αξιόπιστος (axiópistos)
7075	έργου	noun	genitive singular of έργο (érgo)
7076	βαλτιμόρη	name	Baltimore (a city in Maryland, United States)
7077	πεδία	noun	nominative/accusative/vocative plural of πεδίο (pedío)
7078	χρέωση	noun	debit, fee, charge, price
7079	ανατροφή	noun	upbringing, education
7080	επιλέγω	verb	to choose, select, pick (decide upon from a set of options)
7081	συνέπεια	noun	consistency (reliability or uniformity; the quality of being consistent)
7082	βόμβας	noun	genitive singular of βόμβα (vómva)
7083	αναστολής	noun	genitive singular of αναστολή (anastolí)
7084	ιντιάνα	name	Indiana (a state of the United States)
7085	τολμώ	verb	to dare; to be daring, take risks
7086	ασθενούς	adj	genitive masculine/feminine/neuter singular of ασθενής (asthenís)
7087	πανιά	noun	nominative/accusative/vocative plural of πανί (paní)
7088	ποδιά	noun	apron, pinafore
7089	σημειωματάριο	noun	notebook (book for notes and memoranda)
7090	αρουραίους	noun	accusative plural of αρουραίος (arouraíos)
7091	αξιόπιστος	adj	trustworthy, reliable, credible
7092	τίς	pron	Older polytonic spelling of τις (tis) interrogative in old set phrases like
7093	αλληλούια	intj	alleluia, hallelujah
7094	δημόσιος	adj	public
7095	στατιστικά	adj	nominative/accusative/vocative neuter plural of στατιστικός (statistikós)
7096	τραπεζικό	adj	accusative masculine singular of τραπεζικός (trapezikós)
7097	προσγείωσης	noun	genitive singular of προσγείωση (prosgeíosi)
7098	σουηδία	name	Sweden (a country in Scandinavia in Northern Europe)
7099	θανάσιμο	adj	accusative masculine singular of θανάσιμος (thanásimos)
7100	ψεύτικος	adj	fake, false, spurious, bogus
7101	ταλαντούχος	adj	talented, gifted
7102	πηδάω	verb	to jump, leap (all senses)
7103	σχοινιά	noun	nominative/accusative/vocative plural of σχοινί (schoiní)
7104	απομεινάρια	noun	nominative/accusative/vocative plural of απομεινάρι (apomeinári)
7105	λεωφορεία	noun	nominative/accusative/vocative plural of λεωφορείο (leoforeío)
7106	μαϊμούδες	noun	nominative/accusative/vocative plural of μαϊμού (maïmoú)
7107	προορισμός	noun	destination; mission, aim, purpose
7108	παγκοσμίως	adv	globally, worldwide, all over the world
7109	φυλάκιση	noun	confinement in prison, imprisonment, incarceration
7110	αλλαγής	noun	genitive singular of αλλαγή (allagí)
7111	εμβέλειας	noun	genitive singular of εμβέλεια (emvéleia)
7112	αυξηθεί	verb	passive nonfinite form of αυξάνομαι (afxánomai), the passive of αυξάνω (afxáno).
7113	παραδεχτεί	verb	passive nonfinite form of παραδέχομαι (paradéchomai)
7114	καθυστερήσεις	noun	nominative/accusative/vocative plural of καθυστέρηση (kathystérisi)
7115	στρατοδικείο	noun	army court martial
7116	δάνεια	noun	nominative/accusative/vocative plural of δάνειο (dáneio)
7117	αποθέματα	noun	reserves
7118	πλέγμα	noun	mesh, lattice, network, braid (a structure made of connected strands)
7119	αγγλικό	adj	accusative masculine singular of αγγλικός (anglikós)
7120	καριόλης	noun	asshole, bastard, fucker, douche, wanker (general term of abuse for a man)
7121	πρωθυπουργό	noun	accusative singular of πρωθυπουργός (prothypourgós)
7122	ακούγομαι	verb	to be heard, be listened to
7123	κακοποιός	adj	criminal
7124	μαγείρισσα	noun	cook, chef
7125	πλησιάζω	verb	to approach, bring, move closer
7126	ισοπαλία	noun	tie, draw (in any contest)
7127	ψυχολογική	adj	nominative/accusative/vocative feminine singular of ψυχολογικός (psychologikós)
7128	προβλέψεις	noun	nominative/accusative/vocative plural of πρόβλεψη (próvlepsi)
7129	σχεδίων	noun	genitive plural of σχέδιο (schédio)
7130	νάρκη	noun	torpor, stupor, lethargy
7131	κλωστή	noun	thread, cotton, strand, filament
7132	αποθήκες	noun	nominative/accusative/vocative plural of αποθήκη (apothíki)
7133	κυριακές	noun	nominative/accusative/vocative plural of Κυριακή (Kyriakí)
7134	κατάχρηση	noun	abuse of power, alcohol, drugs, etc
7135	στρατόπεδα	noun	nominative/accusative/vocative plural of στρατόπεδο (stratópedo)
7136	εργαστηρίου	noun	genitive singular of εργαστήριο (ergastírio)
7137	υπουργείου	noun	genitive singular of υπουργείο (ypourgeío)
7138	πλύσιμο	noun	washing, cleaning (using water, etc to clean something)
7139	άγνοια	noun	ignorance, unfamiliarity, unawareness, unbeknownst
7140	αξιωματικέ	adj	vocative masculine singular of αξιωματικός (axiomatikós)
7141	βιβλίων	noun	genitive plural of βιβλίο (vivlío)
7142	μικροσκοπικό	adj	accusative masculine singular of μικροσκοπικός (mikroskopikós)
7143	βασικές	adj	nominative/accusative/vocative feminine plural of βασικός (vasikós)
7144	αγωγό	noun	accusative singular of αγωγός (agogós)
7145	επώνυμο	noun	surname, family name, last name
7146	σταυρός	noun	cross (geometrical figure)
7147	μίσους	noun	genitive singular of μίσος (mísos)
7148	πριόνι	noun	saw (cutting tool)
7149	ευαισθησία	noun	sensitivity, sensitiveness
7150	δακτυλικά	adj	nominative neuter plural of δακτυλικός (daktylikós)
7151	φεύγοντας	verb	active present participle of φεύγω (févgo)
7152	κίνας	noun	genitive singular of Κίνα (Kína)
7153	όμορφοι	adj	nominative/vocative masculine plural of όμορφος (ómorfos)
7154	ορόφους	noun	accusative plural of όροφος (órofos)
7155	βαρύτητας	noun	genitive singular of βαρύτητα (varýtita)
7156	φυσικός	adj	natural, normal
7157	χορευτής	noun	dancer
7158	μονοπάτια	noun	nominative plural of μονοπάτι (monopáti)
7159	αμοιβαία	adv	mutually
7160	περικοπές	noun	nominative/accusative/vocative plural of περικοπή (perikopí)
7161	ξαδέρφια	noun	nominative/accusative/vocative plural of ξαδέρφι (xadérfi) (cousins)
7162	μύθο	noun	accusative singular of μύθος (mýthos)
7163	εισόδημα	noun	income, revenue
7164	απορίες	noun	nominative/accusative/vocative plural of απορία (aporía)
7165	διάδρομος	noun	corridor, passage (in building, train, etc)
7166	ανώνυμη	adj	nominative feminine singular of ανώνυμος (anónymos)
7167	σκόρδο	noun	garlic (plant, bulb)
7168	ετοιμάζομαι	verb	to get ready, prepare oneself
7169	αλεύρι	noun	flour (ground cereal grains, especially wheat)
7170	ασέβεια	noun	disrespect, disrespectfulness, contempt, impiety, impiousness
7171	παράξενες	adj	nominative feminine plural of παράξενος (paráxenos)
7172	αντιδραστήρα	noun	genitive/accusative/vocative singular of αντιδραστήρας (antidrastíras)
7173	εξελίξεις	noun	nominative/accusative/vocative plural of εξέλιξη (exélixi)
7174	τυχερά	adj	nominative/accusative/vocative neuter plural of τυχερός (tycherós)
7175	εσώρουχο	noun	underwear, undergarment, underclothing
7176	βελτιωθεί	verb	passive nonfinite form of βελτιώνω (veltióno)
7177	προφυλάξεις	noun	nominative/accusative/vocative plural of προφύλαξη (profýlaxi)
7178	έσκασα	verb	first-person singular simple past of σκάω (skáo)
7179	εικασία	noun	guess, conjecture, guesswork
7180	τοπικά	adj	nominative/accusative/vocative neuter plural of τοπικός (topikós)
7181	ελεύθερες	adj	nominative/accusative/vocative feminine plural of ελεύθερος (eléftheros)
7182	ποντάρω	verb	to bet, wager
7183	τζίντζερ	noun	ginger (spice)
7184	δάγκωμα	noun	bite, biting (the act of biting)
7185	παραδόθηκε	verb	third-person singular simple past of παραδίδομαι
7186	παρόντες	adj	nominative/accusative/vocative masculine plural of παρών (parón)
7187	ενδιαφέρων	adj	interesting
7188	βεβαιότητα	noun	certainty, confidence, guarantee
7189	θέρμανση	noun	heating
7190	πυρήνας	noun	core, stone, pit (of fruit)
7191	αλά	prep	in the style of, in the manner of
7192	φιστίκια	noun	nominative/accusative/vocative plural of φιστίκι (fistíki)
7193	χειρότεροι	adj	nominative masculine plural of χειρότερος (cheiróteros)
7194	επιπλοκές	noun	nominative/accusative/vocative plural of επιπλοκή (epiplokí)
7195	μουλάρι	noun	mule
7196	δίδυμο	noun	duet; a type of horse race bet
7197	μαριονέτα	noun	puppet, marionette
7198	πυροσβέστης	noun	fireman, firefighter (male)
7199	τακτικά	adv	regularly
7200	λεωφόρος	noun	wide city street or highway
7201	αρραβωνιαστικό	noun	accusative singular of αρραβωνιαστικός (arravoniastikós)
7202	απαγωγής	noun	genitive singular of απαγωγή (apagogí)
7203	κάποιων	pron	genitive masculine plural of κάποιος (kápoios)
7204	μεγαλύτεροι	adj	nominative masculine plural of μεγαλύτερος
7205	θησαυρού	noun	genitive singular of θησαυρός (thisavrós)
7206	αντικαταστάτη	noun	genitive singular of αντικαταστάτης (antikatastátis)
7207	αντιπερισπασμό	noun	accusative singular of αντιπερισπασμός (antiperispasmós)
7208	αντοχή	noun	endurance, withstanding
7209	πλάγια	adj	nominative/accusative/vocative feminine singular
7210	εθισμένος	adj	addicted (to something)
7211	αθλητής	noun	athlete, sportsman
7212	επίδεσμο	noun	accusative singular of επίδεσμος (epídesmos)
7213	μεθυσμένοι	adj	nominative masculine plural of μεθυσμένος (methysménos)
7214	σεούλ	name	Seoul (the capital city of South Korea)
7215	κρύπτη	noun	hidden secret place
7216	μάγκας	noun	tough guy, macho man
7217	ανώνυμο	adj	accusative masculine singular of ανώνυμος (anónymos)
7218	μέλλοντος	noun	genitive singular of μέλλον (méllon)
7219	μπαίνετε	verb	second-person plural present of μπαίνω (baíno)
7220	ντεντέκτιβ	noun	detective (police officer who looks for evidence as part of solving a crime)
7221	εκβιασμός	noun	blackmail
7222	ανωμαλίες	noun	nominative plural of ανωμαλία (anomalía)
7223	πουλιών	noun	genitive plural of πουλί (poulí)
7224	χρηματιστήριο	noun	stock market, stock exchange
7225	ενημερώνω	verb	to update, fill in, keep someone posted
7226	διασκέδασης	noun	genitive singular of διασκέδαση (diaskédasi)
7227	τούβλα	name	nominative/accusative/vocative plural of τούβλο (toúvlo)
7228	δυνατές	adj	nominative feminine plural of δυνατός (dynatós)
7229	συνδικάτο	noun	trade union
7230	τεχνικό	adj	accusative masculine singular of τεχνικός (technikós)
7231	σημαντικοί	adj	nominative masculine plural of σημαντικός (simantikós)
7232	δικών	noun	genitive plural of δίκη (díki)
7233	αστυνομικών	adj	genitive masculine/feminine/neuter plural of αστυνομικός (astynomikós)
7234	έφηβοι	noun	nominative/vocative plural of έφηβος (éfivos)
7235	γαμάτη	adj	nominative feminine singular of γαμάτος (gamátos)
7236	χρήματος	noun	genitive singular of χρήμα (chríma)
7237	γνωστούς	adj	accusative masculine plural of γνωστός (gnostós)
7238	νεαρές	adj	nominative feminine plural of νεαρός (nearós)
7239	γερουσία	noun	senate
7240	παρατηρήσεις	noun	nominative/accusative/vocative plural of παρατήρηση (paratírisi)
7241	παθαίνω	verb	to happen to (something negative), be wrong with, suffer, undergo
7242	αθλητές	noun	nominative/accusative/vocative plural of αθλητής (athlitís)
7243	αιδεσιμότατος	noun	most reverend, very reverend (used for married priests)
7244	βαθύτερα	adv	comparative degree of βαθιά (vathiá, “more deeply”)
7245	καθυστερημένος	verb	passive perfect participle of καθυστερώ (kathysteró)
7246	μαζικής	adj	genitive feminine singular of μαζικός (mazikós)
7247	παναγιά	name	Virgin Mary, Holy Mary (the mother of Jesus)
7248	πνευματικό	adj	accusative masculine singular of πνευματικός (pnevmatikós)
7249	βρετανικό	adj	accusative masculine singular of βρετανικός (vretanikós)
7250	αγγελιοφόρος	noun	messenger, herald
7251	λίτρα	noun	nominative/accusative/vocative plural of λίτρο (lítro)
7252	ανοικτά	adv	openly; on the high seas
7253	όμηροι	noun	nominative/vocative plural of όμηρος (ómiros)
7254	χείλια	noun	nominative/accusative/vocative plural of χείλι (cheíli)
7255	αποδοχή	noun	acceptance; salary, earnings
7256	αθωότητα	noun	innocence, lack of guilt
7257	ρούχο	noun	garment; clothes, clothing, dress
7258	κορδέλα	noun	ribbon; tape
7259	ιστορική	adj	nominative feminine singular of ιστορικός (istorikós)
7260	λεξικό	noun	dictionary, lexicon
7261	υγιείς	adj	nominative masculine plural of υγιής (ygiís)
7262	στάθηκα	verb	first-person singular simple past of στέκομαι (stékomai)
7263	αίρεση	noun	heresy; sect, a sect's followers
7264	αθάνατος	adj	immortal
7265	μαθηματικών	noun	genitive plural of μαθηματικά (mathimatiká)
7266	αδερφούς	noun	accusative plural of αδερφός (aderfós)
7267	επισκέφτηκε	verb	third-person singular simple past of επισκέπτομαι (episképtomai)
7268	παλιού	adj	genitive masculine singular of παλιός (paliós)
7269	κλήσης	noun	genitive singular of κλήση (klísi)
7270	εγρήγορση	noun	alertness, vigilance, wakefulness
7271	οργανώσεις	noun	nominative/accusative/vocative plural of οργάνωση (orgánosi)
7272	αλλεργία	noun	allergy (condition)
7273	περιγράφει	verb	third-person singular present active indicative of περιγράφω (perigráfo)
7274	ταλαντούχα	adj	nominative feminine singular of ταλαντούχος (talantoúchos)
7275	πατώματα	noun	nominative/accusative/vocative plural of πάτωμα (pátoma)
7276	δικαιούμαι	verb	to be entitled to
7277	χημικό	noun	accusative singular of χημικός (chimikós)
7278	διάγραμμα	noun	diagram
7279	μέσος	adj	middle, mid; average, mean
7280	ανακρίνουμε	verb	first-person plural present active indicative of ανακρίνω (anakríno)
7281	εφηβεία	noun	adolescence, puberty
7282	επιγραφή	noun	inscription (especially carved in stone)
7283	μείγμα	noun	mixture, a combination of materials
7284	λευκών	adj	genitive masculine/feminine/neuter plural of λευκός (lefkós)
7285	νεότερη	adj	nominative feminine singular of νεότερος
7286	αξιοπιστία	noun	credibility, reliability, trustworthiness
7287	άνεργος	adj	unemployed, jobless
7288	χιλιοστών	adj	genitive masculine plural of χιλιοστός (chiliostós)
7289	εμπόρους	noun	accusative plural of έμπορος (émporos)
7290	λαθρεμπόριο	noun	smuggling, trafficking
7291	βρακί	noun	briefs, panties, knickers (female underclothing), underpants (male underclothing)
7292	ρούχων	noun	genitive plural of ρούχο (roúcho)
7293	δημοφιλές	adj	nominative/accusative/vocative neuter singular of δημοφιλής (dimofilís)
7294	πρύτανη	noun	genitive/accusative/vocative singular of πρύτανης (prýtanis)
7295	κρατηθώ	verb	first-person singular dependent of κρατιέμαι (kratiémai)
7296	κάψιμο	noun	burning, burn (the act by which something burns or is burned)
7297	κογιότ	noun	coyote
7298	κύριου	adj	genitive masculine/neuter singular of κύριος (kýrios)
7299	αύρα	noun	breeze
7300	αναπληρωτής	noun	deputy; substitute, replacement (person)
7301	ατομική	adj	nominative feminine singular of ατομικός (atomikós)
7302	τηλεοπτικό	adj	accusative masculine singular of τηλεοπτικός (tileoptikós)
7303	εξέδρα	noun	podium, dais, platform
7304	αντίκες	noun	nominative/accusative/vocative plural of αντίκα (antíka)
7305	σέλα	noun	saddle; saddle (for bicycle, etc)
7306	αναπνέω	verb	to breathe; to inhale, live
7307	κουνέλια	noun	nominative plural of κουνέλι (kounéli)
7308	αναψυκτικά	noun	nominative plural of αναψυκτικό (anapsyktikó)
7309	θάνατοι	noun	nominative plural of θάνατος (thánatos)
7310	σωματείο	noun	union, association, club, league (a group or association of cooperating members)
7311	προειδοποιήσεις	noun	nominative/accusative/vocative plural of προειδοποίηση (proeidopoíisi)
7312	δωροδοκία	noun	bribe; bribery
7313	σφιχτό	adj	accusative masculine singular of σφιχτός (sfichtós)
7314	αρχιτέκτονας	noun	architect, designer (of buildings)
7315	υπολοχαγό	noun	accusative singular of υπολοχαγός (ypolochagós)
7316	λίστας	noun	genitive singular of λίστα (lísta)
7317	χαθείς	verb	second-person singular dependent of χάνομαι (chánomai), the passive of χάνω (cháno)
7318	εγκυμοσύνης	noun	genitive singular of εγκυμοσύνη (egkymosýni)
7319	πηδάλιο	noun	rudder, helm; A part of a watch used to control the spring.
7320	φρόνιμα	adj	nominative/accusative/vocative neuter plural of φρόνιμος (frónimos)
7321	οριστικά	adj	nominative/accusative/vocative neuter plural of οριστικός (oristikós)
7322	παλάμη	noun	palm, hand; decimetre
7323	πιθανές	adj	nominative feminine plural of πιθανός (pithanós)
7324	κουπ	noun	hairstyle
7325	απαίτηση	noun	demand; claim, pretence
7326	ρυθμίσεις	noun	nominative/accusative/vocative plural of ρύθμιση (rýthmisi)
7327	οδήγησα	verb	first-person singular simple past of οδηγώ (odigó)
7328	ρωτώ	verb	to ask (about); to enquire (UK), inquire (US)
7329	κρατητήριο	noun	cells area in police station
7330	φακούς	noun	accusative plural of φακός (fakós)
7331	προβλήματος	noun	genitive singular of πρόβλημα (próvlima)
7332	καθιστικό	noun	sitting room, lounge
7333	αποδεικτικό	adj	accusative masculine singular of αποδεικτικός (apodeiktikós)
7334	κουραστική	adj	nominative/accusative/vocative feminine singular of κουραστικός (kourastikós)
7335	παπάρια	noun	nominative plural of παπάρι (papári)
7336	οδηγοί	noun	nominative/vocative plural of οδηγός (odigós)
7337	καθρέφτης	noun	mirror; looking glass
7338	βιβλιοπωλείο	noun	bookshop, bookstore
7339	καλούμε	verb	first-person plural present of καλώ (kaló)
7340	τηλεφωνητής	noun	telephonist, telegraphist, operator
7341	ιδανικά	adv	ideally, perfectly
7342	ακίνητα	adj	nominative neuter plural of ακίνητος (akínitos)
7343	απόκριες	name	nominative/accusative/vocative plural of Απόκρια (Apókria)
7344	τηλεοπτική	adj	nominative feminine singular of τηλεοπτικός (tileoptikós)
7345	σκουλαρίκι	noun	earring
7346	άκατο	noun	accusative singular of άκατος (ákatos)
7347	πρόδωσα	verb	first-person singular simple past of προδίδω (prodído)
7348	αντιβιοτικά	adj	nominative neuter plural of αντιβιοτικός (antiviotikós)
7349	γονέων	noun	genitive plural of γονέας (gonéas)
7350	εφεύρεση	noun	invention (process and product)
7351	αγοραστές	adj	nominative feminine plural of αγοραστός (agorastós)
7352	ζαχαρωτά	adj	nominative neuter plural of ζαχαρωτός (zacharotós)
7353	διαμαρτυρία	noun	protest (formal objection)
7354	γάτας	noun	genitive singular of γάτα (gáta)
7355	στρατιωτών	noun	genitive plural of στρατιώτης (stratiótis)
7356	ιδιοκτήτρια	noun	proprietress, proprietor, owner (female)
7357	κρύσταλλο	noun	mineral crystal, crystal glass, ice
7358	κρασιού	noun	genitive singular of κρασί (krasí)
7359	αίτια	adj	nominative/accusative/vocative feminine singular of αίτιος (aítios)
7360	έθιμο	noun	custom, tradition
7361	μέλισσα	noun	bee
7362	μητριά	noun	stepmother (the wife of a biological father who is not the biological mother)
7363	ασφάλιση	noun	insurance
7364	θεμέλια	noun	foundations, substructure
7365	αρπακτικό	noun	bird of prey; predator
7366	καταδικασμένος	verb	passive perfect participle of καταδικάζω (katadikázo)
7367	θυμωμένοι	verb	nominative/vocative masculine plural of θυμωμένος (thymoménos)
7368	κομμουνιστές	noun	nominative/accusative/vocative plural of κομμουνιστής (kommounistís)
7369	μερίδα	noun	portion, part (fraction of a whole)
7370	μεθυσμένο	adj	accusative neuter singular of μεθυσμένος (methysménos)
7371	διαφωνίες	noun	nominative/accusative/vocative plural of διαφωνία (diafonía)
7372	βροχής	noun	genitive singular of βροχή (vrochí)
7373	μόρφωση	noun	education; erudition, learning
7374	εντοπίστηκε	verb	third-person singular simple past of εντοπίζομαι
7375	ζηλιάρης	adj	envious, jealous, possessive
7376	λάμπες	noun	nominative/accusative/vocative plural of λάμπα (lámpa)
7377	τυφώνας	noun	hurricane, typhoon
7378	προφήτης	noun	prophet
7379	επέκταση	noun	expansion, extension, spreading
7380	τούβλο	noun	brick (hardened rectangular block of mud, clay etc., used for building)
7381	μελλοντική	adj	nominative feminine singular of μελλοντικός (mellontikós)
7382	αερίων	noun	genitive plural of αέριο (aério)
7383	μπανάνες	noun	nominative/accusative/vocative plural of μπανάνα (banána)
7384	καθαροί	adj	nominative masculine plural of καθαρός (katharós)
7385	ελέγχους	noun	accusative plural of έλεγχος (élenchos)
7386	αγενές	adj	nominative/accusative neuter singular of αγενής (agenís)
7387	εγκατέλειψα	verb	first-person singular simple past of εγκαταλείπω (egkataleípo)
7388	πιόνι	noun	pawn
7389	λιβάδι	noun	meadow, pasture, lea
7390	μάσα	noun	chow, grub, food
7391	ζώου	noun	genitive singular of ζώο (zóo)
7392	τρίτης	noun	genitive singular of Τρίτη (Tríti)
7393	δεκανέας	noun	corporal (the NATO military rank OR-4)
7394	εφημερίδας	noun	genitive singular of εφημερίδα (efimerída)
7395	υπογράφω	verb	to sign, put signature to
7396	τρομοκράτη	noun	genitive/accusative/vocative singular of τρομοκράτης (tromokrátis)
7397	ψυχιατρείο	noun	psychiatric hospital, mental hospital
7398	κουραστικό	adj	accusative masculine singular of κουραστικός (kourastikós)
7399	αισιόδοξος	adj	optimistic
7400	τελευταίων	adj	genitive masculine plural of τελευταίος (teleftaíos)
7401	αρετή	noun	virtue (excellence in morals)
7402	γυμνά	adj	nominative neuter plural of γυμνός (gymnós)
7403	σταδιακά	adj	nominative/accusative/vocative neuter plural of σταδιακός (stadiakós)
7404	πολλαπλά	adj	neuter nominative/accusative/vocative plural of πολλαπλός (pollaplós)
7405	κοντό	adj	accusative masculine singular of κοντός (kontós)
7406	καθεστώς	noun	regime; status quo
7407	έλληνες	noun	nominative/accusative/vocative plural of έλληνας (éllinas)
7408	γρατζουνιά	noun	graze, abrasion, scratch
7409	πηγούνι	noun	chin
7410	συνόρων	noun	genitive plural of σύνορο (sýnoro, “border, boundary, limit; frontier”)
7411	στρώματα	noun	nominative/accusative/vocative plural of στρώμα (stróma)
7412	χασάπης	noun	butcher, meat seller, slaughterer
7413	λυπήθηκα	verb	first-person singular simple past of λυπάμαι (lypámai)
7414	νηπιαγωγείο	noun	nursery school, kindergarten
7415	ερασιτέχνες	noun	nominative/accusative/vocative plural of ερασιτέχνης (erasitéchnis)
7416	οηε	name	initialism of Οργανισμός Ηνωμένων Εθνών (Organismós Inoménon Ethnón, “United Nations Organisation, UNO”)
7417	μετανάστες	noun	nominative/accusative/vocative plural of μετανάστης (metanástis)
7418	αύγουστο	name	accusative singular of Αύγουστος (Ávgoustos)
7419	γονίδια	noun	nominative/accusative/vocative plural of γονίδιο (gonídio)
7420	παράγοντας	noun	factor (that which contributes to a result)
7421	φρόντισα	verb	first-person singular simple past of φροντίζω (frontízo)
7422	μοναχός	noun	monk, friar
7423	πληρώνομαι	verb	passive of πληρώνω (pliróno)
7424	σωματοφύλακας	noun	bodyguard (protector)
7425	ελεύθερους	adj	accusative masculine plural of ελεύθερος (eléftheros)
7426	μεταφορέα	noun	genitive/accusative/vocative singular of μεταφορέας (metaforéas)
7427	θέλησα	verb	first-person singular simple past of θέλω (thélo)
7428	πάσχει	verb	third-person singular present indicative of πάσχω (páscho)
7429	ηλικιωμένη	noun	elderly woman
7430	φυστικοβούτυρο	noun	peanut butter
7431	ιούνιο	name	accusative singular of Ιούνιος (Ioúnios)
7432	δημιουργός	noun	creator of original works, craftsman, artisan
7433	μυστικών	noun	genitive plural of μυστικό (mystikó)
7434	νώε	name	Noah
7435	πολυάσχολος	adj	busy with many things
7436	ασύρματος	adj	wireless, radio
7437	ελάττωμα	noun	shortcoming, imperfection, deficiency
7438	ανεβαίνω	verb	to go up, climb
7439	κουρασμένοι	verb	nominative/vocative masculine plural of κουρασμένος (kourasménos)
7440	μπιλιάρδο	noun	billiards, pool
7441	άγριοι	adj	nominative masculine plural of άγριος (ágrios)
7442	σύνθεση	noun	composition (the formation of the complex by combination of simpler)
7443	τρίτον	adv	thirdly
7444	υπογραφές	noun	nominative plural of υπογραφή (ypografí)
7445	αναφοράς	noun	genitive singular of αναφορά (anaforá)
7446	ανέβηκα	verb	"first-person singular simple past of ανεβαίνω (anevaíno): ""I went up"""
7447	επισκευή	noun	repair, refit
7448	φλυαρία	noun	blather, chatter, jabber, prattle (empty or foolish talk)
7449	χεριών	noun	genitive plural of χέρι (chéri)
7450	παράδοσης	noun	genitive singular of παράδοση (parádosi)
7451	τακτικές	adj	nominative/accusative/vocative feminine plural of τακτικός (taktikós)
7452	έπινες	verb	second-person singular imperfect of πίνω (píno)
7453	σκληρές	adj	nominative feminine plural of σκληρός (sklirós)
7454	εμπλοκή	noun	engagement, enmeshing (gears etc)
7455	περασμένα	noun	the past years
7456	φονιάδες	noun	nominative/accusative/vocative plural of φονιάς (foniás)
7457	γίνατε	verb	"second-person plural simple past of γίνομαι (gínomai): ""you became, you were born"""
7458	αντιρρήσεις	noun	nominative plural of αντίρρηση (antírrisi)
7459	αντιπλοίαρχε	noun	vocative singular of αντιπλοίαρχος (antiploíarchos)
7460	αδύνατος	adj	weak, poor (health)
7461	θυμού	noun	genitive singular of θυμός (thymós)
7462	γαμάτα	adj	nominative neuter plural of γαμάτος (gamátos)
7463	κεραία	noun	aerial, antenna (for radio, etc)
7464	κάρβουνο	noun	coal; charcoal
7465	χαντάκι	noun	gutter or ditch (beside a roadway)
7466	γυμνές	adj	nominative feminine plural of γυμνός (gymnós)
7467	καφέδες	noun	nominative plural of καφές (kafés)
7468	νευριασμένος	verb	angry, mad, pissed off
7469	επίδομα	noun	benefit, subsidy
7470	μεταφορικά	adv	figuratively, metaphorically
7471	συστατικό	noun	ingredient, constituent
7472	αρουραίοι	noun	nominative/vocative plural of αρουραίος (arouraíos)
7473	γυμνοί	adj	nominative masculine plural of γυμνός (gymnós)
7474	λαγός	noun	hare, male hare
7475	ανεξαρτησία	noun	independence; emancipation
7476	ασήμαντη	adj	nominative feminine singular of ασήμαντος (asímantos)
7477	τας	article	Katharevousa form of τις (tis) (the feminine, accusative, plural form of ο (o))
7478	εστία	noun	fireplace; hearth
7479	μουστάρδα	noun	mustard (condiment)
7480	αριστούργημα	noun	masterpiece, masterwork
7481	διακρίνω	verb	to distinguish, to differentiate
7482	έκτακτο	adj	accusative masculine singular of έκτακτος (éktaktos)
7483	λίστες	noun	nominative/accusative/vocative plural of λίστα (lísta)
7484	στελέχη	noun	nominative/accusative/vocative plural of στέλεχος (stélechos)
7485	κάθισα	verb	first-person singular simple past of καθίζω (kathízo)
7486	αναταραχή	noun	unrest, disturbance
7487	κόκκινες	adj	nominative/accusative/vocative feminine plural of κόκκινος (kókkinos)
7488	πεθερά	noun	mother-in-law
7489	εξπρές	noun	express
7490	ποτάμια	noun	nominative plural of ποτάμι (potámi)
7491	βοηθήσατε	verb	second-person plural simple past of βοηθώ (voïthó)
7492	αιχμάλωτος	adj	captured; slave, enslaved
7493	εκδότη	noun	genitive/accusative/vocative singular of εκδότης (ekdótis)
7494	μετακίνηση	noun	repositioning, redeployment
7495	οδηγούς	noun	accusative plural of οδηγός (odigós)
7496	κοντεύω	verb	to be almost over, be almost done, get close
7497	αποτελεσματική	adj	nominative/accusative/vocative feminine singular of αποτελεσματικός (apotelesmatikós)
7498	επισμηναγέ	noun	vocative singular of επισμηναγός (episminagós)
7499	αγαπημένες	verb	nominative/accusative/vocative feminine plural of αγαπημένος (agapiménos)
7500	προσοχής	noun	genitive singular of προσοχή (prosochí)
7501	φοβήθηκες	verb	second-person singular simple past of φοβάμαι (fovámai)
7502	ορίσατε	verb	second-person plural simple past of ορίζω (orízo)
7503	βιαστής	noun	a rapist
7504	σοδειά	noun	harvest (crop gathered in and accumulated)
7505	σπατάλη	noun	waste, wastefulness, extravagance
7506	βαρύς	adj	heavy, weighty; harsh, strong
7507	κακούργημα	noun	felony (most serious crime category, punishable by imprisonment of five years to life)
7508	ήμισυ	noun	half; minim
7509	στήριξη	noun	supporting, support (the act of keeping something/someone from falling)
7510	ασυνήθιστα	adj	nominative/accusative/vocative neuter plural of ασυνήθιστος (asyníthistos)
7511	κρέατος	noun	genitive singular of κρέας (kréas)
7512	νίκες	noun	nominative plural of νίκη (níki)
7513	ηρεμιστικά	adj	nominative/accusative/vocative neuter plural of ηρεμιστικός (iremistikós)
7514	βάρη	noun	nominative/accusative/vocative plural of βάρος (város)
7515	λάουρα	name	a female given name, Lavra, equivalent to English Laura
7516	εκδίκησης	noun	genitive singular of εκδίκηση (ekdíkisi)
7517	μαραφέτι	noun	widget, doodah; gizmo, contraption (clever or complicated mechanism)
7518	μαέστρο	noun	accusative/vocative singular of μαέστρος (maéstros)
7519	βα	adj	NE, initialism of βορειοανατολικός
7520	κυνηγό	noun	accusative singular of κυνηγός (kynigós)
7521	νόμιμος	adj	legal (allowed by law)
7522	άντεξε	verb	third-person singular simple past
7523	κατήγορος	noun	accuser; prosecutor, prosecuting attorney, prosecuting advocate, prosecution counsel
7524	ελπίδας	noun	genitive singular of ελπίδα (elpída)
7525	τρελάθηκα	verb	first-person singular simple past of τρελαίνομαι
7526	συγχώνευση	noun	merging, merger (the act whereby things are merged)
7527	πρόσφυγες	noun	nominative/accusative/vocative plural of πρόσφυγας (prósfygas)
7528	ανυπομονούσα	verb	first-person singular imperfect of ανυπομονώ (anypomonó)
7529	ψευδαισθήσεις	noun	nominative/accusative/vocative plural of ψευδαίσθηση (psevdaísthisi)
7530	ιωάννη	noun	genitive singular of Ιωάννης (Ioánnis)
7531	ακροατήριο	noun	audience, (a group of listeners or watchers.)
7532	καρότα	noun	nominative plural of καρότο (karóto)
7533	ηλεκτροσόκ	noun	electric shock, electrocution
7534	εκτιμήσεις	noun	nominative/accusative/vocative plural of εκτίμηση (ektímisi)
7535	ηλεκτρικά	noun	electrical wiring (installed in building)
7536	ταλαιπωρία	noun	hardship, suffering, trial (hard times)
7537	φόρεσα	verb	first-person singular simple past of φοράω (foráo) and φορώ (foró)
7538	νεαρούς	adj	accusative masculine plural of νεαρός (nearós)
7539	πειρατής	noun	pirate, corsair
7540	άχυρα	noun	nominative plural of άχυρο (áchyro)
7541	επιστήμονα	noun	genitive/accusative/vocative singular of επιστήμονας (epistímonas)
7542	πύλης	noun	genitive singular of πύλη (pýli)
7543	μαύρης	adj	genitive feminine singular of μαύρος (mávros)
7544	νήμα	noun	yarn; filament
7545	ντροπαλή	adj	nominative feminine singular of ντροπαλός (ntropalós)
7546	κέρατο	noun	horn; adultery
7547	βοηθοί	noun	nominative/vocative plural of βοηθός (voïthós)
7548	κολλάς	verb	second-person singular present active indicative of κολλάω (kolláo)
7549	βάτραχος	noun	frog
7550	αθλητικό	adj	accusative masculine singular
7551	αποκαλύψεις	noun	nominative/accusative/vocative plural of αποκάλυψη (apokálypsi)
7552	λογικής	noun	genitive singular of λογική (logikí)
7553	ατλαντίδα	name	Atlantis; a female given name Atlantis
7554	έρημος	adj	desolate; lonely, lonesome (U.S.), friendless
7555	αυθεντική	adj	nominative feminine singular of αυθεντικός (afthentikós)
7556	νυχτερίδα	noun	bat (small flying mammal)
7557	χορτοφάγος	adj	herbivorous, plant-eating
7558	καναπές	noun	sofa, couch, settee
7559	καταγραφεί	verb	third-person singular dependent passive
7560	ίδιας	adj	feminine genitive singular of ίδιος (ídios)
7561	πιρούνι	noun	fork
7562	σκύλων	noun	genitive plural of σκύλος (skýlos)
7563	προέλευση	noun	origin
7564	απέδειξε	verb	third-person singular simple past of αποδεικνύω (apodeiknýo)
7565	προκλήσεις	noun	nominative/accusative/vocative plural of πρόκληση (próklisi)
7566	πλευράς	noun	genitive singular of πλευρά (plevrá)
7567	επίγνωση	noun	awareness, consciousness (the state or quality of being aware of something)
7568	υιού	noun	genitive singular of υιός (yiós, “son”)
7569	εικασίες	noun	nominative plural of εικασία (eikasía)
7570	φλερτ	noun	flirting, flirtation, wooing (the act of being flirted with)
7571	σκέτος	adj	plain, pure; neat, straight, undiluted (for alcoholic drinks)
7572	διδασκαλία	noun	teaching, tuition, instruction
7573	καθαρές	adj	nominative feminine plural of καθαρός (katharós)
7574	γεμίσεις	noun	nominative plural of γέμιση (gémisi)
7575	ξημέρωμα	noun	dawn, sunrise, daybreak
7576	διπλάσια	adj	feminine nominative/accusative/vocative singular
7577	καυτά	adj	nominative/accusative/vocative neuter plural of καυτός (kaftós)
7578	απόρρητα	adj	nominative/accusative/vocative neuter plural of απόρρητος (apórritos)
7579	σαβάνα	noun	savanna, savannah
7580	έπαθλο	noun	prize, award (an honour or reward striven for in a competitive contest)
7581	ελισάβετ	name	a female given name, Elisavet, from Hebrew, equivalent to English Elizabeth
7582	βράχους	noun	accusative plural of βράχος (vráchos)
7583	γραμμάρια	noun	nominative plural of γραμμάριο (grammário)
7584	κουπί	noun	oar, paddle, scull
7585	σφυγμός	noun	pulse (of an artery)
7586	καθενός	pron	genitive masculine/neuter of καθένας (kathénas)
7587	ινδικό	noun	indigo (color/colour)
7588	γέρους	adj	accusative masculine plural of γέρος (géros)
7589	βάρους	noun	genitive singular of βάρος (város)
7590	πρόσφερα	verb	first-person singular imperfect of προσφέρω (prosféro)
7591	ποδιού	noun	genitive singular of πόδι (pódi)
7592	αλίμονο	intj	alas, woe expressing distress or misery
7593	βέβαιοι	adj	nominative masculine plural of βέβαιος (vévaios)
7594	δημιουργίας	noun	genitive singular of δημιουργία (dimiourgía)
7595	μονάδας	noun	genitive singular of μονάδα (monáda)
7596	ιού	noun	genitive singular of ιός (iós)
7597	σαμπουάν	noun	shampoo
7598	ζακέτα	noun	cardigan
7599	εβραία	noun	Jew, Jewess (a female who follows the religion of Judaism)
7600	κλαδιά	noun	nominative/accusative/vocative plural of κλαδί (kladí)
7601	τρίτου	adj	genitive masculine singular of τρίτος (trítos)
7602	παραπονιέμαι	verb	to complain, whine, grumble
7603	πρωτόκολλα	noun	nominative plural of πρωτόκολλο (protókollo)
7604	μετάξι	noun	silk (fibre, textile)
7605	υπέγραψες	verb	second-person singular simple past of υπογράφω (ypográfo)
7606	κάψουλα	noun	capsule, small case of gelatine containing a dose of medicine
7607	βαρέθηκες	verb	second-person singular simple past of βαριέμαι (variémai)
7608	μπαμπάδες	noun	nominative/accusative/vocative plural of μπαμπάς (bampás)
7609	αδελφότητας	noun	genitive singular of αδελφότητα (adelfótita)
7610	έρανο	noun	accusative singular of έρανος (éranos)
7611	καταιγίδες	noun	nominative/accusative/vocative plural of καταιγίδα (kataigída)
7612	ρολό	noun	roll (paper, fabric, etc)
7613	επιτυχημένος	verb	passive perfect participle of επιτυγχάνω (epityncháno): successful
7614	ρομαντικά	adj	nominative neuter plural of ρομαντικός (romantikós)
7615	πόνι	noun	pony (small horse)
7616	ντύσιμο	noun	outfit, clothing, rig out
7617	ακτινοβολίας	noun	genitive singular of ακτινοβολία (aktinovolía)
7618	σάλιο	noun	saliva, spit
7619	παγωμένα	verb	nominative/accusative/vocative neuter plural of παγωμένος (pagoménos)
7620	αγαπιόμαστε	verb	first-person plural present of αγαπιέμαι (agapiémai) we are loved, we love one another
7621	γάμησα	verb	first-person singular simple past of γαμάω (gamáo) and γαμώ (gamó)
7622	πέρας	noun	end
7623	ξανθά	adj	nominative/accusative/vocative neuter plural of ξανθός (xanthós)
7624	ερευνώ	verb	to search, investigate
7625	λαγουδάκι	noun	diminutive of λαγός (lagós), leveret, baby hare, bunny
7626	κέρματα	noun	nominative/accusative/vocative plural of κέρμα (kérma)
7627	απομακρυνθεί	verb	third-person singular dependent passive
7628	παιχνιδιών	noun	genitive plural of παιχνίδι (paichnídi)
7629	πωλήσεων	noun	genitive plural of πώληση (pólisi)
7630	χριστουγεννιάτικα	adj	nominative/accusative/vocative neuter plural of χριστουγεννιάτικος (christougenniátikos)
7631	αντιπαράθεση	noun	confrontation, juxtaposition
7632	βανίλια	noun	vanilla (food flavouring)
7633	βρετανός	noun	British man (a person from Britain).
7634	φτου	intj	ptui, ptooey (the sound of spitting)
7635	άρεσα	verb	first-person singular simple past of αρέσω (aréso)
7636	γαλλίδα	noun	Frenchwoman
7637	ντάμα	noun	the queen in a pack of playing cards.
7638	μαργαριτάρια	noun	nominative plural of μαργαριτάρι (margaritári)
7639	μοτοσικλέτα	noun	motorcycle, motorbike
7640	ακυρώσεις	noun	nominative/accusative/vocative plural of ακύρωση (akýrosi)
7641	απόρρητη	adj	nominative/accusative/vocative feminine singular of απόρρητος (apórritos)
7642	αμερικανό	noun	accusative singular of Αμερικανός (Amerikanós)
7643	αλόγων	noun	genitive plural of άλογο (álogo)
7644	έσοδα	noun	nominative/accusative/vocative plural of έσοδο (ésodo)
7645	εμπειρίας	noun	genitive singular of εμπειρία (empeiría)
7646	πιθανών	adj	genitive masculine plural of πιθανός (pithanós)
7647	υγρή	adj	nominative feminine singular of υγρός (ygrós)
7648	ιταλός	noun	Italian (a person, usually male, from Italy or of Italian ethnicity)
7649	λωρίδα	noun	strip (long, narrow piece of a material)
7650	κουνιάδα	noun	sister-in-law, specifically spouse's sister
7651	διάταξη	noun	provision (a clause in a legal instrument, a law, etc., providing for a particular matter)
7652	κατέβηκα	verb	first-person singular simple past of κατεβαίνω (katevaíno)
7653	ανησυχίας	noun	genitive singular of ανησυχία (anisychía)
7654	δίδακτρα	noun	tuition fees
7655	κρίνουμε	verb	first-person plural present active indicative of κρίνω (kríno)
7656	φρέσκια	adj	nominative/accusative/vocative feminine singular of φρέσκος (fréskos)
7657	σπίρτο	noun	match (stick); very clever
7658	εντωμεταξύ	adv	meanwhile, in the meantime
7659	καρναβάλι	noun	carnival
7660	αγαπημένοι	verb	nominative/vocative masculine plural of αγαπημένος (agapiménos)
7661	περίθαλψη	noun	care
7662	επανέλαβε	verb	third-person singular simple past active of επαναλαμβάνω (epanalamváno)
7663	σιωπηλή	adj	nominative feminine singular of σιωπηλός (siopilós)
7664	εκτελεστή	noun	genitive/accusative/vocative singular of εκτελεστής (ektelestís)
7665	παϊδάκια	noun	nominative/accusative/vocative plural of παϊδάκι (païdáki)
7666	επικοινωνιών	noun	genitive plural of επικοινωνία (epikoinonía)
7667	αμύνης	noun	genitive singular of άμυνα (ámyna)
7668	ψείρες	noun	nominative/accusative/vocative plural of ψείρα (pseíra)
7669	οποιουδήποτε	pron	genitive masculine singular of οποιοσδήποτε (opoiosdípote)
7670	χιλιόμετρο	noun	kilometre (UK), kilometer (US)
7671	προκαλώντας	verb	active present participle of προκαλώ (prokaló)
7672	σταφύλια	noun	nominative plural of σταφύλι (stafýli)
7673	έδιωξα	verb	first-person singular simple past of διώχνω (dióchno)
7674	πατάω	verb	to tread, tread on, trample, trample on, step on
7675	οδηγώντας	verb	active present participle of οδηγώ (odigó)
7676	κωλαράκι	noun	diminutive of κώλος (kólos)
7677	σύντομος	adj	short, curtailed (in extent)
7678	διαδρομής	noun	genitive singular of διαδρομή (diadromí)
7679	κασσάνδρα	noun	Cassandra (the daughter of King Priam of Troy)
7680	χήνα	noun	goose
7681	τρόμος	noun	terror, extreme fear
7682	ρετιρέ	noun	penthouse, top floor
7683	αρνί	noun	lamb (farm animal or meat)
7684	πεποιθήσεις	noun	nominative plural of πεποίθηση (pepoíthisi)
7685	βοδινό	adj	accusative masculine singular of βοδινός (vodinós)
7686	επανένωση	noun	reunification, reunion
7687	κατάδικος	noun	convict, prisoner
7688	παπουτσιών	noun	genitive plural of παπούτσι (papoútsi)
7689	προϋπόθεση	noun	presupposition; condition, precondition, prerequisite
7690	ιουλιέτα	name	Juliet (character of Shakespeare's play Romeo and Juliet)
7691	τρυπάνι	noun	drill (tool for making holes)
7692	φλωρεντία	name	Florence
7693	εκτελέσεις	noun	nominative/accusative/vocative plural of εκτέλεση (ektélesi)
7694	οπτικό	adj	accusative masculine singular of οπτικός (optikós)
7695	ανάρρωση	noun	recovery, recuperation, convalescence
7696	σκοτεινός	adj	dark, mysterious, shady
7697	κύρος	noun	influence due to authority
7698	κοροϊδεύω	verb	to mock, ridicule, tease, make fun of
7699	ξυράφι	noun	razor
7700	μειωθεί	verb	passive nonfinite form of μειώνομαι (meiónomai), the passive of μειώνω (meióno).
7701	κίτρινα	adj	nominative neuter plural of κίτρινος (kítrinos)
7702	γαλάζιο	noun	azure, sky blue
7703	κάλλιστα	adv	absolute superlative degree of καλά (kalá, “very well, easily”)
7704	ανακρίνω	verb	to interrogate, question
7705	άμαξες	noun	nominative plural of άμαξα (ámaxa)
7706	δοχεία	noun	nominative plural of δοχείο (docheío)
7707	παρεκκλήσι	noun	chapel belonging to an individual or institution
7708	εκπροσωπώ	verb	to represent; to represent (to act as a representative of)
7709	εκπληκτικός	adj	that which is astonishing, excellent, wonderful, stunning
7710	βοηθώ	verb	variant of βοηθάω (voïtháo)
7711	συνέχισα	verb	first-person singular simple past of συνεχίζω (synechízo)
7712	μπουρδέλο	noun	brothel, bordello
7713	άτυχος	adj	unlucky, unfortunate, ill-fated
7714	υποβρύχια	noun	nominative/accusative/vocative plural of υποβρύχιο (ypovrýchio)
7715	ιστός	noun	mast, spar on a ship
7716	τρανς	adj	trans, transgender, transsexual
7717	δύσκολοι	adj	nominative masculine plural of δύσκολος (dýskolos)
7718	γαμημένες	verb	nominative/accusative/vocative feminine plural of γαμημένος (gamiménos)
7719	μπόλικο	adj	accusative masculine singular of μπόλικος (bólikos)
7720	οικονομικές	adj	nominative feminine plural of οικονομικός (oikonomikós)
7721	επίσκοπος	noun	bishop
7722	πάνα	noun	nappy (UK), diaper (US)
7723	κρύωμα	noun	cold
7724	εκβιασμό	noun	accusative singular of εκβιασμός (ekviasmós)
7725	μύτες	noun	nominative plural of μύτη (mýti)
7726	γηροκομείο	noun	nursing home, old people's home (hospital and care facility for the elderly)
7727	κομματάκι	noun	diminutive of κομμάτι n (kommáti): little bit, small piece
7728	χαβιάρι	noun	caviar (roe of the sturgeon or other large fish)
7729	αγνώστους	noun	accusative plural of άγνωστος (ágnostos)
7730	νοικοκυρά	noun	housewife, female head of household, landlady
7731	έμβρυο	noun	embryo
7732	μεξικού	name	genitive singular of Μεξικό (Mexikó, “Mexico”)
7733	καμαρίνι	noun	dressing room
7734	διακόσια	num	two hundred
7735	αόρατη	adj	nominative feminine singular of αόρατος (aóratos)
7736	γραφειοκρατία	noun	bureaucracy
7737	εμφανίσεις	noun	nominative/accusative/vocative plural of εμφάνιση (emfánisi)
7738	ιταλοί	noun	nominative/vocative plural of Ιταλός (Italós)
7739	παρατηρώ	verb	to observe; to notice
7740	βοήθειας	noun	genitive singular of βοήθεια (voḯtheia)
7741	σηκώνω	verb	to raise, put up, lift, heave
7742	αθόρυβα	adv	silently, quietly, noiselessly
7743	οδοντίατρος	noun	dentist
7744	μονό	adj	accusative masculine singular of μονός (monós)
7745	κατάδυση	noun	dive, diving (underwater swimming, with or without apparatus)
7746	διατήρηση	noun	retention; conservation, maintenance, preservation
7747	απόβλητα	noun	waste; sewage
7748	άριστη	adj	nominative feminine singular of άριστος (áristos)
7749	ανθρωπιά	noun	humanity, compassion
7750	αξιοπρεπής	adj	dignified, correct, respectable
7751	παραίτηση	noun	resignation; abdication
7752	δελχί	name	Delhi (a megacity and union territory of India, containing the national capital New Delhi)
7753	πειράζω	verb	to annoy, bother, irritate, vex
7754	εξετάσεων	noun	genitive plural of εξέταση (exétasi)
7755	γαμάτος	adj	awesome, ace, smashing, great, super, dope (of the highest quality)
7756	αναισθησία	noun	anaesthesia (UK), anesthesia (US), anæsthesia (obsolete)
7757	παγωνιά	noun	frost, freeze (intense cold weather)
7758	γλώσσας	noun	genitive singular of γλώσσα (glóssa)
7759	μαύρου	adj	genitive masculine singular of μαύρος (mávros)
7760	κονέκτικατ	name	Connecticut (a state in the northeastern United States)
7761	μισθούς	noun	accusative plural of μισθός (misthós)
7762	οδοντόβουρτσα	noun	toothbrush
7763	δακτυλίδι	noun	ring for the finger
7764	γαμήσι	noun	fuck, shag (act of sexual intercourse)
7765	δίας	name	Jupiter; Zeus, the supreme God of Hellenism.
7766	κοντέινερ	noun	container, cargo container, shipping container
7767	κόσμε	noun	vocative singular of κόσμος (kósmos)
7768	φα	noun	fa (fourth note in the tonic sol-fa or solfège scale)
7769	γούρι	noun	good luck; lucky charm
7770	παρόντος	adj	genitive masculine singular of παρών (parón)
7771	επιτυχίες	noun	nominative/accusative/vocative plural of επιτυχία (epitychía)
7772	ευθύς	adj	direct, straight
7773	αγόραζα	verb	"first-person singular imperfect of αγοράζω (agorázo): ""I was buying"""
7774	κρύος	adj	cold, chilled, chilly, cool
7775	επανάστασης	noun	genitive singular of επανάσταση (epanástasi)
7776	υδραυλικά	adj	nominative/accusative/vocative neuter plural of υδραυλικός (ydravlikós)
7777	εμπορική	adj	nominative feminine singular of εμπορικός (emporikós)
7778	γερή	adj	nominative feminine singular of γερός (gerós)
7779	μπάρα	noun	bar (rigid oblong object)
7780	βιολογία	noun	biology (science of living matter)
7781	προλαβαίνω	verb	to have time to do something, catch up
7782	γελάμε	verb	first-person plural present of γελάω (geláo) and γελώ
7783	ανταλλακτικά	adj	nominative/accusative/vocative neuter plural of ανταλλακτικός (antallaktikós)
7784	ενότητα	noun	unity, oneness; unit, section
7785	ξάδελφος	noun	cousin (male)
7786	νεράιδες	noun	nominative/accusative/vocative plural of νεράιδα (neráida)
7787	γίγαντας	noun	giant; giant (large person or organisation)
7788	παρασύρει	verb	active nonfinite form of παρασέρνω (parasérno)
7789	στάδια	noun	nominative/accusative/vocative plural of στάδιο (stádio)
7790	μιαν	article	accusative feminine of ένας (énas), (a, an)
7791	θεάτρου	noun	genitive singular of θέατρο (théatro)
7792	ιούλιο	name	accusative singular of Ιούλιος (Ioúlios)
7793	αναλύσεις	noun	nominative plural of ανάλυση (análysi)
7794	μαστίγιο	noun	whip
7795	ζήτηση	noun	demand (the desire to purchase goods and services)
7796	τρέλες	noun	high jinks, pranks, fun
7797	απελπισμένα	adv	desperately
7798	ανταρσία	noun	mutiny, revolt, rebellion
7799	κοράκι	noun	raven, common raven (Corvus corax)
7800	παράνομες	adj	feminine nominative/accusative/vocative plural of παράνομος (paránomos)
7801	ζωγραφίζω	verb	to draw, paint; to perform a task with virtuosity
7802	ηρωίνης	noun	genitive singular of ηρωίνη (iroḯni)
7803	λέσχης	name	a male given name, Leskhes, of historical usage
7804	αντιμετώπιση	noun	encounter, confrontation
7805	στρατιωτικά	adj	nominative/accusative/vocative neuter plural of στρατιωτικός (stratiotikós)
7806	στεγνό	adj	accusative masculine singular of στεγνός (stegnós)
7807	σενάρια	noun	nominative plural of σενάριο (senário)
7808	ρυάκι	noun	stream, brook, rivulet
7809	πολυθρόνα	noun	armchair
7810	μεταφέρετε	verb	second-person plural present active indicative of μεταφέρω (metaféro)
7811	αποφοίτησης	noun	genitive singular of αποφοίτηση (apofoítisi)
7812	χιονάτη	name	Snow White
7813	κάβα	noun	drinks section (in supermarket)
7814	μπότα	noun	boot; bass drum
7815	ντομάτες	noun	nominative/accusative/vocative plural of ντομάτα (ntomáta)
7816	κατάλογος	noun	catalogue (UK), catalog (US)
7817	πιστόλια	noun	nominative plural of πιστόλι (pistóli)
7818	έκαψαν	verb	third-person plural simple past of καίω (kaío)
7819	ανταπόκριση	noun	response; correspondence
7820	ψυχολογικό	adj	accusative masculine singular of ψυχολογικός (psychologikós)
7821	βυθό	noun	accusative singular of βυθός (vythós)
7822	εκπαιδευτής	noun	trainer, coach, instructor
7823	επιχειρηματίες	noun	nominative/accusative/vocative plural of επιχειρηματίας (epicheirimatías)
7824	εμφύλιο	adj	accusative masculine singular of εμφύλιος (emfýlios)
7825	περιόδου	noun	genitive singular of περίοδος (períodos)
7826	ξένε	adj	vocative masculine singular of ξένος (xénos)
7827	άρπαξα	verb	first-person singular simple past of αρπάζω (arpázo)
7828	μέντα	noun	peppermint (herb flavouring)
7829	υποδοχής	noun	genitive singular of υποδοχή (ypodochí)
7830	αντίστασης	noun	genitive singular of αντίσταση (antístasi)
7831	ντόπιος	adj	local, native, indigenous (pertaining to an area and living/present there also)
7832	δυσλειτουργία	noun	malfunction, dysfunction
7833	τορπίλες	noun	nominative/accusative/vocative plural of τορπίλη (torpíli)
7834	διαισθάνομαι	verb	to sense, intuit, foresee
7835	δείκτη	noun	genitive/accusative/vocative singular of δείκτης (deíktis)
7836	αργεντινή	noun	Argentinian (a female person from Argentina or of Argentinian ethnicity).
7837	ελέφαντας	noun	elephant
7838	βδομάδας	noun	genitive singular of βδομάδα (vdomáda)
7839	στίγμα	noun	stigma (mark of infamy)
7840	μαγειρικής	adj	genitive feminine singular of μαγειρικός (mageirikós)
7841	πράγματος	noun	genitive singular of πράγμα (prágma)
7842	αμερικανών	noun	genitive plural of Αμερικανός (Amerikanós)
7843	νοσοκόμος	noun	male nurse
7844	φόνων	noun	genitive plural of φόνος (fónos)
7845	επαναφέρω	verb	to reset, restore (to a previous state)
7846	γυναικείες	adj	nominative/accusative/vocative feminine plural of γυναικείος (gynaikeíos)
7847	κολομβία	name	Colombia (a country in South America)
7848	συναισθηματικός	adj	emotional; sentimental
7849	λατρεία	noun	adoration, loving devotion
7850	εμβέλεια	noun	range; scope
7851	πωλητή	noun	genitive/accusative/vocative singular of πωλητής (politís)
7852	τελωνείο	noun	customs (agency that is authorised to collect the taxes imposed on imported goods)
7853	στέκει	verb	he/she/it stands
7854	διδακτορικό	adj	accusative masculine singular of διδακτορικός (didaktorikós)
7855	αρχηγοί	noun	nominative/vocative plural of αρχηγός (archigós)
7856	πνευμονία	noun	pneumonia
7857	λάμα	noun	metal sheet; fine chisel
7858	αφορμή	noun	pretext, cause, reason, motive, excuse, occasion (surface/trigger event or circumstance)
7859	ώμος	noun	shoulder
7860	φώναζα	verb	"first-person singular imperfect of φωνάζω (fonázo): ""I was shouting"""
7861	πληθυσμός	noun	population
7862	εκλεκτός	adj	chosen, elect, select
7863	κινητήρες	noun	nominative plural of κινητήρας (kinitíras)
7864	πραγματικότητας	noun	genitive singular of πραγματικότητα (pragmatikótita)
7865	σμήνος	noun	group of animals or things
7866	κατασκευής	noun	genitive singular of κατασκευή (kataskeví)
7867	μέγαρο	noun	mansion, hall
7868	εργαζόμενοι	noun	nominative/vocative plural of εργαζόμενος (ergazómenos)
7869	σάπιο	adj	accusative masculine singular of σάπιος (sápios)
7870	ξυπνητήρι	noun	alarm clock
7871	μίσιγκαν	name	Michigan (a state of the United States)
7872	έκαψα	verb	first-person singular simple past of καίω (kaío)
7873	βακτήρια	noun	nominative plural of βακτήριο (vaktírio)
7874	κώλου	noun	genitive singular of κώλος (kólos)
7875	κουκουβάγια	noun	owl
7876	αναμορφωτήριο	noun	young offenders institution, approved school, borstal (UK)
7877	μαύρων	adj	genitive masculine plural of μαύρος (mávros)
7878	ανακαίνιση	noun	renovation, refurbishment
7879	εμού	noun	emu (Dromaius novaehollandiae)
7880	ναύτης	noun	sailor
7881	δωρεές	noun	nominative/accusative/vocative plural of δωρεά (doreá)
7882	καθολικός	adj	universal; catholic
7883	απίθανος	adj	unlikely, improbable, implausible
7884	έλκηθρο	noun	sled, sledge, sleigh
7885	αγοράκια	noun	nominative plural of αγοράκι (agoráki)
7886	επαναφέρουμε	verb	first-person plural present of επαναφέρω (epanaféro)
7887	αφαίρεση	noun	subtraction; removal, elimination, withdrawal
7888	αναπνοές	noun	nominative plural of αναπνοή (anapnoḯ)
7889	γέφυρες	noun	nominative/accusative/vocative plural of γέφυρα (géfyra)
7890	δέντρου	noun	genitive singular of δέντρο (déntro)
7891	άλλοτε	adv	formerly, sometime, once
7892	δεξαμενές	noun	nominative plural of δεξαμενή (dexamení)
7893	διακόπτης	noun	switch (device to isolate an electric current)
7894	γραπτά	adv	written, in written form
7895	αμερικάνικα	adj	nominative/accusative/vocative neuter plural of αμερικάνικος (amerikánikos)
7896	μπουντρούμι	noun	dungeon (an underground prison or vault)
7897	θλιμμένη	verb	nominative/accusative/vocative feminine singular of θλιμμένος (thlimménos)
7898	έζησαν	verb	third-person plural simple past of ζω (zo)
7899	χρειάστηκαν	verb	third-person plural simple past of χρειάζομαι (chreiázomai)
7900	σήματος	noun	genitive singular of σήμα (síma)
7901	αίθουσες	noun	nominative/accusative/vocative plural of αίθουσα (aíthousa)
7902	θηλυκά	adj	nominative neuter plural of θηλυκός (thilykós)
7903	κηδεμόνας	noun	guardian
7904	αηδιαστικός	adj	disgusting, repulsive, revolting, sickening, nauseating (causing intense dislike)
7905	σκιών	noun	genitive plural of σκιά (skiá)
7906	εξίσωση	noun	equalization; equation
7907	κολατσιό	noun	snack, collation
7908	γνώσης	noun	genitive singular of γνώση (gnósi)
7909	ανάκρισης	noun	genitive singular of ανάκριση (anákrisi)
7910	αντίκτυπο	noun	accusative singular of αντίκτυπος (antíktypos)
7911	κόλλημα	noun	action or result of fixing, bonding two things together with some third material
7912	γέρου	adj	genitive masculine singular of γέρος (géros)
7913	σπάω	verb	to break; to break (into two or more pieces that cannot easily be reassembled)
7914	ουπς	intj	oops
7915	λιακάδα	noun	sunshine, sun
7916	άγκυρα	noun	anchor
7917	κύστη	noun	cavity, pouch, bag, sac
7918	μικροκυμάτων	noun	genitive plural of μικροκύμα (mikrokýma)
7919	άρμα	noun	tank; chariot
7920	γράφουμε	verb	first-person plural present of γράφω (gráfo)
7921	μπράτσα	noun	nominative plural of μπράτσο (brátso)
7922	σπασίκλας	noun	nerd
7923	τρακτέρ	noun	tractor (farm vehicle)
7924	ηλικιωμένους	noun	accusative plural of ηλικιωμένος (ilikioménos)
7925	σωθικά	noun	entrails, guts, innards, insides
7926	αηδιαστική	adj	nominative/accusative/vocative feminine singular of αηδιαστικός (aïdiastikós)
7927	κλεισμένος	verb	closed, which has been closed
7928	ξένες	adj	nominative feminine plural of ξένος (xénos)
7929	σωλήνας	noun	pipe, tube, duct
7930	σύριγγα	noun	syringe; pan pipes, pan flute
7931	λουτρό	noun	bathroom; bath
7932	στόλου	noun	genitive singular of στόλος (stólos)
7933	θηλιά	noun	loop, noose; snare (trap)
7934	βαθμολογία	noun	set of grades/marks
7935	νονός	noun	godfather, godparent
7936	συμπεριλαμβανομένων	verb	masculine/feminine/neuter genitive plural of συμπεριλαμβανόμενος (symperilamvanómenos)
7937	ολλανδία	name	Holland (a historical province of the Netherlands)
7938	φιλάω	verb	to kiss; to greet
7939	φράουλες	noun	nominative plural of φράουλα (fráoula)
7940	περιέργως	adv	curiously, strangely
7941	λειτουργός	noun	public official
7942	εκστρατείας	noun	genitive singular of εκστρατεία (ekstrateía, “campaign, expedition”)
7943	χρησιμοποιήσαμε	verb	first-person plural simple past of χρησιμοποιώ (chrisimopoió)
7944	αγρότη	noun	genitive/accusative/vocative singular of αγρότης (agrótis)
7945	προώθηση	noun	advancing, forwarding (of goods, troops, etc.)
7946	εξέτασα	verb	first-person singular simple past of εξετάζω (exetázo)
7947	άι	intj	go!
7948	χειρόγραφο	noun	manuscript
7949	κομπίνα	noun	scam, racket, racketeering, jobbery, wrangle, (illegal moneymaking scheme)
7950	ηλεκτρονική	adj	nominative/accusative/vocative feminine singular of ηλεκτρονικός (ilektronikós)
7951	στοργή	noun	deep love and affection, as of a mother for her child.
7952	αλήθειες	noun	nominative/accusative/vocative plural of αλήθεια (alítheia)
7953	σελίνια	noun	plural of σελίνι (selíni)
7954	τσαγιού	noun	genitive singular of τσάι (tsái)
7955	χειρίζομαι	verb	to wield; to operate (machine, device, etc.)
7956	πιάσανε	verb	third-person plural simple past of πιάνω (piáno)
7957	π.χ.	adv	B.C., BC, initialism of προ Χριστού (pro Christoú, “before Christ; before Christian Era”)
7958	κουτσομπολιό	noun	gossip, tittle-tattle, idle talk
7959	ανακατεύομαι	verb	to interfere, meddle
7960	σουβενίρ	noun	souvenir
7961	πατριός	noun	stepfather (a husband of a biological mother who is not the biological father)
7962	κομμωτήριο	noun	hairdresser's, hairdressing salon
7963	παγκοσμίου	adj	genitive masculine singular of παγκόσμιος (pagkósmios) (learned form)
7964	μπερδεμένα	adv	in a confusing manner
7965	καλωσόρισμα	noun	welcome
7966	κατσαρόλα	noun	casserole; saucepan
7967	έχουνε	verb	"third-person plural present indicative of έχω (écho): ""they have"""
7968	στάθμευσης	noun	genitive singular of στάθμευση (státhmefsi)
7969	καθήκοντος	noun	genitive singular of καθήκον (kathíkon)
7970	γκρίζα	adj	nominative feminine singular of γκρίζος (gkrízos)
7971	ώριμη	adj	nominative/accusative/vocative feminine singular of ώριμος (órimos)
7972	διακοπών	noun	genitive plural of διακοπή (diakopí)
7973	κινέζικη	adj	nominative/accusative/vocative feminine singular of κινέζικος (kinézikos)
7974	ήσυχοι	adj	nominative masculine plural of ήσυχος (ísychos)
7975	παραδόξως	adv	paradoxically
7976	έφοδο	noun	accusative/vocative singular of έφοδος (éfodos)
7977	αεροπορίας	noun	genitive singular of αεροπορία (aeroporía)
7978	πορτρέτο	noun	a portrait (of a face)
7979	περίπλοκα	adj	nominative neuter plural of περίπλοκος (períplokos)
7980	νάνος	noun	dwarf; dwarf (animal, plant or other thing much smaller than the usual of its sort)
7981	θαλάσσιο	adj	accusative masculine singular of θαλάσσιος (thalássios)
7982	μικροσκοπικά	adj	nominative neuter plural of μικροσκοπικός (mikroskopikós)
7983	τσίμπημα	noun	bite, sting, prick
7984	χαλαρό	adj	accusative masculine singular of χαλαρός (chalarós)
7985	κρασιά	noun	nominative plural of κρασί (krasí)
7986	ιπτάμενο	adj	accusative masculine singular of ιπτάμενος (iptámenos)
7987	καλοκαιριού	noun	genitive singular of καλοκαίρι (kalokaíri)
7988	ευθέως	adv	immediately, outright, at once
7989	πούστης	noun	homo (male homosexual), faggot, queer
7990	λιγότεροι	adj	nominative/vocative masculine plural of λιγότερος
7991	στύση	noun	erection (of the penis)
7992	αντιπρόεδρο	noun	accusative singular of αντιπρόεδρος (antipróedros)
7993	κατάματα	adv	right at the eyes
7994	γάμοι	noun	nominative/vocative plural of γάμος (gámos)
7995	τρομοκρατημένος	verb	terrorised (UK), terrorized (US)
7996	βήχα	noun	genitive singular of βήχας (víchas)
7997	ίσοι	adj	nominative masculine plural of ίσος (ísos)
7998	τεμπέλης	adj	lazy, idle
7999	άννυ	name	a female given name
8000	έκκληση	noun	appeal, call (an entreaty or invocation: for help, support, etc.)
8001	αρχών	noun	genitive plural of αρχή (archí)
8002	παραμένεις	verb	second-person singular present indicative of παραμένω (paraméno)
8003	νιούτον	noun	newton (units of force)
8004	πίθηκος	noun	ape, monkey; an uncivilised person
8005	τραγουδιού	noun	genitive singular of τραγούδι (tragoúdi)
8006	αποσύρω	verb	to withdraw, retract
8007	παγκάκι	noun	diminutive of πάγκος (págkos); bench, park bench
8008	κόλπου	noun	genitive singular of κόλπος (kólpos)
8009	εξελίσσεται	verb	third-person singular present indicative of εξελίσσομαι
8010	κήπου	noun	genitive singular of κήπος (kípos)
8011	δάσκαλοι	noun	nominative/vocative plural of δάσκαλος (dáskalos)
8012	διατριβή	noun	dissertation, thesis
8013	σύμπτωμα	noun	symptom; sign
8014	μακρύς	adj	long
8015	απασχόληση	noun	job, occupation, employment, work
8016	άοπλος	adj	unarmed
8017	θαλάσσια	adj	nominative/accusative/vocative feminine singular of θαλάσσιος (thalássios)
8018	αποβολή	noun	expulsion; miscarriage, spontaneous abortion
8019	σαύρα	noun	lizard
8020	μειώσει	verb	active nonfinite form of μειώνω (meióno).
8021	ακτοφυλακή	noun	coast guard service
8022	ανοσία	noun	immunity
8023	θρησκευτική	adj	nominative/accusative/vocative feminine singular of θρησκευτικός (thriskeftikós)
8024	δεκαέξι	num	sixteen
8025	πιπέρι	noun	pepper (spice)
8026	βρετανούς	noun	accusative plural of Βρετανός (Vretanós)
8027	συνεχής	adj	constant, continuous, sustained
8028	περπατώ	verb	to walk, stroll
8029	λιντς	name	Leeds (a large city and metropolitan borough of West Yorkshire, England)
8030	ιδιότητες	noun	nominative plural of ιδιότητα (idiótita)
8031	διακριτικός	adj	discreet (respectful of privacy or secrecy; quiet; diplomatic)
8032	ξεχνώ	verb	I forget
8033	ακαταστασία	noun	mess, disorder, confusion
8034	λέξης	noun	genitive singular of λέξη (léxi)
8035	μαγικές	adj	nominative feminine plural of μαγικός (magikós)
8036	χορτάρι	noun	grass
8037	υιός	noun	Katharevousa form of γιος (gios)
8038	νομικής	adj	genitive feminine singular of νομικός (nomikós)
8039	άρια	noun	aria (musical piece for a solo voice with orchestral accompaniment in an opera or cantata)
8040	πιστούς	adj	accusative masculine plural of πιστός (pistós)
8041	μάρκετινγκ	noun	marketing
8042	αστροναύτης	noun	astronaut, cosmonaut
8043	βγάλατε	verb	second-person plural simple past of βγάζω (vgázo)
8044	πιστεύεται	verb	third-person singular present of πιστεύομαι (pistévomai), the passive of πιστεύω (pistévo)
8045	απογραφή	noun	census, inventory
8046	πλάτος	noun	width, breadth
8047	τηλεσκόπιο	noun	telescope
8048	φόνισσα	noun	murderess
8049	προγόνους	noun	accusative plural of πρόγονος (prógonos)
8050	ομορφιές	noun	nominative/accusative/vocative plural of ομορφιά (omorfiá)
8051	σωρός	noun	heap, pile
8052	ενδιαφέρουσες	adj	nominative/accusative/vocative feminine plural of ενδιαφέρων (endiaféron)
8053	ενθουσιασμός	noun	enthusiasm, excitement
8054	δορυφόρος	noun	satellite
8055	συγκίνηση	noun	emotion, excitement, thrill, stir (emotional affection)
8056	αστράγαλο	noun	accusative singular of αστράγαλος (astrágalos)
8057	προφανής	adj	obvious, evident
8058	αγοριών	noun	genitive plural of αγόρι (agóri)
8059	ορφανό	noun	orphan
8060	γαμώτη	intj	alternative form of γαμώ το (gamó to)
8061	διάδοχος	adj	successor (coming after the other in a series)
8062	μικρούλης	adj	sweet, sweet and small
8063	αδέξια	adv	awkwardly
8064	μετακινήσεις	noun	nominative/accusative/vocative plural of μετακίνηση (metakínisi)
8065	συγχρόνως	adv	simultaneously, contemporaneously
8066	υποκείμενο	noun	subject; An individual person as a unit within a survey, a statistic, etc.
8067	κονσέρβα	noun	tin (UK), can (US) - (preserved food container)
8068	νεαρού	adj	genitive masculine singular of νεαρός (nearós)
8069	οικονόμος	noun	housekeeper; steward
8070	μελών	noun	genitive plural of μέλος (mélos)
8071	γερμανίας	noun	genitive singular of Γερμανία (Germanía)
8072	νεύρο	noun	nerve; string-like or fiber-like main supporting part of an object
8073	εκπομπής	noun	genitive singular of εκπομπή (ekpompí)
8074	συζητάω	verb	to discuss, debate, talk over
8075	πατέρες	noun	nominative/accusative/vocative plural of πατέρας (patéras)
8076	ανθρώπινος	adj	human
8077	πλαστό	adj	accusative masculine singular of πλαστός (plastós)
8078	ουρές	noun	nominative/accusative/vocative plural of ουρά (ourá)
8079	αναλογία	noun	analogy; proportion, ratio
8080	μερική	adj	nominative/accusative/vocative feminine singular of μερικός (merikós)
8081	φαινόμαστε	verb	first-person plural present of φαίνομαι (faínomai)
8082	γερανό	noun	accusative singular of γερανός (geranós)
8083	φάλαγγα	noun	phalanx (finger or toe bone)
8084	δαχτυλάκι	noun	little finger (UK), pinkie (US)
8085	κόμπρα	noun	cobra (venomous snake)
8086	ετήσια	adj	feminine nominative/accusative/vocative singular
8087	οκλαχόμα	name	Oklahoma (a state in the central United States, formerly a territory)
8088	νταβατζής	noun	pimp (man who arranges clients for prostitutes)
8089	πρακτικό	noun	written report; minutes of a meeting
8090	σταθερότητα	noun	stability, steadiness
8091	ευαίσθητα	adj	nominative neuter plural of ευαίσθητος (evaísthitos)
8092	απαγορεύω	verb	to forbid, ban, prohibit
8093	δηλώνω	verb	to state, declare
8094	σμηναγέ	noun	vocative singular of σμηναγός (sminagós)
8095	προξενείο	noun	consulate
8096	ερημιά	noun	wilderness, desolation
8097	λύκου	noun	genitive singular of λύκος (lýkos)
8098	κορόιδα	noun	nominative plural of κορόιδο (koróido)
8099	εκφράσεις	noun	nominative/accusative/vocative plural of έκφραση (ékfrasi)
8100	αδερφοί	noun	nominative plural of αδερφός (aderfós)
8101	παρισιού	noun	genitive singular of Παρίσι (Parísi)
8102	αετό	noun	accusative singular of αετός (aetós)
8103	υπουργού	noun	genitive singular of υπουργός (ypourgós)
8104	θόλο	noun	accusative singular of θόλος (thólos)
8105	αποικίες	noun	nominative/accusative/vocative plural of αποικία (apoikía)
8106	παρασκευής	noun	genitive singular of Παρασκευή (Paraskeví)
8107	μέτρησα	verb	first-person singular simple past of μετράω (metráo) and μετρώ (metró)
8108	βάφλες	noun	nominative/accusative/vocative plural of βάφλα (váfla)
8109	γενειάδα	noun	beard (especially a long one)
8110	πυροβολικό	noun	artillery, ordnance
8111	αυξήσει	verb	active nonfinite form of αυξάνω (afxáno)
8112	ταλέντων	noun	genitive plural of ταλέντο (talénto)
8113	βλήμα	noun	projectile, missile, shell (anything fired at a target)
8114	παραδείσου	noun	genitive singular of παράδεισος (parádeisos)
8115	χαρές	noun	nominative/accusative/vocative plural of χαρά (chará)
8116	ενυδρείο	noun	aquarium (small, domestic tank)
8117	χιλιομέτρων	noun	genitive plural of χιλιόμετρο (chiliómetro)
8118	παρμπρίζ	noun	windscreen (UK), windshield (US)
8119	κλειδώσεις	noun	nominative plural of κλείδωση (kleídosi)
8120	γαλόνια	noun	nominative/accusative/vocative plural of γαλόνι (galóni)
8121	γυρεύω	verb	to look for, want
8122	λευκές	adj	nominative/accusative/vocative feminine plural of λευκός (lefkós)
8123	καρπός	noun	fruit, grain
8124	πρωθυπουργέ	noun	vocative singular of πρωθυπουργός (prothypourgós)
8125	πειστικός	adj	persuasive, convincing
8126	ήρεμο	adj	accusative masculine singular of ήρεμος (íremos)
8127	ηλεκτρισμό	noun	accusative singular of ηλεκτρισμός (ilektrismós)
8128	νύχι	noun	nail, fingernail, toenail
8129	βοηθειών	noun	genitive plural of βοήθεια (voḯtheia)
8130	αναπαράσταση	noun	re-enactment, representation
8131	διαφύγει	verb	third-person singular dependent
8132	κακάο	noun	cocoa (raw material, powder and drink)
8133	τολμηρή	adj	nominative feminine singular of τολμηρός (tolmirós)
8134	πισινός	adj	back, rear
8135	θυμίζω	verb	to remind
8136	όπισθεν	adv	behind, at the back
8137	δυνατούς	adj	accusative masculine plural of δυνατός (dynatós)
8138	καθρέφτες	noun	nominative plural of καθρέφτης (kathréftis)
8139	χωρικοί	adj	nominative/vocative masculine plural of χωρικός (chorikós)
8140	γαλάζια	noun	nominative/accusative/vocative plural of γαλάζιο (galázio)
8141	κατανοητός	adj	understandable, comprehensible
8142	πράσα	noun	nominative/accusative/vocative plural of πράσο (práso)
8143	αρμόζει	verb	it is fitting
8144	στοίβα	noun	stack, pile (usually organised, usually similar things)
8145	πρόβλεψη	noun	forecasting; forecast, prediction
8146	θρύλο	noun	accusative singular of θρύλος (thrýlos)
8147	διαδρομές	noun	nominative/accusative/vocative plural of διαδρομή (diadromí)
8148	ευκαιρίας	noun	genitive singular of ευκαιρία (efkairía)
8149	βούδα	name	genitive singular of Βούδας (Voúdas)
8150	ανελκυστήρα	noun	genitive/accusative/vocative singular of ανελκυστήρας (anelkystíras)
8151	καλάμι	noun	reed, plant with hollow stem
8152	ματιού	noun	genitive singular of μάτι (máti)
8153	εκατομμυριούχος	noun	millionaire
8154	εκείνων	pron	genitive masculine plural of εκείνος (ekeínos)
8155	φάρο	noun	accusative singular of φάρος (fáros)
8156	κλοπές	noun	nominative/accusative/vocative plural of κλοπή (klopí)
8157	μάγειρα	noun	genitive singular of μάγειρας (mágeiras)
8158	φωτογραφίας	noun	genitive singular of φωτογραφία (fotografía)
8159	διακρίσεις	noun	nominative/accusative/vocative plural of διάκριση (diákrisi)
8160	πεινασμένοι	verb	nominative/vocative masculine plural of πεινασμένος (peinasménos)
8161	ενίσχυση	noun	strengthening; reinforcement (the act, process, or state of reinforcing or being reinforced)
8162	πεζοπορία	noun	hiking
8163	άρτι	adv	in a little while, shortly
8164	ηθικά	adv	morally, ethically
8165	λογαριασμού	noun	genitive singular of λογαριασμός (logariasmós)
8166	πίτσες	noun	nominative plural of πίτσα (pítsa)
8167	παραδίνομαι	verb	passive of παραδίνω (paradíno)
8168	αρρώστιες	noun	nominative/accusative/vocative plural of αρρώστια (arróstia)
8169	αγκαλιές	noun	nominative plural of αγκαλιά (agkaliá)
8170	ερασιτέχνης	noun	amateur, dilettante
8171	ζώνης	noun	genitive singular of ζώνη (zóni)
8172	οποιεσδήποτε	pron	nominative/accusative feminine plural of οποιοσδήποτε (opoiosdípote)
8173	πανικοβλήθηκα	verb	first-person singular simple past of πανικοβάλλομαι (panikovállomai)
8174	ιδιαίτερος	adj	special; particular
8175	αστέρας	noun	star; star (a flat figure with projecting points)
8176	αρσενικά	adj	nominative/accusative/vocative neuter plural of αρσενικός (arsenikós)
8177	κηλίδες	noun	nominative plural of κηλίδα (kilída)
8178	ξύρισμα	noun	shave, shaving (action or result of shaving)
8179	θάλασσες	noun	nominative plural of θάλασσα (thálassa)
8180	σταχτοπούτα	name	Cinderella (fairy tale and heroine)
8181	θανάσιμα	adj	neuter nominative/accusative/vocative plural of θανάσιμος (thanásimos)
8182	αυστηρός	adj	strict, severe, harsh
8183	χειροβομβίδες	noun	nominative/accusative/vocative plural of χειροβομβίδα (cheirovomvída)
8184	νους	noun	mind, brains
8185	πολιτικών	adj	genitive masculine/feminine/neuter plural of πολιτικός (politikós, “political”)
8186	προβλημάτων	noun	genitive plural of πρόβλημα (próvlima)
8187	κηπουρός	noun	gardener
8188	τροφής	noun	genitive singular of τροφή (trofí)
8189	τέταρτος	adj	fourth
8190	σκελετό	noun	accusative singular of σκελετός (skeletós)
8191	μερίδες	noun	nominative plural of μερίδα (merída)
8192	βαρέθηκε	verb	third-person singular simple past of βαριέμαι (variémai)
8193	γραφικό	adj	accusative masculine singular of γραφικός (grafikós)
8194	αρχείων	noun	genitive plural of αρχείο (archeío)
8195	κρεμάλα	noun	gallows, gallows tree
8196	ανυπόμονος	adj	impatient, eager, anxious
8197	χαλάω	verb	to break, ruin, destroy, wreck, spoil
8198	πιέζω	verb	to press, squeeze
8199	εντοπισμό	noun	accusative singular of εντοπισμός (entopismós)
8200	ακοή	noun	hearing
8201	κασκόλ	noun	scarf, muffler
8202	χάους	noun	genitive singular of χάος (cháos)
8203	ανεξάρτητος	adj	independent, freelance
8204	ευφυής	adj	intelligent, clever, quick-witted
8205	μπαστούνια	noun	nominative/accusative/vocative plural of μπαστούνι (bastoúni)
8206	βαθμός	noun	grade (of job, exams, position in employment)
8207	προετοιμασίες	noun	nominative/accusative/vocative plural of προετοιμασία (proetoimasía)
8208	ίντσες	noun	nominative/accusative/vocative plural of ίντσα (íntsa)
8209	σμήναρχος	noun	an air force rank with the NATO grade OF-5
8210	εξορία	noun	the state of exile or banishment
8211	ινδιάνων	noun	genitive plural of Ινδιάνα (Indiána)
8212	τεύχος	noun	issue, edition (of a newspaper or magazine)
8213	σοβαροί	adj	nominative masculine plural of σοβαρός (sovarós)
8214	σάπια	adj	nominative feminine singular of σάπιος (sápios)
8215	αμφισβητώ	verb	to doubt; to dispute, contest, question
8216	περνώντας	verb	Active present participle of περνάω (pernáo) and περνώ (pernó).
8217	ιστορικά	adv	historically
8218	παλούκι	noun	stake, pole, pale (archaic)
8219	φιλικοί	adj	nominative/vocative masculine plural of φιλικός (filikós)
8220	άπληστος	adj	greedy, avaricious, covetous
8221	αυτοκράτειρα	noun	empress
8222	φορητό	adj	accusative masculine singular of φορητός (foritós)
8223	κτήνη	noun	nominative plural of κτήνος (ktínos)
8224	φάουλ	noun	foul
8225	κύκλου	noun	genitive singular of κύκλος (kýklos)
8226	περιβάλλοντος	noun	genitive singular of περιβάλλον (perivállon)
8227	κλπ.	adv	initialism of και λοιπά (kai loipá): etc (an abbreviation of et cetera)
8228	άπλυτα	adj	nominative/accusative/vocative neuter plural of άπλυτος (áplytos)
8229	αναισθητικό	noun	anaesthetic (UK), anesthetic (US)
8230	περισσότερος	adj	comparative degree of πολύς (polýs): more
8231	προσβολές	noun	nominative plural of προσβολή (prosvolí)
8232	δελφίνια	noun	nominative plural of δελφίνι (delfíni)
8233	αθήνα	name	Athens (the capital city of Greece)
8234	βατικανό	name	Vatican City (a city-state in Southern Europe, an enclave within the city of Rome, Italy)
8235	ξένα	noun	foreign lands, overseas, abroad (usually in the context of emigration)
8236	φούρνος	noun	oven; bakery, baker's shop
8237	ήχοι	noun	nominative plural of ήχος (íchos)
8238	αποδεχτεί	verb	passive nonfinite form of αποδέχομαι (apodéchomai)
8239	βαμβάκι	noun	cotton (fabric)
8240	παγκόσμιας	adj	genitive feminine singular of παγκόσμιος (pagkósmios)
8241	παρατηρητής	noun	observer
8242	οικοδεσπότης	noun	host (typically in a personal home, one who hosts guests)
8243	λέξεων	noun	genitive plural of λέξη (léxi)
8244	γίγαντες	noun	nominative/accusative/vocative plural of γίγαντας (gígantas)
8245	πρέζα	noun	pinch; hit (dose of an illegal or addictive drug)
8246	αϊ	intj	aiee (admonitory, urging)
8247	εξαπάτηση	noun	deception
8248	θλιμμένος	verb	feeling sad, sorrowful, grieved
8249	τάξεως	noun	genitive singular of τάξη (táxi)
8250	ενοχής	noun	genitive singular of ενοχή (enochí)
8251	αντανάκλαση	noun	reflection, repercussion
8252	επιβίβαση	noun	boarding (a ship, aeroplane, etc)
8253	τουρκία	name	Turkey
8254	ονομάζουμε	verb	first-person plural present of ονομάζω (onomázo)
8255	τράπουλα	noun	pack/deck of playing cards
8256	ψήφος	noun	vote at an election or meeting.
8257	ααρών	name	a male given name from Hebrew, equivalent to English Aaron
8258	μαλακισμένο	verb	accusative masculine singular of μαλακισμένος (malakisménos)
8259	ανρί	noun	henry (the derived SI unit of inductance)
8260	νόσο	noun	accusative singular of νόσος (nósos)
8261	κλειστός	adj	closed, shut; occlusive
8262	καυτές	adj	nominative/accusative/vocative feminine plural of καυτός (kaftós)
8263	εύχεται	verb	third-person singular present indicative of εύχομαι (éfchomai)
8264	καπουτσίνο	noun	accusative singular of καπουτσίνος (kapoutsínos)
8265	αδέρφι	noun	sibling; a general term of close relationship
8266	αντίχειρα	noun	genitive/accusative/vocative singular of αντίχειρας (antícheiras)
8267	γυμναστικής	noun	genitive singular of γυμναστική (gymnastikí)
8268	προεδρία	noun	presidency (position and office)
8269	προκαταβολικά	adv	beforehand, in advance
8270	λάχανο	noun	cabbage
8271	διάδοχο	noun	accusative singular of διάδοχος (diádochos)
8272	βρεθείτε	verb	second-person plural dependent of βρίσκομαι (vrískomai)
8273	ευτυχισμένες	adj	nominative/accusative/vocative feminine plural of ευτυχισμένος (eftychisménos)
8274	δράκους	noun	accusative plural of δράκος (drákos)
8275	επιβάτης	noun	passenger (ship, railway, taxi)
8276	σλόγκαν	noun	slogan; slogan (a catchphrase associated with a product or service being advertised)
8277	δίδυμες	adj	nominative feminine plural of δίδυμος (dídymos)
8278	θήραμα	noun	game, prey, quarry
8279	οικειότητα	noun	familiarity, intimacy
8280	φούσκα	noun	bubble; blister
8281	ύπαιθρο	noun	accusative singular of ύπαιθρος (ýpaithros)
8282	κολοκύθα	noun	pumpkin (vegetable squash)
8283	πούνε	verb	third-person plural dependent of λέω (léo)
8284	λειτουργικό	adj	accusative masculine singular of λειτουργικός (leitourgikós)
8285	νότου	noun	genitive singular of νότος (nótos)
8286	ντόρα	name	a diminutive of the female given name Θεοδώρα (Theodóra)
8287	εκκλησίες	noun	nominative plural of εκκλησία (ekklisía)
8288	ψύχωση	noun	psychosis; informal extreme passion for something
8289	ασήμαντα	adj	nominative neuter plural of ασήμαντος (asímantos)
8290	αλοιφή	noun	ointment, salve, unguent
8291	φιδιού	noun	genitive singular of φίδι (fídi)
8292	στάζει	verb	third-person singular present active of στάζω (stázo)
8293	παχύ	adj	masculine genitive/accusative/vocative singular
8294	κρεμάστηκε	verb	third-person singular simple past of κρεμιέμαι
8295	απόρρητες	adj	nominative/accusative/vocative feminine plural of απόρρητος (apórritos)
8296	επόμενους	adj	accusative masculine plural of επόμενος (epómenos)
8297	θορύβους	noun	accusative plural of θόρυβος (thóryvos)
8298	σκότος	noun	Scot, Scottish man, Scotsman, Scotchman
8299	πολύπλοκη	adj	nominative feminine singular of πολύπλοκος (polýplokos)
8300	σαμποτάζ	noun	sabotage
8301	αλαμπάμα	name	Alabama (a state of the United States)
8302	ιρλανδός	noun	Irishman, Irish person (a person (usually male) from Ireland or of Irish ethnicity)
8303	άρχοντες	noun	nominative plural of άρχοντας (árchontas)
8304	κάμερας	noun	genitive singular of κάμερα (kámera)
8305	ανίχνευση	noun	detection, scouting, tracing
8306	τροχός	noun	wheel; potter's wheel
8307	επαναστάτης	noun	insurgent; rebel; revolutionary
8308	ποδήλατα	noun	nominative/accusative/vocative plural of ποδήλατο (podílato)
8309	κεντάκι	name	Kentucky (a state of the United States)
8310	ανέμου	noun	genitive singular of άνεμος (ánemos)
8311	διαταραχές	noun	nominative/accusative/vocative plural of διαταραχή (diatarachí)
8312	περιφρόνηση	noun	scorn, contempt, disdain
8313	απολογία	noun	defence, justification, plea
8314	δοντιών	noun	genitive plural of δόντι (dónti)
8315	επιχειρήματα	noun	nominative/accusative/vocative plural of επιχείρημα (epicheírima)
8316	εξαρτήματα	noun	nominative/accusative/vocative plural of εξάρτημα (exártima)
8317	ακτής	noun	genitive singular of ακτή (aktí)
8318	βιντεοπαιχνίδια	noun	nominative/accusative/vocative plural of βιντεοπαιχνίδι (vinteopaichnídi)
8319	επιβατών	noun	genitive plural of επιβάτης (epivátis)
8320	απάτες	noun	nominative/accusative/vocative plural of απάτη (apáti)
8321	αμερικάνο	noun	accusative singular of Αμερικάνος (Amerikános)
8322	εκλογών	noun	genitive plural of εκλογή (eklogí)
8323	χωματερή	noun	landfill, tip, rubbish dump
8324	ζαλίζομαι	verb	to feel dizzy, be dizzy
8325	ιθαγενείς	adj	nominative/accusative masculine/feminine plural of ιθαγενής (ithagenís)
8326	ρύθμιση	noun	regulation (the act of regulating or the condition of being regulated)
8327	καβγάς	noun	argument, quarrel, row
8328	γενικές	adj	nominative feminine plural of γενικός (genikós)
8329	συμπάθησα	verb	"first-person singular simple past of συμπαθάω (sympatháo): ""Ι forgave"""
8330	διάσημους	adj	accusative masculine plural of διάσημος (diásimos)
8331	νυχτερίδες	noun	nominative plural of νυχτερίδα (nychterída)
8332	φιλαράκος	noun	diminutive of φίλος (fílos); mate, pal, buddy
8333	απαγωγέας	noun	kidnapper, abductor
8334	ανάπηρος	adj	handicapped, disabled (by injury, illness, etc)
8335	αφαιρέσεις	noun	nominative/accusative/vocative plural of αφαίρεση (afaíresi)
8336	ψαράς	noun	fisherman, trawlerman
8337	δονήσεις	noun	nominative/accusative/vocative plural of δόνηση (dónisi)
8338	απασχολημένο	verb	accusative masculine singular of απασχολημένος (apascholiménos)
8339	παραδίδω	verb	to hand over, transfer, entrust
8340	υπομονετικός	adj	patient, calm
8341	ελαττώματα	noun	nominative/accusative/vocative plural of ελάττωμα (eláttoma)
8342	μετακόμιση	noun	moving house, getting out, removal
8343	πίναμε	verb	first-person plural imperfect of πίνω (píno)
8344	δέντρων	noun	genitive plural of δέντρο (déntro)
8345	υποπτεύομαι	verb	to suspect, be suspicious of
8346	απολύθηκα	verb	first-person singular simple past of απολύομαι (apolýomai), the passive of απολύω (apolýo)
8347	αγωνιστεί	verb	third-person singular dependent
8348	υπερβολή	noun	exaggeration, overstatement
8349	όποιοι	pron	nominative masculine plural of όποιος (ópoios)
8350	ανώνυμα	adv	anonymously
8351	σωματοφύλακα	noun	genitive singular of σωματοφύλακας (somatofýlakas)
8352	γάτος	noun	masculine form of of γάτα (gáta) (cat): tomcat, a male domestic cat
8353	κριτές	name	Judges (seventh book in the New Testament of the Bible)
8354	αξιοθέατα	adj	nominative/accusative/vocative neuter plural of αξιοθέατος (axiothéatos)
8355	πλένω	verb	to wash (your body, dishes, clothes, car, etc)
8356	ρεύματα	noun	nominative/accusative/vocative plural of ρεύμα (révma)
8357	παλμός	noun	pulse, heartbeat, palpitation (of the heart)
8358	εξελίχθηκε	verb	third-person singular simple past of εξελίσσομαι
8359	δίκτυα	noun	nominative/accusative/vocative plural of δίκτυο (díktyo)
8360	ανώμαλο	adj	accusative masculine singular of ανώμαλος (anómalos)
8361	αεροπορικό	adj	accusative masculine singular of αεροπορικός (aeroporikós)
8362	παντρεμένο	noun	accusative singular of παντρεμένος (pantreménos)
8363	πάστορας	noun	Protestant priest, pastor, minister
8364	αλλοδαπών	adj	genitive masculine/feminine/neuter plural of αλλοδαπός (allodapós)
8365	συντομία	noun	brevity, briefness, shortness
8366	αντρικό	adj	accusative masculine singular of αντρικός (antrikós)
8367	έντερο	noun	intestine
8368	βουλευτής	noun	member of Parliament
8369	ευλογίες	noun	nominative/accusative/vocative plural of ευλογία (evlogía)
8370	πωλητές	noun	nominative/accusative/vocative plural of πωλητής (politís)
8371	κατανάλωση	noun	consumption
8372	αρπακτικά	adj	nominative/accusative/vocative neuter plural of αρπακτικός (arpaktikós)
8373	είδωλο	noun	idol; reflection
8374	δύσης	noun	genitive singular of δύση (dýsi)
8375	πίπες	noun	nominative/accusative/vocative plural of πίπα (pípa)
8376	πλημμύρα	noun	flood, inundation
8377	καριόληδες	noun	nominative plural of καριόλης (kariólis)
8378	πέτρο	name	accusative singular of Πέτρος (Pétros)
8379	συστημάτων	noun	genitive plural of σύστημα (sýstima)
8380	βοήθειες	noun	nominative/accusative/vocative plural of βοήθεια (voḯtheia)
8381	πεθαμένο	verb	accusative masculine singular of πεθαμένος (pethaménos)
8382	κοπριά	noun	dung, manure, muck
8383	πιθανός	adj	likely, possible, potential, probable
8384	ναού	noun	genitive singular of ναός (naós)
8385	αιώνας	noun	century (100 consecutive years)
8386	αστακό	noun	accusative singular of αστακός (astakós)
8387	νευριασμένη	verb	nominative/accusative/vocative feminine singular of νευριασμένος (nevriasménos)
8388	ψυχαγωγία	noun	entertainment, recreation
8389	τρενάκι	noun	diminutive of τρένο (tréno, “train”)
8390	στρέμματα	noun	nominative plural of στρέμμα (strémma)
8391	όρχεις	noun	nominative plural of όρχις (órchis)
8392	ξέμεινα	verb	first-person singular simple past of ξεμένω (xeméno)
8393	σπέρματος	noun	genitive singular of σπέρμα (spérma)
8394	αγοραστής	noun	purchaser, buyer
8395	αρχόντισσα	noun	ruler, noblewoman
8396	περιορισμούς	noun	accusative plural of περιορισμός (periorismós)
8397	αιδοίο	noun	vulva, pudenda (collectively the external female sexual organs)
8398	ικανοποιημένη	verb	nominative/accusative/vocative feminine singular of ικανοποιημένος (ikanopoiiménos)
8399	ηχώ	noun	echo, reflected sound
8400	νότα	noun	(music) note (written or printed character)
8401	τανκς	noun	plural of τανκ (tank)
8402	βρύση	noun	tap, faucet or public water source
8403	διεθνείς	adj	nominative masculine plural of διεθνής (diethnís)
8404	πονοκεφάλους	noun	accusative plural of πονοκέφαλος (ponokéfalos)
8405	αναμμένα	verb	nominative/accusative/vocative neuter plural of αναμμένος (anamménos)
8406	δεκατέσσερα	num	fourteen
8407	μερικών	adj	genitive masculine/feminine/neuter plural of μερικός (merikós)
8408	τρελέ	adj	vocative masculine singular of τρελός (trelós)
8409	ατμ	noun	initialism of αυτόματη ταμειακή μηχανή or αυτόματη ταμειολογιστική μηχανή (aftómati tameiakí michaní or aftómati tameiologistikí michaní): ATM, automated teller machine
8410	δοκιμασίες	noun	nominative/accusative/vocative plural of δοκιμασία (dokimasía)
8411	ψύχραιμος	adj	cool-headed, cool, composed
8412	αξιόπιστο	adj	accusative masculine singular of αξιόπιστος (axiópistos)
8413	κλεισμένη	verb	nominative/accusative/vocative feminine singular of κλεισμένος (kleisménos)
8414	έργων	noun	genitive plural of έργο (érgo)
8415	αγνό	adj	accusative masculine singular of αγνός (agnós)
8416	ονόματος	noun	genitive singular of όνομα (ónoma)
8417	έζησες	verb	second-person singular simple past of ζω (zo)
8418	πολυβόλο	noun	machine gun
8419	άπειρες	adj	nominative feminine plural of άπειρος (ápeiros)
8420	πίεσα	verb	first-person singular simple past of πιέζω (piézo)
8421	κοιτώ	verb	to look at; to look after
8422	βελτιώσεις	noun	nominative/accusative/vocative plural of βελτίωση (veltíosi)
8423	παρακολούθησα	verb	first-person singular simple past of παρακολουθώ
8424	γνωστές	adj	nominative feminine plural of γνωστός (gnostós)
8425	εθνών	noun	genitive plural of έθνος (éthnos)
8426	αποτελεσματικά	adv	effectively
8427	ύφεση	noun	remission, abatement, subsidence (relaxing of tension, improvement)
8428	τσίχλες	noun	nominative/accusative/vocative plural of τσίχλα (tsíchla)
8429	ιδρύματος	noun	genitive singular of ίδρυμα (ídryma)
8430	θησαυρούς	noun	accusative plural of θησαυρός (thisavrós)
8431	νόστιμη	adj	nominative feminine singular of νόστιμος (nóstimos)
8432	ντάλια	noun	dahlia
8433	μούμια	noun	mummy
8434	χτυπημένος	verb	beaten, struck; wounded
8435	μοχλό	noun	accusative singular of μοχλός (mochlós)
8436	πόλεμοι	noun	nominative plural of πόλεμος (pólemos)
8437	βάψει	verb	active nonfinite form of βάφω (váfo)
8438	κορόιδεψε	verb	third-person singular simple past active indicative of κοροϊδεύω (koroïdévo)
8439	θέλησης	noun	genitive singular of θέληση (thélisi)
8440	δισεκατομμύριο	noun	billion, thousand million (10⁹)
8441	μούσα	noun	muse (source of inspiration)
8442	πραγματικούς	adj	accusative masculine plural of πραγματικός (pragmatikós)
8443	καβγάδες	noun	nominative plural of καβγάς (kavgás)
8444	διάρροια	noun	diarrhoea (UK), diarrhea (US) (frequent and very fluid or watery bowel movements)
8445	εκδόσεις	noun	nominative/accusative/vocative plural of έκδοση (ékdosi)
8446	μαγνητικό	adj	accusative masculine singular of μαγνητικός (magnitikós)
8447	ανηψιά	noun	niece (the daughter of a brother or sister)
8448	αναμμένο	verb	accusative masculine singular of αναμμένος (anamménos)
8449	κτηνίατρος	noun	vet, veterinary surgeon
8450	ξένων	adj	genitive masculine plural of ξένος (xénos)
8451	πονηρό	adj	masculine accusative singular
8452	κρυφτό	noun	hide and seek (UK), hide and go seek (US)
8453	εγκατάλειψη	noun	abandonment
8454	ευάλωτος	adj	vulnerable; assailable, pregnable
8455	υστερία	noun	hysteria; an instance of hysterical behavior
8456	φράουλα	noun	strawberry (fruit and plant)
8457	φυσιολογικοί	adj	nominative masculine plural of φυσιολογικός (fysiologikós)
8458	διπλός	adj	twofold, double, dual, dual purpose
8459	έθαψα	verb	first-person singular simple past of θάβω (thávo)
8460	τσάκωσα	verb	first-person singular simple past of τσακώνω (tsakóno)
8461	νότιας	adj	genitive feminine singular of νότιος (nótios)
8462	σύγκρουσης	noun	genitive singular of σύγκρουση (sýgkrousi)
8463	γονίδιο	noun	gene (unit of heredity)
8464	διέκοψα	verb	first-person singular simple past of διακόπτω (diakópto)
8465	πορτμπαγκάζ	noun	trunk (of a car)
8466	μετοχών	noun	genitive plural of μετοχή (metochí)
8467	άψογη	adj	nominative feminine singular of άψογος (ápsogos)
8468	μαγειρέψει	verb	active nonfinite form of μαγειρεύω (mageirévo)
8469	διακριτική	adj	nominative feminine singular of διακριτικός (diakritikós)
8470	κοτόπουλου	noun	genitive singular of κοτόπουλο (kotópoulo)
8471	επιμονή	noun	insistence, persistence, doggedness, tenacity, obstinacy
8472	λύτρωση	noun	redemption, salvation
8473	συγκομιδή	noun	harvest (the process or the product)
8474	χαρούμενες	verb	nominative/accusative/vocative feminine plural of χαρούμενος (charoúmenos)
8475	κινητήρας	noun	engine, motor
8476	ταφή	noun	burial
8477	τραπεζών	noun	genitive plural of τράπεζα (trápeza)
8478	υψόμετρο	noun	altimeter; altitude
8479	κυψέλη	noun	beehive, hive
8480	τσέκαρα	verb	first-person singular imperfect of τσεκάρω (tsekáro)
8481	αναρωτήθηκα	verb	first-person singular simple past of αναρωτιέμαι (anarotiémai)
8482	μάντσεστερ	name	Manchester
8483	σακί	noun	sack
8484	ημερολόγια	noun	nominative/accusative/vocative plural of ημερολόγιο (imerológio)
8485	συλλέκτης	noun	collector (person who collects things)
8486	αρχηγούς	noun	accusative plural of αρχηγός (archigós)
8487	αλαζονεία	noun	arrogance, haughtiness, presumption
8488	διαθέσιμα	adj	nominative neuter plural of διαθέσιμος (diathésimos)
8489	χαλιά	noun	nominative/accusative/vocative plural of χαλί (chalí)
8490	οδηγείτε	verb	second-person plural present of οδηγώ (odigó)
8491	σκύλοι	noun	nominative plural of σκύλος (skýlos)
8492	μέσης	adj	feminine genitive singular of μέσος (mésos)
8493	δάκρυ	noun	tear (from crying)
8494	ποινής	noun	genitive singular of ποινή (poiní)
8495	μικρών	adj	genitive masculine plural of μικρός (mikrós)
8496	δασκάλους	noun	accusative plural of δάσκαλος (dáskalos)
8497	φρέσκος	adj	fresh (vegetables etc)
8498	τοποθετεί	verb	third-person singular present active indicative of τοποθετώ (topothetó)
8499	πτέραρχε	noun	vocative singular of πτέραρχος (ptérarchos)
8500	θεραπευτής	noun	therapist; healer (one who heals)
8501	φωτεινή	adj	nominative/accusative/vocative feminine singular of φωτεινός (foteinós)
8502	ορισμός	noun	definition (the process of defining)
8503	αποκαλύφθηκε	verb	third-person singular simple past of αποκαλύπτομαι (apokalýptomai)
8504	παρέχω	verb	to give, provide
8505	χοντρέ	adj	vocative masculine singular of χοντρός (chontrós)
8506	κορμό	noun	accusative singular of κορμός (kormós)
8507	τολμηρό	adj	accusative masculine singular of τολμηρός (tolmirós)
8508	αμέλεια	noun	negligence, carelessness inattention
8509	έκτοτε	adv	since, since then
8510	κοινωνικός	adj	social; sociable, gregarious
8511	σκόνης	noun	genitive singular of σκόνη (skóni)
8512	διεφθαρμένος	verb	corrupt
8513	πυραμίδα	noun	pyramid (solid figure)
8514	ανταγωνιστές	noun	nominative/accusative/vocative plural of ανταγωνιστής (antagonistís)
8515	φόρος	noun	tax (payment levied by the state)
8516	αθλήματα	noun	nominative plural of άθλημα (áthlima)
8517	ταμπλό	noun	dashboard; backboard (board supporting basket)
8518	αντιπρόσωπος	noun	agent, representative, envoy
8519	ένστικτα	noun	nominative/accusative/vocative plural of ένστικτο (énstikto)
8520	πορτραίτο	noun	a portrait (of a face)
8521	δικηγόρε	noun	vocative singular of δικηγόρος (dikigóros)
8522	διακριτικό	adj	accusative masculine singular of διακριτικός (diakritikós)
8523	κομψή	adj	nominative feminine singular of κομψός (kompsós)
8524	μινεσότα	name	Minnesota (a state in the Upper Midwest region of the United States)
8525	θερμά	adv	warmly
8526	εμπιστευτικό	adj	accusative masculine singular of εμπιστευτικός (empisteftikós)
8527	ζυμαρικά	noun	nominative/accusative/vocative plural of ζυμαρικό (zymarikó), (pasta)
8528	εκλογή	noun	the action or result of an election (process of choosing a new leader)
8529	θυμώνω	verb	to get angry, anger
8530	κέλυφος	noun	shell (of mollusks, crustaceans, etc)
8531	βαγδάτη	name	Baghdad (the capital city of Iraq)
8532	κατσαβίδι	noun	screwdriver
8533	γιάρδες	noun	nominative/accusative/vocative plural of γιάρδα (giárda)
8534	αποβάθρες	noun	nominative plural of αποβάθρα (apováthra)
8535	φαντασμάτων	noun	genitive plural of φάντασμα (fántasma)
8536	κρατιέμαι	verb	to hold on
8537	ναύαρχο	noun	accusative singular of ναύαρχος (návarchos)
8538	αληθινούς	adj	accusative masculine plural of αληθινός (alithinós)
8539	γενεύη	name	Geneva (a city in Switzerland)
8540	κριτής	noun	judge; judge (a person officiating at a sports event, a contest, or similar)
8541	αγκώνα	noun	genitive singular of αγκώνας (agkónas)
8542	μεταμόρφωση	noun	metamorphosis
8543	βάτραχο	noun	accusative singular of βάτραχος (vátrachos)
8544	τραβεστί	noun	transvestite
8545	εξέλιξης	noun	genitive singular of εξέλιξη (exélixi)
8546	θυμώνει	verb	third-person singular present indicative of θυμώνω (thymóno)
8547	χαιρέτησε	verb	third-person singular simple past of χαιρετώ (chairetó)
8548	πιθανούς	adj	accusative masculine plural of πιθανός (pithanós)
8549	αστέρων	noun	genitive plural of αστέρας (astéras)
8550	αναγκαία	adj	nominative/accusative/vocative feminine singular of αναγκαίος (anagkaíos)
8551	έξυπνες	adj	nominative feminine plural of έξυπνος (éxypnos)
8552	εργοδότης	noun	employer
8553	αντρική	adj	nominative feminine singular of αντρικός (antrikós)
8554	θαυμάτων	noun	genitive plural of θαύμα (thávma)
8555	πετράδι	noun	precious or semi-precious stone, gem
8556	δεύτερης	adj	genitive feminine singular of δεύτερος (défteros)
8557	χαζές	adj	nominative feminine plural of χαζός (chazós)
8558	σηκώνομαι	verb	to stand up, rise (from a sitting position)
8559	ελιές	noun	nominative plural of ελιά (eliá)
8560	παράνομος	adj	illegal, illicit, unlawful
8561	καταγράφει	verb	third-person singular present indicative of καταγράφω (katagráfo)
8562	ψηφίζω	verb	to vote
8563	εμπιστευτικά	adv	confidentially
8564	βραδιές	noun	nominative/accusative/vocative plural of βραδιά (vradiá)
8565	αστυνόμοι	noun	nominative plural of αστυνόμος (astynómos)
8566	ορεκτικά	noun	nominative/accusative/vocative plural of ορεκτικό (orektikó)
8567	περού	name	Peru (a country in South America)
8568	τρέχουσα	adj	nominative feminine singular of τρέχων (tréchon)
8569	άσθμα	noun	asthma (respiratory disease)
8570	θυμωμένο	verb	accusative masculine singular of θυμωμένος (thymoménos)
8571	νορβηγία	name	Norway (a country in Scandinavia in Northern Europe)
8572	δημοφιλή	adj	accusative/vocative masculine singular of δημοφιλής (dimofilís)
8573	παραλίες	noun	nominative plural of παραλία (paralía)
8574	μασσαλία	name	Marseille
8575	οικόπεδο	noun	plot, parcel of land for building on
8576	απασχόλησης	noun	genitive singular of απασχόληση (apaschólisi)
8577	δείπνου	noun	genitive singular of δείπνο (deípno)
8578	κουάρκ	noun	quark (subatomic particle)
8579	κυριολεξία	noun	literal meaning, literal sense
8580	διαβήτη	noun	genitive/accusative/vocative singular of διαβήτης (diavítis)
8581	έμπειρος	adj	experienced, adept, skilled
8582	εχθρών	noun	genitive plural of εχθρός (echthrós)
8583	αναρρόφηση	noun	suction
8584	τηγάνι	noun	frying pan, frypan
8585	κυνηγητό	noun	hunt, chase, pursuit
8586	χαστούκι	noun	smack, slap (blow on the cheek given with the open hand)
8587	ξεροκέφαλος	adj	stubborn, obstinate, pigheaded, mulish, bloody-minded
8588	πορτοκάλια	noun	nominative/accusative/vocative plural of πορτοκάλι (portokáli)
8589	ανάληψη	noun	withdrawal (from bank account)
8590	βραστό	adj	accusative masculine singular of βραστός (vrastós)
8591	τρίμηνο	noun	trimester
8592	αμβλύ	adj	genitive/accusative/vocative masculine/neuter singular of αμβλύς (amvlýs)
8593	ασυρμάτου	noun	genitive singular of ασύρματος (asýrmatos)
8594	ρωγμή	noun	crack (thin space opened in a previously solid material)
8595	αναγέννηση	noun	renewal, rebirth, revival
8596	δίλημμα	noun	dilemma, quandary
8597	σούρουπο	noun	dusk, twilight, gloaming
8598	γκομενάκι	noun	diminutive of γκόμενα (gkómena, “girlfriend, babe”)
8599	θανάσιμη	adj	nominative feminine singular of θανάσιμος (thanásimos)
8600	ασθένειας	noun	genitive singular of ασθένεια (asthéneia)
8601	λάθους	noun	genitive singular of λάθος (láthos)
8602	σιτάρι	noun	wheat (plant and grain)
8603	θαυμαστή	adj	nominative feminine singular of θαυμαστός (thavmastós)
8604	γιεν	noun	yen
8605	βάλτους	noun	accusative plural of βάλτος (váltos)
8606	πράσινος	adj	of green color/colour (colour of growing foliage)
8607	σχεδία	noun	raft
8608	υποπλοίαρχος	noun	the rank of lieutenant in the Royal Navy and US navy with the NATO grade OF-2
8609	σήκωσα	verb	first-person singular simple past of σηκώνω (sikóno)
8610	κορμιά	noun	nominative/accusative/vocative plural of κορμί (kormí)
8611	ντίνα	name	shortened, everyday form of Κωνσταντίνα, Constantina
8612	θερμίδες	noun	nominative plural of θερμίδα (thermída)
8613	αγάλματα	noun	nominative plural of άγαλμα (ágalma)
8614	κωνσταντινούπολη	name	Istanbul, Constantinople
8615	πλάτες	noun	nominative/accusative/vocative plural of πλάτη (pláti)
8616	επιστημών	noun	genitive plural of επιστήμη (epistími)
8617	μυστικής	adj	genitive feminine singular of μυστικός (mystikós)
8618	ποταμός	noun	river, stream; stream, flow
8619	μετακομίζω	verb	to move house
8620	εργαστήρι	noun	workshop, laboratory
8621	εξυπνάδες	noun	nominative/accusative/vocative plural of εξυπνάδα (exypnáda)
8622	ζήλεια	noun	the medieval spelling of ζήλια (zília)
8623	βετεράνος	noun	veteran, old hand
8624	άδειος	adj	empty
8625	αντιληφθεί	verb	third-person singular dependent
8626	έμφαση	noun	emphasis
8627	υποχωρήσει	verb	active nonfinite form of υποχωρώ (ypochoró)
8628	έκτο	adj	accusative masculine singular of έκτος (éktos)
8629	λοίμωξη	noun	infection
8630	πύργους	noun	accusative plural of πύργος (pýrgos)
8631	συγγένεια	noun	kinship, affinity (related by blood, marriage)
8632	έκλαψα	verb	first-person singular simple past of κλαίω (klaío)
8633	έντυπο	noun	print, printed matter, copy, form
8634	δοκιμάζω	verb	to try, try out
8635	εξοπλισμού	noun	genitive singular of εξοπλισμός (exoplismós)
8636	ηλεκτροπληξία	noun	electrocution, electric shock
8637	χαμόγελα	noun	nominative/accusative/vocative plural of χαμόγελο (chamógelo)
8638	γοργόνα	noun	mermaid; a person who appeared out of the blue
8639	πατήρ	noun	God the Father; father (form of address for monk or priest)
8640	δυναμίτης	noun	dynamite; dynamiter (of a person explodes dynamite)
8641	κήπους	noun	accusative plural of κήπος (kípos)
8642	χιονίζει	verb	to snow, to be snowing
8643	προκατάληψη	noun	bias, prejudice
8644	πειστική	adj	nominative feminine singular of πειστικός (peistikós)
8645	τρομαγμένη	adj	nominative/accusative/vocative feminine singular of τρομαγμένος (tromagménos)
8646	λαγό	noun	accusative singular of λαγός (lagós)
8647	περίστροφο	noun	revolver (a handgun with revolving chamber)
8648	αφτί	noun	ear
8649	συμπεριλαμβανομένης	verb	feminine genitive singular of συμπεριλαμβανόμενος (symperilamvanómenos)
8650	παράλυση	noun	paralysis
8651	πλατό	noun	stage, set; studio, stage, set
8652	λιποθύμησα	verb	first-person singular simple past of λιποθυμάω (lipothymáo) and λιποθυμώ (lipothymó)
8653	σάουνα	noun	sauna
8654	ρ.	noun	abbreviation of ρήμα (ríma): verb
8655	σημείωση	noun	note, marginal comment, footnote, endnote
8656	ουσιών	noun	genitive plural of ουσία (ousía)
8657	αρχιτεκτονική	noun	architecture
8658	καρδινάλιος	noun	cardinal (official)
8659	αναγνώστες	noun	nominative/accusative/vocative plural of αναγνώστης (anagnóstis), readers, readership
8660	τελευταίου	adj	genitive masculine singular of τελευταίος (teleftaíos)
8661	χρυσέ	adj	vocative masculine singular of χρυσός (chrysós)
8662	μέτρια	adj	feminine nominative/accusative/vocative singular
8663	ωμό	adj	accusative masculine singular of ωμός (omós)
8664	συλλαμβάνω	verb	to arrest (take into custody)
8665	περιστροφή	noun	revolution, a turn on an axis
8666	εβραίων	noun	genitive plural of Εβραίος (Evraíos)
8667	αίσχος	noun	disgrace, shame (something to regret)
8668	σύσταση	noun	composition, analysis, make up. formulation
8669	αρκούδας	noun	genitive singular of αρκούδα (arkoúda)
8670	χορούς	noun	accusative plural of χορός (chorós)
8671	λουιζιάνα	name	Louisiana (a state in the Deep South and South Central regions of the United States)
8672	άξια	adj	nominative/accusative/vocative feminine singular of άξιος (áxios)
8673	αφέθηκε	verb	third-person singular simple past of αφήνομαι (afínomai), the passive of αφήνω (afíno)
8674	περίπτερο	noun	kiosk, newsstand
8675	προπαγάνδα	noun	propaganda
8676	δοκιμαστικά	adv	trying out as a test
8677	πιστό	adj	accusative masculine singular of πιστός (pistós)
8678	ναυάγιο	noun	shipwreck (the wreck of a ship)
8679	ψαριών	adj	genitive masculine/feminine/neuter plural of ψαρής (psarís)
8680	μονή	noun	monastery, nunnery, convent
8681	έψαξαν	verb	third-person plural simple past of ψάχνω (psáchno)
8682	δημιουργό	noun	accusative singular of δημιουργός (dimiourgós)
8683	βεβαιωθείς	verb	second-person singular dependent of βεβαιώνομαι (vevaiónomai)
8684	μυστηρίου	noun	genitive singular of μυστήριο (mystírio)
8685	κανό	noun	canoe
8686	αμνηστία	noun	amnesty; preemptive pardon
8687	ημίχρονο	noun	one half of a game.
8688	αδιαφορώ	verb	to be indifferent to, not care about
8689	τόλμη	noun	daring, boldness
8690	εστιατορίου	noun	genitive singular of εστιατόριο (estiatório)
8691	εντάλματα	noun	nominative/accusative/vocative plural of ένταλμα (éntalma)
8692	εκτέλεσης	noun	genitive singular of εκτέλεση (ektélesi)
8693	τραπεζίτης	noun	banker, bank owner or shareholder
8694	ζαμάνια	noun	nominative/accusative/vocative plural of ζαμάνι (zamáni)
8695	αιματοχυσία	noun	bloodshed
8696	ηλιαχτίδα	noun	sunbeam
8697	ενθύμιο	noun	souvenir, memento, keepsake
8698	φωτεινά	adj	nominative neuter plural of φωτεινός (foteinós)
8699	δημόσιας	adj	genitive feminine singular of δημόσιος (dimósios)
8700	εγκαταλείπω	verb	to abandon; to forsake
8701	περαστικός	adj	passer-by; passing, of passage
8702	αξιαγάπητος	adj	lovable, dear (deserving of love and affection)
8703	πραξικόπημα	noun	coup d'état, coup, putsch
8704	μοναδικά	adj	nominative neuter plural of μοναδικός (monadikós)
8705	μπάνια	noun	nominative plural of μπάνιο (bánio)
8706	βραδινή	noun	evening performance
8707	κουκλάρα	noun	augmentative of κούκλα (koúkla): babe, peach, bombshell
8708	θερμό	adj	accusative masculine singular of θερμός (thermós)
8709	πλήγμα	noun	blow (an instance of forceful striking or hitting)
8710	κάστρου	noun	genitive singular of κάστρο (kástro)
8711	τοι	pron	they (3rd person masculine plural, nominative)
8712	γέφυρας	noun	genitive singular of γέφυρα (géfyra)
8713	ιδιότητα	noun	property, quality, characteristic
8714	πένθος	noun	mourning, grief, bereavement (personal)
8715	επισκέπτομαι	verb	to visit (to go and meet or see)
8716	μαγιονέζα	noun	mayonnaise
8717	οικοτροφείο	noun	boarding house
8718	ευφυΐα	noun	intelligence, cleverness (mental quickness)
8719	τελετές	noun	nominative/accusative/vocative plural of τελετή (teletí)
8720	κερατά	noun	genitive singular of κερατάς (keratás)
8721	ανηλίκων	noun	genitive plural of ανήλικος (anílikos)
8722	πιστά	adj	nominative neuter plural of πιστός (pistós)
8723	μπίρες	noun	nominative/accusative/vocative plural of μπίρα (bíra)
8724	ανώμαλε	adj	vocative masculine singular of ανώμαλος (anómalos)
8725	λεωφορείων	noun	genitive plural of λεωφορείο (leoforeío)
8726	καλόγριες	noun	nominative plural of καλόγρια (kalógria)
8727	αποδέχομαι	verb	to accept gladly, answer positively
8728	έκθεσης	noun	genitive singular of έκθεση (ékthesi)
8729	κουφή	adj	nominative feminine singular of κουφός (koufós)
8730	γίγαντα	noun	nominative/genitive/accusative singular of γίγαντας (gígantas)
8731	δράκοι	noun	nominative plural of δράκος (drákos)
8732	αεροδρομίου	noun	genitive singular of αεροδρόμιο (aerodrómio)
8733	καταρράκτες	noun	nominative plural of καταρράκτης (katarráktis)
8734	ηβ	name	UK, initialism of Ηνωμένο Βασίλειο (Inoméno Vasíleio, “United Kingdom”)
8735	αντίστροφα	adv	in the reverse direction, in the opposite direction
8736	διάλυμα	noun	solution (homogeneous mixture of different substances)
8737	γρήγοροι	adj	nominative masculine plural of γρήγορος (grígoros)
8738	γραμμένα	adj	nominative neuter plural of γραμμένος (gramménos)
8739	ανικανότητα	noun	incompetence; impotence
8740	συνεργασίας	noun	genitive singular of συνεργασία (synergasía)
8741	επανορθώσεις	noun	nominative/accusative/vocative plural of επανόρθωση (epanórthosi)
8742	μαργαριτάρι	noun	pearl; a serious mistake in grammar or syntax
8743	ακύρωση	noun	annulment, invalidation, cancellation
8744	εβδομήντα	num	seventy (70)
8745	επίτευγμα	noun	achievement, success
8746	διακανονισμό	noun	accusative singular of διακανονισμός (diakanonismós)
8747	δολοφόνων	noun	genitive plural of δολοφόνος (dolofónos)
8748	ψυχανάλυση	noun	psychoanalysis
8749	παιδικής	adj	genitive feminine singular of παιδικός (paidikós)
8750	απολογούμαι	verb	to defend oneself, plea
8751	καύσιμο	adj	masculine accusative singular
8752	άτακτο	adj	accusative masculine singular of άτακτος (átaktos)
8753	εργοδότη	noun	genitive/accusative/vocative singular of εργοδότης (ergodótis)
8754	κύτταρο	noun	cell (basic unit of a living organism)
8755	απαγωγές	noun	nominative/accusative/vocative plural of απαγωγή (apagogí)
8756	αρουραίο	noun	accusative singular of αρουραίος (arouraíos)
8757	λύστε	verb	second-person plural simple past active perfective imperative of λύνω (lýno)
8758	ζωντάνια	noun	vitality (energy or vigour)
8759	πεκίνο	name	Beijing (a direct-administered municipality, the capital city of China)
8760	περιοδικού	adj	genitive masculine/neuter singular of περιοδικός (periodikós)
8761	ισόγειο	adj	accusative masculine singular of ισόγειος (isógeios)
8762	μέχρις	prep	introduces a limit
8763	ασυναρτησίες	noun	nominative/accusative/vocative plural of ασυναρτησία (asynartisía)
8764	κομμένα	verb	nominative/accusative/vocative neuter plural of κομμένος (komménos)
8765	άνεμοι	noun	nominative plural of άνεμος (ánemos)
8766	βαλς	noun	waltz
8767	ώριμο	adj	accusative masculine singular of ώριμος (órimos)
8768	καμάρι	noun	pride (a sense of one's own worth; self-esteem and satisfaction)
8769	νύφης	noun	genitive singular of νύφη (nýfi)
8770	ανόητες	adj	nominative feminine plural of ανόητος (anóitos)
8771	αποθήκης	noun	genitive singular of αποθήκη (apothíki)
8772	εντυπωσιακά	adj	nominative/accusative/vocative neuter plural of εντυπωσιακός (entyposiakós)
8773	μουσικοί	adj	nominative/vocative masculine plural of μουσικός (mousikós)
8774	απιστία	noun	infidelity; breach of trust
8775	μισούμε	verb	first-person plural present active indicative of μισώ (misó)
8776	ελάχιστες	adj	nominative/accusative/vocative feminine plural of ελάχιστος
8777	αθανασία	noun	immortality
8778	εύρος	noun	width, breadth
8779	πράγα	name	Prague (the capital city of the Czech Republic)
8780	τεχνικοί	adj	nominative/vocative masculine plural of τεχνικός (technikós)
8781	κουκλίτσα	noun	diminutive of κούκλα (koúkla), dolly
8782	βλέμματα	noun	nominative/accusative/vocative plural of βλέμμα (vlémma)
8783	αξιωματικών	adj	genitive masculine/feminine/neuter plural of αξιωματικός (axiomatikós)
8784	ψηφιακή	adj	nominative/accusative/vocative feminine singular of ψηφιακός (psifiakós)
8785	μανίκια	noun	nominative plural of μανίκι (maníki)
8786	θεϊκό	adj	masculine accusative singular
8787	αναπαραγωγή	noun	biological reproduction
8788	επισκεπτών	noun	genitive plural of επισκέπτης (episképtis)
8789	άγνωστα	adj	nominative neuter plural of άγνωστος (ágnostos)
8790	κανάτα	noun	jug, pitcher (wide-mouthed vessel with ear handle)
8791	γαλήνια	adj	nominative/accusative/vocative feminine singular of γαλήνιος (galínios)
8792	ανάμιξη	noun	involvement, meddling
8793	ισπανική	adj	nominative feminine singular of ισπανικός (ispanikós)
8794	δόξας	noun	genitive singular of δόξα (dóxa)
8795	προσφέρθηκα	verb	first-person singular simple past of προσφέρομαι
8796	βιομηχανίας	noun	genitive singular of βιομηχανία (viomichanía)
8797	καλλιτεχνικό	adj	accusative masculine singular of καλλιτεχνικός (kallitechnikós)
8798	κοινοβούλιο	noun	parliament
8799	αποβράσματα	noun	nominative/accusative/vocative plural of απόβρασμα (apóvrasma)
8800	θερμοκρασίες	noun	nominative plural of θερμοκρασία (thermokrasía)
8801	νάπολη	name	Naples
8802	λάφυρα	noun	nominative/accusative/vocative plural of λάφυρο (láfyro)
8803	ανέκδοτα	adj	nominative/accusative/vocative neuter plural of ανέκδοτος (anékdotos)
8804	πιωμένος	adj	drunk, intoxicated, inebriated, drunken
8805	αβάνα	name	Havana (the capital city of Cuba)
8806	σιχάθηκα	verb	first-person singular simple past of σιχαίνομαι (sichaínomai)
8807	ταπετσαρία	noun	wallpaper, other wall covering
8808	θιβέτ	name	Tibet (a geographic region in Central Asia, the homeland of the Tibetan people)
8809	τραγουδώ	verb	to sing; to chirp, tweet
8810	κάρβουνα	noun	nominative/accusative/vocative plural of κάρβουνο (kárvouno)
8811	λύνει	verb	+ να: third-person singular present active subjunctive of λύνω (lýno)
8812	φακός	noun	lens; torch (UK), flashlight (US)
8813	ράτσα	noun	race, a breed or strain of domesticated animal
8814	ηθών	noun	genitive plural of ήθος (íthos)
8815	δίχτυα	noun	nominative/accusative/vocative plural of δίχτυ (díchty)
8816	συνηθισμένοι	verb	nominative/vocative masculine plural of συνηθισμένος (synithisménos)
8817	προίκα	noun	dowry (cash, goods or property exchanged at time of marriage)
8818	κατσίκες	noun	nominative plural of κατσίκα (katsíka)
8819	μεγαλειότατος	noun	Your Majesty, sire (title of address for kings and emperors)
8820	πολεμάω	verb	to engage in war, fight
8821	παρέσυρε	verb	third-person singular simple past active of παρασέρνω (parasérno)
8822	βουλευτή	noun	accusative/vocative singular of βουλευτής (vouleftís)
8823	προφήτη	noun	genitive/accusative/vocative singular of προφήτης (profítis)
8824	αλαζόνας	noun	arrogant or haughty person, braggart
8825	αναζητώ	verb	to look for, seek, search for
8826	σιγή	noun	silence, quiet
8827	θρόνου	noun	genitive singular of θρόνος (thrónos)
8828	φλυτζάνι	noun	cup
8829	διάκριση	noun	distinction (the act of distinguishing)
8830	εγχείριση	noun	operation, surgical procedure
8831	θνητός	adj	mortal
8832	δίκες	noun	nominative plural of δίκη (díki)
8833	υπαλλήλων	noun	genitive plural of υπάλληλος (ypállilos)
8834	χάμστερ	noun	hamster (small Eurasian rodent)
8835	αντιπρόεδρε	noun	vocative singular of αντιπρόεδρος (antipróedros)
8836	ηγουμένη	noun	abbess, prioress, mother superior
8837	παύλα	noun	dash; quotation dash
8838	θέρετρο	noun	resort; cottage, holiday accommodation
8839	κώδικες	noun	nominative/accusative/vocative plural of κώδικας (kódikas)
8840	προϊστάμενος	adj	superior, senior (in a hierarchy)
8841	μπλιαχ	intj	ew, yuck, ugh, blegh (expression of disgust or nausea)
8842	τζαμάικα	name	Jamaica (an island and country in the Caribbean)
8843	ινδιάνο	noun	accusative singular of Ινδιάνος (Indiános)
8844	αίνιγμα	noun	riddle, puzzle; enigma
8845	ήπαρ	noun	liver
8846	βήτα	noun	second-rate; second, in contradiction with first.
8847	βγήκατε	verb	second-person plural simple past of βγαίνω (vgaíno)
8848	ανασφαλής	adj	insecure
8849	πώλησης	noun	genitive singular of πώληση (pólisi)
8850	πομπός	noun	transmitter (radio, etc)
8851	βομβάη	name	Mumbai, Bombay (a megacity, the capital of Maharashtra, India)
8852	αεροδρόμια	noun	nominative plural of αεροδρόμιο (aerodrómio)
8853	ασήμαντος	adj	unimportant, trivial, negligible, insignificant
8854	πεθαμένη	verb	nominative/accusative/vocative feminine singular of πεθαμένος (pethaménos)
8855	διακόπτουμε	verb	first-person plural present of διακόπτω (diakópto)
8856	πανέμορφος	adj	intensive form of όμορφος
8857	γρίφο	noun	accusative singular of γρίφος (grífos)
8858	φυσικές	adj	nominative feminine plural of φυσικός (fysikós)
8859	ογδόντα	num	eighty
8860	τέκνο	noun	offspring, son or daughter
8861	χωρισμός	noun	separation, parting
8862	γραφομηχανή	noun	typewriter (the machine)
8863	λάτρης	noun	male worshipper
8864	διψάς	verb	second-person singular present of διψώ (dipsó)
8865	νοίκιασα	verb	first-person singular simple past of νοικιάζω (noikiázo)
8866	αυταπάτες	noun	nominative/accusative/vocative plural of αυταπάτη (aftapáti)
8867	αντικαταστάτης	noun	replacement, substitute (person)
8868	κονσέρτο	noun	less common form of κοντσέρτο (kontsérto)
8869	τουφέκια	noun	nominative/accusative/vocative plural of τουφέκι (touféki)
8870	τοποθέτηση	noun	positioning, placement, placing (the action by which something is placed)
8871	ηλιακή	adj	nominative feminine singular of ηλιακός (iliakós)
8872	πολέμησα	verb	first-person singular simple past of πολεμάω (polemáo) and πολεμώ (polemó)
8873	δίκαιοι	adj	masculine nominative/vocative plural of δίκαιος (díkaios)
8874	νυφίτσα	noun	weasel; ferret
8875	κορυφαίος	adj	top (of the highest quality or rank)
8876	χαμηλής	adj	genitive feminine singular of χαμηλός (chamilós)
8877	άπειρο	noun	infinity
8878	απαντώ	verb	to reply, answer (in conversation, letter, email)
8879	παράρτημα	noun	appendix, annexe
8880	μισούς	adj	accusative masculine plural of μισός (misós)
8881	κέφια	noun	nominative/accusative/vocative plural of κέφι (kéfi)
8882	εβραίο	noun	accusative singular of Εβραίος (Evraíos)
8883	νότες	noun	nominative plural of νότα (nóta)
8884	έκαψες	verb	second-person singular simple past of καίω (kaío)
8885	ωράριο	noun	work hours, working timetable
8886	κοράκια	noun	nominative plural of κοράκι (koráki)
8887	ζεύγος	noun	(formal) pair to be used or joined together
8888	ζήσαμε	verb	first-person plural simple past of ζω (zo)
8889	πρακτόρων	noun	genitive plural of πράκτορας (práktoras)
8890	προσκήνιο	noun	proscenium (the stage area immediately in front of the scene building)
8891	λαϊκή	noun	street market
8892	περπάτησα	verb	first-person singular simple past of περπατάω (perpatáo) and περπατώ (perpató)
8893	αιώνιο	noun	aeonium (Aeonium)
8894	παραίσθηση	noun	illusion; hallucination
8895	πιουν	verb	third-person plural dependent of πίνω (píno)
8896	υλικού	adj	genitive masculine singular of υλικός (ylikós)
8897	εκπαιδευτικό	noun	accusative singular of εκπαιδευτικός (ekpaideftikós)
8898	αναβάθμιση	noun	upgrade, promotion
8899	μουνάκι	noun	diminutive of μουνί (mouní, “cunt, pussy”)
8900	κιλών	noun	genitive plural of κιλό (kiló)
8901	καμήλα	noun	camel; old cow
8902	αυλής	noun	genitive singular of αυλή (avlí)
8903	νικήτρια	noun	winner, victor
8904	καπετάνιου	noun	genitive singular of καπετάνιος (kapetánios)
8905	κατάλληλες	adj	nominative feminine plural of κατάλληλος (katállilos)
8906	πεποίθηση	noun	conviction, belief
8907	κατασκοπεία	noun	espionage, spying
8908	τζόκερ	noun	joker
8909	μοναχικά	adj	nominative neuter plural of μοναχικός (monachikós)
8910	πρωτοετής	adj	first-year; first-year student
8911	περνώ	verb	to pass, go past
8912	διά	prep	by, for, through
8913	ονομασία	noun	naming, appellation, designation
8914	τρομοκρατών	noun	genitive plural of τρομοκράτης (tromokrátis)
8915	εξώπορτα	noun	front door
8916	ακινήτων	noun	genitive plural of ακίνητο (akínito)
8917	απόλαυσα	verb	first-person singular simple past of απολαμβάνω (apolamváno)
8918	πιάνετε	verb	second-person plural present of πιάνω (piáno)
8919	βίαιες	adj	nominative feminine plural of βίαιος (víaios)
8920	ορόφου	noun	genitive singular of όροφος (órofos)
8921	γρίφος	noun	conundrum (difficult question or riddle)
8922	διαλύσεις	noun	nominative/accusative/vocative plural of διάλυση (diálysi)
8923	γερμανό	noun	accusative singular of Γερμανός (Germanós)
8924	άδικη	adj	nominative feminine singular of άδικος (ádikos)
8925	υπολογίσει	verb	active nonfinite form of υπολογίζω (ypologízo)
8926	παράταση	noun	extension, prolongation (enlargement in time)
8927	πειστικό	adj	accusative masculine singular of πειστικός (peistikós)
8928	μυρίζομαι	verb	to be smelt, be smelled (by yourself or by others)
8929	λικέρ	noun	liqueur (sweet-flavoured alcoholic beverage)
8930	συνοικία	noun	district, quarter, neighbourhood (of town)
8931	γούστου	noun	genitive singular of γούστο (goústo)
8932	ολοκλήρωση	noun	completion; integration
8933	λαχτάρα	noun	longing, yearning
8934	ανώτεροι	adj	nominative masculine plural of ανώτερος (anóteros)
8935	εικόνας	noun	genitive singular of εικόνα (eikóna)
8936	μανικιούρ	noun	manicure
8937	παρόρμηση	noun	impulse
8938	κούραση	noun	tiredness
8939	αμφιβολίας	noun	genitive singular of αμφιβολία (amfivolía)
8940	αγάπες	noun	nominative plural of αγάπη (agápi)
8941	σκοτωμούς	noun	accusative plural of σκοτωμός (skotomós)
8942	αράπης	noun	nigger (black person)
8943	μότο	noun	motto
8944	μάιο	name	accusative singular of Μάιος (Máios)
8945	αποκατάστασης	noun	genitive singular of αποκατάσταση (apokatástasi)
8946	χειριστής	noun	driver, pilot, operator
8947	ανώνυμος	adj	anonymous, unknown
8948	παραμένω	verb	to remain, stay (at a location)
8949	ώριμος	adj	ripe, mature, mellow (ready for reaping or gathering, or having attained perfection)
8950	μελέτησα	verb	first-person singular simple past of μελετάω (meletáo) and μελετώ (meletó)
8951	μπαμπού	noun	bamboo
8952	βέλγιο	name	Belgium
8953	κουνούπια	noun	nominative/accusative/vocative plural of κουνούπι (kounoúpi)
8954	κούριερ	noun	courier (company that delivers goods or messages usually by collecting them from sender)
8955	αιώνων	noun	genitive plural of αιώνας (aiónas)
8956	συνεργάζομαι	verb	to collaborate, to cooperate, to synergise (UK), synergize (US)
8957	ενδιάμεσο	adj	accusative masculine singular of ενδιάμεσος (endiámesos)
8958	δίναμε	verb	first-person plural imperfect of δίνω (díno)
8959	διατηρηθεί	verb	third-person singular dependent passive
8960	βιαστή	noun	genitive singular of βιαστής (viastís)
8961	ανάγκασα	verb	first-person singular simple past of αναγκάζω (anagkázo)
8962	τρομάζω	verb	to frighten, scare, terrify, spook (cause to feel fear)
8963	σωστοί	adj	nominative masculine plural of σωστός (sostós)
8964	διακομιστή	noun	genitive singular of διακομιστής (diakomistís)
8965	ελάφια	noun	nominative plural of ελάφι (eláfi)
8966	βασανιστήριο	noun	torture (intentional causing of somebody's experiencing agony)
8967	ανέχτηκα	verb	first-person singular simple past of ανέχομαι (anéchomai)
8968	φιλόδοξος	adj	ambitious
8969	κατακτήσει	verb	third-person singular dependent active
8970	εργαζόμενους	adj	accusative masculine plural of εργαζόμενος (ergazómenos)
8971	κιμά	noun	genitive/accusative/vocative singular of κιμάς (kimás)
8972	δίδυμοι	noun	nominative/vocative plural of δίδυμος (dídymos)
8973	βενζίνης	noun	genitive singular of βενζίνη (venzíni)
8974	αποκάλυψης	noun	genitive singular of αποκάλυψη (apokálypsi)
8975	αφθονία	noun	plenty, abundance, profusion
8976	βαθύτατα	adv	absolute superlative degree of βαθιά (vathiá, “most deeply”)
8977	κεραυνό	noun	accusative singular of κεραυνός (keravnós)
8978	υπολόγισα	verb	first-person singular simple past active of υπολογίζω (ypologízo)
8979	γαλαξίες	name	nominative plural of γαλαξίας (galaxías)
8980	παράστασης	noun	genitive singular of παράσταση (parástasi)
8981	ρωσικά	noun	the Russian language
8982	γάντζο	noun	accusative singular of γάντζος (gántzos)
8983	χήνες	noun	nominative/accusative/vocative plural of χήνα (chína)
8984	νηφάλια	adj	nominative/accusative/vocative feminine singular of νηφάλιος (nifálios)
8985	εξωγήινων	adj	genitive masculine/feminine/neuter plural of εξωγήινος (exogíinos)
8986	ζωγραφικής	noun	genitive singular of ζωγραφική (zografikí)
8987	κάρτας	noun	genitive singular of κάρτα (kárta)
8988	οποτεδήποτε	adv	whenever (at whatever time)
8989	λείψανα	noun	nominative plural of λείψανο (leípsano)
8990	τρομοκρατίας	noun	genitive singular of τρομοκρατία (tromokratía)
8991	τελικός	adj	final, last
8992	κατσαρίδα	noun	cockroach (insect)
8993	λόφου	noun	genitive singular of λόφος (lófos)
8994	πλαίσια	noun	nominative plural of πλαίσιο (plaísio)
8995	παλαιά	adv	once (formerly)
8996	φάνηκαν	verb	third-person plural simple past of φαίνομαι (faínomai)
8997	απέλυσα	verb	first-person singular simple past of απολύω (apolýo)
8998	θεια	noun	aunt (a sister or sister-in-law of a parent)
8999	μηχανικοί	adj	nominative/vocative masculine plural of μηχανικός (michanikós)
9000	παρωδία	noun	parody
9001	μειονέκτημα	noun	handicap, drawback, disadvantage
9002	γάμμα	noun	L-shaped as in σχηματίζω Γ.
9003	κοινής	adj	genitive feminine singular of κοινός (koinós)
9004	πρήξιμο	noun	swelling, edema (abnormally swollen part of the body)
9005	καταιγίδας	noun	genitive singular of καταιγίδα (kataigída)
9006	σύμφωνο	noun	consonant; contract, pact
9007	παροιμία	noun	proverb, saying, adage, maxim (phrase expressing a basic truth)
9008	ταμπόν	noun	tampon (for menstruation or wound treatment)
9009	ζητούμε	verb	first-person plural present active indicative of ζητώ (zitó)
9010	υγιεινό	adj	accusative masculine singular of υγιεινός (ygieinós)
9011	εμπορικά	adj	neuter nominative/accusative/vocative plural of εμπορικός (emporikós)
9012	συρία	name	Syria (a country in West Asia in the Middle East)
9013	παρκάρω	verb	to park (a vehicle)
9014	στρατιωτικοί	adj	nominative masculine plural of στρατιωτικός (stratiotikós)
9015	φίλτρα	noun	nominative/accusative/vocative plural of φίλτρο (fíltro)
9016	αποσύνθεση	noun	breakdown, decomposition
9017	παραδοσιακά	adj	neuter nominative/accusative/vocative plural of παραδοσιακός (paradosiakós)
9018	τρομαγμένος	verb	passive perfect participle of τρομάζω (tromázo): frightened, scared, spooked
9019	εντούτοις	conj	however, nevertheless
9020	έλλειψης	noun	genitive singular of έλλειψη (élleipsi)
9021	στεγνά	adj	nominative neuter plural of στεγνός (stegnós)
9022	ιδρώτας	noun	sweat, perspiration
9023	σάρκας	noun	genitive singular of σάρκα (sárka)
9024	υδραυλικό	adj	accusative masculine singular of υδραυλικός (ydravlikós)
9025	βόρειας	adj	genitive feminine singular of βόρειος (vóreios)
9026	ενοχλήσεις	noun	nominative/accusative/vocative plural of ενόχληση (enóchlisi)
9027	βίδα	noun	screw (threaded fastener)
9028	υπογράψουμε	verb	first-person plural dependent of υπογράφω (ypográfo)
9029	σοβαρότητα	noun	seriousness, gravity
9030	ναρκομανής	noun	drug addict (esp. addicted to opiates)
9031	γοφούς	noun	accusative plural of γοφός (gofós)
9032	παγωτά	noun	nominative plural of παγωτό (pagotó)
9033	άμμου	noun	genitive singular of άμμος (ámmos)
9034	καλοκαίρια	noun	nominative plural of καλοκαίρι (kalokaíri)
9035	αποκοιμήθηκα	verb	first-person singular simple past of αποκοιμιέμαι (apokoimiémai)
9036	αραβικά	noun	Arabic (the language)
9037	κτηνίατρο	noun	accusative singular of κτηνίατρος (ktiníatros)
9038	απόλυση	noun	dismissal, release, discharge, layoff
9039	οικογενειών	noun	genitive plural of οικογένεια (oikogéneia)
9040	αξίωμα	noun	maxim, axiom, tenet
9041	δάκτυλο	noun	finger, digit
9042	κλασικά	adj	nominative/accusative/vocative neuter plural of κλασικός (klasikós)
9043	κολάσεως	noun	genitive singular of κόλαση (kólasi)
9044	ακούμπησα	verb	first-person singular simple past of ακουμπώ (akoumpó)
9045	αισθάνθηκε	verb	third-person singular simple past of αισθάνομαι (aisthánomai)
9046	βαρόνος	noun	baron (rank in the nobility)
9047	φάσμα	noun	ghost, spectre (UK), specter (US) (lingering unpleasant prospect)
9048	λεονάρντο	name	a transliteration of the Italian male given name Leonardo
9049	παρατηρητήριο	noun	observation post, lookout, observatory
9050	αδέξιος	adj	clumsy, awkward, uncoordinated
9051	ρώσικα	adj	nominative/accusative/vocative neuter plural of ρώσικος (rósikos)
9052	αποφευχθεί	verb	passive nonfinite form of αποφεύγομαι (apofévgomai), the passive of αποφεύγω (apofévgo)
9053	υδραυλικός	adj	hydraulic
9054	ρώσο	noun	accusative singular of Ρώσος (Rósos)
9055	τριπλό	adj	accusative masculine singular of τριπλός (triplós)
9056	αντιπάλους	noun	accusative plural of αντίπαλος (antípalos)
9057	πλωτάρχης	noun	the rank of lieutenant commander in the Royal Navy and US navy with the NATO grade OF-3
9058	βρέφος	noun	baby, infant
9059	τούτη	pron	nominative/accusative/vocative feminine singular of τούτος (toútos)
9060	τζούρα	noun	puff (of cigarette, etc)
9061	προκύπτει	verb	to be produced (of a result)
9062	αφρό	noun	accusative singular of αφρός (afrós)
9063	ισπανίας	name	genitive singular of Ισπανία (Ispanía)
9064	επιθετικότητα	noun	aggressiveness, aggression, offensiveness
9065	αλέξανδρος	name	a male given name, Alexandros, equivalent to English Alexander
9066	εθισμό	noun	accusative singular of εθισμός (ethismós)
9067	ανατινάξεις	noun	nominative/accusative/vocative plural of ανατίναξη (anatínaxi)
9068	αρμοδιότητα	noun	province, domain, competence, purview (power or right to exercise authority)
9069	αδυναμίας	noun	genitive singular of αδυναμία (adynamía)
9070	περίπολος	noun	patrol
9071	βάρδιας	noun	genitive singular of βάρδια (várdia)
9072	θερμοκρασίας	noun	genitive singular of θερμοκρασία (thermokrasía)
9073	κύματος	noun	genitive singular of κύμα (kýma)
9074	εργοστασίου	noun	genitive singular of εργοστάσιο (ergostásio)
9075	κινέζο	noun	accusative singular of Κινέζος (Kinézos)
9076	πρόχειρο	adj	accusative masculine singular of πρόχειρος (prócheiros)
9077	παράσημο	noun	order, medal, decoration (award, etc)
9078	μόλυνσης	noun	genitive singular of μόλυνση (mólynsi)
9079	καθαριότητα	noun	cleanliness; cleaning
9080	σκούτερ	noun	motorscooter; scooter
9081	κωλόπαιδο	noun	little shit, little brat, little asshole (badly behaved child or young person)
9082	ενόσω	conj	while (at the same time)
9083	έκλειψη	noun	eclipse
9084	ενδιαφέροντος	adj	genitive masculine/neuter singular of ενδιαφέρων (endiaféron)
9085	άγχους	noun	genitive singular of άγχος (ánchos)
9086	αγωγός	noun	conductor, wire, lead
9087	ματωμένο	adj	accusative masculine singular of ματωμένος (matoménos)
9088	γούσταρε	verb	third-person singular imperfect of γουστάρω (goustáro)
9089	ταμίας	noun	cashier, teller, bursar, treasurer
9090	μέθυσε	noun	vocative singular of μέθυσος (méthysos)
9091	κάτουρο	noun	urine
9092	φύλου	noun	genitive singular of φύλο (fýlo)
9093	ήπειρο	noun	accusative/vocative singular of ήπειρος (ípeiros)
9094	παγωμένος	verb	iced, chilled; frosty
9095	τόνοι	noun	nominative/vocative plural of τόνος (tónos)
9096	περιδέραιο	noun	necklace
9097	βλάβες	noun	nominative/accusative/vocative plural of βλάβη (vlávi)
9098	συνθηκών	noun	genitive plural of συνθήκη (synthíki)
9099	ιταλική	adj	nominative/accusative/vocative feminine singular of ιταλικός (italikós)
9100	τοποθετηθεί	verb	passive nonfinite form of τοποθετούμαι
9101	υποστηρίξεις	noun	nominative/accusative/vocative plural of υποστήριξη (ypostírixi)
9102	φυσιολογικές	adj	nominative feminine plural of φυσιολογικός (fysiologikós)
9103	ξανθό	adj	accusative masculine singular of ξανθός (xanthós)
9104	γάιδαρος	noun	donkey, ass, Equus asinus
9105	κάιρο	name	Cairo (the capital city of Egypt)
9106	κειμήλιο	noun	heirloom; sacred relic, holy relic
9107	αντίκα	noun	antique
9108	μικροσκόπιο	noun	microscope
9109	καίγομαι	verb	to burn, be set on fire, be set alight
9110	θραύσμα	noun	fragment, chip, piece, sliver
9111	ελεημοσύνη	noun	alms, help (something given to the poor as charity such as money, clothing or food)
9112	πειρατή	noun	genitive singular of πειρατής (peiratís)
9113	μέταλλα	noun	nominative/accusative/vocative plural of μέταλλο (métallo)
9114	αηδιαστικά	adj	nominative neuter plural of αηδιαστικός (aïdiastikós)
9115	απελπισμένοι	verb	nominative/vocative masculine plural of απελπισμένος (apelpisménos)
9116	ανοσοποιητικό	adj	accusative masculine singular of ανοσοποιητικός (anosopoiitikós)
9117	ασχέτως	adv	regardless, irrespective
9118	κλείδωσα	verb	first-person singular simple past of κλειδώνω (kleidóno)
9119	κατέλαβε	verb	third-person singular simple past of καταλαμβάνω (katalamváno)
9120	αξιωματικού	adj	genitive masculine/neuter singular of αξιωματικός (axiomatikós)
9121	ουρανοί	noun	nominative plural of ουρανός (ouranós)
9122	αποφασιστικότητα	noun	determination, decisiveness, resoluteness
9123	μπέρτα	noun	baggy overcoat; cloak, cape, mantle
9124	τοπικός	adj	local (from or in a nearby location)
9125	προσθήκη	noun	addition, extension, affix
9126	βεβαιωθεί	verb	passive nonfinite form of βεβαιώνω (vevaióno)
9127	άσχετος	adj	irrelevant, unrelated
9128	ανάστημα	noun	height, stature (of a person)
9129	αντανακλαστικά	noun	reflexes
9130	καμινάδα	noun	domestic chimney
9131	επινόησα	verb	first-person singular simple past active of επινοώ (epinoó)
9132	γεννήσεις	noun	nominative plural of γέννηση (génnisi)
9133	απάτης	noun	genitive singular of απάτη (apáti)
9134	βούρτσα	noun	broom, brush (for cleaning and sweeping)
9135	επεμβάσεις	noun	nominative/accusative/vocative plural of επέμβαση (epémvasi)
9136	κλήσεων	noun	genitive plural of κλήση (klísi)
9137	καβάλα	noun	sexual intercourse
9138	γραφικός	adj	written, graphical, graphic
9139	βλέπε	verb	second-person singular imperfective imperative of βλέπω (vlépo)
9140	νεολαία	noun	youth (young people, collectively)
9141	πούλημα	noun	sale (an exchange of goods or services for currency or credit)
9142	συνεισφορά	noun	contribution
9143	γατάκια	noun	nominative/accusative/vocative plural of γατάκι (gatáki)
9144	τετραγωνικά	adj	nominative neuter plural of τετραγωνικός (tetragonikós)
9145	ηθοποιία	noun	acting (the profession)
9146	μεγαλύτερου	adj	genitive masculine singular of μεγαλύτερος
9147	γραμματοκιβώτιο	noun	letterbox, mailbox
9148	τορόντο	name	Toronto (the capital city of Ontario, Canada and largest city Canada)
9149	διευθυντές	noun	nominative/accusative/vocative plural of διευθυντής (diefthyntís)
9150	δεύτερου	adj	genitive masculine singular of δεύτερος (défteros)
9151	υποκριτής	noun	actor; hypocrite, dissembler
9152	προχτές	adv	two days ago, on the day before yesterday
9153	αντιπροσωπεία	noun	delegation, deputation
9154	μητρική	adj	nominative/accusative/vocative feminine singular of μητρικός (mitrikós)
9155	σιωπηλά	adj	nominative neuter plural of σιωπηλός (siopilós)
9156	χλωμός	adj	pale, wan, sallow (of a person)
9157	υπερφυσικό	noun	the supernatural (beings and events collectively)
9158	συνδρομή	noun	subscription (to society, club, magazine, etc)
9159	τρελοκομείο	noun	madhouse, nuthouse, bedlam, lunatic asylum (mental hospital)
9160	καλσόν	noun	tights (UK), pantyhose (US)
9161	ανατολής	noun	genitive singular of ανατολή (anatolí)
9162	θερμότητας	noun	genitive singular of θερμότητα (thermótita)
9163	επόμενης	adj	genitive feminine singular of επόμενος (epómenos)
9164	επιβολή	noun	imposition (the act of imposing)
9165	ερείπιο	noun	ruin, dilapidated building
9166	αστροναύτες	noun	nominative/accusative/vocative plural of αστροναύτης (astronáftis)
9167	δάκτυλα	noun	nominative/accusative/vocative plural of δάκτυλο (dáktylo)
9168	υποβάλλω	verb	to submit, to put (to present for approval, consideration, assessment, etc.)
9169	αρχαίων	adj	genitive masculine/feminine/neuter plural of αρχαίος (archaíos)
9170	πολιτισμούς	noun	accusative plural of πολιτισμός (politismós)
9171	παράδοξο	adj	accusative masculine singular of παράδοξος (parádoxos)
9172	συγκατάθεση	noun	consent (voluntary agreement or permission)
9173	ψυχοθεραπεία	noun	psychotherapy
9174	επιστήμες	noun	nominative plural of επιστήμη (epistími)
9175	οργής	noun	genitive singular of οργή (orgí)
9176	διεθνούς	adj	genitive masculine singular of διεθνής (diethnís)
9177	θώρακα	noun	genitive singular of θώρακας (thórakas)
9178	απαντάω	verb	to reply, answer (in conversation, letter, email)
9179	τρομπέτα	noun	trumpet
9180	γραμματόσημα	noun	nominative/accusative/vocative plural of γραμματόσημο (grammatósimo)
9181	αντιπερισπασμός	noun	feint, diversion, distraction
9182	επανειλημμένα	adv	repeatedly
9183	κίνδυνοι	noun	nominative/vocative plural of κίνδυνος (kíndynos)
9184	αιτήματα	noun	nominative/accusative/vocative plural of αίτημα (aítima)
9185	δεκατρία	num	thirteen
9186	καλωσορίζω	verb	to welcome (a person)
9187	βόδι	noun	ox; oaf, lout
9188	αναλόγως	adv	proportionally, proportionately
9189	χαρτζιλίκι	noun	pocket money, allowance
9190	άγνωστοι	noun	nominative plural of άγνωστος (ágnostos)
9191	μαζευτεί	verb	passive nonfinite form of μαζεύομαι (mazévomai), the passive of μαζεύω (mazévo)
9192	γενικού	adj	genitive masculine singular of γενικός (genikós)
9193	προχωράω	verb	to move forward, advance, progress, proceed
9194	χτυπούσα	verb	first-person singular imperfect of χτυπάω (chtypáo) and χτυπώ (chtypó)
9195	υγιεινή	noun	hygiene
9196	γάλλο	noun	accusative singular of Γάλλος (Gállos)
9197	εξαφάνισης	noun	genitive singular of εξαφάνιση (exafánisi)
9198	βοηθέ	noun	vocative singular of βοηθός (voïthós)
9199	φόροι	noun	nominative plural of φόρος (fóros)
9200	μανάδες	noun	nominative plural of μάνα (mána)
9201	πάθηση	noun	disease, malady
9202	εργολάβος	noun	contractor, entrepreneur
9203	μπλουζ	noun	blues
9204	δρομολόγιο	noun	itinerary; timetable
9205	σωματικό	adj	accusative masculine singular of σωματικός (somatikós)
9206	σίδερα	noun	nominative/accusative/vocative plural of σίδερο (sídero)
9207	λάτρεψα	verb	first-person singular simple past of λατρεύω (latrévo)
9208	βυζί	noun	tit, boob (the breast)
9209	διαρρήξεις	noun	nominative plural of διάρρηξη (diárrixi)
9210	απομονωμένο	verb	accusative masculine singular of απομονωμένος (apomonoménos)
9211	απομίμηση	noun	fake, forgery; imitation, replica
9212	συγκρούσεις	noun	nominative/accusative/vocative plural of σύγκρουση (sýgkrousi)
9213	λίπασμα	noun	fertilizer
9214	φυσικού	adj	genitive masculine/neuter singular of φυσικός (fysikós)
9215	πιάτων	noun	genitive plural of πιάτο (piáto)
9216	αρετές	noun	nominative/accusative/vocative plural of αρετή (aretí)
9217	σωματιδίων	noun	genitive plural of σωματίδιο (somatídio)
9218	αποτυχίες	noun	nominative plural of αποτυχία (apotychía)
9219	τσιράκια	noun	nominative plural of τσιράκι (tsiráki)
9220	τρέλας	noun	genitive singular of τρέλα (tréla)
9221	υγιεινής	adj	genitive feminine singular of υγιεινός (ygieinós)
9222	φανατικός	adj	fanatical; fanatic
9223	πίθηκοι	noun	nominative/vocative plural of πίθηκος (píthikos)
9224	τσόντες	noun	nominative plural of τσόντα (tsónta)
9225	ανίχνευσης	noun	genitive singular of ανίχνευση (aníchnefsi)
9226	ερωτικές	adj	nominative feminine plural of ερωτικός (erotikós)
9227	κρεμμύδι	noun	onion (plant, bulb and vegetable)
9228	περασμένες	verb	nominative/accusative/vocative feminine plural of περασμένος (perasménos)
9229	τόκυο	name	Tokyo (a prefecture, the capital city of Japan)
9230	έβλαψε	verb	third-person singular simple past active of βλάπτω (vlápto)
9231	πακετάρω	verb	to packet; to pack (e.g., luggage), box up, fill, package
9232	μελλοντικό	adj	accusative masculine singular of μελλοντικός (mellontikós)
9233	ευχάριστος	adj	pleasant, pleasing, agreeable
9234	πόρων	noun	genitive plural of πόρος (póros) and πόροι (póroi)
9235	ύψους	noun	genitive singular of ύψος (ýpsos)
9236	ποιητή	noun	genitive/accusative/vocative singular of ποιητής (poiitís)
9237	αυστρία	name	Austria (a country in Central Europe)
9238	βάψαμε	verb	first-person plural simple past of βάφω (váfo)
9239	μέσον	noun	intermediary
9240	οντότητα	noun	entity
9241	χημικών	noun	genitive plural of χημικός (chimikós)
9242	ρατσιστικό	adj	accusative masculine singular of ρατσιστικός (ratsistikós)
9243	συσκευασία	noun	package, packaging
9244	ρατσιστής	noun	racist
9245	σάκος	noun	bag (of paper or plastic; for shopping, etc)
9246	πρόωρα	adj	nominative/accusative/vocative neuter plural of πρόωρος (próoros)
9247	στρατιωτικής	adj	genitive feminine singular of στρατιωτικός (stratiotikós)
9248	επαγγέλματος	noun	genitive singular of επάγγελμα (epángelma)
9249	αστέρα	noun	genitive/accusative/vocative singular of αστέρας (astéras)
9250	ευθύνης	noun	genitive singular of ευθύνη (efthýni)
9251	σπόροι	noun	nominative plural of σπόρος (spóros)
9252	τυφλοί	adj	nominative masculine plural of τυφλός (tyflós)
9253	ανακουφίστηκα	verb	first-person singular simple past of ανακουφίζομαι (anakoufízomai)
9254	διαιτητής	noun	referee (umpire, judge, the supervisor of a game)
9255	πολεμικά	adj	neuter nominative/accusative/vocative plural of πολεμικός (polemikós)
9256	σχεδιαστής	noun	designer, drawer, draughtsman
9257	εγχειρήσεις	noun	nominative plural of εγχείρηση (encheírisi)
9258	βυζάκια	noun	nominative/accusative/vocative plural of βυζάκι (vyzáki)
9259	ντύνομαι	verb	to dress oneself
9260	φρόνιμος	adj	sensible, wise; judicious, prudent
9261	αναβολή	noun	postponement, delay
9262	λαιμού	noun	genitive singular of λαιμός (laimós)
9263	υποκρισία	noun	hypocrisy, insincerity
9264	παρουσιάσεις	noun	nominative/accusative/vocative plural of παρουσίαση (parousíasi)
9265	έντερα	noun	nominative plural of έντερο (éntero)
9266	ανεξαρτησίας	noun	genitive singular of ανεξαρτησία (anexartisía)
9267	εργοτάξιο	noun	working site, worksite
9268	μετοχή	noun	participle; share, stock
9269	ανάλυσης	noun	genitive singular of ανάλυση (análysi)
9270	αντίπαλοι	adj	nominative/vocative masculine plural of αντίπαλος (antípalos)
9271	κόκκινου	adj	genitive masculine singular of κόκκινος (kókkinos)
9272	πεινασμένη	verb	nominative/accusative/vocative feminine singular of πεινασμένος (peinasménos)
9273	στιγμιαία	adj	nominative feminine singular of στιγμιαίος (stigmiaíos)
9274	βιομηχανίες	noun	nominative/accusative/vocative plural of βιομηχανία (viomichanía)
9275	ιδανικός	adj	ideal, model, perfect
9276	εκμετάλλευση	noun	exploitation
9277	λιπαρά	adj	nominative/accusative/vocative neuter plural of λιπαρός (liparós)
9278	γκουρού	noun	guru
9279	κομψός	adj	chic, smart, elegant, stylish
9280	ανέσεις	noun	nominative/accusative/vocative plural of άνεση (ánesi, “modern conveniences”)
9281	προσομοίωση	noun	simulation
9282	καμάκι	noun	harpoon, spear; gaff
9283	απόφοιτος	noun	graduate, alumnus, alumna
9284	αριθ.	adj	abbreviation of αριθμητικός (arithmitikós): arithmetical
9285	ανέμους	noun	accusative plural of άνεμος (ánemos)
9286	έμβλημα	noun	emblem
9287	κηλίδα	noun	stain, blemish, blot
9288	νεμπράσκα	name	Nebraska (US state)
9289	όπιο	noun	opium
9290	αγγέλων	noun	genitive plural of άγγελος (ángelos)
9291	μαρούλι	noun	lettuce (vegetable)
9292	εξωτερικές	adj	nominative feminine plural of εξωτερικός (exoterikós)
9293	θάμνο	noun	accusative singular of θάμνος (thámnos)
9294	κολόνια	noun	eau de Cologne
9295	σακραμέντο	name	Sacramento
9296	φυτεία	noun	plantation
9297	λάβα	noun	lava (molten rock)
9298	χημείας	noun	genitive singular of χημεία (chimeía)
9299	φύκια	noun	nominative/accusative/vocative plural of φύκι (fýki)
9300	μαρόκο	name	Morocco (a country in North Africa)
9301	έχθρα	noun	hostility, enmity, hate, dislike
9302	ενέχυρο	noun	pledge, pawn (item given as security on a loan)
9303	κουρέλια	noun	nominative/accusative/vocative plural of κουρέλι (kouréli)
9304	εγγυήσεις	noun	nominative plural of εγγύηση (engýisi)
9305	φιλόσοφος	noun	philosopher (person devoted to studying philosophy)
9306	βούτηξε	verb	third-person singular simple past of βουτώ (voutó)
9307	οδηγάω	verb	to drive (direct a vehicle)
9308	δείπνα	noun	nominative/accusative/vocative plural of δείπνο (deípno)
9309	ουδέτερη	adj	nominative feminine singular of ουδέτερος (oudéteros)
9310	αγνώστου	noun	genitive singular of άγνωστος (ágnostos)
9311	κυριλέ	adj	posh, affected, chic
9312	άψογο	adj	accusative masculine singular of άψογος (ápsogos)
9313	μάξγουελ	noun	maxwell (A unit of magnetic flux)
9314	ήρα	noun	ryegrass, darnel
9315	επικοινώνησα	verb	first-person singular simple past of επικοινωνώ (epikoinonó)
9316	ψήφισε	verb	third-person singular simple past of ψηφίζω (psifízo)
9317	βεβαιώνω	verb	to confirm, assure
9318	χρησιμοποιήσατε	verb	second-person plural simple past of χρησιμοποιώ (chrisimopoió)
9319	γριούλα	noun	diminutive of γριά (griá), little old woman
9320	νέγρος	noun	a black person, especially a black man
9321	βραχιόλια	noun	nominative plural of βραχιόλι (vrachióli)
9322	ηλικιωμένος	noun	elderly man, old man
9323	δοκιμών	noun	genitive plural of δοκιμή (dokimí)
9324	τράβηγμα	noun	pulling (the act by which something is pulled)
9325	μπουκέτο	noun	bunch of flowers, bouquet
9326	ισότητα	noun	equality, parity
9327	ιωάννης	name	a male given name
9328	καταχώρηση	noun	registration (the action of making a record)
9329	ούρων	noun	genitive plural of ούρο (oúro)
9330	ταραχή	noun	agitation; disturbance, unrest, turmoil
9331	αλλεργίες	noun	nominative plural of αλλεργία (allergía)
9332	αγνοούμενη	noun	missing person
9333	ταξιτζής	noun	taxi driver, cabdriver, cabbie (person who drives a taxicab)
9334	φαινομενικά	adj	nominative neuter plural of φαινομενικός (fainomenikós)
9335	νίκαια	name	Nice
9336	διαδικτύου	noun	genitive singular of διαδίκτυο (diadíktyo)
9337	ταξίδεψα	verb	first-person singular simple past of ταξιδεύω (taxidévo)
9338	πυρκαγιάς	noun	genitive singular of πυρκαγιά (pyrkagiá)
9339	μοναχοί	noun	nominative plural of μοναχός (monachós)
9340	ανθρωποκτονίας	noun	genitive singular of ανθρωποκτονία (anthropoktonía)
9341	καθετί	pron	everything, all things
9342	κρεβατιού	noun	genitive singular of κρεβάτι (kreváti)
9343	ντόπια	adj	nominative/accusative/vocative feminine singular of ντόπιος (ntópios)
9344	πενσυλβάνια	name	Pennsylvania (a state of the United States)
9345	κομοδίνο	noun	nightstand, bedside table
9346	πράξης	noun	genitive singular of πράξη (práxi)
9347	ραδιενέργειας	noun	genitive singular of ραδιενέργεια (radienérgeia)
9348	αρνάκι	noun	diminutive of αρνί (arní, “lamb”)
9349	ταχεία	noun	express, express train
9350	πικρή	adj	nominative feminine singular of πικρός (pikrós)
9351	επαναληφθεί	verb	third-person singular dependent
9352	ανυπομονησία	noun	impatience, lack of patience
9353	φοράδα	noun	mare (female horse)
9354	αναγκαστικά	adj	nominative/accusative/vocative neuter plural of αναγκαστικός (anagkastikós)
9355	απατά	pron	nominative/accusative/vocative neuter plural of απατός (apatós)
9356	πλαγιά	noun	slope of a landform that extends above the surrounding terrain
9357	επιλοχία	noun	genitive singular of επιλοχίας (epilochías)
9358	υπογράφει	verb	third-person singular present of υπογράφω (ypográfo)
9359	βλασφημία	noun	blasphemy
9360	διάλογο	noun	accusative singular of διάλογος (diálogos)
9361	ψαράδες	noun	nominative/accusative/vocative plural of ψαράς (psarás)
9362	μετάνιωσα	verb	first-person singular simple past of μετανιώνω (metanióno)
9363	αμυντικός	adj	defensive
9364	αλληλογραφίας	noun	genitive singular of αλληλογραφία (allilografía)
9365	δανία	name	Denmark (a country in Northern Europe)
9366	απόβρασμα	noun	scum
9367	ντομάτα	noun	tomato
9368	επιδρομές	noun	nominative plural of επιδρομή (epidromí)
9369	δότη	noun	genitive/accusative/vocative singular of δότης (dótis)
9370	φαλακρός	adj	bald, hairless; bald, denuded, barren
9371	γενναιότητα	noun	bravery, courage, fortitude
9372	ναυτική	adj	nominative feminine singular of ναυτικός (naftikós)
9373	ανατροπή	noun	upsetting, turning over
9374	νυστάζω	verb	to be sleepy, feel tired
9375	θαλάμους	noun	accusative plural of θάλαμος (thálamos)
9376	διαδήλωση	noun	demonstration, protest
9377	ιδρυτής	noun	founder
9378	κινούμαι	verb	to fidget, be restless
9379	εκπτώσεις	noun	nominative/accusative/vocative plural of έκπτωση (ékptosi)
9380	εσπρέσο	noun	espresso
9381	οικοδέσποινα	noun	hostess; housewife
9382	γαμιόληδες	noun	nominative plural of γαμιόλης (gamiólis)
9383	συνταξιούχος	noun	pensioner, retiree
9384	πάρκαρε	verb	third-person singular imperfect of παρκάρω (parkáro)
9385	λύσετε	verb	second-person plural dependent active of λύνω (lýno)
9386	γραμμένη	adj	nominative feminine singular of γραμμένος (gramménos)
9387	κατάλυμα	noun	accommodation, lodging
9388	σκελετός	noun	skeleton; frame of any structure
9389	βωμό	noun	accusative singular of βωμός (vomós)
9390	ερευνητή	noun	genitive/accusative/vocative singular of ερευνητής (erevnitís)
9391	πολιορκία	noun	siege, military blockade
9392	διαδηλωτές	noun	nominative/accusative/vocative plural of διαδηλωτής (diadilotís)
9393	χαμογελάω	verb	smile
9394	μυστικοί	adj	nominative masculine plural of μυστικός (mystikós)
9395	φανερά	adv	overtly, in plain view
9396	αναμφισβήτητα	adv	undeniably, unquestionably, indisputably
9397	στόματα	noun	nominative plural of στόμα (stóma)
9398	δυτικής	adj	genitive feminine singular of δυτικός (dytikós)
9399	αναμέτρηση	noun	contest, contention
9400	κακών	adj	genitive masculine plural of κακός (kakós)
9401	διαθήκης	noun	genitive singular of διαθήκη (diathíki)
9402	έβδομο	adj	accusative masculine singular of έβδομος (évdomos)
9403	παράξενοι	adj	nominative masculine plural of παράξενος (paráxenos)
9404	χτυπήθηκα	verb	first-person singular simple past of χτυπιέμαι
9405	ξοδεύω	verb	to spend, expend (money)
9406	χρονόμετρο	noun	stopwatch; synonym of μετρονόμος m (metronómos, “metronome”)
9407	λύσσα	noun	rabies (animal and human disease caused by species of Lyssavirus)
9408	ανταλλαγής	noun	genitive singular of ανταλλαγή (antallagí)
9409	κάνουνε	verb	θα κάνουνε: third-person plural perfective future of κάνω (káno)
9410	δελφίνι	noun	dolphin; hydrofoil (the name attached to some services)
9411	αναλυτής	noun	analyst (occupation)
9412	σερβιτόρο	noun	accusative singular of σερβιτόρος (servitóros)
9413	ντουζίνες	noun	nominative/accusative/vocative plural of ντουζίνα (ntouzína)
9414	ρομάντζο	noun	romance
9415	αγνοούμενο	noun	accusative singular of αγνοούμενος (agnooúmenos)
9416	αναπνοής	noun	genitive singular of αναπνοή (anapnoḯ)
9417	μέλους	noun	genitive singular of μέλος (mélos)
9418	βάλανε	noun	vocative singular of βάλανος (válanos)
9419	απόγονος	noun	descendant, progeny
9420	διοξείδιο	noun	dioxide
9421	ολόγραμμα	noun	hologram
9422	παντρευόταν	verb	third-person singular imperfect of παντρεύομαι
9423	κατόρθωμα	noun	feat, accomplishment, deed, exploit, achievement
9424	παχιά	adj	nominative feminine singular of παχύς (pachýs)
9425	κοντή	adj	nominative feminine singular of κοντός (kontós)
9426	ενεργός	adj	active (of a person: given to action)
9427	πατριώτης	noun	patriot
9428	νομικές	adj	nominative feminine plural of νομικός (nomikós)
9429	κλεοπάτρα	name	Cleopatra
9430	κατάσχεση	noun	confiscation, forfeiture, seizure, sequestration
9431	ματαιοδοξία	noun	vanity, vainglory, conceit
9432	λεπτός	adj	thin, skinny, slim
9433	τραπεζάκι	noun	coffee table
9434	κεντρικός	adj	central, pivotal, focal, main
9435	ναυτικός	adj	marine, nautical
9436	πρόγευμα	noun	breakfast (first meal of the day)
9437	ελιά	noun	olive; olive tree
9438	μόναχο	name	Munich (the capital and largest city of Bavaria, Germany)
9439	εκνευρισμένος	verb	irritated, nervous
9440	γεννήτριες	noun	nominative/accusative/vocative plural of γεννήτρια (gennítria)
9441	ετοιμασίες	noun	nominative/accusative/vocative plural of ετοιμασία (etoimasía)
9442	περιορισμού	noun	genitive singular of περιορισμός (periorismós)
9443	ανάσταση	noun	revival, resurrection
9444	χάριν	prep	for, as (equivalent to the Latin gratia)
9445	ρόδο	noun	rose (flower)
9446	κουράδα	noun	turd (lump of faeces)
9447	υπενθυμίζω	verb	to remind
9448	διαχειριστή	noun	genitive singular of διαχειριστής (diacheiristís)
9449	δείκτης	noun	indicator, quotient, measure (something indicating a value)
9450	καρότο	noun	carrot (root vegetable)
9451	σεντόνι	noun	sheet, bedsheet
9452	σκορπιός	noun	scorpion; Scorpio
9453	ανακοινώσεις	noun	nominative/accusative/vocative plural of ανακοίνωση (anakoínosi)
9454	εξαφανίσεις	noun	nominative/accusative/vocative singular of εξαφάνιση (exafánisi)
9455	έκατσα	verb	first-person singular simple past of κάθομαι (káthomai)
9456	αποστάσεως	noun	genitive singular of απόσταση (apóstasi)
9457	ποτηράκι	noun	diminutive of ποτήρι (potíri)
9458	απρόσεκτος	adj	heedless, careless, inattentive
9459	επίμονος	adj	insistent, persistent, pertinacious, tenacious, dogged, obstinate
9460	πλησίασα	verb	first-person singular simple past of πλησιάζω (plisiázo)
9461	διάλυση	noun	break-up, dispersal, dismantling
9462	φεγγάρια	noun	nominative plural of φεγγάρι (fengári)
9463	άρρωστα	adj	nominative neuter plural of άρρωστος (árrostos)
9464	φιάσκο	noun	fiasco, debacle, flop
9465	εργαζόμενος	adj	employed
9466	άσχετη	adj	nominative/accusative/vocative feminine singular of άσχετος (áschetos)
9467	μπακάλικο	noun	grocer's shop, grocery
9468	πίσσα	noun	tar, pitch, coal tar
9469	οσμή	noun	smell, odour (UK), odor (US)
9470	μαργαρίτες	noun	nominative/accusative/vocative plural of μαργαρίτα (margaríta)
9471	αθλητική	adj	nominative/accusative/vocative feminine singular of αθλητικός (athlitikós)
9472	βρικολάκων	noun	genitive plural of βρικόλακας (vrikólakas)
9473	όργιο	noun	ancient religious ceremony
9474	μετριόφρων	adj	modest, unassuming, unpretentious
9475	ικανοποιημένοι	verb	nominative/vocative masculine plural of ικανοποιημένος (ikanopoiiménos)
9476	λεοπάρδαλη	noun	leopard
9477	τζάμια	noun	nominative/accusative/vocative plural of τζάμι (tzámi)
9478	έσπρωξα	verb	first-person singular simple past of σπρώχνω (spróchno)
9479	τέσλα	noun	tesla (SI Unit magnetic flux density or magnetic inductivity.)
9480	ένορκος	adj	under oath, sworn
9481	αβγό	noun	egg; egg (of a hen, used as food)
9482	λιμνούλα	noun	pond; any small body of water
9483	καλλιτεχνική	adj	nominative feminine singular of καλλιτεχνικός (kallitechnikós)
9484	καβούρια	noun	nominative plural of καβούρι (kavoúri)
9485	πληροφόρηση	noun	information (the act of informing or imparting knowledge)
9486	χριστιανική	adj	nominative feminine singular of χριστιανικός (christianikós)
9487	αντιμέτωπος	adj	facing, confronting
9488	κρουασάν	noun	croissant
9489	παράνομοι	adj	masculine nominative/vocative plural of παράνομος (paránomos)
9490	βοηθού	noun	genitive singular of βοηθός (voïthós)
9491	άλματα	noun	nominative/accusative/vocative plural of άλμα (álma)
9492	βλαμμένε	verb	vocative masculine singular of βλαμμένος (vlamménos)
9493	παράλογος	adj	illogical, unreasonable, absurd
9494	ελκυστικός	adj	sexually attractive, charming, winsome
9495	πήρανε	verb	third-person plural simple past of παίρνω (paírno)
9496	σύνδεσης	noun	genitive singular of σύνδεση (sýndesi)
9497	εξαγωγή	noun	export, exportation
9498	καρό	noun	diamond or square decorative pattern
9499	βαρών	noun	genitive plural of βάρος (város)
9500	φρικτός	adj	horrible
9501	μυ	noun	accusative/vocative singular of μυς (mys)
9502	κοίταζες	verb	second-person singular imperfect of κοιτάζω (koitázo)
9503	πάθετε	verb	second-person plural dependent of παθαίνω (pathaíno)
9504	ταϊλάνδη	name	Thailand (a country in Southeast Asia)
9505	άνθη	noun	nominative/accusative/vocative plural of άνθος (ánthos)
9506	σπόρο	noun	accusative singular of σπόρος (spóros)
9507	σιδερένια	adj	nominative feminine singular of σιδερένιος (siderénios)
9508	βοηθητικό	adj	accusative masculine singular of βοηθητικός (voïthitikós)
9509	νοσταλγία	noun	nostalgia, homesickness
9510	ψυχών	noun	genitive plural of ψυχή (psychí)
9511	δεύτερες	adj	nominative feminine plural of δεύτερος (défteros)
9512	ακύρωσα	verb	first-person singular simple past of ακυρώνω (akyróno)
9513	εκατοστό	noun	hundredth (1/100, one of a hundred parts of a whole)
9514	κουνάω	verb	to shake, swing, nod
9515	εκτελεστές	noun	nominative/accusative/vocative plural of εκτελεστής (ektelestís)
9516	μεις	pron	we (1st person plural, nominative)
9517	στόχαστρο	noun	sight, sights, gunsight, foresight (aiming device on weapon)
9518	μεταλλικά	adj	nominative neuter plural of μεταλλικός (metallikós)
9519	σκίουρος	noun	squirrel
9520	θολά	adj	nominative neuter plural of θολός (tholós)
9521	κύριες	adj	nominative/accusative/vocative feminine plural of κύριος (kýrios)
9522	βασιλικής	adj	genitive feminine singular of βασιλικός (vasilikós)
9523	πιάνου	noun	genitive singular of πιάνο (piáno)
9524	έντυπα	noun	nominative/accusative/vocative plural of έντυπο (éntypo)
9525	τουρσί	noun	pickle
9526	ακολουθείστε	verb	second-person plural present indicative passive
9527	στίχοι	noun	nominative/vocative plural of στίχος (stíchos, “lyrics”)
9528	παύει	verb	third-person singular present indicative active of παύω (pávo)
9529	ισπανικό	adj	accusative masculine singular of ισπανικός (ispanikós)
9530	ορός	noun	serum; pus
9531	αποτοξίνωσης	noun	genitive singular of αποτοξίνωση (apotoxínosi)
9532	λεκές	noun	stain, splatter
9533	σύμμαχος	noun	ally; ally (a person who co-operates with or helps another; an associate; a friend)
9534	σώος	adj	safe
9535	προκοπής	noun	genitive singular of προκοπή (prokopí)
9536	τραυματισμός	noun	injury
9537	λίθο	noun	accusative singular of λίθος (líthos)
9538	κουνιάδος	noun	brother-in-law, specifically spouse's brother
9539	πυροβόλο	noun	gun, cannon, artillery
9540	μήλου	noun	genitive singular of μήλο (mílo)
9541	νεότερα	adj	nominative neuter plural of νεότερος
9542	χλωμή	adj	nominative feminine singular of χλωμός (chlomós)
9543	αλκοολική	noun	alcoholic, an abuser of alcohol
9544	είπανε	verb	"third-person plural simple past of λέω (léo): ""they said"""
9545	μεσαίωνα	noun	genitive singular of Μεσαίωνας (Mesaíonas)
9546	άχνα	noun	light mist; light breath
9547	κούτσουρο	noun	log (thick piece of wood from a tree)
9548	κεράσι	noun	cherry (fruit)
9549	σεπτέμβριο	name	accusative singular of Σεπτέμβριος (Septémvrios)
9550	ισπανοί	noun	nominative plural of Ισπανός (Ispanós)
9551	έλεγχε	noun	vocative singular of έλεγχος (élenchos)
9552	ατμό	noun	accusative singular of ατμός (atmós)
9553	γρατσουνιά	noun	graze, abrasion, scratch
9554	αναμνηστικό	noun	souvenir, memento, keepsake
9555	φανάρια	noun	nominative/accusative/vocative plural of φανάρι (fanári)
9556	μύλο	noun	accusative singular of μύλος (mýlos)
9557	συμπεριφέρομαι	verb	to behave
9558	γειτονιές	noun	nominative/accusative/vocative plural of γειτονιά (geitoniá)
9559	νομοθεσία	noun	legislature, legislation
9560	σαλάμι	noun	salami
9561	αξιοσημείωτο	adj	accusative masculine singular of αξιοσημείωτος (axiosimeíotos)
9562	αλεξάνδρα	name	a female given name, the Greek form of Alexandra
9563	γεγονότος	noun	genitive singular of γεγονός (gegonós)
9564	λογότυπο	noun	logo, logotype; epic formula
9565	απόδρασης	noun	genitive singular of απόδραση (apódrasi)
9566	σημαντικούς	adj	accusative masculine plural of σημαντικός (simantikós)
9567	αντικατάσταση	noun	replacement, substitution (action)
9568	προφύλαξη	noun	guard, protection, shelter
9569	μάζευε	verb	third-person singular imperfect of μαζεύω (mazévo)
9570	κάτοικος	noun	inhabitant
9571	χρειάστηκα	verb	first-person singular simple past of χρειάζομαι (chreiázomai)
9572	βιβλιοθήκης	noun	genitive singular of βιβλιοθήκη (vivliothíki)
9573	κατέβασα	verb	first-person singular simple past of κατεβάζω (katevázo)
9574	βαρκελώνη	name	Barcelona (the capital city of Catalonia, Spain)
9575	αγίας	adj	genitive feminine singular of άγιος (ágios)
9576	ρωσίδα	noun	Russian (a female person from Russia or of Russian ethnicity).
9577	πολυκατοικία	noun	apartment building, block of flats
9578	δορυφόρους	noun	accusative plural of δορυφόρος (doryfóros)
9579	βαρεθείς	verb	second-person singular dependent of βαριέμαι (variémai)
9580	σκληρούς	adj	accusative masculine plural of σκληρός (sklirós)
9581	ανθρωποκτονίες	noun	nominative/accusative/vocative plural of ανθρωποκτονία (anthropoktonía)
9582	απάνθρωπο	adj	accusative masculine singular of απάνθρωπος (apánthropos)
9583	πεντακόσια	num	five hundred
9584	αγγλικών	adj	genitive masculine plural of αγγλικός (anglikós)
9585	μεγαλώνω	verb	to enlarge; to magnify
9586	κουνελάκι	noun	diminutive of κουνέλι (kounéli), baby rabbit, bunny
9587	βλαμμένο	verb	accusative masculine singular of βλαμμένος (vlamménos)
9588	αναψυχής	noun	genitive singular of αναψυχή (anapsychí)
9589	πλοίαρχο	noun	accusative singular of πλοίαρχος (ploíarchos)
9590	ακαριαία	adv	immediately, instantaneously
9591	πρώτε	adj	masculine vocative singular of πρώτος (prótos)
9592	αρώματα	noun	nominative plural of άρωμα (ároma)
9593	θρησκείας	noun	genitive singular of θρησκεία (thriskeía)
9594	τροχούς	noun	accusative plural of τροχός (trochós)
9595	αρχοντικό	adj	accusative masculine singular of αρχοντικός (archontikós)
9596	θηρία	noun	nominative/accusative/vocative plural of θηρίο (thirío)
9597	οξεία	noun	´; acute (angle)
9598	ξαδέλφια	noun	nominative/accusative/vocative plural of ξαδέλφι (xadélfi) (cousins)
9599	σαββάτου	noun	genitive singular of Σάββατο (Sávvato)
9600	τσιπς	noun	crisps (UK), chips (US) (fried sliced potato)
9601	προσευχήθηκα	verb	"first-person singular simple past indicative of προσεύχομαι (proséfchomai) ""I prayed"""
9602	μούχλα	noun	mould (UK), mold (US)
9603	κλιματιστικό	noun	air conditioner
9604	χλωμό	adj	accusative masculine singular of χλωμός (chlomós)
9605	σιντριβάνι	noun	fountain (artificial water feature)
9606	απομακρύνω	verb	to move away, to remove (from a place)
9607	λήξη	noun	expiration; termination, end
9608	κόρνα	noun	horn, hooter (loud alarm on a motor vehicle)
9609	ανακρίσεις	noun	nominative/accusative/vocative plural of ανάκριση (anákrisi)
9610	αυτοκόλλητο	adj	accusative masculine singular of αυτοκόλλητος (aftokóllitos)
9611	μετάγγιση	noun	transfusion
9612	μεταφορέας	noun	carrier, conveyor, transporter, haulage contractor, haulier
9613	μάρτιο	name	accusative singular of Μάρτιος (Mártios)
9614	ινδιάνα	noun	a female American Indian or Native American
9615	σαρδέλες	noun	nominative/accusative/vocative plural of σαρδέλα (sardéla)
9616	επιδερμίδα	noun	epidermis; skin
9617	γριάς	noun	genitive singular of γριά (griá)
9618	ανακατεύεται	verb	third-person singular present of ανακατεύομαι (anakatévomai)
9619	αφάνταστα	adj	neuter nominative/accusative/vocative plural of αφάνταστος (afántastos)
9620	μπράιτον	name	Brighton (a former resort town in East Sussex, England, now part of the Brighton and Hove)
9621	απαίσιες	adj	nominative feminine plural of απαίσιος (apaísios)
9622	άφραγκος	adj	broke, penniless
9623	αερόστατο	noun	gas-filled balloon, hot-air balloon
9624	πλώρη	noun	bow, prow
9625	στατιστικές	adj	nominative/accusative/vocative feminine plural of στατιστικός (statistikós)
9626	αμερικανικής	adj	genitive feminine singular of αμερικανικός (amerikanikós)
9627	τρόπου	noun	genitive singular of τρόπος (trópos)
9628	ανεύρυσμα	noun	aneurysm, aneurism
9629	σκλάβων	noun	genitive plural of σκλάβος (sklávos)
9630	πρύτανης	noun	rector, dean (holder of office in institution)
9631	χρυσές	adj	nominative feminine plural of χρυσός (chrysós)
9632	εύνοια	noun	favour (UK), favor (US)
9633	σπούδασα	verb	first-person singular simple past of σπουδάζω (spoudázo)
9634	περιόδους	noun	accusative plural of περίοδος (períodos)
9635	καυλί	noun	cock, dick, prick (the penis)
9636	σφουγγάρι	noun	sponge
9637	σικελία	name	Sicily
9638	διασκεδαστικός	adj	entertaining; funny, amusing
9639	αισιοδοξία	noun	optimism
9640	προσκάλεσα	verb	first-person singular simple past of προσκαλώ (proskaló)
9641	φιάλη	noun	bottle; saucer
9642	ιανουάριο	name	accusative singular of Ιανουάριος (Ianouários)
9643	ψαριού	noun	genitive singular of ψάρι (psári)
9644	σοφίας	noun	genitive singular of σοφία (sofía)
9645	σκουπιδοτενεκέ	noun	genitive/accusative/vocative singular of σκουπιδοτενεκές (skoupidotenekés)
9646	αδελφών	noun	genitive plural of αδελφός (adelfós)
9647	κατάληψη	noun	occupation, capture, takeover
9648	διαθέσιμες	adj	nominative feminine plural of διαθέσιμος (diathésimos)
9649	απρίλιο	name	accusative singular of Απρίλιος (Aprílios)
9650	πίθηκο	noun	accusative singular of πίθηκος (píthikos)
9651	σκοινιά	noun	nominative/accusative/vocative plural of σκοινί (skoiní)
9652	σιγκαπούρη	name	Singapore
9653	στεναχωρημένος	verb	worried, upset and depressed
9654	σαβούρα	noun	ballast; dregs, trash
9655	προηγούμενος	noun	the preceding, the previous one
9656	ενήμερος	adj	aware, informed, cognizant, up-to-date, abreast of
9657	λογικοί	adj	nominative/vocative masculine plural of λογικός (logikós)
9658	σεπτέμβρη	name	genitive/accusative/vocative singular of Σεπτέμβρης (Septémvris)
9659	άστρων	noun	genitive plural of άστρο (ástro)
9660	αράπηδες	noun	nominative plural of αράπης (arápis)
9661	σκεπτικό	noun	rationale, reasoning
9662	νοοτροπία	noun	mentality, mindset
9663	προσωπικής	adj	genitive feminine singular of προσωπικός (prosopikós)
9664	θετικός	adj	reliable; positive, pragmatic
9665	πρωταγωνιστής	noun	protagonist
9666	απόλυτος	adj	absolute, complete, total
9667	χαμηλού	adj	genitive masculine singular of χαμηλός (chamilós)
9668	διασκέδασα	verb	first-person singular simple past of διασκεδάζω (diaskedázo)
9669	φουστάνι	noun	dress; woman, women
9670	πιτσαρία	noun	pizzeria
9671	φάρος	noun	lighthouse
9672	πέστο	noun	pesto
9673	εξηγώ	verb	to clarify, explain, illustrate
9674	ψηφιακό	adj	accusative masculine singular of ψηφιακός (psifiakós)
9675	σως	noun	sauce
9676	άποψης	noun	genitive singular of άποψη (ápopsi)
9677	τραυματίας	noun	injured person
9678	σόγιας	noun	genitive singular of σόγια (sógia)
9679	φρούτων	noun	genitive plural of φρούτο (froúto)
9680	μουσικούς	adj	accusative masculine plural of μουσικός (mousikós)
9681	μάζευα	verb	first-person singular imperfect of μαζεύω (mazévo)
9682	πέτρος	name	a male given name, Petros, equivalent to English Peter
9683	αποκλειστικό	adj	accusative masculine singular of αποκλειστικός (apokleistikós)
9684	άγγλος	noun	Englishman
9685	βαριές	adj	nominative/accusative/vocative feminine plural of βαρύς (varýs)
9686	πουλάκια	noun	nominative plural of πουλάκι (pouláki)
9687	ιερός	adj	sanctified, holy, sacred (of places and things)
9688	ρωγμές	noun	nominative/accusative/vocative plural of ρωγμή (rogmí)
9689	στενός	adj	narrow; tight
9690	συζητώ	verb	to discuss, debate, talk over
9691	σημειώματα	noun	nominative/accusative/vocative plural of σημείωμα (simeíoma)
9692	χαρτιού	noun	genitive singular of χαρτί (chartí)
9693	προϊόντων	adj	masculine/neuter genitive plural of προϊών (proïón)
9694	στρατηγικής	noun	genitive singular of στρατηγική (stratigikí)
9695	καραβάνι	noun	caravan (convoy or procession of travelers, their vehicles and cargo and any pack animals)
9696	μάστιγα	noun	scourge (source that causes pain and suffering or widespread destruction)
9697	πολεμικών	adj	genitive masculine plural of πολεμικός (polemikós)
9698	απόκρυψη	noun	hiding, concealment
9699	βρετανίας	noun	genitive singular of Βρετανία (Vretanía)
9700	σωστούς	adj	accusative masculine plural of σωστός (sostós)
9701	κατοικίες	noun	nominative plural of κατοικία (katoikía)
9702	χαλάκι	noun	doormat
9703	αφέντρα	noun	boss, mistress
9704	γραπτή	adj	nominative feminine singular of γραπτός (graptós)
9705	τελικές	adj	nominative feminine plural of τελικός (telikós)
9706	αρχαίους	adj	accusative masculine plural of αρχαίος (archaíos)
9707	βρόμικο	adj	accusative masculine singular of βρόμικος (vrómikos)
9708	μαλακισμένη	verb	nominative/accusative/vocative feminine singular of μαλακισμένος (malakisménos)
9709	λευχαιμία	noun	leukemia, leukaemia
9710	αποκορύφωμα	noun	summit, peak, height, zenith, climax, culmination
9711	αυτόματη	adj	nominative feminine singular of αυτόματος (aftómatos)
9712	καθολικό	noun	part of a church: space between narthex and sanctuary
9713	αιμορραγώ	verb	to bleed, haemorrhage (UK), hemorrhage (US)
9714	δίδυμη	adj	nominative feminine singular of δίδυμος (dídymos)
9715	φέρι	noun	ferry
9716	φώναζες	verb	"second-person singular imperfect of φωνάζω (fonázo): ""You were shouting"""
9717	υπερασπίζομαι	verb	to defend, stand up for
9718	διαύγεια	noun	translucency; clarity
9719	κονσόλα	noun	console
9720	τσιράκι	noun	apprentice, underling
9721	χερούλι	noun	doorknob, door handle
9722	βατόμουρο	noun	blackberry, bramble berry
9723	επιβάτη	noun	genitive/accusative/vocative singular of επιβάτης (epivátis)
9724	διατροφής	noun	genitive singular of διατροφή (diatrofí)
9725	ήβη	noun	puberty; pubis
9726	δευτέρας	adj	genitive feminine singular of δεύτερος (défteros)
9727	ψυχαγωγίας	noun	genitive singular of ψυχαγωγία (psychagogía)
9728	διοικώ	verb	to run (eg: a business or other concern)
9729	σκλάβο	noun	accusative singular of σκλάβος (sklávos)
9730	ζαλάδα	noun	dizziness, vertigo, loss of balance
9731	μεραρχία	noun	division
9732	λαμπρός	adj	bright, illuminated, light, luminous, lambent
9733	μετέφερα	verb	first-person singular imperfect of μεταφέρω (metaféro)
9734	εσωτερικής	adj	genitive feminine singular of εσωτερικός (esoterikós)
9735	δίσκοι	noun	nominative plural of δίσκος (dískos)
9736	διέκοψε	verb	third-person singular simple past active of διακόπτω (diakópto)
9737	επαναλαμβάνεται	verb	third-person singular present indicative of επαναλαμβάνομαι
9738	αποφοίτησα	verb	first-person singular simple past of αποφοιτώ (apofoitó)
9739	νάνο	noun	accusative singular of νάνος (nános)
9740	πυροβολισμών	noun	genitive plural of πυροβολισμός (pyrovolismós)
9741	όρκος	noun	oath (solemn pledge)
9742	χάντρες	noun	nominative/accusative/vocative plural of χάντρα (chántra)
9743	εργάτη	noun	genitive singular of εργάτης (ergátis)
9744	αυλαία	noun	a heavy curtain that separates the stage of a theatre from the auditorium
9745	ευαγγέλιο	noun	the Gospels, evangel
9746	ηλικιωμένοι	noun	nominative/vocative plural of ηλικιωμένος (ilikioménos)
9747	δημιουργούμε	verb	first-person plural present active indicative of δημιουργώ (dimiourgó)
9748	σταυρωμένα	adj	nominative neuter plural of σταυρωμένος (stavroménos)
9749	στοματικό	adj	accusative masculine singular of στοματικός (stomatikós)
9750	αξεσουάρ	noun	accessory; toiletry requisites
9751	τεράτων	noun	genitive plural of τέρας (téras)
9752	πονηρός	adj	tricky, cunning
9753	τολμηρός	adj	bold, courageous, daring, intrepid
9754	έβαψες	verb	second-person singular simple past of βάφω (váfo)
9755	υποψιαστεί	verb	active nonfinite form of υποψιάζομαι (ypopsiázomai)
9756	τσιγαριλίκι	noun	joint, marijuana cigarette
9757	συνήθης	adj	usual
9758	δώρων	noun	genitive plural of δώρο (dóro)
9759	ανατολικής	adj	genitive feminine singular of ανατολικός (anatolikós)
9760	κωλοτρυπίδα	noun	arsehole, asshole (the anus)
9761	αμπάρι	noun	hold (for bulk dry goods such as grain)
9762	ολοκληρώσεις	noun	nominative/accusative/vocative plural of ολοκλήρωση (oloklírosi)
9763	καλλιέργεια	noun	culture; culture, cultivation
9764	μέσου	adj	masculine/neuter genitive singular of μέσος (mésos)
9765	ιντερνέτ	noun	internet
9766	ανηψιός	noun	nephew
9767	φιλοφρόνηση	noun	compliment, statement of praise
9768	παλτά	noun	nominative plural of παλτό (paltó)
9769	δόνηση	noun	tremor, vibration
9770	δίνατε	verb	second-person plural imperfect of δίνω (díno)
9771	σπάνιες	adj	nominative feminine plural of σπάνιος (spánios)
9772	ατελείωτη	adj	nominative/accusative/vocative feminine singular of ατελείωτος (ateleíotos)
9773	χταπόδι	noun	octopus
9774	ανεξαρτήτως	adv	independently, irrespectively, regardless, irrespective
9775	ανάφλεξη	noun	combustion, ignition, the process of burning
9776	μπεντ	noun	egg
9777	παιδικές	adj	nominative/accusative/vocative feminine plural of παιδικός (paidikós)
9778	επισκέφθηκε	verb	third-person singular simple past of επισκέπτομαι (episképtomai)
9779	συνήθισα	verb	first-person singular simple past of συνηθίζω (synithízo)
9780	έβδομη	adj	nominative feminine singular of έβδομος (évdomos)
9781	υπόλοιπος	adj	remaining (that which remains)
9782	τροφές	noun	nominative plural of τροφή (trofí)
9783	γιαγιάκα	noun	diminutive of γιαγιά (giagiá) (grandmother)
9784	νοέμβριο	name	accusative singular of Νοέμβριος (Noémvrios)
9785	δημιουργώ	verb	to create, make, build, generate
9786	απένταρος	adj	penniless, destitute, down-and-out
9787	οικονομίας	noun	accusative singular of οικονομία (oikonomía)
9788	σταυροφορία	noun	any of the Crusades
9789	χωρισμένος	verb	divided, separated
9790	μεθύσω	verb	first-person singular dependent of μεθώ (methó)
9791	επόμενοι	adj	nominative masculine plural of επόμενος (epómenos)
9792	αλογάκι	noun	hobby horse, rocking horse
9793	δείκτες	noun	nominative/accusative/vocative plural of δείκτης (deíktis)
9794	βιαστικός	adj	in a hurry, hurried, pressed for time
9795	εργατών	noun	genitive plural of εργάτης (ergátis)
9796	αγγλίδα	noun	Englishwoman (female native or inhabitant of England)
9797	υπερβολικός	adj	excessive, exorbitant, exaggerated, rampant
9798	πυρίτιδα	noun	gunpowder
9799	εξέτασης	noun	genitive singular of εξέταση (exétasi)
9800	βίβλου	name	genitive singular of Βίβλος (Vívlos)
9801	πνοή	noun	breath, waft, whiff (small amount of wind; a light gust of air)
9802	μέριλαντ	name	Maryland
9803	έλκος	noun	ulcer; peptic ulcer
9804	πλοίων	noun	genitive plural of πλοίο (ploío)
9805	γεωργία	noun	agriculture
9806	βατόμουρα	noun	nominative/accusative/vocative plural of βατόμουρο (vatómouro)
9807	παγάκια	noun	nominative plural of παγάκι (pagáki)
9808	απλούς	adj	formal form of απλός (aplós), in the fashion of Ancient Greek ὁ ἁπλοῦς, ἡ ἁπλῆ, τὸ ἁπλοῦν
9809	αιματηρή	adj	nominative/accusative/vocative feminine singular of αιματηρός (aimatirós)
9810	ψευδή	adj	accusative masculine/feminine singular of ψευδής (psevdís)
9811	τηλεχειριστήριο	noun	remote control
9812	ασφάλισης	noun	genitive singular of ασφάλιση (asfálisi)
9813	ον.	noun	ονομαστική (nominative case)
9814	δίδαξα	verb	first-person singular simple past of διδάσκω (didásko)
9815	όποιες	pron	nominative/accusative feminine plural of όποιος (ópoios)
9816	πυρηνικών	adj	genitive masculine plural of πυρηνικός (pyrinikós)
9817	πετσί	noun	skin, pelt; leather
9818	βομβιστής	noun	bomber (person who uses or makes bombs)
9819	συστατική	adj	nominative feminine singular of συστατικός (systatikós)
9820	ντουέτο	noun	duet
9821	ανταρκτική	adj	nominative/accusative/vocative feminine singular of ανταρκτικός (antarktikós)
9822	μοιχεία	noun	adultery
9823	μάγουλα	noun	nominative plural of μάγουλο (mágoulo)
9824	αποφυγή	noun	avoidance, evasion
9825	χαμηλές	adj	nominative/accusative/vocative feminine plural of χαμηλός (chamilós)
9826	ενήλικος	adj	adult, grown-up (fully grown)
9827	ελληνικό	adj	accusative masculine singular of ελληνικός (ellinikós)
9828	τακτοποίησα	verb	first-person singular simple past of τακτοποιώ (taktopoió)
9829	εργαζομένων	noun	genitive plural of εργαζόμενος (ergazómenos)
9830	αγνοούμενος	noun	missing person
9831	ξανθός	adj	blonde, blond, fair, flaxen, tawny
9832	ομοιότητες	noun	nominative/accusative/vocative plural of ομοιότητα (omoiótita)
9833	πόθος	noun	desire, yearning (the feeling of desiring; an eager longing for something)
9834	υποχρεωτική	adj	nominative feminine singular of υποχρεωτικός (ypochreotikós)
9835	βασίλεια	noun	nominative/accusative/vocative plural of βασίλειο (vasíleio)
9836	παρέδωσα	verb	first-person singular simple past of παραδίδω (paradído)
9837	άνω-κάτω	adv	script with hyphen of άνω κάτω (áno káto)
9838	έλυσα	verb	first-person singular simple past active indicative of λύνω (lýno) and of λύω (lýo)
9839	κόσμοι	noun	nominative/vocative plural of κόσμος (kósmos)
9840	προμηθευτής	noun	supplier
9841	κρέμασε	verb	third-person singular simple past of κρεμάω (kremáo) and κρεμώ (kremó)
9842	επανέλθω	verb	first-person singular dependent of επανέρχομαι (epanérchomai)
9843	γριές	noun	nominative plural of γριά (griá)
9844	συνεχόμενα	adj	nominative neuter plural of συνεχόμενος (synechómenos)
9845	καβαλάρης	noun	rider; saddle (bridge nut)
9846	κατάκτηση	noun	conquest
9847	δράκουλα	noun	genitive singular of δράκουλας (drákoulas)
9848	ευκολία	noun	easiness; ease, facility (ability, the means to do something; skill, talent)
9849	ελληνικοί	adj	nominative masculine plural of ελληνικός (ellinikós)
9850	φόρεσες	verb	second-person singular simple past of φορώ (foró)
9851	πικρό	adj	accusative masculine singular of πικρός (pikrós)
9852	άγριες	adj	nominative feminine plural of άγριος (ágrios)
9853	μεταβολή	noun	change, alteration
9854	αδιαφορία	noun	indifference
9855	κόλπος	noun	bosom; bay, gulf
9856	λάδια	noun	nominative/accusative/vocative plural of λάδι (ládi)
9857	μητρόπολη	noun	capital city, metropolis
9858	επέτρεψα	verb	first-person singular simple past of επιτρέπω (epitrépo)
9859	συμφορά	noun	calamity
9860	μιζούρι	name	Missouri (a state in the Midwestern region of the United States)
9861	έσκισα	verb	first-person singular simple past of σκίζω (skízo)
9862	γάτο	noun	accusative singular of γάτος (gátos)
9863	αγνοώ	verb	to not know, be ignorant of
9864	προσεχτικός	adj	careful, cautious, prudent, meticulous
9865	μωρών	adj	masculine/feminine/neuter genitive plural of μωρός (morós)
9866	πυγμαχία	noun	boxing, (formal, dated) pugilism
9867	βλήματα	noun	nominative/accusative/vocative plural of βλήμα (vlíma)
9868	χαλασμένη	verb	nominative/accusative/vocative feminine singular of χαλασμένος (chalasménos)
9869	παντοδύναμος	adj	almighty, omnipotent
9870	κένυα	name	Kenya (a country in East Africa)
9871	στιφάδο	noun	stifado (a savoury stew)
9872	γκομενάκια	noun	nominative plural of γκομενάκι (gkomenáki)
9873	αδύνατα	adj	neuter nominative plural of αδύνατος (adýnatos)
9874	συγκρίνω	verb	to compare (to assess the similarities and differences between two or more things)
9875	υποχωρήστε	verb	second-person plural simple past imperative of υποχωρώ (ypochoró)
9876	προβολείς	noun	nominative plural of προβολέας (provoléas)
9877	δεινόσαυροι	noun	nominative/vocative plural of δεινόσαυρος (deinósavros)
9878	δισεκατομμυρίων	noun	genitive plural of δισεκατομμύριο (disekatommýrio)
9879	γιαπωνέζοι	noun	nominative/vocative plural of Γιαπωνέζος (Giaponézos)
9880	αριστερόχειρας	noun	left-handed person, left-hander, southpaw
9881	συμπαθητικός	adj	sympathetic, pleasant, agreeable
9882	αισθάνθηκες	verb	second-person singular simple past of αισθάνομαι (aisthánomai)
9883	υποσμηναγέ	noun	vocative singular of υποσμηναγός (yposminagós)
9884	σερβιτόρε	noun	vocative singular of σερβιτόρος (servitóros)
9885	ονόμασα	verb	first-person singular simple past of ονομάζω (onomázo)
9886	κανονισμός	noun	regulation, bylaw
9887	λίβερπουλ	name	Liverpool (a city and metropolitan borough of Merseyside, England)
9888	υπερήρωας	noun	superhero
9889	γελούν	verb	"third-person plural present of γελώ (geló): ""they laugh"""
9890	πέους	noun	genitive singular of πέος (péos)
9891	νύκτα	noun	night
9892	φ.	noun	abbreviation of φύλλο (fýllo): page, sheet
9893	συνηθισμένες	verb	nominative/accusative/vocative feminine plural of συνηθισμένος (synithisménos)
9894	τηγανητό	adj	accusative masculine singular of τηγανητός (tiganitós) (fried)
9895	προφήτες	noun	nominative/accusative/vocative plural of προφήτης (profítis)
9896	μουνιά	noun	nominative plural of μουνί (mouní)
9897	φάσεις	noun	nominative/accusative/vocative plural of φάση (fási)
9898	αγκαλίτσα	adv	with an embrace
9899	μπάσο	adj	accusative masculine singular of μπάσος (básos)
9900	στεφάνι	noun	wreath, garland (of flowers)
9901	υπευθυνότητα	noun	responsibility; accountability
9902	θαυμασμό	noun	accusative singular of θαυμασμός (thavmasmós)
9903	θρίαμβος	noun	triumph
9904	αστυνομικές	adj	nominative/accusative/vocative feminine plural of αστυνομικός (astynomikós)
9905	βάρβαροι	noun	nominative plural of βάρβαρος (várvaros)
9906	ειπώθηκε	verb	"third-person singular simple past of λέγομαι (légomai): ""it was said"""
9907	πανεπιστήμια	noun	nominative plural of πανεπιστήμιο (panepistímio)
9908	επίπεδη	adj	nominative feminine singular of επίπεδος (epípedos)
9909	τροπολογία	noun	amendment (to text, lae, etc)
9910	θλίψης	noun	genitive singular of θλίψη (thlípsi)
9911	κομμουνιστής	noun	communist
9912	βίδες	noun	nominative plural of βίδα (vída)
9913	άγγλοι	noun	nominative/vocative plural of άγγλος (ánglos)
9914	απαλλαγή	noun	exemption, remission
9915	ντόπιο	adj	accusative masculine singular of ντόπιος (ntópios)
9916	κλοπής	noun	genitive singular of κλοπή (klopí)
9917	θαρραλέος	adj	courageous, brave
9918	άρπα	noun	harp
9919	θαλασσινά	noun	seafood
9920	μικροσκοπική	adj	nominative feminine singular of μικροσκοπικός (mikroskopikós)
9921	ζουμί	noun	juice, sap; broth
9922	πρόθυμα	adj	nominative/accusative/vocative neuter plural of πρόθυμος (próthymos)
9923	εύρηκα	intj	eureka
9924	δέ	conj	but, and
9925	αγίους	adj	accusative masculine plural of άγιος (ágios)
9926	διαγωνισμού	noun	genitive singular of διαγωνισμός (diagonismós)
9927	εγκληματικό	adj	accusative masculine singular of εγκληματικός (egklimatikós)
9928	θύρα	noun	door; a gate in a stadium
9929	οργανισμού	noun	genitive singular of οργανισμός (organismós)
9930	προόδου	noun	genitive singular of πρόοδος (próodos)
9931	προσχέδιο	noun	draft (an early version of a written work or drawing)
9932	σχάρα	noun	griddle, grill (used for roasting, barbecuing, etc)
9933	λίρα	noun	pound, lira (various countries)
9934	τηλεκοντρόλ	noun	remote control
9935	αμυντικά	adj	nominative/accusative/vocative neuter plural of αμυντικός (amyntikós)
9936	λογαριασμών	noun	genitive plural of λογαριασμός (logariasmós)
9937	ορεκτικό	noun	starter, appetiser, entrée, hors d'oeuvre, antipasto
9938	πρωινές	adj	nominative/accusative/vocative feminine plural of πρωινός (proïnós)
9939	θόλος	noun	dome, vault; vault, sky
9940	ευθείας	adj	genitive feminine singular of ευθύς (efthýs)
9941	ανακοινώνω	verb	to announce, declare (make people aware of something)
9942	ανήλικη	adj	nominative/accusative/vocative feminine singular of ανήλικος (anílikos)
9943	βιομηχανική	adj	nominative feminine singular of βιομηχανικός (viomichanikós)
9944	μηχανάκι	noun	diminutive of μηχανή (michaní)
9945	οπίσθια	noun	backside, bottom, buttocks
9946	ράβδους	noun	accusative plural of ράβδος (rávdos)
9947	γούσταρα	verb	first-person singular imperfect of γουστάρω (goustáro)
9948	εκκένωσης	noun	genitive singular of εκκένωση (ekkénosi)
9949	απαγωγέα	noun	accusative/vocative singular of απαγωγέας (apagogéas)
9950	κυρίαρχος	adj	dominant (predominant, common, prevalent, of greatest importance)
9951	ματωμένα	adj	nominative neuter plural of ματωμένος (matoménos)
9952	είχανε	verb	"third-person plural present indicative of έχω (écho): ""they have"""
9953	αυτόπτης	noun	eyewitness
9954	διάλο	noun	accusative singular of διάλος (diálos)
9955	δεσποινίδες	noun	nominative plural of δεσποινίδα (despoinída)
9956	κατάγομαι	verb	to come from, to hail from (a place)
9957	απεικόνιση	noun	image, depiction, representation, portrayal
9958	κράτησης	noun	genitive singular of κράτηση (krátisi)
9959	τεχνητό	adj	accusative masculine singular of τεχνητός (technitós)
9960	μετεωρίτης	noun	meteorite
9961	μνημόσυνο	noun	memorial event (in memory of a deceased person), commemoration
9962	κρίκος	noun	link, ring (attached to or part of a chain)
9963	αυθεντικά	adj	nominative neuter plural of αυθεντικός (afthentikós)
9964	αστυνομικέ	adj	vocative masculine singular of αστυνομικός (astynomikós)
9965	πυγμάχος	noun	boxer, (formal, dated) pugilist
9966	τροφοδοσία	noun	supply, provisioning
9967	ράβδο	noun	accusative singular of ράβδος (rávdos)
9968	χρωστώ	verb	to owe, be in debt
9969	στεναχωρημένη	verb	nominative/accusative/vocative feminine singular of στεναχωρημένος (stenachoriménos)
9970	έκδοσης	noun	genitive singular of έκδοση (ékdosi)
9971	πολλού	adj	genitive masculine singular of πολύς (polýs)
9972	πείσμα	noun	stubbornness, obstinacy, mulishness
9973	συμβολαίου	noun	genitive singular of συμβόλαιο (symvólaio)
9974	πτερύγια	noun	nominative plural of πτερύγιο (pterýgio)
9975	γλυπτό	noun	sculpture
9976	ιαπωνικά	noun	Japanese (Japanese language)
9977	έφηβο	noun	accusative singular of έφηβος (éfivos)
9978	αρνητικός	adj	disapproving, undesirable
9979	κυνήγησα	verb	first-person singular simple past of κυνηγώ (kynigó)
9980	περιμένε	verb	second-person singular imperfective imperative of περιμένω (periméno)
9981	σκέφθηκα	verb	first-person singular simple past of σκέπτομαι (sképtomai)
9982	ερρίκος	name	a male given name, Errikos, from Germanic, equivalent to English Henry
9983	αυξήθηκε	verb	third-person singular simple past of αυξάνομαι (afxánomai), the passive of αυξάνω (afxáno)
9984	απογεύματα	noun	nominative/accusative/vocative plural of απόγευμα (apógevma)
9985	κάσα	noun	coffin, casket (oblong closed box for burying the dead)
9986	καλαμάκι	noun	small rod; small wooden skewer
9987	αποτελεσματικός	adj	effective, efficient
9988	σκληρότητα	noun	hardness, severity, cruelty
9989	χημικές	adj	nominative feminine plural of χημικός (chimikós)
9990	πλακάκια	noun	nominative plural of πλακάκι (plakáki)
9991	εισβολής	noun	genitive singular of εισβολή (eisvolí)
9992	μουσουλμάνος	noun	Muslim
9993	τραμ	noun	tram, tramcar, streetcar
9994	διαγράμματα	noun	nominative/accusative/vocative plural of διάγραμμα (diágramma)
9995	γαμάω	verb	to fuck, screw, shag
9996	κλίμακας	noun	genitive singular of κλίμακα (klímaka)
9997	αυτοκτονίες	noun	nominative/accusative/vocative plural of αυτοκτονία (aftoktonía)
9998	κομήτης	noun	comet
9999	βρυκόλακες	noun	nominative/accusative/vocative plural of βρυκόλακας (vrykólakas)
10000	ηλιθιότητα	noun	learning difficulties, mental retardation
