rank	word	pos	en
1	I	pron	first-person singular pronoun ('I am here')
2	you	pron	second-person pronoun
3	be	verb	have a certain quality, identity, or position; exist
4	the	article	definite article — a specific one
5	to	prep	toward; also marks the infinitive
6	a	article	the indefinite article; used before singular nouns not already known or specified
7	it	pron	third-person pronoun for things
8	and	conj	joins two things
9	that	det	the one there; also a linking word
10	of	prep	belonging to / part of
11	we	pron	first-person plural pronoun
12	he	pron	third-person masculine pronoun
13	do	verb	to perform; also the question/negative helper
14	in	prep	inside; within a period
15	have	verb	own or possess, in a physical or an abstract way
16	what		
17	go	verb	change location; move, travel, or proceed, also metaphorically
18	this	det	the one here
19	get	verb	come into the possession of something concrete or abstract
20	for	prep	intended for; in exchange for
21	my	det	belonging to me
22	she	pron	third-person feminine pronoun
23	on	prep	on top of; on a day
24	your	det	belonging to you
25	know	verb	be cognizant or aware of a fact or a specific piece of information; possess knowledge or information about
26	they	pron	third-person plural pronoun
27	no	adv	the opposite of yes; not any
28	not	adv	makes a sentence negative
29	don	verb	put clothing on one's body
30	can	verb	to be able to
31	with	prep	together with; using
32	but	conj	introduces a contrast
33	all	adj	quantifier; used with either mass or count nouns to indicate the whole number or amount of or every one of a class
34	so	adv	therefore; to such a degree
35	just	adv	and nothing more
36	there	adv	in or at that place
37	here	adv	in or at this place; where the speaker or writer is
38	come	verb	move toward, travel toward something or somebody or approach something or somebody
39	like	verb	prefer or wish to do something
40	well	adv	in a good, proper, or satisfactory way; to a high standard
41	think	verb	judge or regard; look upon; judge
42	if	conj	introduces a condition
43	right	noun	an abstract idea of that which is due to a person or governmental body by law or tradition or nature; ; - Eleanor Roosevelt
44	want	verb	feel a desire for; wish for something strongly
45	out	adv	away from home
46	about	prep	concerning; approximately
47	see	verb	perceive by sight or have the power to perceive by sight
48	up	adv	spatially or metaphorically from a lower to a higher position
49	at	prep	at a point or time
50	say	verb	express in words
51	one	adj	used of a single unit or thing; not two or more
52	now	adv	in the historical present; at this point in the narration of a series of past events
53	oh	noun	a midwestern state in north central United States in the Great Lakes region
54	how		
55	yeah	adv	not only so, but
56	look	verb	perceive with attention; direct one's gaze towards
57	will	verb	marks the future; also a promise
58	take	verb	carry out
59	tell	verb	express in words
60	as	adv	to the same degree or amount
61	good	adj	having desirable or positive qualities especially those suitable for a thing specified
62	let	verb	make it possible through a specific action or lack of action for something to happen
63	make	verb	engage in
64	who	noun	a United Nations agency to coordinate international health activities and to help governments improve health services
65	why	adv	for what reason or purpose
66	from	prep	starting point or origin
67	his	det	belonging to him
68	time	noun	an instance or single occasion for some event
69	yes	noun	an affirmative
70	when		
71	an	article	the indefinite article 'a', used before words starting with vowel sounds
72	man	noun	an adult person who is male (as opposed to a woman)
73	okay	adj	being satisfactory or in satisfactory condition
74	back	adv	in or to or toward a former location
75	would	verb	unreal or polite version of will
76	where		
77	then	adv	subsequently or soon afterward (often used as sentence connectors)
78	or	conj	offers an alternative
79	need	verb	require as useful, just, or proper
80	give	verb	cause to have, in the abstract sense or physical sense
81	thing	noun	a special situation
82	our	det	belonging to us
83	really	adv	in accordance with truth or fact or reality
84	thank	verb	express gratitude or show appreciation to
85	some	adj	quantifier; used with either mass nouns or plural count nouns to indicate an unspecified number or quantity
86	hey		
87	could	verb	past of can; polite request
88	didn		
89	mean	verb	intend to express or convey; signify
90	by	prep	next to; done by someone
91	way	noun	how something is done or how it happens
92	something		
93	too	adv	to a degree exceeding normal or proper limits
94	find	verb	come upon, as if by accident; meet with
95	more	adv	used to form the comparative of some adjectives and adverbs
96	leave	verb	go away from a place
97	talk	verb	exchange thoughts in speech; converse with someone
98	love	verb	have a great affection or liking for
99	call	verb	assign a specified (usually proper) proper name to
100	down	adv	spatially or metaphorically from a higher to a lower level or position
101	work	noun	activity directed toward making or doing something
102	very	adv	used as intensifiers; `real' is sometimes used informally for `really'; `rattling' is informal
103	never	adv	not ever; at no time in the past or future
104	people	noun	(plural) any group of human beings (men or women or children) collectively
105	only	adv	and nothing more; also: being the single one of its kind
106	over	adv	at or to a point across intervening space etc.
107	because		
108	guy	noun	an informal term for a youth or man
109	day	noun	time for Earth to make a complete rotation on its axis
110	little	adj	limited or below average in number or quantity or magnitude or extent
111	please	verb	make someone feel happy or satisfied
112	should	verb	it is right or advisable to
113	sorry	adj	feeling or expressing regret or sorrow or a sense of loss over something done or undone
114	off	adv	from a particular thing or place or position (`forth' is obsolete)
115	try	verb	make an effort or attempt
116	any	adv	at all, even slightly (in questions and negative statements)
117	help	verb	give assistance to someone; be of service
118	two	adj	being one more than one
119	wait	verb	stay in one place and anticipate or expect something
120	even	adv	used as an intensive especially to indicate something unexpected
121	happen	verb	come to pass
122	much	adj	(quantifier used with mass nouns) great in quantity or degree or extent
123	life	noun	a characteristic state or mode of living
124	feel	verb	undergo an emotional sensation or be in a particular state of mind
125	sure	adj	having or feeling no doubt or uncertainty; confident and assured
126	win	verb	be the winner in a contest or competition; be victorious
127	year	noun	a period of time containing 365 (or 366) days
128	these	det	the ones here (plural)
129	other	adj	not the same one or ones already mentioned or implied; - the White Queen
130	stop	verb	come to a halt; cease moving
131	hear	verb	perceive (sound) via the auditory sense
132	first	adj	preceding all others in time or space or degree
133	into		
134	keep	verb	hold something in a certain state, position, or activity
135	ask	verb	inquire about
136	anything		
137	kill	verb	cause to die; put to death, usually intentionally or knowingly
138	still	adv	with reference to action or condition; without change, interruption, or cessation
139	god	noun	the supernatural being conceived as the perfect and omnipotent and omniscient originator and ruler of the universe; the object of worship in monotheistic religions
140	nothing	noun	a quantity of no importance
141	sir	noun	term of address for a man
142	put	verb	move something into a certain place or position
143	their	det	belonging to them
144	use	verb	put into service; make work or employ for a particular purpose or for its inherent or natural purpose
145	great	adj	relatively large in size or number or extent; larger than others of its kind
146	long	adj	primarily temporal sense; being or indicating a relatively great or greater than average duration or passage of time or a duration as specified
147	uh		
148	again	adv	anew
149	maybe	adv	by chance
150	must	verb	it is necessary to
151	night	noun	the time after sunset and before sunrise while it is dark outside
152	before	adv	earlier in time; previously
153	after	adv	happening at a time subsequent to a reference time
154	home	adv	to or at the house where one lives; toward one's family
155	away	adv	from a particular thing or place or position (`forth' is obsolete)
156	girl	noun	a young woman
157	than		
158	name	noun	a language unit by which a person or thing is known
159	friend	noun	a person you know well and regard with affection and trust
160	last	adj	immediately past
161	those	det	the ones there (plural)
162	everything		
163	new	adj	not of long duration; having just (or relatively recently) come into being or been made or acquired or discovered
164	start	verb	take the first step or steps in carrying out an action
165	always	adv	at all times; all the time and on every occasion
166	place	verb	put something into a certain position or location
167	big	adj	above average in size or number or quantity or magnitude or extent
168	woman	noun	an adult female person (as opposed to a man)
169	money	noun	the most common medium of exchange; functions as legal tender
170	around	adv	in the area or vicinity
171	doesn		
172	stay	verb	remain the same; continue in a certain state
173	old	adj	(used especially of persons) having lived for a relatively long time or attained a specific age
174	show	verb	give an exhibition of to an interested audience
175	lot	noun	(often followed by `of') a large number or amount or extent
176	play	verb	participate in games or sport
177	kid	noun	a young person of either sex
178	live	verb	have one's home in a particular place; dwell somewhere
179	believe	verb	accept as true; take to be true
180	run	verb	move fast by using one's feet, with one foot off the ground at any given time
181	bring	verb	take something or somebody with oneself somewhere
182	bad	adj	having undesirable or negative qualities
183	father	noun	a male parent; also a way of addressing one's own male parent
184	ever	adv	at any time
185	move	verb	change location; travel or go from one place to another
186	boy	noun	a youthful male person
187	isn		
188	listen	verb	hear with intention
189	understand	verb	know and comprehend the nature or meaning of
190	die	verb	pass from physical life and lose all bodily attributes and functions necessary to sustain life
191	which		
192	miss	verb	fail to perceive or to catch with the senses or the mind
193	kind	noun	a category of things distinguished by some common characteristic or quality
194	fine	adj	being satisfactory or in satisfactory condition
195	house	noun	a dwelling that serves as living quarters for one or more families
196	hello	noun	an expression of greeting
197	nice	adj	pleasant or pleasing or agreeable in nature or appearance; - George Meredith
198	someone	noun	a human being
199	meet	verb	come together
200	hand	noun	the (prehensile) extremity of the superior limb
201	every	adj	(used of count nouns) each and all of the members of a group considered singly and without exception
202	ok	adv	an expression of agreement normally occurring at the beginning of a sentence
203	through	adv	from beginning to end
204	lose	verb	fail to keep or to maintain; cease to have, either physically or in an abstract sense
205	remember	verb	recall knowledge from memory; have a recollection
206	course	noun	education imparted in a series of lessons or meetings
207	mother	noun	a female parent; a woman who has given birth to a child
208	dad	noun	an informal term for a father; probably derived from baby talk
209	turn	verb	change orientation or direction, also in the abstract sense
210	world	noun	everything that exists anywhere
211	enough	adv	as much as necessary; ; (`plenty' is nonstandard)
212	own	adj	belonging to or on behalf of a specified person (especially yourself); preceded by a possessive
213	care	verb	feel concern or interest; also the work of looking after someone or something
214	may	verb	it is possible or permitted
215	wrong	adj	not correct; not in conformity with fact or truth
216	three	adj	being one more than two
217	might	verb	it is possible (weaker than may)
218	today	noun	the present time or age
219	car	noun	a motor vehicle with four wheels; usually propelled by an internal combustion engine
220	another	adj	any of various alternatives; some other
221	minute	noun	a unit of time equal to 60 seconds or 1/60th of an hour
222	hold	verb	keep in a certain state, position, or activity; e.g.,
223	same	adj	identical; being exactly the one referred to, not another
224	head	noun	the upper part of the human body or the front part of the body in animals; contains the face and brains
225	son	noun	a male human offspring
226	else		
227	next	adj	nearest in space or position; immediately adjoining without intervening space
228	mind	noun	that which is responsible for one's thoughts and feelings; the seat of the faculty of reason
229	yourself		
230	job	noun	the principal activity in your life that you do to earn money
231	change	verb	make something different; cause a transformation
232	hi	noun	an expression of greeting
233	dead	adj	no longer having or seeming to have or expecting to have life
234	family	noun	a social unit living together
235	open	verb	make something no longer shut, so people or things can pass through
236	many	adj	a quantifier that can be used with count nouns and is often preceded by `as' or `too' or `so' or `that'; amounting to a large but indefinite number
237	break	verb	bring or come to an end; also a pause that interrupts an activity
238	worry	verb	feel anxious or troubled about something that might go wrong
239	wasn		
240	baby	noun	a very young child (birth to 1 year) who has not yet begun to walk or talk
241	room	noun	an area within a building enclosed by walls and floor and ceiling
242	mom	noun	informal terms for a mother
243	watch	verb	look attentively
244	child	noun	a young person of either sex
245	end	verb	come to a finish; stop at a certain point in time or space
246	speak	verb	express in speech
247	morning	noun	the time period between dawn and noon
248	hell	noun	any place of pain and turmoil
249	together	adv	in contact with each other or in proximity
250	brother	noun	a male with the same parents as someone else
251	pay	verb	give money, usually in exchange for goods or services
252	eat	verb	take in solid food
253	idea	noun	the content of cognition; the main thing you are thinking about
254	real	adj	being or occurring in fact or actuality; having verified existence; not illusory; ; ; ; ; ; - Longfellow
255	forget	verb	dismiss from the mind; stop remembering
256	shoot	verb	hit with a missile from a weapon
257	problem	noun	a state of difficulty that needs to be resolved
258	fuck	noun	slang for sexual intercourse
259	sit	verb	be seated
260	without		
261	wouldn		
262	already	adv	prior to a specified or implied time
263	door	noun	a swinging or sliding barrier that will close the entrance to a room or building or vehicle
264	most	adv	used to form the superlative; also: the greatest in number or amount
265	send	verb	cause to go somewhere
266	matter	noun	a vaguely specified concern
267	actually	adv	in actual fact
268	shit	noun	obscene terms for feces
269	close	adj	at or within a short distance in space or time or having elements near each other
270	seem	verb	give a certain impression or have a certain outward aspect
271	hard	adj	not easy; requiring great physical or mental effort to accomplish or comprehend or endure
272	happy	adj	enjoying or showing or marked by joy or pleasure
273	huh		
274	lie	verb	be located or situated somewhere; occupy a certain position
275	both	adj	(used with count nouns) two considered together; the two
276	once	adv	on one occasion
277	bit	noun	a small piece or quantity of something
278	laugh	verb	produce laughter
279	ready	adj	completely prepared or in condition for immediate action or use or progress
280	guess	verb	expect, believe, or suppose
281	wife	noun	a married woman; a man's partner in marriage
282	face	noun	the front of the human head from the forehead to the chin and ear to ear
283	hour	noun	a period of time equal to 1/24th of a day
284	word	noun	a unit of language that native speakers can identify
285	pretty	adv	to a moderately sufficient extent or degree
286	eye	noun	the organ of sight
287	such	adv	to so extreme a degree
288	also	adv	in addition
289	haven	noun	a shelter serving as a place of safety or sanctuary
290	yet	adv	up to the present time
291	whole	adj	including all components without exception; being one unit or constituting the full amount or extent or duration; complete
292	while	noun	a period of indeterminate length (usually short) marked by some action or condition
293	since		
294	phone	noun	electronic equipment that converts sound into electrical signals that can be transmitted over distances and then converts received signals back into sounds
295	drink	verb	take in liquids
296	school	noun	an educational institution
297	sleep	verb	be asleep
298	fight	verb	struggle physically against someone; battle
299	stand	verb	keep an upright position on the feet; get up onto the feet
300	tomorrow	noun	the day after today
301	week	noun	any period of seven consecutive days
302	tonight	adv	during the night of the present day
303	everyone		
304	walk	verb	use one's feet to advance; advance by steps
305	wanna		
306	ah		
307	marry	verb	take in marriage
308	second	adj	coming next after the first in position in space or time or degree or magnitude
309	case	noun	an occurrence of something
310	alone	adv	without any others being included or involved
311	myself		
312	check	verb	examine so as to determine accuracy, quality, or condition
313	um		
314	soon	adv	in the near future
315	hope	verb	expect and wish
316	question	noun	a sentence or phrase used to ask for information or an answer
317	few	adj	a quantifier that can be used with count nouns and is often preceded by `a'; a small but indefinite number
318	heart	noun	the locus of feelings and intuitions
319	couldn		
320	write	verb	produce a literary work
321	fucking	noun	slang for sexual intercourse
322	lady	noun	a polite name for any woman
323	buy	verb	obtain by purchase; acquire by means of a financial transaction
324	sound	verb	what you hear, a noise; also (verb): to seem a certain way to the ear
325	far	adv	to a considerable degree; very much
326	ago	adv	in the past
327	excuse	noun	a defense of some offensive behavior or some failure to keep a promise etc.
328	suppose	verb	express a supposition
329	anyone		
330	until		
331	become	verb	enter or assume a certain state or condition
332	doctor	noun	a licensed medical practitioner
333	young	adj	(used of living things especially persons) in an early period of life or development or growth
334	fire	noun	the event of something burning (often destructive)
335	police	noun	the force of policemen and officers
336	part	noun	something determined in relation to something that includes it
337	business	noun	a commercial or industrial enterprise and the people who constitute it
338	true	adj	consistent with fact or reality; not false; ; - B. Russell
339	fall	verb	drop downward through the air because of gravity
340	plan	noun	a series of steps to be carried out or goals to be accomplished
341	save	verb	rescue someone or something from ruin, harm, or destruction
342	each	adv	to or from every one of two or more (considered individually)
343	point	noun	a geometric element that has position but no extension
344	easy	adj	posing no difficulty; requiring little effort
345	deal	verb	act on verbally or in some form of artistic expression
346	later	adv	happening at a time subsequent to a reference time
347	hit	verb	cause to move by striking
348	hurt	verb	be the source of pain
349	music	noun	an artistic form of auditory communication incorporating instrumental or vocal tones in a structured and continuous manner
350	late	adj	being or occurring at an advanced period of time or after a usual or expected time
351	water	noun	binary compound that occurs at room temperature as a clear colorless odorless tasteless liquid; freezes into ice below 0 degrees centigrade and boils above 100 degrees centigrade; widely used as a solvent
352	probably	adv	with considerable certainty; without much doubt
353	order	verb	give instructions to or direct somebody to do something with authority
354	month	noun	one of the twelve divisions of the calendar year
355	beautiful	adj	delighting the senses or exciting intellectual or emotional admiration
356	stuff	noun	the tangible substance that goes into the makeup of a physical object
357	read	verb	interpret something that is written or printed
358	person	noun	a human being
359	damn	adj	used as expletives
360	story	noun	a message that tells the particulars of an act or occurrence or course of events; presented in writing or drama or cinema or as a radio or television program
361	body	noun	the entire structure of an organism (an animal, plant, or human being)
362	death	noun	the event of dying or departure from life
363	number	noun	the property possessed by a sum or total or indefinite quantity of units or individuals
364	drive	verb	operate or control a vehicle
365	pick	verb	select carefully from a group
366	set	verb	put into a certain place or abstract location
367	crazy	adj	affected with madness or insanity
368	exactly	adv	indicating exactness or preciseness
369	under	adj	located below or beneath something else
370	everybody		
371	wish	verb	want something to happen or be true, especially when it is unlikely
372	shut	verb	close something such as a door, window, or lid so that nothing can pass through
373	chance	noun	a possibility due to a favorable combination of circumstances
374	party	noun	an organization to gain political power
375	catch	verb	discover someone suddenly and unexpectedly, especially in the act of doing something
376	five	adj	being one more than four
377	its	det	belonging to it
378	whatever	adj	one or some or every or all without specification
379	answer	verb	react verbally
380	cut	verb	separate with or as if with an instrument
381	aren		
382	promise	verb	say firmly that you will certainly do something
383	moment	noun	a particular point in time
384	mine	noun	excavation in the earth from which ores and minerals are extracted
385	inside	adv	within a building
386	different	adj	unlike in nature or quality or form or degree
387	sister	noun	a female person who has the same parents as another person
388	daughter	noun	a female human offspring
389	gun	noun	a weapon that discharges a missile at high velocity (especially from a metal tube or barrel)
390	somebody	noun	a human being
391	side	noun	a place within a region identified relative to a center or reference location
392	light	noun	(physics) electromagnetic radiation that can produce a visual sensation
393	dream	noun	a series of mental images and emotions occurring during sleep
394	follow	verb	to travel behind, go after, come after
395	reason	noun	a rational motive for a belief or action
396	book	noun	a written work or composition that has been published (printed on pages bound together)
397	afraid	adj	filled with fear or apprehension
398	rest	noun	something left after other parts have been taken away
399	four	adj	being one more than three
400	dear	adj	much loved; very precious to someone
401	line	noun	a formation of people or things one beside another
402	quite	adv	to a degree (not used with a negative)
403	anyway	adv	used to indicate that a statement explains or supports a previous statement
404	ain		
405	fun	noun	activities that are enjoyable or amusing
406	against		
407	husband	noun	a married man; a woman's partner in marriage
408	dog	noun	a member of the genus Canis (probably descended from the common wolf) that has been domesticated by man since prehistoric times; occurs in many breeds
409	cause	verb	make something happen; be the reason something occurs
410	important	adj	of great significance or value
411	shall		
412	trust	verb	have confidence or faith in
413	least	adv	used to form the superlative
414	wear	verb	be dressed in
415	trouble	noun	a source of difficulty
416	power	noun	possession of controlling influence
417	clear	adj	readily apparent to the mind
418	game	noun	a contest with rules to determine a winner
419	nobody	noun	a person of no influence
420	mr	noun	a form of address for a man
421	build	verb	make by combining materials and parts
422	though	adv	(postpositive) however
423	throw	verb	propel through the air
424	learn	verb	gain knowledge or skills
425	war	noun	the waging of armed conflict against an enemy
426	between	adv	in the interval
427	murder	noun	unlawful premeditated killing of a human being by a human being
428	pass	verb	go across or through
429	city	noun	a large and densely populated urban area; may include several independent administrative districts
430	high	adj	greater than normal in degree or intensity or amount
431	ring	verb	sound loudly and sonorously
432	cool	adj	neither warm nor very cold; giving relief from heat
433	truth	noun	a fact that has been verified
434	sell	verb	exchange or deliver for money or its equivalent
435	pull	verb	draw something toward oneself or along behind one by force
436	begin	verb	take the first step or steps in carrying out an action
437	blood	noun	the red liquid that the heart pumps around the body
438	finish	verb	bring something to an end; reach the end of something
439	behind	adv	in or to or toward the rear
440	almost	adv	(of actions or states) slightly short of or not quite accomplished; all but
441	team	noun	a cooperative unit (especially in sports)
442	able	adj	(usually followed by `to') having the necessary means or skill or know-how or authority to do something
443	couple	noun	a pair who associate with one another
444	anymore	adv	at the present or from now on; usually used with a negative
445	office	noun	place of business where professional or clerical duties are performed
446	town	noun	an urban area with a fixed boundary that is smaller than a city
447	welcome	verb	accept gladly
448	sign	noun	a perceptible indication of something not immediately apparent (as a visible clue that something has happened)
449	touch	verb	make physical contact with, come in contact with
450	spend	verb	pass time in a specific way
451	free	adj	able to act at will; not hampered; not under compulsion or restraint
452	hang	verb	fasten something at the top so it dangles; dangle from a support above
453	fact	noun	a piece of information about circumstances that exist or events that have occurred
454	dance	verb	move in a graceful and rhythmical way
455	fast	adj	acting or moving or capable of acting or moving quickly
456	wow	noun	a joke that seems extremely funny
457	half	noun	one of two equal parts of a divisible whole
458	drop	verb	let fall to the ground
459	bed	noun	a piece of furniture that provides a place to sleep
460	act	noun	a legal document codifying the result of deliberations of a committee or society or legislative body
461	either	adv	after a negative statement used as an intensive meaning something like `likewise' or `also'
462	cry	verb	shout out suddenly and loudly; shed tears
463	country	noun	a politically organized body of people under a single government
464	figure	noun	a diagram or picture illustrating textual material
465	front	noun	the side that is forward or prominent
466	bear	verb	the large heavy wild animal; also, as a verb, to have
467	whoa		
468	sing	verb	produce musical sounds with the voice, usually with words
469	bye	noun	you advance to the next round in a tournament without playing an opponent
470	honey	noun	a sweet yellow liquid produced by bees
471	wonder	verb	have a wish or desire to know something
472	return	verb	go or come back to place, condition, or activity where one has been before
473	beat	verb	come out better in a competition, race, or conflict
474	full	adj	containing as much or as many as is possible or normal
475	stupid	adj	lacking or marked by lack of intellectual acuity
476	sigh	verb	let out a long, deep breath, showing tiredness, relief, or sadness
477	sort	noun	a category of things distinguished by some common characteristic or quality
478	hurry	verb	move very fast
479	news	noun	information about recent and important events
480	food	noun	any substance that can be metabolized by an animal to give energy and build tissue
481	date	noun	the specified day of the month
482	decide	verb	reach, make, or come to a decision about something
483	early	adj	at or near the beginning of a period of time or course of events or before the usual or expected time
484	lord	noun	terms referring to the Judeo-Christian God
485	picture	noun	a visual representation (of an object or scene or person or abstraction) produced on a surface
486	foot	noun	the part of the leg of a human being below the ankle joint
487	sometimes	adv	on certain occasions or in certain cases but not always
488	black	adj	being of the achromatic color of maximum darkness; having little or no hue owing to absorption of almost all incident light
489	hot	adj	used of physical heat; having a high or higher than desirable temperature or giving off heat or feeling or causing a sensation of heat or burning
490	along	adv	with a forward motion
491	hate	verb	dislike intensely; feel antipathy or aversion towards
492	small	adj	limited or below average in number or quantity or magnitude or extent
493	expect	verb	regard something as probable or likely
494	outside	adv	in the open air; not indoors
495	king	noun	a male sovereign; ruler of a kingdom
496	stick	noun	an implement consisting of a length of wood
497	grow	verb	pass into a condition gradually, take on a specific property or attribute; become
498	captain	noun	an officer holding a rank below a major but above a lieutenant
499	chuckle	verb	laugh quietly or with restraint
500	scar	noun	a mark left (usually on the skin) by the healing of injured tissue
501	human	adj	a person, as distinct from an animal or machine; also: of or typical of people
502	em	noun	a quad with a square body
503	safe	adj	free from danger or the risk of harm
504	six	adj	amounting to one more than five; 6
505	street	noun	a thoroughfare (usually including sidewalks) that is lined with buildings
506	funny	adj	arousing or provoking laughter
507	train	noun	public transport provided by a line of railway cars coupled together and drawn by a locomotive
508	alive	adj	possessing life
509	lead	verb	take somebody somewhere
510	boss	noun	a person who exercises control over workers
511	control	verb	have power over something and direct how it behaves
512	blow	noun	a powerful stroke with the fist or a weapon
513	parent	noun	a father or mother; one who begets or one who gives birth to or nurtures and raises a child; a relative who plays the role of guardian
514	dinner	noun	the main meal of the day served in the evening or at midday
515	ahead	adv	at or in the front
516	star	noun	(astronomy) a celestial body of hot gases that radiates energy derived from thermonuclear reactions in the interior
517	state	noun	the territory occupied by one of the constituent administrative districts of a nation
518	company	noun	an institution created to conduct business
519	force	verb	to cause to do through pressure or necessity, by physical, moral or intellectual means :
520	step	noun	any maneuver made as part of progress toward a goal
521	fly	verb	travel through the air; be airborne
522	shouldn		
523	report	verb	to give an account or representation of in words
524	alright	adj	nonstandard usage
525	clean	adj	free from dirt, marks, or stains
526	million	adj	(in Roman numerals, M written with a macron over it) denoting a quantity consisting of 1,000,000 items or units
527	white	adj	being of the achromatic color of maximum lightness; having little or no hue owing to reflection of almost all incident light
528	land	noun	ground owned as property; the solid part of the earth's surface
529	piece	noun	a separate part of a whole
530	scream	verb	utter a sudden loud cry
531	ma	noun	informal terms for a mother
532	gentleman	noun	a man of refinement
533	perfect	adj	being complete of its kind and without defect or blemish
534	record	verb	write down or store information; also (noun) a written account of past events, or a disc of music
535	continue	verb	keep going in the same state or activity without stopping
536	anybody		
537	secret	adj	not open or public; kept private or not revealed
538	bitch	noun	an unpleasant difficulty
539	top	noun	the upper part of anything
540	ass	noun	the fleshy part of the human body that you sit on
541	kiss	verb	touch with the lips or press the lips (against someone's mouth or other body part) as an expression of love, greeting, etc.
542	special	adj	unique or specific to a person or thing or category
543	attack	verb	start using violence against a person, place, or group
544	john	noun	a room or building equipped with one or more toilets
545	himself		
546	uncle	noun	the brother of your father or mother; the husband of your aunt
547	perhaps	adv	by chance
548	sick	adj	affected by an impairment of normal physical or mental function
549	serious	adj	concerned with work or important matters rather than play or trivialities
550	voice	noun	the distinctive quality or pitch or condition of a person's speech
551	red	adj	of a color at the end of the color spectrum (next to orange); resembling the color of blood or cherries or tomatoes or rubies
552	poor	adj	deserving or inciting pity; ; ; - Galsworthy
553	ha	noun	(astronomy) the angular distance of a celestial point measured westward along the celestial equator from the zenith crossing; the right ascension for an observer at a particular location and time of day
554	dress	noun	a one-piece garment for a woman; has skirt and bodice
555	cop	noun	uncomplimentary terms for a policeman
556	song	noun	a short musical composition with words
557	wake	verb	be awake, be alert, be there
558	explain	verb	make plain and comprehensible
559	earth	noun	the 3rd planet from the sun; the planet we live on
560	past	noun	the time that has elapsed
561	meeting	noun	a formally arranged gathering
562	burn	verb	destroy by fire
563	possible	adj	capable of happening or existing
564	strong	adj	having strength or power greater than average or expected
565	jack	noun	a small worthless amount
566	arm	noun	a human limb; technically the part of the superior limb between the shoulder and the elbow but commonly used to refer to the whole superior limb
567	hair	noun	a covering for the body (or parts of it) consisting of a dense growth of threadlike structures (as on the human head); helps to prevent heat loss
568	teach	verb	impart skills or knowledge to
569	master	noun	an artist of consummate skill
570	hospital	noun	a health facility where patients receive treatment
571	ten	adj	being one more than nine
572	cover	verb	put something over a thing so as to hide or protect what is underneath
573	glad	adj	showing or causing joy and pleasure; especially made happy
574	movie	noun	a form of entertainment that enacts a story by sound and a sequence of images giving the illusion of continuous movement
575	agree	verb	be in accord; be in agreement
576	bet	verb	say you feel sure something is true; risk money on an outcome
577	hmm		
578	air	noun	a mixture of gases (especially oxygen) required for breathing; the stuff that the wind consists of
579	charge	noun	an impetuous rush toward someone or something
580	luck	noun	your overall circumstances or condition in life (including everything that happens to you)
581	daddy	noun	an informal term for a father; probably derived from baby talk
582	sense	noun	a general conscious awareness
583	cold	adj	at a low temperature; not warm; also (noun) a mild illness of the nose and throat
584	cheer	noun	a cry or shout of approval
585	key	noun	metal device shaped in such a way that when it is inserted into the appropriate lock the lock's mechanism can be rotated
586	finally	adv	after an unspecified period of time or an especially long delay
587	sweet	adj	having or denoting the characteristic taste of sugar
588	film	noun	a form of entertainment that enacts a story by sound and a sequence of images giving the illusion of continuous movement
589	carry	verb	move while supporting, either in a vehicle or in one's hands or on one's body
590	paper	noun	a material made of cellulose pulp derived mainly from wood or rags or certain grasses
591	officer	noun	any person in the armed services who holds a position of authority or command
592	evening	noun	the latter part of the day (the period of decreasing daylight from late afternoon until nightfall)
593	strange	adj	being definitely out of the ordinary and unexpected; slightly odd or even a bit weird
594	allow	verb	make it possible through a specific action or lack of action for something to happen
595	sex	noun	activities associated with sexual intercourse
596	till	noun	unstratified soil deposited by a glacier; consists of sand and clay and gravel and boulders mixed together
597	road	noun	an open way (generally public) for travel or transportation
598	letter	noun	a written message addressed to a person or organization
599	rather	adv	on the contrary
600	mistake	noun	a wrong action attributable to bad judgment or ignorance or inattention
601	steal	verb	take without the owner's consent
602	grunt	verb	make a short low rough sound in the throat, as a pig does
603	protect	verb	shield from danger, injury, destruction, or damage
604	ship	noun	a vessel that carries passengers or freight
605	join	verb	become part of; become a member of a group or organization
606	ball	noun	round object that is hit or thrown or kicked in games
607	somewhere	adv	in, at, or to a place you cannot name exactly
608	rule	noun	a principle or condition that customarily governs behavior
609	law	noun	the collection of rules imposed by authority
610	lucky	adj	occurring by chance
611	count	verb	determine the number or amount of
612	less	adv	used to form the comparative of some adjectives and adverbs
613	enjoy	verb	derive or receive pleasure from; get enjoyment from; take pleasure in
614	knock	verb	hit something sharply, especially a door
615	jesus	noun	a teacher and prophet born in Bethlehem and active in Nazareth; his life and sermons form the basis for Christianity (circa 4 BC - AD 29)
616	coffee	noun	a dark hot drink made from roasted, ground beans of a tropical shrub
617	test	verb	try something in order to find out how good it is or how well it works
618	fool	noun	a person who lacks good judgment
619	quiet	adj	characterized by an absence or near absence of agitation or activity
620	choose	verb	pick one thing from several possibilities
621	age	noun	how long something has existed
622	horse	noun	solid-hoofed herbivorous quadruped domesticated since prehistoric times
623	lock	verb	fasten something with a key so it cannot be opened
624	bag	noun	a flexible container with a single opening
625	fix	verb	restore by replacing a part or putting together what is torn or broken
626	careful	adj	exercising caution or showing care or attention
627	rock	noun	a lump or mass of hard consolidated mineral matter
628	fault	noun	a wrong action attributable to bad judgment or ignorance or inattention
629	calm	adj	not agitated; without losing self-possession
630	mark	verb	attach a tag or label to; also (noun) a score given for schoolwork
631	dude	noun	an informal form of address for a man
632	hide	verb	prevent from being seen or discovered
633	offer	verb	make available or accessible, provide or furnish
634	weren		
635	realize	verb	be fully aware or cognizant of
636	future	noun	the time yet to come
637	quick	adj	accomplished rapidly and without delay
638	ooh	verb	make a sound that shows delight or admiration
639	class	noun	a collection of things sharing a common attribute
640	straight	adv	without deviation
641	choice	noun	the person or thing chosen or selected
642	arrest	verb	take into custody
643	card	noun	one of a set of small pieces of stiff paper marked in various ways and used for playing games or for telling fortunes
644	mad	adj	roused to anger; - Mark Twain
645	joke	noun	a humorous anecdote or remark intended to provoke laughter
646	system	noun	instrumentality that combines interrelated interacting artifacts designed to work as a coherent entity
647	imagine	verb	form a mental image of something that is not present or that is not the case
648	wonderful	adj	extraordinarily good or great ; used especially as intensifiers
649	smell	verb	inhale the odor of; perceive by the olfactory sense
650	push	verb	apply force to move something away from you
651	absolutely	adv	completely and without qualification; used informally as intensifiers
652	handle	verb	be in charge of, deal with; also (noun) the part of an object made to be held
653	drug	noun	a substance that is used as a medicine or narcotic
654	present	adj	temporal sense; intermediate between past and future; now existing or happening or in consideration
655	yesterday	noun	the day immediately before today
656	box	noun	a (usually rectangular) container; may have a lid
657	mess	noun	a state of confusion and disorderliness
658	president	noun	an executive officer of a firm or corporation
659	darling	noun	a special loved one
660	share	noun	assets belonging to or due to or contributed by an individual person or group
661	reach	verb	arrive at a place or point, whether physical or abstract
662	leg	noun	a human limb; commonly used to refer to a whole limb but technically only the part of the limb between the knee and ankle
663	worth	adj	worthy of being treated in a particular way; ;  (often used ironically)
664	pain	noun	a symptom of some physical hurt or disorder
665	message	noun	a communication (usually brief) that is written or spoken or signaled
666	visit	verb	go to see a place, as for entertainment
667	destroy	verb	do away with, cause the destruction or undoing of
668	mouth	noun	the opening through which food is taken in and vocalizations emerge
669	prove	verb	be shown or be found to be
670	notice	verb	discover or determine the existence, presence, or fact of
671	wedding	noun	the social event at which the ceremony of marriage is performed
672	court	noun	an assembly (including one or more judges) to conduct judicial business
673	sam	noun	a guided missile fired from land or shipboard against an airborne target
674	none	adv	not at all or in no way
675	amazing	adj	surprising greatly
676	ride	verb	sit and travel on the back of animal, usually while controlling its motions
677	general	adj	applying to all or most members of a category or group
678	weird	adj	suggesting the operation of supernatural influences; ; ; - John Galsworthy; ; - Henry Kingsley
679	bill	noun	a statute in draft before it becomes law
680	round	adj	having a circular shape
681	hat	noun	headdress that protects the head from bad weather; has shaped crown and usually a brim
682	chief	adj	most important element
683	forgive	verb	stop blaming or grant forgiveness
684	station	noun	a facility equipped with special equipment and personnel for a particular purpose
685	goodbye	noun	a farewell remark
686	fear	noun	an emotion experienced in anticipation of some specific pain or danger (usually accompanied by a desire to flee or fight)
687	bar	noun	a room or establishment where alcoholic drinks are served over a counter
688	kick	verb	drive or propel with the foot
689	wall	noun	an architectural partition with a height and length greater than its thickness; used to divide or enclose an area or to support another structure
690	brain	noun	that part of the central nervous system that includes all the higher nervous centers; enclosed within the skull; continuous with the spinal cord
691	arrive	verb	get to a place at the end of a journey
692	shop	noun	a mercantile establishment for the retail sale of goods or services
693	study	noun	a detailed critical inspection
694	busy	adj	actively or fully engaged or occupied
695	ya		
696	crime	noun	(criminal law) an act punishable by law; usually considered an evil act
697	animal	noun	a living organism characterized by voluntary movement
698	tired	adj	depleted of strength or energy
699	bastard	noun	insulting terms of address for people who are stupid or irritating or ridiculous
700	service	noun	work done by one person or group that benefits another
701	judge	verb	a public official who decides cases in a court; also (verb) to decide the result of a contest
702	thousand	noun	the cardinal number that is the product of 10 and 100
703	ground	noun	the solid part of the earth's surface
704	near	adj	not far distant in time or space or degree or circumstances
705	swear	verb	utter obscenities or profanities
706	group	noun	any number of entities (members) considered as a unit
707	mile	noun	a unit of length equal to 1,760 yards or 5,280 feet; exactly 1609.344 meters
708	search	noun	the activity of looking thoroughly in order to find something or someone
709	blue	adj	of the color intermediate between green and violet; having a color similar to that of a clear unclouded sky; - Helen Hunt Jackson
710	eh		
711	accept	verb	consider or hold as true
712	hotel	noun	a building where travelers can pay for lodging and meals and other services
713	idiot	noun	a person of subnormal intelligence
714	short	adj	primarily temporal sense; indicating or being or seeming to be limited in duration
715	jump	verb	move forward by leaps and bounds
716	table	noun	a set of data arranged in rows and columns
717	buddy	noun	a close friend; a companion one does things with
718	birthday	noun	an anniversary of the day on which a person was born (or the celebration of it)
719	during		
720	weapon	noun	any instrument or instrumentality used in fighting or hunting
721	camera	noun	equipment for taking photographs (usually consisting of a lightproof box with a lens at one end and light-sensitive film at the other)
722	dark	adj	devoid of or deficient in light or brightness; shadowed or black
723	evidence	noun	your basis for belief or disbelief; knowledge on which to base belief
724	club	noun	a team of professional baseball players who play and travel together
725	honor	verb	show public respect for someone, often with an award or praise
726	seat	noun	a space reserved for sitting (as in a theater or on a train or airplane)
727	agent	noun	an active and efficient cause; capable of producing a certain effect
728	tree	noun	a tall perennial woody plant having a main trunk and branches forming a distinct elevated crown; includes both gymnosperms and angiosperms
729	tv	noun	broadcasting visual images of stationary or moving objects; ;  - Ernie Kovacs
730	create	verb	make or cause to be or to become
731	completely	adv	to a complete degree or to the full or entire extent (`whole' is often used informally for `wholly')
732	glass	noun	a brittle transparent solid with irregular atomic structure
733	security	noun	the state of being free from danger or injury
734	totally	adv	to a complete degree or to the full or entire extent (`whole' is often used informally for `wholly')
735	area	noun	a particular geographical region of indefinite boundary (usually serving some special purpose or distinguished by its people or culture or geography)
736	floor	noun	the inside lower horizontal surface (as of a room, hallway, tent, or other structure)
737	clothe	verb	put garments on someone; provide with something to wear
738	treat	verb	interact in a certain way
739	bank	noun	sloping land (especially the slope beside a body of water)
740	information	noun	a message received and understood
741	george	noun	a common man's first name in English; also the name of England's patron saint
742	situation	noun	the general state of things; the combination of circumstances at a given time; ; ; - Franklin D.Roosevelt
743	rise	verb	move upward
744	instead	adv	in place of, or as an alternative to
745	definitely	adv	without question and beyond doubt
746	victim	noun	an unfortunate person who suffers from some adverse circumstance
747	certainly	adv	definitely or positively (`sure' is sometimes used informally for `surely')
748	seven	adj	being one more than six
749	prepare	verb	make ready or suitable or equip in advance for a particular purpose or for some use, event, etc
750	consider	verb	deem to be
751	christmas	noun	period extending from Dec. 24 to Jan. 6
752	boat	noun	a small vessel for travel on water
753	raise	verb	lift something to a higher position; increase an amount or level
754	unless		
755	respect	noun	(usually preceded by `in') a detail or point
756	park	noun	a large area of land preserved in its natural state as public property
757	michael	noun	(Old Testament) the guardian archangel of the Jews
758	smoke	noun	a cloud of fine particles suspended in a gas
759	escape	verb	run away from confinement
760	window	noun	a framework of wood or metal that contains a glass windowpane and is built into a wall or roof to admit light or air
761	hasn		
762	cook	verb	prepare a hot meal
763	rid	verb	relieve from
764	waste	verb	spend thoughtlessly; throw away
765	bother	verb	take the trouble to do something; concern oneself
766	soul	noun	the immaterial part of a person; the actuating cause of an individual life
767	history	noun	the aggregate of past events
768	trip	noun	a journey for some purpose (usually including the return)
769	cell	noun	any small compartment
770	frank	adj	characterized by directness in manner or speech; without subtlety or evasion
771	terrible	adj	causing fear or dread or terror
772	army	noun	a permanent organization of the military land forces of a nation or state
773	surprise	verb	astonish someone by being sudden or unexpected; catch unawares
774	breathe	verb	draw air into, and expel out of, the lungs
775	simple	adj	having few parts; not complex or complicated or involved
776	draw	verb	cause to move by pulling
777	hundred	adj	being ten more than ninety
778	relax	verb	become less tense, rest, or take one's ease
779	guard	noun	a person who keeps watch over something or someone
780	except	verb	take exception to
781	detective	noun	a police officer who investigates crimes
782	joe		
783	seriously	adv	in a serious manner
784	forever	adv	for a limitless time; ; - P.P.Bliss
785	david	noun	patron saint of Wales (circa 520-600)
786	space	noun	the unlimited expanse in which everything is located
787	entire	adj	constituting the full quantity or extent; complete
788	list	noun	a database containing an ordered array of items (names or topics)
789	mention	verb	make reference to
790	lovely	adj	appealing to the emotions as well as the eye
791	gasp	verb	breathe noisily, as when one is exhausted
792	track	noun	a line or route along which something travels or moves
793	across	adv	to the opposite side
794	cross	verb	travel across or pass over
795	patient	noun	a person who requires medical care
796	marriage	noun	the state of being a married couple voluntarily joined for life (or until divorce)
797	single	adj	just one, and no more; individual rather than several
798	experience	noun	the accumulation of knowledge or skill that results from direct participation in events or activities
799	bird	noun	warm-blooded egg-laying vertebrates characterized by feathers and forelimbs modified as wings
800	middle	noun	an area that is approximately central within some larger region
801	rich	adj	possessing material wealth
802	accident	noun	an unfortunate mishap; especially one causing damage or injury
803	roll	verb	move by turning over or rotating
804	involve	verb	connect closely and often incriminatingly
805	fair	adj	free from favoritism or self-interest or bias or deception; conforming with established standards or rules
806	scene	noun	the place where some action occurs
807	sun	noun	the star that is the source of light and heat for the planets in the solar system
808	serve	verb	fulfill a particular purpose, role, or function
809	machine	noun	any mechanical or electrical device that transmits or modifies energy to perform or assist in the performance of human tasks
810	anywhere	adv	in, at, or to any place at all
811	dangerous	adj	involving or causing danger or risk; liable to hurt or harm
812	attention	noun	the process whereby a person concentrates on some features of the environment to the (relative) exclusion of others
813	york	noun	the English royal house (a branch of the Plantagenet line) that reigned from 1461 to 1485; its emblem was a white rose
814	dare	verb	take upon oneself; act presumptuously, without permission
815	sea	noun	a division of an ocean or a large body of salt water partially enclosed by land
816	contact	noun	close interaction
817	grab	verb	take hold of so as to seize or restrain or stop the motion of
818	interesting	adj	arousing or holding the attention
819	groan	verb	indicate pain, discomfort, or displeasure
820	witness	verb	see something happen with your own eyes
821	deep	adj	going far down from the top or the surface; or strongly felt
822	relationship	noun	the connection between two people, and how they behave toward each other
823	cat	noun	a small furry animal with whiskers and claws, often kept as a pet
824	belong	verb	be owned by; be in the possession of
825	radio	noun	medium for communication
826	decision	noun	the act of making up your mind about something
827	fish	noun	any of various mostly cold-blooded aquatic vertebrates usually having scales and breathing through gills
828	remain	verb	stay in the same state or condition; continue to be
829	lunch	noun	a midday meal
830	field	noun	a piece of land cleared of trees and usually enclosed
831	smile	verb	change one's facial expression by spreading the lips, often to signal pleasure
832	peace	noun	the state prevailing during the absence of war
833	government	noun	the organization that is the governing authority of a political unit
834	smart	adj	showing mental alertness and calculation and resourcefulness
835	art	noun	paintings, sculpture, and other creative works taken as a whole
836	gift	noun	something acquired without compensation
837	fill	verb	make full, also in a metaphorical sense
838	normal	adj	conforming with or constituting a norm or standard or level or type or social norm; not abnormal
839	charlie		
840	mike	noun	device for converting sound waves into electrical energy
841	enemy	noun	an opposing military force
842	memory	noun	something that is remembered
843	concern	verb	be relevant to; also (noun) a matter that is important to you or affects you
844	travel	verb	go from one place to another, usually over some distance
845	teacher	noun	a person whose occupation is teaching
846	position	noun	the particular portion of space occupied by something
847	american	adj	of or relating to the United States of America or its people or language or culture
848	match	verb	be compatible, similar or consistent; coincide in their characteristics
849	lawyer	noun	a professional person authorized to practice law; conducts lawsuits or gives legal advice
850	prison	noun	a correctional institution where persons are confined while on trial or for punishment
851	partner	noun	the person you are married to, or live with as a couple
852	hop	verb	jump lightly
853	file	verb	record in a public office or in a court of law
854	invite	verb	increase the likelihood of
855	tom	noun	(ethnic slur) offensive and derogatory name for a Black man who is abjectly servile and deferential to Whites
856	paint	verb	cover a surface with color from a brush; make a picture in color
857	soldier	noun	an enlisted man or woman who serves in an army
858	quickly	adv	with rapid movements
859	doubt	noun	the state of being unsure of something
860	student	noun	a learner who is enrolled in an educational institution
861	gold	noun	a heavy, shiny yellow metal that is very valuable, used for jewelry and coins
862	eight	adj	being one more than seven
863	store	noun	a mercantile establishment for the retail sale of goods or services
864	major	adj	of greater importance or stature or rank
865	girlfriend	noun	any female friend
866	ice	noun	water frozen in the solid state
867	certain	adj	definite but not specified or identified
868	interested	adj	having or showing interest; especially curiosity or fascination or concern
869	shoe	noun	footwear shaped to fit the foot (below the ankle) with a flexible upper of leather or plastic and a sole and heel of heavier material
870	feed	verb	provide as food
871	ruin	verb	destroy completely; damage irreparably
872	form	noun	the phonological or orthographic sound or appearance of a word that can be used to describe or identify something
873	fit	verb	be agreeable or acceptable to
874	afternoon	noun	the part of the day between noon and evening
875	personal	adj	concerning or affecting a particular person or his or her private life and personality
876	forward	adv	at or to or toward the front; ; ; ; (`forrad' and `forrard' are dialectal variations)
877	america	noun	the United States, a country of 50 states lying mostly between Canada and Mexico
878	difficult	adj	not easy; requiring great physical or mental effort to accomplish or comprehend or endure
879	shout	verb	utter in a loud voice; talk in a loud voice (usually denoting characteristic manner of speaking)
880	tough	adj	not given to gentleness or sentimentality
881	church	noun	one of the groups of Christians who have their own beliefs and forms of worship
882	tea	noun	a hot drink made by soaking dried leaves of a certain plant in water
883	slow	adj	not moving quickly; taking a comparatively long time
884	deserve	verb	be worthy of something because of one's actions or qualities
885	whether		
886	pant	verb	breathe noisily, as when one is exhausted
887	support	verb	give someone encouragement, comfort, or help
888	proud	adj	feeling self-respect or pleasure in something by which you measure your self-worth; or being a reason for pride
889	public	adj	not private; open to or concerning the people as a whole
890	race	verb	move fast
891	suit	noun	a set of garments (usually including a jacket and trousers or skirt) for outerwear all of the same fabric and color
892	angry	adj	feeling or showing anger
893	owe	verb	be obliged to pay or repay
894	risk	verb	expose to a chance of loss or damage
895	peter	noun	disciple of Jesus and leader of the Apostles; regarded by Catholics as the vicar of Christ on earth and first Pope
896	tie	verb	fasten or secure with a rope, string, or cord; also (noun) the strip of cloth worn round the neck with a shirt
897	paul	noun	United States feminist (1885-1977)
898	spot	noun	a point located with respect to surface features of some region
899	note	verb	make mention of
900	mary	noun	a common woman's first name in English; also the name of the mother of Jesus
901	taste	verb	have a particular flavor when you eat or drink it
902	sad	adj	experiencing or showing sorrow or unhappiness; ; - Christina Rossetti
903	drunk	adj	stupefied or excited by a chemical substance (especially alcohol)
904	queen	noun	the only fertile female in a colony of social insects such as bees and ants and termites; its function is to lay eggs
905	plane	noun	an aircraft that has a fixed wing and is powered by propellers or jets
906	sake	noun	a reason for wanting something done
907	island	noun	a land mass (smaller than a continent) that is surrounded by water
908	mm		
909	suffer	verb	undergo or be subjected to
910	flower	noun	a plant cultivated for its blooms or blossoms
911	quit	verb	put an end to a state or an activity
912	killer	noun	someone who causes the death of a person or animal
913	appreciate	verb	recognize with gratitude; be grateful for
914	suspect	verb	imagine to be the case or true or probable
915	type	noun	a subdivision of a particular kind of thing
916	warn	verb	notify of danger, potential harm, or risk
917	dollar	noun	the basic monetary unit in many countries; equal to 100 cents
918	blame	verb	say that someone or something is responsible for something bad
919	screw	noun	someone who guards prisoners
920	base	verb	use as the foundation for; also (noun) a military installation
921	pop	verb	bulge outward
922	wind	noun	air moving (sometimes with considerable force) from an area of high pressure to an area of low pressure
923	boyfriend	noun	a man who is the lover of a girl or young woman
924	within	adv	on the inside
925	beg	verb	call upon in supplication; entreat
926	pleasure	noun	a fundamental feeling that is hard to define but that people desire to experience
927	ben	noun	a mountain or tall hill
928	vote	verb	formally choose a candidate or option in an election
929	third	adj	coming next after the second and just before the fourth in position
930	mum	adj	failing to speak or communicate etc when expected to
931	honest	adj	not disposed to cheat or defraud; not deceptive or fraudulent
932	computer	noun	a machine for performing calculations automatically
933	apartment	noun	a set of rooms on one floor of a building, used as a home
934	often	adv	many times at short intervals
935	tear	verb	separate or cause to separate abruptly
936	photo	noun	a representation of a person or scene in the form of a print or transparent slide; recorded by a camera on light-sensitive material
937	fail	verb	not succeed at something, or leave undone what you were supposed to do
938	action	noun	something done (usually as opposed to something said)
939	english	adj	the language spoken in Britain, the US and much of the world; also: of or relating to England
940	private	adj	confined to particular persons or groups or providing privacy
941	truck	noun	an automotive vehicle suitable for hauling
942	hungry	adj	feeling hunger; feeling a need or desire to eat food
943	heaven	noun	any place of complete bliss and delight and peace
944	pack	verb	arrange in a container
945	mama	noun	informal terms for a mother
946	college	noun	a place where people study after high school
947	disappear	verb	get lost, as without warning or explanation
948	lieutenant	noun	a commissioned military officer
949	press	verb	exert pressure or force to or upon
950	beer	noun	a general name for alcoholic beverages made by fermenting a cereal (or mixture of cereals) flavored with hops
951	difference	noun	the quality of being unlike or dissimilar
952	client	noun	a person who seeks the advice of a lawyer
953	village	noun	a community of people smaller than a town
954	planet	noun	a large round body that orbits a star, such as Earth or Mars
955	lt		
956	ticket	noun	a commercial document showing that the holder is entitled to something (as to ride on public transportation or to enter a public entertainment)
957	cost	noun	the total spent for goods or services including money and time and labor
958	strike	verb	deliver a sharp blow, as with the hand, fist, or weapon
959	bloody	adj	having or covered with or accompanied by blood
960	large	adj	above average in size or number or quantity or magnitude or extent
961	admit	verb	say that something is true, especially unwillingly
962	appear	verb	give a certain impression or have a certain outward aspect
963	finger	noun	any of the terminal members of the hand (sometimes excepting the thumb)
964	especially	adv	to a distinctly greater extent or degree than is common
965	green	adj	of the color between blue and yellow in the color spectrum; similar to the color of fresh grass
966	receive	verb	get something; come into possession of
967	cute	adj	attractive especially by means of smallness or prettiness or quaintness
968	board	noun	a committee having supervisory powers
969	beep	noun	a short high tone produced as a signal or warning
970	french	adj	of or pertaining to France or the people of France
971	upset	verb	disturb the balance or stability of
972	hero	noun	a man distinguished by exceptional courage and nobility and strength
973	professor	noun	someone who is a member of the faculty at a college or university
974	hole	noun	an opening into or through something
975	impossible	adj	not capable of occurring or being accomplished or dealt with
976	obviously	adv	unmistakably (`plain' is often used informally for `plainly')
977	bell	noun	a hollow device made of metal that makes a ringing sound when struck
978	neither	adj	not either; not one or the other
979	enter	verb	to come or go into
980	evil	adj	morally bad or wrong
981	besides	adv	making an additional point; anyway
982	issue	noun	an important question that is in dispute and must be settled
983	jail	noun	a correctional institution used to detain persons who are in the lawful custody of the government (either accused persons awaiting trial or convicted persons serving a sentence)
984	member	noun	one of the persons who compose a social group (especially individuals who have joined and participate in a group organization)
985	address	noun	(computer science) the code that identifies where a piece of information is stored
986	spirit	noun	the vital principle or animating force within living things
987	guest	noun	a visitor to whom hospitality is extended
988	release	verb	set someone or something free; let go of
989	manage	verb	be successful; achieve a goal
990	stone	noun	a lump or mass of hard consolidated mineral matter
991	la	noun	a white soft metallic element that tarnishes readily; occurs in rare earth minerals and is usually classified as a rare earth
992	rain	noun	water falling in drops from vapor condensed in the atmosphere
993	suck	verb	draw into the mouth by creating a practical vacuum in the mouth
994	holy	noun	a sacred place of pilgrimage
995	river	noun	a large natural stream of water (larger than a creek)
996	wine	noun	fermented juice (of grapes especially)
997	cash	noun	money in the form of bills or coins
998	huge	adj	unusually great in size or amount or degree or especially extent or scope; ; ; ; ; ; ; ; ; - W.R.Inge
999	trick	noun	a cunning or deceitful action or device
1000	congratulation	noun	the act of acknowledging that someone has an occasion for celebration
1001	bomb	noun	an explosive device fused to explode under specific conditions
1002	suggest	verb	make a proposal, declare a plan for something
1003	de		
1004	german	adj	of or pertaining to or characteristic of Germany or its people or language
1005	price	noun	the property of having material worth (often indicated by the amount of money something would bring if sold)
1006	bottle	noun	a glass or plastic vessel used for storing drinks or other liquids; typically cylindrical without handles and with a narrow neck that can be plugged or capped
1007	bus	noun	a vehicle carrying many passengers; used for public transport
1008	james	noun	a Stuart king of Scotland who married a daughter of Henry VII; when England and France went to war in 1513 he invaded England and died in defeat at Flodden (1473-1513)
1009	survive	verb	continue to live through hardship or adversity
1010	complete	adj	having every necessary or normal part or component or step
1011	south	noun	the region of the United States lying to the south of the Mason-Dixon line
1012	battle	noun	a hostile meeting of opposing military forces in the course of a war
1013	laughter	noun	the sound of laughing
1014	interest	noun	a sense of concern with and curiosity about someone or something
1015	mountain	noun	a land mass that projects well above its surroundings; higher than a hill
1016	level	noun	a position on a scale of intensity or amount or quality
1017	whose		
1018	mmm		
1019	final	adj	occurring at or forming an end or termination
1020	duty	noun	the social force that binds you to the courses of action demanded by that force; ; - John D.Rockefeller Jr
1021	pretend	verb	make believe with the intent to deceive
1022	north	noun	the region of the United States lying to the north of the Mason-Dixon line
1023	mrs	noun	a form of address for a married woman
1024	engine	noun	motor that converts thermal energy to mechanical work
1025	madam	noun	a woman of refinement
1026	crowd	noun	a large number of things or people considered together
1027	chicken	noun	the flesh of a chicken used for food
1028	favor	verb	promote over another
1029	settle	verb	settle into a position, usually on a surface or ground
1030	fat	adj	having an (over)abundance of flesh
1031	ghost	noun	a mental representation of some haunting experience
1032	exist	verb	have an existence, be extant
1033	summer	noun	the warmest season of the year; in the northern hemisphere it extends from the summer solstice to the autumnal equinox
1034	magic	noun	any art that invokes supernatural powers
1035	dirty	adj	soiled or likely to soil with dirt or grime
1036	colonel	noun	a commissioned military officer in the United States Army or Air Force or Marines who ranks above a lieutenant colonel and below a brigadier general
1037	yell	verb	utter a sudden loud cry
1038	remind	verb	put in the mind of someone
1039	max	noun	street names for gamma hydroxybutyrate
1040	immediately	adv	without delay or hesitation; with no time intervening
1041	moon	noun	the natural satellite of the Earth
1042	upon		
1043	director	noun	someone who controls resources and expenditures
1044	christ	noun	a teacher and prophet born in Bethlehem and active in Nazareth; his life and sermons form the basis for Christianity (circa 4 BC - AD 29)
1045	bore	verb	cause to be bored
1046	henry	noun	a unit of inductance in which an induced electromotive force of one volt is produced when the current is varied at the rate of one ampere per second
1047	mission	noun	an organization of missionaries in a foreign land sent to carry on religious work
1048	aunt	noun	the sister of your father or mother; the wife of your uncle
1049	block	noun	a solid piece of something (usually having flat rectangular sides)
1050	condition	noun	a state at a particular time
1051	dig	verb	turn up, loosen, or remove earth
1052	wound	noun	an injury to living tissue (especially an injury involving a cut or break in the skin)
1053	suddenly	adv	happening unexpectedly
1054	nick	noun	an impression in a surface (as made by a blow)
1055	kitchen	noun	a room equipped for preparing meals
1056	usually	adv	under normal conditions
1057	account	noun	a record or narrative description of past events
1058	er	noun	a trivalent metallic element of the rare earth group; occurs with yttrium
1059	color	noun	a visual attribute of things that results from the light they emit or transmit or reflect
1060	bob	verb	move up and down repeatedly
1061	result	noun	a phenomenon that follows and is caused by some previous phenomenon
1062	crap	noun	obscene terms for feces
1063	yo		
1064	harry	verb	annoy continually or chronically
1065	warm	adj	having or producing a comfortable and agreeable degree of heat or imparting or maintaining heat
1066	piss	verb	eliminate urine
1067	worst	adj	(superlative of `bad') most wanting in quality or value or condition
1068	sky	noun	the atmosphere and outer space as viewed from the earth
1069	aah	verb	express admiration and pleasure by uttering `ooh' or `aah'
1070	grand	adj	of behavior that is impressive and ambitious in scale or scope
1071	challenge	verb	a demanding or difficult situation; also (verb) to take exception to something
1072	video	noun	the visible part of a television transmission
1073	detail	noun	an isolated fact that is considered separately from the whole
1074	low	adj	less than normal in degree or intensity or amount
1075	everywhere	adv	to or in any or all places; ; ; ; ; (`everyplace' is used informally for `everywhere')
1076	practice	noun	a customary way of operation or behavior
1077	ow		
1078	stage	noun	any distinct time period in a sequence of events
1079	ear	noun	the sense organ for hearing and equilibrium
1080	yep		
1081	angel	noun	spiritual being attendant upon God
1082	shh		
1083	conversation	noun	the use of speech for informal exchange of views or ideas or information etc.
1084	nervous	adj	easily agitated
1085	double	noun	a base hit on which the batter stops safely at second base
1086	themselves		
1087	hunt	verb	pursue for food or sport (as of wild animals)
1088	hire	verb	engage or hire for work
1089	plant	noun	buildings for carrying on industrial labor
1090	mate	verb	engage in sexual intercourse
1091	discuss	verb	to consider or examine in speech or writing
1092	copy	noun	a reproduction of a written record (e.g. of a legal or school record)
1093	gay	adj	bright and pleasant; promoting a feeling of cheer
1094	leader	noun	a person who rules or guides or inspires others
1095	hadn		
1096	chase	verb	go after with the intent to catch
1097	gas	noun	the state of matter distinguished from the solid and liquid states by: relatively low density and viscosity; relatively great expansion and contraction with changes in pressure and temperature; the ability to diffuse readily; and the spontaneous tendency to become distributed uniformly throughout any container
1098	egg	noun	animal reproductive body consisting of an ovum or embryo together with nutritive and protective envelopes; especially the thin-shelled reproductive body laid by e.g. female birds
1099	bone	noun	rigid connective tissue that makes up the skeleton of vertebrates
1100	band	noun	an unofficial association of people or groups
1101	paris	noun	the capital and largest city of France; and international center of culture and commerce
1102	innocent	adj	free from evil or guilt
1103	department	noun	a specialized division of a large organization
1104	accord	verb	harmony of people's opinions or actions or characters
1105	favorite	noun	something regarded with special favor or liking
1106	correct	verb	make right or correct
1107	danny		
1108	wood	noun	the hard fibrous lignified substance under the bark of trees
1109	trap	noun	a device in which something (usually an animal) can be caught and penned
1110	asshole	noun	insulting terms of address for people who are stupid or irritating or ridiculous
1111	otherwise	adv	in other respects or ways
1112	pray	verb	address a deity, a prophet, a saint or an object of worship; say a prayer
1113	freak	noun	a person or animal that is markedly unusual or deformed
1114	awesome	adj	inspiring awe or admiration or wonder; ; ; ; - Melville
1115	monster	noun	an imaginary creature usually having various human and animal parts
1116	prince	noun	a male member of a royal family other than the sovereign (especially the son of a sovereign)
1117	convince	verb	make (someone) agree, understand, or realize the truth or validity of something
1118	pressure	noun	the force applied to a unit area of surface; measured in pascals (SI unit) or in dynes (cgs unit)
1119	throat	noun	the passage to the stomach and lungs; in the front part of the neck below the chin and above the collarbone
1120	add	verb	make an addition (to); join or combine or unite with others; increase the quality, quantity, size or scope of
1121	nine	adj	denoting a quantity consisting of one more than eight and one less than ten
1122	surprised	adj	taken unawares or suddenly and feeling wonder or astonishment
1123	narrator	noun	someone who tells a story
1124	criminal	noun	someone who has committed a crime or has been legally convicted of a crime
1125	herself		
1126	london	noun	the capital and largest city of England; located on the Thames in southeastern England; financial and industrial and cultural center
1127	feeling	noun	the experiencing of affective and emotional states
1128	camp	noun	temporary living quarters specially built by the army for soldiers
1129	ourselves		
1130	alex		
1131	folk	noun	people in general (often used in the plural)
1132	nose	noun	the organ of smell and entrance to the respiratory tract; the prominent part of the face of man or other mammals
1133	shake	verb	move or cause to move back and forth
1134	target	noun	a reference point to shoot at
1135	bury	verb	cover from sight
1136	driver	noun	the operator of a motor vehicle
1137	crash	noun	a loud resonant repeating noise
1138	bullet	noun	a projectile that is fired from a gun
1139	commit	verb	perform an act, usually with a negative connotation
1140	corner	noun	a place off to the side of an area
1141	energy	noun	(physics) a thermodynamic quantity equivalent to the capacity of a physical system to do work; the units of energy are joules or ergs
1142	guilty	adj	responsible for or chargeable with a reprehensible act
1143	apart	adv	separated or at a distance in place or position or time
1144	bunch	noun	a grouping of a number of similar things
1145	empty	adj	holding or containing nothing
1146	jim		
1147	danger	noun	the condition of being susceptible to harm or injury
1148	ray	noun	a column of light (as from a beacon)
1149	west	noun	the countries of (originally) Europe and (now including) North America and South America
1150	sergeant	noun	any of several noncommissioned officer ranks in the Army or Air Force or Marines ranking above a corporal
1151	buck	verb	to strive with determination
1152	flight	noun	a formation of aircraft in flight
1153	weekend	noun	a time period usually extending from Friday night through Sunday; more loosely defined as any period of successive days including one and only one Sunday
1154	include	verb	have as a part, be made up out of
1155	upstairs	adv	on a floor above
1156	jimmy	verb	to move or force, especially in an effort to get something open; :
1157	twice	adv	two times
1158	heavy	adj	of comparatively great physical weight or density
1159	operation	noun	the state of being in effect or being operative
1160	indeed	adv	in truth (often tends to intensify)
1161	fellow	noun	a boy or man
1162	refuse	verb	show unwillingness towards
1163	claim	verb	assert or affirm strongly; state to be true or existing
1164	character	noun	an imaginary person represented in a work of fiction (play or film or story)
1165	opportunity	noun	a possibility due to a favorable combination of circumstances
1166	richard		
1167	knife	noun	edge tool used as a cutting instrument; has a pointed blade with a sharp edge and a handle
1168	load	noun	weight to be borne or conveyed
1169	apologize	verb	acknowledge faults or shortcomings or failing
1170	pregnant	adj	carrying developing offspring within the body or being about to produce new life
1171	recognize	verb	accept (someone) to be what is claimed or accept his power and authority
1172	local	adj	relating to or applicable to or concerned with the administration of a city or town or district rather than a larger area
1173	tony		
1174	wash	verb	clean with some chemical process
1175	fan	noun	a device for creating a current of air by movement of a surface or surfaces
1176	tape	noun	a long thin piece of cloth or paper as used for binding or fastening
1177	discover	verb	discover or determine the existence, presence, or fact of
1178	adam	noun	(Old Testament) in Judeo-Christian mythology; the first man and the husband of Eve and the progenitor of the human race
1179	silly	adj	ludicrous, foolish
1180	tooth	noun	hard bonelike structures in the jaws of vertebrates; used for biting and chewing or for attack and defense
1181	neck	noun	the part of an organism (human or animal) that connects the head to the rest of the body
1182	bathroom	noun	a room (as in a residence) containing a bathtub or shower and usually a washbasin and toilet
1183	speed	noun	distance travelled per unit time
1184	breakfast	noun	the first meal of the day (usually in the morning)
1185	deliver	verb	deliver (a speech, oration, or idea)
1186	excite	verb	arouse or elicit a feeling
1187	blind	adj	unable to see; --Kenneth Jernigan
1188	code	noun	a set of rules or principles or laws (especially written ones)
1189	above	adv	at an earlier place
1190	hiding	noun	the activity of keeping something secret
1191	focus	noun	the concentration of attention or energy on something
1192	steve		
1193	assume	verb	take to be the case or to be true; accept without verification or proof
1194	fresh	adj	recently made, produced, or harvested
1195	applause	noun	a demonstration of approval by clapping the hands together
1196	however	adv	despite anything to the contrary (usually following a concession)
1197	lift	verb	raise from a lower to a higher position
1198	cheat	verb	deprive somebody of something by deceit
1199	stole	noun	a wide scarf worn about their shoulders by women
1200	restaurant	noun	a building where people go to eat
1201	devil	noun	(Judeo-Christian and Islamic religions) chief spirit of evil and adversary of God; tempter of mankind; master of Hell
1202	skin	noun	a natural protective body covering and site of the sense of touch
1203	cousin	noun	the child of your aunt or uncle
1204	wild	adj	marked by extreme lack of restraint or control
1205	unit	noun	any division of quantity accepted as a standard of measurement or exchange
1206	cup	noun	a small open container usually used for drinking; usually has a handle
1207	beach	noun	an area of sand sloping down to the water of a sea or lake
1208	van	noun	any creative group active in the innovation and application of new concepts and techniques in a given field (especially in the arts)
1209	language	noun	a systematic means of communicating by the use of sounds or conventional symbols
1210	hall	noun	an interior passage or corridor onto which rooms open
1211	introduce	verb	cause to come to know personally
1212	itself		
1213	divorce	noun	the legal dissolution of a marriage
1214	beauty	noun	the qualities that give pleasure to the senses
1215	event	noun	something that happens at a given place and time
1216	cake	noun	a block of solid substance (such as soap or wax)
1217	project	noun	any piece of work that is undertaken or attempted
1218	bottom	noun	the lower side of anything
1219	damage	verb	harm or loss caused to something; also (verb) to cause such harm
1220	sarah	noun	(Old Testament) the wife of Abraham and mother of Isaac
1221	bite	verb	to grip, cut off, or tear with or as if with the teeth or jaws
1222	approach	verb	move towards
1223	dick	noun	someone who is a detective
1224	sight	noun	an instance of visual perception
1225	interview	verb	conduct an interview in television, newspaper, and radio reporting
1226	nature	noun	the essential qualities or characteristics by which something is recognized
1227	apparently	adv	from appearances alone; ; ; -Thomas Hardy
1228	coach	noun	(sports) someone in charge of training an athlete or a team
1229	chatter	noun	noisy talk
1230	mommy	noun	informal terms for a mother
1231	view	noun	a way of regarding situations or topics etc.
1232	pound	noun	16 ounces avoirdupois
1233	grace	noun	(Christian theology) a state of sanctification by God; the state of one who is under such divine influence
1234	fake	adj	fraudulent; having a misleading appearance
1235	extra	adj	more than is needed, desired, or required
1236	lee	noun	United States filmmaker whose works explore the richness of black culture in America (born in 1957)
1237	trial	noun	the act of testing something
1238	nurse	noun	one skilled in caring for young children or the sick (usually under the supervision of a physician)
1239	post	noun	the position where someone (as a guard or sentry) stands or is assigned to stand
1240	ridiculous	adj	inspiring scornful pity; - Dashiell Hammett
1241	simply	adv	and nothing more
1242	majesty	noun	impressiveness in scale or proportion
1243	dry	adj	free from liquid or moisture; lacking natural or normal moisture or depleted of water; or no longer wet
1244	crack	verb	become fractured; break or crack on the surface only
1245	billy	noun	a short stout club used primarily by policemen
1246	sweetheart	noun	a person loved by another person
1247	medical	adj	relating to the study or practice of medicine
1248	model	noun	a hypothetical description of a complex entity or process
1249	shame	noun	a painful emotion resulting from an awareness of inadequacy or guilt
1250	whom		
1251	commander	noun	an officer in command of a military unit
1252	famous	adj	widely known and esteemed
1253	nut	noun	usually large hard-shelled seed
1254	pig	noun	domestic swine
1255	asleep	adj	in a state of sleep
1256	command	noun	an authoritative direction or instruction to do something
1257	awful	adj	exceptionally bad or displeasing
1258	princess	noun	a female member of a royal family other than the queen (especially the daughter of a sovereign)
1259	bang	verb	strike violently
1260	goddamn	adj	used as expletives
1261	jane		
1262	faith	noun	a strong belief in a supernatural power or powers that control human destiny
1263	due	adj	owed and payable immediately or on demand
1264	chair	noun	a seat for one person, with a support for the back
1265	plenty	noun	a full supply
1266	program	noun	a series of steps to be carried out or goals to be accomplished
1267	willing	adj	disposed or inclined toward
1268	page	noun	one side of one leaf (of a book or magazine or newspaper or letter etc.) or the written or pictorial matter it contains
1269	excellent	adj	very good;of the highest quality
1270	fuckin		
1271	unite	verb	act in concert or unite in a common purpose or belief
1272	responsible	adj	worthy of or requiring responsibility or trust; or held accountable
1273	justice	noun	the quality of being just or fair
1274	military	adj	of or relating to the study of the principles of warfare
1275	main	adj	most important element
1276	common	adj	belonging to or participated in by a community as a whole; public
1277	hill	noun	a local and well-defined elevation of the land
1278	request	verb	express the need or desire for; ask for
1279	bless	verb	give a benediction to
1280	whoever		
1281	tight	adj	closely constrained or constricted or constricting
1282	minister	noun	a person authorized to conduct religious worship
1283	bridge	noun	a structure that allows people or vehicles to cross an obstacle such as a river or canal or railway etc.
1284	bullshit	verb	speak insincerely or without regard for facts or truths
1285	gate	noun	a movable barrier in a fence or wall
1286	remove	verb	remove something concrete, as by lifting, pushing, or taking off, or remove something abstract
1287	necessary	adj	absolutely essential
1288	although		
1289	rob	verb	take something away by force or without the consent of the owner
1290	breath	noun	the process of taking in and expelling air during breathing
1291	poison	noun	any substance that causes injury or illness or death of a living organism
1292	lesson	noun	a unit of instruction
1293	market	noun	the world of commercial activity where goods and services are bought and sold
1294	career	noun	the particular occupation for which you are trained
1295	emergency	noun	a sudden unforeseen crisis (usually involving danger) that requires immediate action
1296	clearly	adv	without doubt or question
1297	crew	noun	the men and women who man a vehicle (ship, aircraft, etc.)
1298	player	noun	a person who participates in or is skilled at some game
1299	shirt	noun	a garment worn on the upper half of the body
1300	johnny	noun	`Johnny' was applied as a nickname for Confederate soldiers by the Federal soldiers in the American Civil War; `greyback' derived from their grey Confederate uniforms
1301	artist	noun	a person whose creative work shows sensitivity and imagination
1302	size	noun	the physical magnitude of something (how big it is)
1303	tommy		
1304	inspector	noun	a high ranking police officer
1305	design	verb	make or work out a plan for; devise
1306	lover	noun	a person who loves someone or is loved by someone
1307	swim	verb	travel through water
1308	manager	noun	someone who controls resources and expenditures
1309	depend	verb	be contingent upon (something that is elided)
1310	threaten	verb	pose a threat to; present a danger to
1311	investigation	noun	an inquiry into unfamiliar or questionable activities
1312	national	adj	of or relating to or belonging to a nation or country
1313	several	adj	(used with count nouns) of an indefinite number more than 2 or 3 but not many
1314	process	noun	a particular course of action intended to achieve a result
1315	milk	noun	a white nutritious liquid secreted by mammals and used as food by human beings
1316	grandma	noun	the mother of your father or mother
1317	roger		
1318	east	adj	situated in or facing or moving toward the east
1319	celebrate	verb	behave as expected during of holidays or rites
1320	pardon	verb	accept an excuse for
1321	advice	noun	a proposal for an appropriate course of action
1322	dump	verb	throw away as refuse
1323	noise	noun	sound of any kind (especially unintelligible or dissonant sound)
1324	term	noun	a word or expression used for some particular thing
1325	rush	verb	move fast
1326	nor		
1327	drag	verb	pull, as against a resistance
1328	center	noun	an area that is approximately central within some larger region
1329	health	noun	a healthy state of wellbeing free from disease
1330	wave	noun	one of a series of ridges that moves across the surface of a liquid (especially across a large body of water)
1331	beyond	adv	farther along in space or time or degree
1332	grant	verb	let have
1333	example	noun	an item of information that is typical of a class or group
1334	hardly	adv	only a very short time before; ; ; ; ; - W.B.Yeats
1335	rat	noun	any of various long-tailed rodents similar to but larger than a mouse
1336	possibly	adv	by chance
1337	ought		
1338	eddie		
1339	strength	noun	the property of being physically or mentally strong
1340	somehow	adv	in some unspecified way or manner; or by some unspecified means
1341	opinion	noun	a personal belief or judgment that is not founded on proof or certainty
1342	jake		
1343	season	noun	a period of the year marked by special events or activities in some field
1344	female	noun	an animal that produces gametes (ova) that can be fertilized by male gametes (spermatozoa)
1345	affair	noun	a vaguely specified concern
1346	freedom	noun	the condition of being free; the power to act or speak or think without externally imposed restraints
1347	meat	noun	the flesh of animals (including fishes and birds and snails) used as food
1348	powerful	adj	having great power or force or potency or effect
1349	thief	noun	a criminal who takes property belonging to someone else with the intention of keeping it or selling it
1350	rent	noun	a payment or series of payments made by the lessee to an owner for use of some property, facility, equipment, or service
1351	century	noun	a period of 100 years
1352	martin	noun	French bishop who is a patron saint of France (died in 397)
1353	credit	noun	approval
1354	spread	verb	distribute or disperse widely
1355	super	adj	of the highest quality
1356	research	noun	systematic investigation to establish facts
1357	robert	noun	United States parliamentary authority and author (in 1876) of Robert's Rules of Order (1837-1923)
1358	natural	adj	in accordance with nature; relating to or concerning nature
1359	shock	noun	the feeling of distress and disbelief that you have when something bad happens accidentally
1360	signal	noun	any nonverbal action or gesture that encodes a message
1361	male	adj	being the sex (of plant or animal) that produces gametes (spermatozoa) that perform the fertilizing function in generation
1362	plus	noun	a useful or valuable quality
1363	click	verb	move or strike with a noise
1364	shower	noun	a plumbing fixture that sprays water over you
1365	loud	adj	characterized by or producing sound of great volume or intensity
1366	print	verb	put into print
1367	among		
1368	chris		
1369	switch	verb	a device for making, breaking or changing an electrical connection; to change over to something else
1370	bro		
1371	sword	noun	a cutting or thrusting weapon that has a long metal blade and a hilt with a hand guard
1372	pocket	noun	a small pouch inside a garment for carrying small articles
1373	science	noun	a particular branch of scientific knowledge
1374	heat	noun	a form of energy that is transferred by a difference in temperature
1375	towards		
1376	odd	adj	not divisible by two
1377	slip	verb	move stealthily
1378	responsibility	noun	the social force that binds you to the courses of action demanded by that force; ; - John D.Rockefeller Jr
1379	avoid	verb	stay clear from; keep away from; keep out of the way of someone or something
1380	lab	noun	a workplace for the conduct of scientific research
1381	alarm	noun	fear resulting from the awareness of danger
1382	aw		
1383	nearly	adv	(of actions or states) slightly short of or not quite accomplished; all but
1384	image	noun	an iconic mental representation
1385	solve	verb	find the solution to (a problem or question) or understand the meaning of
1386	games	noun	a contest with rules to determine a winner
1387	doc	noun	a licensed medical practitioner
1388	suicide	noun	the act of killing yourself
1389	effect	noun	a phenomenon that follows and is caused by some previous phenomenon
1390	regret	verb	feel remorse for; feel sorry for; be contrite about
1391	oil	noun	a slippery or viscous liquid or liquefiable substance not miscible with water
1392	horrible	adj	provoking horror; ; ; ; - Winston Churchill
1393	purpose	noun	an anticipated outcome that is intended or that guides your planned actions
1394	hook	verb	fasten with a hook
1395	subject	noun	the subject matter of a conversation or discussion
1396	france	noun	a republic in western Europe; the largest country wholly in Europe
1397	connect	verb	connect, fasten, or put together two or more pieces
1398	brown	adj	of a color similar to that of wood or earth
1399	provide	verb	give something useful or necessary to
1400	fantastic	adj	ludicrously odd
1401	creature	noun	a living organism characterized by voluntary movement
1402	prisoner	noun	a person who is confined; especially a prisoner of war
1403	earn	verb	earn on some commercial or business transaction; earn as salary or wages
1404	nonsense	noun	a message that seems to convey no meaning
1405	whistle	verb	make whistling sounds
1406	original	adj	preceding all others in time or being as first made or performed
1407	confuse	verb	mistake one thing for another
1408	weak	adj	wanting in physical strength
1409	audience	noun	a gathering of spectators or listeners at a (usually public) performance
1410	prefer	verb	like better; value more highly
1411	incredible	adj	beyond belief or understanding
1412	grandpa	noun	the father of your father or mother
1413	gather	verb	assemble or get together
1414	gang	noun	an association of criminals
1415	property	noun	something owned; any tangible or intangible possession that is owned by someone
1416	contract	noun	a binding agreement between two or more persons that is enforceable by law
1417	charles	noun	King of France from 1560 to 1574 whose reign was dominated by his mother Catherine de Medicis (1550-1574)
1418	chinese	adj	of or relating to China, its people or its culture; the language of China
1419	sweetie	noun	a person loved by another person
1420	truly	adv	in accordance with truth or fact or reality
1421	honestly	adv	(used as intensives reflecting the speaker's attitude) it is sincerely the case that
1422	society	noun	an extended social group having a distinctive cultural and economic organization
1423	bobby	noun	an informal term for a British policeman
1424	split	noun	extending the legs at right angles to the trunk (one in front and the other in back)
1425	repeat	verb	to say, state, or perform again
1426	whoo		
1427	perfectly	adv	completely and without qualification; used informally as intensifiers
1428	amy		
1429	plate	noun	(baseball) base consisting of a rubber slab where the batter stands; it must be touched by a base runner in order to score
1430	path	noun	a course of conduct
1431	papa	noun	an informal term for a father; probably derived from baby talk
1432	wing	noun	a movable organ for flying (one of a pair)
1433	onto		
1434	sheriff	noun	the principal law-enforcement officer in a county
1435	ugh		
1436	owner	noun	(law) someone who owns (is legal possessor of) a business
1437	connection	noun	a relation between things or events (as in the case of one causing the other or sharing features with it)
1438	shape	noun	any spatial attributes (especially as defined by outline)
1439	sport	noun	an active diversion requiring physical exertion and competition
1440	separate	adj	independent; not united or joint
1441	cream	noun	the best people or things in a group
1442	spring	noun	the season of growth
1443	bleed	verb	lose blood from one's body
1444	customer	noun	someone who pays for goods or services
1445	universe	noun	everything that exists anywhere
1446	birth	noun	the time when something begins (especially life)
1447	dumb	adj	slow to learn or understand; lacking intellectual acuity; ; ; - Thackeray
1448	dr		
1449	bath	noun	a vessel containing liquid in which something is immersed (as to process it or to maintain it at a constant temperature or to lubricate it)
1450	nowhere	adv	not anywhere; in or at or to no place
1451	kim		
1452	collect	verb	get or gather together
1453	demand	verb	request urgently and forcefully
1454	pal	noun	a close friend who accompanies his buddies in their activities
1455	harm	noun	any physical damage to the body caused by violence or accident or fracture etc.
1456	fella	noun	a boy or man
1457	storm	noun	a violent weather condition with winds 64-72 knots (11 on the Beaufort scale) and precipitation and thunder and lightning
1458	theory	noun	a well-substantiated explanation of some aspect of the natural world; an organized system of accepted knowledge that applies in a variety of circumstances to explain a specific set of phenomena
1459	jealous	adj	showing extreme cupidity; painfully desirous of another's advantages
1460	tip	noun	the extreme end of something; especially something pointed
1461	proof	noun	any factual evidence that helps to establish the truth of something
1462	comfortable	adj	providing or experiencing physical well-being or relief (`comfy' is informal)
1463	amount	noun	a quantity of money
1464	pool	noun	an excavation that is (usually) filled with water
1465	farm	noun	workplace consisting of farm buildings and cultivated land as a unit
1466	distance	noun	the property created by the space between two objects or points
1467	aye		
1468	jeff		
1469	afford	verb	be able to spare or give up
1470	deeply	adv	to a great depth psychologically
1471	babe	noun	a very young child (birth to 1 year) who has not yet begun to walk or talk
1472	total	adj	constituting the full quantity or extent; complete
1473	ho	noun	a trivalent metallic element of the rare earth group; occurs together with yttrium; forms highly magnetic compounds
1474	joy	noun	the emotion of great happiness
1475	unfortunately	adv	by bad luck
1476	trade	noun	the commercial exchange (buying and selling on domestic or international markets) of goods and services
1477	weight	noun	the vertical force exerted by a mass as a result of gravity
1478	speech	noun	the act of delivering a formal spoken communication to an audience
1479	seek	verb	try to get or reach
1480	snow	noun	precipitation falling from clouds in the form of ice crystals
1481	murderer	noun	a criminal who commits homicide (who performs the unlawful premeditated killing of another human being)
1482	lay	verb	put into a certain place or abstract location
1483	pair	noun	a set of two similar things considered as a unit
1484	usual	adj	occurring or encountered or experienced or observed frequently or in accordance with regular practice or procedure
1485	attempt	verb	make an effort to do or accomplish something
1486	horn	noun	a noisemaker (as at parties or games) that makes a loud noise when you blow through it
1487	cigarette	noun	finely ground tobacco wrapped in paper; for smoking
1488	aware	adj	(sometimes followed by `of') having or showing knowledge or understanding or realization or perception
1489	surely	adv	definitely or positively (`sure' is sometimes used informally for `surely')
1490	sin	noun	estrangement from god
1491	medicine	noun	the branches of medical science that deal with nonsurgical techniques
1492	coat	noun	an outer garment that has sleeves and covers the body from shoulder down; worn outdoors
1493	ugly	adj	displeasing to the senses
1494	confirm	verb	establish or strengthen as with new evidence or facts
1495	punch	verb	deliver a quick blow to
1496	score	noun	a number or letter indicating quality (especially of a student's performance)
1497	pill	noun	something that resembles a tablet of medicine in shape or size
1498	sunday	noun	first day of the week; observed as a day of rest and worship by most Christians
1499	wheel	noun	a simple machine consisting of a circular frame with spokes (or a solid disc) that can rotate on a shaft or axle (as in vehicles or other machines)
1500	climb	verb	go upward with gradual or continuous progress
1501	borrow	verb	get temporarily
1502	bust	verb	ruin completely
1503	surgery	noun	the branch of medical science that treats disease or injury by operative procedures
1504	flat	adj	having a surface without slope, tilt in which no part is higher or lower than another
1505	british	adj	of or relating to or characteristic of Great Britain or its people or culture
1506	dan		
1507	perform	verb	carry out or perform an action
1508	cheap	adj	relatively low in price or charging low prices
1509	direction	noun	a line leading to a place or point
1510	brave	adj	possessing or displaying courage; able to face and deal with danger or fear without flinching; - Herman Melville; - William Wordsworth
1511	social	adj	relating to human society and its members
1512	brilliant	adj	of surpassing excellence
1513	sale	noun	a particular instance of selling
1514	style	noun	how something is done or how it happens
1515	rip	verb	tear or be torn violently
1516	trace	verb	follow, discover, or ascertain the course of development of something
1517	desire	noun	the feeling that accompanies an unsatisfied state
1518	tire	noun	hoop that covers a wheel
1519	community	noun	a group of people living in a particular local area
1520	friday	noun	the sixth day of the week; the fifth working day
1521	desk	noun	a piece of furniture with a writing surface and usually drawers or other compartments
1522	access	noun	the right to enter
1523	ours		
1524	saturday	noun	the seventh and last day of the week; observed as the Sabbath by Jews and some Christians
1525	arrange	verb	put into a proper or systematic order
1526	garden	noun	a plot of ground where plants are cultivated
1527	kevin		
1528	mister	noun	a form of address for a man
1529	spell	noun	a psychological state induced by (or as if induced by) a magical incantation
1530	ancient	adj	belonging to times long past especially of the historical period before the fall of the Western Roman Empire
1531	value	noun	a numerical quantity measured or assigned or computed
1532	scare	verb	cause fear in
1533	ryan		
1534	anna	noun	a former copper coin of Pakistan and India
1535	direct	adj	direct in spatial dimensions; proceeding without deviation or interruption; straight and short
1536	lake	noun	a body of (usually fresh) water surrounded by land
1537	loss	noun	something that is lost
1538	chef	noun	a professional cook
1539	england	noun	a division of the United Kingdom
1540	soft	adj	yielding readily to pressure or weight
1541	meal	noun	the food served and eaten at one time
1542	priest	noun	a clergyman in Christian churches who has the authority to perform or administer various religious rites; one of the Holy Orders
1543	sacrifice	verb	give up or surrender something of value; endure the loss of it
1544	forest	noun	the trees and other plants in a large densely wooded area
1545	daniel	noun	(Old Testament) a youth who was taken into the court of Nebuchadnezzar and given divine protection when thrown into a den of lions (6th century BC)
1546	statement	noun	a message that is stated or declared; a communication (oral or written) setting forth particulars or facts etc
1547	kidnap	verb	take away to an undisclosed location against their will and usually in order to extract a ransom
1548	fate	noun	an event (or a course of events) that will inevitably happen in the future
1549	spy	noun	(military) a secret agent hired by a state to obtain information about its enemies or by a business to obtain industrial secrets from competitors
1550	lately	adv	in the recent past
1551	worker	noun	a person who works at a specific occupation
1552	lip	noun	either of two fleshy folds of tissue that surround the mouth and play a role in speaking
1553	limit	noun	the greatest possible degree of something
1554	tour	noun	a journey or route all the way around a particular place or area
1555	fancy	verb	imagine; conceive of; see in one's mind
1556	bright	adj	emitting or reflecting light readily or in large amounts
1557	whenever		
1558	lonely	adj	lacking companions or companionship
1559	staff	noun	personnel who assist their superior in carrying out an assigned task
1560	threat	noun	something that is a source of danger
1561	bike	noun	a motor vehicle with two wheels and a strong frame
1562	silence	noun	the state of being silent (as when no one is speaking)
1563	happiness	noun	state of well-being characterized by emotions ranging from contentment to intense joy
1564	eric		
1565	tiny	adj	very small
1566	handsome	adj	pleasing in appearance especially by reason of conformity to ideals of form and proportion; ; ; ; - Thackeray; - Lillian Hellman
1567	mayor	noun	the head of a city government
1568	indistinct	adj	not clearly defined or easy to perceive or understand
1569	deny	verb	declare untrue; contradict
1570	site	noun	the piece of land on which something is located (or is to be located)
1571	require	verb	require as useful, just, or proper
1572	supply	verb	give something useful or necessary to
1573	knee	noun	hinge joint in the human leg connecting the tibia and fibula with the femur and protected in front by the patella
1574	kinda	adv	to some (great or small) extent
1575	official	noun	a worker who holds or is invested with an office
1576	growl	verb	to utter or emit low dull rumbling sounds
1577	freeze	verb	change from liquid to solid by loss of heat; also stop moving suddenly
1578	lower	verb	move something or somebody to a lower position
1579	struggle	noun	an energetic attempt to achieve something
1580	square	noun	(geometry) a plane rectangle with four equal sides and four right angles; a four-sided regular polygon
1581	weather	noun	the atmospheric conditions that comprise the state of the atmosphere in terms of temperature and wind and clouds and precipitation
1582	nation	noun	a politically organized body of people under a single government
1583	holiday	noun	leisure time away from work devoted to rest or pleasure
1584	advance	noun	a movement forward
1585	thomas	noun	United States clockmaker who introduced mass production (1785-1859)
1586	professional	adj	engaged in a profession or engaging in as a profession or means of livelihood
1587	curse	verb	utter obscenities or profanities
1588	argue	verb	present reasons and arguments
1589	funeral	noun	a ceremony at which a dead person is buried or cremated
1590	defend	verb	argue or speak in defense of
1591	san		
1592	source	noun	the place where something begins, where it springs into being
1593	neighbor	noun	a person who lives (or is located) near another
1594	authority	noun	the power or right to give orders or make decisions
1595	recently	adv	in the recent past
1596	roof	noun	a protective covering that covers or forms the top of a building
1597	clock	noun	a timepiece that shows the time of day
1598	transfer	noun	the act of moving something from one location to another
1599	slowly	adv	without speed (`slow' is sometimes used informally for `slowly')
1600	spanish	noun	the Romance language spoken in most of Spain and the countries colonized by Spain
1601	journey	noun	the act of traveling from one place to another
1602	loose	adj	not compact or dense in structure or arrangement
1603	ocean	noun	a large body of water constituting a principal part of the hydrosphere
1604	sugar	noun	a white crystalline carbohydrate used as a sweetener and preservative
1605	map	noun	a diagrammatic representation of the earth's surface (or part of it)
1606	al	noun	a silvery ductile metallic element found primarily in bauxite
1607	abandon	verb	forsake, leave behind
1608	degree	noun	a position on a scale of intensity or amount or quality
1609	shoulder	noun	the part of the body between the neck and the upper arm
1610	spare	verb	extra, kept in reserve; to refrain from harming
1611	liar	noun	a person who has lied or who lies repeatedly
1612	easily	adv	with ease (`easy' is sometimes used informally for `easily')
1613	rescue	verb	free from harm or evil
1614	intend	verb	have in mind as a purpose
1615	insane	adj	afflicted with or characteristic of mental derangement
1616	wet	adj	covered or soaked with a liquid such as water
1617	success	noun	an event that accomplishes its intended purpose
1618	scott	noun	award-winning United States film actor (1928-1999)
1619	actor	noun	a theatrical performer
1620	toilet	noun	a room or building equipped with one or more toilets
1621	giant	adj	of great mass; huge and bulky
1622	stomach	noun	an enlarged and muscular saclike organ of the alimentary canal; the principal organ of digestion
1623	reality	noun	all of your experiences that determine how things appear to you
1624	castle	noun	a large and stately mansion
1625	basically	adv	in essence; at bottom or by one's (or its) very nature
1626	chest	noun	the part of the human torso between the neck and the diaphragm or the corresponding part in other vertebrates
1627	winter	noun	the coldest season of the year; in the northern hemisphere it extends from the winter solstice to the vernal equinox
1628	nope		
1629	assistant	noun	a person who contributes to the fulfillment of a need or furtherance of an effort or purpose
1630	tongue	noun	a mobile mass of muscular tissue covered with mucous membrane and located in the oral cavity
1631	sentence	noun	a string of words satisfying the grammatical rules of a language
1632	monkey	noun	any of various long-tailed primates (excluding the prosimians)
1633	russian	adj	of or pertaining to or characteristic of Russia or its people or culture or language
1634	desert	verb	leave someone who needs or counts on you; leave in the lurch
1635	buzz	verb	make a buzzing sound
1636	nail	verb	attach something somewhere by means of nails
1637	ohh		
1638	medium	noun	a means or instrumentality for storing or communicating information
1639	naked	adj	completely unclothed
1640	cure	verb	provide a cure for, make healthy again
1641	whore	noun	a woman who engages in sexual intercourse for money
1642	alien	adj	not contained in or deriving from the essential nature of something
1643	pete		
1644	ed	noun	impotence resulting from a man's inability to have or maintain an erection of his penis
1645	disgust	noun	strong feelings of dislike
1646	shadow	noun	shade within clear boundaries
1647	telephone	noun	electronic equipment that converts sound into electrical signals that can be transmitted over distances and then converts received signals back into sounds
1648	jerk	verb	pull, or move with a sudden movement
1649	mood	noun	a characteristic (habitual or relatively temporary) state of feeling
1650	nah		
1651	shift	verb	make a shift in or exchange of
1652	dish	noun	a piece of dishware normally used as a container for holding or serving food
1653	kate		
1654	wolf	noun	any of various predatory carnivorous canine mammals of North America and Eurasia that usually hunt in packs
1655	cow	noun	female of domestic cattle:
1656	bedroom	noun	a room used primarily for sleeping
1657	cancel	verb	postpone indefinitely or annul something that was scheduled
1658	safety	noun	the state of being certain that adverse effects will not be caused by some agent under defined conditions
1659	location	noun	a point or extent in space
1660	genius	noun	someone who has exceptional intellectual ability and originality
1661	cheese	noun	a solid food prepared from the pressed curd of milk
1662	fbi	noun	a federal law enforcement agency that is the principal investigative arm of the Department of Justice
1663	disease	noun	an impairment of health or a condition of abnormal functioning
1664	insist	verb	be emphatic or resolute and refuse to budge
1665	develop	verb	make something new, such as a product or a mental or artistic creation
1666	circle	noun	ellipse in which the two axes are of equal length; a plane curve generated by one point moving at a constant distance from a fixed point
1667	secretary	noun	a person who is head of an administrative department of government
1668	dave		
1669	newspaper	noun	a daily or weekly publication on folded sheets; contains news and articles and advertisements
1670	tall	adj	great in vertical dimension; high in stature
1671	brian		
1672	bark	noun	tough protective covering of the woody stems and roots of trees and other woody plants
1673	football	noun	any of various games played with a ball (round or oval) in which two teams try to kick or carry or propel the ball into each other's goal
1674	simon	noun	one of the twelve Apostles (first century)
1675	inform	verb	impart knowledge of some fact, state or affairs, or event to
1676	miracle	noun	any amazing or wonderful occurrence
1677	object	noun	a tangible and visible entity; an entity that can cast a shadow
1678	thought	noun	the content of cognition; the main thing you are thinking about
1679	maria	noun	a dark region of considerable extent on the surface of the moon
1680	schedule	verb	plan for an activity or event
1681	fortune	noun	an unknown and unpredictable phenomenon that causes an event to result one way rather than another
1682	gosh		
1683	william		
1684	outta		
1685	japanese	adj	of or relating to or characteristic of Japan or its people or their culture or language
1686	university	noun	the body of faculty and students at a university
1687	gunshot	noun	the act of shooting a gun
1688	sudden	adj	happening without warning or in a short space of time
1689	bleep	noun	a short high tone produced as a signal or warning
1690	defense	noun	(military) military action or resources protecting a country against potential enemies
1691	rough	adj	having or caused by an irregular surface
1692	larry		
1693	accuse	verb	bring an accusation against; level a charge against
1694	vehicle	noun	a conveyance that transports people or objects
1695	effort	noun	earnest and conscientious activity intended to do or accomplish something
1696	bug	noun	general term for any insect or similar creeping or crawling invertebrate
1697	winner	noun	the contestant who wins the contest
1698	ill	adj	affected by an impairment of normal physical or mental function
1699	option	noun	the right to buy or sell property at an agreed price; the right is purchased and if it is not exercised by a stated date the money is forfeited
1700	cos	noun	ratio of the adjacent side to the hypotenuse of a right-angled triangle
1701	chip	noun	a small fragment of something broken off from the whole
1702	produce	verb	bring forth or yield
1703	personally	adv	as yourself
1704	exciting	adj	creating or arousing excitement
1705	bread	noun	food made from dough of flour or meal and usually raised with yeast or baking powder and then baked
1706	chain	noun	a series of things depending on each other as if linked together
1707	disturb	verb	move deeply
1708	wire	noun	ligament made of metal and used to fasten things or make cages or fences etc
1709	permission	noun	approval to do something
1710	seal	noun	fastener consisting of a resinous composition that is plastic when warm; used for sealing documents and parcels and letters
1711	jerry	noun	offensive term for a person of German descent
1712	expensive	adj	high in price or charging high prices
1713	ignore	verb	refuse to acknowledge
1714	barely	adv	only a very short time before; ; ; ; ; - W.B.Yeats
1715	diamond	noun	a transparent piece of diamond that has been cut and polished and is valued as a precious gem
1716	engage	verb	carry out or participate in an activity; be involved in
1717	yard	noun	a unit of length equal to 3 feet; defined as 91.44 centimeters; originally taken to be the average length of a stride
1718	betray	verb	reveal unintentionally
1719	goin		
1720	role	noun	the actions and activities assigned to or required or expected of a person or group
1721	andy		
1722	legal	adj	established by or founded upon law or official or accepted rules
1723	santa	noun	the legendary patron saint of children; an imaginary being who is thought to bring presents to children at Christmas
1724	jason	noun	(Greek mythology) the husband of Medea and leader of the Argonauts who sailed in quest of the Golden Fleece
1725	revenge	noun	action taken in return for an injury or offense
1726	walter	noun	German conductor (1876-1962)
1727	competition	noun	a business relation in which two parties compete to gain customers
1728	mystery	noun	something that baffles understanding and cannot be explained
1729	slave	noun	a person who is owned by someone
1730	describe	verb	give a description of
1731	skill	noun	an ability that has been acquired by training
1732	likely	adj	has a good chance of being the case or of coming about
1733	grandfather	noun	the father of your father or mother
1734	talent	noun	natural abilities or qualities
1735	sue	verb	institute legal proceedings against; file a suit against
1736	investigate	verb	investigate scientifically
1737	airport	noun	an airfield equipped with control tower and hangars as well as accommodations for passengers and cargo
1738	cancer	noun	any malignant growth or tumor caused by abnormal and uncontrolled cell division; it may spread to other parts of the body through the lymphatic system or the blood stream
1739	foreign	adj	of concern to or concerning the affairs of other nations (other than your own)
1740	attorney	noun	a professional person authorized to practice law; conducts lawsuits or gives legal advice
1741	material	noun	the tangible substance that goes into the makeup of a physical object
1742	crush	verb	come down on or keep down by unjust use of one's authority
1743	mirror	noun	polished surface that forms images by reflecting light
1744	button	noun	a round fastener sewn to shirts and coats etc to fit through buttonholes
1745	matt	noun	the property of having little or no contrast; lacking highlights or gloss
1746	temple	noun	place of worship consisting of an edifice for the worship of a deity
1747	obvious	adj	easily perceived by the senses or grasped by the mind
1748	christian	adj	relating to or characteristic of Christianity
1749	te	noun	a brittle silver-white metalloid element that is related to selenium and sulfur; it is used in alloys and as a semiconductor; occurs mainly as tellurides in ores of copper and nickel and silver and gold
1750	smith	noun	Rhodesian statesman who declared independence of Zimbabwe from Great Britain (born in 1919)
1751	witch	noun	a female sorcerer or magician
1752	tim		
1753	reveal	verb	make visible
1754	goodness	noun	that which is pleasing or valuable or useful
1755	quarter	noun	one of four equal parts
1756	cast	verb	put or send forth
1757	alan		
1758	chocolate	noun	a beverage made from cocoa powder and milk and sugar; usually drunk hot
1759	royal	adj	of or relating to or indicative of or issued or performed by a king or queen or other monarch
1760	expert	noun	a person with special knowledge or ability who performs skillfully
1761	text	noun	the words of something written
1762	wrap	verb	arrange or fold as a cover or protection
1763	capture	verb	succeed in representing or expressing something intangible
1764	europe	noun	the 2nd smallest continent (actually a vast peninsula of Eurasia); the British use `Europe' to refer to all of the continent except the British Isles
1765	re	noun	a rare heavy polyvalent metallic element that resembles manganese chemically and is used in some alloys; is obtained as a by-product in refining molybdenum
1766	honour	noun	the state of being honored
1767	chick	noun	young bird especially of domestic fowl
1768	da	noun	an official prosecutor for a judicial district
1769	uniform	noun	clothing of distinctive design worn by members of a particular group as a means of identification
1770	italian	adj	of or pertaining to or characteristic of Italy or its people or culture or language
1771	demon	noun	an evil supernatural being
1772	traffic	noun	the aggregation of things (pedestrians or vehicles) coming and going in a particular locality during a specified period of time
1773	reporter	noun	a person who investigates and reports or edits news stories
1774	treasure	noun	accumulated wealth in the form of money or jewels etc.
1775	motherfucker	noun	insulting terms of address for people who are stupid or irritating or ridiculous
1776	dna	noun	(biochemistry) a long linear polymer found in the nucleus of a cell and formed from nucleotides and shaped like a double helix; associated with the transmission of genetic information
1777	represent	verb	take the place of or be parallel or equivalent to
1778	lisa		
1779	tank	noun	an enclosed armored military vehicle; has a cannon and moves on caterpillar treads
1780	clue	noun	a slight indication
1781	emily		
1782	jacket	noun	a short coat
1783	snake	noun	limbless scaly elongate reptile; some are venomous
1784	complain	verb	express complaints, discontent, displeasure, or unhappiness
1785	grade	noun	a body of students who are taught together
1786	romantic	adj	belonging to or characteristic of Romanticism or the Romantic Movement in the arts
1787	dragon	noun	a creature of Teutonic mythology; usually represented as breathing fire and having a reptilian body and sometimes wings
1788	particular	adj	unique or specific to a person or thing or category
1789	appointment	noun	the act of putting a person into a non-elective position
1790	silver	adj	a soft white precious metal used in coins and jewellery; made of silver
1791	march	verb	the month after February; to walk with regular measured steps, as in a procession
1792	madame	noun	title used for a married Frenchwoman
1793	complicated	adj	difficult to analyze or understand
1794	iron	noun	a heavy ductile magnetic metallic element; is silver-white in pure form but readily rusts; used in construction and tools and armament; plays a role in the transport of oxygen by the blood
1795	pity	noun	a feeling of sympathy and sorrow for the misfortunes of others
1796	pizza	noun	Italian open pie made of thin bread dough spread with a spiced mixture of e.g. tomato sauce and cheese
1797	downstairs	adv	on a floor below
1798	magazine	noun	a periodic publication containing pictures and stories and articles of interest to those who purchase it or subscribe to it
1799	factory	noun	a plant consisting of one or more buildings with facilities for manufacturing
1800	higher	adj	advanced in complexity or elaboration
1801	familiar	adj	well known or easily recognized
1802	loser	noun	a contestant who loses the contest
1803	kelly	noun	United States circus clown (1898-1979)
1804	alice		
1805	behave	verb	behave in a certain manner; show a certain behavior; conduct or comport oneself
1806	wipe	verb	rub with a circular motion
1807	rachel	noun	(Old Testament) the second wife of Jacob and mother of Joseph and Benjamin
1808	scientist	noun	a person with advanced knowledge of one or more sciences
1809	bowl	noun	a round vessel that is open at the top; used chiefly for holding food or liquids
1810	insurance	noun	promise of reimbursement in the case of loss; paid to people or companies so concerned about hazards that they have made prepayments to an insurance company
1811	toy	noun	an artifact designed to be played with
1812	period	noun	an amount of time
1813	regular	adj	in accordance with fixed order or procedure or principle
1814	rate	noun	a magnitude or frequency relative to a time unit
1815	political	adj	involving or characteristic of politics or parties or politicians; - Daniel Goleman
1816	rap	verb	strike sharply
1817	license	noun	a legal document giving official permission to do something
1818	cloud	noun	any collection of particles (e.g., smoke or dust) or gases that is visible
1819	jury	noun	a body of citizens sworn to give a true verdict according to the evidence presented in a court of law
1820	citizen	noun	a native or naturalized member of a state or other political community
1821	laura		
1822	torture	verb	torment emotionally or mentally
1823	impress	verb	have an emotional or cognitive impact upon
1824	scary	adj	provoking fear terror
1825	tail	noun	the posterior part of the body of a vertebrate especially when elongated and extending beyond the trunk or main part of the body
1826	sink	verb	to fall or descend to a lower level; a basin with a drainpipe fixed to a wall or floor
1827	china	noun	a communist nation that covers a vast territory in eastern Asia; the most populous country in the world
1828	fry	verb	be excessively hot
1829	pilot	noun	someone who is licensed to operate an aircraft in flight
1830	delicious	adj	greatly pleasing or entertaining
1831	proper	adj	marked by suitability or rightness or appropriateness
1832	punish	verb	impose a penalty on; inflict punishment on
1833	defeat	verb	win a victory over
1834	rome	noun	capital and largest city of Italy; on the Tiber; seat of the Roman Catholic Church; formerly the capital of the Roman Republic and the Roman Empire
1835	hug	verb	squeeze (someone) tightly in your arms, usually with fondness
1836	lad	noun	a boy or man
1837	advantage	noun	the quality of having a superior or more favorable position
1838	studio	noun	workplace for the teaching or practice of an art
1839	boot	noun	footwear that covers the whole foot and lower leg
1840	debt	noun	the state of owing something (especially money)
1841	knowledge	noun	the psychological result of perception and learning and reasoning
1842	guarantee	verb	give a firm assurance that something will be done; a written assurance of this
1843	eventually	adv	after an unspecified period of time or an especially long delay
1844	positive	adj	characterized by or displaying affirmation or acceptance or certainty etc.
1845	ashame		
1846	gut	noun	the part of the alimentary canal between the stomach and the anus
1847	edge	noun	the boundary of a surface
1848	goal	noun	the state of affairs that a plan is intended to achieve and that (when achieved) terminates behavior intended to achieve it
1849	beast	noun	a living organism characterized by voluntary movement
1850	tower	noun	a structure taller than its diameter; can stand alone or be attached to a larger building
1851	increase	verb	become bigger or greater in amount
1852	datum	noun	an item of factual information derived from measurement or research
1853	carefully	adv	taking care or paying attention
1854	per		
1855	link	verb	make a logical or causal connection
1856	adult	noun	a fully developed person from maturity onward
1857	lack	noun	the state of needing something that is absent or unavailable
1858	confess	verb	confess to a punishable or reprehensible deed, usually under pressure
1859	dawn	noun	the first light of day
1860	doin		
1861	vacation	noun	leisure time away from work devoted to rest or pleasure
1862	butt	verb	lie adjacent to another or share a boundary
1863	siren	noun	a sea nymph (part woman and part bird) supposed to lure sailors to destruction on the rocks where the nymphs lived
1864	mail	verb	letters and packages carried by the postal service; to send something this way
1865	victory	noun	a successful ending of a struggle or contest
1866	treatment	noun	care provided to improve a situation (especially medical procedures or applications that are intended to relieve illness or injury)
1867	useless	adj	having no beneficial use or incapable of functioning usefully
1868	pour	verb	cause to run
1869	nerve	noun	any bundle of nerve fibers running to various organs and tissues of the body
1870	disappoint	verb	fail to meet the hopes or expectations of
1871	performance	noun	a dramatic or musical entertainment
1872	apple	noun	fruit with red or yellow or green skin and sweet to tart crisp whitish flesh
1873	exchange	noun	chemical process in which one atom or ion or group changes places with another
1874	identify	verb	recognize as being; establish the identity of someone or something
1875	television	noun	broadcasting visual images of stationary or moving objects; ;  - Ernie Kovacs
1876	duck	verb	a broad-billed web-footed swimming bird; to move the head or body quickly downwards
1877	nightmare	noun	a situation resembling a terrifying dream
1878	grave	noun	death of a person
1879	movement	noun	a change of position that does not entail a change of location
1880	neighborhood	noun	a surrounding or nearby region
1881	union	noun	an organization of employees formed to bargain with the employer
1882	panic	noun	an overwhelming feeling of fear and anxiety
1883	tap	verb	cut a female screw thread with a tap
1884	replace	verb	substitute a person or thing for (another that is broken or inefficient or lost or no longer working or yielding what is expected)
1885	hm	noun	a metric unit of length equal to 100 meters
1886	affect	verb	have an effect upon
1887	firm	noun	the members of a business organization that owns or operates one or more establishments
1888	palace	noun	a large and stately mansion
1889	sexy	adj	marked by or tending to arouse sexual desire or interest
1890	writer	noun	writes (books or stories or articles or the like) professionally (for pay)
1891	awake	adj	not in a state of sleep; completely conscious
1892	apply	verb	put into service; make work or employ for a particular purpose or for its inherent or natural purpose
1893	badly	adv	to a severe or serious degree
1894	clever	adj	showing self-interest and shrewdness in dealing with others
1895	mask	noun	a covering to disguise or conceal the face
1896	assure	verb	make certain of
1897	boom	verb	make a resonant sound, like artillery
1898	document	noun	writing that provides information (especially information of an official nature)
1899	drown	verb	cover completely or make imperceptible
1900	attend	verb	be present at (meetings, church services, university), etc.
1901	golden	adj	having the deep slightly brownish color of gold
1902	mercy	noun	leniency and compassion shown toward offenders by a person or agency charged with administering justice
1903	reward	noun	a recompense for worthy acts or retribution for wrongdoing
1904	gain	verb	obtain or get; an increase in amount
1905	soup	noun	liquid food especially of meat or fish or vegetable stock often containing pieces of solid food
1906	realise	verb	earn on some commercial or business transaction; earn as salary or wages
1907	photograph	noun	a representation of a person or scene in the form of a print or transparent slide; recorded by a camera on light-sensitive material
1908	explosion	noun	a violent release of energy caused by a chemical or nuclear reaction
1909	vision	noun	a vivid mental image
1910	yellow	adj	of the color intermediate between green and orange in the color spectrum; of something resembling the color of an egg yolk
1911	screen	noun	a white or silvered surface where pictures can be projected for viewing
1912	sexual	adj	of or relating to or characterized by sexuality
1913	arthur	noun	elected vice president and became 21st President of the United States when Garfield was assassinated (1830-1886)
1914	wherever	adv	where in the world
1915	row	noun	an arrangement of objects or people side by side in a line
1916	experiment	noun	the act of conducting a controlled test or investigation
1917	penny	noun	a fractional monetary unit of Ireland and the United Kingdom; equal to one hundredth of a pound
1918	comrade	noun	a friend who is frequently in the company of another
1919	swing	verb	move in a curve or arc, usually with the intent of hitting
1920	regard	verb	deem to be
1921	shot	noun	the act of firing a projectile
1922	bond	noun	an electrical force linking atoms
1923	pie	noun	dish baked in pastry-lined pan often with a pastry top
1924	lucy	noun	incomplete skeleton of female found in eastern Ethiopia in 1974
1925	phil		
1926	chat	verb	talk socially without exchanging too much information
1927	council	noun	a body serving in an administrative capacity
1928	rope	noun	a strong line
1929	taxi	noun	a car driven by a person whose job is to take passengers where they want to go in exchange for money
1930	metal	noun	any of several chemical elements that are usually shiny solids that conduct heat or electricity and can be formed into sheets etc.
1931	fruit	noun	the ripened reproductive body of a seed plant
1932	surround	verb	extend on all sides of simultaneously; encircle
1933	healthy	adj	having or indicating good health in body or mind; free from infirmity or disease
1934	interrupt	verb	make a break in
1935	zero	noun	a quantity of no importance
1936	scratch	verb	an abraded area where the skin is torn or worn off
1937	servant	noun	a person working in the service of another (especially in the household)
1938	determine	verb	establish after a calculation, investigation, experiment, survey, or study
1939	courage	noun	a quality of spirit that enables you to face danger or pain without showing fear
1940	rick	noun	a painful muscle spasm especially in the neck or back (`rick' and `wrick' are British)
1941	indian	noun	a member of the race of people living in America when Europeans arrived
1942	stab	verb	use a knife on
1943	surface	noun	the outer boundary of an artifact or a material layer constituting or resembling such a boundary
1944	emma		
1945	grandmother	noun	the mother of your father or mother
1946	doll	noun	a small replica of a person; used as a toy
1947	monday	noun	the second day of the week; the first working day
1948	jenny	noun	United States architect who designed the first skyscraper in which a metal skeleton was used (1832-1907)
1949	physical	adj	involving the body as distinguished from the mind or spirit
1950	recover	verb	get or find back; recover the use of
1951	hunter	noun	someone who hunts game
1952	carl		
1953	piano	noun	a keyboard instrument that is played by depressing keys that cause hammers to strike tuned strings and produce sounds
1954	annie		
1955	device	noun	an instrumentality invented for a particular purpose
1956	candy	noun	a rich sweet made of flavored sugar and often combined with fruit or nuts
1957	below	adv	in or to a place that is lower
1958	secure	verb	get by special effort
1959	chuck	verb	throw carelessly
1960	mass	noun	the property of a body that causes it to have weight in a gravitational field
1961	pot	noun	metal or earthenware cooking vessel that is usually round and deep; often has a handle and lid
1962	midnight	noun	12 o'clock at night; the middle of the night
1963	snap	verb	utter in an angry, sharp, or abrupt tone
1964	launch	verb	set up or found
1965	pure	adj	free of extraneous elements of any kind
1966	india	noun	a republic in the Asian subcontinent in southern Asia; second most populous country in the world; achieved independence from the United Kingdom in 1947
1967	aside	adv	on or to one side
1968	governor	noun	the head of a state government
1969	scoff	verb	laugh at with contempt and derision
1970	jean	noun	(usually plural) close-fitting trousers of heavy denim for manual work or casual wear
1971	wide	adj	having great (or a certain) extent from one side to the other
1972	gary	noun	a city in northwest Indiana on Lake Michigan; steel production
1973	embarrass	verb	cause to be embarrassed; cause to feel self-conscious
1974	violence	noun	an act of aggression (as one against a person who resists)
1975	dust	noun	fine powdery material such as dry earth or pollen that can be blown about in the air
1976	leo	noun	(astrology) a person who is born while the sun is in Leo
1977	operate	verb	direct or control; projects, businesses, etc.
1978	modern	adj	belonging to the modern era; since the Middle Ages
1979	friendship	noun	the state of being friends (or friendly)
1980	luke	noun	(New Testament) the Apostle closely associated with St. Paul and traditionally assumed to be the author of the third Gospel
1981	pride	noun	a feeling of self-respect and personal worth
1982	prime	adj	first in rank or degree
1983	heh		
1984	toast	noun	slices of bread that have been toasted
1985	flow	noun	the motion characteristic of fluids (liquids or gases)
1986	insult	verb	treat, mention, or speak to rudely
1987	section	noun	a self-contained part of a larger composition (written or musical)
1988	sandwich	noun	two (or more) slices of bread with a filling between them
1989	stress	noun	the relative prominence of a syllable or musical note (especially with regard to stress or pitch)
1990	fund	noun	a reserve of money set aside for some purpose
1991	spin	verb	revolve quickly and repeatedly around one's own axis
1992	ability	noun	the quality of being able to perform; a quality that permits or facilitates achievement or accomplishment
1993	available	adj	obtainable or accessible and ready for use or service
1994	prayer	noun	the act of communicating with a deity (especially as a petition or in adoration or contrition or thanksgiving)
1995	central	adj	serving as an essential component
1996	theme	noun	the subject matter of a conversation or discussion
1997	bride	noun	a woman who has recently been married
1998	claire		
1999	fre		
2000	dozen	noun	the cardinal number that is the sum of eleven and one
2001	washington	noun	the capital of the United States in the District of Columbia and a tourist mecca; George Washington commissioned Charles L'Enfant to lay out the city in 1791
2002	protection	noun	the activity of protecting someone or something
2003	stock	noun	the capital raised by a corporation through the issue of shares entitling holders to an ownership interest (equity)
2004	technology	noun	the practical application of science to commerce or industry
2005	incident	noun	a single distinct event
2006	guide	verb	direct the course; determine the direction of travelling
2007	border	noun	a line that indicates a boundary
2008	lion	noun	large gregarious predatory feline of Africa and India having a tawny coat with a shaggy mane in the male
2009	illegal	adj	prohibited by law or by official or accepted rules
2010	generation	noun	all the people living at the same time or of approximately the same age
2011	sample	noun	a small part of something intended as representative of the whole
2012	solution	noun	a homogeneous mixture of two or more substances; frequently (but not necessarily) a liquid solution
2013	starve	verb	be hungry; go without food
2014	compare	verb	examine and note the similarities or differences of
2015	troop	noun	a group of soldiers
2016	billion	adj	denoting a quantity consisting of one thousand million items or units in the United States
2017	carter	noun	Englishman and Egyptologist who in 1922 discovered and excavated the tomb of Tutankhamen (1873-1939)
2018	assault	verb	attack someone physically or emotionally
2019	grateful	adj	feeling or showing gratitude
2020	route	noun	an established line of travel or access
2021	extremely	adv	to a high degree or extent; favorably or with much respect
2022	blast	verb	make a strident sound
2023	express	verb	give expression to
2024	capable	adj	(usually followed by `of') having capacity or ability
2025	progress	noun	gradual improvement or growth or development
2026	zone	noun	a locally circumscribed place characterized by some distinctive features
2027	saint	noun	a person who has died and has been declared a saint by canonization
2028	bind	verb	stick to firmly
2029	frighten	verb	cause fear in
2030	louis	noun	United States prizefighter who was world heavyweight champion for 12 years (1914-1981)
2031	literally	adv	in a literal sense
2032	junior	noun	term of address for a disrespectful and annoying male
2033	bull	noun	uncastrated adult male of domestic cattle
2034	campaign	noun	a race between candidates for elective office
2035	josh	verb	be silly or tease one another
2036	sweat	noun	salty fluid secreted by sweat glands
2037	unbelievable	adj	beyond belief or understanding
2038	dean	noun	an administrator in charge of a division of a university or college
2039	warrant	verb	show to be reasonable or provide adequate ground for
2040	circumstance	noun	a condition that accompanies or influences some event or activity
2041	curious	adj	beyond or deviating from the usual or expected
2042	sean		
2043	cough	verb	exhale abruptly, as when one has a chest cold or congestion
2044	stink	verb	be extremely bad in quality or in one's performance
2045	flash	verb	gleam or glow intermittently
2046	subtitle	verb	translation of foreign dialogue of a movie or TV program; usually displayed at the bottom of the screen
2047	prize	noun	something given for victory or superiority in a contest or competition or for winning a lottery
2048	susan		
2049	juice	noun	the liquid part that can be extracted from plant or animal tissue by squeezing or cooking
2050	ahh		
2051	former	adj	referring to the first of two things or persons mentioned (or the earlier one or ones of several)
2052	loan	noun	the temporary provision of money (usually at interest)
2053	dramatic	adj	suitable to or characteristic of drama
2054	crown	verb	invest with regal power; enthrone
2055	apology	noun	an expression of regret at having caused trouble for someone
2056	cab	noun	a compartment at the front of a motor vehicle or locomotive where driver sits
2057	hank	noun	a coil of rope or wool or yarn
2058	decent	adj	socially or conventionally correct; refined or virtuous
2059	senior	noun	an undergraduate student during the year preceding graduation
2060	wise	adj	having or prompted by wisdom or discernment
2061	whisper	verb	speak softly; in a low voice
2062	possibility	noun	a future prospect or potential
2063	desperate	adj	arising from or marked by despair or loss of hope
2064	channel	noun	a path over which electrical signals can pass
2065	pen	noun	a writing implement with a point from which ink flows
2066	screech	verb	make a high-pitched, screeching noise
2067	properly	adv	in the right manner
2068	mostly	adv	in large part; mainly or chiefly
2069	product	noun	commodities offered for sale
2070	smash	verb	hit hard
2071	directly	adv	without deviation
2072	measure	verb	determine the measurements of something or somebody, take measurements of
2073	false	adj	not in accordance with the fact or reality or actuality
2074	coast	noun	the shore of a sea or ocean
2075	silent	adj	marked by absence of sound
2076	thou	noun	the cardinal number that is the product of 10 and 100
2077	twenty	adj	denoting a quantity consisting of 20 items or units
2078	germany	noun	a republic in central Europe; split into East Germany and West Germany after World War II and reunited in 1990
2079	andrew	noun	(New Testament) disciple of Jesus; brother of Peter; patron saint of Scotland
2080	range	noun	an area in which something acts or operates or has power or control:
2081	vampire	noun	(folklore) a corpse that rises at night to drink the blood of the living
2082	colleague	noun	an associate that one works with
2083	africa	noun	the second largest continent; located to the south of Europe and bordered to the west by the South Atlantic and to the east by the Indian Ocean
2084	intelligence	noun	the ability to comprehend; to understand and profit from experience
2085	warrior	noun	someone engaged in or experienced in warfare
2086	respond	verb	show a response or a reaction to something
2087	article	noun	nonfictional prose forming an independent part of a publication
2088	popular	adj	regarded with great favor, approval, or affection especially by the general public
2089	trash	noun	worthless material that is to be disposed of
2090	exhale	verb	expel air
2091	agency	noun	an administrative unit of government
2092	announcer	noun	someone who proclaims a message publicly
2093	tiger	noun	a fierce or audacious person
2094	episode	noun	a happening that is distinctive in a series of related events
2095	champagne	noun	a white sparkling wine either produced in Champagne or resembling that produced there
2096	kyle		
2097	someday	adv	some unspecified time in the future
2098	chop	verb	cut into pieces
2099	presence	noun	the state of being present; current existence
2100	internet	noun	a computer network consisting of a worldwide network of computer networks that use the TCP/IP network protocols to facilitate data transmission and exchange
2101	occur	verb	come to pass
2102	monsieur	noun	used as a French courtesy title; equivalent to English `Mr'
2103	elevator	noun	lifting device consisting of a platform or cage that is raised and lowered mechanically in a vertical shaft in order to move people from one floor to another in a building
2104	skip	verb	leave out or bypass; to move along with alternating steps and hops
2105	therefore	adv	(used to introduce a logical conclusion) from that fact or reason or as a result
2106	sand	noun	a loose material consisting of grains of rock or coral
2107	activity	noun	any specific behavior
2108	benefit	noun	financial assistance in time of need
2109	kingdom	noun	a domain in which something is dominant
2110	fashion	noun	how something is done or how it happens
2111	belt	noun	endless loop of flexible material between two rotating shafts or pulleys
2112	quality	noun	an essential and distinguishing attribute of something or someone; --Shakespeare
2113	clark	noun	United States explorer who (with Meriwether Lewis) led an expedition from St. Louis to the mouth of the Columbia River; Clark was responsible for making maps of the area (1770-1838)
2114	americans	noun	a native or inhabitant of the United States
2115	frame	noun	the framework for a pair of eyeglasses
2116	propose	verb	make a proposal, declare a plan for something
2117	ls	noun	a metric unit of capacity, formerly defined as the volume of one kilogram of pure water under standard conditions; now equal to 1,000 cubic centimeters (or approximately 1.75 pints)
2118	april	noun	the month following March and preceding May
2119	string	noun	a lightweight cord
2120	rare	adj	not widely known; especially valued for its uncommonness
2121	culture	noun	a particular society at a particular time and place
2122	precious	adj	characterized by feeling or showing fond affection for
2123	youth	noun	a young person (especially a young man or boy)
2124	lily	noun	any liliaceous plant of the genus Lilium having showy pendulous flowers
2125	destiny	noun	an event (or a course of events) that will inevitably happen in the future
2126	tool	noun	an implement used in the practice of a vocation
2127	tune	noun	a succession of notes forming a distinctive sequence
2128	rice	noun	grains used as food either unpolished or more often polished
2129	aim	noun	an anticipated outcome that is intended or that guides your planned actions
2130	standard	adj	conforming to or constituting a standard of measurement or value; or of the usual or regularized or accepted kind
2131	blake	noun	visionary British poet and painter (1757-1827)
2132	exact	adj	marked by strict and particular and complete accordance with fact
2133	bow	verb	bend one's knee or body, or lower one's head
2134	passion	noun	a strong feeling or emotion
2135	terrorist	noun	a radical who employs terror as a political weapon; usually organizes with other terrorists in small cells; often uses religion as a cover for terrorist activities
2136	moan	verb	indicate pain, discomfort, or displeasure
2137	hung	verb	be suspended or hanging
2138	ambulance	noun	a vehicle that takes people to and from hospitals
2139	ordinary	adj	not exceptional in any way especially in quality or ability or size or degree
2140	successful	adj	having succeeded or being marked by a favorable outcome
2141	eve	noun	(Old Testament) Adam's wife in Judeo-Christian mythology: the first woman and mother of the human race; God created Eve from Adam's rib and placed Adam and Eve in the Garden of Eden
2142	giggle	verb	laugh nervously
2143	task	noun	any piece of work that is undertaken or attempted
2144	county	noun	(United Kingdom) a region created by territorial division for the purpose of local government
2145	japan	noun	a string of more than 3,000 islands to the east of Asia extending 1,300 miles between the Sea of Japan and the western Pacific Ocean
2146	fourth	adj	coming next after the third and just before the fifth in position or time or degree or magnitude
2147	roar	verb	make a loud noise, as of wind, water, or vehicles
2148	emperor	noun	the male ruler of an empire
2149	satisfy	verb	meet the requirements or expectations of
2150	california	noun	a state in the western United States on the Pacific; the 3rd largest state; known for earthquakes
2151	lf	noun	30 to 300 kilohertz
2152	ll		
2153	elizabeth	noun	daughter of George VI who became the Queen of England and Northern Ireland in 1952 on the death of her father (1926-)
2154	employee	noun	a worker who is hired to perform a job
2155	manner	noun	how something is done or how it happens
2156	retire	verb	go into retirement; stop performing one's work or withdraw from one's position
2157	chicago	noun	largest city in Illinois; a bustling Great Lakes port that extends 26 miles along the southwestern shoreline of Lake Michigan
2158	victor	noun	a combatant who is able to defeat rivals
2159	squad	noun	a smallest army unit
2160	karen	noun	the Tibeto-Burman language spoken in the Thailand and Burmese borderlands
2161	contain	verb	include or contain; have as a component
2162	tunnel	noun	a passageway through or under something, usually underground (especially one for trains or cars)
2163	coward	noun	a person who shows fear or timidity
2164	attitude	noun	a complex mental state involving beliefs and feelings and values and dispositions to act in certain ways
2165	stair	noun	support consisting of a place to rest the foot while ascending or descending a stairway
2166	negative	adj	characterized by or displaying negation or denial or opposition or resistance; having no positive features
2167	comfort	noun	a state of being relaxed and feeling no pain
2168	failure	noun	an act that fails
2169	series	noun	similar things placed in order or happening one after another
2170	forbid	verb	command against
2171	current	adj	occurring in or belonging to the present time
2172	garage	noun	an outbuilding (or part of a building) for housing automobiles
2173	anger	noun	a strong emotion; a feeling that is oriented toward some real or supposed grievance
2174	jackson	noun	English film actress who later became a member of British Parliament (born in 1936)
2175	darkness	noun	absence of light or illumination
2176	thy		
2177	friendly	adj	characteristic of or befitting a friend
2178	strip	noun	a relatively long narrow piece of something
2179	sob	verb	weep convulsively
2180	estate	noun	everything you own; all of your assets (whether real property or personal property) and liabilities
2181	robbery	noun	larceny by threat of violence
2182	spit	verb	expel or eject (saliva or phlegm or sputum) from the mouth
2183	cave	noun	a geological formation consisting of an underground enclosure with access from the surface of the ground or from the sea
2184	cock	verb	tilt or slant to one side
2185	alert	verb	warn or arouse to a sense of danger or call to a state of preparedness
2186	valley	noun	a long depression in the surface of the land that usually contains a river
2187	salt	noun	a compound formed by replacing hydrogen in an acid by a metal (or a radical that acts like a metal)
2188	expose	verb	expose or make accessible to some action or influence
2189	flag	noun	emblem usually consisting of a rectangular piece of cloth of distinctive design
2190	steven		
2191	helen	noun	(Greek mythology) the beautiful daughter of Zeus and Leda who was abducted by Paris; the Greek army sailed to Troy to get her back which resulted in the Trojan War
2192	monitor	verb	keep tabs on; keep an eye on; keep under surveillance
2193	policy	noun	a plan of action adopted by an individual or social group
2194	slap	verb	hit with something flat, like a paddle or the open hand
2195	maid	noun	a female domestic
2196	thunder	noun	a deep prolonged loud noise
2197	relate	verb	make a logical or causal connection
2198	julie		
2199	emotion	noun	any strong feeling
2200	exercise	noun	the activity of exerting your muscles in various ways to keep fit
2201	gamble	verb	take a risk in the hope of a favorable outcome
2202	stake	noun	(law) a right or legal share of something; a financial involvement with something
2203	robot	noun	a mechanism that can move automatically
2204	thin	adj	of relatively small extent from one surface to the opposite or in cross section
2205	potato	noun	an edible tuber native to South America; a staple food of Ireland
2206	relative	adj	estimated by comparison; not absolute or complete
2207	taylor	noun	United States composer and music critic (1885-1966)
2208	register	verb	record in writing; enter into a book of names or events or transactions
2209	parking	noun	space in which vehicles can be parked
2210	nasty	adj	offensive or even (of persons) malicious; ; ; ; ; ; - Ezra Pound
2211	empire	noun	the domain ruled by an emperor or empress; the region over which imperial dominion is exercised
2212	gordon		
2213	unusual	adj	not usual or common or ordinary
2214	trigger	noun	lever that activates the firing mechanism of a gun
2215	equipment	noun	an instrumentality needed for an undertaking or to perform a service
2216	joey		
2217	sneak	verb	to go stealthily or furtively
2218	pattern	noun	a perceptual structure
2219	conference	noun	a prearranged meeting for consultation or exchange of information or discussion (especially one with a formal agenda)
2220	rude	adj	socially incorrect in behavior
2221	sharp	adj	(of something seen or heard) clearly defined
2222	amen	noun	a primeval Egyptian personification of air and breath; worshipped especially at Thebes
2223	merry	adj	full of or showing high-spirited merriment; ; - Wordsworth
2224	senator	noun	a member of a senate
2225	closing	adj	final or ending
2226	rape	verb	force (someone) to have sex against their will
2227	bat	verb	a nocturnal flying mammal with membranous wings; to strike with a bat in a game
2228	mexico	noun	a republic in southern North America; became independent from Spain in 1810
2229	colour	adj	having or capable of producing colors
2230	greg		
2231	spoil	verb	make a mess of, destroy or ruin
2232	jones	noun	United States labor leader (born in Ireland) who helped to found the Industrial Workers of the World (1830-1930)
2233	julia		
2234	charming	adj	pleasing or delighting
2235	mustn		
2236	virgin	noun	a person who has never had sex
2237	ricky		
2238	jamie		
2239	explode	verb	cause to burst with a violent release of energy
2240	twin	noun	either of two offspring born at the same time from the same pregnancy
2241	root	noun	(botany) the usually underground organ that lacks buds or leaves or nodes; absorbs water and mineral salts; usually it anchors the plant to the ground
2242	costume	noun	the attire worn in a play or at a fancy dress ball
2243	robin	noun	small Old World songbird with a reddish breast
2244	amanda		
2245	visitor	noun	someone who visits
2246	pin	verb	to hold fast or prevent from moving
2247	highness	noun	(Your Highness or His Highness or Her Highness) title used to address a royal person
2248	fishing	noun	the act of someone who fishes as a diversion
2249	identity	noun	the distinct personality of an individual regarded as a persisting entity
2250	sometime	adv	at some indefinite or unstated time
2251	title	noun	a heading that names a statute or legislative bill; may give a brief summary of the matters it deals with
2252	mix	verb	mix together different elements
2253	comment	noun	a statement that expresses a personal opinion or belief or adds information
2254	delivery	noun	the act of delivering or distributing something (as goods or mail)
2255	theater	noun	a building where theatrical performances or motion-picture shows can be presented
2256	succeed	verb	attain success or reach a desired goal
2257	library	noun	a room where books are kept
2258	similar	adj	marked by correspondence or resemblance
2259	injury	noun	any physical damage to the body caused by violence or accident or fracture etc.
2260	aid	verb	give help or assistance; be of service
2261	equal	adj	having the same quantity, value, or measure as another
2262	fully	adv	to the greatest degree or extent; completely or entirely; (`full' in this sense is used as a combining form)
2263	influence	noun	a power to affect persons or events especially power based on prestige etc
2264	pump	noun	a mechanical device that moves fluid or gas by pressure or suction
2265	gorgeous	adj	dazzlingly beautiful
2266	morgan	noun	United States anthropologist who studied the Seneca (1818-1881)
2267	rabbit	noun	any of various burrowing animals of the family Leporidae having long ears and short tails; some domesticated and raised for pets or food
2268	shin	noun	the front part of the human leg between the knee and the ankle
2269	stretch	verb	occupy a large, elongated area
2270	international	adj	concerning or belonging to all or at least two or more nations
2271	politic	adj	marked by artful prudence, expedience, and shrewdness
2272	legend	noun	a story about mythical or supernatural beings or events
2273	package	noun	a collection of things wrapped or boxed together
2274	surrender	verb	give up or agree to forgo to the power or possession of another
2275	trail	verb	a track or mark left by something that has passed; to lag or linger behind
2276	maggie		
2277	disaster	noun	a state of extreme (usually irremediable) ruin and misfortune
2278	explanation	noun	a statement that makes something comprehensible by describing the relevant structure or operation or circumstances etc.
2279	flame	noun	the process of combustion of inflammable materials producing heat and light and (often) smoke
2280	agreement	noun	the statement (oral or written) of an exchange of promises
2281	glory	noun	a state of high honor
2282	exam	noun	a set of questions or exercises evaluating skill or knowledge
2283	howard	noun	English actor of stage and screen (1893-1943)
2284	edward	noun	King of England and Ireland in 1936; his marriage to Wallis Warfield Simpson created a constitutional crisis leading to his abdication (1894-1972)
2285	background	noun	a person's social heritage: previous experience or training
2286	reputation	noun	the state of being held in high esteem and honor
2287	despite	noun	lack of respect accompanied by a feeling of intense dislike
2288	alcohol	noun	a liquor or brew containing alcohol as the active agent
2289	argument	noun	a fact or assertion offered as evidence that something is true
2290	marty		
2291	abuse	verb	treat badly
2292	jam	noun	preserve of crushed fruit
2293	mummy	noun	informal terms for a mother
2294	exit	noun	an opening that permits escape or release
2295	singer	noun	a person who sings
2296	prevent	verb	keep from happening or arising; make impossible
2297	joint	adj	the point of connection between two bones or parts; united or combined
2298	opposite	adj	being directly across from; facing; a word or thing of contrary meaning
2299	announce	verb	make known; make an announcement
2300	le	noun	a chronic inflammatory collagen disease affecting connective tissue (skin or joints)
2301	pet	noun	a domesticated animal kept for companionship or amusement
2302	intention	noun	an anticipated outcome that is intended or that guides your planned actions
2303	ton	noun	a United States unit of weight equivalent to 2000 pounds
2304	award	noun	a grant made by a law court
2305	leak	noun	an accidental hole that allows something (fluid or light etc.) to enter or escape
2306	volunteer	verb	someone who freely offers to serve or help; to offer or tell something freely
2307	previously	adv	at an earlier time or formerly
2308	ash	noun	the residue that remains when something is burned
2309	hitler	noun	German Nazi dictator during World War II (1889-1945)
2310	network	noun	an interconnected system of things or people
2311	gear	verb	a toothed wheel that engages another to change speed or direction; to set the level or character of something
2312	district	noun	a region marked off for administrative or other purposes
2313	industry	noun	the people or companies engaged in a particular kind of commercial enterprise
2314	thee		
2315	coincidence	noun	an event that might have been arranged although it was really accidental
2316	percent	noun	a proportion in relation to a whole (which is usually the amount per hundred)
2317	normally	adv	under normal conditions
2318	tone	noun	the quality of a person's voice
2319	chill	noun	coldness due to a cold environment
2320	education	noun	the activities of educating or instructing; activities that impart knowledge or skill
2321	bravo	noun	a murderer (especially one who kills a prominent political figure) who kills by a surprise attack and often is hired to do the deed
2322	mouse	noun	any of numerous small rodents typically resembling diminutive rats having pointed snouts and small ears on elongated bodies with slender usually hairless tails
2323	confidence	noun	freedom from doubt; belief in yourself and your abilities
2324	dealer	noun	someone who purchases and maintains an inventory of goods to be sold
2325	individual	noun	a human being
2326	cap	noun	a tight-fitting headdress
2327	brand	noun	a name given to a product or service
2328	shark	noun	any of numerous elongate mostly marine carnivorous fishes with heterocercal caudal fins and tough skin covered with small toothlike scales
2329	habit	noun	an established custom
2330	sheet	noun	any broad thin expanse or surface
2331	han	noun	imperial dynasty that ruled China (most of the time from 206 BC to AD 220) and expanded its boundaries and developed its bureaucracy; remembered as one of the great eras of Chinese civilization
2332	production	noun	the act or process of producing something
2333	pipe	noun	a tube with a small bowl at one end; used for smoking tobacco
2334	barry		
2335	rumor	noun	gossip (usually a mixture of truth and untruth) passed around by word of mouth
2336	bay	noun	an indentation of a shoreline larger than a cove but smaller than a gulf
2337	johnson	noun	English writer and lexicographer (1709-1784)
2338	revolution	noun	a drastic and far-reaching change in ways of thinking and behaving
2339	belove		
2340	item	noun	a distinct part that can be specified separately in a group of things that could be enumerated on a list
2341	invent	verb	come up with (an idea, plan, explanation, theory, or principle) after a mental effort
2342	actual	adj	presently existing in fact and not merely potential or possible
2343	proceed	verb	continue talking;  he continued,
2344	recall	verb	bring something back to mind; have a recollection of
2345	muscle	noun	one of the contractile organs of the body
2346	mental	adj	involving the mind or an intellectual process
2347	orange	adj	of the color between red and yellow; similar to the color of a ripe orange
2348	chamber	noun	a natural or artificial enclosed space
2349	flesh	noun	the soft tissue of the body of a vertebrate: mainly muscle tissue and fat
2350	anne	noun	Queen of England and Scotland and Ireland; daughter if James II and the last of the Stuart monarchs; in 1707 she was the last English ruler to exercise the royal veto over parliament (1665-1714)
2351	highly	adv	to a high degree or extent; favorably or with much respect
2352	bud	noun	a partially opened flower
2353	hostage	noun	a prisoner who is held by one party to insure that another party will meet specified terms
2354	federal	adj	national; especially in reference to the government of the United States as distinct from that of its member units
2355	pink	adj	of a light shade of red
2356	bail	noun	(criminal law) money that must be forfeited by the bondsman if an accused person fails to appear in court for trial
2357	float	verb	be in motion due to some air or water current
2358	emotional	adj	determined or actuated by emotion rather than reason
2359	impression	noun	a vague idea in which some confidence is placed
2360	champion	noun	someone who has won first place in a competition
2361	nothin		
2362	fighter	noun	someone who fights (or is fighting)
2363	concentrate	verb	make denser, stronger, or purer
2364	solid	noun	matter that is solid at room temperature and pressure
2365	reaction	noun	(chemistry) a process in which one or more substances are changed into others
2366	favour	noun	a feeling of favorable regard
2367	patrick	noun	Apostle and patron saint of Ireland; an English missionary to Ireland in the 5th century
2368	bump	verb	knock against with force or violence
2369	entirely	adv	to a complete degree or to the full or entire extent (`whole' is often used informally for `wholly')
2370	extraordinary	adj	beyond what is ordinary or usual; highly unusual or exceptional or remarkable
2371	election	noun	a vote to select the winner of a position or political office
2372	gee	noun	a unit of force equal to the force exerted by gravity; used to indicate the force to which a body is subjected when it is accelerated
2373	tribe	noun	a social division of (usually preliterate) people
2374	traitor	noun	someone who betrays his country by committing treason
2375	committee	noun	a special group delegated to consider some matter;  - Milton Berle
2376	terry	noun	English actress (1847-1928)
2377	ally	noun	a friendly nation
2378	duke	noun	a British peer of the highest rank
2379	tale	noun	a message that tells the particulars of an act or occurrence or course of events; presented in writing or drama or cinema or as a radio or television program
2380	host	noun	a person who invites guests to a social event (such as a party in his or her own home) and who is responsible for them while they are there
2381	garbage	noun	food that is discarded (as from a kitchen)
2382	hollywood	noun	the film industry of the United States
2383	engineer	noun	a person who uses scientific knowledge to solve practical problems
2384	coin	noun	a flat metal piece (usually a disc) used as money
2385	breast	noun	the front of the trunk from the neck to the abdomen
2386	delay	verb	cause to be slowed down or delayed
2387	jackie		
2388	reckon	verb	expect, believe, or suppose
2389	museum	noun	a depository for collecting and displaying objects having scientific or historical or artistic value
2390	whispering	noun	a light noise, like the noise of silk clothing or leaves blowing in the wind
2391	charm	noun	attractiveness that interests or pleases or stimulates
2392	pee	noun	liquid excretory product
2393	jesse		
2394	concert	noun	a performance of music by players or singers not involving theatrical staging
2395	noble	adj	impressive in appearance
2396	pa	noun	an informal term for a father; probably derived from baby talk
2397	custody	noun	a state of being confined (usually for a short time)
2398	butter	noun	an edible emulsion of fat globules made by churning milk or cream; for cooking and table use
2399	closet	noun	a small room (or recess) or cabinet used for storage space
2400	carol	noun	joyful religious song celebrating the birth of Christ
2401	glove	noun	the handwear used by fielders in playing baseball
2402	naturally	adv	as might be expected
2403	farmer	noun	a person who operates a farm
2404	useful	adj	being of use or service
2405	capital	noun	assets available for use in the production of further assets
2406	repair	verb	restore by replacing a part or putting together what is torn or broken
2407	temperature	noun	the degree of hotness or coldness of a body or environment (corresponding to its molecular activity)
2408	swallow	verb	pass through the esophagus as part of eating or drinking
2409	violent	adj	acting with or marked by or resulting from great force or energy or emotional intensity
2410	plain	adj	clearly revealed to the mind or the senses or judgment
2411	childhood	noun	the time of person's life when they are a child
2412	behavior	noun	manner of acting or controlling yourself
2413	inch	noun	a unit of length equal to one twelfth of a foot
2414	policeman	noun	a member of a police force
2415	sara		
2416	version	noun	an interpretation of a matter from a particular viewpoint
2417	potential	noun	the inherent capacity for coming into being
2418	heal	verb	heal or recover
2419	online	adj	on a regular route of a railroad or bus or airline system
2420	heavily	adv	to a considerable degree
2421	hum	verb	sing with closed lips
2422	shell	noun	ammunition consisting of a cylindrical metal casing containing an explosive charge and a projectile; fired from a large gun
2423	terrific	adj	very great or intense
2424	mac	noun	a waterproof raincoat made of rubberized fabric
2425	impressive	adj	making a strong or vivid impression
2426	crystal	noun	a solid formed by the solidification of a chemical and having a highly regular atomic structure
2427	bee	noun	any of numerous hairy-bodied insects including social and solitary species
2428	pitch	verb	to throw or toss with a light motion; the highness or lowness of a sound
2429	pussy	noun	obscene terms for female genitals
2430	deck	noun	any of various platforms built into a vessel
2431	adventure	noun	a wild and exciting undertaking (not necessarily lawful)
2432	attract	verb	direct toward itself or oneself by means of some psychological power or physical attributes
2433	skull	noun	the bony skeleton of the head of vertebrates
2434	fuel	noun	a substance that can be consumed to produce energy
2435	tuesday	noun	the third day of the week; the second working day
2436	thursday	noun	the fifth day of the week; the fourth working day
2437	guitar	noun	a stringed instrument usually having six strings; played by strumming or plucking
2438	achieve	verb	to gain with effort
2439	balance	noun	a state of equilibrium
2440	locate	verb	discover the location of; determine the place of; find by searching or examining
2441	ceremony	noun	a formal event performed on a special occasion
2442	lung	noun	either of two saclike respiratory organs in the chest of vertebrates; serves to remove carbon dioxide and provide oxygen to the blood
2443	bean	noun	any of various edible seeds of plants of the family Leguminosae used for food
2444	collection	noun	several things grouped together or considered as a whole
2445	league	noun	an association of sports teams that organizes matches for its members
2446	resist	verb	elude, especially in a baffling way
2447	monk	noun	a male religious living in a cloister and devoting himself to contemplation and prayer and work
2448	clown	noun	a rude or vulgar fool
2449	drama	noun	a dramatic work intended for performance by actors on a stage
2450	cruel	adj	(of persons or their actions) able or disposed to inflict pain or suffering
2451	graduate	verb	receive an academic degree upon completion of one's studies
2452	lane	noun	a narrow way or road
2453	drill	verb	make a hole, especially with a pointed power or hand tool
2454	quietly	adv	with low volume
2455	stan		
2456	inspire	verb	heighten or intensify
2457	wander	verb	move about aimlessly or without any destination, often in search of food or employment
2458	dirt	noun	the part of the earth's surface consisting of humus and disintegrated rock
2459	marie		
2460	punishment	noun	the act of punishing
2461	doug		
2462	basement	noun	the lowermost portion of a structure partly or wholly below ground level; often used for storage
2463	whip	verb	an instrument with a handle and a flexible lash; to beat with one
2464	urgent	adj	compelling immediate action
2465	profit	noun	the excess of revenues over outlays in a given period of time (including depreciation and other non-cash expenses)
2466	recommend	verb	push for something
2467	molly	noun	popular aquarium fish
2468	mixed	adj	consisting of a haphazard assortment of different kinds; ; ; ; ; ; - I.A.Richards
2469	shine	verb	be bright by reflecting or casting light
2470	ranger	noun	a member of the Texas state highway patrol; formerly a mounted lawman who maintained order on the frontier
2471	charity	noun	a foundation created to promote the public good (not for assistance to any particular individuals)
2472	couch	noun	an upholstered seat for more than one person
2473	daily	adv	every day; without missing a day
2474	testify	verb	give testimony in a court of law
2475	crawl	verb	move slowly; in the case of people or animals with the body near the ground
2476	hammer	verb	beat with or as if with a hammer
2477	specific	adj	(sometimes followed by `to') applying to or characterized by or distinguishing something particular or special or unique
2478	unique	adj	radically distinctive and without equal
2479	wallet	noun	a pocket-size case for holding papers and paper money
2480	cage	noun	an enclosure made or wire or metal bars in which birds or animals can be kept
2481	classic	adj	of recognized authority or excellence
2482	accent	noun	distinctive manner of oral expression
2483	tradition	noun	an inherited pattern of thought or action
2484	terrify	verb	fill with terror; frighten greatly
2485	rub	verb	move over something with pressure
2486	sally	noun	witty remark
2487	script	noun	a written version of a play or other dramatic composition; used in preparing for a performance
2488	offering	noun	something offered (as a proposal or bid)
2489	sniff	verb	perceive by inhaling through the nose
2490	associate	verb	make a logical or causal connection
2491	complaint	noun	an often persistent bodily disorder or disease; a cause for complaining
2492	outfit	noun	any cohesive unit such as a military company
2493	gene	noun	(genetics) a segment of DNA that is involved in producing a polypeptide chain; it can include regions preceding and following the coding DNA as well as introns between the exons; it is considered a unit of heredity
2494	transport	verb	move something or somebody around; usually over long distances
2495	massive	adj	imposing in size or bulk or solidity
2496	pathetic	adj	deserving or inciting pity; ; ; - Galsworthy
2497	fence	noun	a barrier that serves to enclose an area
2498	species	noun	(biology) taxonomic group whose members can interbreed
2499	jo		
2500	conduct	verb	direct the course of; manage or control
2501	entrance	noun	something that provides access (to get in or get out)
2502	function	noun	(mathematics) a mathematical relation such that each element of a given set (the domain of the function) is associated with an element of another set (the range of the function)
2503	review	verb	look at again; examine again
2504	fever	noun	a rise in the temperature of the body; frequently a symptom of infection
2505	communication	noun	the activity of communicating; the activity of conveying information
2506	method	noun	a way of doing something, especially a systematic way; implies an orderly logical arrangement (usually in steps)
2507	abby		
2508	self	noun	your consciousness of your own identity
2509	drum	noun	a musical percussion instrument; usually consists of a hollow cylinder with a membrane stretched across each end
2510	religion	noun	a strong belief in a supernatural power or powers that control human destiny
2511	linda		
2512	erm		
2513	navy	noun	an organization of military vessels belonging to a country and available for sea warfare
2514	admire	verb	feel admiration for
2515	organize	verb	create (as an entity)
2516	unknown	adj	not known
2517	occasion	noun	an event that occurs at a critical time
2518	roman	noun	a resident of modern Rome
2519	passenger	noun	a traveler riding in a vehicle (a boat or bus or car or plane or train etc) who is not operating it
2520	sweep	verb	sweep across or over
2521	exhaust	verb	to wear out completely; the waste gases ejected from an engine
2522	producer	noun	someone who manufactures something
2523	division	noun	an army unit large enough to sustain combat
2524	refer	verb	make reference to
2525	fox	noun	alert carnivorous mammal with pointed muzzle and ears and a bushy tail; most are predators that do not hunt in packs
2526	vegas	noun	prolific Spanish playwright (1562-1635)
2527	log	noun	a segment of the trunk of a tree when stripped of branches
2528	mighty	adj	having or showing great strength or force or intensity; ; ; - Bulwer-Lytton
2529	plastic	noun	generic name for certain synthetic or semisynthetic materials that can be molded or extruded into objects or films or filaments or used for making e.g. coatings and adhesives
2530	shy	verb	start suddenly, as from fright
2531	bush	noun	a low woody perennial plant usually having several major stems
2532	los		
2533	element	noun	an abstract part of something
2534	whimper	verb	cry weakly or softly
2535	bruce	noun	Australian physician and bacteriologist who described the bacterium that causes undulant fever or brucellosis (1855-1931)
2536	sail	verb	to travel on water in a boat; the large piece of fabric by which the wind drives it
2537	mobile	adj	migratory
2538	katie		
2539	sensitive	adj	responsive to physical stimuli
2540	hopefully	adv	with hope; in a hopeful manner
2541	appeal	noun	earnest or urgent request
2542	slam	verb	close violently
2543	roy		
2544	greek	adj	of or relating to or characteristic of Greece or the Greeks or the Greek language
2545	dancer	noun	a performer who dances professionally
2546	thrill	noun	the swift release of a store of affective force
2547	cent	noun	a fractional monetary unit of several countries
2548	wail	verb	emit long loud cries
2549	pit	noun	a sizeable hole (usually in the ground)
2550	approve	verb	give sanction to
2551	suspicious	adj	openly distrustful and unwilling to confide
2552	baseball	noun	a ball game played with a bat and ball between two teams of nine players; teams take turns at bat trying to score runs
2553	maintain	verb	keep in a certain state, position, or activity; e.g.,
2554	elephant	noun	five-toed pachyderm
2555	todd	noun	Scottish chemist noted for his research into the structure of nucleic acids (born in 1907)
2556	fantasy	noun	imagination unrestricted by reality
2557	turtle	noun	a sweater or jersey with a high close-fitting collar
2558	mason	noun	American Revolutionary leader from Virginia whose objections led to the drafting of the Bill of Rights (1725-1792)
2559	steady	adj	not subject to change or variation especially in behavior
2560	patrol	noun	a detachment used for security or reconnaissance
2561	virus	noun	(virology) ultramicroscopic infectious agent that replicates itself only within cells of living hosts; many are pathogenic; a piece of nucleic acid (DNA or RNA) wrapped in a thin coat of protein
2562	flip	verb	lightly throw to see which side comes up
2563	crisis	noun	an unstable situation of extreme danger or difficulty
2564	lou		
2565	particularly	adv	to a distinctly greater extent or degree than is common
2566	flee	verb	run away quickly
2567	improve	verb	to make better
2568	shelter	noun	a structure that provides privacy and protection from danger
2569	shave	verb	remove body hair with a razor
2570	tend	verb	have a tendency or disposition to do or be something; be inclined
2571	collapse	verb	break down, literally or metaphorically
2572	ad	noun	a public promotion of some product or service
2573	passport	noun	any authorization to pass or go somewhere
2574	publish	verb	put into print
2575	contest	noun	an occasion on which a winner is selected from among two or more contestants
2576	wilson	noun	author of the first novel by an African American that was published in the United States (1808-1870)
2577	basic	adj	pertaining to or constituting a base or basis
2578	albert	noun	prince consort of Queen Victoria of England (1819-1861)
2579	sec	noun	1/60 of a minute; the basic unit of time adopted under the Systeme International d'Unites
2580	civil	adj	applying to ordinary citizens as contrasted with the military
2581	june	noun	the month following May and preceding July
2582	session	noun	a meeting for execution of a group's functions
2583	golf	noun	a game played on a large open course with 9 or 18 holes; the object is use as few strokes as possible in playing all the holes
2584	motion	noun	the use of movements (especially of the hands) to communicate familiar or prearranged signals
2585	tax	noun	charge against a citizen's person or property or activity for the support of government
2586	punk	noun	an aggressive and violent young criminal
2587	imagination	noun	the formation of a mental image of something that is not perceived as real and is not present to the senses
2588	lifetime	noun	the period during which something is functional (as between birth and death)
2589	miserable	adj	very unhappy; full of misery
2590	parker	noun	United States saxophonist and leader of the bop style of jazz (1920-1955)
2591	cliff	noun	a steep high face of rock
2592	declare	verb	state emphatically and authoritatively
2593	cabin	noun	small room on a ship or boat where people sleep
2594	joseph	noun	leader of the Nez Perce in their retreat from United States troops (1840-1904)
2595	sock	noun	hosiery consisting of a cloth covering for the foot; worn inside the shoe; reaches to between the ankle and the knee
2596	hong		
2597	establish	verb	set up or found
2598	valuable	adj	having great material or monetary value especially for use or exchange
2599	arrangement	noun	the thing arranged or agreed to
2600	gross	adj	before any deductions
2601	toe	noun	one of the digits of the foot
2602	commissioner	noun	a government administrator
2603	oliver	noun	United States jazz musician who influenced the style of Louis Armstrong (1885-1938)
2604	confession	noun	an admission of misdeeds or faults
2605	financial	adj	involving financial matters
2606	embarrassed	adj	feeling or caused to feel uneasy and self-conscious
2607	trunk	noun	the main stem of a tree; usually covered with bark; the bole is usually the part that is commercially useful for lumber
2608	stable	adj	resistant to change of position or condition
2609	terribly	adv	used as intensifiers
2610	bum	noun	a person who is deemed to be despicable or contemptible
2611	donna	noun	an Italian woman of rank
2612	grass	noun	narrow-leaved green herbage: grown as lawns; used as pasture for grazing animals; cut and dried as hay
2613	italy	noun	a republic in southern Europe on the Italian Peninsula; was the core of the Roman Republic and the Roman Empire between the 4th century BC and the 5th century AD
2614	battery	noun	group of guns or missile launchers operated together at one place
2615	permit	verb	to consent to or give permission for; an official document granting permission
2616	height	noun	the vertical dimension of extension; distance from the base of something to the top
2617	nuclear	adj	(weapons) deriving destructive energy from the release of atomic energy
2618	praise	verb	express approval of
2619	vincent		
2620	response	noun	a result
2621	angela		
2622	thick	adj	not thin; of a specific thickness or of relatively great extent from one surface to the opposite usually in the smallest of the three solid dimensions
2623	jay	noun	United States diplomat and jurist who negotiated peace treaties with Britain and served as the first chief justice of the United States Supreme Court (1745-1829)
2624	kitty	noun	the combined stakes of the betters
2625	jessica		
2626	delight	noun	a feeling of extreme pleasure or satisfaction
2627	scale	noun	an ordered reference standard
2628	deputy	noun	someone authorized to exercise the powers of sheriff in emergencies
2629	procedure	noun	a particular course of action intended to achieve a result
2630	elder	noun	a person who is older than you are
2631	gym	noun	athletic facility equipped for sports or physical training
2632	el	noun	angular distance above the horizon (especially of a celestial object)
2633	anytime		
2634	charlotte	noun	the largest city in North Carolina; located in south central North Carolina
2635	centre	noun	a low-lying region in central France
2636	candle	noun	stick of wax with a wick in the middle
2637	bible	noun	the sacred writings of the Christian religions
2638	turkey	noun	large gallinaceous bird with fan-shaped tail; widely domesticated for food
2639	escort	verb	accompany someone in order to protect or guide them
2640	fifth	adj	coming next after the fourth and just before the sixth in position
2641	hail	verb	ice pellets that fall as precipitation; to praise loudly
2642	angle	noun	the space between two lines or planes that intersect; the inclination of one line to another; measured in degrees or radians
2643	sauce	noun	flavorful relish or dressing or topping served as an accompaniment to food
2644	branch	noun	a division of some larger or more complex organization
2645	therapy	noun	(medicine) the act of caring for someone (as by medication or remedial training etc.)
2646	choke	verb	breathe with great difficulty, as when experiencing a strong emotion
2647	port	noun	a place (seaport or airport) where people and merchandise can enter or leave a country
2648	mysterious	adj	of an obscure nature; ; ; ; - Rachel Carson
2649	marine	adj	of or relating to the sea
2650	jordan	noun	a river in Palestine that empties into the Dead Sea; John the Baptist baptized Jesus in the Jordan
2651	aboard	adv	on a ship, train, plane or other vehicle
2652	justin		
2653	clinic	noun	a medical establishment run by a group of medical specialists
2654	fairy	noun	a small being, human in form, playful and having magical powers
2655	signature	noun	your name written in your own handwriting
2656	teddy	noun	plaything consisting of a child's toy bear (usually plush and stuffed with soft materials)
2657	kong		
2658	afterwards	adv	happening at a time subsequent to a reference time
2659	slide	verb	move obliquely or sideways, usually in an uncontrolled manner
2660	blade	noun	especially a leaf of grass or the broad portion of a leaf as distinct from the petiole
2661	plot	noun	a secret scheme to do something (especially something underhand or illegal)
2662	fetch	verb	go or come after and bring or take back
2663	yup		
2664	rocket	noun	any vehicle self-propelled by a rocket engine
2665	lend	verb	bestow a quality on
2666	melt	verb	reduce or cause to be reduced from a solid to a liquid state, usually by heating
2667	purse	noun	a container used for carrying money and small personal items or accessories (especially by women)
2668	pile	noun	a collection of objects laid on top of each other
2669	organization	noun	a group of people who work together
2670	vice	noun	moral weakness
2671	betty		
2672	jungle	noun	a location marked by an intense competition and struggle for survival
2673	territory	noun	a region marked off for administrative or other purposes
2674	rumble	noun	a loud low dull continuous noise
2675	routine	noun	an unvarying or habitual method or procedure
2676	mistress	noun	an adulterous woman; a woman who has an ongoing extramarital sexual relationship with a man
2677	instruction	noun	a message describing how something is to be done
2678	scan	verb	examine something systematically or intensely
2679	poem	noun	a composition written in metrical feet forming rhythmical lines
2680	pole	noun	a long (usually round) rod of wood or metal or plastic
2681	texas	noun	the second largest state; located in southwestern United States on the Gulf of Mexico
2682	meter	noun	the basic unit of length adopted under the Systeme International d'Unites (approximately 1.094 yards)
2683	marcus		
2684	personality	noun	the complex of all the attributes--behavioral, temperamental, emotional and mental--that characterize a unique individual
2685	advise	verb	give advice to
2686	injure	verb	cause injuries or bodily harm to
2687	selfish	adj	concerned chiefly or only with yourself and your advantage to the exclusion of others; - Maria Weston Chapman
2688	brush	noun	a dense growth of bushes
2689	frankie		
2690	defendant	noun	a person or institution against whom an action is brought in a court of law; the person being sued or accused
2691	creep	verb	move slowly; in the case of people or animals with the body near the ground
2692	toss	verb	throw or toss with a light motion
2693	throughout	adv	from first to last
2694	nathan		
2695	toward		
2696	towel	noun	a rectangular piece of absorbent cloth (or paper) for drying or wiping
2697	margaret		
2698	squeeze	verb	to compress with violence, out of natural shape or condition
2699	oscar	noun	an annual award by the Academy of Motion Picture Arts and Sciences for achievements in motion picture production and performance
2700	ross	noun	Scottish explorer who led Arctic expeditions that yielded geographic discoveries while searching for the Northwest Passage (1777-1856)
2701	helicopter	noun	an aircraft without wings that obtains its lift from the rotation of overhead blades
2702	homework	noun	preparatory school work done outside school (especially at home)
2703	lewis	noun	United States rock star singer and pianist (born in 1935)
2704	tyler	noun	elected vice president and became the 10th President of the United States when Harrison died (1790-1862)
2705	blessing	noun	the formal act of approving
2706	practically	adv	almost; nearly
2707	catherine	noun	first wife of Henry VIII; Henry VIII's divorce from her was the initial step of the Reformation in England (1485-1536)
2708	steel	noun	an alloy of iron with small amounts of carbon; widely used in construction; mechanical properties can be varied over a wide range
2709	ease	verb	move gently or carefully
2710	gentle	adj	soft and mild; not harsh or stern or severe
2711	distract	verb	draw someone's attention away from something
2712	footstep	noun	the sound of a step of someone walking
2713	sheep	noun	woolly usually horned ruminant mammal related to the goat
2714	goat	noun	any of numerous agile ruminants related to sheep but having a beard and straight horns
2715	heck		
2716	principal	adj	most important element
2717	chemical	adj	relating to or used in chemistry
2718	painful	adj	causing physical or psychological pain
2719	wreck	verb	smash or break forcefully
2720	moron	noun	a person of subnormal intelligence
2721	bubble	noun	a hollow globule of gas (e.g., air or carbon dioxide)
2722	stephen	noun	English writer (1832-1904)
2723	consequence	noun	a phenomenon that follows and is caused by some previous phenomenon
2724	headache	noun	something or someone that causes anxiety; a source of unhappiness
2725	facility	noun	a building or place that provides a particular service or is used for a particular industry
2726	interfere	verb	come between so as to be hindrance or obstacle
2727	actress	noun	a female actor
2728	bend	verb	form a curve
2729	faint	adj	deficient in magnitude; barely perceptible; lacking clarity or brightness or loudness etc
2730	attractive	adj	pleasing to the eye or mind especially through beauty or charm
2731	construction	noun	the act of constructing something
2732	beef	noun	cattle that are reared for their meat
2733	environment	noun	the totality of surrounding conditions
2734	payment	noun	a sum of money paid or a claim discharged
2735	commercial	adj	connected with or engaged in or sponsored by or used in commerce or commercial enterprises
2736	hip	noun	either side of the body below the waist and above the thigh
2737	rebecca	noun	(Old Testament) wife of Isaac and mother of Jacob and Esau
2738	recent	adj	new
2739	barbara		
2740	sacred	adj	concerned with religion or religious purposes
2741	novel	noun	an extended fictional work in prose; usually in the form of a story
2742	sack	noun	a bag made of paper or plastic for holding customer's purchases
2743	jewish	adj	of or relating to Jews or their culture or religion
2744	goodnight		
2745	reject	verb	refuse to accept or acknowledge
2746	adopt	verb	choose and follow; as of theories, ideas, policies, strategies or plans
2747	invitation	noun	a request (spoken or written) to participate or be present or take part in something
2748	makeup	noun	cosmetics applied to the face to improve or change your appearance
2749	examine	verb	consider in detail and subject to an analysis in order to discover essential features or meaning
2750	russia	noun	a former communist country in eastern Europe and northern Asia; established in 1922; included Russia and 14 other soviet socialist republics (Ukraine and Byelorussia and others); officially dissolved 31 December 1991
2751	obey	verb	be obedient to
2752	headquarter	verb	provide with headquarters
2753	tube	noun	conduit consisting of a long hollow object (usually cylindrical) used to hold and conduct objects or liquids or gases
2754	profile	noun	an analysis (often in graphical form) representing the extent to which something exhibits various characteristics
2755	distant	adj	separated in space or coming from or going to a distance
2756	electricity	noun	a physical phenomenon associated with stationary or moving electrons and protons
2757	haunt	verb	follow stealthily or recur constantly and spontaneously to
2758	math	noun	a science (or group of related sciences) dealing with the logic of quantity and shape and arrangement
2759	technique	noun	a practical method or art applied to some particular task
2760	tina		
2761	jeremy		
2762	woo	verb	seek someone's favor
2763	ellen		
2764	hack	noun	one who works hard at boring tasks
2765	mount	verb	attach to a support
2766	status	noun	the relative position or standing of things or especially persons in a society
2767	rifle	noun	a shoulder firearm with a long barrel and a rifled bore
2768	symbol	noun	an arbitrary sign (written or printed) that has acquired a conventional significance
2769	bully	noun	a cruel and brutal fellow
2770	kenny		
2771	observe	verb	discover or determine the existence, presence, or fact of
2772	nina	noun	the Babylonian goddess of the watery deep and daughter of Ea
2773	audition	verb	perform in order to get a role
2774	execute	verb	kill as a means of socially sanctioned punishment
2775	frankly	adv	(used as intensives reflecting the speaker's attitude) it is sincerely the case that
2776	ali	noun	United States prizefighter who won the world heavyweight championship three times (born in 1942)
2777	festival	noun	a day or period of time set aside for feasting and celebration
2778	lucas	noun	United States screenwriter and filmmaker (born in 1944)
2779	average	adj	approximating the statistical norm or average or expected value
2780	greeting	noun	(usually plural) an acknowledgment or expression of good will (especially on meeting)
2781	pat	verb	pat or squeeze fondly or playfully, especially under the chin
2782	spill	verb	cause or allow (a liquid substance) to run or flow from a container
2783	hannah		
2784	ken	noun	range of what one can know or understand
2785	everyday	adj	found in the ordinary course of events; ; ; - Anita Diamant
2786	generous	adj	willing to give and share unstintingly
2787	indicate	verb	be a signal for or a symptom of
2788	holly	noun	any tree or shrub of the genus Ilex having red berries and shiny evergreen leaves with prickly edges
2789	jet	noun	an airplane powered by one or more jet engines
2790	brake	noun	a restraint used to slow or stop a vehicle
2791	bishop	noun	a senior member of the Christian clergy having spiritual and administrative authority; appointed in Christian churches to oversee priests or ministers; considered in some churches to be successors of the twelve Apostles of Christ
2792	salad	noun	food mixtures either arranged on a plate or tossed and served with a moist dressing; usually consisting of or including greens
2793	underground	adj	under the level of the ground
2794	miller	noun	United States bandleader of a popular big band (1909-1944)
2795	hood	noun	an aggressive and violent young criminal
2796	brick	noun	rectangular block of clay baked by the sun or in a kiln; used as a building or paving material
2797	principle	noun	a basic generalization that is accepted as true and that can be used as a basis for reasoning or conduct
2798	religious	adj	concerned with sacred matters or religion or the church
2799	tick	noun	a metallic tapping sound
2800	rank	noun	a row or line of people (especially soldiers or police) standing abreast of one another
2801	western	adj	relating to or characteristic of the western parts of the world or the West as opposed to the eastern or oriental parts
2802	chffffff		
2803	surveillance	noun	close observation of a person or group (usually by the police)
2804	carlos	noun	Venezuelan master terrorist raised by a Marxist-Leninist father; trained and worked with many terrorist groups (born in 1949)
2805	attach	verb	cause to be attached
2806	shed	verb	a small single-storey outbuilding used for storage or shelter; to get rid of something
2807	michelle		
2808	tag	noun	a label written or printed on paper, cardboard, or plastic that is attached to something to indicate its owner, nature, price, etc.
2809	booth	noun	a table (in a restaurant or bar) surrounded by two high-backed benches
2810	underneath	adv	on the lower or downward side; on the underside of
2811	belly	noun	the region of the body of a vertebrate between the thorax and the pelvis
2812	brad	noun	a small nail
2813	sophie		
2814	seed	noun	a small hard fruit
2815	echo	noun	the repetition of a sound resulting from reflection of the sound waves
2816	moral	adj	concerned with principles of right and wrong or conforming to standards of behavior and character based on those principles
2817	scout	verb	explore, often with the goal of finding something or somebody
2818	surgeon	noun	a physician who specializes in surgery
2819	incredibly	adv	not easy to believe
2820	favourite	noun	a competitor thought likely to win
2821	electric	adj	using or providing or producing or transmitting or operated by electricity
2822	complex	adj	complicated in structure; consisting of interconnected parts
2823	anniversary	noun	the date on which an event occurred in some previous year (or the celebration of it)
2824	pirate	noun	someone who uses another person's words or ideas as if they were his own
2825	doorbell	noun	a push button at an outer door that gives a ringing or buzzing signal when pushed
2826	impact	noun	the striking of one body against another
2827	kit	noun	a case for containing a set of articles
2828	ward	noun	a person who is under the protection or in the custody of another
2829	lean	verb	to incline or bend from a vertical position
2830	nephew	noun	a son of your brother or sister
2831	shield	verb	protect, hide, or conceal from danger or harm
2832	wednesday	noun	the fourth day of the week; the third working day
2833	needle	noun	the leaf of a conifer
2834	fee	noun	a fixed charge for a privilege or for professional services
2835	widow	noun	a woman whose husband is dead especially one who has not remarried
2836	objection	noun	the act of expressing earnest opposition or protest
2837	chloe		
2838	patience	noun	good-natured tolerance of delay or incompetence
2839	foolish	adj	devoid of good sense or judgment
2840	stroke	verb	touch lightly and repeatedly, as with brushing motions
2841	tokyo	noun	the capital and largest city of Japan; the economic and cultural center of Japan
2842	davis	noun	English navigator who explored the Arctic while searching for the Northwest Passage (1550-1605)
2843	wayne	noun	United States film actor who played tough heroes (1907-1979)
2844	somethin		
2845	judgment	noun	an opinion formed by judging something
2846	ian		
2847	compromise	noun	a middle way between two extremes
2848	bake	verb	cook and make edible by putting in a hot oven
2849	boil	verb	come to the boiling point and change from a liquid to vapor
2850	appearance	noun	outward or visible aspect of a person or thing
2851	feature	noun	a prominent attribute or aspect of something
2852	spain	noun	a parliamentary monarchy in southwestern Europe on the Iberian Peninsula; a former colonial power
2853	foster	verb	promote the growth of
2854	awkward	adj	causing inconvenience
2855	structure	noun	a thing constructed; a complex entity constructed of many parts
2856	filthy	adj	disgustingly dirty; filled or smeared with offensive matter
2857	backup	noun	an accumulation caused by clogging or a stoppage
2858	jews	noun	a person belonging to the worldwide group claiming descent from Jacob (or converted to it) and connected by cultural or religious ties
2859	brief	adj	of short duration or distance
2860	squeal	verb	utter a high-pitched cry, characteristic of pigs
2861	someplace	adv	in or at or to some place; ; (`someplace' is used informally for `somewhere')
2862	conscience	noun	motivation deriving logically from ethical or moral principles that govern a person's thoughts and actions
2863	nancy	noun	a city in northeastern France in Lorraine
2864	rebel	noun	`Johnny' was applied as a nickname for Confederate soldiers by the Federal soldiers in the American Civil War; `greyback' derived from their grey Confederate uniforms
2865	possession	noun	the act of having and controlling property
2866	pleasant	adj	affording pleasure; being in harmony with your taste or likings
2867	weigh	verb	have a certain weight
2868	mar	verb	make imperfect
2869	russell	noun	United States religious leader who founded the sect that is now called Jehovah's Witnesses (1852-1916)
2870	patch	noun	a small contrasting part of something
2871	judy		
2872	beth	noun	the 2nd letter of the Hebrew alphabet
2873	forth	adv	from a particular thing or place or position (`forth' is obsolete)
2874	homicide	noun	the killing of a human being by another human being
2875	album	noun	one or more recordings issued together; originally released on 12-inch phonograph records (usually with attractive record covers) and later on cassette audiotape and compact disc
2876	organ	noun	a fully differentiated structural and functional unit in an animal that is specialized for some particular function
2877	fingerprint	noun	a print made by an impression of the ridges in the skin of a finger; often used for biometric identification in criminal investigations
2878	survivor	noun	one who lives through affliction
2879	whir	noun	sound of something in rapid motion
2880	frozen	adj	turned into ice; affected by freezing or by long and severe cold
2881	pulse	noun	(electronics) a sharp transient wave in the normal electrical state (or a series of such transients)
2882	angeles		
2883	guilt	noun	the state of having committed an offense
2884	pro	adj	in favor of (an action or proposal etc.)
2885	react	verb	show a response or a reaction to something
2886	minor	adj	of lesser importance or stature or rank
2887	burst	verb	come open suddenly and violently, as if from internal pressure
2888	shore	noun	the land along the edge of a body of water
2889	officially	adv	in an official role
2890	ne	noun	a colorless odorless gaseous element that give a red glow in a vacuum tube; one of the six inert gasses; occurs in the air in small amounts
2891	superior	adj	of high or superior quality or performance
2892	martha		
2893	offense	noun	a lack of politeness; a failure to show regard for others; wounding the feelings or others
2894	clay	noun	a very fine-grained soil that is plastic when moist but hard when fired
2895	unhappy	adj	experiencing or marked by or causing sadness or sorrow or discontent
2896	berlin	noun	capital of Germany located in eastern Germany
2897	dismiss	verb	bar from attention or consideration
2898	lap	noun	the upper side of the thighs of a seated person
2899	atmosphere	noun	a particular environment or surrounding influence
2900	randy	adj	feeling great sexual desire
2901	compliment	noun	a remark (or act) expressing praise and admiration
2902	slight	noun	a deliberate discourteous act (usually as an expression of anger or disapproval)
2903	behalf	noun	as the agent of or on someone's part (usually expressed as  rather than )
2904	reasonable	adj	showing reason or sound judgment
2905	polish	verb	make (a surface) shine
2906	gray	adj	of an achromatic color of any lightness intermediate between the extremes of white and black
2907	na	noun	a silvery soft waxy metallic element of the alkali metal group; occurs abundantly in natural compounds (especially in salt water); burns with a yellow flame and reacts violently in water; occurs in sea water and in the mineral halite (rock salt)
2908	beard	noun	the hair growing on the lower part of a man's face
2909	statue	noun	a sculpture representing a human or animal
2910	beside		
2911	harvey	noun	English physician and scientist who described the circulation of the blood; he later proposed that all animals originate from an ovum produced by the female of the species (1578-1657)
2912	commission	noun	a special group delegated to consider some matter;  - Milton Berle
2913	motive	noun	the psychological feature that arouses an organism to action toward a desired goal; the reason for the action; that which gives purpose and direction to behavior
2914	earl	noun	a British peer ranking below a marquess and above a viscount
2915	being	noun	the state or fact of existing
2916	tattoo	noun	a drumbeat or bugle call that signals the military to return to their quarters
2917	knight	noun	originally a person of noble birth trained to arms and chivalry; today in Great Britain a person honored by the sovereign for personal merit
2918	ouch		
2919	ann		
2920	candidate	noun	a politician who is running for public office
2921	nearby	adj	close at hand
2922	drank	verb	take in liquids
2923	jonathan	noun	red late-ripening apple; primarily eaten raw
2924	relieve	verb	provide physical relief, as from pain
2925	extreme	adj	of the greatest possible degree or extent or intensity
2926	motor	noun	machine that converts other forms of energy into mechanical energy and so imparts motion
2927	offend	verb	cause to feel resentment or indignation
2928	dennis		
2929	net	adj	remaining after all deductions
2930	native	adj	characteristic of or existing by virtue of geographic origin
2931	cable	noun	a telegram sent abroad
2932	prick	verb	make a small hole into, as with a needle or a thorn
2933	ve		
2934	dylan	noun	United States songwriter noted for his protest songs (born in 1941)
2935	con	noun	an argument opposed to a proposal
2936	unlike	adj	marked by dissimilarity
2937	relation	noun	an abstraction belonging to or characteristic of two entities or parts together
2938	convict	verb	find or declare guilty
2939	content	noun	everything that is included in a collection and that is held or included in something
2940	steak	noun	a slice of meat cut from the fleshy part of an animal or large fish
2941	thus	adv	(used to introduce a logical conclusion) from that fact or reason or as a result
2942	await	verb	look forward to the probable occurrence of
2943	basis	noun	a relation that provides the foundation for something
2944	nazi	noun	a German member of Adolf Hitler's political party
2945	divide	verb	separate into parts or portions
2946	instinct	noun	inborn pattern of behavior often responsive to specific stimuli
2947	cowboy	noun	a hired hand who tends cattle and performs other duties on horseback
2948	jar	noun	a vessel (usually cylindrical) with a wide mouth and without handles
2949	loyal	adj	steadfast in allegiance or duty
2950	blanket	noun	bedding that keeps a person warm in bed
2951	tit	noun	either of two soft fleshy milk-secreting glandular organs on the chest of a woman
2952	eva		
2953	fade	verb	become less clearly visible or distinguishable; disappear gradually or seemingly
2954	stranger	noun	anyone who does not belong in the environment in which they are found
2955	ex	noun	a man who was formerly a certain woman's husband
2956	reduce	verb	cut down on; make a reduction in
2957	downtown	adj	of or located in the lower part of a town, or in the business center
2958	smooth	adj	having a surface free from roughness or bumps or ridges or irregularities
2959	francisco		
2960	pope	noun	the head of the Roman Catholic Church
2961	rotten	adj	very bad
2962	paradise	noun	any place of complete bliss and delight and peace
2963	eliminate	verb	terminate, end, or take out
2964	meantime	noun	the time between one event, process, or period and another
2965	jess		
2966	powder	noun	a solid substance in the form of tiny loose particles; a solid that has been pulverized
2967	vic		
2968	tent	noun	a portable shelter (usually of canvas stretched over supporting poles and fastened to the ground with ropes and pegs)
2969	development	noun	act of improving by expanding or enlarging or refining
2970	testing	noun	the act of subjecting to experimental test in order to determine how well something works
2971	chant	verb	recite with musical intonation; recite as a chant or a psalm
2972	swell	verb	increase in size, magnitude, number, or intensity
2973	shove	verb	come into rough contact with while moving
2974	reserve	verb	hold back or set aside, especially for future use or contingency
2975	jennifer		
2976	tragedy	noun	an event resulting in great loss and misfortune
2977	anthony	noun	Roman general under Julius Caesar in the Gallic wars; repudiated his wife for the Egyptian queen Cleopatra; they were defeated by Octavian at Actium (83-30 BC)
2978	cooper	noun	United States industrialist who built the first American locomotive; founded Cooper Union in New York City to offer free courses in the arts and sciences (1791-1883)
2979	boston	noun	state capital and largest city of Massachusetts; a major center for banking and financial services
2980	banana	noun	any of several tropical and subtropical treelike herbs of the genus Musa having a terminal crown of large entire leaves and usually bearing hanging clusters of elongated fruits
2981	heel	noun	the bottom of a shoe or boot; the back part of a shoe or boot that touches the ground and provides elevation
2982	relief	noun	the feeling that comes when something burdensome is removed or reduced
2983	slightly	adv	to a small degree or extent
2984	annoying	adj	causing irritation or annoyance
2985	laundry	noun	garments or white goods that can be cleaned by laundering
2986	pan	noun	cooking utensil consisting of a wide metal vessel
2987	fucker	noun	someone who engages in sexual intercourse
2988	ron	noun	a Chadic language spoken in northern Nigeria
2989	lousy	adj	very bad
2990	existence	noun	the state or fact of existing
2991	fifty	adj	the number 50; ten more than forty
2992	chew	verb	chew (food); to bite and grind with the teeth
2993	strategy	noun	an elaborate and systematic plan of action
2994	spider	noun	predatory arachnid with eight legs, two poison fangs, two feelers, and usually two silk-spinning organs at the back end of the body; they spin silk to make cocoons for eggs or traps for prey
2995	theatre	noun	a building where theatrical performances or motion-picture shows can be presented
2996	chairman	noun	the officer who presides at the meetings of an organization
2997	eagle	noun	any of various large keen-sighted diurnal birds of prey noted for their broad wings and strong soaring flight
2998	confident	adj	having or marked by confidence or assurance
2999	yay	noun	a branch of the Tai languages
3000	mistaken	adj	wrong in e.g. opinion or judgment
3001	expense	noun	amounts paid for goods and services that may be currently tax deductible (as opposed to capital expenditures)
3002	st		
3003	uncomfortable	adj	conducive to or feeling mental discomfort
3004	zombie	noun	a dead body that has been brought back to life by a supernatural force
3005	recognise	verb	show approval or appreciation of
3006	population	noun	the people who inhabit a territory or state
3007	deed	noun	a legal document signed and sealed and delivered to effect a transfer of property and to show the legal right to possess it
3008	precisely	adv	indicating exactness or preciseness
3009	walker	noun	New Zealand runner who in 1975 became the first person to run a mile in less that 3 minutes and 50 seconds (born in 1952)
3010	merely	adv	and nothing more
3011	underwear	noun	undergarment worn next to the skin and under the outer garments
3012	romance	noun	a relationship between two lovers
3013	pearl	noun	a smooth lustrous round structure inside the shell of a clam or oyster; much valued as a jewel
3014	privilege	noun	a special advantage or immunity or benefit not enjoyed by all
3015	farewell	noun	an acknowledgment or expression of goodwill at parting
3016	raid	noun	a sudden short attack
3017	derek		
3018	batman	noun	an orderly assigned to serve a British military officer
3019	virginia	noun	a state in the eastern United States; one of the original 13 colonies; one of the Confederate States in the American Civil War
3020	weed	noun	any plant that crowds out cultivated plants
3021	chirp	verb	make high-pitched sounds
3022	satellite	noun	man-made equipment that orbits around the earth or the moon
3023	deposit	verb	put, fix, force, or implant
3024	intelligent	adj	having the capacity for thought and reason especially to a high degree
3025	vince		
3026	comin		
3027	liberty	noun	immunity from arbitrary exercise of authority: political independence
3028	protest	verb	utter words of protest
3029	owen	noun	Welsh industrialist and social reformer who founded cooperative communities (1771-1858)
3030	lick	verb	beat thoroughly and conclusively in a competition or fight
3031	footage	noun	film that has been shot
3032	circus	noun	a travelling company of entertainers; including trained animals
3033	mud	noun	water soaked soil; soft wet earth
3034	engagement	noun	a hostile meeting of opposing military forces in the course of a war
3035	lecture	noun	a speech that is open to the public
3036	palm	noun	the inner surface of the hand from the wrist to the base of the fingers
3037	burger	noun	United States jurist appointed chief justice of the United States Supreme Court by Richard Nixon (1907-1995)
3038	beam	noun	a signal transmitted along a narrow path; guides airplane pilots in darkness or bad weather
3039	bounce	verb	spring back; spring away from an impact
3040	belief	noun	any cognitive content held as true
3041	thirty	adj	the number 30; ten more than twenty
3042	matthew	noun	(New Testament) disciple of Jesus; traditionally considered to be the author of the first Gospel
3043	auntie	noun	the sister of your father or mother; the wife of your uncle
3044	francis		
3045	her	pron	object form of 'she'; also 'belonging to she'
3046	blah	noun	pompous or pretentious talk or writing
3047	arrow	noun	a mark to indicate a direction or relation
3048	penis	noun	the male organ of copulation (`member' is a euphemism)
3049	rely	verb	have confidence or faith in
3050	britain	noun	a monarchy in northwestern Europe occupying most of the British Isles; divided into England and Scotland and Wales and Northern Ireland; `Great Britain' is often used loosely to refer to the United Kingdom
3051	hid	verb	prevent from being seen or discovered
3052	sync	verb	make synchronous and adjust in time or manner
3053	missile	noun	a rocket carrying a warhead of conventional or nuclear explosives; may be ballistic or directed by remote control
3054	curtain	noun	hanging cloth used as a blind (especially for a window)
3055	humanity	noun	the quality of being humane
3056	instance	noun	an occurrence of something
3057	blackmail	noun	extortion of money by threats to divulge discrediting information
3058	loyalty	noun	the quality of being loyal
3059	encounter	verb	come together
3060	casey		
3061	greet	verb	express greetings upon meeting someone
3062	drain	verb	flow off gradually
3063	rattle	verb	make short successive sounds
3064	highway	noun	a major road for any form of motor transport
3065	whale	noun	a very large person; impressive in size or qualities
3066	vanish	verb	get lost, as without warning or explanation
3067	resource	noun	available source of wealth; a new or reserve supply that can be drawn upon when needed
3068	jacob	noun	French biochemist who (with Jacques Monod) studied regulatory processes in cells (born in 1920)
3069	noon	noun	the middle of the day
3070	alley	noun	a narrow street with walls on both sides
3071	previous	adj	(used especially of persons) of the immediate past
3072	tense	noun	a grammatical category of verbs used to express distinctions of time
3073	lemon	noun	yellow oval fruit with juicy acidic flesh
3074	mickey	noun	(ethnic slur) offensive term for a person of Irish descent
3075	beneath	adv	in or to a place that is lower
3076	dock	noun	an enclosure in a court of law where the defendant sits during the trial
3077	deaf	adj	lacking or deprived of the sense of hearing wholly or in part
3078	bucket	noun	a roughly cylindrical vessel that is open at the top
3079	grey	adj	of an achromatic color of any lightness intermediate between the extremes of white and black
3080	necklace	noun	jewelry consisting of a cord or chain (often bearing gems) worn about the neck as an ornament (especially by women)
3081	conflict	noun	an open clash between two opposing groups (or individuals); --Thomas Paine
3082	journalist	noun	a writer for newspapers and magazines
3083	vessel	noun	a tube in which a body fluid circulates
3084	embrace	verb	include in scope; include as part of something broader; have as one's sphere or territory
3085	twelve	adj	denoting a quantity consisting of 12 items or units
3086	liz		
3087	corn	noun	tall annual cereal grass bearing kernels on large ears: widely cultivated in America in many varieties; the principal cereal in Mexico and Central and South America since pre-Columbian times
3088	technically	adv	with regard to technique
3089	quote	verb	repeat a passage from
3090	reverse	verb	change to the contrary
3091	shatter	verb	break into many pieces
3092	gettin		
3093	steam	verb	travel by means of steam power
3094	cia	noun	an independent agency of the United States government responsible for collecting and coordinating intelligence and counterintelligence activities abroad in the national interest; headed by the Director of Central Intelligence under the supervision of the President and National Security Council
3095	ii	noun	the cardinal number that is the sum of one and one or a numeral representing this number
3096	puppy	noun	a young dog
3097	expression	noun	the feelings expressed on a person's face
3098	accomplish	verb	put in effect
3099	oxygen	noun	a nonmetallic bivalent element that is normally a colorless odorless tasteless nonflammable diatomic gas; constitutes 21 percent of the atmosphere by volume; the most abundant element in the earth's crust
3100	locker	noun	a storage compartment for clothes and valuables; usually it has a lock
3101	misunderstand	verb	interpret in the wrong way
3102	jeez		
3103	custom	noun	accepted or habitual practice
3104	discovery	noun	the act of discovering something
3105	slice	noun	a share of something
3106	mill	noun	a plant consisting of one or more buildings with facilities for manufacturing
3107	scientific	adj	of or relating to the practice of science
3108	slut	noun	a dirty untidy woman
3109	chaos	noun	a state of extreme confusion and disorder
3110	pursue	verb	carry out or participate in an activity; be involved in
3111	boo	verb	show displeasure, as after a performance or speech
3112	soviet	adj	of or relating to or characteristic of the former Soviet Union or its people
3113	stubborn	adj	tenaciously unwilling or marked by tenacious unwillingness to yield
3114	burden	noun	an onerous or difficult concern
3115	salary	noun	something that remunerates
3116	august	noun	the month following July and preceding September
3117	oi		
3118	intense	adj	possessing or displaying a distinctive feature to a heightened degree
3119	talkin		
3120	liver	noun	large and complicated reddish-brown glandular organ located in the upper right portion of the abdominal cavity; secretes bile and functions in metabolism of protein and carbohydrate and fat; synthesizes substances involved in the clotting of the blood; synthesizes vitamin A; detoxifies poisonous substances and breaks down worn-out erythrocytes
3121	communicate	verb	transmit information
3122	gus	noun	the largest and southernmost island in the Marianas which is administered as a territory of the United States; it was ceded by Spain to the United States in 1898
3123	galaxy	noun	a splendid assemblage (especially of famous people)
3124	absolute	adj	perfect or complete or pure
3125	decade	noun	a period of 10 years
3126	instrument	noun	a device that requires skill for proper use
3127	pose	verb	to put forward or introduce, as a question; an affected manner intended to impress
3128	civilian	adj	associated with civil life or performed by persons who are not active members of the military
3129	ideal	adj	conforming to an ultimate standard of perfection or excellence; embodying an ideal
3130	academy	noun	a secondary school (usually private)
3131	compete	verb	compete for something; engage in a contest; measure oneself against others
3132	badge	noun	an emblem (a small piece of plastic or cloth or metal) that signifies your status (rank or membership or affiliation etc.)
3133	unable	adj	(usually followed by `to') not having the necessary means or skill or know-how
3134	invest	verb	make an investment
3135	pierce	verb	cut or make a way through
3136	neighbour	noun	a person who lives (or is located) near another
3137	foundation	noun	the basis on which something is grounded
3138	obsess	verb	haunt like a ghost; pursue
3139	flood	verb	fill quickly beyond capacity; as with a liquid
3140	nest	noun	a structure in which animals lay eggs or give birth to their young
3141	coke	noun	carbon fuel produced by distillation of coal
3142	conclusion	noun	a position or opinion or judgment reached after consideration
3143	meanwhile	adv	at the same time but in another place
3144	blonde	noun	a person with fair skin and hair
3145	nate		
3146	cole	noun	a hardy cabbage with coarse curly leaves that do not form a head
3147	fort	noun	a fortified military post where troops are stationed
3148	region	noun	the extended spatial location of something
3149	weakness	noun	a flaw or weak point
3150	philip	noun	Englishman and husband of Elizabeth II (born 1921)
3151	olivia		
3152	explosive	adj	serving to explode or characterized by explosion or sudden outburst
3153	diet	noun	a prescribed selection of foods
3154	drawer	noun	a boxlike container in a piece of furniture; made so as to slide in and out
3155	reverend	noun	a member of the clergy and a spiritual leader of the Christian Church
3156	corpse	noun	the dead body of a human being
3157	louise		
3158	jazz	noun	empty rhetoric or insincere or exaggerated talk
3159	worthy	adj	having worth or merit or value; being honorable or admirable
3160	suitcase	noun	a portable rectangular container for carrying clothes
3161	williams	noun	United States country singer and songwriter (1923-1953)
3162	display	verb	to show, make visible or apparent
3163	grief	noun	intense sorrow caused by loss of a loved one (especially by death)
3164	fart	noun	a reflex that expels intestinal gas through the anus
3165	labor	noun	a social class comprising those who do manual labor or work for wages
3166	furniture	noun	furnishings that make a room or other area ready for occupancy
3167	warehouse	noun	a storehouse for goods and merchandise
3168	stamp	verb	walk heavily
3169	withdraw	verb	pull back or move away or backward
3170	ralph		
3171	breed	noun	a special variety of domesticated animals within a species
3172	softly	adv	with low volume
3173	rag	noun	a small piece of cloth or paper
3174	vegetable	noun	edible seeds or roots or stems or leaves or bulbs or tubers or nonsweet fruits of any of numerous herbaceous plant
3175	caroline	adj	of or relating to the life and times of kings Charles I or Charles II of England
3176	snack	noun	a light informal meal
3177	worm	noun	any of numerous relatively small elongated soft-bodied animals especially of the phyla Annelida and Chaetognatha and Nematoda and Nemertea and Platyhelminthes; also many insect larvae
3178	catholic	noun	a member of a Catholic church
3179	dessert	noun	a dish served as the last course of a meal
3180	alpha	noun	the 1st letter of the Greek alphabet
3181	soap	noun	a cleansing agent made from the salts of vegetable or animal fats
3182	creepy	adj	annoying and unpleasant
3183	whoop	verb	shout, as if with joy or enthusiasm
3184	electronic	adj	of or relating to electronics; concerned with or using devices that operate on principles governing the behavior of electrons
3185	retreat	verb	pull back or move away or backward
3186	communist	adj	relating to or marked by communism
3187	waiter	noun	a person whose occupation is to serve at table (as in a restaurant)
3188	destruction	noun	the termination of something by causing so much damage to it that it cannot be repaired or no longer exists
3189	keith		
3190	lightning	noun	abrupt electric discharge from cloud to cloud or from cloud to earth accompanied by the emission of light
3191	core	noun	a small group of indispensable persons or things
3192	priority	noun	status established in order of importance or urgency
3193	malcolm		
3194	cheek	noun	either side of the face below the eyes
3195	fascinating	adj	capable of arousing and holding the attention
3196	concept	noun	an abstract or general idea inferred or derived from specific instances
3197	ethan		
3198	proposal	noun	something proposed (such as a plan or assumption)
3199	investment	noun	the act of investing; laying out money or capital in an enterprise with the expectation of profit
3200	ye		
3201	creak	verb	make a high-pitched, screeching noise
3202	politician	noun	a leader engaged in civil administration
3203	soil	noun	the state of being covered with unclean things
3204	elena		
3205	deadly	adj	causing or capable of causing death
3206	crane	verb	stretch (the neck) so as to see better
3207	junk	noun	the remains of something that has been destroyed or broken up
3208	ancestor	noun	someone from whom you are descended (but usually more remote than a grandparent)
3209	ambassador	noun	a diplomat of the highest rank; accredited as representative from one country to another
3210	horror	noun	intense and profound fear
3211	stanley	noun	United States inventor who built a steam-powered automobile (1849-1918)
3212	rita		
3213	southern	adj	in or characteristic of a region of the United States south of (approximately) the Mason-Dixon line
3214	chap	noun	a boy or man
3215	maya	noun	a member of an American Indian people of Yucatan and Belize and Guatemala who had a culture (which reached its peak between AD 300 and 900) characterized by outstanding architecture and pottery and astronomy
3216	mexican	noun	a native or inhabitant of Mexico
3217	july	noun	the month following June and preceding August
3218	speaker	noun	someone who expresses in language; someone who talks (especially someone who delivers a public speech or someone especially garrulous)
3219	typical	adj	exhibiting the qualities or characteristics that identify a group or kind or category
3220	soda	noun	a sodium salt of carbonic acid; used in making soap powders and glass and paper
3221	lamb	noun	young sheep
3222	medication	noun	(medicine) something that treats or prevents or alleviates the symptoms of disease
3223	discussion	noun	an extended communication (often interactive) dealing with some particular topic
3224	remote	adj	located far away; also a handheld device for controlling a machine from a distance
3225	medal	noun	an award for winning a championship or commemorating some other event
3226	latin	noun	any dialect of the language of ancient Rome
3227	ace	noun	the smallest whole number or a numeral representing this number
3228	rot	verb	decay and break down, usually with an offensive smell
3229	toby	noun	a drinking mug in the shape of a stout man wearing a three-cornered hat
3230	sandy	adj	of hair color; pale yellowish to yellowish brown
3231	guardian	noun	a person who cares for persons or property
3232	frog	noun	any of various tailless stout-bodied amphibians with long hind limbs for leaping; semiaquatic and terrestrial species
3233	jin		
3234	jewel	noun	a precious or semiprecious stone incorporated into a piece of jewelry
3235	entry	noun	an item inserted in a written record
3236	pillow	noun	a cushion to support the head of a sleeping person
3237	serial	adj	in regular succession without gaps
3238	rubbish	noun	worthless material that is to be disposed of
3239	feather	noun	the light horny waterproof structure forming the external covering of birds
3240	chapter	noun	a subdivision of a written work; usually numbered and titled
3241	wagon	noun	any of various kinds of wheeled vehicles drawn by an animal or a tractor
3242	sailor	noun	any member of a ship's crew
3243	helpful	adj	providing assistance or serving a useful function
3244	bloke	noun	a boy or man
3245	joan		
3246	clan	noun	group of people related by blood or marriage
3247	supper	noun	a light evening meal; served in early evening if dinner is at midday or served late in the evening at bedtime
3248	alibi	noun	(law) a defense by an accused person purporting to show that he or she could not have committed the crime in question
3249	sammy		
3250	whiskey	noun	a liquor made from fermented mash of grain
3251	addict	noun	someone who is so ardently devoted to something that it resembles an addiction
3252	clatter	verb	make a rattling sound
3253	comedy	noun	light and humorous drama with a happy ending
3254	fraud	noun	intentional deception resulting in injury to another person
3255	description	noun	a statement that represents something in words
3256	bruise	verb	injure the underlying soft tissue or bone of
3257	dive	noun	a cheap disreputable nightclub or dance hall
3258	balloon	noun	large tough nonrigid bag filled with gas or heated air
3259	liquor	noun	an alcoholic beverage that is distilled rather than fermented
3260	bid	verb	propose a payment
3261	throne	noun	the chair of state for a monarch, bishop, etc.
3262	carrie		
3263	thirsty	adj	needing moisture
3264	prosecutor	noun	a government official who conducts criminal prosecutions on behalf of the state
3265	restore	verb	return to its original or usable and functioning condition
3266	extend	verb	extend in scope or range or area
3267	ashley		
3268	random	adj	lacking any definite plan or order or purpose; governed by or depending on chance
3269	bout	noun	(sports) a division during which one team is on the offensive
3270	massage	noun	kneading and rubbing parts of the body to increase circulation and promote relaxation
3271	testimony	noun	a solemn statement made under oath
3272	julian	noun	Roman Emperor and nephew of Constantine; he restored paganism as the official religion of the Roman Empire and destroyed Christian temples but his decision was reversed after his death (331?-363)
3273	active	noun	chemical agent capable of activity
3274	trauma	noun	any physical damage to the body caused by violence or accident or fracture etc.
3275	granny	noun	the mother of your father or mother
3276	executive	noun	a person responsible for the administration of a business
3277	corps	noun	an army unit usually consisting of two or more divisions and their support
3278	korean	noun	a native or inhabitant of Korea who speaks the Korean language
3279	safely	adv	with safety; in a safe manner
3280	alexander	noun	European herb somewhat resembling celery widely naturalized in Britain coastal regions and often cultivated as a potherb
3281	bitter	adj	marked by strong resentment or cynicism
3282	musical	adj	characterized by or capable of producing music
3283	oppose	verb	be against; express opposition to
3284	lookin		
3285	invisible	adj	impossible or nearly impossible to see; imperceptible by the eye
3286	internal	adj	happening or arising or located within some limits or especially surface
3287	pub	noun	tavern consisting of a building with a bar and public rooms; often provides light meals
3288	peaceful	adj	not disturbed by strife or turmoil or war
3289	rehearsal	noun	a practice session in preparation for a public performance (as of a play or speech or concert)
3290	talente		
3291	li	noun	a soft silver-white univalent element of the alkali metal group; the lightest metal known; occurs in several minerals
3292	spike	noun	a transient variation in voltage or current
3293	explore	verb	inquire into
3294	upper	adj	higher in place or position
3295	suggestion	noun	an idea that is suggested
3296	bo		
3297	dedicate	verb	give entirely to a specific person, activity, or cause
3298	baker	noun	someone who bakes commercially
3299	twist	verb	to move in a twisting or contorted motion, (especially when struggling)
3300	marshal	noun	a law officer having duties similar to those of a sheriff in carrying out the judgments of a court of law
3301	puzzle	verb	a baffling problem that has a correct solution; also to bewilder someone
3302	divine	adj	emanating from God; ; ; -Saturday Review
3303	seize	verb	take hold of; grab
3304	opera	noun	a drama set to music; consists of singing with orchestral accompaniment and an orchestral overture and interludes
3305	dope	noun	street names for marijuana
3306	admiral	noun	the supreme commander of a fleet; ranks above a vice admiral and below a fleet admiral
3307	negotiate	verb	discuss the terms of an arrangement
3308	accompany	verb	be present or associated with an event or entity
3309	groom	noun	a man participant in his own marriage ceremony
3310	florida	noun	a state in southeastern United States between the Atlantic and the Gulf of Mexico; one of the Confederate states during the American Civil War
3311	resistance	noun	the action of opposing something that you disapprove or disagree with
3312	aaron	noun	United States professional baseball player who hit more home runs than Babe Ruth (born in 1934)
3313	eternal	adj	continuing forever or indefinitely
3314	lois		
3315	temper	noun	a sudden outburst of anger
3316	european	adj	of or relating to or characteristic of Europe or the people of Europe
3317	victoria	noun	queen of Great Britain and Ireland and empress of India from 1837 to 1901; the last Hanoverian ruler of England (1819-1901)
3318	fabulous	adj	extremely pleasing
3319	ln		
3320	motel	noun	a motor hotel
3321	vow	verb	promise solemnly; also a solemn pledge to do something or behave in a certain way
3322	plug	noun	blockage consisting of an object designed to fill a hole tightly
3323	ruth	noun	United States professional baseball player famous for hitting home runs (1895-1948)
3324	naughty	adj	suggestive of sexual impropriety
3325	vital	adj	urgently needed; absolutely necessary
3326	diane		
3327	mall	noun	a public area set aside as a pedestrian walk
3328	global	adj	involving the entire earth; not limited or provincial in scope
3329	craig		
3330	resident	noun	someone who lives at a particular place for a prolonged period or who was born there
3331	label	verb	assign a label to; designate with a label
3332	harold		
3333	sorrow	noun	an emotion of great sadness associated with loss or bereavement
3334	monica		
3335	constantly	adv	without variation or change, in every case
3336	promote	verb	contribute to the progress or growth of
3337	nicely	adv	in a nice way
3338	roommate	noun	an associate who shares a room with you
3339	broadcast	noun	message that is transmitted by radio or television
3340	entertain	verb	provide entertainment for
3341	survival	noun	a state of surviving; remaining alive
3342	tourist	noun	someone who travels for pleasure
3343	barrel	noun	a tube through which a bullet travels when a gun is fired
3344	zoe		
3345	lamp	noun	an artificial source of visible illumination
3346	stall	noun	a compartment in a stable where a single animal is confined and fed
3347	assign	verb	give an assignment to (a person) to a post, or assign a task to (a person)
3348	diana	noun	English aristocrat who was the first wife of Prince Charles; her death in an automobile accident in Paris produced intense national mourning (1961-1997)
3349	appropriate	adj	suitable for a particular person or place or condition etc
3350	chime	noun	a percussion instrument consisting of a set of tuned bells that are struck with a hammer; used as an orchestral instrument
3351	fold	verb	bend or lay so that one part covers the other
3352	fist	noun	a hand with the fingers clenched in the palm (as for hitting)
3353	wealth	noun	the state of being rich and affluent; having a plentiful supply of material goods and money
3354	dial	verb	operate a dial to select a telephone number
3355	rig	noun	gear (including necessary machinery) for a particular enterprise
3356	muslim	noun	a believer in or follower of Islam
3357	gimme		
3358	editor	noun	a person responsible for the editorial aspects of publication; the person who determines the final content of a text (especially of a newspaper or magazine)
3359	porn	noun	creative activity (writing or pictures or films etc.) of no literary or artistic value other than to stimulate sexual desire
3360	miami	noun	a member of the extinct Algonquian people formerly living in northern Indiana and southern Michigan
3361	fifteen	adj	being one more than fourteen
3362	poet	noun	a writer of poems (the term is usually reserved for writers of good poetry)
3363	parade	noun	a ceremonial procession including people marching
3364	honeymoon	verb	spend a holiday after one's marriage
3365	marshall	noun	United States actor (1914-1998)
3366	casino	noun	a public building for gambling and entertainment
3367	critical	adj	marked by a tendency to find and call attention to errors and flaws
3368	scotland	noun	one of the four countries that make up the United Kingdom of Great Britain and Northern Ireland; located on the northern part of the island of Great Britain; famous for bagpipes and plaids and kilts
3369	infect	verb	communicate a disease to
3370	illness	noun	impairment of normal physiological function affecting part or all of an organism
3371	enormous	adj	extraordinarily large in size or extent or amount or power or degree; ; ; ; - Walter Lippman
3372	debate	noun	a discussion in which reasons are advanced for and against some proposition or proposal
3373	indians	noun	a member of the race of people living in America when Europeans arrived
3374	diary	noun	a daily written record of (usually personal) experiences and observations
3375	nicole		
3376	cherry	noun	wood of any of various cherry trees especially the black cherry
3377	doom	verb	decree or designate beforehand
3378	happily	adv	in a joyous manner
3379	blare	noun	a loud harsh or strident noise
3380	rage	noun	a feeling of intense anger
3381	peanut	noun	underground pod of the peanut vine
3382	ram	verb	strike or drive against with a heavy impact
3383	counter	noun	table consisting of a horizontal surface over which business is transacted
3384	willie		
3385	cart	noun	a heavy open wagon usually having two wheels and drawn by an animal
3386	teenager	noun	a juvenile between the onset of puberty and maturity
3387	recruit	verb	register formally as a participant or member
3388	raw	adj	(used especially of commodities) being unprocessed or manufactured using only simple or minimal processes
3389	purchase	verb	obtain by purchase; acquire by means of a financial transaction
3390	flush	verb	turn red, as if in embarrassment or shame
3391	management	noun	the act of managing something
3392	assignment	noun	a duty that you are assigned to perform (especially in the armed forces)
3393	conquer	verb	to put down by force or authority
3394	canada	noun	a nation in northern North America; the French were the first Europeans to settle in mainland Canada
3395	budget	noun	a sum of money allocated for a particular purpose
3396	phase	noun	any distinct time period in a sequence of events
3397	von		
3398	marco		
3399	building	noun	a structure that has a roof and walls and stands more or less permanently in one place
3400	remarkable	adj	unusual or striking
3401	fond	adj	having or displaying warmth or affection
3402	cooperate	verb	work together on a common enterprise of project
3403	disguise	noun	an outward semblance that misrepresents the true nature of something
3404	sum	noun	a quantity of money
3405	fridge	noun	a refrigerator in which the coolant is pumped around by an electric motor
3406	reply	verb	answer a question, request, or criticism; also the answer itself
3407	cooky	noun	the cook on a ranch or at a camp
3408	designer	noun	a person who specializes in designing architectural interiors and their furnishings
3409	awfully	adv	used as intensifiers
3410	differently	adv	in another and different manner
3411	magnificent	adj	characterized by grandeur
3412	worship	noun	the activity of worshipping
3413	application	noun	the act of bringing something to bear; using it for a particular purpose
3414	spray	noun	a pesticide in suspension or solution; intended for spraying
3415	menu	noun	a list of dishes available at a restaurant
3416	herr	noun	a German man; used before the name as a title equivalent to Mr in English
3417	email	noun	(computer science) a system of world-wide electronic communication in which a computer user can compose a message at one terminal that can be regenerated at the recipient's terminal when the recipient logs in
3418	reception	noun	the manner in which something is greeted
3419	ritual	noun	any customary observance or practice
3420	jersey	noun	a Mid-Atlantic state on the Atlantic; one of the original 13 colonies
3421	barn	noun	an outlying farm building for storing grain or animal feed and housing farm animals
3422	currently	adv	at this time or period; now
3423	narrow	adj	not wide
3424	sucker	noun	a person who is gullible and easy to take advantage of
3425	stream	noun	a natural body of running water flowing on or under the earth
3426	shooter	noun	a large marble used for shooting in the game of marbles
3427	depressed	adj	lower than previously
3428	scheme	noun	an elaborate and systematic plan of action
3429	wicked	adj	morally bad in principle or practice
3430	summon	verb	call in an official matter, such as to attend court
3431	daisy	noun	any of numerous composite plants having flower heads with well-developed ray flowers usually arranged in a single whorl
3432	karl		
3433	cannon	noun	a large artillery gun that is usually on wheels
3434	poetry	noun	literature in metrical form
3435	nap	noun	a period of time spent sleeping
3436	multiple	adj	having or involving or consisting of more than one part or entity or individual
3437	shortly	adv	for a short time
3438	goddess	noun	a female deity
3439	chin	noun	the protruding part of the lower jaw
3440	kidney	noun	either of two bean-shaped excretory organs that filter wastes (especially urea) from the blood and excrete them and water in urine
3441	anxious	adj	eagerly desirous
3442	september	noun	the month following August and preceding October
3443	basketball	noun	a game played on a court by two opposing teams of 5 players; points are scored by throwing the ball through an elevated horizontal hoop
3444	flatter	verb	praise somewhat dishonestly
3445	aii		
3446	shawn	noun	United States dancer and choreographer who collaborated with Ruth Saint Denis (1891-1972)
3447	orphan	noun	a child who has lost both parents
3448	ultimate	adj	furthest or highest in degree or order; utmost or extreme
3449	tissue	noun	part of an organism consisting of an aggregate of cells having a similar structure and function
3450	musician	noun	someone who plays a musical instrument (as a profession)
3451	sausage	noun	highly seasoned minced meat stuffed in casings
3452	pork	noun	meat from a domestic hog or pig
3453	paperwork	noun	work that involves handling papers: forms or letters or reports etc.
3454	celebration	noun	a joyful occasion for special festivities to mark some happy event
3455	lazy	adj	moving slowly and gently
3456	celebrity	noun	a widely known person
3457	russians	noun	a native or inhabitant of Russia
3458	bribe	noun	payment made to a person in a position of trust to corrupt his judgment
3459	magical	adj	possessing or using or characteristic of or appropriate to supernatural powers; ; ; ; - Shakespeare
3460	gig	noun	long and light rowing boat; especially for racing
3461	prostitute	noun	a woman who engages in sexual intercourse for money
3462	basket	noun	a container that is usually woven and has handles
3463	madness	noun	obsolete terms for legal insanity
3464	booze	noun	an alcoholic beverage that is distilled rather than fermented
3465	flirt	verb	talk or behave amorously, without serious intentions
3466	grip	verb	hold fast or firmly
3467	suspend	verb	hang freely
3468	stir	verb	move an implement through
3469	norman	noun	United States operatic soprano (born in 1945)
3470	skirt	noun	cloth covering that forms the part of a garment below the waist
3471	inhale	verb	draw deep into the lungs in by breathing
3472	wrist	noun	a joint between the distal end of the radius and the proximal row of carpal bones
3473	error	noun	a wrong action attributable to bad judgment or ignorance or inattention
3474	cinema	noun	a medium that disseminates moving pictures
3475	halfway	adv	at half the distance; at the middle
3476	forensic	adj	of, relating to, or used in public debate or argument
3477	niece	noun	a daughter of your brother or sister
3478	strain	verb	to exert much effort or energy
3479	cruise	verb	drive around aimlessly but ostentatiously and at leisure
3480	pepper	verb	a spice made from the dried berries (peppercorns) of a tropical climbing plant; also to add pepper to food
3481	sober	adj	not affected by a chemical substance (especially alcohol)
3482	roast	verb	cook with dry heat, usually in an oven; also a piece of meat cooked this way
3483	thud	noun	a heavy dull sound (as made by impact of heavy objects)
3484	natalie		
3485	baron	noun	a nobleman (in various countries) of varying rank
3486	encourage	verb	contribute to the progress or growth of
3487	nelson	noun	English admiral who defeated the French fleets of Napoleon but was mortally wounded at Trafalgar (1758-1805)
3488	korea	noun	an Asian peninsula (off Manchuria) separating the Yellow Sea and the Sea of Japan; the Korean name is Dae-Han-Min-Gook or Han-Gook
3489	thumb	noun	the thick short innermost digit of the forelimb
3490	reference	noun	a remark that calls attention to something or someone
3491	janet		
3492	suspicion	noun	an impression that something might be the case
3493	sew	verb	fasten by sewing; do needlework
3494	connor		
3495	coughs	noun	a sudden noisy expulsion of air from the lungs that clears the air passages; a common symptom of upper respiratory infection or bronchitis or pneumonia or tuberculosis
3496	fleet	adj	group of aircraft operating together under the same ownership
3497	gossip	noun	light informal conversation for social occasions
3498	resign	verb	leave (a job, post, or position) voluntarily
3499	photographer	noun	someone who takes photographs professionally
3500	indistinctly	adv	in a dim indistinct manner
3501	harris	noun	United States author who wrote the stories about Uncle Remus (1848-1908)
3502	valentine	noun	a sweetheart chosen to receive a greeting on Saint Valentine's Day
3503	tease	verb	annoy persistently
3504	promotion	noun	a message issued in behalf of some product or cause or idea or person or institution
3505	homeless	noun	someone unfortunate without housing
3506	pace	noun	the rate of moving (especially walking or running)
3507	unfortunate	adj	not favored by fortune; marked or accompanied by or resulting in ill fortune
3508	howl	noun	a long loud emotional utterance
3509	web	noun	an intricate network suggesting something that was formed by weaving or interweaving
3510	combat	noun	an engagement fought between two military forces
3511	mia		
3512	humor	noun	a message whose ingenuity or verbal skill or incongruity has the power to evoke laughter
3513	broad	adj	having great (or a certain) extent from one side to the other
3514	scrap	noun	a small fragment of something broken off from the whole
3515	raymond		
3516	detect	verb	discover or determine the existence, presence, or fact of
3517	cellphone	noun	a hand-held mobile radiotelephone for use in an area divided into small sections, each with its own short-range transmitter/receiver
3518	select	verb	pick out, select, or choose from a number of alternatives
3519	privacy	noun	the quality of being secluded from the presence or view of others
3520	wisdom	noun	accumulated knowledge or erudition or enlightenment
3521	coffin	noun	box in which a corpse is buried or cremated
3522	translate	verb	restate (words) from one language into another language
3523	ruby	noun	a transparent piece of ruby that has been cut and polished and is valued as a precious gem
3524	temporary	adj	not permanent; not lasting; - James Thurber
3525	rib	noun	support resembling the rib of an animal
3526	effective	adj	producing or capable of producing an intended result or having a striking effect; -LewisMumford
3527	sonny	noun	a male child (a familiar term of address to a boy)
3528	wendy		
3529	analysis	noun	an investigation of the component parts of a whole and their relations in making up the whole
3530	juan		
3531	dot	noun	a very small circular shape
3532	riley	noun	United States poet (1849-1916)
3533	butcher	verb	kill (animals) usually for food consumption
3534	butterfly	noun	diurnal insect typically having a slender body with knobbed antennae and broad colorful wings
3535	sydney	noun	the largest Australian city located in southeastern Australia on the Tasman Sea; state capital of New South Wales; Australia's chief port
3536	ski	noun	narrow wood or metal or plastic runners used in pairs for gliding over snow
3537	erase	verb	remove from memory or existence
3538	neil		
3539	phillip		
3540	combination	noun	a collection of things that have been combined; an assemblage of separate parts or qualities
3541	inner	adj	located inward; - Leonard Bernstein; - David Denby; - A.R.Gurney,Jr.
3542	stare	verb	look at with fixed eyes
3543	necessarily	adv	in an essential manner
3544	gloria		
3545	terror	noun	an overwhelming feeling of fear and anxiety
3546	lame	noun	someone who doesn't understand what is going on
3547	rocky	adj	abounding in rocks or stones
3548	creative	adj	having the ability or power to create
3549	various	adj	of many different kinds purposefully arranged but lacking any uniformity
3550	grandson	noun	a male grandchild
3551	blank	adj	(of a surface) not written or printed on
3552	boob	noun	an ignorant or foolish person
3553	shane		
3554	radar	noun	measuring instrument in which the echo of a pulse of microwave radiation is used to detect and locate distant objects
3555	amber	adj	of a medium to dark brownish yellow color
3556	vast	adj	unusually great in size or amount or degree or especially extent or scope; ; ; ; ; ; ; ; ; - W.R.Inge
3557	quinn		
3558	alliance	noun	the state of being allied or confederated
3559	cookie	noun	any of various small flat sweet cakes (`biscuit' is the British term)
3560	deceive	verb	be false to; be dishonest with
3561	felix		
3562	helmet	noun	armor plate that protects the head
3563	expand	verb	extend in one or more directions
3564	avenue	noun	a line of approach
3565	preserve	verb	keep or maintain in unaltered condition; cause to remain or last
3566	carpet	noun	floor covering consisting of a piece of thick heavy fabric (usually with nap or pile)
3567	caesar	noun	conqueror of Gaul and master of Italy (100-44 BC)
3568	warren	noun	United States writer and poet (1905-1989)
3569	reservation	noun	a district that is reserved for particular purpose
3570	sore	adj	hurting
3571	moscow	noun	a city of central European Russia; formerly capital of both the Soviet Union and Soviet Russia; since 1991 the capital of the Russian Federation
3572	washing	noun	the work of cleansing (usually with soap and water)
3573	lauren		
3574	plead	verb	appeal or request earnestly
3575	mo	noun	an indefinitely short time
3576	asset	noun	a useful or valuable quality
3577	transform	verb	subject to a mathematical transformation
3578	coordinate	verb	bring order and organization to
3579	logan	noun	a mountain peak in the St. Elias Range in the southwestern Yukon Territory in Canada (19,850 feet high)
3580	constant	adj	unvarying in nature
3581	ditch	noun	a long narrow excavation in the earth
3582	gravity	noun	(physics) the force of attraction between all masses in the universe; especially the attraction of the earth's mass for bodies near its surface; ; ; --Albert Einstein
3583	noah	noun	the Hebrew patriarch who saved himself and his family and the animals by building an ark in which they survived 40 days and 40 nights of rain; the story of Noah and the flood is told in the Book of Genesis
3584	evan		
3585	abroad	adv	to or in a foreign country
3586	christine		
3587	symptom	noun	(medicine) any sensation or change in bodily function that is experienced by a patient and is associated with a particular disease
3588	entertainment	noun	an activity that is diverting and that holds the attention
3589	vodka	noun	unaged colorless liquor originating in Russia
3590	predict	verb	make a prediction about; tell in advance
3591	solar	adj	relating to or derived from the sun or utilizing the energies of the sun
3592	pervert	noun	a person whose behavior deviates from what is acceptable especially in sexual behavior
3593	occupy	verb	keep busy with
3594	mug	noun	the quantity that can be held in a mug
3595	activate	verb	put in motion or move to act
3596	announcement	noun	a formal public statement
3597	ranch	noun	farm consisting of a large tract of land along with facilities needed to raise livestock (especially cattle)
3598	bandit	noun	an armed thief who is (usually) a member of a band
3599	difficulty	noun	an effort that is inconvenient
3600	independent	adj	free from external control and constraint
3601	fuss	verb	worry unnecessarily or excessively
3602	prom	noun	a formal ball held for a school class toward the end of the academic year
3603	hut	noun	temporary military shelter
3604	halt	verb	cause to stop
3605	collar	noun	a band that fits around the neck and is usually folded over
3606	irish	adj	of or relating to or characteristic of Ireland or its people
3607	october	noun	the month following September and preceding November
3608	nanny	noun	a woman who is the custodian of children
3609	scandal	noun	disgraceful gossip about the private lives of other people
3610	mel		
3611	chart	noun	a visual display of information
3612	amongst		
3613	persuade	verb	win approval or support for
3614	conspiracy	noun	a secret agreement between two or more people to perform an unlawful act
3615	update	verb	modernize or bring up to date
3616	sunshine	noun	the rays of the sun
3617	envelope	noun	a flat (usually rectangular) container for a letter, thin package, etc.
3618	undercover	adj	conducted with or marked by hidden aims or methods
3619	operator	noun	(mathematics) a symbol or function representing a mathematical operation
3620	contrary	adj	very opposed in nature or character or purpose
3621	rose	noun	any of many shrubs of the genus Rosa that bear roses
3622	poker	noun	fire iron consisting of a metal rod with a handle; used to stir a fire
3623	arrival	noun	accomplishment of an objective
3624	graham	noun	United States evangelical preacher famous as a mass evangelist (born in 1918)
3625	mi	noun	destruction of heart tissue resulting from obstruction of the blood supply to the heart muscle
3626	fu		
3627	ivan		
3628	assist	verb	give help or assistance; be of service
3629	depth	noun	the extent downward or backward or inward
3630	liam		
3631	counselor	noun	someone who gives advice about problems
3632	tragic	adj	very sad; especially involving grief or death or destruction
3633	carla		
3634	uhh		
3635	lincoln	noun	16th President of the United States; saved the Union during the American Civil War and emancipated the slaves; was assassinated by Booth (1809-1865)
3636	travis		
3637	painting	noun	graphic art consisting of an artistic composition made by applying paints to a surface
3638	sis	noun	a female person who has the same parents as another person
3639	commitment	noun	the trait of sincere and steadfast fixity of purpose
3640	superman	noun	a person with great powers and abilities
3641	tennis	noun	a game played with rackets by two or four players who hit a ball back and forth over a net that divides the court
3642	traditional	adj	consisting of or derived from tradition
3643	delicate	adj	exquisitely fine and subtle and pleasing; susceptible to injury
3644	humble	adj	low or inferior in station or quality
3645	leslie		
3646	cycle	noun	an interval during which a recurring sequence of events occurs
3647	brandon		
3648	cocktail	noun	a short mixed drink
3649	colin		
3650	foul	verb	an act that violates the rules of a sport
3651	holme		
3652	bait	noun	anything that serves as an enticement
3653	sniffle	noun	the act of breathing heavily through the nose (as when the nose is congested)
3654	tomato	noun	mildly acid red or yellow pulpy fruit eaten as a vegetable
3655	murmur	verb	speak softly or indistinctly
3656	nowadays	noun	the period of time that is happening now; any continuous stretch of time including the moment of speech
3657	northern	adj	in or characteristic of a region of the United States north of (approximately) the Mason-Dixon line
3658	zoo	noun	the facility where wild animals are housed for exhibition
3659	drift	verb	be in motion due to some air or water current
3660	ant	noun	social insect living in organized colonies; characteristically the males and fertile queen have wings during breeding season; wingless sterile females are the workers
3661	antonio		
3662	gum	noun	a preparation (usually made of sweetened chicle) for chewing
3663	companion	noun	a friend who is frequently in the company of another
3664	ban	verb	forbid the public distribution of ( a movie or a newspaper)
3665	australia	noun	a nation occupying the whole of the Australian continent; Aboriginal tribes are thought to have migrated from southeastern Asia 20,000 years ago; first Europeans were British convicts sent there as a penal colony
3666	overwhelm	verb	overcome, as with emotions or perceptual stimuli
3667	gently	adv	in a gradual manner
3668	snore	verb	breathe noisily during one's sleep
3669	bunny	noun	a young waitress in a nightclub whose costume includes the tail and ears of a rabbit
3670	define	verb	determine the essential quality of
3671	ding	noun	a ringing sound
3672	gunfire	noun	the act of shooting a gun
3673	stitch	noun	a link or loop or knot made by an implement in knitting, crocheting, embroidery, or sewing
3674	certificate	noun	a document attesting to the truth of certain stated facts
3675	backwards	adv	at or to or toward the back or rear
3676	airplane	noun	an aircraft that has a fixed wing and is powered by propellers or jets
3677	rear	noun	the back of a military formation or procession
3678	hooker	noun	United States general in the Union Army who was defeated at Chancellorsville by Robert E. Lee (1814-1879)
3679	iike		
3680	bin	noun	a container; usually has a lid
3681	protocol	noun	(computer science) rules determining the format and transmission of data
3682	petty	noun	larceny of property having a value less than some amount (the amount varies by locale)
3683	bench	noun	a long seat for more than one person
3684	mitch		
3685	spark	verb	put in motion or move to act
3686	leather	noun	an animal skin made smooth and flexible by removing the hair and then tanning
3687	bacon	noun	back and sides of a hog salted and dried or smoked; usually sliced thin and fried
3688	diego		
3689	dutch	adj	of or relating to the Netherlands or its people or culture
3690	forgiveness	noun	compassionate feelings that support a willingness to forgive
3691	permanent	adj	continuing or enduring without marked change in status or condition or place
3692	dammit		
3693	spencer	noun	English philosopher and sociologist who applied the theory of natural selection to human societies (1820-1903)
3694	darn	verb	repair by sewing
3695	sub	verb	be a substitute
3696	alternative	noun	one of a number of things from which only one can be chosen
3697	sunny	adj	bright and pleasant; promoting a feeling of cheer
3698	yen	noun	a yearning for something or to do something
3699	african	adj	of or relating to the nations of Africa or their peoples
3700	myth	noun	a traditional story accepted as history; serves to explain the world view of a people
3701	unfair	adj	not fair; marked by injustice or partiality or deception
3702	suite	noun	a musical composition of several movements only loosely connected
3703	polite	adj	showing regard for others in manners, speech, behavior, etc.
3704	bargain	noun	an agreement between parties (usually arrived at after discussion) fixing obligations of each
3705	mob	noun	a disorderly crowd of people
3706	nigger	noun	(ethnic slur) extremely offensive name for a Black person
3707	illusion	noun	an erroneous mental representation
3708	clip	noun	a metal frame or container holding cartridges; can be inserted into an automatic gun
3709	motorcycle	noun	a motor vehicle with two wheels and a strong frame
3710	reflect	verb	manifest or bring back
3711	pistol	noun	a firearm that is held and fired with one hand
3712	pm	noun	an examination and dissection of a dead body to determine cause of death or the changes produced by disease
3713	ford	noun	United States film maker (1896-1973)
3714	ham	noun	meat cut from the thigh of a hog (usually smoked)
3715	draft	verb	draw up an outline or sketch for something
3716	poster	noun	a sign posted in a public place as an advertisement
3717	sens	noun	street names for marijuana
3718	resolve	verb	bring to an end; settle conclusively
3719	shrink	verb	wither, as with a loss of moisture
3720	absurd	adj	inconsistent with reason or logic or common sense; - Walter Lippman
3721	qualify	verb	prove capable or fit; meet requirements
3722	villain	noun	a wicked or evil person; someone who does evil deliberately
3723	rod	noun	a long thin implement made of metal or wood
3724	lesbian	noun	a female homosexual
3725	bonnie	adj	very pleasing to the eye
3726	lance	noun	a long pointed rod used as a tool or weapon
3727	leonard	noun	United States writer of thrillers (born in 1925)
3728	elliot		
3729	jill		
3730	economy	noun	the system of production and distribution and consumption
3731	acid	noun	any of various water-soluble compounds having a sour taste and capable of turning litmus red and reacting with a base to form a salt
3732	heather	noun	common Old World heath represented by many varieties; low evergreen grown widely in the northern hemisphere
3733	steer	verb	direct the course; determine the direction of travelling
3734	squeak	verb	make a high-pitched, screeching noise
3735	insect	noun	small air-breathing arthropod
3736	lighter	noun	a substance used to ignite or kindle a fire
3737	dana	noun	Celtic goddess who was the mother of the Tuatha De Danann; identified with the Welsh Don
3738	enterprise	noun	a purposeful or industrious undertaking (especially one that requires effort or boldness)
3739	thanksgive		
3740	pierre	noun	capital of the state of South Dakota; located in central South Dakota on the Missouri river
3741	megan		
3742	receipt	noun	the act of receiving
3743	theft	noun	the act of taking something from someone unlawfully
3744	cleaner	noun	a preparation used in cleaning something
3745	adore	verb	love intensely
3746	feast	noun	a ceremonial dinner party for many people
3747	cabinet	noun	a piece of furniture resembling a cupboard with doors and shelves and drawers; for storage or display
3748	sire	verb	a title of address formerly used for a man of rank; also (of a male) to father offspring
3749	immunity	noun	the state of not being susceptible
3750	tin	noun	a silvery malleable metallic element that resists corrosion; used in many alloys and to coat other metals to prevent corrosion; obtained chiefly from cassiterite where it occurs as tin oxide
3751	cricket	noun	leaping insect; male makes chirping noises by rubbing the forewings together
3752	kang		
3753	closely	adv	in a close relation or position in time or space
3754	length	noun	the linear extent in space from one end to the other; the longest dimension of something that is fixed in place
3755	oath	noun	profane or obscene expression usually of surprise or anger
3756	perfume	noun	a distinctive odor that is pleasant
3757	soccer	noun	a football game in which two teams of 11 players try to kick or head a ball into the opponents' goal
3758	combine	verb	have or possess in combination
3759	solo	noun	any activity that is performed alone without assistance
3760	strangle	verb	kill by squeezing the throat of so as to cut off the air
3761	adrian	noun	Roman Emperor who was the adoptive son of Trajan; travelled throughout his empire to strengthen its frontiers and encourage learning and architecture; on a visit to Britain in 122 he ordered the construction of Hadrian's Wall (76-138)
3762	donald		
3763	khan	noun	a title given to rulers or other important people in Asian countries
3764	tension	noun	(psychology) a state of mental or emotional strain or suspense
3765	autopsy	noun	an examination and dissection of a dead body to determine cause of death or the changes produced by disease
3766	rubber	noun	an elastic material obtained from the latex sap of trees (especially trees of the genera Hevea and Ficus) that can be vulcanized and finished into a variety of products
3767	defence	noun	(psychiatry) an unconscious process that tries to reduce the anxiety associated with instinctive desires
3768	november	noun	the month following October and preceding December
3769	discipline	verb	develop (children's) behavior by instruction and practice; especially to teach self-control
3770	debbie		
3771	vault	noun	a burial chamber (usually underground)
3772	whine	verb	move with a whining sound
3773	honking	verb	make a loud noise
3774	penalty	noun	the act of punishing
3775	unconscious	adj	not conscious; lacking awareness and the capacity for sensory perception as if asleep or dead
3776	cattle	noun	domesticated bovine animals as a group regardless of sex or age; ; ; - Bible
3777	fairly	adv	to a moderately sufficient extent or degree
3778	economic	adj	of or relating to an economy, the system of production and management of material wealth
3779	slaughter	noun	the killing of animals (as for food)
3780	wade	verb	walk (through relatively shallow water)
3781	radiation	noun	energy that is radiated or transmitted in the form of rays or waves or particles
3782	column	noun	a line of units following one after another
3783	cigar	noun	a roll of tobacco for smoking
3784	orbit	noun	the (usually elliptical) path described by one celestial body in its revolution about another
3785	specifically	adv	in distinction from others
3786	sarge		
3787	bloom	verb	produce or yield flowers
3788	creation	noun	the human act of creating
3789	envy	verb	a feeling of grudging admiration and desire to have something that is possessed by another
3790	glow	verb	emit a steady even light without flames
3791	ronnie		
3792	gina		
3793	coma	noun	a state of deep and often prolonged unconsciousness; usually the result of disease or injury
3794	infection	noun	the pathological state resulting from the invasion of the body by pathogenic microorganisms
3795	immediate	adj	very close or connected in space or time
3796	mock	verb	treat with contempt
3797	mortal	adj	subject to death
3798	republic	noun	a political system in which the supreme power lies in a body of citizens who can elect people to represent them
3799	di		
3800	hunger	noun	a physiological need for food; the consequence of food deprivation
3801	educate	verb	give an education to
3802	hercule		
3803	counsel	noun	a lawyer who pleads cases in court
3804	gangster	noun	a criminal who is a member of gang
3805	fame	noun	the state or quality of being widely honored and acclaimed
3806	rascal	noun	a deceitful and unreliable scoundrel
3807	seth	noun	(Old Testament) third son of Adam and Eve; given by God in place of the murdered Abel
3808	confront	verb	oppose, as in hostility or a competition
3809	gabriel	noun	(Bible) the archangel who was the messenger of God
3810	liquid	adj	existing as or having characteristics of a liquid; especially tending to flow
3811	barney		
3812	severe	adj	intensely or extremely bad or unpleasant in degree or quality
3813	en	noun	half the width of an em
3814	leap	verb	move forward by leaps and bounds
3815	recipe	noun	directions for making something
3816	franklin	noun	United States historian noted for studies of Black American history (born in 1915)
3817	laser	noun	an acronym for light amplification by stimulated emission of radiation; an optical device that produces an intense monochromatic beam of coherent light
3818	splendid	adj	having great beauty and splendor
3819	endure	verb	put up with something or somebody unpleasant
3820	layer	noun	single thickness of usually some homogeneous substance
3821	ladder	noun	steps consisting of two parallel members connected by rungs; for climbing up or down
3822	savage	adj	(of persons or their actions) able or disposed to inflict pain or suffering
3823	cemetery	noun	a tract of land used for burials
3824	yang	noun	the bright positive masculine principle in Chinese dualistic cosmology
3825	halloween	noun	the evening before All Saints' Day; often devoted to pranks played by young people
3826	ellie		
3827	vulnerable	adj	susceptible to attack
3828	bureau	noun	an administrative unit of government
3829	harper	noun	someone who plays the harp
3830	carson	noun	United States biologist remembered for her opposition to the use of pesticides that were hazardous to wildlife (1907-1964)
3831	benny	noun	East Indian annual erect herb; source of sesame seed or benniseed and sesame oil
3832	troy	noun	a system of weights used for precious metals and gemstones; based on a 12-ounce pound and an ounce of 480 grains
3833	hawk	noun	diurnal bird of prey typically having short rounded wings and a long tail
3834	chan		
3835	hint	verb	drop a hint; intimate by a hint
3836	dale	noun	an open river valley (in a hilly area)
3837	rhythm	noun	the basic rhythmic unit in a piece of music
3838	isolate	verb	place or set apart
3839	tomb	noun	a place for the burial of a corpse (especially beneath the ground and marked by a tombstone)
3840	muffle	verb	conceal or hide
3841	sebastian		
3842	jewelry	noun	an adornment (as a bracelet or ring or necklace) made of precious metals and set with gems (or imitation gems)
3843	ankle	noun	a gliding joint between the distal ends of the tibia and fibula and the proximal end of the talus
3844	disagree	verb	be of different opinions
3845	dummy	noun	a person who does not talk
3846	luggage	noun	cases used to carry belongings when traveling
3847	oops		
3848	lodge	verb	be a lodger; stay temporarily
3849	sketch	noun	preliminary drawing for later elaboration
3850	clothing	noun	a covering designed to be worn on a person's body
3851	plague	verb	a serious infectious disease of rodents passed to people by flea bites; also to afflict or trouble persistently
3852	torch	noun	a light usually carried in the hand; consists of some flammable substance
3853	prior	adj	earlier in time
3854	alike	adj	having the same or similar characteristics
3855	excellency	noun	a title used to address dignitaries (such as ambassadors or governors); usually preceded by `Your' or `His' or `Her'
3856	dough	noun	a flour mixture stiff enough to knead or roll
3857	alicia		
3858	gallery	noun	spectators at a golf or tennis match
3859	christina		
3860	physically	adv	in accord with physical laws
3861	eli		
3862	samantha		
3863	spiritual	adj	concerned with sacred matters or religion or the church
3864	bolt	noun	a discharge of lightning accompanied by thunder
3865	humiliate	verb	cause to feel shame; hurt the pride of
3866	shepherd	noun	a clergyman who watches over a group of people
3867	unexpected	adj	not expected or anticipated
3868	ensure	verb	make certain of
3869	assassin	noun	a murderer (especially one who kills a prominent political figure) who kills by a surprise attack and often is hired to do the deed
3870	visual	adj	relating to or using sight
3871	arse	noun	the fleshy part of the human body that you sit on
3872	homer	noun	a base hit on which the batter scores a run
3873	tara	noun	a village in eastern Ireland (northwest of Dublin); seat of Irish kings until 6th century
3874	christopher	noun	Christian martyr and patron saint of travellers (3rd century)
3875	profession	noun	the body of people in a learned occupation
3876	silk	noun	a fabric made from the fine threads produced by certain insect larvae
3877	opponent	noun	a contestant that you are matched against
3878	instant	noun	a very short time (as the time it takes the eye to blink or the heart to beat)
3879	colony	noun	a body of people who settle far from home but maintain ties with their homeland; inhabitants remain nationals of their home state but are not literally under the home state's system of government
3880	alter	verb	cause to change; make different; cause a transformation
3881	tempt	verb	dispose or incline or entice to
3882	brat	noun	a very troublesome child
3883	overnight	adj	lasting, open, or operating through the whole night
3884	dorothy		
3885	oven	noun	kitchen appliance used for baking or roasting
3886	dignity	noun	the quality of being worthy of esteem or respect
3887	urge	verb	force or impel in an indicated direction
3888	tech	noun	a school teaching mechanical and industrial arts and the applied sciences
3889	heroin	noun	a narcotic that is considered a hard drug; a highly addictive morphine derivative; intravenous injection provides the fastest and most intense rush
3890	tracy	noun	United States film actor who appeared in many films with Katharine Hepburn (1900-1967)
3891	rex	noun	a male sovereign; ruler of a kingdom
3892	fracture	verb	breaking of hard tissue such as bone
3893	inn	noun	a hotel providing overnight lodging for travelers
3894	armor	noun	protective covering made of metal and used in combat
3895	poke	verb	poke or thrust abruptly
3896	shade	noun	relative darkness caused by light rays being intercepted by an opaque body
3897	coal	noun	fossil fuel consisting of carbonized vegetable matter deposited in the Carboniferous period
3898	jule		
3899	genetic	adj	occurring among members of a family usually by heredity
3900	misery	noun	a state of ill-being due to affliction or misfortune
3901	hiss	verb	make a sharp hissing sound, as if to show disapproval
3902	clara		
3903	et		
3904	imitate	verb	reproduce someone's behavior or looks
3905	supreme	adj	final or last in your life or progress
3906	bingo	noun	a game in which numbered balls are drawn at random and players cover the corresponding numbers on their cards
3907	mitchell	noun	English aeronautical engineer (1895-1937)
3908	excitement	noun	the feeling of lively and cheerful joy
3909	mankind	noun	all of the living human inhabitants of the earth
3910	idol	noun	a material effigy that is worshipped
3911	phrase	noun	an expression consisting of one or more words forming a grammatical constituent of a sentence
3912	vietnam	noun	a communist state in Indochina on the South China Sea; achieved independence from France in 1945
3913	killers	noun	someone who causes the death of a person or animal
3914	mario		
3915	initial	adj	occurring at the beginning
3916	sweater	noun	a crocheted or knitted garment covering the upper part of the body
3917	crow	noun	black birds having a raucous call
3918	passage	noun	the act of passing from one state or place to the next
3919	crab	noun	decapod having eyes on short stalks and a broad flattened carapace with a small abdomen folded under the thorax and pincers
3920	harsh	adj	unpleasantly stern
3921	paula		
3922	un	noun	an organization of independent states formed in 1945 to promote international peace and security
3923	cocaine	noun	a narcotic (alkaloid) extracted from coca leaves; used as a surface anesthetic or taken for pleasure; can become powerfully addictive
3924	louder	adj	characterized by or producing sound of great volume or intensity
3925	copper	noun	a ductile malleable reddish-brown corrosion-resistant diamagnetic metallic element; occurs in various minerals but is the only metal that occurs abundantly in large masses; used as an electrical and thermal conductor
3926	cam	noun	a river in east central England that flows past Cambridge to join the Ouse River
3927	dull	adj	lacking in liveliness or animation
3928	possess	verb	have as an attribute, knowledge, or skill
3929	cotton	noun	soft silky fibers from cotton plants in their raw state
3930	taxis	noun	a locomotor response toward or away from an external stimulus by a motile (and usually simple) organism
3931	execution	noun	putting a condemned person to death
3932	disgrace	noun	a state of dishonor
3933	pad	noun	a number of sheets of paper fastened together along one edge
3934	jen		
3935	association	noun	a formal organization of people or groups of people
3936	vomit	verb	eject the contents of the stomach through the mouth
3937	skinny	adj	being very thin
3938	lo		
3939	ambition	noun	a cherished desire
3940	trailer	noun	someone who takes more time than necessary; someone who lags behind
3941	embassy	noun	a diplomatic building where ambassadors live or work
3942	psychic	noun	a person apparently sensitive to things beyond the natural range of perception
3943	assistance	noun	the activity of contributing to the fulfillment of a need or furtherance of an effort or purpose
3944	pigeon	noun	wild and domesticated birds having a heavy body and short legs
3945	elsewhere	adv	in or to another place
3946	condom	noun	contraceptive device consisting of a sheath of thin rubber or latex that is worn over the penis during intercourse
3947	practical	adj	concerned with actual use or practice
3948	consent	noun	permission to do something
3949	adorable	adj	lovable especially in a childlike or naive way
3950	purple	adj	of a color intermediate between red and blue
3951	hatch	verb	emerge from the eggs
3952	personnel	noun	group of people willing to obey orders
3953	era	noun	a period marked by distinctive character or reckoned from a fixed point or event
3954	allen	noun	United States comedienne remembered as the confused but imperturbable partner of her husband, George Burns (1906-1964)
3955	audrey		
3956	tan	noun	a browning of the skin resulting from exposure to the rays of the sun
3957	collin		
3958	factor	noun	anything that contributes causally to a result
3959	nun	noun	a woman religious
3960	cunt	noun	a person (usually but not necessarily a woman) who is thoroughly disliked
3961	inherit	verb	obtain from someone after their death
3962	noodle	noun	a ribbonlike strip of pasta
3963	apologise	verb	defend, explain, clear away, or make excuses for by reasoning
3964	exception	noun	a deliberate act of omission
3965	singh		
3966	sponsor	verb	someone who supports or champions something
3967	leon	noun	a historical area and former kingdom in northwestern Spain
3968	businessman	noun	a person engaged in commercial or industrial business (especially an owner or executive)
3969	haul	verb	draw slowly or heavily
3970	wage	noun	something that remunerates
3971	walt		
3972	eastern	adj	lying toward or situated in the east
3973	ay		
3974	advertise	verb	call attention to
3975	anderson	noun	United States author whose works were frequently autobiographical (1876-1941)
3976	nora		
3977	pale	adj	very light colored; highly diluted with white
3978	si	noun	a tetravalent nonmetallic element; next to oxygen it is the most abundant element in the earth's crust; occurs in clay and feldspar and granite and quartz and sand; used as a semiconductor in transistors
3979	december	noun	the last (12th) month of the year
3980	clerk	noun	an employee who performs clerical work (e.g., keeps records or accounts)
3981	anonymous	adj	having no known name or identity or known source
3982	oldest	adj	(used especially of persons) having lived for a relatively long time or attained a specific age
3983	stack	noun	an orderly pile
3984	grill	noun	a restaurant where food is cooked on a grill
3985	corrupt	adj	lacking in integrity
3986	sixth	adj	coming next after the fifth and just before the seventh in position
3987	dinosaur	noun	any of numerous extinct terrestrial reptiles of the Mesozoic era
3988	skate	noun	sports equipment that is worn on the feet to enable the wearer to glide along and to be propelled by the alternate actions of the legs
3989	egypt	noun	a republic in northeastern Africa known as the United Arab Republic until 1971; site of an ancient civilization that flourished from 2600 to 30 BC
3990	overcome	verb	win a victory over
3991	adjust	verb	alter or regulate so as to achieve accuracy or conform to a standard
3992	gibb		
3993	author	noun	writes (books or stories or articles or the like) professionally (for pay)
3994	prey	noun	a person who is the aim of an attack (especially a victim of ridicule or exploitation) by some hostile person or influence
3995	franc	noun	the basic monetary unit in many countries; equal to 100 centimes
3996	riot	noun	a public act of violence by an unruly mob
3997	ceiling	noun	the overhead upper surface of a covered space
3998	scum	noun	worthless people
3999	civilization	noun	a society in an advanced state of social development (e.g., with complex legal and political and religious organizations)
4000	geez		
4001	investigator	noun	a scientist who devotes himself to doing research
4002	participate	verb	share in something
4003	wizard	noun	someone who is dazzlingly skilled in any field
4004	dash	verb	run or move very quickly or hastily
4005	andrea		
4006	faithful	adj	steadfast in affection or allegiance
4007	hector	noun	(Greek mythology) a mythical Trojan who was killed by Achilles during the Trojan War
4008	discharge	noun	the sudden giving off of energy
4009	primary	adj	of first rank or importance or value; direct and immediate rather than secondary
4010	onion	noun	the bulb of an onion plant
4011	trevor		
4012	freddy		
4013	finance	verb	obtain or provide money for
4014	allison		
4015	shitty	adj	very bad
4016	smack	verb	deliver a hard blow to
4017	resume	verb	take up or begin anew
4018	surf	noun	waves breaking on the shore
4019	affection	noun	a positive feeling of liking
4020	jew	noun	a person belonging to the worldwide group claiming descent from Jacob (or converted to it) and connected by cultural or religious ties
4021	therapist	noun	a person skilled in a particular type of therapy
4022	evolve	verb	work out
4023	corporal	noun	a noncommissioned officer in the Army or Air Force or Marines
4024	tub	noun	a relatively large open container that you fill with water and use to wash the body
4025	elect	verb	select by a vote for an office or membership
4026	del		
4027	hopeless	adj	without hope because there seems to be no possibility of comfort or success
4028	exclaim	verb	utter aloud; often with surprise, horror, or joy
4029	tide	noun	the periodic rise and fall of the sea level under the gravitational pull of the moon
4030	luckily	adv	by good fortune
4031	grocery	noun	a marketplace where groceries are sold
4032	peggy		
4033	hesitate	verb	pause or hold back in uncertainty or unwillingness
4034	murphy	noun	an edible tuber native to South America; a staple food of Ireland
4035	heir	noun	a person who is entitled by law or by the terms of a will to inherit the estate of another
4036	harbor	noun	a sheltered port where ships can take on or discharge cargo
4037	circuit	noun	an electrical device that provides a path for electrical current to flow
4038	gesture	noun	motion of hands or body to emphasize or help to express a thought or feeling
4039	breach	noun	a failure to perform some promised act or obligation
4040	pledge	verb	promise solemnly and formally
4041	vanessa	noun	painted beauty and red admiral
4042	gag	noun	a humorous anecdote or remark intended to provoke laughter
4043	ahem	noun	the utterance of a sound similar to clearing the throat; intended to get attention, express hesitancy, fill a pause, hide embarrassment, warn a friend, etc.
4044	appetite	noun	a feeling of craving something; ; - Granville Hicks
4045	submit	verb	refer for judgment or consideration
4046	pickle	noun	vegetables (especially cucumbers) preserved in brine or vinegar
4047	keen	adj	having or demonstrating ability to recognize or draw fine distinctions
4048	tuck	verb	fit snugly into
4049	aircraft	noun	a vehicle that can fly
4050	representative	noun	a person who represents others
4051	bracelet	noun	a band of cloth or leather or metal links attached to a wristwatch and wrapped around the wrist
4052	carve	verb	form by carving
4053	hon		
4054	gal	noun	United States liquid unit equal to 4 quarts or 3.785 liters
4055	corporation	noun	a business firm whose articles of incorporation have been approved in some state
4056	aggressive	adj	having or showing determination and energetic pursuit of your ends
4057	significant	adj	important in effect or meaning
4058	duncan	noun	United States dancer and pioneer of modern dance (1878-1927)
4059	pony	noun	a range horse of the western United States
4060	devote	verb	give entirely to a specific person, activity, or cause
4061	dunno		
4062	peasant	noun	a country person
4063	perspective	noun	a way of regarding situations or topics etc.
4064	watson	noun	United States telephone engineer who assisted Alexander Graham Bell in his experiments (1854-1934)
4065	satan	noun	(Judeo-Christian and Islamic religions) chief spirit of evil and adversary of God; tempter of mankind; master of Hell
4066	spoon	noun	a piece of cutlery with a shallow bowl-shaped container and a handle; used to stir or serve or take up food
4067	cease	verb	put an end to a state or an activity
4068	perry	noun	United States philosopher (1876-1957)
4069	formula	noun	a group of symbols that make a mathematical statement
4070	foreigner	noun	a person who comes from a foreign country; someone who does not owe allegiance to your country
4071	emerge	verb	come out into view, as from concealment
4072	rosa	noun	large genus of erect or climbing prickly shrubs including roses
4073	mature	verb	develop and reach maturity; undergo maturation
4074	earthquake	noun	shaking and vibration at the surface of the earth resulting from underground movement along a fault plane of from volcanic activity
4075	jenna		
4076	picnic	noun	a day devoted to an outdoor social gathering
4077	invade	verb	march aggressively into another's territory by military force for the purposes of conquest and occupation
4078	sonic	adj	(of speed) having or caused by speed approximately equal to that of sound in air at sea level
4079	soak	verb	submerge in a liquid
4080	tolerate	verb	put up with something or somebody unpleasant
4081	mere	adj	being nothing more than specified
4082	romeo	noun	an ardent male lover
4083	parole	noun	a promise
4084	rainbow	noun	an arc of colored light in the sky caused by refraction of the sun's rays by rain
4085	storage	noun	the act of storing something
4086	destination	noun	the place designated as the end (as of a race or journey)
4087	rusty	adj	covered with or consisting of rust
4088	luxury	noun	something that is an indulgence rather than a necessity
4089	psycho	noun	a person afflicted with psychosis
4090	repay	verb	pay back
4091	sustain	verb	lengthen or extend in duration or space
4092	melissa	noun	a genus of Old World mints of the family Labiatae
4093	waitress	noun	a woman waiter
4094	auction	noun	a variety of bridge in which tricks made in excess of the contract are scored toward game; now generally superseded by contract bridge
4095	knot	noun	a tight cluster of people or things
4096	forge	verb	create by hammering; also a hearth or furnace where metal is heated for shaping
4097	dining	noun	the act of eating dinner
4098	ms	noun	a chronic progressive nervous disorder involving loss of myelin sheath around certain nerve fibers
4099	condemn	verb	express strong disapproval of
4100	corporate	adj	of or belonging to a corporation
4101	jon		
4102	bailey	noun	United States singer (1918-1990)
4103	addition	noun	a component that is added to something to improve it
4104	smarter	adj	showing mental alertness and calculation and resourcefulness
4105	surprising	adj	causing surprise or wonder or amazement
4106	warden	noun	the chief official in charge of a prison
4107	chess	noun	weedy annual native to Europe but widely distributed as a weed especially in wheat
4108	cafe	noun	a small restaurant where drinks and snacks are sold
4109	bonus	noun	anything that tends to arouse
4110	cargo	noun	goods carried by a large vehicle
4111	painter	noun	an artist who paints
4112	wha		
4113	hush	verb	become quiet or still; fall silent
4114	journal	noun	a daily written record of (usually personal) experiences and observations
4115	rosie		
4116	institute	verb	set up or lay the groundwork for
4117	amateur	noun	someone who pursues a study or sport as a pastime
4118	smuggle	verb	import or export without paying customs duties
4119	tender	adj	given to sympathy or gentleness or sentimentality
4120	estimate	verb	judge tentatively or form an estimate of (quantities or time)
4121	lawrence	noun	Roman martyr; supposedly Lawrence was ordered by the police to give up the church's treasure and when he responded by presenting the poor people of Rome he was roasted to death on a gridiron (died in 258)
4122	pencil	noun	a thin cylindrical pointed writing implement; a rod of marking substance encased in wood
4123	pancake	noun	a flat cake of thin batter fried on both sides on a griddle
4124	wee	adj	(used informally) very small
4125	sandra		
4126	teenage	adj	being of the age 13 through 19
4127	kent	noun	a county in southeastern England on the English Channel; formerly an Anglo-Saxon kingdom, it was the first to be colonized by the Romans
4128	stalk	verb	walk stiffly
4129	donkey	noun	the symbol of the Democratic Party; introduced in cartoons by Thomas Nast in 1874
4130	worthless	adj	lacking in usefulness or value
4131	kindness	noun	the quality of being warmhearted and considerate and humane and sympathetic
4132	carriage	noun	a railcar where passengers ride
4133	constable	noun	a lawman with less authority and jurisdiction than a sheriff
4134	employ	verb	put into service; make work or employ for a particular purpose or for its inherent or natural purpose
4135	vein	noun	a blood vessel that carries blood from the capillaries toward the heart
4136	sunset	noun	the time in the evening at which the sun begins to fall below the horizon
4137	paige	noun	United States baseball player; a black pitcher noted for his longevity (1906-1982)
4138	lloyd	noun	United States comic actor in silent films; he used physical danger as a source of comedy (1893-1971)
4139	straighten	verb	straighten up or out; make straight
4140	campus	noun	a field on which the buildings of a university are situated
4141	instrumental	adj	relating to or designed for or performed on musical instruments
4142	scotch	noun	a slight surface cut (especially a notch that is made to keep a tally)
4143	lobby	noun	a large entrance or reception room or area
4144	website	noun	a computer connected to the internet that maintains a series of web pages on the World Wide Web
4145	fur	noun	the dressed hairy coat of a mammal
4146	january	noun	the first month of the year; begins 10 days after the winter solstice
4147	israel	noun	Jewish republic in southwestern Asia at eastern end of Mediterranean; formerly part of Palestine
4148	eleven	adj	being one more than ten
4149	sector	noun	a plane figure bounded by two radii and the included arc of a circle
4150	ginger	noun	perennial plants having thick branching aromatic rhizomes and leafy reedlike stems
4151	violate	verb	fail to agree with; be in violation of; as of rules or patterns
4152	iraq	noun	a republic in the Middle East in western Asia; the ancient civilization of Mesopotamia was in the area now known as Iraq
4153	strict	adj	rigidly accurate; allowing no deviation from a standard
4154	boarding	noun	the act of passengers and crew getting aboard a ship or aircraft
4155	residence	noun	any address at which you dwell more than temporarily
4156	hobby	noun	an auxiliary activity
4157	connie		
4158	stiff	noun	an ordinary man
4159	kindly	adj	showing or motivated by sympathy and understanding and generosity
4160	donate	verb	give to a charity or good cause
4161	curtis	noun	English botanical writer and publisher (1746-1799)
4162	pimp	noun	someone who procures customers for whores (in England they call a pimp a ponce)
4163	bold	adj	fearless and daring
4164	nickname	noun	a familiar name for a person (often a shortened version of a person's given name)
4165	claudia		
4166	sid		
4167	resort	verb	have recourse to
4168	twisted	adj	having an intended meaning altered or misrepresented
4169	sting	noun	a kind of pain; something as sudden and painful as being stung
4170	cameron		
4171	martial	adj	(of persons) befitting a warrior
4172	nigga	noun	(ethnic slur) extremely offensive name for a Black person
4173	puppet	noun	a small figure of a person operated from above with strings by a puppeteer
4174	upside	noun	the highest or uppermost side of anything
4175	imperial	adj	relating to or associated with an empire
4176	pam		
4177	gap	noun	a conspicuous disparity or difference as between two figures
4178	andre		
4179	paranoid	adj	suffering from paranoia
4180	democracy	noun	the political orientation of those who favor government by the people or by their elected representatives
4181	rehearse	verb	engage in a rehearsal (of)
4182	congress	noun	the legislature of the United States government
4183	mole	noun	the molecular weight of a substance expressed in grams; the basic unit of amount of substance adopted under the Systeme International d'Unites
4184	olive	adj	of a yellow-green color similar to that of an unripe olive
4185	villa	noun	Mexican revolutionary leader (1877-1923)
4186	becky		
4187	comic	adj	arousing or provoking laughter
4188	recovery	noun	return to an original state
4189	cindy		
4190	pinch	verb	squeeze tightly between the fingers
4191	championship	noun	the status of being a champion
4192	porter	noun	a person employed to carry luggage and supplies
4193	jaw	noun	the part of the skull of a vertebrate that frames the mouth and holds the teeth
4194	crop	noun	the yield from plants in a single growing season
4195	reed	noun	tall woody perennial grasses with hollow slender stems especially of the genera Arundo and Phragmites
4196	stuart	noun	United States painter best known for his portraits of George Washington (1755-1828)
4197	manipulate	verb	influence or control shrewdly or deviously
4198	neat	adj	clean or organized
4199	robber	noun	a thief who steals from someone by threatening violence
4200	stunt	noun	a difficult or unusual or dangerous feat; usually done to gain attention
4201	goose	noun	web-footed long-necked typically gregarious migratory aquatic birds usually larger and less aquatic than ducks
4202	accidentally	adv	without advance planning
4203	sympathy	noun	an inclination to support or be loyal to or to agree with an opinion
4204	importance	noun	the quality of being important and worthy of note
4205	bachelor	noun	a man who has never been married
4206	peak	noun	the most extreme possible amount or value
4207	trophy	noun	an award for success in war or hunting
4208	psychiatrist	noun	a physician who specializes in psychiatry
4209	pacific	noun	the largest ocean in the world
4210	risky	adj	involving risk or danger
4211	glorious	adj	having or deserving or conferring glory
4212	whack	verb	hit hard
4213	subway	noun	an electric railway operating below the surface of the ground (usually in a city)
4214	champ	noun	someone who has won first place in a competition
4215	hatre		
4216	platform	noun	a raised horizontal surface
4217	acknowledge	verb	declare to be true or admit the existence or reality or truth of
4218	pos	noun	a radioactive metallic element that is similar to tellurium and bismuth; occurs in uranium ores but can be produced by bombarding bismuth with neutrons in a nuclear reactor
4219	panel	noun	sheet that forms a distinct (usually flat and rectangular) section or component of something
4220	kurt		
4221	turner	noun	United States slave and insurrectionist who in 1831 led a rebellion of slaves in Virginia; he was captured and executed (1800-1831)
4222	particle	noun	(nontechnical usage) a tiny piece of anything
4223	ministry	noun	religious ministers collectively (especially Presbyterian)
4224	inspiration	noun	arousal of the mind to special unusual activity or creativity
4225	splash	verb	cause (a liquid) to spatter about, especially with force
4226	dentist	noun	a person qualified to practice dentistry
4227	anyways	adv	used to indicate that a statement explains or supports a previous statement
4228	ew	noun	military action involving the use of electromagnetic energy to determine or exploit or reduce or prevent hostile use of the electromagnetic spectrum
4229	genuine	adj	not fake or counterfeit
4230	daylight	noun	the time after sunrise and before sunset while it is light outside
4231	notify	verb	inform (somebody) of something
4232	origin	noun	the place where something begins, where it springs into being
4233	scent	noun	a distinctive odor that is pleasant
4234	portrait	noun	a word picture of a person's appearance and character
4235	demonstrate	verb	give an exhibition of to an interested audience
4236	mutter	verb	talk indistinctly; usually in a low voice
4237	somewhat	adv	to a small degree or extent
4238	dip	verb	immerse briefly into a liquid so as to wet, coat, or saturate
4239	mumble	verb	talk indistinctly; usually in a low voice
4240	messenger	noun	a person who carries a message
4241	yöu		
4242	breeze	noun	a slight wind (usually refreshing)
4243	mechanic	noun	a craftsman skilled in operating machine tools
4244	password	noun	a secret word or phrase known only to a restricted group
4245	mick	noun	(ethnic slur) offensive term for a person of Irish descent
4246	programme	noun	an announcement of the events that will occur as part of a theatrical or sporting event
4247	brandy	noun	distilled from wine or fermented fruit juice
4248	dime	noun	a United States coin worth one tenth of a dollar
4249	electrical	adj	relating to or concerned with electricity
4250	philosophy	noun	a belief (or system of beliefs) accepted as authoritative by some group or school
4251	sobs	noun	a dyspneic condition
4252	invasion	noun	the act of invading; the act of an army that invades for conquest or plunder
4253	bluff	noun	a high steep bank (usually formed by river erosion)
4254	institution	noun	an organization founded and united for a specific purpose
4255	miranda		
4256	flavor	noun	the general atmosphere of a place or situation and the effect that it has on people
4257	mansion	noun	(astrology) one of 12 equal areas into which the zodiac is divided
4258	appoint	verb	create and charge with a task or function
4259	scatter	verb	to cause to separate and go in different directions
4260	lunatic	adj	insane and believed to be affected by the phases of the moon
4261	blossom	noun	reproductive organ of angiosperm plants especially one having showy or colorful parts
4262	cellar	noun	the lowermost portion of a structure partly or wholly below ground level; often used for storage
4263	herd	noun	a group of cattle or sheep or other domestic mammals all of the same kind that are herded by humans
4264	peel	verb	strip the skin off
4265	joel	noun	a Hebrew minor prophet
4266	glue	verb	join or attach with or as if with glue
4267	helpless	adj	lacking in or deprived of strength or power
4268	arab	noun	a member of a Semitic people originally from the Arabian peninsula and surrounding territories who speaks Arabic and who inhabits much of the Middle East and northern Africa
4269	kennedy	noun	35th President of the United States; established the Peace Corps; assassinated in Dallas (1917-1963)
4270	formal	adj	being in accord with established forms and conventions and requirements (as e.g. of formal dress)
4271	strictly	adv	restricted to something
4272	dimension	noun	the magnitude of something in a particular direction (especially length or width or height)
4273	gwen		
4274	technical	adj	of or relating to technique or proficiency in a practical skill
4275	hallway	noun	an interior passage or corridor onto which rooms open
4276	stella	noun	United States minimalist painter (born in 1936)
4277	devastate	verb	cause extensive destruction or ruin utterly
4278	bald	adj	with no effort to conceal
4279	rival	verb	be equal to in quality or ability
4280	oblige	verb	force somebody to do something
4281	scrub	verb	clean with hard rubbing
4282	depart	verb	move away from a place into another direction
4283	brazil	noun	the largest Latin American country and the largest Portuguese speaking country in the world; located in the central and northeastern part of South America; world's leading coffee exporter
4284	brutal	adj	(of persons or their actions) able or disposed to inflict pain or suffering
4285	alison		
4286	vain	adj	characteristic of false pride; having an exaggerated sense of self-importance
4287	behaviour	noun	the action or reaction of something (as a machine or substance) under specified circumstances
4288	lure	verb	provoke someone to do something through (often false or exaggerated) promises or persuasion
4289	bicycle	noun	a wheeled vehicle that has two wheels and is moved by foot pedals
4290	chi	noun	the circulating life energy that in Chinese philosophy is thought to be inherent in all things; in traditional Chinese medicine the balance of negative and positive forms in the body is believed to be essential for good health
4291	deer	noun	distinguished from Bovidae by the male's having solid deciduous antlers
4292	brooklyn	noun	a borough of New York City
4293	absence	noun	the state of being absent
4294	mourn	verb	feel sadness
4295	tournament	noun	a sporting competition in which contestants play a series of games to decide the winner
4296	convention	noun	a large formal assembly
4297	strap	noun	an elongated leather strip (or a strip of similar material) for binding things together or holding something in position
4298	laptop	noun	a portable computer small enough to use in your lap
4299	benjamin	noun	gum resin used especially in treating skin irritation
4300	nicky		
4301	tae		
4302	den	noun	the habitation of wild animals
4303	shotgun	noun	firearm that is a double-barreled smoothbore shoulder weapon for firing shot at short ranges
4304	bass	noun	the lowest part of the musical range
4305	gypsy	noun	a laborer who moves from place to place as demanded by employment
4306	denise		
4307	yu		
4308	veronica	noun	any plant of the genus Veronica
4309	hiya		
4310	simpson	noun	United States divorcee whose marriage to Edward VIII created a constitutional crisis leading to his abdication
4311	honk	noun	the cry of a goose (or any sound resembling this)
4312	cd	noun	a soft bluish-white ductile malleable toxic bivalent metallic element; occurs in association with zinc ores
4313	samurai	noun	a Japanese warrior who was a member of the feudal military aristocracy
4314	vera		
4315	consciousness	noun	an alert cognitive state in which you are aware of yourself and your situation
4316	verdict	noun	(law) the findings of a jury on issues of fact submitted to it for decision; can be used in formulating a judgment
4317	val		
4318	nikki		
4319	rally	verb	a large gathering of people intended to arouse enthusiasm
4320	buyer	noun	a person who buys
4321	min	noun	a unit of time equal to 60 seconds or 1/60th of an hour
4322	bare	adj	completely unclothed
4323	evacuate	verb	move out of an unsafe location into safety
4324	caleb		
4325	archer	noun	a person who is expert in the use of a bow and arrow
4326	stammer	verb	speak haltingly
4327	wealthy	adj	having an abundant supply of money or possessions of value
4328	fulfil	verb	put in effect
4329	entitle	verb	give the right to
4330	decorate	verb	make more attractive by adding ornament, colour, etc.
4331	volume	noun	the amount of 3-dimensional space occupied by an object
4332	conviction	noun	an unshakable belief in something without need for proof or evidence
4333	dong	noun	the basic unit of money in Vietnam
4334	olympic	adj	of or relating to the Olympic Games
4335	shelf	noun	a support that consists of a horizontal surface for holding objects
4336	jolly	adj	full of or showing high-spirited merriment; ; - Wordsworth
4337	outer	adj	being on the outside or further from a center
4338	morris	noun	United States suffragist in Wyoming (1814-1902)
4339	finn	noun	a native or inhabitant of Finland
4340	scoundrel	noun	a wicked or evil person; someone who does evil deliberately
4341	landscape	noun	an expanse of scenery that can be seen in a single view
4342	fortunately	adv	by good fortune
4343	gotcha		
4344	specialist	noun	an expert who is devoted to one occupation or branch of learning
4345	freddie		
4346	income	noun	the financial gain (earned or unearned) accruing over a given period of time
4347	engineering	noun	the practical application of science to commerce or industry
4348	ty		
4349	jingle	verb	make a sound typical of metallic objects
4350	snatch	verb	to grasp hastily or eagerly
4351	ninja	noun	a member of the ninja who were trained in martial arts and hired for espionage or sabotage or assassinations; a person skilled in ninjutsu
4352	eternity	noun	time without end
4353	harvest	verb	gather, as of natural products
4354	crackle	noun	the sharp sound of snapping noises
4355	handy	adj	easy to reach
4356	tricky	adj	not to be trusted; - James Agee
4357	hike	noun	a long walk usually for exercise or pleasure
4358	imply	verb	express or state indirectly
4359	obtain	verb	come into possession of
4360	compound	verb	make more intense, stronger, or more marked; ,
4361	swamp	noun	low land that is seasonally flooded; has more woody plants than a marsh and better drainage than a bog
4362	justify	verb	show to be reasonable or provide adequate ground for
4363	concrete	noun	a strong hard building material composed of sand and gravel and cement and water
4364	allah	noun	Muslim name for the one and only God
4365	thread	noun	a fine cord of twisted fibers (of cotton or silk or wool or nylon etc.) used in sewing and weaving
4366	euros	noun	the basic monetary unit of most members of the European Union (introduced in 1999); in 2002 twelve European nations (Germany, France, Belgium, Luxembourg, the Netherlands, Italy, Spain, Portugal, Ireland, Greece, Austria, Finland) adopted the euro as their basic unit of money and abandoned their traditional currencies
4367	essential	adj	absolutely necessary; vitally necessary
4368	dialogue	noun	a conversation between two persons
4369	fork	noun	cutlery used for serving and eating food
4370	loudly	adv	with relatively high volume
4371	marvelous	adj	extraordinarily good or great ; used especially as intensifiers
4372	sensor	noun	any device that receives a signal or stimulus (as heat or pressure or light or motion etc.) and responds to it in a distinctive manner
4373	peg	noun	a wooden pin pushed or driven into a surface
4374	brenda		
4375	patty	noun	small flat mass of chopped food
4376	rider	noun	a traveler who actively rides an animal (as a horse or camel)
4377	wax	noun	any of various substances of either mineral origin or plant or animal origin; they are solid at normal temperatures and insoluble in water
4378	invention	noun	the creation of something in the mind
4379	vest	verb	provide with power and authority
4380	wu	noun	a dialect of Chinese spoken in the Yangtze delta
4381	cuff	noun	the lap consisting of a turned-back hem encircling the end of the sleeve or leg
4382	undo	verb	cancel, annul, or reverse an action or its effect
4383	woody	adj	made of or containing or resembling wood
4384	endless	adj	tiresomely long; seemingly without end
4385	nichola		
4386	ingredient	noun	a component of a mixture or compound
4387	drake	noun	English explorer and admiral who was the first Englishman to circumnavigate the globe and who helped to defeat the Spanish Armada (1540-1596)
4388	ego	noun	an inflated feeling of pride in your superiority to others
4389	congratulate	verb	say something to someone that expresses praise
4390	anyhow	adv	used to indicate that a statement explains or supports a previous statement
4391	naive	adj	marked by or showing unaffected simplicity and lack of guile or worldly experience
4392	prosecution	noun	the institution and conduct of legal proceedings against a defendant for criminal behavior
4393	swore	verb	utter obscenities or profanities
4394	consume	verb	eat immoderately
4395	ambush	noun	the act of concealing yourself and lying in wait to attack by surprise
4396	tickle	noun	a cutaneous sensation often resulting from light stroking
4397	prank	noun	acting like a clown or buffoon
4398	argh		
4399	butler	noun	a manservant (usually the head servant of a household) who has charge of wines and the table
4400	aha		
4401	stain	verb	color with a liquid dye or tint
4402	quarrel	verb	have a disagreement over something
4403	shutter	noun	a mechanical device on a camera that opens and closes to control the time of a photographic exposure
4404	autograph	noun	something written by one's own hand
4405	transmission	noun	the act of sending a message; causing a message to be transmitted
4406	sequence	noun	serial arrangement in which things follow in logical order or a recurrent pattern
4407	convenient	adj	suited to your comfort or purpose or needs
4408	straw	noun	plant fiber used e.g. for making baskets and hats or as fodder
4409	loop	noun	fastener consisting of a metal ring for lining a small hole to permit the attachment of cords or lines
4410	panty	noun	short underpants for women or children (usually used in the plural)
4411	maurice		
4412	maker	noun	a person who makes things
4413	originally	adv	in an original manner
4414	pronounce	verb	speak, pronounce, or utter in a certain way
4415	vet	noun	a doctor who practices veterinary medicine
4416	lawn	noun	a field of cultivated and mowed grass
4417	bodyguard	noun	someone who escorts and protects a prominent person
4418	peach	noun	cultivated in temperate regions
4419	physics	noun	the science of matter and energy and their interactions
4420	phoebe	noun	the cardinal number that is the sum of four and one
4421	furious	adj	marked by extreme and violent energy
4422	scenario	noun	an outline or synopsis of a play (or, by extension, of a literary work)
4423	edit	verb	prepare for publication or presentation by correcting, revising, or adapting
4424	umbrella	noun	a lightweight handheld collapsible canopy
4425	rail	noun	a barrier consisting of a horizontal bar and supports
4426	revolutionary	adj	markedly new or introducing radical change
4427	convert	verb	change from one system to another or to a new plan or policy
4428	acquire	verb	come into the possession of something concrete or abstract
4429	accurate	adj	conforming exactly or almost exactly to fact or to a standard or performing with total accuracy
4430	kung		
4431	violet	noun	any of numerous low-growing violas with small flowers
4432	mushroom	noun	common name for an edible agaric (contrasting with the inedible toadstool)
4433	sharon		
4434	observation	noun	the act of making and recording a measurement
4435	underestimate	verb	assign too low a value to
4436	bernard	noun	French physiologist noted for research on secretions of the alimentary canal and the glycogenic function of the liver (1813-1878)
4437	dispatch	verb	send away towards a designated goal
4438	jessie		
4439	wang		
4440	harrison	noun	English actor on stage and in films (1908-1990)
4441	las	noun	a white soft metallic element that tarnishes readily; occurs in rare earth minerals and is usually classified as a rare earth
4442	winston		
4443	mat	noun	a thick flat pad used as a floor covering
4444	generally	adv	usually; as a rule
4445	cloth	noun	artifact made by weaving or felting or knitting or crocheting natural or synthetic fibers
4446	secretly	adv	in secrecy; not openly
4447	hockey	noun	a game resembling ice hockey that is played on an open field; two opposing teams use curved sticks try to drive a ball into the opponents' net
4448	maximum	adj	the greatest or most complete or best possible
4449	bart	noun	a member of the British order of honor; ranks below a baron but above a knight
4450	forty	adj	being ten more than thirty
4451	pond	noun	a small lake
4452	shrimp	noun	disparaging terms for small people
4453	craft	noun	the skilled practice of a practical occupation
4454	astronaut	noun	a person trained to travel in a spacecraft
4455	wallace	noun	Scottish insurgent who led the resistance to Edward I; in 1297 he gained control of Scotland briefly until Edward invaded Scotland again and defeated Wallace and subsequently executed him (1270-1305)
4456	lust	noun	a strong sexual desire
4457	depression	noun	a mental state characterized by a pessimistic sense of inadequacy and a despondent lack of activity
4458	substance	noun	the real physical matter of which a person or thing consists
4459	magician	noun	someone who performs magic tricks to amuse an audience
4460	mates	noun	a pair of people who live together
4461	applaud	verb	clap one's hands or shout after performances to indicate approval
4462	honesty	noun	the quality of being honest
4463	frequency	noun	the number of occurrences within a given time period
4464	merchant	noun	a businessperson engaged in retail trade
4465	jung	noun	Swiss psychologist (1875-1961)
4466	corridor	noun	an enclosed passageway; rooms usually open onto it
4467	katherine		
4468	kay		
4469	drone	noun	stingless male bee in a colony of social bees (especially honeybees) whose sole function is to mate with the queen
4470	sleeve	noun	the part of a garment that is attached at the armhole and that provides a cloth covering for the arm
4471	predator	noun	someone who attacks in search of booty
4472	disorder	noun	a physical condition in which there is a disturbance of normal functioning
4473	adams	noun	American Revolutionary leader and patriot; an organizer of the Boston Tea Party and signer of the Declaration of Independence (1722-1803)
4474	biscuit	noun	small round bread leavened with baking-powder or soda
4475	retirement	noun	the state of being retired from one's business or occupation
4476	claus		
4477	erica	noun	any plant of the genus Erica
4478	salute	verb	an act of honor or courteous recognition
4479	wig	noun	hairpiece covering the head and made of real or synthetic hair
4480	shriek	noun	sharp piercing cry
4481	settlement	noun	a body of people who settle far from home but maintain ties with their homeland; inhabitants remain nationals of their home state but are not literally under the home state's system of government
4482	barbecue	verb	cook outdoors on a barbecue grill
4483	tryin		
4484	manhattan	noun	one of the five boroughs of New York City
4485	household	noun	a social unit living together
4486	rang	verb	sound loudly and sonorously
4487	presentation	noun	the activity of formally presenting something (as a prize or reward)
4488	fatal	adj	bringing death
4489	rack	noun	framework for holding objects
4490	grain	noun	a relatively small granular particle of a substance
4491	zach		
4492	ja		
4493	mikey		
4494	len		
4495	lola		
4496	rory		
4497	richie		
4498	mademoiselle	noun	small silvery drumfish often mistaken for white perch; found along coasts of United States from New York to Mexico
4499	blink	verb	briefly shut the eyes
4500	rodney		
4501	presume	verb	take to be the case or to be true; accept without verification or proof
4502	pregnancy	noun	the state of being pregnant; the period from conception to birth when a woman carries a developing fetus in her uterus
4503	herb	noun	a plant lacking a permanent woody stem; many are flowering garden plants or potherbs; some having medicinal properties; some are pests
4504	carrot	noun	deep orange edible root of the cultivated carrot plant
4505	dizzy	adj	having or causing a whirling sensation; liable to falling
4506	georgia	noun	a state in southeastern United States; one of the Confederate states during the American Civil War
4507	lydia	noun	an ancient region on the coast of western Asia Minor; a powerful kingdom until conquered by the Persians in 546 BC
4508	oak	noun	the hard durable wood of any oak; used especially for furniture and flooring
4509	alfre		
4510	ana	noun	mother of the ancient Irish gods; sometimes identified with Danu
4511	minimum	adj	the least possible
4512	hee		
4513	crook	noun	someone who has committed a crime or has been legally convicted of a crime
4514	carman		
4515	mutant	noun	(biology) an organism that has characteristics resulting from chromosomal alteration
4516	chopper	noun	a grounder that bounces high in the air
4517	prescription	noun	directions prescribed beforehand; the action of prescribing authoritative rules or directions
4518	campbell	noun	United States mythologist (1904-1987)
4519	bra	noun	an undergarment worn by women to support their breasts
4520	lin	noun	United States sculptor and architect whose public works include the memorial to veterans of the Vietnam War in Washington (born in 1959)
4521	nile	noun	the world's longest river (4150 miles); flows northward through eastern Africa into the Mediterranean; the Nile River valley in Egypt was the site of the world's first great civilization
4522	th	noun	the fifth day of the week; the fourth working day
4523	kirk	noun	a Scottish church
4524	pedro		
4525	se	noun	a toxic nonmetallic element related to sulfur and tellurium; occurs in several allotropic forms; a stable grey metallike allotrope conducts electricity better in the light than in the dark and is used in photocells; occurs in sulfide ores (as pyrite)
4526	naomi	noun	the mother-in-law of Ruth whose story is told in the Book of Ruth in the Old Testament
4527	deceased	adj	dead
4528	sleepy	adj	ready to fall asleep
4529	static	adj	not in physical motion; also a crackling or hissing noise caused by electrical interference
4530	bugger	noun	someone who engages in anal copulation (especially a male who engages in anal copulation with another male)
4531	hawaii	noun	a state in the United States in the central Pacific on the Hawaiian Islands
4532	almighty	noun	terms referring to the Judeo-Christian God
4533	climate	noun	the weather in some location averaged over some long period of time
4534	murray	noun	British classical scholar (born in Australia) who advocated the League of Nations and the United Nations (1866-1957)
4535	bruno	noun	German pope from 1049 to 1054 whose papacy was the beginning of papal reforms in the 11th century (1002-1054)
4536	approval	noun	the formal act of approving
4537	trouser	noun	(usually in the plural) a garment extending from the waist to the knee or ankle, covering each leg separately
4538	capacity	noun	capability to perform or produce
4539	jan	noun	the first month of the year; begins 10 days after the winter solstice
4540	legally	adv	by law; conforming to the law
4541	regulation	noun	an authoritative rule
4542	arnold	noun	English poet and literary critic (1822-1888)
4543	rupee	noun	the basic unit of money in Sri Lanka; equal to 100 cents
4544	domestic	adj	of concern to or concerning the internal affairs of a nation
4545	ransom	noun	money demanded for the return of a captured person
4546	chang	noun	the longest river of Asia; flows eastward from Tibet into the East China Sea near Shanghai
4547	triple	noun	a base hit at which the batter stops safely at third base
4548	glenn	noun	made the first orbital rocket-powered flight by a United States astronaut in 1962; later in United States Senate (1921-)
4549	spite	noun	feeling a need to see others suffer
4550	clearing	noun	a tract of land with few or no trees in the middle of a wooded area
4551	fortunate	adj	having unexpected good fortune
4552	preparation	noun	the activity of putting or setting in order in advance of some act or purpose
4553	gin	noun	strong liquor flavored with juniper berries
4554	topic	noun	the subject matter of a conversation or discussion
4555	austin	noun	state capital of Texas on the Colorado River; site of the University of Texas
4556	swap	verb	exchange or give (something) in exchange for
4557	intel		
4558	growth	noun	(biology) the process of an individual organism growing organically; a purely biological unfolding of events involved in an organism changing gradually from a simple to a more complex level
4559	daphne	noun	any of several ornamental shrubs with shiny mostly evergreen leaves and clusters of small bell-shaped flowers
4560	casualty	noun	someone injured or killed or captured or missing in a military engagement
4561	distress	noun	psychological suffering
4562	theirs		
4563	firework	noun	(usually plural) a device with an explosive that burns at a low rate and with colored flames; can be used to illuminate areas or send signals etc.
4564	aspect	noun	a distinct feature or element in a problem
4565	burt	noun	English psychologist whose studies of twins were later said to have used fabricated data (1883-1971)
4566	hilarious	adj	marked by or causing boisterous merriment or convulsive laughter
4567	salesman	noun	a man salesperson
4568	exploit	verb	use or manipulate to one's advantage
4569	hamilton	noun	Irish mathematician (1806-1865)
4570	laboratory	noun	a workplace for the conduct of scientific research
4571	exclusive	adj	not divided or shared with others
4572	consult	verb	get or ask advice from
4573	runway	noun	a bar or pair of parallel bars of rolled steel making the railway along which railroad cars or other vehicles can roll
4574	confusion	noun	disorder resulting from a failure to behave predictably
4575	stark	adj	devoid of any qualifications or disguise or adornment
4576	expectation	noun	belief about (or mental picture of) the future
4577	cord	noun	a line made of twisted fibers or threads
4578	dame	noun	informal terms for a (young) woman
4579	bombing	noun	an attack by dropping bombs
4580	dreadful	adj	causing fear or dread or terror
4581	sheila		
4582	douglas	noun	United States politician who proposed that individual territories be allowed to decide whether they would have slavery; he engaged in a famous series of debates with Abraham Lincoln (1813-1861)
4583	february	noun	the month following January and preceding March
4584	forehead	noun	the part of the face above the eyes
4585	elvis	noun	street name for lysergic acid diethylamide
4586	racist	noun	a person with a prejudiced belief that one race is superior to others
4587	cripple	verb	deprive of strength or efficiency; make useless or worthless
4588	sung	noun	the imperial dynasty of China from 960 to 1279; noted for art and literature and philosophy
4589	rebuild	verb	build again
4590	stash	noun	a secret store of valuables or money
4591	brass	noun	an alloy of copper and zinc
4592	zack		
4593	egyptian	noun	a native or inhabitant of Egypt
4594	buffalo	noun	large shaggy-haired brown bison of North American plains
4595	tasty	adj	pleasing to the sense of taste
4596	rarely	adv	not often
4597	manual	noun	a small handbook
4598	exhibit	verb	show an attribute, property, knowledge, or skill
4599	wyatt	noun	English architect (1746-1813)
4600	irene		
4601	railway	noun	line that is the commercial organization responsible for operating a system of transportation for trains that pull passengers or freight
4602	dee		
4603	chemistry	noun	the science of matter; the branch of the natural sciences dealing with the composition of substances and their properties and reactions
4604	puke	noun	a person who is deemed to be despicable or contemptible
4605	delete	verb	remove or make invisible
4606	shakespeare	noun	English poet and dramatist considered one of the greatest English writers (1564-1616)
4607	phoenix	noun	the state capital and largest city located in south central Arizona; situated in a former desert that has become a prosperous agricultural area thanks to irrigation
4608	lottery	noun	something that is regarded as a chance event
4609	publicity	noun	a message issued in behalf of some product or cause or idea or person or institution
4610	cal		
4611	objective	noun	the goal intended to be attained (and which is believed to be attainable)
4612	tremendous	adj	extraordinarily large in size or extent or amount or power or degree; ; ; ; - Walter Lippman
4613	cape	noun	a strip of land projecting into a body of water
4614	dearest	noun	a beloved person; used as terms of endearment
4615	intimate	adj	marked by close acquaintance, association, or familiarity; ;  - V.L. Parrington
4616	eager	adj	having or showing keen interest or intense desire or impatient expectancy
4617	cathy		
4618	scholarship	noun	financial aid provided to a student on the basis of academic merit
4619	telegram	noun	a message transmitted by telegraph
4620	atlantic	noun	the 2nd largest ocean; separates North and South America on the west from Europe and Africa on the east
4621	thompson	noun	United States classical archaeologist (born in Canada) noted for leading the excavation of the Athenian agora (1906-2000)
4622	shirley		
4623	allergic	adj	characterized by or caused by allergy
4624	chen	noun	wild goose having white adult plumage
4625	logic	noun	the branch of philosophy that analyzes inference
4626	gratitude	noun	a feeling of thankfulness and appreciation
4627	thug	noun	an aggressive and violent young criminal
4628	afghanistan	noun	a mountainous landlocked country in central Asia; bordered by Iran to the west and Russia to the north and Pakistan to the east and south
4629	ultimately	adv	as the end result of a succession or process
4630	pablo		
4631	majority	noun	the property resulting from being or relating to the greater in number of two parts; the main part
4632	calculate	verb	make a mathematical calculation or computation
4633	bent	noun	a relatively permanent inclination to react in a particular way
4634	metre	noun	the basic unit of length adopted under the Systeme International d'Unites (approximately 1.094 yards)
4635	meg	noun	the number that is represented as a one followed by 6 zeros
4636	ink	noun	a liquid used for printing or writing or drawing
4637	teresa	noun	Indian nun and missionary in the Roman Catholic Church (born of Albanian parents in what is now Macedonia); dedicated to helping the poor in India (1910-1997)
4638	administration	noun	a method of tending to or managing the affairs of a some group of people (especially the group's business affairs)
4639	reform	noun	a change for the better as a result of correcting abuses
4640	passionate	adj	having or expressing strong emotions
4641	spar	noun	any of various nonmetallic minerals (calcite or feldspar) that are light in color and transparent or translucent and cleavable
4642	precise	adj	sharply exact or accurate or delimited
4643	via		
4644	inmate	noun	one of several resident of a dwelling (especially someone confined to a prison or hospital)
4645	fuse	verb	mix together different elements
4646	retard	verb	cause to move more slowly or operate at a slower rate
4647	bomber	noun	a military aircraft that drops bombs during flight
4648	buddha	noun	founder of Buddhism; worshipped as a god (c 563-483 BC)
4649	donor	noun	person who makes a gift of property
4650	lena	noun	a Russian river in Siberia; flows northward into the Laptev Sea
4651	minus	noun	an arithmetic operation in which the difference between two numbers is calculated
4652	caitlyn		
4653	dam	noun	a barrier constructed to contain the flow of water or to keep out the sea
4654	angie		
4655	seattle	noun	a major port of entry and the largest city in Washington; located in west central Washington on the protected waters of Puget Sound with the snow-capped peaks of the Cascade Range and Mount Ranier visible to the south and east; an aerospace and computer center; site of the University of Washington
4656	athlete	noun	a person trained to compete in sports
4657	aww		
4658	nerd	noun	an insignificant student who is ridiculed as being affected or boringly studious
4659	healing	noun	the natural process by which the body repairs itself
4660	obligation	noun	the social force that binds you to the courses of action demanded by that force; ; - John D.Rockefeller Jr
4661	roam	verb	move about aimlessly or without any destination, often in search of food or employment
4662	sonia		
4663	boundary	noun	the line or plane indicating the limit or extent of something
4664	hostile	adj	characterized by enmity or ill will
4665	versus		
4666	anchor	noun	a mechanical device that prevents a vessel from moving
4667	dodge	verb	make a sudden movement in a new direction so as to avoid
4668	boyd		
4669	melody	noun	a succession of notes forming a distinctive sequence
4670	reunion	noun	a party of former associates who have come together again
4671	clarence	noun	a closed carriage with four wheels and seats for four passengers
4672	madison	noun	4th President of the United States; member of the Continental Congress and rapporteur at the Constitutional Convention in 1776; helped frame the Bill of Rights (1751-1836)
4673	landlord	noun	a landowner who leases to others
4674	ache	verb	feel a dull, persistent pain; also such a pain
4675	calendar	noun	a system of timekeeping that defines the beginning and length and divisions of the year
4676	labour	noun	a social class comprising those who do manual labor or work for wages
4677	triumph	noun	a successful ending of a struggle or contest
4678	pine	noun	a coniferous tree
4679	descend	verb	move downward and lower, but not necessarily all the way
4680	anxiety	noun	(psychiatry) a relatively permanent state of worry and nervousness occurring in a variety of mental disorders, usually accompanied by compulsive behavior or attacks of panic
4681	beggar	noun	a pauper who lives by begging
4682	creek	noun	a natural stream of water smaller than a river (and often a tributary of a river)
4683	yi	noun	a Loloish language
4684	vicky		
4685	wooden	adj	made or consisting of (entirely or in part) or employing wood
4686	innocence	noun	the quality of innocent naivete
4687	railroad	noun	line that is the commercial organization responsible for operating a system of transportation for trains that pull passengers or freight
4688	avenge	verb	take revenge for a perceived wrong
4689	sasha		
4690	ape	noun	any of various primates with short tails or no tail at all
4691	unh		
4692	replacement	noun	the act of furnishing an equivalent person or thing in the place of another
4693	miguel		
4694	lobster	noun	flesh of a lobster
4695	antique	adj	made in or typical of earlier times and valued for its age
4696	robbie		
4697	lana		
4698	accomplice	noun	a person who joins with another in carrying out some plan (especially an unethical or illegal plan)
4699	torment	noun	unbearable physical pain
4700	mona	noun	an island to the northwest of Wales
4701	sickness	noun	impairment of normal physiological function affecting part or all of an organism
4702	facebook		
4703	comb	noun	a flat device with narrow pointed teeth on one edge; disentangles or arranges hair
4704	pupil	noun	a learner who is enrolled in an educational institution
4705	messy	adj	dirty and disorderly
4706	florence	noun	a city in central Italy on the Arno; provincial capital of Tuscany; center of the Italian Renaissance from 14th to 16th centuries
4707	continent	noun	one of the large landmasses of the earth
4708	prophet	noun	an authoritative person who divines the future
4709	juliet		
4710	robe	noun	any loose flowing garment
4711	earring	noun	jewelry to ornament the ear; usually clipped to the earlobe or fastened through a hole in the lobe
4712	tore	noun	commonly the lowest molding at the base of a column
4713	seventh	adj	coming next after the sixth and just before the eighth in position
4714	ou		
4715	cue	noun	an actor's line that immediately precedes and serves as a reminder for some action or speech
4716	limb	noun	one of the jointed appendages of an animal used for locomotion or grasping: arm; leg; wing; flipper
4717	dawson	noun	a town in northwestern Canada in the Yukon on the Yukon River; a boom town around 1900 when gold was discovered in the Klondike
4718	isaac	noun	(Old Testament) the second patriarch; son of Abraham and Sarah who was offered by Abraham as a sacrifice to God; father of Jacob and Esau
4719	diner	noun	a person eating a meal (especially in a restaurant)
4720	chad	noun	a small piece of paper that is supposed to be removed when a hole is punched in a card or paper tape
4721	ballet	noun	a theatrical representation of a story that is performed to music by trained dancers
4722	raj	noun	British dominion over India (1757-1947)
4723	alcoholic	noun	a person who drinks alcohol to excess habitually
4724	download	verb	transfer a file or program from a central computer to a smaller computer or to a computer at a remote location
4725	tumor	noun	an abnormal new mass of tissue that serves no purpose
4726	harmless	adj	not causing or capable of causing harm
4727	barrier	noun	a structure or object that impedes free movement
4728	curiosity	noun	a state in which you want to learn more about something
4729	vicious	adj	(of persons or their actions) able or disposed to inflict pain or suffering
4730	tremble	verb	move or jerk quickly and involuntarily up and down or sideways
4731	translation	noun	a written communication in a second language having the same meaning as the written communication in a first language
4732	manny		
4733	que		
4734	grind	verb	press or grind with a crushing noise
4735	shocking	adj	glaringly vivid and graphic; marked by sensationalism
4736	mortgage	noun	a conditional conveyance of property as security for the repayment of a loan
4737	greedy	adj	immoderately desirous of acquiring e.g. wealth
4738	classify	verb	arrange or order by classes or categories
4739	rudy		
4740	fountain	noun	a structure from which an artificially produced jet of water arises
4741	fog	noun	droplets of water vapor suspended in the air near the ground
4742	flu	noun	an acute febrile highly contagious viral disease
4743	sabotage	noun	a deliberate act of destruction or disruption in which equipment is damaged
4744	architect	noun	someone who creates plans to be used in making something (such as buildings)
4745	erin	noun	an early name of Ireland that is now used in poetry
4746	interrogation	noun	a sentence of inquiry that asks for a reply
4747	autumn	noun	the season when the leaves fall from the trees
4748	bartender	noun	an employee who mixes and serves alcoholic drinks at a bar
4749	arrogant	adj	having or showing feelings of unwarranted importance out of overbearing pride
4750	frost	noun	ice crystals forming a white deposit (especially on objects outside)
4751	piper	noun	someone who plays the bagpipe
4752	sperm	noun	the male reproductive cell; the male gamete
4753	seduce	verb	induce to have sex
4754	lindsay	noun	United States playwright who collaborated with Russel Crouse on several musicals (1889-1931)
4755	fare	noun	an agenda of things to do
4756	alexis		
4757	demonstration	noun	a show or display; the act of presenting something to sight or view
4758	fulfill	verb	put in effect
4759	bun	noun	small rounded bread either plain or sweet
4760	tucker	noun	United States anarchist influential before World War I (1854-1939)
4761	op		
4762	shuttle	verb	travel back and forth between two points
4763	whatsoever	adj	one or some or every or all without specification
4764	homeland	noun	the country where you were born
4765	grenade	noun	a small explosive bomb thrown by hand or fired from a missile
4766	teen	adj	being of the age 13 through 19
4767	damon	noun	the friend of Phintias who pledged his life that Phintias would return (4th century BC)
4768	leaf	noun	the main organ of photosynthesis and transpiration in higher plants
4769	memorial	noun	a recognition of meritorious service
4770	bash	noun	a vigorous blow
4771	yankee	noun	an American who lives in the North (especially during the American Civil War)
4772	brooke	noun	English lyric poet (1887-1915)
4773	haircut	noun	the style in which hair has been cut
4774	provoke	verb	call forth (emotions, feelings, and responses)
4775	mode	noun	how something is done or how it happens
4776	ivy	noun	Old World vine with lobed evergreen leaves and black berrylike fruits
4777	approximately	adv	(of quantities) imprecise but fairly close to correct
4778	fabric	noun	artifact made by weaving or felting or knitting or crocheting natural or synthetic fibers
4779	accountant	noun	someone who maintains and audits business accounts
4780	sip	verb	drink in sips
4781	reign	verb	have sovereign power
4782	sniper	noun	a marksman who shoots at people from a concealed place
4783	unlikely	adj	not likely to be true or to occur or to have occurred
4784	weep	verb	shed tears because of sadness, rage, or pain
4785	choi		
4786	database	noun	an organized body of related information
4787	choir	noun	a chorus that sings as part of a religious ceremony
4788	strawberry	noun	sweet fleshy red fruit
4789	scarf	noun	a garment worn around the head or neck or shoulders for warmth or decoration
4790	stewart	noun	United States film actor who portrayed incorruptible but modest heros (1908-1997)
4791	generate	verb	bring into existence
4792	mutual	adj	common to or shared by two or more parties
4793	lighting	noun	having abundant light or illumination
4794	heartbeat	noun	the rhythmic contraction and expansion of the arteries with each beat of the heart
4795	lenny		
4796	rogue	noun	a deceitful and unreliable scoundrel
4797	saving	noun	an act of economizing; reduction in cost
4798	accusation	noun	a formal charge of wrongdoing brought against a person; the act of imputing blame or guilt
4799	beware	verb	be on one's guard; be cautious or wary about; be alert to
4800	cottage	noun	a small house with a single story
4801	stephanie		
4802	spear	verb	a long pointed rod used as a tool or weapon
4803	cassie	noun	tropical American thorny shrub or small tree; fragrant yellow flowers used in making perfumery
4804	assemble	verb	create by putting components or members together
4805	snort	verb	indicate contempt by breathing noisily and forcefully through the nose
4806	offensive	noun	the action of attacking an enemy
4807	balcony	noun	an upper floor projecting from the rear over the main floor in an auditorium
4808	ni	noun	a hard malleable ductile silvery metallic element that is resistant to corrosion; used in alloys; occurs in pentlandite and smaltite and garnierite and millerite
4809	discount	verb	bar from attention or consideration
4810	dice	noun	a small cube with 1 to 6 spots on the six faces; used in gambling to generate random numbers
4811	palmer	noun	United States golfer (born in 1929)
4812	expedition	noun	a military campaign designed to achieve a specific objective in a foreign country
4813	analyze	verb	consider in detail and subject to an analysis in order to discover essential features or meaning
4814	poverty	noun	the state of having little or no money and few or no material possessions
4815	wit	noun	a message whose ingenuity or verbal skill or incongruity has the power to evoke laughter
4816	leadership	noun	the activity of leading
4817	turk	noun	a native or inhabitant of Turkey
4818	abortion	noun	termination of pregnancy
4819	scissor	verb	cut with or as if with scissors
4820	canal	noun	(astronomy) an indistinct surface feature of Mars once thought to be a system of channels; they are now believed to be an optical illusion
4821	violation	noun	a crime less serious than a felony
4822	legacy	noun	(law) a gift of personal property by will
4823	stumble	verb	walk unsteadily
4824	clap	noun	a sudden very loud noise
4825	bam	noun	an ancient city in southeastern Iran; destroyed by an earthquake in 2003
4826	collector	noun	a person who collects things
4827	pawn	noun	an article deposited as security
4828	conclude	verb	decide by reasoning; draw or come to a conclusion
4829	nicer	adj	pleasant or pleasing or agreeable in nature or appearance; - George Meredith
4830	banker	noun	a financier who owns or is an executive in a bank
4831	correctly	adv	in an accurate manner
4832	hugh		
4833	willy		
4834	marc	noun	made from residue of grapes or apples after pressing
4835	diaper	noun	garment consisting of a folded cloth drawn up between the legs and fastened at the waist; worn by infants to catch excrement
4836	buzzer	noun	a push button at an outer door that gives a ringing or buzzing signal when pushed
4837	intern	noun	an advanced student or graduate in medicine gaining supervised practical experience (`houseman' is a British term)
4838	errand	noun	a short trip that is taken in the performance of a necessary task or mission
4839	whew		
4840	countess	noun	female equivalent of a count or earl
4841	immortal	adj	not subject to death
4842	decline	verb	change toward something smaller or lower
4843	font	noun	a specific size and style of type within a type family
4844	lease	verb	let for money
4845	blair	noun	British statesman who became prime minister in 1997 (born in 1953)
4846	venture	verb	proceed somewhere despite the risk of possible dangers
4847	abduct	verb	take away to an undisclosed location against their will and usually in order to extract a ransom
4848	headline	noun	the heading or caption of a newspaper article
4849	mop	verb	wash or wipe a floor with a mop, an implement of absorbent material fastened to a handle
4850	jeffrey		
4851	rhyme	noun	correspondence in the sounds of two or more lines (especially final sounds)
4852	pod	noun	the vessel that contains the seeds of a plant (not the seeds themselves)
4853	plea	noun	a humble request for help from someone in authority
4854	lipstick	noun	makeup that is used to color the lips
4855	stevie		
4856	ta	noun	a hard grey lustrous metallic element that is highly resistant to corrosion; occurs in niobite and fergusonite and tantalite
4857	auto	noun	a motor vehicle with four wheels; usually propelled by an internal combustion engine
4858	logical	adj	capable of or reflecting the capability for correct and valid reasoning
4859	vacuum	noun	the absence of matter
4860	beverly		
4861	carbon	noun	an abundant nonmetallic tetravalent element occurring in three allotropic forms: amorphous carbon and graphite and diamond; occurs in all organic compounds
4862	independence	noun	freedom from control or influence of another or others
4863	tess		
4864	fanny	noun	the fleshy part of the human body that you sit on
4865	upbeat	adj	pleasantly (even unrealistically) optimistic
4866	asian	noun	a native or inhabitant of Asia
4867	unlock	verb	open the lock of
4868	quest	noun	a search for an alternative that meets cognitive criteria
4869	pension	noun	a regular payment to a person that is intended to allow them to subsist without working
4870	fletcher	noun	prolific English dramatist who collaborated with Francis Beaumont and many other dramatists (1579-1625)
4871	doyle		
4872	pudding	noun	any of various soft thick unsweetened baked dishes
4873	grid	noun	a pattern of regularly spaced horizontal and vertical lines
4874	notebook	noun	a book with blank pages for recording notes or memoranda
4875	brace	verb	prepare (oneself) for something unpleasant or difficult
4876	cooperation	noun	joint operation or action
4877	sailing	noun	the work of a sailor
4878	houston	noun	the largest city in Texas; located in southeastern Texas near the Gulf of Mexico; site of the National Aeronautics and Space Administration
4879	virtue	noun	the quality of doing what is right and avoiding what is wrong
4880	sincere	adj	open and genuine; not deceitful
4881	asia	noun	the largest continent with 60% of the earth's population; it is joined to Europe on the west to form Eurasia; it is the site of some of the world's earliest civilizations
4882	fag	noun	offensive term for an openly homosexual man
4883	spectacular	adj	sensational in appearance or thrilling in effect
4884	reliable	adj	worthy of reliance or trust
4885	pursuit	noun	the act of pursuing in an effort to overtake or capture
4886	variety	noun	a collection containing a variety of sorts of things
4887	sophisticated	adj	having or appealing to those having worldly knowledge and refinement and savoir-faire
4888	agenda	noun	a temporally organized plan for matters to be attended to
4889	elegant	adj	refined and tasteful in appearance or behavior or style
4890	spice	noun	aromatic substances of vegetable origin used as a preservative
4891	stefan		
4892	wa	noun	a state in northwestern United States on the Pacific
4893	curve	noun	the trace of a point whose direction of motion changes
4894	fiona		
4895	tribal	adj	relating to or characteristic of a tribe
4896	cleveland	noun	the largest city in Ohio; located in northeastern Ohio on Lake Erie; a major Great Lakes port
4897	owl	noun	nocturnal bird of prey with hawk-like beak and claws and large head with front-facing eyes
4898	lex		
4899	saddle	noun	a seat for the rider of a horse or camel
4900	elaine		
4901	reader	noun	a person who enjoys reading
4902	marsh	noun	low-lying wet land with grassy vegetation; usually is a transition zone between land and water
4903	pyramid	verb	enlarge one's holdings on an exchange on a continued rise by using paper profits as margin to buy additional amounts
4904	camping	noun	the act of encamping and living in tents in a camp
4905	kathy		
4906	swan	noun	stately heavy-bodied aquatic bird with very long neck and usually white plumage as adult
4907	crucial	adj	of extreme importance; vital to the resolution of a crisis
4908	annual	adj	completing its life cycle within a year
4909	dalla		
4910	stew	noun	agitation resulting from active worry
4911	expel	verb	force to leave or move out
4912	bon		
4913	gown	noun	a woman's dress, usually with a close-fitting bodice and a long flared skirt, often worn on formal occasions
4914	sofa	noun	an upholstered seat for more than one person
4915	jade	noun	a semiprecious gemstone that takes a high polish; is usually green but sometimes whitish; consists of jadeite or nephrite
4916	despair	noun	a state in which all hope is lost or absent
4917	faggot	noun	offensive term for an openly homosexual man
4918	clyde	noun	a river in western Scotland that flows from the southern uplands into the Firth of Clyde; navigable by oceangoing vessels as far as Glasgow
4919	scam	noun	a fraudulent business scheme
4920	otto		
4921	backyard	noun	the grounds in back of a house
4922	whereabout		
4923	samuel	noun	(Old Testament) Hebrew prophet and judge who anointed Saul as king
4924	negotiation	noun	a discussion intended to produce an agreement
4925	dolphin	noun	large slender food and game fish widely distributed in warm seas (especially around Hawaii)
4926	orleans	noun	a city on the Loire river in north central France; site of the siege of Orleans by the English (1428-1429)
4927	literature	noun	creative writing of recognized artistic value
4928	morgue	noun	a building (or room) where dead bodies are kept before burial or cremation
4929	agne		
4930	soo		
4931	sole	noun	the underside of footwear or a golf club
4932	sexually	adv	with respect to sexuality
4933	coconut	noun	the edible white meat of a coconut; often shredded for use in e.g. cakes and curries
4934	georgie		
4935	hugo	noun	French poet and novelist and dramatist; leader of the romantic movement in France (1802-1885)
4936	radical	adj	(used of opinions and actions) far beyond the norm
4937	denny		
4938	distinguish	verb	mark as different
4939	generator	noun	an apparatus that produces a vapor or gas
4940	welfare	noun	governmental provision of economic assistance to persons in need
4941	probe	verb	question or examine thoroughly and closely
4942	mcgee		
4943	belle	noun	a young woman who is the most charming and beautiful of several rivals
4944	elbow	noun	hinge joint between the forearm and upper arm and the corresponding joint in the forelimb of a quadruped
4945	donation	noun	a voluntary gift (as of money or service or ideas) made to some worthwhile cause
4946	contribute	verb	bestow a quality on
4947	elderman		
4948	rumour	noun	gossip (usually a mixture of truth and untruth) passed around by word of mouth
4949	transplant	verb	tissue or an organ moved from a donor to a recipient; also to lift and reset in another soil or situation
4950	equally	adv	to the same degree (often followed by `as')
4951	gil		
4952	flaw	noun	an imperfection in an object or machine
4953	shaw	noun	United States clarinetist and leader of a swing band (1910-2004)
4954	shipment	noun	goods carried by a large vehicle
4955	courtesy	noun	a courteous or respectful or considerate act
4956	luis		
4957	refugee	noun	an exile who flees for safety
4958	adapt	verb	make fit for, or change to suit a new purpose
4959	sylvia		
4960	penguin	noun	short-legged flightless birds of cold southern especially Antarctic regions having webbed feet and wings modified as flippers
4961	fisherman	noun	someone whose occupation is catching fish
4962	quid	noun	the basic unit of money in Great Britain and Northern Ireland; equal to 100 pence
4963	handcuff	noun	shackle that consists of a metal loop that can be locked around the wrist; usually used in pairs
4964	fragile	adj	easily broken or damaged or destroyed
4965	verse	noun	literature in metrical form
4966	grape	noun	any of various juicy fruit of the genus Vitis with green or purple skins; grow in clusters
4967	fiction	noun	a literary work based on the imagination and not necessarily on fact
4968	republican	noun	a member of the Republican Party
4969	pastor	noun	a person authorized to conduct religious worship
4970	ji	noun	a clandestine group of southeast Asian terrorists organized in 1993 and trained by al-Qaeda; supports militant Muslims in Indonesia and the Philippines and has cells in Singapore and Malaysia and Indonesia
4971	ming	noun	the imperial dynasty of China from 1368 to 1644
4972	rio	noun	the former capital and 2nd largest city of Brazil; chief Brazilian port; famous as a tourist attraction
4973	runner	noun	someone who imports or exports without paying duties
4974	cub	noun	an awkward and inexperienced youth
4975	sadly	adv	in an unfortunate way
4976	ridge	noun	a long narrow natural elevation or striation
4977	tab	noun	the bill in a restaurant
4978	importantly	adv	in an important way or to an important degree
4979	louie		
4980	industrial	adj	of or relating to or resulting from industry
4981	vibrate	verb	shake, quiver, or throb; move back and forth rapidly, usually in an uncontrolled manner
4982	stray	verb	move about aimlessly or without any destination, often in search of food or employment
4983	evolution	noun	a process in which something passes by degrees to a different stage (especially a more advanced or mature stage)
4984	notion	noun	a vague idea in which some confidence is placed
4985	ba	noun	a soft silvery metallic element of the alkali earth group; found in barite
4986	zip	verb	close with a zipper
4987	blond	adj	being or having light colored skin and hair and usually blue or grey eyes
4988	hal		
4989	injection	noun	the forceful insertion of a substance under pressure
4990	horny	adj	feeling great sexual desire
4991	grasp	verb	hold firmly; also to understand something
4992	valerie		
4993	nigel		
4994	theo		
4995	einstein	noun	physicist born in Germany who formulated the special theory of relativity and the general theory of relativity; Einstein also proposed that light consists of discrete quantized bundles of energy (later called photons) (1879-1955)
4996	boris		
4997	suitable	adj	meant or adapted for an occasion or use
4998	examination	noun	the act of examining something closely (as for mistakes)
4999	inaudible	adj	impossible to hear; imperceptible by the ear
5000	pumpkin	noun	a coarse vine widely cultivated for its large pulpy round orange fruit with firm orange skin and numerous seeds; subspecies of Cucurbita pepo include the summer squashes and a few autumn squashes
5001	squirrel	noun	a kind of arboreal rodent having a long bushy tail
5002	puff	verb	smoke and exhale strongly
5003	brag	verb	talk boastfully; show off
5004	kneel	verb	rest one's weight on one's knees
5005	intimidate	verb	make timid or fearful
5006	harmony	noun	compatibility in opinion and action
5007	cardinal	adj	a senior bishop of the Roman Catholic Church, one of those who advise and elect the Pope; also serving as an essential component
5008	trading	noun	buying or selling securities or commodities
5009	strongly	adv	with strength or in a strong manner
5010	fluid	noun	a substance that is fluid at room temperature and pressure
5011	horizon	noun	the line at which the sky and Earth appear to meet
5012	perimeter	noun	the boundary line or the area immediately inside the boundary
5013	container	noun	any object that can be used to hold things (especially a large metal boxlike object of standardized dimensions that can be loaded from one form of transport to another)
5014	yea	noun	an affirmative
5015	camel	noun	cud-chewing mammal used as a draft or saddle animal in desert regions
5016	arise	verb	come into existence; take on form or shape
5017	pea	noun	seed of a pea plant used for food
5018	meow	noun	the sound made by a cat (or any sound resembling this)
5019	reggie		
5020	realm	noun	a domain in which something is dominant
5021	cultural	adj	of or relating to the arts and manners that a group favors
5022	inquiry	noun	a search for knowledge
5023	cheque	noun	a written order directing a bank to pay money
5024	lyric	noun	the text of a popular song or musical-comedy number
5025	rug	noun	floor covering consisting of a piece of thick heavy fabric (usually with nap or pile)
5026	rash	noun	any red eruption of the skin
5027	honorable	adj	not disposed to cheat or defraud; not deceptive or fraudulent
5028	violin	noun	bowed stringed instrument that is the highest member of the violin family; this instrument has four strings and a hollow body and an unfretted fingerboard and is played with a bow
5029	shiny	adj	reflecting light
5030	wong		
5031	tanner	noun	a small coin of the United Kingdom worth six pennies; not minted since 1970
5032	briefcase	noun	a case with a handle; for carrying papers or files or books
5033	marilyn		
5034	hallelujah	noun	a shout or song of praise to God
5035	neal		
5036	es	noun	a radioactive transuranic element produced by bombarding plutonium with neutrons
5037	mint	noun	(often followed by `of') a large number or amount or extent
5038	howdy	noun	an expression of greeting
5039	trumpet	noun	a brass musical instrument with a brilliant tone; has a narrow tube and a flared bell and is played by means of valves
5040	wheelchair	noun	a movable chair mounted on large wheels; for invalids or those who cannot walk; frequently propelled by the occupant
5041	supervisor	noun	one who supervises or has charge and direction of
5042	jeep	noun	a car suitable for traveling over rough terrain
5043	exile	verb	expel from a country
5044	aunty	noun	the sister of your father or mother; the wife of your uncle
5045	skeleton	noun	something reduced to its minimal form
5046	dynamite	noun	an explosive containing nitrate sensitized with nitroglycerin absorbed on wood pulp
5047	cuba	noun	a communist state in the Caribbean on the island of Cuba
5048	stripper	noun	a chemical compound used to remove paint or varnish
5049	thigh	noun	the part of the leg between the hip and the knee
5050	unpleasant	adj	disagreeable to the senses, to the mind, or feelings
5051	jealousy	noun	a feeling of jealous envy (especially of a rival)
5052	stag	noun	a male deer, especially an adult male red deer
5053	barge	noun	a flatbottom boat for carrying heavy loads (especially on canals)
5054	toxic	adj	of or relating to or caused by a toxin or poison
5055	broadway	noun	a street in Manhattan that passes through Times Square; famous for its theaters
5056	absorb	verb	become imbued
5057	sadness	noun	emotions experienced when not in a state of well-being
5058	needn		
5059	barne		
5060	cult	noun	followers of an exclusive system of religious beliefs and practices
5061	tray	noun	an open receptacle for holding or displaying or serving articles or food
5062	tactic	noun	a plan for attaining a particular goal
5063	sensible	adj	showing reason or sound judgment
5064	evans	noun	United States anatomist who identified four pituitary hormones and discovered vitamin E (1882-1971)
5065	burke	noun	British statesman famous for his oratory; pleaded the cause of the American colonists in British Parliament and defended the parliamentary system (1729-1797)
5066	atom	noun	(physics and chemistry) the smallest component of an element having the chemical properties of the element
5067	distraction	noun	mental turmoil
5068	graduation	noun	the successful completion of a program of study
5069	villager	noun	one who has lived in a village most of their life
5070	documentary	noun	a film or TV program presenting the facts about a person or event
5071	stadium	noun	a large structure for open-air sports or entertainments
5072	iris	noun	plants with sword-shaped leaves and erect stalks bearing bright-colored flowers composed of three petals and three drooping sepals
5073	regardless	adv	in spite of everything; without regard to drawbacks
5074	organic	adj	relating or belonging to the class of chemical compounds having a carbon basis
5075	cartoon	noun	a humorous or satirical drawing published in a newspaper or magazine
5076	edgar	noun	the younger brother of Edwy who became king of Northumbria when it renounced Edwy; on Edwy's death he succeeded to the throne of England (944-975)
5077	software	noun	(computer science) written programs or procedures or rules and associated documentation pertaining to the operation of a computer system and that are stored in read/write memory
5078	marina	noun	a fancy dock for small yachts and cabin cruisers
5079	sophia		
5080	avery		
5081	awhile	adv	for a short time
5082	conscious	adj	intentionally conceived
5083	deliberately	adv	with intention; in an intentional manner
5084	clone	noun	a person who is almost identical to another
5085	venus	noun	the second nearest planet to the sun; it is peculiar in that its rotation is slow and retrograde (in the opposite sense of the Earth and all other planets except Uranus); it is visible from Earth as an early `morning star' or an `evening star'
5086	maniac	noun	an insane person
5087	psychological	adj	mental or emotional as opposed to physical in nature
5088	robinson	noun	English chemist noted for his studies of molecular structures in plants (1886-1975)
5089	grandchild	noun	a child of your son or daughter
5090	follower	noun	a person who accepts the leadership of another
5091	untie	verb	undo the ties of
5092	buster	noun	an informal form of address for a man
5093	mandy		
5094	globe	noun	the 3rd planet from the sun; the planet we live on
5095	sayin		
5096	werewolf	noun	a monster able to change appearance from human to wolf and back again
5097	rehab		
5098	switzerland	noun	a landlocked federal republic in central Europe
5099	tow	noun	the act of hauling something (as a vehicle) by means of a hitch or rope
5100	mainly	adv	for the most part
5101	biological	adj	pertaining to biology or to life and living things
5102	submarine	noun	a submersible warship usually armed with torpedoes
5103	precinct	noun	a district of a city or town marked out for administrative purposes
5104	fugitive	noun	someone who flees from an uncongenial situation
5105	potter	noun	a craftsman who shapes pottery on a potter's wheel and bakes them it a kiln
5106	swiss	noun	the natives or inhabitants of Switzerland
5107	preach	verb	deliver a sermon
5108	congressman	noun	a member of the United States House of Representatives
5109	boxer	noun	someone who fights with his fists for sport
5110	marble	noun	a hard crystalline metamorphic rock that takes a high polish; used for sculpture and as building material
5111	duel	noun	a prearranged fight with deadly weapons by two people (accompanied by seconds) in order to settle a quarrel over a point of honor
5112	millionaire	noun	a person whose material wealth is valued at more than a million dollars
5113	hollow	noun	a cavity or space in something
5114	keeper	noun	someone in charge of other people
5115	harvard	noun	a university in Massachusetts
5116	conceal	verb	prevent from being seen or discovered
5117	disable	verb	make unable to perform a certain action
5118	parliament	noun	a legislative assembly in certain countries
5119	behold	verb	see with attention
5120	elite	noun	a group or class of persons enjoying superior intellectual or social or economic status
5121	neglect	verb	leave undone or leave out
5122	tanya		
5123	obstacle	noun	something immaterial that stands in the way and must be circumvented or surmounted
5124	salmon	noun	any of various large food and game fishes of northern waters; usually migrate from salt to fresh water to spawn
5125	bizarre	adj	conspicuously or grossly unconventional or unusual
5126	rico	noun	law intended to eradicate organized crime by establishing strong sanctions and forfeiture provisions
5127	isabel		
5128	concentration	noun	the strength of a solution; number of molecules of a substance in a given volume
5129	confidential	adj	entrusted with private information and the confidence of another
5130	dose	noun	a measured portion of medicine taken at any one time
5131	initiate	verb	bring into being
5132	erik		
5133	chelsea		
5134	sabrina		
5135	hunch	noun	an impression that something might be the case
5136	integrity	noun	an undivided or unbroken completeness or totality with nothing wanting
5137	despise	verb	look down on with disdain
5138	jae		
5139	senate	noun	assembly possessing high legislative powers
5140	mentally	adv	in your mind
5141	beautifully	adv	in a beautiful manner
5142	roberts	noun	United States biochemist (born in England) honored for his discovery that some genes contain introns (born in 1943)
5143	slim	adj	being of delicate or slender build; - Frank Norris
5144	razor	noun	edge tool used in shaving
5145	lawsuit	noun	a comprehensive term for any proceeding in a court of law whereby an individual seeks a legal remedy
5146	joyce	noun	influential Irish writer noted for his many innovations (such as stream of consciousness writing) (1882-1941)
5147	altogether	adv	to a complete degree or to the full or entire extent (`whole' is often used informally for `wholly')
5148	ernie		
5149	melanie		
5150	prep	noun	preparatory school work done outside school (especially at home)
5151	canyon	noun	a ravine formed by a river in an area with little rainfall
5152	blend	verb	combine into one
5153	fierce	adj	marked by extreme and violent energy
5154	intent	adj	giving or marked by complete attention to; ; ; - Walter de la Mare
5155	cheryl		
5156	gps	noun	a navigational system involving satellites and computers that can determine the latitude and longitude of a receiver on Earth by computing the time difference for signals from different satellites to reach the receiver
5157	inspection	noun	a formal or official examination
5158	relevant	adj	having a bearing on or connection with the subject at issue
5159	mafia	noun	a crime syndicate in the United States; organized in families; believed to have important relations to the Sicilian Mafia
5160	hudson	noun	a New York river; flows southward into New York Bay; explored by Henry Hudson early in the 17th century
5161	intact	adj	constituting the undiminished entirety; lacking nothing essential especially not damaged; - Bacon
5162	occasionally	adv	now and then or here and there
5163	kiddo		
5164	identical	adj	exactly alike; incapable of being perceived as different
5165	mattress	noun	a large thick pad filled with resilient material and often incorporating coiled springs, used as a bed or part of a bed
5166	scholar	noun	a learned person (especially in the humanities); someone who by long study has gained mastery in one or more disciplines
5167	alec		
5168	venice	noun	the provincial capital of Veneto; built on 118 islands within a lagoon in the Gulf of Venice; has canals instead of streets; one of Italy's major ports and a famous tourist attraction
5169	tenant	noun	someone who pays rent to use land or a building or a car that is owned by someone else
5170	classical	adj	of or relating to the most highly developed stage of an earlier civilisation and its culture
5171	consistent	adj	(sometimes followed by `with') in agreement or consistent or reliable; ; - FDR
5172	harass	verb	annoy continually or chronically
5173	ella		
5174	stove	noun	a kitchen appliance used for cooking food
5175	consideration	noun	the process of giving careful thought to something
5176	legitimate	adj	of marriages and offspring; recognized as lawful
5177	obsession	noun	an irrational motive for performing trivial or repetitive actions, even against your will
5178	warp	verb	make false by mutilation or addition; as of a message or story
5179	du		
5180	flynn		
5181	ciao	noun	an acknowledgment that can be used to say hello or goodbye (aloha is Hawaiian and ciao is Italian)
5182	reef	noun	a submerged ridge of rock or coral near the surface of the water
5183	coroner	noun	a public official who investigates by inquest any death not due to natural causes
5184	jona		
5185	mold	verb	form in clay, wax, etc
5186	marching	noun	the act of marching; walking with regular steps (especially in a procession of some kind)
5187	peep	verb	look furtively
5188	griffin	noun	winged monster with the head of an eagle and the body of a lion
5189	moonlight	noun	the light of the Moon
5190	ceo	noun	the corporate executive responsible for the operations of the firm; reports to a board of directors; may appoint other managers (including a president)
5191	granddaughter	noun	a female grandchild
5192	comet	noun	(astronomy) a relatively small extraterrestrial body consisting of a frozen mass that travels around the sun in a highly elliptical orbit
5193	gaze	verb	look at with fixed eyes
5194	digital	adj	displaying numbers rather than scale positions
5195	milan	noun	the capital of Lombardy in northern Italy; has been an international center of trade and industry since the Middle Ages
5196	bernie		
5197	attic	noun	floor consisting of open space at the top of a house just below roof; often used for storage
5198	jr	noun	a son who has the same first name as his father
5199	mule	noun	hybrid offspring of a male donkey and a female horse; usually sterile
5200	lizard	noun	relatively long-bodied reptile with usually two pairs of legs and a tapering tail
5201	sentimental	adj	given to or marked by sentiment or sentimentality
5202	grudge	noun	a resentment strong enough to justify retaliation
5203	scold	verb	censure severely or angrily
5204	import	verb	bring in from abroad
5205	eun		
5206	bert		
5207	kilometer	noun	a metric unit of length equal to 1000 meters (or 0.621371 miles)
5208	fed	noun	any federal law-enforcement officer
5209	reese		
5210	polly		
5211	whisky	noun	a liquor made from fermented mash of grain
5212	pier	noun	a platform built out from the shore into the water and supported by piles; provides access to ships and boats
5213	extract	verb	remove, usually with some force or effort; also used in an abstract sense
5214	orphanage	noun	the condition of being a child without living parents
5215	randall		
5216	photography	noun	the act of taking and printing photographs
5217	vengeance	noun	the act of taking revenge (harming someone in retaliation for something harmful that they have done) especially in the next life; --Romans 12:19; --James Garfield
5218	inappropriate	adj	not suitable for a particular occasion etc
5219	clang	verb	make a loud noise
5220	acquaintance	noun	personal knowledge or information about someone or something
5221	kane		
5222	lifestyle	noun	a manner of living that reflects the person's values and attitudes
5223	sinner	noun	a person who sins (without repenting)
5224	manufacture	verb	"put together out of artificial or natural components or parts; ; ; He manufactured a popular cereal"""
5225	cracker	noun	a thin crisp wafer made of flour and water with or without leavening and shortening; unsweetened or semisweet
5226	interior	noun	the region that is inside of something
5227	physician	noun	a licensed medical practitioner
5228	chapel	noun	a place of worship that has its own altar
5229	desperately	adv	with great urgency
5230	riddle	verb	pierce with many holes
5231	sal		
5232	frustrate	verb	hinder or prevent (the efforts, plans, or desires) of
5233	hose	noun	socks and stockings and tights collectively (the British include underwear)
5234	posses	noun	a temporary police force
5235	fragment	noun	a piece broken off or cut off of something else
5236	prop	noun	a support placed beneath or against something to keep it from shaking or falling
5237	kira		
5238	sneeze	noun	a symptom consisting of the involuntary expulsion of air from the nose
5239	scoop	noun	the quantity a scoop will hold
5240	found	verb	set up or establish an institution
5241	massacre	verb	kill a large number of people indiscriminately
5242	cope	verb	come to terms with
5243	delightful	adj	greatly pleasing or entertaining
5244	intellectual	noun	a person who uses the mind creatively
5245	wrestling	noun	the act of engaging in close hand-to-hand combat
5246	ruler	noun	a person who rules or commands
5247	regain	verb	get or find back; recover the use of
5248	acre	noun	a unit of area (4840 square yards) used in English-speaking countries
5249	peek	noun	a secret look
5250	poop	noun	obscene terms for feces
5251	mercede		
5252	emotionally	adv	in an emotional manner
5253	poland	noun	a republic in central Europe; the invasion of Poland by Germany in 1939 started World War II
5254	assembly	noun	a group of machine parts that fit together to form a self-contained unit
5255	ounce	noun	a unit of apothecary weight equal to 480 grains or one twelfth of a pound
5256	automatic	adj	operating with minimal human intervention; independent of external control
5257	amusing	verb	occupy in an agreeable, entertaining or pleasant fashion
5258	kidnapper	noun	someone who unlawfully seizes and detains a victim (usually for ransom)
5259	unnecessary	adj	not necessary
5260	higgins		
5261	authorize	verb	grant authorization or clearance for
5262	organise	verb	bring order and organization to
5263	visible	adj	capable of being seen; or open to easy view
5264	easter	noun	a Christian celebration of the Resurrection of Christ; celebrated on the Sunday following the first full moon after the vernal equinox
5265	hurricane	noun	a severe tropical cyclone usually with heavy rains and winds moving a 73-136 knots (12 on the Beaufort scale)
5266	dj	noun	a person who announces and plays popular recorded music
5267	les	noun	a chronic inflammatory collagen disease affecting connective tissue (skin or joints)
5268	garcia		
5269	ignorant	adj	uneducated in general; lacking knowledge or sophistication
5270	esther	noun	(Old Testament) a beautiful Jewess chosen by the king of Persia to be his queen; she stopped a plot to massacre all the Jews in Persia (an event celebrated by Jews as the feast of Purim)
5271	dolly	noun	conveyance consisting of a wheeled support on which a camera can be mounted
5272	rum	noun	liquor distilled from fermented molasses
5273	fisher	noun	someone whose occupation is catching fish
5274	salvation	noun	(theology) the act of delivering from sin or saving from evil
5275	lester		
5276	trump	noun	a playing card in the suit that has been declared trumps
5277	maintenance	noun	activity involved in maintaining something in good working order
5278	abe		
5279	tobacco	noun	leaves of the tobacco plant dried and prepared for smoking or ingestion
5280	underwater	adj	beneath the surface of the water
5281	instruct	verb	impart skills or knowledge to
5282	retrieve	verb	get or find back; recover the use of
5283	yoga	noun	Hindu discipline aimed at training the consciousness for a state of perfect spiritual insight and tranquility that is achieved through the three paths of actions and knowledge and devotion
5284	vagina	noun	the lower part of the female reproductive tract; a moist canal in female mammals extending from the labia minora to the uterus
5285	modest	adj	marked by simplicity; having a humble opinion of yourself
5286	canadian	adj	of or relating to Canada or its people
5287	helena	noun	capital of the state of Montana; located in western Montana
5288	essentially	adv	in essence; at bottom or by one's (or its) very nature
5289	archie		
5290	ofthe		
5291	meredith	noun	United States civil rights leader whose college registration caused riots in traditionally segregated Mississippi (born in 1933)
5292	gavin		
5293	berry	noun	any of numerous small and pulpy edible fruits; used as desserts or in making jams and jellies and preserves
5294	subtle	adj	difficult to detect or grasp by the mind or analyze
5295	joker	noun	a person who enjoys telling or playing jokes
5296	transmit	verb	transfer to another
5297	pinky	noun	the finger farthest from the thumb
5298	brennan		
5299	lounge	verb	sit or recline comfortably
5300	roller	noun	a grounder that rolls along the infield
5301	maddie		
5302	vienna	noun	the capital and largest city of Austria; located on the Danube in northeastern Austria; was the home of Beethoven and Brahms and Haydn and Mozart and Schubert and Strauss
5303	hen	noun	adult female chicken
5304	reflection	noun	a calm, lengthy, intent consideration
5305	unto		
5306	gram	noun	a metric unit of weight equal to one thousandth of a kilogram
5307	impose	verb	compel to behave in a certain way
5308	superintendent	noun	a person who directs and manages an organization
5309	cody	noun	United States showman famous for his Wild West Show (1846-1917)
5310	jacques		
5311	dagger	noun	a short knife with a pointed blade used for piercing or stabbing
5312	ol		
5313	practise	verb	engage in a rehearsal (of)
5314	intercept	verb	seize on its way
5315	racket	noun	a loud and disturbing noise
5316	corruption	noun	lack of integrity or honesty (especially susceptibility to bribery); use of a position of trust for dishonest gain
5317	sullivan	noun	United States architect known for his steel framed skyscrapers and for coining the phrase `form follows function' (1856-1924)
5318	kitten	noun	young domestic cat
5319	burial	noun	the ritual placing of a corpse in a grave
5320	refresh	verb	refresh one's memory
5321	joon		
5322	outcome	noun	something that results
5323	verify	verb	confirm the truth of
5324	dove	noun	any of numerous small pigeons
5325	carrier	noun	someone whose employment involves carrying something
5326	postpone	verb	hold back to a later time
5327	grieve	verb	feel grief
5328	voyage	noun	an act of traveling by water
5329	crunch	noun	the sound of something crunching
5330	housing	noun	structures collectively in which people are housed
5331	ambitious	adj	having a strong desire for success or achievement
5332	rapid	adj	done or occurring in a brief period of time
5333	orchestra	noun	a musical organization consisting of a group of instrumentalists including string players
5334	guidance	noun	something that provides direction or advice as to a decision or course of action
5335	hence	adv	(used to introduce a logical conclusion) from that fact or reason or as a result
5336	bella		
5337	seoul	noun	the capital of South Korea and the largest city of Asia; located in northwestern South Korea
5338	barb	noun	an aggressive remark directed at a person like a missile and intended to have a telling effect
5339	jose		
5340	scramble	verb	to move hurriedly
5341	inevitable	adj	incapable of being avoided or prevented
5342	bandage	noun	a piece of soft material that covers and protects an injured part of the body
5343	yacht	noun	an expensive vessel propelled by sail or power and used for cruising or racing
5344	fiancé		
5345	ireland	noun	a republic consisting of 26 of 32 counties comprising the island of Ireland; achieved independence from the United Kingdom in 1921
5346	hanna		
5347	breakdown	noun	the act of disrupting an established order so it fails to continue
5348	napoleon	noun	French general who became emperor of the French (1769-1821)
5349	tablet	noun	a slab of stone or wood suitable for bearing an inscription
5350	deadline	noun	the point in time at which something must be completed
5351	kai		
5352	fiancée		
5353	serena		
5354	phantom	noun	a ghostly appearing figure
5355	rev	verb	increase the number of rotations per minute
5356	knights	noun	originally a person of noble birth trained to arms and chivalry; today in Great Britain a person honored by the sovereign for personal merit
5357	impulse	noun	an instinctive motive
5358	jerusalem	noun	capital and largest city of the modern state of Israel (although its status as capital is disputed); it was captured from Jordan in 1967 in the Six Day War; a holy city for Jews and Christians and Muslims; was the capital of an ancient kingdom
5359	defy	verb	resist or confront with resistance
5360	regiment	noun	army unit smaller than a division
5361	sewer	noun	a waste pipe that carries away sewage or surface water
5362	restrain	verb	keep under control; keep in check
5363	distribute	verb	administer or bestow, as in small portions
5364	province	noun	the territory occupied by one of the constituent administrative districts of a nation
5365	jelly	noun	an edible jelly (sweet or pungent) made with gelatin and used as a dessert or salad base or a coating for foods
5366	satisfaction	noun	the contentment one feels when one has fulfilled a desire, need, or expectation
5367	critic	noun	a person who is professionally engaged in the analysis and interpretation of works of art
5368	historical	adj	of or relating to the study of history
5369	altar	noun	the table in Christian churches where communion is given
5370	swedish	adj	of or relating to or characteristic of Sweden or its people or culture or language
5371	cane	noun	a stick that people can lean on to help them walk
5372	uncover	verb	make visible
5373	lizzie		
5374	sour	verb	go sour or spoil
5375	disappointment	noun	a feeling of dissatisfaction that results when your expectations are not realized
5376	freely	adv	in a free manner
5377	scotty		
5378	shan	noun	a branch of the Tai languages
5379	achievement	noun	the action of accomplishing something
5380	supermarket	noun	a large self-service grocery store selling groceries and dairy products and household goods
5381	anton		
5382	hoo		
5383	eleanor		
5384	raven	noun	large black bird with a straight bill and long wedge-shaped tail
5385	protective	adj	intended or adapted to afford protection of some kind
5386	hound	noun	any of several breeds of dog used for hunting typically having large drooping ears
5387	airline	noun	a hose that carries air under pressure
5388	stunning	adj	commanding attention
5389	sensation	noun	an unelaborated elementary awareness of stimulation
5390	suspenseful	adj	(of a situation) characterized by or causing suspense
5391	trainer	noun	one who trains other persons or animals
5392	reagan	noun	40th President of the United States (1911-2004)
5393	pint	noun	a British imperial capacity measure (liquid or dry) equal to 4 gills or 568.26 cubic centimeters
5394	pasta	noun	a dish that contains pasta as its main ingredient
5395	delta	noun	a low triangular area of alluvial deposits where a river divides before entering a larger body of water
5396	itch	verb	an irritating sensation on the skin that scratching relieves; to feel such a sensation
5397	clink	verb	make a high sound typical of glass
5398	instantly	adv	without delay or hesitation; with no time intervening
5399	vivian		
5400	yoon		
5401	strand	verb	leave stranded or isolated with little hope of rescue
5402	vibe	noun	a distinctive emotional aura experienced instinctively
5403	doo		
5404	exaggerate	verb	to enlarge beyond bounds or the truth
5405	stroll	noun	a leisurely walk (usually in some public place)
5406	me	pron	object form of 'I'
5407	offence	noun	the action of attacking an enemy
5408	interrogate	verb	transmit (a signal) for setting off an appropriate response, as in telecommunication
5409	sharply	adv	in an aggressive manner
5410	dwight		
5411	omar		
5412	med	noun	a master's degree in education
5413	superhero		
5414	marge	noun	a spread made chiefly from vegetable oils and used as a substitute for butter
5415	magnetic	adj	of or relating to or caused by magnetism
5416	romans	noun	a New Testament book containing an exposition of the doctrines of Saint Paul; written in AD 58
5417	joshua	noun	(Old Testament) Moses' successor who led the Israelites into the Promised Land; best remembered for his destruction of Jericho
5418	tackle	verb	accept as a challenge
5419	survey	verb	consider in a comprehensive way
5420	elf	noun	(folklore) fairies that are somewhat mischievous
5421	outstanding	adj	distinguished from others in excellence
5422	essence	noun	the choicest or most essential or most vital part of some idea or experience
5423	wardrobe	noun	a tall piece of furniture that provides storage space for clothes; has a door and rails or hooks for hanging clothes
5424	disappearance	noun	the act of leaving secretly or without explanation
5425	nam		
5426	benson		
5427	lump	noun	a compact mass
5428	starter	noun	an electric motor for starting an engine
5429	disco	noun	popular dance music (especially in the late 1970s); melodic with a regular bass beat; intended mainly for dancing at discotheques
5430	cupcake	noun	small cake baked in a muffin tin
5431	grease	noun	a thick fatty oil (especially one used to lubricate machinery)
5432	handful	noun	a small number or amount
5433	attraction	noun	the force by which one object attracts another
5434	bennett	noun	United States aviator who (with Richard E. Byrd) piloted the first flight over the North Pole (1890-1928)
5435	thankful	adj	feeling or showing gratitude
5436	moore	noun	United States composer of works noted for their use of the American vernacular (1893-1969)
5437	blanche		
5438	compassion	noun	a deep awareness of and sympathy for another's suffering
5439	investor	noun	someone who commits capital in order to gain financial returns
5440	unload	verb	leave or unload
5441	greece	noun	a republic in southeastern Europe on the southern part of the Balkan peninsula; known for grapes and olives and olive oil
5442	arabic	noun	the Semitic language of the Arabs; spoken in a variety of dialects
5443	mon	noun	the second day of the week; the first working day
5444	additional	adj	further or added
5445	veil	verb	to obscure, or conceal with or as if with a veil
5446	gorilla	noun	largest anthropoid ape; terrestrial and vegetarian; of forests of central west Africa
5447	sofia	noun	capital and largest city of Bulgaria located in western Bulgaria
5448	inject	verb	give an injection to
5449	axe	noun	an edge tool with a heavy bladed head mounted across a handle
5450	reckless	adj	marked by defiant disregard for danger or consequences; ; -Macaulay
5451	google	noun	a widely used search engine that uses text-matching techniques to find web pages that are important and relevant to a user's search
5452	frightening	adj	causing fear or dread or terror
5453	glance	verb	throw a glance at; take a brief look at
5454	rustle	verb	a light noise, like the noise of silk clothing or leaves blowing in the wind
5455	premise	noun	a statement that is assumed to be true and from which a conclusion can be drawn
5456	wally	noun	a silly and inept person; someone who is regarded as stupid
5457	whereas		
5458	heavenly	adj	relating to or inhabiting a divine heaven
5459	dang		
5460	hulk	noun	a very large person; impressive in size or qualities
5461	anticipate	verb	regard something as probable or likely
5462	maiden	noun	an unmarried girl (especially a virgin)
5463	blaze	verb	shine brightly and intensively
5464	classmate	noun	an acquaintance that you go to school with
5465	casual	adj	marked by blithe unconcern
5466	classroom	noun	a room in a school where lessons take place
5467	slack	adj	not tense or taut
5468	toll	noun	a fee levied for the use of roads or bridges (used for maintenance)
5469	footprint	noun	a mark of a foot or shoe on a surface
5470	muffin	noun	a sweet quick bread baked in a cup-shaped pan
5471	baxter		
5472	backpack	noun	a bag carried by a strap on your back or shoulder
5473	shallow	adj	lacking physical depth; having little spatial extension downward or inward from an outer surface or backward or outward from a center
5474	scumbag		
5475	fran		
5476	respectable	adj	characterized by socially or conventionally acceptable morals
5477	snarl	verb	utter in an angry, sharp, or abrupt tone
5478	lid	noun	either of two folds of skin that can be moved to cover or open the eye
5479	intruder	noun	someone who intrudes on the privacy or property of another without permission
5480	treason	noun	a crime that undermines the offender's government
5481	nag	verb	bother persistently with trivial complaints
5482	nipple	noun	the small projection of a mammary gland
5483	monty		
5484	roosevelt	noun	32nd President of the United States; elected four times; instituted New Deal to counter the Great Depression and led country during World War II (1882-1945)
5485	missy	noun	a young woman
5486	señor		
5487	tuna	noun	tropical American prickly pear of Jamaica
5488	depress	verb	lower someone's spirits; make downhearted
5489	departure	noun	the act of departing
5490	nursing	noun	the work of caring for the sick or injured or infirm
5491	tramp	verb	travel on foot, especially on a walking expedition
5492	herman	noun	United States jazz musician and bandleader (1913-1987)
5493	carlo		
5494	outsider	noun	someone who is excluded from or is not a member of a group
5495	treaty	noun	a written agreement between two states or sovereigns
5496	cha		
5497	hogan	noun	United States golfer who won many major golf tournaments (1912-1997)
5498	fang	noun	a Bantu language spoken in Cameroon
5499	popcorn	noun	corn having small ears and kernels that burst when exposed to dry heat
5500	courtroom	noun	a room in which a lawcourt sits
5501	reynolds	noun	English portrait painter and first president of the Royal Academy (1723-1792)
5502	pointless	adj	not having a point especially a sharp point
5503	portal	noun	a grand and imposing entrance (often extended metaphorically)
5504	loosen	verb	make loose or looser
5505	enforcement	noun	the act of enforcing; ensuring observance of or obedience to
5506	penetrate	verb	pass into or through, often by overcoming resistance
5507	agh		
5508	rapidly	adv	with rapid movements
5509	phony	adj	fraudulent; having a misleading appearance
5510	michel		
5511	workshop	noun	small workplace where handcrafts or manufacturing are done
5512	artery	noun	a blood vessel that carries blood from the heart to the body
5513	efficient	adj	being effective without wasting time or effort or expense
5514	queer	adj	beyond or deviating from the usual or expected
5515	contribution	noun	the part played by a person in bringing about a result
5516	server	noun	a person whose occupation is to serve at table (as in a restaurant)
5517	outrageous	adj	grossly offensive to decency or morality; causing horror
5518	gracious	adj	characterized by charm, good taste, and generosity of spirit
5519	recommendation	noun	something (as a course of action) that is recommended as advisable
5520	marijuana	noun	a strong-smelling plant from whose dried leaves a number of euphoriant and hallucinogenic drugs are prepared
5521	sway	verb	move back and forth or sideways
5522	monroe	noun	United States film actress noted for sex appeal (1926-1962)
5523	graf	noun	German tennis player who won seven women's singles titles at Wimbledon (born in 1969)
5524	hay	noun	grass mowed and cured for use as fodder
5525	shovel	noun	a hand tool for lifting loose material; consists of a curved container or scoop and a handle
5526	protein	noun	any of a large group of nitrogenous organic compounds that are essential constituents of living cells; consist of polymers of amino acids; essential in the diet of animals for growth and for repair of tissues; can be obtained from meat and eggs and milk and legumes
5527	mumbai	noun	a city in western India just off the coast of the Arabian Sea; India's 2nd largest city (after Calcutta); has the only natural deep-water harbor in western India
5528	arizona	noun	a state in southwestern United States; site of the Grand Canyon
5529	legendary	adj	so celebrated as to having taken on the nature of a legend
5530	finch	noun	any of numerous small songbirds with short stout bills adapted for crushing seeds
5531	hustle	verb	cause to move furtively and hurriedly
5532	occupation	noun	the principal activity in your life that you do to earn money
5533	shack	noun	small crude shelter used as a dwelling
5534	terminal	noun	station where transport vehicles load or unload passengers or goods
5535	spine	noun	the series of vertebrae forming the axis of the skeleton and protecting the spinal cord
5536	amelia	noun	congenital absence of an arm or leg
5537	milo	noun	small drought-resistant sorghums having large yellow or whitish grains
5538	mentor	noun	a wise and trusted guide and advisor
5539	mechanical	adj	using (or as if using) mechanisms or tools or devices
5540	karma	noun	(Hinduism and Buddhism) the effects of a person's actions that determine his destiny in his next incarnation
5541	jefferson	noun	3rd President of the United States; chief drafter of the Declaration of Independence; made the Louisiana Purchase in 1803 and sent out the Lewis and Clark Expedition to explore it (1743-1826)
5542	chorus	noun	any utterance produced simultaneously by a group
5543	nana		
5544	ra	noun	an intensely radioactive metallic element that occurs in minute amounts in uranium ores
5545	negro	noun	a person with dark skin who comes from Africa (or whose ancestors came from Africa)
5546	info	noun	a message received and understood
5547	artificial	adj	contrived by art rather than nature
5548	vent	verb	give expression or utterance to
5549	utter	verb	articulate; either verbally or with a cry, shout, or noise
5550	sparkle	noun	merriment expressed by a brightness or gleam or animation of countenance
5551	lynn		
5552	instructor	noun	a person whose occupation is teaching
5553	detention	noun	a state of being confined (usually for a short time)
5554	yield	verb	be the cause or source of
5555	dvd	noun	a digital recording (as of a movie) on an optical disk that can be played on a computer or a television set
5556	delhi	noun	a city in north central India
5557	exhibition	noun	the act of exhibiting
5558	tidy	noun	receptacle that holds odds and ends (as sewing materials)
5559	lightly	adv	without good reason
5560	prosecute	verb	conduct a prosecution in a court of law
5561	formation	noun	an arrangement of people or things acting as a unit
5562	ping	verb	hit with a pinging noise
5563	courtney		
5564	remark	verb	a statement that expresses a personal opinion or belief or adds information
5565	fax	noun	duplicator that transmits the copy by wire or radio
5566	incoming	adj	arriving at a place or position
5567	reid	noun	Scottish philosopher of common sense who opposed the ideas of David Hume (1710-1796)
5568	souvenir	noun	something of sentimental value
5569	countryside	noun	rural regions
5570	boost	noun	the act of giving hope or support to someone
5571	devon	noun	a county in southwestern England
5572	lethal	adj	of an instrument of certain death
5573	rookie	noun	an awkward and inexperienced youth
5574	identification	noun	the act of designating or identifying something
5575	pause	verb	interrupt temporarily an activity before continuing
5576	disconnect	verb	pull the plug of (electrical appliances) and render inoperable
5577	susie		
5578	slug	verb	strike heavily, especially with the fist or a bat
5579	construct	verb	make by combining materials and parts
5580	substitute	verb	put in the place of another; switch seemingly equivalent items
5581	calvin	noun	United States chemist noted for discovering the series of chemical reactions in photosynthesis (1911-)
5582	visa	noun	an endorsement made in a passport that allows the bearer to enter the country issuing it
5583	moses	noun	(Old Testament) the Hebrew prophet who led the Israelites from Egypt across the Red sea on a journey known as the Exodus; Moses received the Ten Commandments from God on Mount Sinai
5584	lionel		
5585	non	adv	negation of a word or group of words
5586	partnership	noun	the members of a business venture created by contract
5587	definition	noun	a concise explanation of the meaning of a word or phrase or symbol
5588	loneliness	noun	the state of being alone in solitary isolation
5589	frasier		
5590	salon	noun	gallery where works of art can be displayed
5591	parrot	noun	usually brightly colored zygodactyl tropical birds with short hooked beaks and the ability to mimic sounds
5592	overhear	verb	hear, usually without the knowledge of the speakers
5593	epic	noun	a long narrative poem telling of a hero's deeds
5594	gladly	adv	in a willing manner
5595	marcel	noun	a hairdo characterized by deep regular waves that are made by a heated curling iron
5596	fury	noun	a feeling of intense anger
5597	felony	noun	a serious crime (such as murder or arson)
5598	registration	noun	the act of enrolling
5599	filter	verb	remove by passing through a filter
5600	crate	noun	a rugged box (usually made of wood); used for shipping
5601	shanghai	noun	the largest city of China; located in the east on the Pacific; one of the largest ports in the world
5602	constitution	noun	law determining the fundamental political principles of a government
5603	narrate	verb	provide commentary for a film, for example
5604	madman	noun	an insane person
5605	spaceship	noun	a spacecraft designed to carry a crew into interstellar space (especially in science fiction)
5606	loot	noun	goods or money obtained illegally
5607	roland		
5608	claude		
5609	veteran	adj	rendered competent through trial and experience
5610	facial	noun	cranial nerve that supplies facial muscles
5611	mimi		
5612	volcano	noun	a fissure in the earth's crust (or in the surface of some other planet) through which molten lava and gases erupt
5613	spa	noun	a health resort near a spring or at the seaside
5614	bounty	noun	payment or reward (especially from a government) for acts such as catching criminals or killing predatory animals or enlisting in the military
5615	batter	verb	strike against forcefully
5616	asylum	noun	a shelter from danger or hardship
5617	blunt	verb	make less intense
5618	thump	verb	a heavy dull sound (as made by impact of heavy objects)
5619	battlefield	noun	a region where a battle is being (or has been) fought
5620	nevertheless	adv	despite anything to the contrary (usually following a concession)
5621	carnival	noun	a festival marked by merrymaking and processions
5622	au	noun	a soft yellow malleable ductile (trivalent and univalent) metallic element; occurs mainly as nuggets in rocks and alluvial deposits; does not react with most chemicals but is attacked by chlorine and aqua regia
5623	baba	noun	a small cake leavened with yeast
5624	hah		
5625	portion	noun	something determined in relation to something that includes it
5626	temptation	noun	something that seduces or has the quality to seduce
5627	slash	verb	cut with sweeping strokes; as with an ax or machete
5628	comedian	noun	a professional performer who tells jokes and performs comical acts
5629	cynthia	noun	(Greek mythology) the virgin goddess of the hunt and the Moon; daughter of Leto and twin sister of Apollo; identified with Roman Diana
5630	shannon	noun	United States electrical engineer who pioneered mathematical communication theory (1916-2001)
5631	overlook	verb	look past, fail to notice
5632	supposedly	adv	believed or reputed to be the case
5633	paw	noun	a clawed foot of an animal especially a quadruped
5634	edition	noun	the form in which a text (especially a printed book) is published
5635	disposal	noun	the power to use something or someone
5636	mustache	noun	an unshaved growth of hair on the upper lip
5637	heroic	adj	very imposing or impressive; surpassing the ordinary (especially in size or scale)
5638	viewer	noun	a close observer; someone who looks at something (such as an exhibition of some kind)
5639	thoughtful	adj	having intellectual depth
5640	thinkin		
5641	syndrome	noun	a complex of concurrent things
5642	hairy	adj	having or covered with hair
5643	gem	noun	art highly prized for its beauty or perfection
5644	fortress	noun	a fortified defensive structure
5645	kansas	noun	a state in midwestern United States
5646	employer	noun	a person or firm that employs workers
5647	childish	adj	indicating a lack of maturity
5648	gilbert	noun	a unit of magnetomotive force equal to 0.7958 ampere-turns
5649	nadia		
5650	unstable	adj	lacking stability or fixity or firmness
5651	nude	noun	a painting of a naked human figure
5652	instal	verb	set up for use
5653	apollo	noun	(Greek mythology) Greek god of light; god of prophecy and poetry and music and healing; son of Zeus and Leto; twin brother of Artemis
5654	slipper	noun	low footwear that can be slipped on and off easily; usually worn indoors
5655	rs	noun	a unit of radiation exposure; the dose of ionizing radiation that will produce 1 electrostatic unit of electricity in 1 cc of dry air
5656	abraham	noun	the first of the Old Testament patriarchs and the father of Isaac; according to Genesis, God promised to give Abraham's family (the Hebrews) the land of Canaan (the Promised Land); God tested Abraham by asking him to sacrifice his son
5657	evelyn		
5658	amazed	adj	filled with the emotional impact of overwhelming surprise or shock
5659	universal	adj	of worldwide scope or applicability; ; - Christopher Morley
5660	disrespect	noun	an expression of lack of respect
5661	drunken	adj	given to or marked by the consumption of alcohol
5662	hyah		
5663	bunker	noun	a hazard on a golf course
5664	dc	noun	the district occupied entirely by the city of Washington; chosen by George Washington as the site of the capital of the United States and created out of land ceded by Maryland and Virginia
5665	betrayal	noun	an act of deliberate betrayal
5666	xena		
5667	shaft	noun	a line that forms the length of an arrow pointer
5668	dexter	adj	on or starting from the wearer's right
5669	bunk	noun	a long trough for feeding cattle
5670	nod	verb	express or signify by nodding
5671	doe	noun	the federal department responsible for maintaining a national energy policy of the United States; created in 1977
5672	dwarf	verb	make appear small by comparison
5673	hammond		
5674	exotic	adj	being or from or characteristic of another place or part of the world
5675	cory		
5676	extent	noun	the point or degree to which something extends
5677	eighth	adj	coming next after the seventh and just before the ninth in position
5678	selection	noun	the act of choosing or selecting
5679	preacher	noun	someone whose occupation is preaching the gospel
5680	distort	verb	make false by mutilation or addition; as of a message or story
5681	wheat	noun	annual or biennial grass having erect flower spikes and light brown grains
5682	shipping	noun	the commercial enterprise of moving goods and materials
5683	kara		
5684	kin	noun	a person having kinship with another or others
5685	klaus		
5686	proposition	noun	(logic) a statement that affirms or denies something and is either true or false
5687	culprit	noun	someone who perpetrates wrongdoing
5688	gerald		
5689	hath		
5690	marvin		
5691	spaghetti	noun	spaghetti served with a tomato sauce
5692	chester	noun	a city of southeastern Pennsylvania on the Delaware river (an industrial suburb of Philadelphia)
5693	suffocate	verb	deprive of oxygen and prevent from breathing
5694	laurie		
5695	chili	noun	ground beef and chili peppers or chili powder often with tomatoes and kidney beans
5696	prospect	noun	the possibility of future success
5697	yah		
5698	contestant	noun	a person who participates in competitions
5699	santo		
5700	diving	noun	an athletic competition that involves diving into water
5701	artie		
5702	harriet		
5703	federation	noun	an organization formed by merging several groups or parties
5704	mulder		
5705	flock	noun	a church congregation guided by a pastor
5706	ribbon	noun	any long object resembling a thin line
5707	laurel	noun	any of various aromatic trees of the laurel family
5708	jupiter	noun	the largest planet and the 5th from the sun; has many satellites and is one of the brightest objects in the night sky
5709	cod	noun	the vessel that contains the seeds of a plant (not the seeds themselves)
5710	conrad	noun	English novelist (born in Poland) noted for sea stories and for his narrative technique (1857-1924)
5711	vitamin	noun	any of a group of organic substances essential in small quantities to normal metabolism
5712	brett		
5713	aisle	noun	a long narrow passage (as in a cave or woods)
5714	oxford	noun	a city in southern England to the northwest of London; site of Oxford University
5715	yank	noun	an American who lives in the North (especially during the American Civil War)
5716	wh		
5717	noisy	adj	full of or characterized by loud and nonmusical sounds
5718	twilight	noun	the time of day immediately following sunset
5719	godfather	noun	any man who serves as a sponsor for a child at baptism
5720	tyre	noun	a port in southern Lebanon on the Mediterranean Sea; formerly a major Phoenician seaport famous for silks
5721	waist	noun	the narrowing of the body between the ribs and hips
5722	caller	noun	a social or business visitor
5723	swine	noun	stout-bodied short-legged omnivorous animals
5724	microphone	noun	device for converting sound waves into electrical energy
5725	marker	noun	some conspicuous object used to distinguish or mark something
5726	clearance	noun	the distance by which one thing clears another; the space between them
5727	refrigerator	noun	white goods in which food can be stored at low temperatures
5728	primitive	adj	belonging to an early stage of technical development; characterized by simplicity and (often) crudeness
5729	seizure	noun	a sudden occurrence (or recurrence) of a disease
5730	curry	noun	(East Indian cookery) a pungent dish of vegetables or meats flavored with curry powder and usually eaten with rice
5731	grove	noun	a small growth of trees without underbrush
5732	ominous	adj	threatening or foreshadowing evil or tragic developments
5733	sunlight	noun	the rays of the sun
5734	fascist	adj	relating to or characteristic of fascism
5735	trench	noun	a ditch dug as a fortification having a parapet of the excavated earth
5736	oui		
5737	overseas	adj	in a foreign country
5738	aaah		
5739	resent	verb	feel bitter or indignant about
5740	mosquito	noun	two-winged insect whose female has a long proboscis to pierce the skin and suck the blood of humans and animals
5741	marketing	noun	the exchange of goods for an agreed sum of money
5742	confine	verb	place limits on (extent or access)
5743	precaution	noun	a precautionary measure warding off impending danger or damage or injury etc.
5744	barbie		
5745	ferry	verb	a boat that transports people or vehicles across a body of water and operates on a regular schedule
5746	battalion	noun	an army unit usually consisting of a headquarters and three or more companies
5747	til		
5748	urine	noun	liquid excretory product
5749	foreman	noun	a person who exercises control over workers
5750	nickel	noun	a hard malleable ductile silvery metallic element that is resistant to corrosion; used in alloys; occurs in pentlandite and smaltite and garnierite and millerite
5751	brody		
5752	probation	noun	a trial period during which your character and abilities are tested to see whether you are suitable for work or for membership
5753	dynamic	adj	characterized by action or forcefulness or force of personality
5754	calf	noun	young of domestic cattle
5755	render	verb	cause to become
5756	startle	verb	to stimulate to action
5757	gemma	noun	small asexual reproductive structure in e.g. liverworts and mosses that detaches from the parent and develops into a new individual
5758	extension	noun	a mutually agreed delay in the date set for the completion of a job or payment of a debt
5759	mini	noun	a very short skirt
5760	freezer	noun	electric refrigerator (trade name Deepfreeze) in which food is frozen and stored for long periods of time
5761	destine	verb	decree or designate beforehand
5762	limo	noun	large luxurious car; usually driven by a chauffeur
5763	turkish	adj	of or relating to or characteristic of Turkey or its people or language
5764	cupboard	noun	a small room (or recess) or cabinet used for storage space
5765	admission	noun	the act of admitting someone to enter
5766	dispose	verb	give, sell, or transfer to another
5767	matty		
5768	judith	noun	Jewish heroine in one of the books of the Apocrypha; she saved her people by decapitating the Assyrian general Holofernes
5769	ohio	noun	a midwestern state in north central United States in the Great Lakes region
5770	holland	noun	a constitutional monarchy in western Europe on the North Sea; half the country lies below sea level
5771	utterly	adv	completely and without qualification; used informally as intensifiers
5772	umm		
5773	jonah	noun	(Old Testament) Jonah did not wish to become a prophet so God caused a great storm to throw him overboard from a ship; he was saved by being swallowed by a whale that vomited him out onto dry land
5774	ironic	adj	humorously sarcastic or mocking
5775	assassination	noun	an attack intended to ruin someone's reputation
5776	skipper	noun	a student who fails to attend classes
5777	overall	adj	involving only main features
5778	tate	noun	United States poet and critic (1899-1979)
5779	caution	verb	care to avoid possible danger; also to warn strongly
5780	reconsider	verb	consider again; give new consideration to; usually with a view to changing
5781	sweden	noun	a Scandinavian kingdom in the eastern part of the Scandinavian Peninsula
5782	martini	noun	a cocktail made of gin (or vodka) with dry vermouth
5783	jog	verb	continue talking or writing in a desultory manner
5784	hooray	noun	a victory cheer
5785	telescope	verb	crush together or collapse
5786	elli	noun	(Norse mythology) goddess of old age who defeated Thor in a wrestling match
5787	rating	noun	an appraisal of the value of something
5788	advisor	noun	an expert who gives advice
5789	bollock	noun	one of the two male reproductive glands that produce spermatozoa and secrete androgens
5790	meaningless	adj	having no meaning or direction or purpose
5791	burton	noun	English explorer who with John Speke was the first European to explore Lake Tanganyika (1821-1890)
5792	wretche		
5793	krishna	noun	8th and most important avatar of Vishnu; incarnated as a handsome young man playing a flute
5794	brew	noun	drink made by steeping and boiling and fermenting rather than distilling
5795	thoroughly	adv	in an exhaustive manner
5796	denver	noun	the state capital and largest city of Colorado; located in central Colorado on the South Platte river
5797	dart	verb	move along rapidly and lightly; skim or dart
5798	doris	noun	(Greek mythology) wife of Nereus and mother of the Nereids
5799	luther	noun	German theologian who led the Reformation; believed that salvation is granted on the basis of faith rather than deeds (1483-1546)
5800	madrid	noun	the capital and largest city situated centrally in Spain; home of an outstanding art museum
5801	equation	noun	a mathematical statement that two expressions are equal
5802	compose	verb	form the substance of
5803	crave	verb	have a craving, appetite, or great desire for
5804	resemble	verb	appear like; be similar or bear a likeness to
5805	regina	noun	the provincial capital of Saskatchewan
5806	hereby	adv	(formal) by means of this
5807	philadelphia	noun	the largest city in Pennsylvania; located in the southeastern part of the state on the Delaware river; site of Independence Hall where the Declaration of Independence and the Constitution were signed; site of the University of Pennsylvania
5808	doughnut	noun	a toroidal shape
5809	mechanism	noun	the atomic process that occurs during a chemical reaction
5810	dispute	noun	a disagreement or argument about something important
5811	psychology	noun	the science of mental life
5812	hamburger	noun	a sandwich consisting of a fried cake of minced beef served on a bun, often with other ingredients
5813	danielle		
5814	trent	noun	a river in central England that flows generally northeastward to join with the Ouse River and form the Humber
5815	detroit	noun	the largest city in Michigan and a major Great Lakes port; center of the United States automobile industry; located in southeastern Michigan on the Detroit river across from Windsor
5816	su		
5817	gerry		
5818	motivate	verb	give an incentive for action
5819	restless	adj	worried and uneasy
5820	marvellous	adj	extraordinarily good or great ; used especially as intensifiers
5821	exposure	noun	vulnerability to the elements; to the action of heat or cold or wind or rain;  or
5822	improvement	noun	a change for the better; progress in development
5823	australian	noun	a native or inhabitant of Australia
5824	medic	noun	any of several Old World herbs of the genus Medicago having small flowers and trifoliate compound leaves
5825	beck	noun	a beckoning gesture
5826	hog	verb	take greedily; take more than one's share
5827	edith		
5828	petition	noun	a formal message requesting something that is submitted to an authority
5829	troll	noun	(Scandanavian folklore) a supernatural creature (either a dwarf or a giant) that is supposed to live in caves or in the mountains
5830	lu	noun	a trivalent metallic element of the rare earth group; usually occurs in association with yttrium
5831	implant	verb	fix or set securely or deeply
5832	opposition	noun	the action of opposing something that you disapprove or disagree with
5833	jang		
5834	haley	noun	United States rock singer who was one of the first to popularize rock'n'roll music (1925-1981)
5835	usa	noun	North American republic containing 50 states - 48 conterminous states in North America plus Alaska in northwest North America and the Hawaiian Islands in the Pacific Ocean; achieved independence in 1776
5836	lace	verb	a cord that is drawn through eyelets or around hooks in order to draw together two edges (as of a shoe or garment)
5837	timmy		
5838	dominate	verb	be larger in number, quantity, power, status or importance
5839	misfortune	noun	unnecessary and unforeseen trouble resulting from an unfortunate event
5840	miner	noun	laborer who works in a mine
5841	porch	noun	a structure attached to the exterior of a building often forming a covered entrance
5842	leonardo	noun	Italian painter and sculptor and engineer and scientist and architect; the most versatile genius of the Italian Renaissance (1452-1519)
5843	rooster	noun	adult male chicken
5844	goon	noun	an awkward stupid person
5845	tammy	noun	plain-woven (often glazed) fabric of wool or wool and cotton used especially formerly for linings and garments and curtains
5846	clumsy	adj	lacking grace in movement or posture
5847	curl	verb	form a curl, curve, or kink
5848	xiao		
5849	janice		
5850	hormone	noun	the secretion of an endocrine gland that is transmitted by the blood to the tissue on which it has a specific effect
5851	thai	noun	a native or inhabitant of Thailand
5852	garlic	noun	bulbous herb of southern Europe widely naturalized; bulb breaks up into separate strong-flavored cloves
5853	simone		
5854	ammunition	noun	projectiles to be fired from a gun
5855	sushi	noun	rice (with raw fish) wrapped in seaweed
5856	gardens	noun	a plot of ground where plants are cultivated
5857	norm	noun	a standard or model or pattern regarded as typical
5858	introduction	noun	the act of beginning something new
5859	chandler	noun	United States writer of detective thrillers featuring the character of Philip Marlowe (1888-1959)
5860	brady	noun	United States pioneer photographer famous for his portraits; was the official Union photographer for the American Civil War (1823-1896)
5861	setup	noun	equipment designed to serve a specific function
5862	cherish	verb	be fond of; be attached to
5863	crocodile	noun	large voracious aquatic reptile having a long snout with massive jaws and sharp teeth and a body covered with bony plates; of sluggish tropical waters
5864	initiative	noun	readiness to embark on bold new ventures
5865	greed	noun	excessive desire to acquire or possess more (especially more material wealth) than one needs or deserves
5866	unlucky	adj	having or bringing misfortune
5867	booty	noun	goods or money obtained illegally
5868	dorm	noun	a college or university building containing living quarters for students
5869	grayson		
5870	triangle	noun	a three-sided polygon
5871	chow	noun	the imperial dynasty of China from 1122 to 221 BC; notable for the rise of Confucianism and Taoism
5872	des	noun	a potent estrogen used in medicine and in feed for livestock and poultry
5873	handwriting	noun	something written by hand
5874	shelly		
5875	moustache	noun	an unshaved growth of hair on the upper lip
5876	sultan	noun	the ruler of a Muslim country (especially of the former Ottoman Empire)
5877	franco	noun	Spanish general whose armies took control of Spain in 1939 and who ruled as a dictator until his death (1892-1975)
5878	café		
5879	endanger	verb	pose a threat to; present a danger to
5880	torpedo	noun	a professional killer who uses a gun
5881	rabbi	noun	spiritual leader of a Jewish congregation; qualified to expound and apply Jewish law
5882	postcard	noun	a card for sending messages by post without an envelope
5883	petrol	noun	a volatile flammable mixture of hydrocarbons (hexane and heptane and octane etc.) derived from petroleum; used mainly as a fuel in internal-combustion engines
5884	flap	verb	move in a wavy pattern or with a rising and falling motion
5885	jeannie		
5886	savior	noun	a teacher and prophet born in Bethlehem and active in Nazareth; his life and sermons form the basis for Christianity (circa 4 BC - AD 29)
5887	garrett		
5888	naval	adj	connected with or belonging to or used in a navy
5889	sunrise	noun	the first light of day
5890	lordship	noun	a title used to address any British peer except a duke and extended to a bishop or a judge
5891	arena	noun	a particular environment or walk of life
5892	flyer	noun	an advertisement (usually printed on a page or in a leaflet) intended for wide distribution
5893	pakistan	noun	a Muslim republic that occupies the heartland of ancient south Asian civilization in the Indus River valley; formerly part of India; achieved independence from the United Kingdom in 1947
5894	oughta		
5895	dye	verb	a usually soluble substance for staining or coloring e.g. fabrics or hair
5896	sadie		
5897	alongside	adv	side by side
5898	magistrate	noun	a lay judge or civil authority who administers the law (especially one who conducts a court dealing with minor offenses)
5899	fundamental	adj	serving as an essential component
5900	democratic	adj	characterized by or advocating or based upon the principles of democracy or social equality; ; ; - George du Maurier
5901	packet	noun	a collection of things wrapped or boxed together
5902	mack	noun	a waterproof raincoat made of rubberized fabric
5903	asteroid	noun	any of numerous small celestial bodies composed of rock and metal that move around the sun (mainly between the orbits of Mars and Jupiter)
5904	iv	noun	the cardinal number that is the sum of three and one
5905	flick	noun	a light sharp contact (usually with something flexible)
5906	oyster	noun	marine mollusks having a rough irregular shell; found on the sea bed mostly in coastal waters
5907	humiliating	adj	causing awareness of your shortcomings
5908	lively	adj	full of life and energy
5909	deploy	verb	place troops or weapons in battle formation
5910	sensei		
5911	sticky	adj	having the sticky properties of an adhesive
5912	glen	noun	a narrow secluded valley (in the mountains)
5913	liu		
5914	eugene	noun	Austrian general in the service of the Holy Roman Empire during the War of the Spanish Succession (1663-1736)
5915	reminder	noun	a message that helps you remember something
5916	informant	noun	a person who supplies information
5917	specialty	noun	an asset of special worth or utility
5918	peculiar	adj	beyond or deviating from the usual or expected
5919	piggy	noun	a young pig
5920	anita		
5921	manuel		
5922	snoop	verb	watch, observe, or inquire secretly
5923	inheritance	noun	hereditary succession to a title or an office or property
5924	morale	noun	a state of individual psychological well-being based upon a sense of confidence and usefulness and purpose
5925	beckett	noun	a playwright and novelist (born in Ireland) who lived in France; wrote plays for the theater of the absurd (1906-1989)
5926	lakh	noun	the cardinal number that is the fifth power of ten
5927	bulb	noun	a modified bud consisting of a thickened globular underground stem serving as a reproductive structure
5928	recognition	noun	the state or quality of being recognized or acknowledged
5929	stud	verb	scatter or intersperse like dots or studs
5930	clutch	verb	take hold of; grab
5931	competitor	noun	the contestant you hope to defeat
5932	offender	noun	a person who transgresses moral or civil law
5933	artistic	adj	relating to or characteristic of art or artists
5934	liberate	verb	give equal rights to; of women and minorities
5935	geek	noun	a carnival performer who does disgusting acts
5936	jock	noun	a person trained to compete in sports
5937	overreact	verb	show an exaggerated response to something
5938	archive	noun	a depository containing historical records and documents
5939	category	noun	a collection of things sharing a common attribute
5940	darren		
5941	potion	noun	a medicinal or magical or poisonous beverage
5942	flare	noun	a shape that spreads outward
5943	misunderstood	verb	interpret in the wrong way
5944	barber	noun	United States composer (1910-1981)
5945	wink	verb	signal by winking
5946	cramp	noun	a painful and involuntary muscular contraction
5947	atomic	adj	of or relating to or comprising atoms
5948	neighbourhood	noun	a surrounding or nearby region
5949	javier		
5950	ava		
5951	ng	noun	one billionth (1/1,000,000,000) gram
5952	immigrant	noun	a person who comes to a country where they were not born in order to settle there
5953	defensive	adj	intended or appropriate for defending against or deterring aggression or attack
5954	kenneth		
5955	kat	noun	the leaves of the shrub Catha edulis which are chewed like tobacco or used to make tea; has the effect of a euphoric stimulant
5956	ahhh		
5957	cube	noun	a hexahedron with six equal squares as faces
5958	urban	adj	relating to or concerned with a city or densely populated area
5959	psychologist	noun	a scientist trained in psychology
5960	gregory	noun	(Roman Catholic Church) a church father known for his constant fight against perceived heresies; a saint and Doctor of the Church (329-391)
5961	iot		
5962	timer	noun	a timepiece that measures a time interval and signals its end
5963	sever	verb	set or keep apart
5964	thorough	adj	painstakingly careful and accurate
5965	ike	noun	United States general who supervised the invasion of Normandy and the defeat of Nazi Germany; 34th President of the United States (1890-1961)
5966	ethic	noun	the principles of right and wrong that are accepted by an individual or a social group
5967	patricia		
5968	nightclub	noun	a spot that is open late at night and that provides entertainment (as singers or dancers) as well as dancing and food and drink
5969	ari		
5970	conservative	adj	resistant to change
5971	nasa	noun	an independent agency of the United States government responsible for aviation and spaceflight
5972	spock	noun	United States pediatrician whose many books on child care influenced the upbringing of children around the world (1903-1998)
5973	user	noun	a person who makes use of a thing; someone who uses or employs something
5974	marion		
5975	classy	adj	elegant and fashionable; ; ; ; - Julia Child
5976	janitor	noun	someone employed to clean and maintain a building
5977	angelo		
5978	bradley	noun	United States politician who was elected the first black mayor of Los Angeles (1917-1998)
5979	homosexual	noun	someone who practices homosexuality; having a sexual attraction to persons of the same sex
5980	confirmation	noun	additional proof that something that was believed (some fact or hypothesis or theory) is correct
5981	mend	verb	restore by replacing a part or putting together what is torn or broken
5982	cyrus	noun	Persian prince who was defeated in battle by his brother Artaxerxes II (424-401 BC)
5983	toni		
5984	perish	verb	pass from physical life and lose all bodily attributes and functions necessary to sustain life
5985	adoption	noun	the act of accepting with approval; favorable reception
5986	claw	noun	sharp curved horny process on the toe of a bird or some mammals or reptiles
5987	jackass	noun	a man who is a stupid incompetent fool
5988	revolt	noun	organized opposition to authority; a conflict in which one faction tries to wrest control from another
5989	handing	verb	place into the hands or custody of
5990	cheerful	adj	being full of or promoting cheer; having or showing good spirits
5991	deb	noun	a young woman making her debut into society
5992	acceptable	adj	worthy of acceptance or satisfactory
5993	realistic	adj	aware or expressing awareness of things as they really are
5994	clamor	noun	a loud harsh or strident noise
5995	sufficient	adj	of a quantity that can fulfill a need or requirement but without being abundant
5996	banner	noun	long strip of cloth or paper used for decoration or advertising
5997	cosmic	adj	of or from or pertaining to or characteristic of the cosmos or universe
5998	nolan		
5999	gabe		
6000	rebellion	noun	refusal to accept some authority or code or convention
6001	shag	noun	a strong coarse tobacco that has been shredded
6002	toad	noun	any of various tailless stout-bodied amphibians with long hind limbs for leaping; semiaquatic and terrestrial species
6003	warmth	noun	the sensation caused by heat energy
6004	magnum	noun	a large wine bottle for liquor or wine
6005	gardener	noun	someone who takes care of a garden
6006	alas	noun	a flat wing-shaped process or winglike part of an organism
6007	semester	noun	one of two divisions of an academic year
6008	hitch	verb	to hook or entangle
6009	sherry	noun	dry to sweet amber wine from the Jerez region of southern Spain or similar wines produced elsewhere; usually drunk as an aperitif
6010	tutor	noun	a person who gives private instruction (as in singing, acting, etc.)
6011	antoine		
6012	outlaw	verb	someone who has committed a crime or has been legally convicted of a crime
6013	terrace	noun	usually paved outdoor area adjoining a residence
6014	burglar	noun	a thief who enters a building with intent to steal
6015	calculation	noun	the procedure of calculating; determining something by mathematical or logical methods
6016	conceive	verb	have the idea for
6017	sheldon		
6018	amuse	verb	occupy in an agreeable, entertaining or pleasant fashion
6019	scanner	noun	someone who scans verse to determine the number and prosodic value of the syllables
6020	darrin		
6021	app		
6022	paramedic	noun	a person trained to assist medical professionals and to give emergency medical treatment
6023	overtime	noun	work done in addition to regular working hours
6024	platoon	noun	a military unit that is a subdivision of a company; usually has a headquarters and two or more squads; usually commanded by a lieutenant
6025	percy	noun	United States writer whose novels explored human alienation (1916-1990)
6026	glimpse	noun	a quick look
6027	tailor	verb	adjust to a specific need or market
6028	davy	noun	English chemist who was a pioneer in electrochemistry and who used it to isolate elements sodium and potassium and barium and boron and calcium and magnesium and chlorine (1778-1829)
6029	compartment	noun	a space into which an area is subdivided
6030	ruthless	adj	without mercy or pity
6031	po	noun	a radioactive metallic element that is similar to tellurium and bismuth; occurs in uranium ores but can be produced by bombarding bismuth with neutrons in a nuclear reactor
6032	crappy	adj	very bad
6033	stocking	noun	close-fitting hosiery to cover the foot and leg; come in matched pairs (usually used in the plural)
6034	sidney	noun	English poet (1554-1586)
6035	sh		
6036	vegetarian	noun	eater of fruits and grains and nuts; someone who eats no meat or fish or (often) any animal products
6037	brothel	noun	a building where prostitutes are available
6038	schmidt	noun	German statesman who served as chancellor of Germany (born in 1918)
6039	crank	noun	a bad-tempered person
6040	lacey		
6041	snitch	noun	someone acting as an informer or decoy for the police
6042	heap	noun	a collection of objects laid on top of each other
6043	dislike	verb	have or feel a dislike or distaste for
6044	prophecy	noun	knowledge of the future (usually said to be obtained from a divine source)
6045	tweet	noun	a weak chirping sound as of a small bird
6046	graveyard	noun	a tract of land used for burials
6047	essay	noun	an analytic or interpretive literary composition
6048	injustice	noun	an unjust act
6049	ration	noun	the food allowance for one day (especially for service personnel)
6050	buckle	noun	fastener that fastens together two ends of a belt or strap; often has loose prong
6051	merit	verb	be worthy or deserving
6052	recite	verb	recite in elocution
6053	uk	noun	a monarchy in northwestern Europe occupying most of the British Isles; divided into England and Scotland and Wales and Northern Ireland; `Great Britain' is often used loosely to refer to the United Kingdom
6054	correction	noun	the act of offering an improvement to replace a mistake; setting right
6055	resignation	noun	acceptance of despair
6056	addiction	noun	being abnormally tolerant to and dependent on something that is psychologically or physically habit-forming (especially alcohol or narcotic drugs)
6057	newton	noun	English mathematician and physicist; remembered for developing the calculus and for his law of gravitation and his three laws of motion (1642-1727)
6058	shiver	verb	tremble convulsively, as from fear or excitement
6059	sincerely	adv	with sincerity; without pretense
6060	stacy		
6061	saul	noun	(Old Testament) the first king of the Israelites who defended Israel against many enemies (especially the Philistines)
6062	freshman	noun	a first-year undergraduate
6063	jenkin		
6064	weirdo	noun	someone unpleasantly strange or eccentric
6065	bueno		
6066	spicy	adj	having an agreeably pungent taste
6067	fatty	adj	containing or composed of fat
6068	panther	noun	a large spotted feline of tropical America similar to the leopard; in some classifications considered a member of the genus Felis
6069	sheer	adj	complete and without restriction or qualification; sometimes used informally as intensifiers
6070	schultz		
6071	valve	noun	a structure in a hollow organ (like the heart) with a flap to insure one-way flow of fluid through it
6072	operative	adj	being in force or having or exerting force
6073	willow	noun	any of numerous deciduous trees and shrubs of the genus Salix
6074	rental	noun	property that is leased or rented out or let
6075	fireman	noun	play in which children pretend to put out a fire
6076	virtually	adv	in essence or effect but not in fact
6077	titan	noun	a person of exceptional importance and reputation
6078	tequila	noun	Mexican liquor made from fermented juices of an agave plant
6079	paddle	verb	a short oar used to move a small boat; also a small flat bat for hitting balls
6080	consultant	noun	an expert who gives advice
6081	unemployed	adj	not engaged in a gainful occupation
6082	masterpiece	noun	the most outstanding work of a creative artist or craftsman
6083	rapist	noun	someone who forces another to have sexual intercourse
6084	slit	noun	a long narrow opening
6085	donovan		
6086	insight	noun	clear or deep perception of a situation
6087	il	noun	a midwestern state in north-central United States
6088	sherlock	noun	someone who can be employed as a detective to collect information
6089	stun	verb	make senseless or dizzy by or as if by a blow
6090	hysterical	adj	characterized by or arising from psychoneurotic hysteria; - Morris Fishbein
6091	sage	noun	a mentor in spiritual and philosophical topics who is renowned for profound wisdom
6092	employment	noun	the state of being employed or having a job
6093	contractor	noun	someone (a person or firm) who contracts to build things
6094	publisher	noun	a firm in the publishing business
6095	enable	verb	render capable or able for some task
6096	weave	verb	interlace by or as if by weaving
6097	tribute	noun	something given or done as an expression of esteem
6098	aspirin	noun	the acetylated derivative of salicylic acid; used as an analgesic anti-inflammatory drug (trade names Bayer, Empirin, and St. Joseph) usually taken in tablet form; used as an antipyretic; slows clotting of the blood by poisoning platelets
6099	waltz	noun	an assured victory (especially in an election)
6100	thrust	verb	push forcefully
6101	cheerleader	noun	an enthusiastic and vocal supporter
6102	liberal	noun	a person who favors a political philosophy of progress and reform and the protection of civil liberties
6103	haye		
6104	cuban	adj	of or relating to or characteristic of Cuba or the people of Cuba
6105	liv	adj	being four more than fifty
6106	plumber	noun	a craftsman who installs and repairs pipes and fixtures and appliances
6107	phenomenon	noun	any state or process known through the senses rather than by intuition or reasoning
6108	mermaid	noun	half woman and half fish; lives in the sea
6109	orgasm	noun	the moment of most intense pleasure in sexual intercourse
6110	camille		
6111	cartel	noun	a consortium of independent organizations formed to limit competition by controlling the production and distribution of a product or service
6112	julius		
6113	annoyed	adj	aroused to impatience or anger
6114	hometown	noun	the town (or city) where you grew up or where you have your principal residence
6115	discreet	adj	marked by prudence or modesty and wise self-restraint
6116	thrive	verb	grow vigorously
6117	morphine	noun	an alkaloid narcotic drug extracted from opium; a powerful, habit-forming narcotic used to relieve pain
6118	henderson		
6119	jun		
6120	dread	verb	be afraid or scared of; be frightened of
6121	hyun		
6122	barrack	noun	a building or group of buildings used to house military personnel
6123	agony	noun	intense feelings of suffering; acute mental or physical pain
6124	clank	verb	make a loud, resonant, repeating noise; such a noise
6125	awaken	verb	cause to become awake or conscious
6126	karate	noun	a traditional Japanese system of unarmed combat; sharp blows and kicks are given to pressure-sensitive points on the body of the opponent
6127	highlight	verb	move into the foreground to make more visible or prominent
6128	zap	noun	a sudden event that imparts energy or excitement, usually with a dramatic impact
6129	marta		
6130	creator	noun	terms referring to the Judeo-Christian God
6131	lone	adj	lacking companions or companionship
6132	nan	noun	your grandmother
6133	zoom	verb	move along very quickly
6134	carlton		
6135	mining	noun	the act of extracting ores or coal etc from the earth
6136	aged	adj	advanced in years; (`aged' is pronounced as two syllables)
6137	fin	noun	the cardinal number that is the sum of four and one
6138	detector	noun	any device that receives a signal or stimulus (as heat or pressure or light or motion etc.) and responds to it in a distinctive manner
6139	monument	noun	a structure erected to commemorate persons or events
6140	preferred	adj	more desirable than another
6141	reassure	verb	cause to feel sure; give reassurance to
6142	gambler	noun	a person who wagers money on the outcome of games or sporting events
6143	detain	verb	deprive of freedom; take into confinement
6144	void	adj	lacking any legal or binding force
6145	vip	noun	an important or influential (and often overbearing) person
6146	sixteen	adj	being one more than fifteen
6147	hannibal	noun	general who commanded the Carthaginian army in the second Punic War; crossed the Alps and defeated the Romans but was recalled to defend Carthage and was defeated (247-182 BC)
6148	dome	noun	a concave shape whose distinguishing characteristic is that the concavity faces downward
6149	establishment	noun	the act of forming or establishing something
6150	dixon		
6151	pioneer	verb	someone who helps to open up a new line of research or technology or art
6152	holt		
6153	mannix		
6154	peterson		
6155	dental	adj	of or relating to the teeth
6156	obama		
6157	sixty	adj	the number 60
6158	commence	verb	take the first step or steps in carrying out an action
6159	matthews	noun	(New Testament) disciple of Jesus; traditionally considered to be the author of the first Gospel
6160	peer	verb	a person who is of equal standing with another in a group
6161	seo		
6162	russ	noun	the medieval Russian state established by Scandinavian traders in the 9th century; the capital was first in Novgorod and then in Kiev
6163	whitney	noun	United States inventor of the mechanical cotton gin (1765-1825)
6164	poll	noun	an inquiry into public opinion conducted by interviewing a random sample of people
6165	infinite	adj	having no limits or boundaries in time or space or extent or magnitude
6166	cavalry	noun	troops trained to fight on horseback
6167	dictate	verb	issue commands or orders for
6168	lam	verb	flee; take to one's heels; cut and run
6169	suzanne		
6170	believer	noun	a supporter who accepts something as true
6171	memo	noun	a written proposal or reminder
6172	parallel	adj	being everywhere equidistant and not intersecting
6173	lighten	verb	make more cheerful
6174	meadow	noun	a field where grass or alfalfa are grown to be made into hay
6175	irrelevant	adj	having no bearing on or connection with the subject at issue
6176	poppy	noun	annual or biennial or perennial herbs having showy flowers
6177	thorn	noun	something that causes irritation and annoyance
6178	carpenter	noun	a woodworker who makes or repairs wooden objects
6179	roberto		
6180	perfection	noun	the state of being without a flaw or defect
6181	disciple	noun	someone who believes and helps to spread the doctrine of another
6182	blush	verb	turn red, as if in embarrassment or shame
6183	abort	noun	the act of terminating a project or procedure before it is completed
6184	pluck	verb	pull or pull out sharply
6185	iii	noun	the cardinal number that is the sum of one and one and one
6186	tiffany	noun	United States artist who developed Tiffany glass (1848-1933)
6187	enthusiasm	noun	a feeling of excitement
6188	narcotic	noun	a drug that produces numbness or stupor; often taken for pleasure or to reduce pain; extensive use can lead to addiction
6189	hardware	noun	major items of military weaponry (as tanks or missile)
6190	greatly	adv	to an extraordinary extent or degree
6191	irresponsible	adj	showing lack of care for consequences
6192	summit	noun	the highest level or degree attainable; the highest stage of development
6193	audio	noun	the audible part of a transmitted signal
6194	ga	noun	the first known nerve agent, synthesized by German chemists in 1936; a highly toxic combustible liquid that is soluble in organic solvents and is used as a nerve gas in chemical warfare
6195	mineral	noun	solid homogeneous inorganic substances occurring in nature having a definite chemical composition
6196	sweaty		
6197	noel	noun	period extending from Dec. 24 to Jan. 6
6198	babysitter	noun	a person engaged to care for children when the parents are not home
6199	brigade	noun	army unit smaller than a division
6200	steed	noun	(literary) a spirited horse for state or war
6201	beetle	noun	insect having biting mouthparts and front wings modified to form horny covers overlying the membranous rear wings
6202	squash	verb	to compress with violence, out of natural shape or condition
6203	bundle	noun	a collection of things wrapped or boxed together
6204	napkin	noun	a small piece of table linen that is used to wipe the mouth and to cover the lap in order to protect clothing
6205	bedtime	noun	the time you go to bed
6206	imprison	verb	lock up or confine, in or as in a jail
6207	hasting		
6208	stem	noun	(linguistics) the form of a word after all affixes are removed
6209	lori		
6210	steele	noun	English writer (1672-1729)
6211	bacteria	noun	(microbiology) single-celled or noncellular spherical or spiral or rod-shaped organisms lacking chlorophyll that reproduce by fission; important as pathogens and for biochemical properties; taxonomy is difficult; often considered to be plants
6212	vocal	adj	relating to or designed for or using the singing voice
6213	drawing	noun	an illustration that is drawn by hand and published in a book, magazine, or newspaper
6214	sanctuary	noun	a consecrated place where sacred objects are kept
6215	surgical	adj	of or relating to or involving or used in surgery
6216	purely	adv	restricted to something
6217	elderly	adj	advanced in years; (`aged' is pronounced as two syllables)
6218	geoffrey		
6219	eyebrow	noun	the arch of hair above each eye
6220	hoot	verb	to utter a loud clamorous shout
6221	profound	adj	showing intellectual penetration or emotional depth
6222	gong	noun	a percussion instrument consisting of a metal plate that is struck with a softheaded drumstick
6223	shrine	noun	a place of worship hallowed by association with some sacred thing or person
6224	abigail		
6225	slot	noun	a position in a grammatical linguistic construction in which a variety of alternative units are interchangeable
6226	careless	adj	marked by lack of attention or consideration or forethought or thoroughness; not careful
6227	fossil	noun	someone whose style is out of fashion
6228	terminate	verb	bring to an end or halt
6229	sloppy	adj	lacking neatness or order
6230	atlanta	noun	state capital and largest city of Georgia; chief commercial center of the southeastern United States; was plundered and burned by Sherman's army during the American Civil War
6231	foam	noun	a mass of small bubbles formed in or on a liquid
6232	hideous	adj	grossly offensive to decency or morality; causing horror
6233	recorder	noun	equipment for making records
6234	accelerate	verb	move faster
6235	separation	noun	the state of lacking unity
6236	psych		
6237	parish	noun	a local church community
6238	blog	noun	a shared on-line journal where people can post diary entries about their personal experiences and hobbies
6239	oooh		
6240	broker	noun	a businessman who buys or sells for another in exchange for a commission
6241	tractor	noun	a wheeled vehicle with large wheels; used in farming and other applications
6242	junkie	noun	a narcotics addict
6243	monastery	noun	the residence of a religious community
6244	rupert	noun	English leader (born in Germany) of the Royalist forces during the English Civil War (1619-1682)
6245	complication	noun	the act or process of complicating
6246	stoke	verb	stir up or tend; of a fire
6247	superb	adj	of surpassing excellence
6248	reel	noun	a roll of photographic film holding a series of frames to be projected by a movie projector
6249	tha		
6250	canvas	noun	a heavy, closely woven fabric (used for clothing or chairs or sails or tents)
6251	sponge	verb	a soft, porous material that soaks up water, used for washing or cleaning; originally the skeleton of a marine animal, now often rubber or cellulose
6252	refuge	noun	a safe place
6253	righteous	adj	characterized by or proceeding from accepted standards of morality or justice; - James 5:16
6254	squadron	noun	a cavalry unit consisting of two or more troops and headquarters and supporting arms
6255	carolina	noun	the area of the states of North Carolina and South Carolina
6256	condolence	noun	an expression of sympathy with another's grief
6257	overlap	verb	coincide partially or wholly
6258	natasha		
6259	pickup	noun	a light truck with an open body and low sides and a tailboard
6260	shush	verb	silence (someone) by uttering `shush!'
6261	wesley	noun	English clergyman and brother of John Wesley who wrote many hymns (1707-1788)
6262	carrington		
6263	assumption	noun	a statement that is assumed to be true and from which a conclusion can be drawn
6264	senor	noun	a Spanish title or form of address for a man; similar to the English `Mr' or `sir'
6265	billie		
6266	academic	adj	associated with academia or an academy
6267	weaken	verb	lessen the strength of
6268	thirst	noun	a physiological need to drink
6269	rendezvous	noun	a meeting planned at a certain time and place
6270	colorado	noun	a state in west central United States in the Rocky Mountains
6271	rational	adj	consistent with or based on or using reason
6272	mute	adj	expressed without speech; ; ; - Emily Dickinson; ; ; - Thomas Wolfe
6273	sculpture	noun	a three-dimensional work of plastic art
6274	patron	noun	a regular customer
6275	scottish	noun	the dialect of English used in Scotland
6276	grandparent	noun	a parent of your father or mother
6277	streak	verb	move quickly in a straight line
6278	cunne		
6279	panda	noun	large black-and-white herbivorous mammal of bamboo forests of China and Tibet; in some classifications considered a member of the bear family or of a separate family Ailuropodidae
6280	entrust	verb	confer a trust upon
6281	granddad	noun	the father of your father or mother
6282	competitive	adj	involving competition or competitiveness
6283	mae		
6284	stripe	noun	an adornment consisting of a strip of a contrasting color or material
6285	immune	noun	a person who is immune to a particular infection
6286	regularly	adv	in a regular manner
6287	kilos	noun	one thousand grams; the basic unit of mass adopted under the Systeme International d'Unites
6288	gail		
6289	guinea	noun	a former British gold coin worth 21 shillings
6290	transition	noun	the act of passing from one state or place to the next
6291	nursery	noun	a child's room for a baby
6292	chore	noun	a specific piece of work required to be done as a duty or for a specific fee
6293	keller	noun	United States lecturer and writer who was blind and deaf from the age of 19 months; Anne Sullivan taught her to read and write and speak; Helen Keller graduated from college and went on to champion the cause of blind and deaf people (1880-1968)
6294	dynasty	noun	a sequence of powerful leaders in the same family
6295	infant	noun	a very young child (birth to 1 year) who has not yet begun to walk or talk
6296	trim	verb	remove the edges from and cut down to the desired size
6297	traveler	noun	a person who changes location
6298	thirteen	adj	the number 13
6299	tattoos	noun	a drumbeat or bugle call that signals the military to return to their quarters
6300	mustard	noun	any of several cruciferous plants of the genus Brassica
6301	mash	verb	to compress with violence, out of natural shape or condition
6302	expire	verb	lose validity
6303	franz		
6304	reinforcement	noun	a military operation (often involving new supplies of men and materiel) to strengthen a military force or aid in the performance of its mission
6305	transportation	noun	a facility consisting of the means and equipment necessary for the movement of passengers or goods
6306	alaska	noun	a state in northwestern North America; the 49th state admitted to the union
6307	interference	noun	a policy of intervening in the affairs of other countries
6308	twitter	noun	a series of chirps
6309	freakin		
6310	clive	noun	British general and statesman whose victory at Plassey in 1757 strengthened British control of India (1725-1774)
6311	crooked	adj	having or marked by bends or angles; not straight or aligned
6312	transaction	noun	the act of transacting within or between groups (as carrying on commercial activities)
6313	gradually	adv	in a gradual manner
6314	cereal	noun	grass whose starchy grains are used as food: wheat; rice; rye; oats; maize; buckwheat; millet
6315	immigration	noun	migration into a place (especially migration to a country of which you are not a native in order to settle there)
6316	filth	noun	any substance considered disgustingly foul or unpleasant
6317	momma	noun	informal terms for a mother
6318	cho		
6319	gabrielle		
6320	innit		
6321	jasmine	noun	any of several shrubs and vines of the genus Jasminum chiefly native to Asia
6322	womb	noun	a hollow muscular organ in the pelvic cavity of females; contains the developing fetus
6323	texting		
6324	housewife	noun	a wife who manages a household while her husband earns the family income
6325	lantern	noun	light in a transparent protective case
6326	parasite	noun	an animal or plant that lives in or on a host (another animal or plant); it obtains nourishment from the host without benefiting or killing the host
6327	insanity	noun	relatively permanent disorder of the mind
6328	etc		
6329	partial	adj	being or affecting only a part; not total
6330	oz		
6331	compel	verb	force somebody to do something
6332	elementary	adj	easy and not involved or complicated
6333	decoration	noun	something used to beautify
6334	scooter	noun	a motorboat resembling a motor scooter
6335	dissolve	verb	become weaker
6336	lovejoy		
6337	eighteen	adj	being one more than seventeen
6338	definite	adj	precise; explicit and clearly defined
6339	condo	noun	one of the dwelling units in a condominium
6340	criticize	verb	find fault with; express criticism of; point out real or perceived flaws
6341	rave	noun	a dance party that lasts all night and electronically synthesized music is played
6342	diagnose	verb	determine or distinguish the nature of a problem or an illness through a diagnostic analysis
6343	thrash	verb	give a thrashing to; beat hard
6344	sol	noun	a colloid that has a continuous liquid phase in which a solid is suspended in a liquid
6345	antidote	noun	a remedy that stops or controls the effects of a poison
6346	tart	adj	tasting sour like a lemon
6347	thor	noun	(Norse mythology) god of thunder and rain and farming; pictured as wielding a hammer emblematic of the thunderbolt; identified with Teutonic Donar
6348	poirot		
6349	metaphor	noun	a figure of speech in which an expression is used to refer to something that it does not literally denote in order to suggest a similarity
6350	lemonade	noun	sweetened beverage of diluted lemon juice
6351	flour	noun	fine powdery foodstuff obtained by grinding and sifting the meal of a cereal grain
6352	cement	noun	concrete pavement is sometimes referred to as cement
6353	nypd		
6354	biology	noun	the science that studies living organisms
6355	dusty	adj	covered with a layer of dust
6356	jax		
6357	advocate	verb	push for something
6358	extraterrestrial	adj	originating or located or occurring outside Earth or its atmosphere
6359	jai		
6360	playground	noun	an area where many people go for recreation
6361	successfully	adv	with success; in a successful manner
6362	potentially	adv	with a possibility of becoming actual
6363	donnie		
6364	magnet	noun	(physics) a device that attracts iron and produces a magnetic field
6365	strangely	adv	in a strange manner
6366	quantum	noun	a discrete amount of something that is analogous to the quantities in quantum theory
6367	wrinkle	noun	a slight depression in the smoothness of a surface
6368	batch	noun	all the loaves of bread baked at the same time
6369	handkerchief	noun	a square piece of cloth used for wiping the eyes or nose or as a costume accessory
6370	julio		
6371	flashlight	noun	a small portable battery-powered electric lamp
6372	authentic	adj	conforming to fact and therefore worthy of belief
6373	microwave	noun	a short electromagnetic wave (longer than infrared but shorter than radio waves); used for radar and microwave ovens and for transmitting telephone, facsimile, video and data
6374	lent	noun	a period of 40 weekdays from Ash Wednesday to Holy Saturday
6375	disobey	verb	refuse to go along with; refuse to follow; be disobedient
6376	sander	noun	a power tool used for sanding wood; an endless loop of sandpaper is moved at high speed by an electric motor
6377	relay	verb	the act of passing something along from one person or group to another
6378	tango	noun	a ballroom dance of Latin-American origin
6379	regime	noun	the organization that is the governing authority of a political unit
6380	permanently	adv	for a long time without essential change
6381	housekeeper	noun	a servant who is employed to perform domestic task in a household
6382	translator	noun	a person who translates written messages from one language to another
6383	allergy	noun	hypersensitivity reaction to a particular allergen; symptoms can vary greatly in intensity
6384	preston		
6385	swift	adj	moving very fast
6386	pajama	noun	a pair of loose trousers tied by a drawstring around the waist; worn by men and women in some Asian countries
6387	donut	noun	a small ring-shaped friedcake
6388	prescribe	verb	issue commands or orders for
6389	token	noun	an individual instance of a type of symbol
6390	temporarily	adv	for a limited time only; not permanently
6391	poisonous	adj	having the qualities or effects of a poison
6392	heidi		
6393	diagnosis	noun	identifying the nature or cause of some phenomenon
6394	ninth	adj	coming next after the eighth and just before the tenth in position
6395	limp	verb	walk impeded by some physical limitation or injury
6396	joanna		
6397	spank	noun	a slap with the flat of the hand
6398	ira	noun	a militant organization of Irish nationalists who used terrorism and guerilla warfare in an effort to drive British forces from Northern Ireland and achieve a united independent Ireland
6399	cutter	noun	someone who cuts or carves stone
6400	dickhead	noun	insulting terms of address for people who are stupid or irritating or ridiculous
6401	babble	verb	utter meaningless sounds, like a baby, or utter in an incoherent way
6402	yuri		
6403	freeman	noun	a person who is not a serf or a slave
6404	merlin	noun	(Arthurian legend) the magician who acted as King Arthur's advisor
6405	bridget	noun	Irish abbess; a patron saint of Ireland (453-523)
6406	upgrade	verb	rate higher; raise in value or esteem
6407	lookout	noun	a person employed to keep watch for some anticipated event
6408	paralyze	verb	make powerless and unable to function
6409	shelby		
6410	hospitality	noun	kindness in welcoming guests or strangers
6411	brooks	noun	United States literary critic and historian (1886-1963)
6412	broom	noun	a cleaning implement for sweeping; bundle of straws or twigs attached to a long handle
6413	memorize	verb	commit to memory; learn by heart
6414	cozy	adj	enjoying or affording comforting warmth and shelter especially in a small space
6415	frederick	noun	a town in northern Maryland to the west of Baltimore
6416	overboard	adv	to extremes
6417	licence	noun	excessive freedom; lack of due restraint; - Will Durant; - Edmund Burke
6418	philosopher	noun	a specialist in philosophy
6419	stutter	verb	a speech disorder involving hesitations and involuntary repetitions of certain sounds
6420	ai	noun	an agency of the United States Army responsible for providing timely and relevant and accurate and synchronized intelligence to tactical and operational and strategic level commanders
6421	juvenile	adj	of or relating to or characteristic of or appropriate for children or young people
6422	clinton	noun	wife of President Clinton and later a woman member of the United States Senate (1947-)
6423	baggage	noun	cases used to carry belongings when traveling
6424	indication	noun	something that serves to indicate or suggest
6425	cabbage	noun	any of various types of cabbage
6426	amigo	noun	a friend or comrade
6427	isabelle		
6428	crumble	verb	fall apart
6429	mei	noun	Japanese ornamental tree with fragrant white or pink blossoms and small yellow fruits
6430	stalker	noun	someone who walks with long stiff strides
6431	breakthrough	noun	a productive insight
6432	jasper	noun	an opaque form of quartz; red or yellow or brown or dark green in color; used for ornamentation or as a gemstone
6433	flea	noun	any wingless bloodsucking parasitic insect noted for ability to leap
6434	retain	verb	hold back within
6435	gadget	noun	a device or control that is very useful for a particular job
6436	colby		
6437	maneuver	noun	a military training exercise
6438	whilst		
6439	elaborate	adj	add details, as to an account or idea; clarify the meaning of and discourse in a learned way, usually in writing
6440	unleash	verb	release or vent
6441	maestro	noun	an artist of consummate skill
6442	flute	noun	a high-pitched woodwind instrument; a slender tube closed at one end with finger holes on one end and an opening near the closed end across which the breath is blown
6443	idle	adj	not in action or at work
6444	bankrupt	verb	someone who has insufficient assets to cover their debts
6445	confiscate	verb	take temporary possession of as a security, by legal authority
6446	tile	noun	a flat thin rectangular slab (as of fired clay or rubber or linoleum) used to cover surfaces
6447	involvement	noun	the act of sharing in the activities of a group
6448	sherman	noun	United States general who was commander of all Union troops in the West; he captured Atlanta and led a destructive march to the sea that cut the Confederacy in two (1820-1891)
6449	churchill	noun	English general considered one of the greatest generals in history (1650-1722)
6450	theresa	noun	Indian nun and missionary in the Roman Catholic Church (born of Albanian parents in what is now Macedonia); dedicated to helping the poor in India (1910-1997)
6451	parachute	noun	rescue equipment consisting of a device that fills with air and retards your fall
6452	solitary	adj	characterized by or preferring solitude
6453	wilderness	noun	(politics) a state of disfavor
6454	baltimore	noun	the largest city in Maryland; a major seaport and industrial center
6455	humiliation	noun	state of disgrace or loss of self-respect
6456	vietnamese	noun	a native or inhabitant of Vietnam
6457	plunge	verb	thrust or throw into
6458	ronald		
6459	texte		
6460	disk	noun	something with a round shape resembling a flat circular plate
6461	toothbrush	noun	small brush; has long handle; used to clean teeth
6462	yummy	adj	extremely pleasing to the sense of taste
6463	weekly	noun	a periodical that is published every week (or 52 issues per year)
6464	courier	noun	a person who carries a message
6465	legion	noun	archaic terms for army
6466	gracia		
6467	amazon	noun	a large strong and aggressive woman
6468	briefing	noun	detailed instructions, as for a military operation
6469	henri		
6470	hart	noun	United States playwright who collaborated with George S. Kaufman (1904-1961)
6471	tighten	verb	make tight or tighter
6472	enlighten	verb	make understand
6473	currency	noun	the metal or paper medium of exchange that is presently used
6474	bathtub	noun	a relatively large open container that you fill with water and use to wash the body
6475	eden	noun	any place of complete bliss and delight and peace
6476	mild	adj	moderate in type or degree or effect or force; far from extreme
6477	dom		
6478	fourteen	adj	being one more than thirteen
6479	chancellor	noun	the British cabinet minister responsible for finance
6480	countless	adj	too numerous to be counted
6481	beaver	noun	the soft brown fur of the beaver
6482	specialize	verb	become more focus on an area of activity or field of study
6483	fritz		
6484	kettle	noun	a metal pot for stewing or boiling; usually has a lid
6485	brent	noun	small dark geese that breed in the north and migrate southward
6486	compass	noun	navigational instrument for finding directions
6487	preliminary	adj	denoting an action or event preceding or in preparation for something more important; designed to orient or acquaint with a situation before proceeding
6488	restrict	verb	place restrictions on
6489	runaway	adj	completely out of control
6490	fiber	noun	a slender and greatly elongated substance capable of being spun into yarn
6491	sow	verb	place (seeds) in or on the ground for future growth
6492	clapping	noun	a demonstration of approval by clapping the hands together
6493	psychiatric	adj	relating to or used in or engaged in the practice of psychiatry
6494	snuck	verb	to go stealthily or furtively
6495	roughly	adv	(of quantities) imprecise but fairly close to correct
6496	compensation	noun	something (such as money) given or received as payment or reparation (as for a service or loss or injury)
6497	yawn	verb	utter a yawn, as from lack of oxygen or when one is tired
6498	raja	noun	a prince or king in India
6499	arch	verb	a curved shape in the vertical plane that spans an opening
6500	diver	noun	someone who works underwater
6501	environmental	adj	of or relating to the external conditions or surroundings
6502	mam	noun	a member of a Mayan people of southwestern Guatemala
6503	diplomatic	adj	relating to or characteristic of diplomacy
6504	beacon	noun	a fire (usually on a hill or tower) that can be seen from a distance
6505	psychopath	noun	someone with a sociopathic personality; a person with an antisocial personality disorder (`psychopath' was once widely used but has now been superseded by `sociopath')
6506	spade	noun	a playing card in the major suit that has one or more black figures on it
6507	context	noun	discourse that surrounds a language unit and helps to determine its interpretation
6508	stereo	noun	reproducer in which two microphones feed two or more loudspeakers to give a three-dimensional effect to the sound
6509	banish	verb	expel from a community or group
6510	enchant	verb	hold spellbound
6511	whinny	verb	make a characteristic sound, of a horse
6512	dante	noun	an Italian poet famous for writing the Divine Comedy that describes a journey through Hell and purgatory and paradise guided by Virgil and his idealized Beatrice (1265-1321)
6513	rene		
6514	nuisance	noun	(law) a broad legal concept including anything that disturbs the reasonable use of your property or endangers life and health or is offensive
6515	terrorism	noun	the calculated use of violence (or the threat of violence) against civilians in order to attain goals that are political or religious or ideological in nature; this is done through intimidation or coercion or instilling fear
6516	jerome	noun	(Roman Catholic Church) one of the great Fathers of the early Christian Church whose major work was his translation of the Scriptures from Hebrew and Greek into Latin (which became the Vulgate); a saint and Doctor of the Church (347-420)
6517	bender	noun	a tool for bending
6518	ungrateful	adj	not feeling or showing gratitude; ; - Shakespeare
6519	felicity	noun	pleasing and appropriate manner or style (especially manner or style of expression)
6520	squawk	verb	utter a harsh abrupt scream
6521	maureen		
6522	co	noun	an odorless very poisonous gas that is a product of incomplete combustion of carbon
6523	neutral	adj	having no personal preference
6524	philippe		
6525	workin		
6526	rm		
6527	presidential	adj	relating to a president or presidency
6528	paddy	noun	(ethnic slur) offensive term for a person of Irish descent
6529	revelation	noun	the speech act of making something evident
6530	pastry	noun	a dough of flour and water and shortening
6531	julien		
6532	je		
6533	surprisingly	adv	in a surprising manner
6534	iran	noun	a theocratic Islamic republic in the Middle East in western Asia; Iran was the core of the ancient empire that was known as Persia until 1935; rich in oil
6535	automatically	adv	in a reflex manner
6536	gasoline	noun	a volatile flammable mixture of hydrocarbons (hexane and heptane and octane etc.) derived from petroleum; used mainly as a fuel in internal-combustion engines
6537	juliette		
6538	cockroach	noun	any of numerous chiefly nocturnal insects; some are domestic pests
6539	millie		
6540	drip	verb	fall in drops
6541	shiva	noun	(Judaism) a period of seven days of mourning after the death of close relative
6542	convent	noun	a religious residence especially for nuns
6543	component	noun	an abstract part of something
6544	crawford	noun	United States neoclassical sculptor (1814-1857)
6545	artifact	noun	a man-made object taken as a whole
6546	meth	noun	an amphetamine derivative (trade name Methedrine) used in the form of a crystalline hydrochloride; used as a stimulant to the nervous system and as an appetite suppressant
6547	youngster	noun	a young person of either sex
6548	ifyou		
6549	iove		
6550	metro	noun	an electric railway operating below the surface of the ground (usually in a city)
6551	denial	noun	the act of refusing to comply (as with a request)
6552	capsule	noun	a small container
6553	clarke		
6554	fernando		
6555	comparison	noun	the act of examining resemblances
6556	scully		
6557	blackout	noun	a suspension of radio or tv broadcasting
6558	neigh	noun	the characteristic sounds made by a horse
6559	allowance	noun	an amount allowed or granted (as during a given period)
6560	gutter	noun	a channel along the eaves or on the roof; collects and carries away rainwater
6561	charley		
6562	costa	noun	a riblike part of a plant or animal (such as a middle rib of a leaf or a thickened vein of an insect wing)
6563	slavery	noun	the state of being under the control of another person
6564	coverage	noun	the total amount and type of insurance carried
6565	console	verb	give moral or emotional strength to
6566	pry	verb	to move or force, especially in an effort to get something open; :
6567	specially	adv	in a special manner
6568	superstar	noun	someone who is dazzlingly skilled in any field
6569	tong		
6570	warmer	noun	device that heats water or supplies warmth to a room
6571	frontier	noun	a wilderness at the edge of a settled area of a country
6572	chunk	noun	a compact mass
6573	holler	verb	shout out
6574	weaver	noun	a craftsman who weaves cloth
6575	ammo	noun	projectiles to be fired from a gun
6576	macgyver		
6577	thailand	noun	a country of southeastern Asia that extends southward along the Isthmus of Kra to the Malay Peninsula
6578	becca		
6579	irritate	verb	cause annoyance in; disturb, especially by minor irritations
6580	patriot	noun	one who loves and defends his or her country
6581	debris	noun	the remains of something that has been destroyed or broken up
6582	luca		
6583	hamlet	noun	a community of people smaller than a village
6584	intervention	noun	the act of intervening (as to mediate a dispute, etc.)
6585	protector	noun	a person who cares for persons or property
6586	eyewitness	noun	a spectator who can describe what happened
6587	nat		
6588	disturbance	noun	activity that is a malfunction, intrusion, or interruption
6589	tougher	adj	not given to gentleness or sentimentality
6590	kitt		
6591	quack	noun	an untrained person who pretends to be a physician and who dispenses medical advice
6592	harassment	noun	a feeling of intense annoyance caused by being tormented
6593	missus	noun	informal term of address for someone's wife
6594	inventory	noun	a detailed list of all the items in stock
6595	hassle	noun	an angry disturbance
6596	hacker	noun	someone who plays golf poorly
6597	enhance	verb	increase
6598	govern	verb	bring into conformity with rules or principles or usage; impose regulations
6599	vile	adj	morally reprehensible
6600	gotham		
6601	imaginary	adj	not based on fact; unreal
6602	mosque	noun	(Islam) a Muslim place of worship that usually has a minaret
6603	artillery	noun	large but transportable armament
6604	hypocrite	noun	a person who professes beliefs and opinions that he or she does not hold in order to conceal his or her real feelings or motives
6605	disc	noun	sound recording consisting of a disk with a continuous groove; used to reproduce music by rotating while a phonograph needle tracks in the groove
6606	irony	noun	witty language used to convey insults or scorn; ; ; --Jonathan Swift
6607	exceptional	adj	far beyond what is usual in magnitude or degree
6608	reactor	noun	an electrical device used to introduce reactance into a circuit
6609	ss	noun	the United States intelligence agency that protects current and former presidents and vice presidents and their immediate families and protects distinguished foreign visitors; detects and apprehends counterfeiters; suppresses forgery of government securities and documents
6610	humour	noun	a characteristic (habitual or relatively temporary) state of feeling
6611	parlor	noun	reception room in an inn or club where visitors can be received
6612	gu	noun	the largest and southernmost island in the Marianas which is administered as a territory of the United States; it was ceded by Spain to the United States in 1898
6613	chimney	noun	a vertical flue that provides a path through which smoke from a fire is carried away through the wall or roof of a building
6614	joo		
6615	intrigue	noun	a crafty and involved plot to achieve your (usually sinister) ends
6616	bryan	noun	United States lawyer and politician who advocated free silver and prosecuted John Scopes (1925) for teaching evolution in a Tennessee high school (1860-1925)
6617	cadet	noun	a military trainee (as at a military academy)
6618	suppress	verb	to put down by force or authority
6619	handicap	noun	the condition of being unable to perform as a consequence of physical or mental unfitness
6620	stalin	noun	Russian leader who succeeded Lenin as head of the Communist Party and created a totalitarian state by purging all opposition (1879-1953)
6621	iet		
6622	pr	noun	a soft yellowish-white trivalent metallic element of the rare earth group; can be recovered from bastnasite or monazite by an ion-exchange process
6623	bauer		
6624	moo	verb	make a low noise, characteristic of bovines
6625	bliss	noun	a state of extreme happiness
6626	donny		
6627	elsa		
6628	equip	verb	provide with (something) usually for a specific purpose
6629	com		
6630	banquet	noun	a ceremonial dinner party for many people
6631	dungeon	noun	the main tower within the walls of a medieval castle or fortress
6632	pip	noun	a disease of poultry
6633	shameless	adj	feeling no shame
6634	sim		
6635	meteor	noun	(astronomy) any of the small solid extraterrestrial bodies that hits the earth's atmosphere
6636	yearn	verb	desire strongly or persistently
6637	turf	noun	surface layer of ground containing a mat of grass and grass roots
6638	harness	noun	a support consisting of an arrangement of straps for holding something to the body (especially one supporting a person suspended from a parachute)
6639	ballistic	adj	relating to or characteristic of the motion of objects moving under their own momentum and the force of gravity
6640	vulture	noun	any of various large diurnal birds of prey having naked heads and weak claws and feeding chiefly on carrion
6641	tang	noun	a tart spicy quality
6642	tu		
6643	duh		
6644	fingernail	noun	the nail at the end of a finger
6645	wrath	noun	intense anger (usually on an epic scale)
6646	jurisdiction	noun	(law) the right and power to interpret and apply the law
6647	attendant	noun	someone who waits on or tends to or attends to the needs of another
6648	claws	noun	sharp curved horny process on the toe of a bird or some mammals or reptiles
6649	regional	adj	characteristic of a region
6650	slope	noun	an elevated geological formation
6651	peacefully	adv	in a peaceful manner
6652	annoy	verb	cause annoyance in; disturb, especially by minor irritations
6653	nikita		
6654	stern	adj	of a stern or strict bearing or demeanor; forbidding in aspect
6655	ohhh		
6656	dearly	adv	in a sincere and heartfelt manner
6657	pharmacy	noun	the art and science of preparing and dispensing drugs and medicines,
6658	worldwide	adj	spanning or extending throughout the entire world
6659	rite	noun	an established ceremony prescribed by a religion
6660	shhh		
6661	underworld	noun	the criminal class
6662	manuscript	noun	the form of a literary work submitted for publication
6663	lilly		
6664	chun		
6665	cackle	verb	talk or utter in a cackling manner
6666	curly	adj	(of hair) having curls or waves
6667	performer	noun	an entertainer who performs a dramatic or musical work for an audience
6668	bidding	noun	an authoritative direction or instruction to do something
6669	hallucination	noun	illusory perception; a common symptom of severe mental disorder
6670	pentagon	noun	a government building with five sides that serves as the headquarters of the United States Department of Defense
6671	oppa		
6672	scorpion	noun	(astrology) a person who is born while the sun is in Scorpio
6673	squat	verb	sit on one's heels
6674	goa	noun	a state of southwestern India; a former Portuguese colony
6675	tame	verb	correct by punishment or discipline
6676	hotter	adj	used of physical heat; having a high or higher than desirable temperature or giving off heat or feeling or causing a sensation of heat or burning
6677	contempt	noun	lack of respect accompanied by a feeling of intense dislike
6678	formality	noun	a requirement of etiquette or custom
6679	altitude	noun	elevation especially above sea level or above the earth's surface
6680	ramsay		
6681	royalty	noun	payment to the holder of a patent or copyright or resource for the right to use their property
6682	temp	noun	a worker (especially in an office) hired on a temporary basis
6683	km	noun	a metric unit of length equal to 1000 meters (or 0.621371 miles)
6684	vaccine	noun	immunogen consisting of a suspension of weakened or dead pathogenic cells injected in order to stimulate the production of antibodies
6685	psst		
6686	allegation	noun	(law) a formal accusation against somebody (often in a court of law)
6687	eyeball	noun	the ball-shaped capsule containing the vertebrate eye
6688	relatively	adv	in a relative manner; by comparison to something else
6689	cathedral	noun	any large and important church
6690	inspect	verb	look over carefully
6691	builder	noun	a substance added to soaps or detergents to increase their cleansing action
6692	supernatural	adj	not existing in nature or subject to explanation according to natural laws; not physical or material
6693	scope	noun	an area in which something acts or operates or has power or control:
6694	darwin	noun	English natural scientist who formulated a theory of evolution by natural selection (1809-1882)
6695	coyote	noun	small wolf native to western North America
6696	spook	noun	someone unpleasantly strange or eccentric
6697	lorenzo		
6698	lang		
6699	taco	noun	(ethnic slur) offensive term for a person of Mexican descent
6700	ern	noun	bulky greyish-brown eagle with a short wedge-shaped white tail; of Europe and Greenland
6701	marianne		
6702	burglary	noun	entering a building unlawfully with intent to commit a felony or to steal valuable property
6703	leopard	noun	the pelt of a leopard
6704	merchandise	noun	commodities offered for sale
6705	slippery	adj	causing or tending to cause things to slip or slide
6706	duchess	noun	the wife of a duke or a woman holding ducal title in her own right
6707	gulf	noun	an arm of a sea or ocean partly enclosed by land; larger than a bay
6708	numerous	adj	amounting to a large indefinite number
6709	allege	verb	report or maintain
6710	founder	noun	inflammation of the laminated tissue that attaches the hoof to the foot of a horse
6711	scrape	verb	scratch repeatedly
6712	numb	adj	lacking sensation
6713	fiance	noun	a man who is engaged to be married
6714	invincible	adj	incapable of being overcome or subdued
6715	trish		
6716	brendan		
6717	brazilian	adj	of or relating to or characteristic of Brazil or the people of Brazil
6718	lar		
6719	cafeteria	noun	a restaurant where you serve yourself and pay a cashier
6720	sane	adj	mentally healthy; free from mental disorder
6721	amsterdam	noun	an industrial center and the nominal capital of the Netherlands; center of the diamond-cutting industry; seat of an important stock exchange; known for its canals and art museum
6722	radius	noun	the length of a line segment between the center and circumference of a circle or sphere
6723	litter	noun	the offspring at one birth of a multiparous mammal
6724	convey	verb	make known; pass on, of information
6725	leftover	noun	a small part or portion that remains after the main part no longer exists
6726	vernon		
6727	callie		
6728	keyboard	noun	device consisting of a set of keys on a piano or organ or typewriter or typesetting machine or computer or the like
6729	bbc		
6730	hull	noun	dry outer covering of a fruit or seed or nut
6731	solomon	noun	(Old Testament) son of David and king of Israel noted for his wisdom (10th century BC)
6732	madonna	noun	the mother of Jesus; Christians refer to her as the Virgin Mary; she is especially honored by Roman Catholics
6733	raft	noun	a flat float (usually made of logs or planks) that can be used for transport or as a platform for swimmers
6734	powell	noun	United States general who was the first African American to serve as chief of staff; later served as Secretary of State under President George W. Bush (born 1937)
6735	maxwell	noun	a cgs unit of magnetic flux equal to the flux perpendicular to an area of 1 square centimeter in a magnetic field of 1 gauss
6736	moose	noun	large northern deer with enormous flattened antlers in the male; called `elk' in Europe and `moose' in North America
6737	scroll	noun	a round shape formed by a series of concentric circles (as formed by leaves or flower petals)
6738	caress	verb	touch or stroke lightly in a loving or endearing manner
6739	mercury	noun	a heavy silvery toxic univalent and bivalent metallic element; the only metal that is liquid at ordinary temperatures
6740	revive	verb	cause to regain consciousness
6741	stu		
6742	pamela		
6743	coral	noun	a variable color averaging a deep pink
6744	gallon	noun	United States liquid unit equal to 4 quarts or 3.785 liters
6745	newly	adv	very recently
6746	impatient	adj	restless or short-tempered under delay or opposition
6747	accessory	noun	clothing that is worn or carried, but not part of your main clothing
6748	quiz	noun	an examination consisting of a few short questions
6749	prevail	verb	be larger in number, quantity, power, status or importance
6750	ignorance	noun	the lack of knowledge or education
6751	floyd		
6752	cater	verb	give what is desired or needed, especially support, food or sustenance
6753	mississippi	noun	a major North American river and the chief river of the United States; rises in northern Minnesota and flows southward into the Gulf of Mexico
6754	civilized	adj	having a high state of culture and development both social and technological
6755	undress	verb	take off your clothes
6756	margarita	noun	a cocktail made of tequila and triple sec with lime and lemon juice
6757	buffy		
6758	distribution	noun	(statistics) an arrangement of values of a variable showing their observed or theoretical frequency of occurrence
6759	upload	verb	transfer a file or program to a central computer from a smaller computer or a computer at a remote location
6760	voiceover		
6761	ethel		
6762	ark	noun	(Judaism) sacred chest where the ancient Hebrews kept the two tablets containing the Ten Commandments
6763	warner	noun	United States filmmaker who with his brothers founded the movie studio that produced the first talking picture (1881-1958)
6764	transmitter	noun	someone who transmits a message
6765	upsetting	verb	disturb the balance or stability of
6766	cruz		
6767	falcon	noun	diurnal birds of prey having long pointed powerful wings adapted for swift flight
6768	unbearable	adj	incapable of being put up with
6769	juicy	adj	full of juice
6770	eerie	adj	suggestive of the supernatural; mysterious
6771	brute	noun	a cruelly rapacious person
6772	ingrid		
6773	mwah		
6774	unsub		
6775	freaky	adj	strange and somewhat frightening
6776	merge	verb	become one
6777	dani		
6778	pact	noun	a written agreement between two states or sovereigns
6779	apparent	adj	clearly revealed to the mind or the senses or judgment
6780	rhode		
6781	feelin		
6782	rep	noun	informal abbreviation of `representative'
6783	insert	verb	put or introduce into something
6784	devour	verb	destroy completely
6785	penelope	noun	(Greek mythology) the wife of Odysseus and a symbol of devotion and fidelity; for 10 years while Odysseus fought the Trojan War she resisted numerous suitors until Odysseus returned and killed them
6786	grim	adj	not to be placated or appeased or moved by entreaty
6787	medieval	adj	relating to or belonging to the Middle Ages
6788	damien		
6789	frustrating	adj	discouraging by hindering
6790	stimulate	verb	act as a stimulant
6791	screenplay	noun	a script for a film including dialogue and descriptions of characters and sets
6792	sentiment	noun	tender, romantic, or nostalgic feeling or emotion
6793	patent	noun	a document granting an inventor sole rights to an invention
6794	stomp	verb	walk heavily
6795	fa	noun	the syllable naming the fourth (subdominant) note of the diatonic scale in solmization
6796	mccoy		
6797	daly		
6798	driveway	noun	a road leading up to a private house
6799	funky	adj	offensively malodorous
6800	intervene	verb	get involved, so as to alter or hinder an action, or through force or threat of force
6801	nicest	adj	pleasant or pleasing or agreeable in nature or appearance; - George Meredith
6802	indulge	verb	give free rein to
6803	heating	noun	the process of becoming warmer; a rising temperature
6804	stool	noun	a simple seat without a back or arms
6805	architecture	noun	an architectural product or work
6806	gideon		
6807	butch	noun	(slang) offensive term for a lesbian who is noticeably masculine
6808	organism	noun	a living thing that has (or can develop) the ability to act or function independently
6809	proportion	noun	the quotient obtained when the magnitude of a part is divided by the magnitude of the whole
6810	yοu		
6811	martian	adj	of or relating to the planet Mars (or its fictional inhabitants)
6812	unacceptable	adj	not adequate to give satisfaction
6813	briggs		
6814	interpret	verb	make sense of; assign a meaning to
6815	gibson	noun	United States illustrator remembered for his creation of the `Gibson girl' (1867-1944)
6816	hump	noun	something that bulges out or is protuberant or projects from its surroundings
6817	devotion	noun	feelings of ardent love
6818	recycle	verb	cause to repeat a cycle
6819	convenience	noun	the state of being suitable or opportune
6820	plum	adv	an edible oval fruit with smooth skin and a single hard stone; also the tree that bears it
6821	ox	noun	an adult castrated bull of the genus Bos; especially Bos taurus
6822	vase	noun	an open jar of glass or porcelain used as an ornament or to hold flowers
6823	collective	adj	done by or characteristic of individuals acting together
6824	heritage	noun	practices that are handed down from the past by tradition
6825	judgement	noun	the legal document stating the reasons for a judicial decision
6826	renew	verb	reestablish on a new, usually improved, basis or make new or like new
6827	lime	noun	a caustic substance produced by heating limestone
6828	motherfucke		
6829	armstrong	noun	United States astronaut; the first man to set foot on the Moon (July 20, 1969) (1930-)
6830	nder		
6831	blur	noun	a hazy or indistinct representation
6832	flank	verb	be located at the sides of something or somebody
6833	appreciation	noun	understanding of the nature or meaning or quality or magnitude of something
6834	historic	adj	belonging to the past; of what is important or famous in the past
6835	jorge		
6836	naple		
6837	lash	verb	beat hard with a whip or rod; also one of the hairs growing on the edge of the eyelid
6838	mic		
6839	francine		
6840	antibiotic	adj	a chemical substance derivable from a mold or bacterium that can kill microorganisms and cure bacterial infections
6841	loaf	noun	a shaped mass of baked bread that is usually sliced before eating
6842	valid	adj	well grounded in logic or truth or having legal force
6843	portuguese	noun	the Romance language spoken in Portugal and Brazil
6844	lynch	verb	kill without legal sanction
6845	researcher	noun	a scientist who devotes himself to doing research
6846	cloak	noun	anything that covers or conceals
6847	plaster	noun	a mixture of lime or gypsum with sand and water; hardens into a smooth solid; used to cover walls and ceilings
6848	wheeler	noun	Scottish archaeologist (1890-1976)
6849	hazard	noun	a source of danger; a possibility of incurring loss or misfortune
6850	ab	noun	a bachelor's degree in arts and sciences
6851	malfunction	noun	a failure to function normally
6852	wah		
6853	bourbon	noun	a reactionary politician in the United States (usually from the South)
6854	ashore	adv	towards the shore from the water
6855	discretion	noun	freedom to act or judge on one's own
6856	yale	noun	a university in Connecticut
6857	disappointing	adj	not up to expectations
6858	shortcut	noun	a route shorter than the usual one
6859	wanda		
6860	absent	adj	not being in a specified place
6861	machinery	noun	machines or machine systems collectively
6862	ferrari		
6863	catastrophe	noun	an event resulting in great loss and misfortune
6864	gestapo	noun	the secret state police in Nazi Germany; known for its terrorist methods
6865	greene	noun	English novelist and Catholic (1904-1991)
6866	intrude	verb	enter uninvited
6867	knuckle	noun	a joint of a finger when the fist is closed
6868	coo	noun	the sound made by a pigeon
6869	supportive	adj	furnishing support or assistance
6870	motif	noun	a design or figure that consists of recurring shapes or colors, as in architecture or decoration
6871	sod	noun	surface layer of ground containing a mat of grass and grass roots
6872	lulu	noun	a very attractive or seductive looking woman
6873	hughe		
6874	libby	noun	United States chemist who developed a method of radiocarbon dating (1908-1980)
6875	cuddle	verb	move or arrange oneself in a comfortable and cozy position
6876	deprive	verb	take away possessions from someone
6877	sissy	noun	a timid man or boy considered childish or unassertive
6878	toot	noun	a blast of a horn
6879	accounting	noun	a convincing explanation that reveals basic causes
6880	jj		
6881	expertise	noun	skillfulness by virtue of possessing special knowledge
6882	fitz		
6883	darryl		
6884	hale	noun	a soldier of the American Revolution who was hanged as a spy by the British; his last words were supposed to have been `I only regret that I have but one life to give for my country' (1755-1776)
6885	butts	noun	thick end of the handle
6886	woe	noun	misery resulting from affliction
6887	hiccup	noun	(usually plural) the state of having reflex spasms of the diaphragm accompanied by a rapid closure of the glottis producing an audible sound; sometimes a symptom of indigestion
6888	embarrassment	noun	the shame you feel when your inadequacy or guilt is made public
6889	waffle	noun	pancake batter baked in a waffle iron
6890	jamal		
6891	vanilla	noun	any of numerous climbing plants of the genus Vanilla having fleshy leaves and clusters of large waxy highly fragrant white or green or topaz flowers
6892	colt	noun	a young male horse under the age of four
6893	queue	noun	a line of people or vehicles waiting for something
6894	dominic	noun	(Roman Catholic Church) Spanish priest who founded an order whose members became known as Dominicans or Black Friars (circa 1170-1221)
6895	gent	noun	informal abbreviation of `gentleman'
6896	mallory		
6897	mimic	noun	someone who mimics (especially an actor or actress)
6898	strengthen	verb	make strong or stronger
6899	flora	noun	all the plant life in a particular region or period
6900	polar	adj	having a pair of equal and opposite charges
6901	congrat		
6902	alf		
6903	brotherhood	noun	the kinship relation between a male offspring and the siblings
6904	yuan	noun	the basic unit of money in China
6905	understandable	adj	capable of being apprehended or understood
6906	pike	noun	a broad highway designed for high-speed traffic
6907	sa	noun	Nazi militia created by Hitler in 1921 that helped him to power but was eclipsed by the SS after 1943
6908	publicly	adv	in a manner accessible to or observable by the public; openly
6909	defect	noun	an imperfection in a bodily system
6910	ghetto	noun	formerly the restricted quarter of many European cities in which Jews were required to live
6911	delusion	noun	(psychology) an erroneous belief that is held in the face of evidence to the contrary
6912	assassinate	verb	murder; especially of socially prominent persons
6913	pilgrim	noun	someone who journeys in foreign lands
6914	disrupt	verb	make a break in
6915	addison		
6916	charter	noun	a document incorporating an institution and specifying its rights; includes the articles of incorporation and the certificate of incorporation
6917	acquaint	verb	cause to come to know personally
6918	rover	noun	someone who leads a wandering unsettled life
6919	syrup	noun	a thick sweet sticky liquid
6920	nash	noun	United States writer noted for his droll epigrams (1902-1971)
6921	walsh		
6922	norma	noun	a small constellation in the southern hemisphere near Lupus and Ara in the Milky Way
6923	marathon	noun	any long and arduous undertaking
6924	unpredictable	adj	not capable of being foretold
6925	dumpster	noun	a container designed to receive and transport and dump waste
6926	wagner	noun	Austrian architect and pioneer of modern architecture (1841-1918)
6927	suspension	noun	a mixture in which fine particles are suspended in a fluid where they are supported by buoyancy
6928	quarantine	noun	enforced isolation of patients suffering from a contagious disease in order to prevent the spread of disease
6929	firearm	noun	a portable gun
6930	willi		
6931	cautious	adj	showing careful forethought
6932	isabella	noun	the queen of Castile whose marriage to Ferdinand of Aragon in 1469 marked the beginning of the modern state of Spain; they instituted the Spanish Inquisition in 1478 and sponsored the voyages of Christopher Columbus in 1492 (1451-1504)
6933	arouse	verb	call forth (emotions, feelings, and responses)
6934	islam	noun	the civilization of Muslims collectively which is governed by the Muslim religion
6935	seller	noun	someone who promotes or exchanges goods or services for money
6936	enlist	verb	join the military
6937	alia		
6938	supporter	noun	a person who backs a politician or a team etc.
6939	sermon	noun	an address of a religious nature (usually delivered during a church service)
6940	coup	noun	a sudden and decisive change of government illegally or by force
6941	shaken	adj	disturbed psychologically as if by a physical jolt or shock
6942	vulgar	adj	lacking refinement or cultivation or taste
6943	relic	noun	an antiquity that has survived from the distant past
6944	zeus	noun	(Greek mythology) the supreme god of ancient Greek mythology; son of Rhea and Cronus whom he dethroned; husband and brother of Hera; brother of Poseidon and Hades; father of many gods; counterpart of Roman Jupiter
6945	crisp	adj	(of something seen or heard) clearly defined
6946	murdoch	noun	United States publisher (born in Australia in 1931)
6947	cone	noun	any cone-shaped artifact
6948	kirby		
6949	blouse	noun	a top worn by women
6950	spectacle	noun	something or someone seen (especially a notable or unusual sight)
6951	jeong		
6952	ollie		
6953	bakery	noun	a workplace where baked goods (breads and cakes and pastries) are produced or sold
6954	faculty	noun	one of the inherent cognitive or perceptual powers of the mind
6955	dent	verb	a hollow mark pressed or knocked into a surface; to make such a mark
6956	fiddle	noun	bowed stringed instrument that is the highest member of the violin family; this instrument has four strings and a hollow body and an unfretted fingerboard and is played with a bow
6957	modify	verb	make less severe or harsh or extreme
6958	ecstasy	noun	a state of being carried away by overwhelming emotion; - Charles Dickens
6959	perceive	verb	to become aware of through the senses
6960	tropical	adj	relating to or situated in or characteristic of the tropics (the region on either side of the equator)
6961	dalton	noun	English chemist and physicist who formulated atomic theory and the law of partial pressures; gave the first description of red-green color blindness (1766-1844)
6962	convoy	noun	a procession of land vehicles traveling together
6963	priya		
6964	mamma	noun	informal terms for a mother
6965	automobile	noun	a motor vehicle with four wheels; usually propelled by an internal combustion engine
6966	moe		
6967	bombay	noun	a city in western India just off the coast of the Arabian Sea; India's 2nd largest city (after Calcutta); has the only natural deep-water harbor in western India
6968	frustration	noun	the feeling that accompanies an experience of being thwarted in attaining your goals
6969	meddle	verb	intrude in other people's affairs or business; interfere unwantedly
6970	makin	noun	battles in World War II in the Pacific (November 1943); United States Marines took the islands from the Japanese after bitter fighting
6971	jumper	noun	a person who jumps
6972	danish	adj	of or relating to or characteristic of Denmark or the Danes or their language
6973	anomaly	noun	deviation from the normal or common order or form or rule
6974	zhang		
6975	sham	noun	something that is a counterfeit; not what it seems to be
6976	leah		
6977	empress	noun	a woman emperor or the wife of an emperor
6978	finale	noun	the closing section of a musical composition
6979	tarzan	noun	(sometimes used ironically) a man of great strength and agility (after the hero of a series of novels by Edgar Rice Burroughs)
6980	remedy	verb	act of correcting an error or a fault or an evil
6981	slick	noun	a slippery smoothness
6982	unarmed	adj	(used of persons or the military) not having or using arms
6983	technician	noun	someone whose occupation involves training in a specific technical process
6984	dd	noun	a doctor's degree in religion
6985	tactical	adj	of or pertaining to tactic or tactics
6986	teller	noun	United States physicist (born in Hungary) who worked on the first atom bomb and the first hydrogen bomb (1908-2003)
6987	prohibit	verb	command against
6988	ching		
6989	dine	verb	have supper; eat dinner
6990	elope	verb	run away secretly with one's beloved
6991	wool	noun	a fabric made from the hair of sheep
6992	infiltrate	verb	cause (a liquid) to enter by penetrating the interstices
6993	montana	noun	a state in northwestern United States on the Canadian border
6994	giovanni		
6995	crib	noun	baby bed with high sides made of slats
6996	spotlight	noun	a focus of public attention
6997	priceless	adj	having incalculable monetary, intellectual, or spiritual worth
6998	merci		
6999	gerard		
7000	perception	noun	the representation of what is perceived; basic component in the formation of a concept
7001	josé		
7002	considerable	adj	large or relatively large in number or amount or extent or degree
7003	paladin	noun	someone who fights for a cause
7004	tellin		
7005	sidewalk	noun	walk consisting of a paved area for pedestrians; usually beside a street or roadway
7006	meyer		
7007	positively	adv	extremely
7008	igor		
7009	feminine	adj	associated with women and not with men
7010	tamper	verb	play around with or alter or falsify, usually secretively or dishonestly
7011	vague	adj	not clearly understood or expressed; ; -Anatole Broyard; - P.A.Sorokin; - John Locke
7012	partly	adv	in part; in some degree; not wholly
7013	edmund		
7014	crust	noun	the outer layer of the Earth
7015	supervise	verb	watch and direct
7016	percentage	noun	a proportion in relation to a whole (which is usually the amount per hundred)
7017	lucia		
7018	marquis	noun	humorist who wrote about the imaginary life of cockroaches (1878-1937)
7019	rahul		
7020	ripe	adj	fully developed or matured and ready to be eaten or used
7021	meatball	noun	ground meat formed into a ball and fried or simmered in broth
7022	mist	noun	a thin fog with condensation near the ground
7023	clayton		
7024	pennsylvania	noun	a Mid-Atlantic state; one of the original 13 colonies
7025	gigantic	adj	so exceedingly large or extensive as to suggest a giant or mammoth
7026	guv		
7027	reading	noun	the cognitive process of understanding a written linguistic message
7028	conductor	noun	the person who leads a musical group
7029	headmaster	noun	presiding officer of a school
7030	tenth	adj	coming next after the ninth and just before the eleventh in position
7031	bypass	verb	a road built around a town so traffic need not pass through it; also to go around or avoid something
7032	peyton		
7033	quantity	noun	how much there is or how many there are of something that you can quantify
7034	backstage	noun	a stage area out of sight of the audience
7035	athletic	adj	relating to or befitting athletics or athletes
7036	groove	noun	a long narrow furrow cut either by a natural process (such as erosion) or by a tool (as e.g. a groove in a phonograph record)
7037	compensate	verb	adjust for
7038	trend	noun	a general direction in which something tends to move
7039	hungarian	adj	relating to or characteristic of Hungary
7040	contaminate	verb	make impure
7041	amend	verb	make amendments to
7042	vicki		
7043	belonging	noun	happiness felt in a secure relationship
7044	motivation	noun	the psychological feature that arouses an organism to action toward a desired goal; the reason for the action; that which gives purpose and direction to behavior
7045	chilly	adj	not characterized by emotion; -C.W.Cunningham
7046	betsy		
7047	eld	noun	a late time of life
7048	feedback	noun	the process in which part of the output of a system is returned to its input in order to regulate its further output
7049	repeatedly	adv	several time
7050	exquisite	adj	intense or sharp
7051	pauline	adj	relating to Paul the Apostle or his doctrines
7052	vanity	noun	feelings of excessive pride
7053	socialist	noun	a political advocate of socialism
7054	arctic	noun	the regions to the north of the Arctic Circle centered on the North Pole
7055	secondary	adj	being of second rank or importance or value; not direct or immediate
7056	necessity	noun	the condition of being essential or indispensable
7057	slay	verb	kill intentionally and with premeditation
7058	jeanne		
7059	concussion	noun	injury to the brain caused by a blow; usually resulting in loss of consciousness
7060	resolution	noun	a formal expression by a meeting; agreed to by a vote
7061	weasel	noun	a person who is regarded as treacherous or sneaky
7062	longing	noun	prolonged unfulfilled desire or need
7063	sly	adj	marked by skill in deception
7064	sweetest	adj	having or denoting the characteristic taste of sugar
7065	motto	noun	a favorite saying of a sect or political group
7066	moss	noun	tiny leafy-stemmed flowerless plants
7067	yum		
7068	collision	noun	(physics) a brief event in which two or more bodies come together
7069	voter	noun	a citizen who has a legal right to vote
7070	yan		
7071	lava	noun	rock that in its molten form (as magma) issues from volcanos; lava is what magma is called when it reaches the surface
7072	kris	noun	a Malayan dagger with a wavy blade
7073	monthly	noun	a periodical that is published every month (or 12 issues per year)
7074	stat		
7075	ufo	noun	an (apparently) flying object whose nature is unknown; especially those considered to have extraterrestrial origins
7076	timothy	noun	grass with long cylindrical spikes grown in northern United States and Europe for hay
7077	stacey		
7078	midst	noun	the location of something surrounded by other things
7079	herbert	noun	United States musician and composer and conductor noted for his comic operas (1859-1924)
7080	seminar	noun	any meeting for an exchange of ideas
7081	gospel	noun	the four books in the New Testament (Matthew, Mark, Luke, and John) that tell the story of Christ's life and teachings
7082	transcript	noun	something that has been transcribed; a written record (usually typewritten) of dictated or recorded speech
7083	tis	noun	a light strong grey lustrous corrosion-resistant metallic element used in strong lightweight alloys (as for airplane parts); the main sources are rutile and ilmenite
7084	barbarian	noun	a member of an uncivilized people
7085	serpent	noun	limbless scaly elongate reptile; some are venomous
7086	bead	noun	a small ball with a hole through the middle
7087	dewey	noun	United States librarian who founded the decimal system of classification (1851-1931)
7088	bryce		
7089	kilometre	noun	a metric unit of length equal to 1000 meters (or 0.621371 miles)
7090	cosmos	noun	everything that exists anywhere
7091	goody	noun	something considered choice to eat
7092	curfew	noun	the time that the curfew signal is sounded
7093	notorious	adj	known widely and usually unfavorably
7094	prague	noun	the capital and largest city of the Czech Republic in the western part of the country; a cultural and commercial center since the 14th century
7095	equivalent	noun	a person or thing equal to another in value or measure or force or effect or significance etc
7096	pitiful	adj	inspiring mixed contempt and pity
7097	beatle		
7098	propaganda	noun	information that is spread for the purpose of promoting some cause
7099	doorstep	noun	the sill of a door; a horizontal piece of wood or stone that forms the bottom of a doorway and offers support when passing through a doorway
7100	hilda		
7101	fascinated	adj	having your attention fixated as though by a spell
7102	jude	noun	(New Testament) supposed brother of St. James; one of the Apostles who is invoked in prayer when a situation seems hopeless
7103	beatrice	noun	the woman who guided Dante through Paradise in the Divine Comedy
7104	bronze	noun	an alloy of copper and tin and sometimes other elements; also any copper-base alloy containing other elements in place of tin
7105	trader	noun	someone who purchases and maintains an inventory of goods to be sold
7106	miriam		
7107	pitcher	noun	(baseball) the person who does the pitching
7108	peck	verb	hit lightly with a picking motion
7109	karan		
7110	fearless	adj	oblivious of dangers or perils or calmly resolute in facing them
7111	harley		
7112	ravi		
7113	playboy	noun	a man devoted to the pursuit of pleasure
7114	gretchen		
7115	nico		
7116	malone	noun	English scholar remembered for his chronology of Shakespeare's plays and his editions of Shakespeare and Dryden (1741-1812)
7117	bong	noun	a dull resonant sound as of a bell
7118	bouquet	noun	an arrangement of flowers that is usually given as a present
7119	manchester	noun	largest city in New Hampshire; located in southeastern New Hampshire on the Merrimack river
7120	alternate	verb	go back and forth; swing back and forth between two states or conditions
7121	briefly	adv	for a short time
7122	tessa		
7123	unfinishe		
7124	experimental	adj	relating to or based on experiment
7125	tread	verb	put down or press the foot, place the foot
7126	lil		
7127	mainland	noun	the main land mass of a country or continent; as distinguished from an island or peninsula
7128	evaluation	noun	act of ascertaining or fixing the value or worth of
7129	nip	verb	squeeze tightly between the fingers
7130	indoor	adj	located, suited for, or taking place within a building
7131	vine	noun	a plant with a weak stem that derives support from climbing, twining, or creeping along a surface
7132	gender	noun	a grammatical category in inflected languages governing the agreement between nouns and pronouns and adjectives; in some languages it is quite arbitrary but in Indo-European languages it is usually based on sex or animateness
7133	lisbon	noun	capital and largest city and economic and cultural center of Portugal; a major port in western Portugal on Tagus River where it broadens and empties into the Atlantic
7134	seventeen	adj	being one more than sixteen
7135	pageant	noun	an elaborate representation of scenes from history etc; usually involves a parade with rich costumes
7136	openly	adv	in an open way
7137	deacon	noun	a Protestant layman who assists the minister
7138	olga		
7139	jackpot	noun	the cumulative amount involved in a game (such as poker)
7140	yuck		
7141	shorty		
7142	nköö		
7143	amendment	noun	the act of amending or correcting
7144	overdose	verb	dose too heavily
7145	tendency	noun	an attitude of mind especially one that favors one alternative over others
7146	takin	noun	large heavily built goat antelope of eastern Himalayan area
7147	abduction	noun	the criminal act of capturing and carrying away by force a family member; if a man's wife is abducted it is a crime against the family relationship and against the wife
7148	surge	verb	rise and move, as in waves or billows
7149	clack	noun	a sharp abrupt noise as if two objects hit together; may be repeated
7150	smear	noun	slanderous defamation
7151	pillar	noun	a fundamental principle or practice
7152	bate	verb	moderate or restrain; lessen the force of
7153	sticker	noun	a small sharp-pointed tip resembling a spike on a stem or leaf
7154	virginity	noun	the condition or quality of being a virgin
7155	wan	adj	(of light) lacking in intensity or brightness; dim or feeble
7156	unity	noun	an undivided or unbroken completeness or totality with nothing wanting
7157	coop	noun	a farm building for housing poultry
7158	pow	noun	a person who surrenders to (or is taken by) the enemy in time of war
7159	morse	noun	a telegraph code in which letters and numbers are represented by strings of dots and dashes (short and long signals)
7160	guru	noun	a Hindu or Buddhist religious leader and spiritual teacher
7161	tai	noun	a native or inhabitant of Thailand
7162	skilled	adj	having or showing or requiring special skill
7163	harbour	noun	a sheltered port where ships can take on or discharge cargo
7164	dev		
7165	oof		
7166	vijay		
7167	rosemary	noun	widely cultivated for its fragrant grey-green leaves used in cooking and in perfumery
7168	cassandra	noun	(Greek mythology) a prophetess in Troy during the Trojan War whose predictions were true but were never believed
7169	likewise	adv	in like or similar manner; ; - Samuel Johnson
7170	divert	verb	turn aside; turn away from
7171	sunglass	noun	a convex lens that focuses the rays of the sun; used to start a fire
7172	vega	noun	prolific Spanish playwright (1562-1635)
7173	doggy	noun	informal terms for dogs
7174	hick	noun	a person who is not very intelligent or interested in culture
7175	douche	noun	a small syringe with detachable nozzles; used for vaginal lavage and enemas
7176	sundays	noun	first day of the week; observed as a day of rest and worship by most Christians
7177	fiancee	noun	a woman who is engaged to be married
7178	frankenstein	noun	an agency that escapes control and destroys its creator
7179	wei	noun	any of several imperial dynasties of China ruling from 220 to 265 and from 386 to 556
7180	liang		
7181	clash	noun	a loud resonant repeating noise
7182	bathe	verb	cleanse the entire body
7183	puncture	verb	pierce with a pointed object; make a hole into
7184	norway	noun	a constitutional monarchy in northern Europe on the western side of the Scandinavian Peninsula; achieved independence from Sweden in 1905
7185	assessment	noun	the classification of someone or something with respect to its worth
7186	crore	noun	the number that is represented as a one followed by 7 zeros; ten million
7187	apprentice	noun	works for an expert to learn a trade
7188	pup	noun	young of any of various canines such as a dog or wolf
7189	cobra	noun	venomous Asiatic and African elapid snakes that can expand the skin of the neck into a hood
7190	hydrogen	noun	a nonmetallic univalent element that is normally a colorless and odorless highly flammable diatomic gas; the simplest and lightest and most abundant element in the universe
7191	karaoke	noun	singing popular songs accompanied by a recording of an orchestra (usually in bars or nightclubs)
7192	alberto		
7193	corey		
7194	recess	verb	a state of abeyance or suspended business
7195	drummer	noun	someone who plays a drum
7196	adjustment	noun	making or becoming suitable; adjusting to circumstances
7197	parson	noun	a person authorized to conduct religious worship
7198	byron	noun	English romantic poet notorious for his rebellious and unconventional lifestyle (1788-1824)
7199	gravy	noun	a sauce made by adding stock, flour, or other ingredients to the juice and fat that drips from cooking meats
7200	severely	adv	to a severe or serious degree
7201	emerald	noun	a green transparent form of beryl; highly valued as a gemstone
7202	rollin		
7203	mindy		
7204	cameraman	noun	a photographer who operates a movie camera
7205	linger	verb	remain present although waning or gradually dying
7206	kindergarten	noun	a preschool for children age 4 to 6 to prepare them for primary school
7207	ander		
7208	dwell	verb	think moodily or anxiously about something
7209	subpoena	verb	a writ issued by court authority to compel the attendance of a witness at a judicial proceeding; disobedience may be punishable as a contempt of court
7210	porsche		
7211	hangover	noun	disagreeable aftereffects from the use of drugs (especially alcohol)
7212	characteristic	adj	typical or distinctive
7213	fi		
7214	clarify	verb	make clear and (more) comprehensible
7215	dane	noun	a native or inhabitant of Denmark
7216	bea		
7217	dripping	noun	a liquid (as water) that flows in drops (as from the eaves of house)
7218	swarm	verb	be teeming, be abuzz
7219	cuz		
7220	improvise	verb	perform without preparation
7221	holden		
7222	merciful	adj	showing or giving mercy
7223	hayley		
7224	affirmative	noun	a reply of affirmation
7225	rotate	verb	turn on or around an axis or a center
7226	shoo	verb	drive away by crying `shoo!'
7227	wale	noun	a raised mark on the skin (as produced by the blow of a whip); characteristic of many allergic reactions
7228	santiago	noun	city in the northern Dominican Republic
7229	mina	noun	tropical Asian starlings
7230	rejoice	verb	feel happiness or joy
7231	renee		
7232	mal		
7233	prostitution	noun	offering sexual intercourse for pay
7234	payback	noun	financial return or reward (especially returns equal to the initial investment)
7235	vintage	noun	a season's yield of wine from a vineyard
7236	rewrite	verb	write differently; alter the writing of
7237	killing	noun	an event that causes someone to die
7238	courthouse	noun	a government building that houses the offices of a county government
7239	pedal	noun	a sustained bass note
7240	indiana	noun	a state in midwestern United States
7241	adjourn	verb	close at the end of a session
7242	snicker	verb	laugh quietly
7243	monte	noun	a gambling card game of Spanish origin; 3 or 4 cards are dealt face up and players bet that one of them will be matched before the others as the cards are dealt from the pack one at a time
7244	moth	noun	typically crepuscular or nocturnal insect having a stout body and feathery or hairlike antennae
7245	patterson		
7246	holiness	noun	the quality of being holy
7247	denmark	noun	a constitutional monarchy in northern Europe; consists of the mainland of Jutland and many islands between the North Sea and the Baltic Sea
7248	isolation	noun	a state of separation between persons or groups
7249	transformation	noun	a qualitative change
7250	loft	noun	floor consisting of a large unpartitioned space over a factory or warehouse or other commercial space
7251	caravan	noun	a procession (of wagons or mules or camels) traveling together in single file
7252	nominate	verb	propose as a candidate for some honor
7253	greatness	noun	the property possessed by something or someone of outstanding importance or eminence
7254	fallon		
7255	solicitor	noun	a petitioner who solicits contributions or trade or votes
7256	repent	verb	turn away from sin or do penitence
7257	decency	noun	the quality of conforming to standards of propriety and morality
7258	mayday	noun	an internationally recognized distress signal via radiotelephone (from the French m'aider)
7259	michigan	noun	a midwestern state in north central United States in the Great Lakes region
7260	simmon		
7261	whoosh	noun	the noise produced by the sudden rush of a fluid (a gas or liquid)
7262	consist	verb	originate (in)
7263	lopez		
7264	asap	adv	as soon as possible
7265	undertake	verb	enter upon an activity or enterprise
7266	soar	verb	rise rapidly
7267	exceed	verb	be greater in scope or size than some standard
7268	cuckoo	noun	a man who is a stupid incompetent fool
7269	melon	noun	any of numerous fruits of the gourd family having a hard rind and sweet juicy flesh
7270	descendant	noun	a person considered as descended from some ancestor or race
7271	brownie	noun	a junior Girl Scout
7272	yogurt	noun	a custard-like food made from curdled milk
7273	secondly	adv	in the second place
7274	ze		
7275	nixon	noun	vice president under Eisenhower and 37th President of the United States; resigned after the Watergate scandal in 1974 (1913-1994)
7276	portland	noun	freshwater port and largest city in Oregon; located in northwestern Oregon on the Willamette River which divides the city into east and west sections; renowned for its beautiful natural setting among the mountains
7277	fishy	adj	of or relating to or resembling fish
7278	tory	noun	an American who favored the British side during the American Revolution
7279	ezra	noun	a Jewish priest and scribe sent by the Persian king to restore Jewish law and worship in Jerusalem
7280	homemade	adj	made or produced in the home or by yourself
7281	paycheck	noun	a check issued in payment of wages or salary
7282	genuinely	adv	in accordance with truth or fact or reality
7283	daniels	noun	(Old Testament) a youth who was taken into the court of Nebuchadnezzar and given divine protection when thrown into a den of lions (6th century BC)
7284	kite	noun	a bank check that has been fraudulently altered to increase its face value
7285	apron	noun	a garment of cloth or leather or plastic that is tied about the waist and worn to protect your clothing
7286	hassan		
7287	der	adj	denoting a quantity consisting of 500 items or units
7288	hybrid	noun	a word that is composed of parts from different languages (e.g., `monolingual' has a Greek prefix and a Latin root)
7289	requirement	noun	required activity
7290	quentin		
7291	prejudice	noun	a partiality that prevents objective consideration of an issue or situation
7292	caption	noun	taking exception; especially a quibble based on a captious argument
7293	remorse	noun	a feeling of deep regret (usually for some misdeed)
7294	otis	noun	United States inventor who manufactured the first elevator with a safety device (1811-1861)
7295	restroom	noun	a toilet that is available to the public
7296	courageous	adj	possessing or displaying courage; able to face and deal with danger or fear without flinching; - Herman Melville; - William Wordsworth
7297	splinter	noun	a small thin sharp bit or wood or glass or metal
7298	determination	noun	the act of determining the properties of something, usually by research or calculation
7299	flourish	verb	grow vigorously
7300	testament	noun	a profession of belief
7301	blindfold	noun	a cloth used to cover the eyes
7302	apocalypse	noun	a cosmic cataclysm in which God destroys the ruling powers of evil
7303	phew		
7304	notch	verb	cut or make a notch into
7305	steep	adj	having a sharp inclination
7306	squirt	verb	cause to come out in a squirt
7307	videotape	noun	a video recording made on magnetic tape
7308	titty	noun	either of two soft fleshy milk-secreting glandular organs on the chest of a woman
7309	ketchup	noun	thick spicy sauce made from tomatoes
7310	detonate	verb	cause to burst with a violent release of energy
7311	gracie	noun	United States comedienne remembered as the confused but imperturbable partner of her husband, George Burns (1906-1964)
7312	dazzle	verb	to cause someone to lose clear vision, especially from intense light
7313	tummy	noun	slang for a paunch
7314	declaration	noun	a statement that is emphatic and explicit (spoken or written)
7315	yakuza	noun	a Japanese gangster
7316	weeping	noun	the process of shedding tears (usually accompanied by sobs or other inarticulate sounds)
7317	shred	noun	a tiny or scarcely detectable amount
7318	spiral	noun	a plane curve traced by a point circling about the center but at increasing distances from the center
7319	dim	adj	lacking in light; not bright or harsh
7320	bp		
7321	molecule	noun	(physics and chemistry) the simplest structural unit of an element or compound
7322	lurk	verb	lie in wait, lie in ambush, behave in a sneaky and secretive manner
7323	legit		
7324	yoo		
7325	prototype	noun	a standard or typical example
7326	moreover	adv	in addition
7327	caw	verb	utter a cry, characteristic of crows, rooks, or ravens
7328	organisation	noun	the persons (or committees or departments etc.) who make up a body for the purpose of administering something
7329	greta		
7330	heroine	noun	the main good female character in a work of fiction
7331	tristan	noun	(Middle Ages) the nephew of the king of Cornwall who (according to legend) fell in love with his uncle's bride (Iseult) after they mistakenly drank a love potion that left them eternally in love with each other
7332	hardy	adj	having rugged physical strength; inured to fatigue or hardships
7333	truce	noun	a state of peace agreed to between opponents so they can discuss peace terms
7334	plaza	noun	a public square with room for pedestrians
7335	suburb	noun	a residential district located on the outskirts of a city
7336	ramon		
7337	reunite	verb	have a reunion; unite again
7338	incapable	adj	(followed by `of') lacking capacity or ability
7339	sanchez	noun	Venezuelan master terrorist raised by a Marxist-Leninist father; trained and worked with many terrorist groups (born in 1949)
7340	hq	noun	the military installation from which a commander performs the functions of command
7341	statistic	noun	a datum that can be represented numerically
7342	germ	noun	anything that provides inspiration for later work
7343	privately	adv	kept private or confined to those intimately concerned
7344	vatican	noun	the residence of the Catholic Pope in the Vatican City
7345	barrett		
7346	edna		
7347	alvin		
7348	consolation	noun	the comfort you feel when consoled in times of disappointment
7349	lan	noun	a local computer network for communication between computers; especially a network connecting computers and word processors and other electronic office equipment to create a communication system between offices
7350	astonishing	adj	surprising greatly
7351	mare	noun	female equine animal
7352	fright	noun	an emotion experienced in anticipation of some specific pain or danger (usually accompanied by a desire to flee or fight)
7353	runnin		
7354	scarlett		
7355	defender	noun	a person who cares for persons or property
7356	paulie		
7357	verge	noun	a region marking a boundary
7358	lucifer	noun	(Judeo-Christian and Islamic religions) chief spirit of evil and adversary of God; tempter of mankind; master of Hell
7359	duct	noun	a bodily passage or tube lined with epithelial cells and conveying a secretion or other substance
7360	redeem	verb	save from sins
7361	jewellery	noun	an adornment (as a bracelet or ring or necklace) made of precious metals and set with gems (or imitation gems)
7362	erotic	adj	giving sexual pleasure; sexually arousing
7363	chug	verb	make a dull, explosive sound
7364	mercenary	noun	a person hired to fight for another country than their own
7365	gale	noun	a strong wind moving 45-90 knots; force 7 to 10 on Beaufort scale
7366	feng		
7367	sibling	noun	a person's brother or sister
7368	est	noun	standard time in the 5th time zone west of Greenwich, reckoned at the 75th meridian; used in the eastern United States
7369	dre		
7370	cass		
7371	captive	noun	a person who is confined; especially a prisoner of war
7372	comic_strip	noun	a sequence of drawings telling a story in a newspaper or comic book
7373	ale	noun	a general name for beer made with a top fermenting yeast; in some of the United States an ale is (by law) a brew of more than 4% alcohol by volume
7374	englishman	noun	a man who is a native or inhabitant of England
7375	redemption	noun	(theology) the act of delivering from sin or saving from evil
7376	foe	noun	an armed adversary (especially a member of an opposing military force)
7377	martinez		
7378	exclude	verb	prevent from being included or considered or accepted
7379	speculation	noun	a message expressing an opinion based on incomplete evidence
7380	wright	noun	United States writer of detective novels (1888-1939)
7381	heed	verb	pay close attention to; give heed to
7382	civilisation	noun	the social process whereby societies achieve an advanced stage of development and organization
7383	nsa	noun	the United States cryptologic organization that coordinates and directs highly specialized activities to protect United States information systems and to produce foreign intelligence information
7384	kev		
7385	tornado	noun	a localized and violently destructive windstorm occurring over land characterized by a funnel-shaped cloud extending toward the ground
7386	plasma	noun	the colorless watery fluid of the blood and lymph that contains no cells, but in which the blood cells (erythrocytes, leukocytes, and thrombocytes) are suspended
7387	singapore	noun	the capital of Singapore; one of the world's biggest ports
7388	scram	verb	leave immediately; used usually in the imperative form
7389	parcel	noun	a wrapped container
7390	graphic	adj	written or drawn or engraved
7391	reopen	verb	open again or anew
7392	cocky	adj	overly self-confident or self-assertive
7393	poo		
7394	supplier	noun	someone whose business is to supply a particular service or commodity
7395	torre		
7396	shuffle	verb	walk by dragging one's feet
7397	telly	noun	an electronic device that receives television signals and displays them on a screen
7398	lire	noun	the basic unit of money on Malta; equal to 100 cents
7399	jarod		
7400	imbecile	noun	a person of subnormal intelligence
7401	isle	noun	a small island
7402	poorly	adv	(`ill' is often used as a combining form) in a poor or improper or unsatisfactory manner; not well
7403	ricardo	noun	English economist who argued that the laws of supply and demand should operate in a free market (1772-1823)
7404	encouraging	verb	contribute to the progress or growth of
7405	dwayne		
7406	polo	noun	Venetian traveler who explored Asia in the 13th century and served Kublai Khan (1254-1324)
7407	ada	noun	an enzyme found in mammals that can catalyze the deamination of adenosine into inosine and ammonia
7408	matrix	noun	(mathematics) a rectangular array of quantities or expressions set out by rows and columns; treated as a single element and manipulated according to rules
7409	firmly	adv	with resolute determination
7410	prettiest	adj	pleasing by delicacy or grace; not imposing
7411	boast	verb	speaking of yourself in superlatives
7412	starboard	noun	the right side of a ship or aircraft to someone who is aboard and facing the bow or nose
7413	decay	verb	lose a stored charge, magnetic flux, or current
7414	chauffeur	noun	a man paid to drive a privately owned car
7415	closure	noun	approaching a particular destination; a coming closer; a narrowing of a gap
7416	inconvenience	noun	an inconvenient discomfort
7417	withdrawal	noun	a retraction of a previously held position
7418	garrison	noun	a fortified military post where troops are stationed
7419	glitter	verb	the quality of shining with a bright reflected light
7420	saloon	noun	a room or establishment where alcoholic drinks are served over a counter
7421	chord	noun	a straight line connecting two points on a curve
7422	hillary	noun	New Zealand mountaineer who in 1953 first attained the summit of Mount Everest with his Sherpa guide Tenzing Norgay (born in 1919)
7423	cctv		
7424	darlin		
7425	celia		
7426	abi		
7427	hardship	noun	a state of misfortune or affliction
7428	treasury	noun	the funds of a government or institution or individual
7429	calmly	adv	with self-possession (especially in times of stress)
7430	mathematics	noun	a science (or group of related sciences) dealing with the logic of quantity and shape and arrangement
7431	ar	noun	a colorless and odorless inert gas; one of the six inert gases; comprises approximately 1% of the earth's atmosphere
7432	shameful	adj	(used of conduct or character) deserving or bringing disgrace or shame; - Rachel Carson
7433	abbey	noun	a church associated with a monastery or convent
7434	strategic	adj	relating to or concerned with strategy
7435	payroll	noun	a list of employees and their salaries
7436	beethoven	noun	German composer of instrumental music (especially symphonic and chamber music); continued to compose after he lost his hearing (1770-1827)
7437	immense	adj	unusually great in size or amount or degree or especially extent or scope; ; ; ; ; ; ; ; ; - W.R.Inge
7438	heartless	adj	lacking in feeling or pity or warmth
7439	criticism	noun	disapproval expressed by pointing out faults or shortcomings
7440	tumble	verb	fall down, as if collapsing
7441	magnus		
7442	receiver	noun	set that receives radio or tv signals
7443	badger	verb	annoy persistently
7444	montgomery	noun	Canadian novelist (1874-1942)
7445	che		
7446	pharmaceutical	adj	drug or medicine that is prepared or dispensed in pharmacies and used in medical treatment
7447	michelangelo	noun	Florentine sculptor and painter and architect; one of the outstanding figures of the Renaissance (1475-1564)
7448	elimination	noun	the act of removing or getting rid of something
7449	cutie		
7450	pineapple	noun	a tropical American plant bearing a large fleshy edible fruit with a terminal tuft of stiff leaves; widely cultivated in the tropics
7451	gulp	verb	to swallow hurriedly or greedily or in one draught
7452	paolo		
7453	stinky	adj	having an unpleasant smell
7454	lina		
7455	esteem	noun	the condition of being honored (esteemed or respected or well regarded)
7456	norton		
7457	heil		
7458	secrecy	noun	the trait of keeping things secret
7459	orderly	adj	devoid of violence or disruption
7460	cluster	noun	a grouping of a number of similar things
7461	thesis	noun	an unproved statement put forward as a premise in an argument
7462	zeke		
7463	ahold		
7464	psyche	noun	that which is responsible for one's thoughts and feelings; the seat of the faculty of reason
7465	bowel	noun	the part of the alimentary canal between the stomach and the anus
7466	atlantis	noun	according to legend, an island in the Atlantic Ocean that Plato said was swallowed by an earthquake
7467	leverage	noun	the mechanical advantage gained by being in a position to use a lever
7468	winnie		
7469	weary	adj	physically and mentally fatigued
7470	rue	noun	European strong-scented perennial herb with grey-green bitter-tasting leaves; an irritant similar to poison ivy
7471	extensive	adj	large in spatial extent or range or scope or quantity
7472	beau	noun	a man who is the lover of a girl or young woman
7473	urgently	adv	with great urgency
7474	optimistic	adj	expecting the best in this best of all possible worlds
7475	lotus	noun	native to eastern Asia; widely cultivated for its large pink or white flowers
7476	spooky	adj	unpredictably excitable (especially of horses)
7477	maze	noun	complex system of paths or tunnels in which it is easy to get lost
7478	dialing	verb	operate a dial to select a telephone number
7479	paste	noun	any mixture of a soft and malleable consistency
7480	fireplace	noun	an open recess in a wall at the base of a chimney where a fire can be built
7481	gt		
7482	vicar	noun	a Roman Catholic priest who acts for another higher-ranking clergyman
7483	horace	noun	Roman lyric poet said to have influenced English poetry (65-8 BC)
7484	stupidity	noun	a poor ability to understand or to profit from experience
7485	homo	noun	someone who practices homosexuality; having a sexual attraction to persons of the same sex
7486	moor	noun	one of the Muslim people of north Africa; of mixed Arab and Berber descent; converted to Islam in the 8th century; conqueror of Spain in the 8th century
7487	hostess	noun	a woman host
7488	cheng		
7489	sneaky	adj	marked by deception
7490	swollen	verb	increase in size, magnitude, number, or intensity
7491	por		
7492	unlocked	adj	not firmly fastened or secured
7493	eliza		
7494	gladys		
7495	mixture	noun	(chemistry) a substance consisting of two or more substances mixed together (not in fixed proportions and not with chemical bonding)
7496	frequent	adj	coming at short intervals or habitually
7497	rust	verb	become destroyed by water, air, or a corrosive such as an acid
7498	vaughn		
7499	ri	noun	a state in New England; one of the original 13 colonies; the smallest state
7500	liberation	noun	the act of liberating someone or something
7501	nay	noun	a negative
7502	comeback	noun	a quick reply to a question or remark (especially a witty or critical one)
7503	freeway	noun	a broad highway designed for high-speed traffic
7504	latte	noun	strong espresso coffee with a topping of frothed steamed milk
7505	swat	noun	a sharp blow
7506	starfleet		
7507	reg		
7508	reindeer	noun	Arctic deer with large antlers in both sexes; called `reindeer' in Eurasia and `caribou' in North America
7509	admirer	noun	a person who backs a politician or a team etc.
7510	shampoo	noun	cleansing agent consisting of soaps or detergents used for washing the hair
7511	milton	noun	English poet; remembered primarily as the author of an epic poem describing humanity's fall from grace (1608-1674)
7512	incline	verb	have a tendency or disposition to do or be something; be inclined
7513	attacker	noun	someone who attacks
7514	mai		
7515	mammal	noun	any warm-blooded vertebrate having the skin more or less covered with hair; young are born alive except for the small subclass of monotremes and nourished with milk
7516	snail	noun	freshwater or marine or terrestrial gastropod mollusk usually having an external enclosing spiral shell
7517	overhead	adj	located or originating from above
7518	cohen		
7519	successor	noun	a person who follows next in order
7520	excess	noun	a quantity much larger than is needed
7521	klingon		
7522	sierra	noun	a range of mountains (usually with jagged peaks and irregular outline)
7523	ju		
7524	marjorie		
7525	adrenaline	noun	a catecholamine secreted by the adrenal medulla in response to stress (trade name Adrenalin); stimulates autonomic nerve action
7526	malik	noun	the leader of a town or community in some parts of Asia Minor and the Indian subcontinent
7527	manor	noun	the mansion of a lord or wealthy person
7528	carly		
7529	elliott		
7530	algorithm	noun	a precise rule (or set of rules) specifying how to solve some problem
7531	stressful	adj	extremely irritating to the nerves
7532	bikini	noun	an atoll in the Marshall Islands; formerly used by the United States as a site for testing nuclear weapons
7533	virgil	noun	a Roman poet; author of the epic poem `Aeneid' (70-19 BC)
7534	soy	noun	a source of oil; used for forage and soil improvement and as food
7535	nell		
7536	salty	adj	engagingly stimulating or provocative
7537	yvonne		
7538	disney	noun	United States film maker who pioneered animated cartoons and created such characters as Mickey Mouse and Donald Duck; founded Disneyland (1901-1966)
7539	hover	verb	be undecided about something; waver between conflicting positions or courses of action
7540	stabilize	verb	make stable and keep from fluctuating or put into an equilibrium
7541	rodeo	noun	an exhibition of cowboy skills
7542	typewriter	noun	hand-operated character printer for printing written messages one character at a time
7543	cardiac	adj	of or relating to the heart
7544	argentina	noun	a republic in southern South America; second largest country in South America
7545	tavern	noun	a building with a bar that is licensed to sell alcoholic drinks
7546	administer	verb	work in an administrative capacity; supervise or be in charge of
7547	velvet	noun	a silky densely piled fabric with a plain back
7548	hyde		
7549	taiwan	noun	a government on the island of Taiwan established in 1949 by Chiang Kai-shek after the conquest of mainland China by the Communists led by Mao Zedong
7550	refine	verb	improve or perfect by pruning or polishing
7551	overdo	verb	do something to an excessive degree
7552	warfare	noun	the waging of armed conflict against an enemy
7553	sterling	adj	British money; especially the pound sterling as the basic monetary unit of the UK
7554	gran	noun	the mother of your father or mother
7555	juror	noun	someone who serves (or waits to be called to serve) on a jury
7556	chet		
7557	multiply	verb	combine by multiplication
7558	slum	noun	a district of a city marked by poverty and inferior living conditions
7559	bravery	noun	a quality of spirit that enables you to face danger or pain without showing fear
7560	diversion	noun	an activity that diverts or amuses or stimulates
7561	revenue	noun	the entire amount of income before any deductions are made
7562	lyle		
7563	ida	noun	an agency of the United Nations affiliated with the World Bank
7564	inflict	verb	impose something unpleasant
7565	sutton		
7566	katrina		
7567	sergei		
7568	pd	noun	a silver-white metallic element of the platinum group that resembles platinum; occurs in some copper and nickel ores; does not tarnish at ordinary temperatures and is used (alloyed with gold) in jewelry
7569	morality	noun	concern with the distinction between good and evil or right and wrong; right or good conduct
7570	coupon	noun	a negotiable certificate that can be detached and redeemed as needed
7571	smoothly	adv	with no problems or difficulties
7572	rafael		
7573	cradle	verb	hold gently and carefully
7574	chu		
7575	gardner	noun	United States collector and patron of art who built a museum in Boston to house her collection and opened it to the public in 1903 (1840-1924)
7576	athens	noun	the capital and largest city of Greece; named after Athena (its patron goddess)
7577	abu		
7578	kramer		
7579	psychotic	adj	characteristic of or suffering from psychosis
7580	aggression	noun	a disposition to behave aggressively
7581	tuition	noun	a fee paid for instruction (especially for higher education)
7582	bumper	noun	a glass filled to the brim (especially as a toast)
7583	steroid	noun	any of several fat-soluble organic compounds having as a basis 17 carbon atoms in four rings; many have important physiological effects
7584	toma		
7585	eclipse	noun	one celestial body obscures another
7586	jap	noun	(offensive slang) offensive term for a person of Japanese descent
7587	vance		
7588	explorer	noun	someone who travels into little known regions (especially for some scientific purpose)
7589	geneva	noun	a city in southwestern Switzerland at the western end of Lake Geneva; it is the headquarters of various international organizations
7590	increasingly	adv	advancing in amount or intensity
7591	shady	adj	(of businesses and businessmen) unscrupulous
7592	printer	noun	someone whose occupation is printing
7593	scenery	noun	the painted structures of a stage set that are intended to suggest a particular locale
7594	trek	noun	a journey by ox wagon (especially an organized migration by a group of settlers)
7595	gunman	noun	a professional killer who uses a gun
7596	initially	adv	at the beginning
7597	shredder	noun	a device that shreds documents (usually in order to prevent the wrong people from reading them)
7598	hive	noun	a teeming multitude
7599	alligator	noun	leather made from alligator's hide
7600	rainy	adj	(of weather) wet by periods of rain
7601	getaway	noun	the attribute of being capable of rapid acceleration
7602	leash	noun	restraint consisting of a rope (or light chain) used to restrain an animal
7603	muhammad	noun	leader of Black Muslims who campaigned for independence for Black Americans (1897-1975)
7604	liability	noun	the state of being legally obliged and responsible
7605	crater	noun	a bowl-shaped geological formation at the top of a volcano
7606	livin		
7607	pharaoh	noun	the title of the ancient Egyptian kings
7608	slogan	noun	a favorite saying of a sect or political group
7609	undermine	verb	destroy property or hinder normal operations
7610	roz		
7611	abel	noun	Norwegian mathematician (1802-1829)
7612	override	verb	rule against
7613	measurement	noun	the act or process of assigning numbers to phenomena according to a rule
7614	contagious	adj	easily diffused or spread as from one person to another
7615	madeline		
7616	beijing	noun	capital of the People's Republic of China in the Hebei province in northeastern China; 2nd largest Chinese city
7617	frequently	adv	many times at short intervals
7618	operational	adj	pertaining to a process or series of actions for achieving a result
7619	basil	noun	any of several Old World tropical aromatic annual or perennial herbs of the genus Ocimum
7620	babylon	noun	the chief city of ancient Mesopotamia and capital of the ancient kingdom of Babylonia
7621	deport	verb	behave in a certain manner
7622	ax	noun	an edge tool with a heavy bladed head mounted across a handle
7623	buffet	verb	strike against forcefully
7624	cocoa	noun	a beverage made from cocoa powder and milk and sugar; usually drunk hot
7625	thudding	adj	not clear and resonant; sounding as if striking with or against something relatively soft
7626	destroyer	noun	a small fast lightly armored but heavily armed warship
7627	dense	adj	permitting little if any light to pass through because of denseness of matter
7628	frenchman	noun	a person of French nationality
7629	pende		
7630	stains	noun	a soiled or discolored appearance
7631	nervously	adv	in an anxiously nervous manner
7632	sprout	verb	produce buds, branches, or germinate
7633	caribbean	noun	an arm of the Atlantic Ocean between North and South America; the origin of the Gulf stream
7634	boone	noun	an American pioneer and guide and explorer (1734-1820)
7635	capability	noun	the quality of being capable -- physically or intellectually or legally
7636	ongoing	adj	currently happening
7637	humphrey		
7638	mara	noun	Hindu god of death; opposite of Kama
7639	flint	noun	a hard kind of stone; a form of silica more opaque than chalcedony
7640	nova	noun	a star that ejects some of its material in the form of a cloud and become more luminous in the process
7641	nevada	noun	a state in the southwestern United States
7642	membership	noun	the body of members of an organization or group
7643	martyr	noun	one who suffers for the sake of principle
7644	puerto		
7645	raphael	noun	Italian painter whose many paintings exemplify the ideals of the High Renaissance (1483-1520)
7646	listener	noun	someone who listens attentively
7647	chalk	noun	a soft whitish calcite
7648	liable	adj	at risk of or subject to experiencing something usually unpleasant
7649	rook	noun	(chess) the piece that can move any number of unoccupied squares in a direction parallel to the sides of the chessboard
7650	ramp	noun	an inclined surface connecting two levels
7651	dork	noun	a dull stupid fatuous person
7652	rama	noun	avatar of Vishnu whose name is synonymous with God; any of three incarnations: Ramachandra or Parashurama or Balarama
7653	austria	noun	a mountainous republic in central Europe; under the Habsburgs (1278-1918) Austria maintained control of the Holy Roman Empire and was a leader in European politics until the 19th century
7654	hoof	noun	the foot of an ungulate mammal
7655	philly		
7656	unaware	adj	(often followed by `of') not aware
7657	whooshing	verb	move with a sibilant sound
7658	wither	verb	wither, as with a loss of moisture
7659	padre	noun	a chaplain in one of the military services
7660	bagel	noun	(Yiddish) glazed yeast-raised doughnut-shaped roll with hard crust
7661	hoop	noun	a light curved skeleton to spread out a skirt
7662	wretch	noun	performs some wicked deed
7663	columbia	noun	a North American river; rises in southwestern Canada and flows southward across Washington to form the border between Washington and Oregon before emptying into the Pacific; known for its salmon runs in the spring
7664	unpack	verb	remove from its packing
7665	israeli	noun	a native or inhabitant of Israel
7666	sparrow	noun	any of several small dull-colored singing birds feeding on seeds or insects
7667	allan		
7668	cora	noun	(Greek mythology) daughter of Zeus and Demeter; made queen of the underworld by Pluto in ancient mythology; identified with Roman Proserpina
7669	grady		
7670	elevate	verb	give a promotion to or assign to a higher position
7671	marissa		
7672	blueprint	noun	something intended as a guide for making something else
7673	lorraine	noun	an eastern French region rich in iron-ore deposits
7674	scooby		
7675	hazel	adj	of a light brown or yellowish brown color
7676	wormhole	noun	hole made by a burrowing worm
7677	revolver	noun	a pistol with a revolving cylinder (usually having six chambers for bullets)
7678	stump	noun	the base part of a tree that remains standing after the tree has been felled
7679	certainty	noun	the state of being certain
7680	sinister	adj	threatening or foreshadowing evil or tragic developments
7681	grumble	verb	show one's unhappiness or critical attitude
7682	christy		
7683	dex		
7684	judas	noun	(New Testament) supposed brother of St. James; one of the Apostles who is invoked in prayer when a situation seems hopeless
7685	dryer	noun	an appliance that removes moisture
7686	mailbox	noun	a private box for delivery of mail
7687	wrestle	verb	combat to overcome an opposing tendency or force
7688	generosity	noun	the trait of being willing to give your money or time
7689	amusement	noun	a feeling of delight at being entertained
7690	quarry	noun	a person who is the aim of an attack (especially a victim of ridicule or exploitation) by some hostile person or influence
7691	epidemic	noun	a widespread outbreak of an infectious disease; many people are infected at the same time
7692	consumer	noun	a person who uses goods or services
7693	beta	noun	the 2nd letter of the Greek alphabet
7694	assess	verb	evaluate or estimate the nature, quality, ability, extent, or significance of
7695	counseling	noun	something that provides direction or advice as to a decision or course of action
7696	bobo		
7697	phylli		
7698	gamma	noun	the 3rd letter of the Greek alphabet
7699	evidently	adv	unmistakably (`plain' is often used informally for `plainly')
7700	militia	noun	civilians trained as soldiers but not part of the regular army
7701	appal	verb	strike with disgust or revulsion
7702	mildred		
7703	caitlin		
7704	dubai	noun	port city in the United Arab Emirates on the Persian Gulf
7705	sphere	noun	a particular environment or walk of life
7706	nero	noun	Roman Emperor notorious for his monstrous vice and fantastic luxury (was said to have started a fire that destroyed much of Rome in 64) but the Roman Empire remained prosperous during his rule (37-68)
7707	trey	noun	the cardinal number that is the sum of one and one and one
7708	tyrant	noun	a cruel and oppressive dictator
7709	evacuation	noun	the act of removing the contents of something
7710	rooftop	noun	the top of a (usually flat) roof
7711	incompetent	noun	someone who is not competent to take effective action
7712	descent	noun	a movement downward
7713	dreamer	noun	someone who is dreaming
7714	lyon	noun	a city in east-central France on the Rhone River; a principal producer of silk and rayon
7715	excessive	adj	beyond normal limits
7716	tighter	adj	closely constrained or constricted or constricting
7717	fuzzy	adj	covering with fine light hairs
7718	tad	noun	a slight amount or degree of difference
7719	wildlife	noun	all living things (except people) that are undomesticated
7720	clare		
7721	homecoming	noun	an annual school or university reunion for graduates
7722	knob	noun	a circular rounded projection or protuberance
7723	tardis		
7724	caine		
7725	crumb	noun	a very small quantity of something
7726	grin	verb	to draw back the lips and reveal the teeth, in a smile, grimace, or snarl
7727	christianity	noun	a monotheistic system of beliefs and practices based on the Old Testament and the teachings of Jesus as embodied in the New Testament and emphasizing the role of Jesus as savior
7728	dea	noun	federal agency responsible for enforcing laws and regulations governing narcotics and controlled substances; goal is to immobilize drug trafficking organizations
7729	trudy		
7730	peso	noun	the basic unit of money in Uruguay; equal to 100 centesimos
7731	edie		
7732	depot	noun	station where transport vehicles load or unload passengers or goods
7733	deception	noun	a misleading falsehood
7734	lillian		
7735	trespassing	verb	enter unlawfully on someone's property
7736	sizzle	verb	make a sound like frying fat
7737	holder	noun	a holding device
7738	margin	noun	the boundary line or the area immediately inside the boundary
7739	yer		
7740	reflex	noun	an automatic instinctive unlearned reaction to a stimulus
7741	significance	noun	the quality of being significant
7742	speciman		
7743	voodoo	noun	a charm superstitiously believed to embody magical powers
7744	cleo		
7745	soothe	verb	give moral or emotional strength to
7746	asthma	noun	respiratory disorder characterized by wheezing; usually of allergic origin
7747	physicist	noun	a scientist trained in physics
7748	cristina		
7749	radioactive	adj	exhibiting or caused by radioactivity
7750	richmond	noun	capital of the state of Virginia located in the east central part of the state; was capital of the Confederacy during the American Civil War
7751	avatar	noun	a new personification of a familiar idea
7752	minority	noun	a group of people who differ racially or politically from a larger group of which it is a part
7753	armour	noun	a military unit consisting of armored fighting vehicles
7754	orchid	noun	any of numerous plants of the orchid family usually having flowers of unusual shapes and beautiful colors
7755	unreasonable	adj	not reasonable; not showing good judgment
7756	abnormal	adj	not normal; not typical or usual or regular or conforming to a norm
7757	wimp	noun	a person who lacks confidence, is irresolute and wishy-washy
7758	siege	noun	the action of an armed force that surrounds a fortified place and isolates it while continuing to attack
7759	illegally	adv	in an illegal manner
7760	starbuck		
7761	virtual	adj	being actually such in almost every respect
7762	intuition	noun	instinctive knowing (without the use of rational processes)
7763	revs	noun	rate of revolution of a motor
7764	darcy		
7765	heist	verb	commit a burglary; enter and rob a dwelling
7766	discourage	verb	try to prevent; show opposition to
7767	gigi		
7768	pneumonia	noun	respiratory disease characterized by inflammation of the lung parenchyma (excluding the bronchi) with congestion caused by viruses or bacteria or irritants
7769	manly	adj	possessing qualities befitting a man
7770	touchdown	noun	a score in American football; being in possession of the ball across the opponents' goal line
7771	ncis		
7772	badass		
7773	mutt	noun	an inferior dog or one of mixed breed
7774	klink		
7775	venue	noun	the scene of any event or action (especially the place of a meeting)
7776	substantial	adj	fairly large
7777	hunk	noun	a well-built sexually attractive man
7778	turd	noun	obscene terms for feces
7779	onboard		
7780	courtyard	noun	an area wholly or partly surrounded by walls or buildings
7781	spontaneous	adj	happening or arising without apparent external cause
7782	wrench	verb	twist or pull violently or suddenly, especially so as to remove (something) from that to which it is attached or from where it originates
7783	textbook	noun	a book prepared for use in schools or colleges
7784	bonjour		
7785	darkest	adj	devoid of or deficient in light or brightness; shadowed or black
7786	insecure	adj	not firm or firmly fixed; likely to fail or give way
7787	dodger	noun	a shifty deceptive person
7788	sympathetic	adj	of or relating to the sympathetic nervous system
7789	hampton	noun	United States musician who was the first to use the vibraphone as a jazz instrument (1913-2002)
7790	lila		
7791	cluck	verb	make a clucking sounds, characteristic of hens
7792	unidentifie		
7793	plumbing	noun	utility consisting of the pipes and fixtures for the distribution of water or gas in a building and for the disposal of sewage
7794	darker	adj	devoid of or deficient in light or brightness; shadowed or black
7795	ariel		
7796	burp	noun	a reflex that expels gas noisily from the stomach through the mouth
7797	crude	adj	not carefully or expertly made
7798	dependent	adj	relying on or requiring a person or thing for support, supply, or what is needed
7799	dictionary	noun	a reference book containing an alphabetical list of words with information about them
7800	demo	noun	a visual presentation showing how something works
7801	dalek		
7802	collateral	noun	a security pledged for the repayment of a loan
7803	workout	noun	the activity of exerting your muscles in various ways to keep fit
7804	sovereign	noun	a nation's ruler or head of state usually by hereditary right
7805	missionary	noun	someone who attempts to convert others to a particular doctrine or program
7806	istanbul	noun	the largest city and former capital of Turkey; rebuilt on the site of ancient Byzantium by Constantine I in the fourth century; renamed Constantinople by Constantine who made it the capital of the Byzantine Empire; now the seat of the Eastern Orthodox Church
7807	venom	noun	toxin secreted by animals; secreted by certain snakes and poisonous insects (e.g., spiders and scorpions)
7808	doorway	noun	the entrance (the space in a wall) through which you enter or leave a room or building; the space that a door can close
7809	booby	noun	an ignorant or foolish person
7810	bamboo	noun	the hard woody stems of bamboo plants; used in construction and crafts and fishing poles
7811	ying		
7812	banking	noun	engaging in the business of keeping money for savings and checking accounts or for exchange or for issuing loans and credit etc.
7813	input	noun	signal going into an electronic system
7814	cassidy		
7815	axl		
7816	ferguson		
7817	hebrew	noun	the ancient Canaanitic language of the Hebrews that has been revived as the official language of Israel
7818	conquest	noun	the act of conquering
7819	octopus	noun	tentacles of octopus prepared as food
7820	meaningful	adj	having a meaning or purpose
7821	daytime	noun	the time after sunrise and before sunset while it is light outside
7822	dowry	noun	money or property brought by a woman to her husband at marriage
7823	liza	noun	similar to the striped mullet and takes its place in the Caribbean region
7824	ko	noun	a blow that renders the opponent unconscious
7825	mediterranean	noun	the largest inland sea; between Europe and Africa and Asia
7826	cocksucker	noun	a person who performs fellatio
7827	cyril	noun	Greek missionary; the invention of the Cyrillic alphabet is attributed to him (826-869)
7828	sprinkle	verb	distribute loosely
7829	spinal	noun	anesthesia of the lower half of the body; caused by injury to the spinal cord or by injecting an anesthetic beneath the arachnoid membrane that surrounds the spinal cord
7830	mcdonald		
7831	genie	noun	(Islam) an invisible spirit mentioned in the Koran and believed by Muslims to inhabit the earth and influence mankind by appearing in the form of humans or animals
7832	trooper	noun	a soldier in a motorized army unit
7833	bummer	noun	an experience that is irritating or frustrating or disappointing
7834	cushion	verb	protect from impact
7835	midget	noun	a person who is markedly small
7836	luna	noun	(Roman mythology) the goddess of the Moon; counterpart of Greek Selene
7837	vouch	verb	give personal assurance; guarantee
7838	mislead	verb	lead someone in the wrong direction or give someone wrong directions
7839	hwang		
7840	swipe	verb	strike with a swiping motion
7841	goddammit		
7842	flop	verb	fall loosely
7843	countdown	noun	counting backward from an arbitrary number to indicate the time remaining before some event (such as launching a space vehicle)
7844	maddy		
7845	dracula	noun	comprises tropical American species usually placed in genus Masdevallia: diminutive plants having bizarre and often sinister-looking flowers with pendulous scapes and motile lips
7846	barricade	noun	a barrier set up by police to stop traffic on a street or road in order to catch a fugitive or inspect traffic etc.
7847	horrify	verb	fill with apprehension or alarm; cause to be unpleasantly surprised
7848	quarterback	noun	(football) the person who plays quarterback
7849	maxine		
7850	knockout	noun	a very attractive or seductive looking woman
7851	eminence	noun	high status importance owing to marked superiority
7852	willingly	adv	in a willing manner
7853	wheeze	verb	breathe with difficulty
7854	tο		
7855	gino		
7856	muck	verb	remove muck, clear away muck, as in a mine
7857	cheeky	adj	offensively bold
7858	powerless	adj	lacking power
7859	lapd		
7860	scalp	noun	the skin that covers the top of the head
7861	sculpt	verb	create by shaping stone or wood or any other hard material
7862	cruelty	noun	a cruel act; a deliberate infliction of pain and suffering
7863	external	adj	happening or arising or located outside or beyond some limits or especially surface
7864	composition	noun	the spatial property resulting from the arrangement of parts in relation to each other and to the whole
7865	arjun		
7866	testicle	noun	one of the two male reproductive glands that produce spermatozoa and secrete androgens
7867	tito	noun	Yugoslav statesman who led the resistance to German occupation during World War II and established a communist state after the war (1892-1980)
7868	sedative	noun	a drug that reduces excitability and calms a person
7869	cleanse	verb	clean one's body or parts thereof, as by washing
7870	norwegian	noun	a native or inhabitant of Norway
7871	whim	noun	a sudden desire
7872	taliban	noun	a fundamentalist Islamic militia; in 1995 the Taliban militia took over Afghanistan and in 1996 took Kabul and set up an Islamic government
7873	gandhi	noun	daughter of Nehru who served as prime minister of India from 1966 to 1977 (1917-1984)
7874	disarm	verb	remove offensive capability from
7875	josie		
7876	occasional	adj	occurring from time to time
7877	raspberry	noun	woody brambles bearing usually red but sometimes black or yellow fruits that separate from the receptacle when ripe and are rounder and smaller than blackberries
7878	provision	noun	a stipulated condition
7879	apprehend	verb	get the meaning of something
7880	clinical	adj	relating to a clinic or conducted in or as if in a clinic and depending on direct observation of patients
7881	avenger	noun	someone who takes vengeance
7882	sawyer	noun	one who is employed to saw wood
7883	viktor		
7884	lonesome	adj	being the only one; single and isolated from others
7885	separately	adv	apart from others
7886	evie		
7887	waitin		
7888	wanker	noun	terms of abuse for a masturbator
7889	pear	noun	sweet juicy gritty-textured fruit available in many varieties
7890	tsk	verb	utter `tsk,' `tut,' or `tut-tut,' as in disapproval
7891	finding	noun	the act of determining the properties of something, usually by research or calculation
7892	clamp	verb	a device (generally used by carpenters) that holds things firmly together
7893	seagull	noun	mostly white aquatic bird having long pointed wings and short legs
7894	toronto	noun	the provincial capital and largest city in Ontario (and the largest city in Canada)
7895	boar	noun	Old World wild swine having a narrow body and prominent tusks from which most domestic swine come; introduced in United States
7896	shi		
7897	jinx	noun	a person believed to bring bad luck to those around him
7898	rake	verb	move through with or as if with a rake
7899	zoey		
7900	curb	noun	an edge between a sidewalk and a roadway consisting of a line of curbstones (usually forming part of a gutter)
7901	digest	verb	convert food into absorbable substances
7902	opium	noun	an addictive narcotic extracted from seed capsules of the opium poppy
7903	sneaker	noun	a canvas shoe with a pliable rubber sole
7904	prediction	noun	the act of predicting (as by reasoning about the future)
7905	bianca		
7906	debra		
7907	birdie	verb	shoot in one stroke under par
7908	counterfeit	noun	a copy that is represented as the original
7909	worthwhile	adj	sufficiently valuable to justify the investment of time or interest
7910	caviar	noun	salted roe of sturgeon or other large fish; usually served as an hors d'oeuvre
7911	kimberly		
7912	drool	noun	pretentious or silly talk or writing
7913	morton	noun	United States jazz musician who moved from ragtime to New Orleans jazz (1885-1941)
7914	precision	noun	the quality of being reproducible in amount or performance
7915	titanic	adj	of great force or power
7916	export	verb	commodities (goods or services) sold to a foreign country
7917	peacock	noun	European butterfly having reddish-brown wings each marked with a purple eyespot
7918	porno	noun	creative activity (writing or pictures or films etc.) of no literary or artistic value other than to stimulate sexual desire
7919	cheung		
7920	dora		
7921	diabete		
7922	effectively	adv	in an effective manner
7923	dedication	noun	complete and wholehearted fidelity
7924	wager	noun	the act of gambling
7925	wag	verb	move from side to side
7926	sinclair	noun	United States writer whose novels argued for social reform (1878-1968)
7927	smelly	adj	offensively malodorous
7928	designate	verb	assign a name or title to
7929	dillon		
7930	implement	verb	apply in a manner consistent with its purpose or design
7931	hawkins	noun	English privateer involved in the slave trade; later helped build the fleet that in 1588 defeated the Spanish Armada (1532-1595)
7932	stanton	noun	United States suffragist and feminist; called for reform of the practices that perpetuated sexual inequality (1815-1902)
7933	ajay		
7934	edison	noun	United States inventor; inventions included the phonograph and incandescent electric light and the microphone and the Kinetoscope (1847-1931)
7935	morrison	noun	United States rock singer (1943-1971)
7936	brighter	adj	emitting or reflecting light readily or in large amounts
7937	buddhist	noun	one who follows the teachings of Buddha
7938	alma		
7939	manslaughter	noun	homicide without malice aforethought
7940	damp	adj	slightly wet
7941	cologne	noun	a commercial center and river port in western Germany on the Rhine River; flourished during the 15th century as a member of the Hanseatic League
7942	valet	noun	a manservant who acts as a personal attendant to his employer
7943	serum	noun	an amber, watery fluid, rich in proteins, that separates out when blood coagulates
7944	referee	noun	(sports) the chief official (as in boxing or American football) who is expected to ensure fair play
7945	ere		
7946	oral	adj	using speech rather than writing
7947	hairdresser	noun	someone who cuts or beautifies hair
7948	elise		
7949	teammate	noun	a fellow member of a team
7950	perpetrator	noun	someone who perpetrates wrongdoing
7951	kentucky	noun	a state in east central United States; a border state during the American Civil War; famous for breeding race horses
7952	pest	noun	a serious (sometimes fatal) infection of rodents caused by Yersinia pestis and accidentally transmitted to humans by the bite of a flea that has bitten an infected animal
7953	interact	verb	act together or towards others or with others
7954	tonic	noun	lime- or lemon-flavored carbonated water containing quinine
7955	cinderella	noun	a woman whose merits were not been recognized but who then achieves sudden success and recognition
7956	historian	noun	a person who is an authority on history and who studies it and writes about it
7957	chung		
7958	tracker	noun	someone who tracks down game
7959	premiere	noun	the first public performance of a play or movie
7960	kathleen		
7961	salvage	verb	save from ruin, destruction, or harm
7962	marvel	verb	something that causes feelings of wonder
7963	della		
7964	cain	noun	(Old Testament) Cain and Abel were the first children of Adam and Eve born after the Fall of Man; Cain killed Abel out of jealousy and was exiled by God
7965	loo	noun	a toilet in Britain
7966	caretaker	noun	a custodian who is hired to take care of something (property or a person)
7967	incorporate	verb	make into a whole or make part of a whole
7968	brittany	noun	a former province of northwestern France on a peninsula between the English Channel and the Bay of Biscay
7969	tyson	noun	United States prizefighter who was world heavyweight champion (born in 1966)
7970	hash	noun	chopped meat mixed with potatoes and browned
7971	cork	noun	outer bark of the cork oak; used for stoppers for bottles etc.
7972	disclose	verb	make known to the public information that was previously known only to a few people or that was meant to be kept a secret
7973	interpretation	noun	a mental representation of the meaning or significance of something
7974	czech	noun	a native of inhabitant of the Czech Republic
7975	boogie	noun	an instrumental version of the blues (especially for piano)
7976	dawg		
7977	perp		
7978	vibration	noun	the act of vibrating
7979	canteen	noun	a flask for carrying water; used by soldiers or travelers
7980	hola		
7981	michele		
7982	superstition	noun	an irrational belief arising from ignorance or fear
7983	cruiser	noun	a car in which policemen cruise the streets; equipped with radiotelephonic communications to headquarters
7984	tug	verb	a sudden abrupt pull
7985	macho	noun	a male exhibiting or characterized by machismo
7986	homie		
7987	accidental	noun	a musical notation that makes a note sharp or flat or natural although that is not part of the key signature
7988	lara		
7989	hag	noun	an ugly evil-looking old woman
7990	barcelona	noun	a city in northeastern Spain on the Mediterranean; 2nd largest Spanish city and the largest port and commercial center; has been a center for radical political beliefs
7991	fle		
7992	froze	verb	stop moving or become immobilized
7993	warsaw	noun	the capital and largest city of Poland; located in central Poland
7994	rim	noun	the shape of a raised edge of a more or less circular object
7995	mango	noun	large evergreen tropical tree cultivated for its large oval fruit
7996	cheater	noun	someone who leads you to believe something that is not true
7997	trifle	noun	a cold pudding made of layers of sponge cake spread with fruit or jelly; may be decorated with nuts, cream, or chocolate
7998	tangle	noun	a twisted and tangled mass that is highly interwoven
7999	twinkle	verb	gleam or glow intermittently
8000	kumar		
8001	uptight	adj	being in a tense state
8002	scrooge	noun	a selfish person who is unwilling to give or spend
8003	sensational	adj	causing intense interest, curiosity, or emotion
8004	jockey	noun	someone employed to ride horses in horse races
8005	intercom	noun	a communication system linking different rooms within a building or ship etc
8006	burner	noun	an apparatus for burning fuel (or refuse)
8007	penthouse	noun	an apartment located on the top floors of a building
8008	voicemail	noun	a computerized system for answering and routing telephone calls; telephone messages can be recorded and stored and relayed
8009	forthe		
8010	eileen		
8011	ginny		
8012	presumably	adv	by reasonable assumption
8013	span	verb	to cover or extend over an area or time period; ,
8014	reside	verb	make one's home in a particular place or community
8015	hyung		
8016	forsake	verb	leave someone who needs or counts on you; leave in the lurch
8017	sideways	adj	(of movement) at an angle
8018	theodore		
8019	youtube		
8020	ct	noun	a New England state; one of the original 13 colonies
8021	squid	noun	(Italian cuisine) squid prepared as food
8022	handbag	noun	a container used for carrying money and small personal items or accessories (especially by women)
8023	hedge	noun	a fence formed by a row of closely planted shrubs or bushes
8024	shithead	noun	a stupid person; these words are used to express a low opinion of someone's intelligence
8025	hare	noun	swift timid long-eared mammal larger than a rabbit having a divided upper lip and long hind legs; young born furred and with open eyes
8026	strive	verb	attempt by employing effort
8027	cowardly	adj	lacking courage; ignobly timid and faint-hearted; - P.B.Shelley
8028	crusade	noun	a series of actions advancing a principle or tending toward a particular end
8029	clot	noun	a lump of material formed from the content of a liquid
8030	elijah	noun	a Hebrew prophet in the Old Testament who opposed the worship of idols; he was persecuted for rebuking Ahab and Jezebel (king and queen of Israel); he was taken up to heaven in a chariot of fire (circa 9th century BC)
8031	idiotic	adj	insanely irresponsible
8032	graze	verb	feed as in a meadow or pasture
8033	delegate	verb	transfer power to someone
8034	amnesia	noun	partial or total loss of memory
8035	deborah		
8036	distinct	adj	(often followed by `from') not alike; different in nature or quality
8037	arson	noun	malicious burning to destroy property
8038	furthermore	adv	in addition
8039	puss	noun	obscene terms for female genitals
8040	guo		
8041	wedge	noun	any shape that is triangular in cross section
8042	examiner	noun	someone who administers a test to determine your qualifications
8043	waterfall	noun	a steep descent of the water of a river
8044	induce	verb	cause to arise
8045	conspire	verb	engage in plotting or enter into a conspiracy, swear together
8046	ole		
8047	circulation	noun	the dissemination of copies of periodicals (as newspapers or magazines)
8048	melinda		
8049	elia	noun	English essayist (1775-1834)
8050	shortage	noun	the property of being an amount by which something is less than expected or required
8051	manufacturer	noun	a business engaged in manufacturing some product
8052	inquire	verb	inquire about
8053	brock		
8054	fei		
8055	candis		
8056	usher	verb	take (someone) to their seats, as in theaters or auditoriums
8057	probability	noun	a measure of how likely it is that some event will occur; a number expressing the ratio of favorable cases to the whole number of cases possible
8058	moody	noun	United States tennis player who dominated women's tennis in the 1920s and 1930s (1905-1998)
8059	reich	noun	the German state
8060	semen	noun	the thick white fluid containing spermatozoa that is ejaculated by the male genital tract
8061	hu		
8062	wiggle	verb	move to and fro
8063	slate	verb	designate or schedule
8064	sonya		
8065	rumpole		
8066	apache	noun	any member of Athapaskan tribes that migrated to the southwestern desert (from Arizona to Texas and south into Mexico); fought a losing battle from 1861 to 1886 with the United States and were resettled in Oklahoma
8067	marian	adj	of or relating to or venerating the Virgin Mary
8068	knox	noun	Scottish theologian who founded Presbyterianism in Scotland and wrote a history of the Reformation in Scotland (1514-1572)
8069	upright	adj	in a vertical position; not sloping
8070	horseman	noun	a man skilled in equitation
8071	reborn	adj	spiritually reborn or converted
8072	linen	noun	a fabric woven with fibers from the flax plant
8073	utmost	adj	of the greatest possible degree or extent or intensity
8074	havin		
8075	symphony	noun	a long and complex sonata for symphony orchestra
8076	patsy	noun	a person who is gullible and easy to take advantage of
8077	bhai		
8078	remotely	adv	in a remote manner
8079	glee	noun	great merriment
8080	lockdown	noun	the act of confining prisoners to their cells (usually to regain control during a riot)
8081	woof	noun	the yarn woven across the warp yarn in weaving
8082	brunch	noun	combination breakfast and lunch; usually served in late morning
8083	jug	noun	a large bottle with a narrow mouth
8084	manic	adj	affected with or marked by frenzy or mania uncontrolled by reason; ; ; - H.W.Carter
8085	breaker	noun	a quarry worker who splits off blocks of stone
8086	bangkok	noun	the capital and largest city and chief port of Thailand; a leading city in southeastern Asia; noted for Buddhist architecture
8087	saucer	noun	something with a round shape resembling a flat circular plate
8088	charade	noun	a composition that imitates or misrepresents somebody's style, usually in a humorous way
8089	cosmetic	noun	a toiletry designed to beautify the body
8090	eel	noun	the fatty flesh of eel; an elongate fish found in fresh water in Europe and America; large eels are usually smoked or pickled
8091	commandant	noun	an officer in command of a military unit
8092	conventional	adj	following accepted customs and proprieties
8093	stockholm	noun	the capital and largest city of Sweden; located in southern Sweden on the Baltic
8094	oy		
8095	paulo		
8096	ignition	noun	the process of initiating combustion or catching fire
8097	entity	noun	that which is perceived or known or inferred to have its own distinct existence (living or nonliving)
8098	interpol	noun	an international intelligence agency permitting collaboration among intelligence agencies around the world
8099	exterminate	verb	kill en masse; kill on a large scale; kill many
8100	duplicate	verb	make or do or perform again
8101	shaggy	adj	used of hair; thick and poorly groomed
8102	bladder	noun	a distensible membranous sac (usually containing liquid or gas)
8103	friggin		
8104	decrease	verb	decrease in size, extent, or range
8105	chemist	noun	a scientist who specializes in chemistry
8106	billionaire	noun	a very rich person whose material wealth is valued at more than a billion dollars
8107	confide	verb	reveal in private; tell confidentially
8108	bah		
8109	outlet	noun	a place of business for retailing goods
8110	enforce	verb	ensure observance of laws and rules
8111	intercourse	noun	communication between individuals
8112	destructive	adj	causing destruction or much damage
8113	oregon	noun	a state in northwestern United States on the Pacific
8114	solitude	noun	a state of social isolation
8115	sully	noun	United States painter (born in England) of portraits and historical scenes (1783-1872)
8116	lambert	noun	a cgs unit of illumination equal to the brightness of a perfectly diffusing surface that emits or reflects one lumen per square centimeter
8117	goblin	noun	(folklore) a small grotesque supernatural creature that makes trouble for human beings
8118	omega	noun	the ending of a series or sequence; --Revelation
8119	hideout	noun	a hiding place; usually a remote place used by outlaws
8120	zipper	noun	a fastener for locking together two toothed edges by means of a sliding tab
8121	reptile	noun	any cold-blooded vertebrate of the class Reptilia including tortoises, turtles, snakes, lizards, alligators, crocodiles, and extinct forms
8122	belgium	noun	a monarchy in northwestern Europe; headquarters for the European Union and for the North Atlantic Treaty Organization
8123	brunette	noun	a person with dark (brown) hair
8124	whichever		
8125	texture	noun	the feel of a surface or a fabric
8126	trout	noun	flesh of any of several primarily freshwater game and food fishes
8127	prosperity	noun	an economic state of growth with rising profits and full employment
8128	purge	verb	oust politically
8129	literary	adj	of or relating to or characteristic of literature
8130	boiler	noun	sealed vessel where water is converted to steam
8131	toxin	noun	a poisonous substance produced during the metabolism and growth of certain microorganisms and some higher plant and animal species
8132	northwest	noun	the northwestern region of the United States
8133	connecticut	noun	a New England state; one of the original 13 colonies
8134	webster	noun	English playwright (1580-1625)
8135	tee	noun	the starting place for each hole on a golf course
8136	insure	verb	be careful or certain to do something; make certain of something
8137	coaster	noun	a resident of a coastal area
8138	unemployment	noun	the state of being unemployed or not having a job
8139	vike		
8140	eighty	adj	the number 80
8141	munich	noun	the capital and largest city of Bavaria in southwestern Germany
8142	install	verb	set up for use
8143	arrogance	noun	overbearing pride evidenced by a superior manner toward inferiors
8144	jeopardy	noun	a source of danger; a possibility of incurring loss or misfortune
8145	chariot	noun	a light four-wheel horse-drawn ceremonial carriage
8146	harp	noun	a chordophone that has a triangular frame consisting of a sounding board and a pillar and a curved neck; the strings stretched between the neck and the soundbox are plucked with the fingers
8147	observer	noun	a person who becomes aware (of things or events) through the senses
8148	cartwright	noun	English clergyman who invented the power loom (1743-1823)
8149	jab	verb	poke or thrust abruptly
8150	archaeologist	noun	an anthropologist who studies prehistoric people and their culture
8151	reset	verb	set anew
8152	risen	verb	move upward
8153	perkin		
8154	macleod	noun	Scottish physiologist who directed the research by F. G. Banting and C. H. Best that led to the discovery of insulin (1876-1935)
8155	milady	noun	an English noblewoman
8156	wolfe	noun	United States writer who has written extensively on American culture (born in 1931)
8157	unfold	verb	develop or come to a promising stage
8158	mabel		
8159	fragrance	noun	a distinctive odor that is pleasant
8160	shelley	noun	English writer who created Frankenstein's monster and married Percy Bysshe Shelley (1797-1851)
8161	standby	noun	something that can be relied on when needed
8162	izzy		
8163	ltd		
8164	kerry		
8165	inhabitant	noun	a person who inhabits a particular place
8166	cobb		
8167	diploma	noun	a document certifying the successful completion of a course of study
8168	residue	noun	matter that remains after something has been removed
8169	watt	noun	a unit of power equal to 1 joule per second; the power dissipated by a current of 1 ampere flowing across a resistance of 1 ohm
8170	paco		
8171	munch	noun	Norwegian painter (1863-1944)
8172	kilo	noun	one thousand grams; the basic unit of mass adopted under the Systeme International d'Unites
8173	probable	adj	likely but not certain to be or become true or real
8174	proclaim	verb	declare formally; declare someone to be something; of titles
8175	diplomat	noun	an official engaged in international negotiations
8176	newman	noun	United States film actor (born in 1925)
8177	vicinity	noun	a surrounding or nearby region
8178	fraternity	noun	a social club for male undergraduates
8179	challenger	noun	the contestant you hope to defeat
8180	clint		
8181	horatio		
8182	predictable	adj	capable of being foretold
8183	overload	noun	an electrical load that exceeds the available electrical power
8184	jedi		
8185	expansion	noun	the act of increasing (something) in size or volume or quantity or scope
8186	pittsburgh	noun	a city in southwestern Pennsylvania where the confluence of the Allegheny River and Monongahela River forms the Ohio River; long an important urban industrial area; site of Carnegie Mellon University and the University of Pittsburgh
8187	angus	noun	Celtic god of love and beauty; patron deity of young men and women
8188	abide	verb	dwell
8189	crucify	verb	kill by nailing onto a cross
8190	bing		
8191	scarlet	noun	a variable color that is vivid red but sometimes with an orange tinge
8192	itchy	adj	nervous and unable to relax
8193	trample	verb	tread or stomp heavily or roughly
8194	spouse	noun	a person's partner in marriage
8195	penn	noun	Englishman and Quaker who founded the colony of Pennsylvania (1644-1718)
8196	ensign	noun	a person who holds a commissioned rank in the United States Navy or the United States Coast Guard; below lieutenant junior grade
8197	analyst	noun	someone who is skilled at analyzing data
8198	madeleine		
8199	geoff		
8200	haste	noun	overly eager speed (and possible carelessness)
8201	commotion	noun	a disorderly outburst or tumult
8202	extinct	adj	no longer in existence; lost or especially having died out leaving no living representatives
8203	decree	noun	a legally binding command or decision entered on the court record (as if issued by a court or judge)
8204	redhead	noun	someone who has red hair
8205	frown	verb	look angry or sullen, wrinkle one's forehead, as if to signal disapproval
8206	mao	noun	an enzyme that catalyzes the oxidation of many body compounds (e.g., epinephrine and norepinephrine and serotonin)
8207	perk	noun	an incidental benefit awarded for certain types of employment (especially if it is regarded as a right)
8208	coleman		
8209	cynical	adj	believing the worst of human nature and motives; having a sneering disbelief in e.g. selflessness of others
8210	trait	noun	a distinguishing feature of your personal nature
8211	ewe	noun	a member of a people living in southern Benin and Togo and southeastern Ghana
8212	cary		
8213	twat	noun	a man who is a stupid incompetent fool
8214	refill	verb	fill something that had previously been emptied
8215	columbus	noun	the state capital of Ohio; located in the center of the state; site of Ohio State University
8216	vous		
8217	deliberate	adj	carefully thought out in advance
8218	restraint	noun	the act of controlling by restraining someone or something
8219	spence		
8220	staircase	noun	a way of access (upward and downward) consisting of a set of steps
8221	colleen	noun	an Irish girl
8222	lawson		
8223	raylan		
8224	tightly	adv	in a tight or constricted manner
8225	orlando	noun	a city in central Florida; site of Walt Disney World
8226	tennessee	noun	a state in east central United States
8227	yeon		
8228	diaz	noun	Portuguese explorer who in 1488 was the first European to get round the Cape of Good Hope (thus establishing a sea route from the Atlantic to Asia) (1450-1500)
8229	fraser		
8230	vacant	adj	void of thought or knowledge
8231	infantry	noun	an army unit consisting of soldiers who fight on foot
8232	gallagher		
8233	plantation	noun	an estate where cash crops are grown on a large scale (especially in tropical areas)
8234	gurgle	noun	the bubbling sound of water flowing from a bottle with a narrow neck
8235	breakup	noun	the termination or disintegration of a relationship (between persons or nations)
8236	layla		
8237	bungalow	noun	a small house with a single story
8238	purity	noun	being undiluted or unmixed with extraneous material
8239	honourable	adj	worthy of being honored; entitled to honor and respect
8240	fasten	verb	cause to be firmly attached
8241	mackenzie	noun	Canadian explorer (born in England) who explored the Mackenzie River and who was first to cross North America by land north of Mexico (1764-1820)
8242	bronx	noun	a borough of New York City
8243	boulder	noun	a large smooth mass of rock detached from its place of origin
8244	buff	noun	an ardent follower and admirer
8245	hasty	adj	excessively quick
8246	outbreak	noun	a sudden violent spontaneous occurrence (usually of some undesirable condition)
8247	lever	noun	a rigid bar pivoted about a fulcrum
8248	colorful	adj	having striking color
8249	boulevard	noun	a wide street or thoroughfare
8250	xavier	noun	Spanish missionary and Jesuit who establish missionaries in Japan and Ceylon and the East Indies (1506-1552)
8251	intriguing	verb	cause to be interested or curious
8252	papi		
8253	callen		
8254	wand	noun	a rod used by a magician or water diviner
8255	atm	noun	a unit of pressure: the pressure that will support a column of mercury 760 mm high at sea level and 0 degrees centigrade
8256	oswald	noun	United States assassin of President John F. Kennedy (1939-1963)
8257	pi	noun	the ratio of the circumference to the diameter of a circle; approximately equal to 3.14159265358979323846...
8258	milord	noun	a term of address for an English lord
8259	debut	noun	the act of beginning something new
8260	canoe	noun	small and light boat; pointed at both ends; propelled with a paddle
8261	viper	noun	venomous Old World snakes characterized by hollow venom-conducting fangs in the upper jaw
8262	shudder	verb	shake, as from cold
8263	sloan		
8264	sharpen	verb	make sharp or sharper
8265	clarity	noun	free from obscurity and easy to understand; the comprehensibility of clear expression
8266	daft	adj	informal or slang terms for mentally irregular
8267	liaison	noun	a usually secretive or illicit sexual relationship
8268	islamic	adj	of or relating to or supporting Islamism
8269	bosom	noun	the chest considered as the place where secret thoughts are kept
8270	grumpy	adj	annoyed and irritable
8271	ki	noun	the circulating life energy that in Chinese philosophy is thought to be inherent in all things; in traditional Chinese medicine the balance of negative and positive forms in the body is believed to be essential for good health
8272	picasso	noun	prolific and influential Spanish artist who lived in France (1881-1973)
8273	eddy	verb	flow in a circular current, of liquids
8274	consulting	verb	get or ask advice from
8275	nicolas		
8276	infirmary	noun	a health facility where patients receive treatment
8277	lass	noun	a girl or young woman who is unmarried
8278	squire	noun	young nobleman attendant on a knight
8279	aidan		
8280	deek		
8281	greasy	adj	containing an unusual amount of grease or oil
8282	pc	noun	a small digital computer based on a microprocessor and designed to be used by one person at a time
8283	detour	noun	a roundabout road (especially one that is used temporarily while a main route is blocked)
8284	seung		
8285	zealand	noun	the largest island of Denmark and the site of Copenhagen
8286	skunk	noun	a person who is deemed to be despicable or contemptible
8287	chump	noun	a person who is gullible and easy to take advantage of
8288	anatomy	noun	the branch of morphology that deals with the structure of animals
8289	biker		
8290	straightforward	adj	free from ambiguity
8291	milky	adj	resembling milk in color not clear
8292	bleach	noun	the whiteness that results from removing the color from something
8293	masterchef		
8294	vladimir		
8295	glamorous	adj	having an air of allure, romance and excitement
8296	cinnamon	noun	aromatic bark used as a spice
8297	syd		
8298	deposition	noun	the natural process of laying down a deposit of something
8299	threshold	noun	the starting point for a new state or experience
8300	composer	noun	someone who composes music as a profession
8301	contemporary	adj	characteristic of the present
8302	louisa		
8303	chum	noun	a close friend who accompanies his buddies in their activities
8304	emil		
8305	comply	verb	act in accordance with someone's rules, commands, or wishes
8306	taint	noun	the state of being contaminated
8307	spur	noun	a verbalization that encourages you to attempt something
8308	abdomen	noun	the region of the body of a vertebrate between the thorax and the pelvis
8309	hoffman	noun	United States sculptor (1887-1966)
8310	truman	noun	elected vice president in Roosevelt's 4th term; became 33rd President of the United States on Roosevelt's death in 1945 and was elected President in 1948; authorized the use of atomic bombs against Japan (1884-1972)
8311	educational	adj	relating to the process of education
8312	resurrection	noun	(New Testament) the rising of Christ on the third day after the Crucifixion
8313	huang		
8314	politically	adv	with regard to social relationships involving authority
8315	pratt		
8316	syndicate	noun	a loose affiliation of gangsters in charge of organized criminal activities
8317	uphold	verb	keep or maintain in unaltered condition; cause to remain or last
8318	françois		
8319	ds	noun	a radioactive transuranic element
8320	wiser	adj	having or prompted by wisdom or discernment
8321	rejection	noun	the act of rejecting something
8322	timeline	noun	a sequence of related events arranged in chronological order and displayed along a line (usually drawn left to right or top to bottom)
8323	fusion	noun	an occurrence that involves the production of a union
8324	gloomy	adj	depressingly dark
8325	madly	adv	in an uncontrolled manner
8326	cambridge	noun	a university in England
8327	preview	noun	an advertisement consisting of short scenes from a motion picture that will appear in the near future
8328	nurture	verb	help develop, help grow
8329	lighthouse	noun	a tower with a light that gives warning of shoals to passing ships
8330	chronic	adj	being long-lasting and recurrent or characterized by long suffering
8331	fluids	noun	a substance that is fluid at room temperature and pressure
8332	activist	noun	a militant reformer
8333	plow	verb	to break and turn over earth especially with a plow
8334	stanford	noun	United States railroad executive and founder of Stanford University (1824-1893)
8335	ahme		
8336	couid		
8337	darius		
8338	nobel	noun	Swedish chemist remembered for his invention of dynamite and for the bequest that created the Nobel prizes (1833-1896)
8339	southeast	adv	the compass point midway between south and east; at 135 degrees
8340	resemblance	noun	similarity in appearance or external or superficial details
8341	flavour	noun	the general atmosphere of a place or situation and the effect that it has on people
8342	suicidal	adj	dangerous to yourself or your interests
8343	wireless	noun	medium for communication
8344	cucumber	noun	a melon vine of the genus Cucumis; cultivated from earliest times for its cylindrical green fruit
8345	tilt	verb	to incline or bend from a vertical position
8346	lice	noun	wingless usually flattened bloodsucking insect parasitic on warm-blooded animals
8347	gibberish	noun	unintelligible talking
8348	emilio		
8349	contrast	noun	the opposition or dissimilarity of things that are compared; ,
8350	sexuality	noun	the properties that distinguish organisms on the basis of their reproductive roles
8351	br	noun	a nonmetallic heavy volatile corrosive dark brown liquid element belonging to the halogens; found in sea water
8352	vinnie		
8353	considerate	adj	showing concern for the rights and feelings of others
8354	timber	noun	the wood of trees cut and prepared for use as building material
8355	recreate	verb	give new life or energy to
8356	pas	noun	(ballet) a step in dancing (especially in classical ballet)
8357	limitation	noun	a principle that limits the extent of something
8358	outline	verb	describe roughly or briefly or give the main points or summary of
8359	immature	adj	characteristic of a lack of maturity
8360	marguerite	noun	tall leafy-stemmed Eurasian perennial with white flowers; widely naturalized; often placed in genus Chrysanthemum
8361	helper	noun	a person who contributes to the fulfillment of a need or furtherance of an effort or purpose
8362	sanction	verb	give sanction to
8363	chemo		
8364	nicki		
8365	dairy	noun	a farm where dairy products are produced
8366	heater	noun	device that heats water or supplies warmth to a room
8367	murdock		
8368	yin	noun	the dark negative feminine principle in Chinese dualistic cosmology
8369	hijack	verb	seizure of a vehicle in transit either to rob it or divert it to an alternate destination
8370	motorbike	noun	small motorcycle with a low frame and small wheels and elevated handlebars
8371	delusional	adj	suffering from or characterized by delusions
8372	allegiance	noun	the act of binding yourself (intellectually or emotionally) to a course of action
8373	pooja		
8374	awareness	noun	having knowledge of
8375	jed		
8376	decker	noun	English dramatist and pamphleteer (1572-1632)
8377	dino		
8378	projection	noun	a prediction made by extrapolating from past observations
8379	liter	noun	a metric unit of capacity, formerly defined as the volume of one kilogram of pure water under standard conditions; now equal to 1,000 cubic centimeters (or approximately 1.75 pints)
8380	fiery	adj	characterized by intense emotion
8381	typically	adv	in a typical manner
8382	calorie	noun	a unit of heat equal to the amount of heat required to raise the temperature of one kilogram of water by one degree at one atmosphere pressure; used by nutritionists to characterize the energy-producing potential in food
8383	roadblock	noun	any condition that makes it difficult to make progress or to achieve an objective
8384	alabama	noun	a state in the southeastern United States on the Gulf of Mexico; one of the Confederate states during the American Civil War
8385	logo	noun	a company emblem or device
8386	undoubtedly	adv	without doubt; certainly
8387	arnie		
8388	mozart	noun	prolific Austrian composer and child prodigy; master of the classical style in all its forms of his time (1756-1791)
8389	cylinder	noun	a solid bounded by a cylindrical surface and two parallel planes (the bases)
8390	hmmm		
8391	ka	noun	unknown god; an epithet of Prajapati and Brahma
8392	err	verb	to make a mistake or be incorrect
8393	spectator	noun	a close observer; someone who looks at something (such as an exhibition of some kind)
8394	mow	verb	cut with a blade or mower
8395	louisiana	noun	a state in southern United States on the Gulf of Mexico; one of the Confederate states during the American Civil War
8396	kirsten		
8397	enquiry	noun	an instance of questioning
8398	nadine		
8399	posh	adj	elegant and fashionable; ; ; ; - Julia Child
8400	mornin		
8401	decoy	noun	a beguiler who leads someone into danger (usually as part of a plot)
8402	chubby	adj	sufficiently fat so as to have a pleasing fullness of figure
8403	manif		
8404	nomination	noun	the act of officially naming a candidate
8405	jeopardize	verb	pose a threat to; present a danger to
8406	dakota	noun	a member of the Siouan people of the northern Mississippi valley; commonly called the Sioux
8407	furnace	noun	an enclosed chamber in which heat is produced to heat buildings, destroy refuse, smelt or refine ores, etc.
8408	witchcraft	noun	the art of sorcery
8409	sí		
8410	trance	noun	a psychological state induced by (or as if induced by) a magical incantation
8411	regent	noun	members of a governing board
8412	gill	noun	a British imperial capacity unit (liquid or dry) equal to 5 fluid ounces or 142.066 cubic centimeters
8413	traumatic	adj	of or relating to a physical injury or wound to the body
8414	rocco		
8415	marshmallow	noun	spongy confection made of gelatin and sugar and corn syrup and dusted with powdered sugar
8416	spacecraft	noun	a craft capable of traveling in outer space; technically, a satellite around the sun
8417	talbot	noun	English inventor and pioneer in photography who published the first book illustrated with photographs (1800-1877)
8418	reno	noun	a city in western Nevada at the foot of the Sierra Nevada Mountains; known for gambling casinos and easy divorce and remarriage
8419	benton	noun	United States artist whose paintings portrayed life in the Midwest and South (1889-1975)
8420	poof	noun	offensive term for an openly homosexual man
8421	garland	verb	adorn with bands of flowers or leaves
8422	marseille	noun	a port city in southeastern France on the Mediterranean
8423	stein	noun	a mug intended for serving beer
8424	persistent	adj	never-ceasing
8425	despicable	adj	morally reprehensible
8426	disregard	verb	refuse to acknowledge
8427	differ	verb	be different
8428	salem	noun	capital of the state of Oregon in the northwestern part of the state on the Willamette River
8429	mischief	noun	reckless or malicious behavior that causes discomfort or annoyance in others
8430	devise	verb	come up with (an idea, plan, explanation, theory, or principle) after a mental effort
8431	almond	noun	small bushy deciduous tree native to Asia and North Africa having pretty pink blossoms and highly prized edible nuts enclosed in a hard green hull; cultivated in southern Australia and California
8432	mckay		
8433	nightingale	noun	European songbird noted for its melodious nocturnal song
8434	swimmer	noun	a trained athlete who participates in swimming meets
8435	brussels	noun	the capital and largest city of Belgium; seat of the North Atlantic Treaty Organization
8436	arc	noun	electrical conduction through a gas in an applied electric field
8437	ripper	noun	a murderer who slashes the victims with a knife
8438	ritchie		
8439	cognac	noun	high quality grape brandy distilled in the Cognac district of France
8440	lorry	noun	a large low horse-drawn wagon without sides
8441	cove	noun	a small inlet
8442	lair	noun	the habitation of wild animals
8443	icon	noun	(computer science) a graphic symbol (usually a simple picture) that denotes a program or a command or a data file or a concept in a graphical user interface
8444	stepfather	noun	the husband of your mother by a subsequent marriage
8445	domain	noun	a particular environment or walk of life
8446	viral	adj	relating to or caused by a virus
8447	congregation	noun	a group of people who adhere to a common faith and habitually attend a given church
8448	illinois	noun	a midwestern state in north-central United States
8449	baptize	verb	administer baptism to
8450	mag	noun	a periodic publication containing pictures and stories and articles of interest to those who purchase it or subscribe to it
8451	coco	noun	tall palm tree bearing coconuts as fruits; widely planted throughout the tropics
8452	cram	verb	crowd or pack to capacity
8453	outrage	verb	strike with disgust or revulsion
8454	flexible	adj	capable of being changed
8455	goo	noun	any thick, viscous matter
8456	funk	noun	a state of nervous depression
8457	tao	noun	an adherent of any branch of Taoism
8458	montreal	noun	a city in southern Quebec province on the Saint Lawrence River; the largest city in Quebec and 2nd largest in Canada; the 2nd largest French-speaking city in the world
8459	zen	noun	school of Mahayana Buddhism asserting that enlightenment can come through meditation and intuition rather than faith; China and Japan
8460	cee		
8461	obscure	adj	not clearly understood or expressed; ; -Anatole Broyard; - P.A.Sorokin; - John Locke
8462	credibility	noun	the quality of being believable or trustworthy
8463	controversial	adj	marked by or capable of arousing controversy
8464	axis	noun	a straight line through a body or figure that satisfies certain conditions
8465	deem	verb	keep in mind or convey as a conviction or view
8466	smuggler	noun	someone who imports or exports without paying duties
8467	enthusiastic	adj	having or showing great excitement and interest
8468	janey		
8469	acute	adj	having or experiencing a rapid onset and short but severe course
8470	icy	adj	devoid of warmth and cordiality; expressive of unfriendliness or disdain
8471	austrian	noun	a native or inhabitant of Austria
8472	pep	noun	liveliness and energy
8473	programming	noun	setting an order and time for planned events
8474	surname	noun	the name used to identify the members of a family (as distinguished from each member's given name)
8475	metallic	adj	containing or made of or resembling or characteristic of a metal; ; ; - Ambrose Bierce
8476	sergio		
8477	seldom	adv	not often
8478	implicate	verb	bring into intimate and incriminating connection
8479	poetic	adj	of or relating to poetry
8480	wrestler	noun	combatant who tries to throw opponent to the ground
8481	executioner	noun	an official who inflicts capital punishment in pursuit of a warrant
8482	accommodate	verb	be agreeable or acceptable to
8483	stance	noun	standing posture
8484	insensitive	adj	not responsive to physical stimuli
8485	nonetheless	adv	despite anything to the contrary (usually following a concession)
8486	emmett		
8487	messiah	noun	any expected deliverer
8488	taelon		
8489	accustom	verb	make psychologically or physically used (to something)
8490	movin		
8491	detonator	noun	a mechanical or electrical explosive device or a small amount of explosive; can be used to initiate the reaction of a disrupting explosive
8492	holli		
8493	preppe		
8494	muddy	adj	(of soil) soft and watery
8495	steph		
8496	pasture	noun	a field covered with grass or herbage and suitable for grazing by livestock
8497	saturn	noun	a giant planet that is surrounded by three planar concentric rings of ice particles; the 6th planet from the sun
8498	intentionally	adv	with intention; in an intentional manner
8499	astronomer	noun	a physicist who studies astronomy
8500	mingle	verb	to bring or combine together or with something else
8501	suction	noun	a force over an area produced by a pressure difference
8502	solemn	adj	dignified and somber in manner or character and committed to keeping promises
8503	transporter	noun	a long truck for carrying motor vehicles
8504	rhino	noun	massive powerful herbivorous odd-toed ungulate of southeast Asia and Africa having very thick skin and one or two horns on the snout
8505	francesca		
8506	slayer	noun	someone who causes the death of a person or animal
8507	carver	noun	United States botanist and agricultural chemist who developed many uses for peanuts and soy beans and sweet potatoes (1864-1943)
8508	lea	noun	a unit of length of thread or yarn
8509	mateo		
8510	fraction	noun	a component of a mixture that has been separated by a fractional process
8511	camper	noun	someone living temporarily in a tent or lodge for recreation
8512	casket	noun	box in which a corpse is buried or cremated
8513	antenna	noun	an electrical device that sends or receives radio or television signals
8514	brainwash	verb	persuade completely, often through coercion
8515	ame		
8516	sling	verb	hurl as if with a sling
8517	needy	noun	needy people collectively
8518	ignite	verb	cause to start burning; subject to fire or great heat
8519	luc		
8520	whitey	noun	(slang) offensive names for a White man
8521	cadillac		
8522	swab	verb	implement consisting of a small piece of cotton that is used to apply medication or cleanse a wound or obtain a specimen of a secretion
8523	yun		
8524	beak	noun	beaklike mouth of animals other than birds (e.g., turtles)
8525	ro	noun	an artificial language for international use that rejects all existing words and is based instead on an abstract analysis of ideas
8526	bree		
8527	incomplete	adj	not complete or total; not completed
8528	blimey		
8529	commando	noun	a member of a military unit trained as shock troops for hit-and-run raids
8530	reek	verb	have an element suggestive (of something)
8531	poach	verb	hunt illegally
8532	agatha		
8533	dilemma	noun	state of uncertainty or perplexity especially as requiring a choice between equally unfavorable options
8534	prominent	adj	having a quality that thrusts itself into attention
8535	hoover	noun	United States industrialist who manufactured vacuum cleaners (1849-1932)
8536	lindsey		
8537	cesar		
8538	consul	noun	a diplomat appointed by a government to protect its commercial interests and help its citizens in a foreign country
8539	correspond	verb	be compatible, similar or consistent; coincide in their characteristics
8540	jensen	noun	modernistic Danish writer (1873-1950)
8541	zebra	noun	any of several fleet black-and-white striped African equines
8542	intimacy	noun	close or warm friendship
8543	imminent	adj	close in time; about to occur
8544	clause	noun	(grammar) an expression including a subject and predicate but not constituting a complete sentence
8545	garment	noun	an article of clothing
8546	reinforce	verb	make stronger
8547	diesel	noun	German engineer (born in France) who invented the diesel engine (1858-1913)
8548	meditation	noun	continuous and profound contemplation or musing on a subject or series of subjects of a deep or abstruse nature
8549	bulk	noun	the property resulting from being or relating to the greater in number of two parts; the main part
8550	allie		
8551	oklahoma	noun	a state in south central United States
8552	default	noun	loss due to not showing up
8553	belgian	adj	of or relating to or characteristic of Belgium or the Belgian people
8554	highland	noun	elevated (e.g., mountainous) land
8555	margot		
8556	indictment	noun	a formal document written for a prosecuting attorney charging a person with some offense
8557	proceeding	noun	(law) the institution of a sequence of steps by which legal judgments are invoked
8558	certify	verb	provide evidence for; stand as proof of; show by one's behavior, attitude, or external attributes
8559	freud	noun	Austrian neurologist who originated psychoanalysis (1856-1939)
8560	kendall	noun	United States biochemist who discovered cortisone (1886-1972)
8561	mustang	noun	small hardy range horse of the western plains descended from horses brought by the Spanish
8562	perez		
8563	volcanic	adj	relating to or produced by or consisting of volcanoes
8564	layout	noun	a plan or design of something that is laid out
8565	outnumber	verb	be larger in number
8566	samson	noun	(Old Testament) a judge of Israel who performed herculean feats of strength against the Philistines until he was betrayed to them by his mistress Delilah
8567	cleopatra	noun	beautiful and charismatic queen of Egypt; mistress of Julius Caesar and later of Mark Antony; killed herself to avoid capture by Octavian (69-30 BC)
8568	brink	noun	a region marking a boundary
8569	playin		
8570	invader	noun	someone who enters by force in order to conquer
8571	behead	verb	cut the head of
8572	croak	verb	pass from physical life and lose all bodily attributes and functions necessary to sustain life
8573	voyager	noun	a traveler to a distant land (especially one who travels by sea)
8574	oprah		
8575	commerce	noun	transactions (sales and purchases) having the objective of supplying commodities (goods and services)
8576	watermelon	noun	an African melon
8577	diminish	verb	decrease in size, extent, or range
8578	rossi		
8579	maggot	noun	the larva of the housefly and blowfly commonly found in decaying organic matter
8580	stephens	noun	English writer (1832-1904)
8581	tar	noun	any of various dark heavy viscid substances obtained as a residue
8582	skinner	noun	United States actor (1858-1942)
8583	lunchtime	noun	the customary or habitual hour for eating lunch
8584	cavity	noun	a sizeable hole (usually in the ground)
8585	iife		
8586	raccoon	noun	the fur of the North American racoon
8587	dictator	noun	a speaker who dictates to a secretary or a recording machine
8588	silas		
8589	paranoia	noun	a psychological disorder characterized by delusions of persecution or grandeur
8590	soften	verb	make (images or sounds) soft or softer
8591	airborne	adj	moved or conveyed by or through air
8592	syria	noun	an Asian republic in the Middle East at the east end of the Mediterranean; site of some of the world's most ancient centers of civilization
8593	filmmaker	noun	a producer of motion pictures
8594	babysitte		
8595	agitate	verb	try to stir up public opinion
8596	orgy	noun	any act of immoderate indulgence
8597	protestant	adj	of or relating to Protestants or Protestantism
8598	hopkin		
8599	admirable	adj	deserving of the highest esteem or admiration
8600	kristen		
8601	cylon		
8602	erupt	verb	start abruptly
8603	yuki		
8604	vey		
8605	newborn	adj	recently born
8606	launder	verb	cleanse with a cleaning agent, such as soap, and water
8607	trivial	adj	(informal) small and of little importance
8608	thermal	adj	relating to or associated with heat
8609	hostel	noun	a hotel providing overnight lodging for travelers
8610	bubba		
8611	imprisonment	noun	putting someone in prison or in jail as lawful punishment
8612	distinction	noun	a discrimination between things as different and distinct
8613	advertisement	noun	a public promotion of some product or service
8614	ferris		
8615	fleme		
8616	fatigue	noun	temporary loss of strength and energy resulting from hard physical or mental work
8617	scripture	noun	the sacred writings of the Christian religions
8618	gile		
8619	burrow	noun	a hole made by an animal, usually for shelter
8620	uncertain	adj	lacking or indicating lack of confidence or assurance
8621	wellington	noun	British general and statesman; he defeated Napoleon at Waterloo; subsequently served as Prime Minister (1769-1852)
8622	leech	noun	carnivorous or bloodsucking aquatic or terrestrial worms typically having a sucker at each end
8623	petra		
8624	intoxicate	verb	fill with high spirits; fill with optimism
8625	whatcha		
8626	lunar	adj	of or relating to or associated with the moon
8627	rightful	adj	legally valid
8628	southwest	noun	the compass point midway between south and west; at 225 degrees
8629	maine	noun	a state in New England
8630	segment	noun	one of several parts or pieces that fit with others to constitute a whole object
8631	colder	adj	having a low or inadequate temperature or feeling a sensation of coldness or having been made cold by e.g. ice or refrigeration
8632	wed	verb	take in marriage
8633	tinker	verb	do random, unplanned work or activities or spend time idly
8634	rein	noun	one of a pair of long straps (usually connected to the bit or the headpiece) used to control a horse
8635	bloodshe		
8636	paragraph	noun	one of several distinct subdivisions of a text intended to separate ideas; the beginning is usually marked by a new indented line
8637	firefighter	noun	a member of a fire department who tries to extinguish fires
8638	offspring	noun	the immediate descendants of a person
8639	monstrous	adj	abnormally large
8640	fume	verb	be mad, angry, or furious
8641	doorman	noun	someone who guards an entrance
8642	feat	noun	a notable achievement
8643	tobia		
8644	osaka	noun	port city on southern Honshu on Osaka Bay; a commercial and industrial center of Japan
8645	aiden		
8646	contemplate	verb	look at thoughtfully; observe deep in thought
8647	revolve	verb	turn on or around an axis or a center
8648	cairo	noun	a town at the southern tip of Illinois at the confluence of the Ohio and Mississippi Rivers
8649	jonny		
8650	rufus		
8651	puddle	noun	a mixture of wet clay and sand that can be used to line a pond and that is impervious to water when dry
8652	barton		
8653	infamous	adj	known widely and usually unfavorably
8654	lettuce	noun	informal terms for money
8655	electron	noun	an elementary particle with negative charge
8656	inferior	adj	of or characteristic of low rank or importance
8657	zac		
8658	foryou		
8659	boredom	noun	the feeling of being bored by something tedious
8660	philippine	noun	official language of the Philippines; based on Tagalog; draws its lexicon from other Philippine languages
8661	amos	noun	a Hebrew shepherd and minor prophet
8662	tolerance	noun	the power or capacity of an organism to tolerate unfavorable environmental conditions
8663	cashier	noun	an employee of a bank who receives and pays out money
8664	sleeper	noun	a rester who is sleeping
8665	caliber	noun	a degree or grade of excellence or worth
8666	underpant		
8667	katy		
8668	digger	noun	a laborer who digs
8669	vertical	adj	at right angles to the plane of the horizon or a base line
8670	reschedule	verb	assign a new time and place for an event
8671	gabby	adj	full of trivial conversation
8672	shankar	noun	Indian sitar player who popularized classical Indian music in the West (born in 1920)
8673	acceptance	noun	the mental attitude that something is believable and should be accepted as true
8674	accommodation	noun	making or becoming suitable; adjusting to circumstances
8675	hypothesis	noun	a proposal intended to explain certain facts or observations
8676	spec	noun	a detailed description of design criteria for a piece of work
8677	demolish	verb	destroy completely
8678	persian	noun	a native or inhabitant of Iran
8679	hopeful	adj	having or manifesting hope
8680	cultivate	verb	foster the growth of
8681	rodriguez		
8682	teal	noun	a blue-green color or pigment
8683	freight	noun	goods carried by a large vehicle
8684	undressed	verb	get undressed
8685	lucille		
8686	edo	noun	a member of a west African people living in the tropical forest region of southern Nigeria
8687	uneasy	adj	lacking a sense of security or affording no ease or reassurance
8688	oneself		
8689	alfredo		
8690	benedict	noun	United States anthropologist (1887-1948)
8691	davey		
8692	efficiency	noun	the ratio of the output to the input of any system
8693	habitat	noun	the type of environment in which an organism or group normally lives or occurs
8694	canary	noun	someone acting as an informer or decoy for the police
8695	speculate	verb	to believe especially on uncertain or tentative grounds
8696	gomez		
8697	yelps	noun	a sharp high-pitched cry (especially by a dog)
8698	afterlife	noun	life after death
8699	smiley	noun	an emoticon of a smiling face
8700	eccentric	adj	conspicuously or grossly unconventional or unusual
8701	newcomer	noun	any new participant in some activity
8702	vi	noun	the cardinal number that is the sum of five and one
8703	memphis	noun	largest city of Tennessee; located in southwestern Tennessee on bluffs overlooking the Mississippi River
8704	refund	noun	money returned to a payer
8705	rupture	verb	separate or cause to separate abruptly
8706	formidable	adj	extremely impressive in strength or excellence
8707	luthor		
8708	gel	noun	a colloid in a more solid form than a sol
8709	wendell		
8710	triad	noun	the cardinal number that is the sum of one and one and one
8711	flake	verb	form into flakes
8712	vikram		
8713	authorization	noun	a document giving an official instruction or command
8714	goof	verb	commit a faux pas or a fault or make a serious mistake
8715	peters	noun	disciple of Jesus and leader of the Apostles; regarded by Catholics as the vicar of Christ on earth and first Pope
8716	folder	noun	a small book usually having a paper cover
8717	accomplishment	noun	the action of accomplishing something
8718	vocalize	verb	utter with vibrating vocal chords
8719	adele		
8720	salvatore		
8721	shalt		
8722	hup		
8723	stability	noun	the quality or attribute of being firm and steadfast
8724	woken	verb	be awake, be alert, be there
8725	stench	noun	a distinctive odor that is offensively unpleasant
8726	attachment	noun	a feeling of affection for a person or an institution
8727	compelling	verb	force somebody to do something
8728	dolore		
8729	allright		
8730	drought	noun	a shortage of rainfall
8731	miniature	noun	painting or drawing included in a book (especially in illuminated medieval manuscripts)
8732	oman	noun	a strategically located monarchy on the southern and eastern coasts of the Arabian Peninsula; the economy is dominated by oil
8733	hubby	noun	a married man; a woman's partner in marriage
8734	representation	noun	a presentation to the mind in the form of an idea or image
8735	attribute	verb	credit something to a person or cause; also a quality or feature that distinguishes someone or something
8736	intestine	noun	the part of the alimentary canal between the stomach and the anus
8737	gabi		
8738	hurrah	noun	a victory cheer
8739	silently	adv	without speaking
8740	subconscious	adj	just below the level of consciousness
8741	fatso	noun	a rotund individual
8742	adolf		
8743	mira		
8744	bias	noun	a partiality that prevents objective consideration of an issue or situation
8745	jody		
8746	uranium	noun	a heavy toxic silvery-white radioactive metallic element; occurs in many isotopes; used for nuclear fuels and nuclear weapons
8747	carolyn		
8748	menace	noun	something that is a source of danger
8749	ernesto		
8750	christie	noun	prolific English writer of detective stories (1890-1976)
8751	aka		
8752	bookstore	noun	a shop where books are sold
8753	handshake	noun	grasping and shaking a person's hand (as to acknowledge an introduction or to agree on a contract)
8754	billing	noun	request for payment of a debt
8755	harden	verb	become hard or harder
8756	sauna	noun	a Finnish steam bath; steam is produced by pouring water over heated rocks
8757	extinction	noun	no longer active; extinguished
8758	randolph		
8759	equality	noun	the quality of being the same in quantity or measure or value or status
8760	librarian	noun	a professional person trained in library science and engaged in library services
8761	bourgeois	noun	a capitalist who engages in industrial commercial enterprise
8762	csi		
8763	ac	noun	a radioactive element of the actinide series; found in uranium ores
8764	kiki		
8765	downhill	noun	the downward slope of a hill
8766	posse	noun	a temporary police force
8767	levi	noun	(New Testament) disciple of Jesus; traditionally considered to be the author of the first Gospel
8768	peru	noun	a republic in western South America; achieved independence from Spain in 1821; was the heart of the Inca empire from the 12th to 16th centuries
8769	irving	noun	United States writer remembered for his stories (1783-1859)
8770	confrontation	noun	a bold challenge
8771	terrain	noun	a piece of ground having specific characteristics or military potential
8772	turbo		
8773	hae		
8774	mu	noun	the 12th letter of the Greek alphabet
8775	premature	adj	born after a gestation period of less than the normal time
8776	synthetic	adj	not of natural origin; prepared or made artificially
8777	lsn		
8778	qi	noun	the circulating life energy that in Chinese philosophy is thought to be inherent in all things; in traditional Chinese medicine the balance of negative and positive forms in the body is believed to be essential for good health
8779	maple	noun	wood of any of various maple trees; especially the hard close-grained wood of the sugar maple; used especially for furniture and flooring
8780	scot	noun	a native or inhabitant of Scotland
8781	trespass	verb	enter unlawfully on someone's property
8782	communism	noun	a form of socialism that abolishes private ownership
8783	discard	verb	throw or cast away
8784	treacherous	adj	dangerously unstable and unpredictable
8785	toaster	noun	someone who proposes a toast; someone who drinks to the health of success of someone or some venture
8786	appetizer	noun	food or drink to stimulate the appetite (usually served before a meal or as the first course)
8787	hurray		
8788	irresistible	adj	impossible to resist; overpowering
8789	joanne		
8790	northeast	noun	the compass point midway between north and east; at 45 degrees
8791	bound	verb	move forward by leaps and bounds
8792	simulation	noun	the act of imitating the behavior of some situation or some process by means of something suitably analogous (especially for the purpose of study or personnel training)
8793	ingenious	adj	showing inventiveness and skill
8794	baghdad	noun	capital and largest city of Iraq; located on the Tigris River
8795	bulletin	noun	a brief report (especially an official statement issued for immediate publication or broadcast)
8796	collide	verb	be incompatible; be or come into conflict
8797	smother	verb	envelop completely
8798	immortality	noun	the quality or state of being immortal
8799	andré		
8800	procession	noun	(theology) the origination of the Holy Spirit at Pentecost
8801	eduardo		
8802	aire	noun	a river in northern England that flows southeast through West Yorkshire
8803	sardine	noun	small fatty fish usually canned
8804	undergo	verb	pass through
8805	nuke	noun	the warhead of a missile designed to deliver an atom bomb
8806	dresser	noun	furniture with drawers for keeping clothes
8807	bao		
8808	bleat	noun	the sound of sheep or goats (or any sound resembling this)
8809	windy	adj	abounding in or exposed to the wind or breezes
8810	sap	verb	a watery solution of sugars, salts, and minerals that circulates through the vascular system of a plant
8811	interruption	noun	an act of delaying or interrupting the continuity
8812	profitable	adj	yielding material gain or profit
8813	ryder		
8814	arsehole	noun	vulgar slang for anus
8815	tox		
8816	sonja		
8817	productive	adj	producing or capable of producing (especially abundantly)
8818	doth		
8819	derby	noun	a felt hat that is round and hard with a narrow brim
8820	goldfish	noun	small golden or orange-red freshwater fishes of Eurasia used as pond or aquarium fishes
8821	informer	noun	one who reveals confidential information in return for money
8822	plank	noun	a stout length of sawn timber; made in a wide variety of sizes and used for many purposes
8823	capitol	noun	a building occupied by a state legislature
8824	leisure	noun	time available for ease and relaxation
8825	odin	noun	(Norse mythology) ruler of the Aesir; supreme god of war and poetry and knowledge and wisdom (for which he gave an eye) and husband of Frigg; identified with the Teutonic Wotan
8826	springfield	noun	capital of the state of Illinois
8827	forgery	noun	a copy that is represented as the original
8828	kyoto	noun	a city in central Japan on southern Honshu; a famous cultural center that was once the capital of Japan
8829	peed	verb	eliminate urine
8830	dunk	verb	immerse briefly into a liquid so as to wet, coat, or saturate
8831	implication	noun	something that is inferred (deduced or entailed or implied)
8832	heave	verb	utter a sound, as with obvious effort
8833	bryant		
8834	dickie	noun	a small third seat in the back of an old-fashioned two-seater
8835	goodwill	noun	(accounting) an intangible asset valued according to the advantage or reputation a business has acquired (over and above its tangible assets)
8836	euro	noun	the basic monetary unit of most members of the European Union (introduced in 1999); in 2002 twelve European nations (Germany, France, Belgium, Luxembourg, the Netherlands, Italy, Spain, Portugal, Ireland, Greece, Austria, Finland) adopted the euro as their basic unit of money and abandoned their traditional currencies
8837	slater	noun	any of various small terrestrial isopods having a flat elliptical segmented body; found in damp habitats
8838	bogus	adj	fraudulent; having a misleading appearance
8839	sidekick	noun	a close friend who accompanies his buddies in their activities
8840	renounce	verb	give up, such as power, as of monarchs and emperors, or duties and obligations
8841	sputter	verb	make an explosive sound
8842	hippie	noun	someone who rejects the established culture; advocates extreme liberalism in politics and lifestyle
8843	ting	noun	a light clear metallic sound as of a small bell
8844	incidentally	adv	introducing a different topic; in point of fact
8845	anguish	noun	extreme mental distress
8846	gi	noun	a unit of magnetomotive force equal to 0.7958 ampere-turns
8847	amulet	noun	a trinket or piece of jewelry usually hung about the neck and thought to be a magical protection against evil or disease
8848	chestnut	adj	(of hair or feathers) of a golden brown to reddish brown color
8849	coil	verb	a structure consisting of something wound in a continuous series of loops
8850	cannibal	noun	a person who eats human flesh
8851	webb	noun	English writer and a central member of the Fabian Society (1858-1943)
8852	inventor	noun	someone who is the first to think of or make something
8853	cheeseburger	noun	a hamburger with melted cheese on it
8854	commandment	noun	something that is commanded
8855	golly		
8856	copenhagen	noun	the capital and largest city of Denmark; located on the island of Zealand
8857	hiv	noun	infection by the human immunodeficiency virus
8858	seventy	adj	the number 70
8859	dandy	noun	a man who is much concerned with his dress and appearance
8860	desperation	noun	a state in which all hope is lost or absent
8861	roach	noun	a roll of hair brushed back from the forehead
8862	savannah	noun	a port in eastern Georgia near the mouth of the Savannah river
8863	urn	noun	a large vase that usually has a pedestal or feet
8864	degrade	verb	reduce the level of land, as by erosion
8865	tinkle	verb	make or emit a high sound
8866	mandatory	adj	required by rule
8867	administrator	noun	someone who administers a business
8868	premier	noun	the person who holds the position of head of the government in the United Kingdom
8869	vendor	noun	someone who promotes or exchanges goods or services for money
8870	periods	noun	an amount of time
8871	evict	verb	expel or eject without recourse to legal process
8872	uhm		
8873	kgb	noun	formerly the predominant security police organization of Soviet Russia
8874	taunt	verb	harass with persistent criticism or carping
8875	rodrigo		
8876	influential	adj	having or exercising influence or power
8877	mammy	noun	an offensive term for a Black nursemaid in the southern U.S.
8878	mellow	verb	soften, make mellow
8879	ratio	noun	the relative magnitudes of two quantities (usually expressed as a quotient)
8880	checkpoint	noun	a place (as at a frontier) where travellers are stopped for inspection and clearance
8881	cece		
8882	lotion	noun	any of various cosmetic preparations that are applied to the skin
8883	steward	noun	someone who manages property or other affairs for someone else
8884	originate	verb	come into existence; take on form or shape
8885	britney		
8886	portugal	noun	a republic in southwestern Europe on the Iberian Peninsula; Portuguese explorers and colonists in the 15th and 16th centuries created a vast overseas empire (including Brazil)
8887	mutation	noun	(biology) an organism that has characteristics resulting from chromosomal alteration
8888	niggas	noun	(ethnic slur) extremely offensive name for a Black person
8889	giraffe	noun	tallest living quadruped; having a spotted coat and small horns and very long neck and legs; of savannahs of tropical Africa
8890	sulk	noun	a mood or display of sullen aloofness or withdrawal
8891	orion	noun	(Greek mythology) a giant Boeotian hunter who pursued the Pleiades and was eventually slain by Artemis; was then placed in the sky as a constellation
8892	pepe		
8893	kyung		
8894	ownership	noun	the relation of an owner to the thing possessed; possession with the right to transfer possession to others
8895	racial	adj	of or related to genetically distinguished groups of people
8896	firstly	adv	before anything else
8897	kangaroo	noun	any of several herbivorous leaping marsupials of Australia and New Guinea having large powerful hind legs and a long thick tail
8898	suv	noun	a high-performance four-wheel drive car built on a truck chassis
8899	nearer	adv	(comparative of `near' or `close') within a shorter distance
8900	yong		
8901	audible	adj	heard or perceptible by the ear
8902	evaluate	verb	evaluate or estimate the nature, quality, ability, extent, or significance of
8903	bmw		
8904	communion	noun	the act of participating in the celebration of the Eucharist
8905	prolong	verb	lengthen in time; cause to be or last longer
8906	hindu	noun	a native or inhabitant of Hindustan or India
8907	leroy		
8908	freshen	verb	make (to feel) fresh
8909	vigilante	noun	member of a vigilance committee
8910	seeker	noun	someone making a search or inquiry
8911	latch	verb	spring-loaded doorlock that can only be opened from the outside with a key
8912	renaissance	noun	the period of European history at the close of the Middle Ages and the rise of the modern world; a cultural rebirth from the 14th through the middle of the 17th centuries
8913	klein	noun	German mathematician who created the Klein bottle (1849-1925)
8914	module	noun	one of the inherent cognitive or perceptual powers of the mind
8915	mid	adj	used in combination to denote the middle
8916	painkiller	noun	a medicine used to relieve pain
8917	watchman	noun	a guard who keeps watch
8918	vector	noun	a variable quantity that can be resolved into components
8919	terri		
8920	emmy	noun	an annual award by the Academy of Television Arts and Sciences for outstanding achievements in television
8921	chute	noun	rescue equipment consisting of a device that fills with air and retards your fall
8922	laden	adj	filled with a great quantity
8923	ballroom	noun	large room used mainly for dancing
8924	mort		
8925	phenomenal	adj	of or relating to a phenomenon
8926	ae		
8927	nominee	noun	a politician who is running for public office
8928	sweetness	noun	the taste experience when sugar dissolves in the mouth
8929	disrespectful	adj	exhibiting lack of respect; rude and discourteous
8930	consulate	noun	diplomatic building that serves as the residence or workplace of a consul
8931	folly	noun	the trait of acting stupidly or rashly
8932	escalate	verb	increase in extent or intensity
8933	parenting	verb	bring up
8934	hilary		
8935	scalpel	noun	a thin straight surgical knife used in dissection and surgery
8936	winchester	noun	a city in southern England; administrative center of Hampshire
8937	cecilia		
8938	jaime		
8939	seymour	noun	Queen of England as the third wife of Henry VIII and mother of Edward VI (1509-1537)
8940	competent	adj	properly or sufficiently qualified or capable or efficient
8941	bein		
8942	bi	noun	a heavy brittle diamagnetic trivalent metallic element (resembles arsenic and antimony chemically); usually recovered as a by-product from ores of other metals
8943	hamster	noun	short-tailed Old World burrowing rodent with large cheek pouches
8944	entrepreneur	noun	someone who organizes a business venture and assumes the risk for it
8945	norris	noun	United States writer (1870-1902)
8946	kraut	noun	offensive term for a person of German descent
8947	chile	noun	a republic in southern South America on the western slopes of the Andes on the south Pacific coast
8948	twitch	verb	make an uncontrolled, short, jerky motion
8949	jeremiah	noun	(Old Testament) an Israelite prophet who is remembered for his angry lamentations (jeremiads) about the wickedness of his people (circa 626-587 BC)
8950	momentum	noun	an impelling force or strength
8951	captioning	verb	provide with a caption, as of a photograph or a drawing
8952	aide	noun	an officer who acts as military assistant to a more senior officer
8953	desmond		
8954	homey	adj	having a feeling of home; cozy and comfortable
8955	hua	noun	an Islamic fundamentalist group in Pakistan that fought the Soviet Union in Afghanistan in the 1980s; now operates as a terrorist organization primarily in Kashmir and seeks Kashmir's accession by Pakistan
8956	alzheimer		
8957	cm	noun	a metric unit of length equal to one hundredth of a meter
8958	stepmother	noun	the wife of your father by a subsequent marriage
8959	formally	adv	with official authorization
8960	unnatural	adj	not in accordance with or determined by nature; contrary to nature
8961	overthrow	verb	cause the downfall of; of rulers
8962	onstage	adj	situated or taking place on the area of a stage visible to the audience
8963	comfy	adj	providing or experiencing physical well-being or relief (`comfy' is informal)
8964	heath	noun	a low evergreen shrub of the family Ericaceae; has small bell-shaped pink or purple flowers
8965	marrow	noun	the fatty network of connective tissue that fills the cavities of bones
8966	blaine		
8967	marcos		
8968	portable	adj	easily or conveniently transported
8969	popularity	noun	the quality of being widely admired or accepted or sought after
8970	telegraph	noun	apparatus used to communicate at a distance over a wire (usually in Morse code)
8971	hayden		
8972	hesitation	noun	indecision in speech or action
8973	sylvester		
8974	alistair		
8975	grandad	noun	the father of your father or mother
8976	pagan	noun	a person who does not acknowledge your god
8977	ooo		
8978	fuhrer		
8979	unlimited	adj	having no limits in range or scope; - Philip Rahv
8980	vinegar	noun	sour-tasting liquid produced usually by oxidation of the alcohol in wine or cider and used as a condiment or food preservative
8981	remarkably	adv	to a remarkable degree or extent
8982	nineteen	adj	being one more than eighteen
8983	hari		
8984	respectful	adj	full of or exhibiting respect
8985	bien		
8986	om		
8987	dinozzo		
8988	ducky	noun	a special loved one
8989	unfaithful	adj	not true to duty or obligation or promises
8990	delia		
8991	rae		
8992	jojo		
8993	sect	noun	a subdivision of a larger religious group
8994	barker	noun	someone who stands in front of a show (as at a carnival) and gives a loud colorful sales talk to potential customers
8995	financially	adv	from a financial point of view
8996	hedgehog	noun	relatively large rodents with sharp erectile bristles mingled with the fur
8997	clam	noun	burrowing marine mollusk living on sand or mud; the shell closes with viselike firmness
8998	sarcastic	adj	expressing or expressive of ridicule that wounds
8999	nosy	adj	offensively curious or inquisitive
9000	fiend	noun	a cruel wicked and inhuman person
9001	boyle	noun	United States writer (1902-1992)
9002	pasha	noun	a civil or military authority in Turkey or Egypt
9003	horribly	adv	of a dreadful kind
9004	wi	noun	a midwestern state in north central United States
9005	fluffy	adj	like down or as soft as down
9006	controller	noun	someone who maintains and audits business accounts
9007	melancholy	noun	a feeling of thoughtful sadness
9008	anal	adj	of or related to the anus
9009	merger	noun	the combination of two or more commercial companies
9010	interaction	noun	a mutual or reciprocal action; interacting
9011	reclaim	verb	claim back
9012	awe	noun	an overwhelming feeling of wonder or admiration
9013	unprecedented	adj	having no precedent; novel
9014	jamaica	noun	a country on the island of Jamaica; became independent of England in 1962; much poverty; the major industry is tourism
9015	brutally	adv	in a vicious manner
9016	extortion	noun	an exorbitant charge
9017	simultaneously	adv	at the same instant
9018	malibu		
9019	gladiator	noun	(ancient Rome) a professional combatant or a captive who entertained the public by engaging in mortal combat
9020	lupin	noun	any plant of the genus Lupinus; bearing erect spikes of usually purplish-blue flowers
9021	postman	noun	a man who delivers the mail
9022	neville		
9023	senseless	adj	not marked by the use of reason
9024	chapman	noun	United States pioneer who planted apple trees as he traveled (1774-1845)
9025	sittin		
9026	marcia		
9027	melvin		
9028	professionally	adv	in a professional manner
9029	vargas	noun	Brazilian statesman who ruled Brazil as a virtual dictator (1883-1954)
9030	gunpowder	noun	a mixture of potassium nitrate, charcoal, and sulfur in a 75:15:10 ratio which is used in gunnery, time fuses, and fireworks
9031	inc	noun	a heterogeneous collection of groups united in their opposition to Saddam Hussein's government of Iraq; formed in 1992 it is comprised of Sunni and Shiite Arabs and Kurds who hope to build a new government
9032	gala	noun	a gay festivity
9033	surrounding	adj	closely encircling
9034	wisconsin	noun	a tributary of the Mississippi River in Wisconsin
9035	trillion	noun	a very large indefinite number (usually hyperbole)
9036	degenerate	noun	a person whose behavior deviates from what is acceptable especially in sexual behavior
9037	withstand	verb	resist or confront with resistance
9038	harlem	noun	a district of Manhattan; now largely a Black ghetto
9039	marlon		
9040	forfeit	verb	lose (s.th.) or lose the right to (s.th.) by some error, offense, or crime
9041	cassette	noun	a container that holds a magnetic tape used for recording or playing sound or video
9042	wasp	noun	a white person of Anglo-Saxon ancestry who belongs to a Protestant denomination
9043	ridicule	verb	subject to laughter or ridicule
9044	arsenal	noun	all the weapons and equipment that a country has
9045	underway	adj	currently in progress
9046	threesome	noun	the cardinal number that is the sum of one and one and one
9047	twig	noun	a small branch or division of a branch (especially a terminal division); usually applied to branches of the current or preceding year
9048	daryl		
9049	frickin		
9050	hymn	noun	a song of praise (to God or to a saint or to a nation)
9051	siegfrie		
9052	elisabeth		
9053	mystic	adj	having an import not apparent to the senses nor obvious to the intelligence; beyond ordinary understanding
9054	weld	verb	join together by heating
9055	cardboard	noun	a stiff moderately thick paper
9056	everlaste		
9057	liverpool	noun	a large city in northwestern England; its port is the country's major outlet for industrial exports
9058	cooperative	adj	involving the joint activity of two or more
9059	feud	noun	a bitter quarrel between two parties
9060	handler	noun	one who trains or exhibits animals
9061	neural	adj	of or relating to the nervous system
9062	rural	adj	living in or characteristic of farming or country life
9063	disperse	verb	distribute loosely
9064	abbott		
9065	receptionist	noun	a secretary whose main duty is to answer the telephone and receive visitors
9066	puck	noun	a mischievous sprite of English folklore
9067	millennium	noun	a span of 1000 years
9068	sandal	noun	a shoe consisting of a sole fastened by straps to the foot
9069	beverage	noun	any liquid suitable for drinking
9070	immoral	adj	deliberately violating accepted principles of right and wrong
9071	wield	verb	have and exercise
9072	impulsive	adj	proceeding from natural feeling or impulse without external stimulus
9073	parameter	noun	a constant in the equation of a curve that can be varied to yield a family of similar curves
9074	gator	noun	either of two amphibious reptiles related to crocodiles but with shorter broader snouts
9075	variation	noun	an instance of change; the rate or magnitude of change
9076	pollution	noun	undesirable state of the natural environment being contaminated with harmful substances as a consequence of human activities
9077	flutter	noun	the act of moving back and forth
9078	iowa	noun	a member of the Siouan people formerly living in Iowa and Minnesota and Missouri
9079	marlene		
9080	billboard	noun	large outdoor signboard
9081	hindi	noun	the most widely spoken of modern Indic vernaculars; spoken mostly in the north of India; along with English it is the official language of India; usually written in Devanagari script
9082	hostility	noun	a hostile (very unfriendly) disposition
9083	nab	verb	tag the base runner to get him out
9084	spaniard	noun	a native or inhabitant of Spain
9085	journalism	noun	newspapers and magazines collectively
9086	sundown	noun	the time in the evening at which the sun begins to fall below the horizon
9087	pavement	noun	the paved surface of a thoroughfare
9088	navigate	verb	travel on water propelled by wind or by other means
9089	miraculous	adj	being or having the character of a miracle
9090	lotta		
9091	boner	noun	an embarrassing mistake
9092	inhuman	adj	without compunction or human feeling
9093	petal	noun	part of the perianth that is usually brightly colored
9094	massachusetts	noun	a state in New England; one of the original 13 colonies
9095	junction	noun	the place where two or more things come together
9096	consumption	noun	the process of taking food into the body through the mouth (as by eating)
9097	astrid		
9098	metropolis	noun	a large and densely populated urban area; may include several independent administrative districts
9099	iceland	noun	an island republic on the island of Iceland; became independent of Denmark in 1944
9100	hodge		
9101	traveller	noun	a person who changes location
9102	bridal	noun	archaic terms for a wedding or wedding feast
9103	victorious	adj	having won
9104	hanson		
9105	kimble		
9106	offshore	adv	away from shore; away from land
9107	denounce	verb	speak out against
9108	scallop	noun	one of a series of rounded projections (or the notches between them) formed by curves along an edge (as the edge of a leaf or piece of cloth or the margin of a shell or a shriveled red blood cell observed in a hypertonic solution etc.)
9109	viva	noun	an examination conducted by spoken communication
9110	intensive	adj	characterized by a high degree or intensity; often used as a combining form
9111	gustav		
9112	va	noun	a state in the eastern United States; one of the original 13 colonies; one of the Confederate States in the American Civil War
9113	mariana		
9114	ave		
9115	overrule	verb	rule against
9116	brochure	noun	a small book usually having a paper cover
9117	racer	noun	someone who drives racing cars at high speeds
9118	drape	verb	hanging cloth used as a blind (especially for a window)
9119	das	noun	any of several small ungulate mammals of Africa and Asia with rodent-like incisors and feet with hooflike toes
9120	backward	adv	at or to or toward the back or rear
9121	hai		
9122	chamberlain	noun	British statesman who as Prime Minister pursued a policy of appeasement toward fascist Germany (1869-1940)
9123	sari	noun	a dress worn primarily by Hindu women; consists of several yards of light material that is draped around the body
9124	eater	noun	someone who consumes food for nourishment
9125	toto		
9126	geography	noun	study of the earth's surface; includes people's responses to topography and climate and soil and vegetation
9127	stargate		
9128	sicily	noun	the Italian region on the island of Sicily
9129	salsa	noun	spicy sauce of tomatoes and onions and chili peppers to accompany Mexican foods
9130	shre		
9131	duration	noun	the period of time during which something continues
9132	mein		
9133	josephine		
9134	par	noun	(golf) the standard number of strokes set for each hole on a golf course, or for the entire course
9135	smug	adj	marked by excessive complacency or self-satisfaction
9136	ordeal	noun	a severe or trying experience
9137	rhonda		
9138	agriculture	noun	a large-scale farming enterprise
9139	aigoo		
9140	katya		
9141	fowler	noun	English lexicographer who wrote a well-known book on English usage (1858-1933)
9142	abyss	noun	a bottomless gulf or pit; any unfathomable (or apparently unfathomable) cavity or chasm or void extending below (often used figuratively)
9143	bridesmaid	noun	an unmarried woman who attends the bride at a wedding
9144	align	verb	place in a line or arrange so as to be parallel or straight
9145	marrie		
9146	aurora	noun	the first light of day
9147	sleigh	noun	a vehicle mounted on runners and pulled by horses or dogs; for transportation over snow
9148	bestow	verb	present
9149	pretzel	noun	glazed and salted cracker typically in the shape of a loose knot
9150	rouge	noun	makeup consisting of a pink or red powder applied to the cheeks
9151	margo		
9152	terrence		
9153	creativity	noun	the ability to create
9154	dominant	adj	exercising influence or control
9155	isis	noun	Egyptian goddess of fertility; daughter of Geb; sister and wife of Osiris
9156	kip	noun	sleep
9157	corny	adj	dull and tiresome but with pretensions of significance or originality
9158	aubrey		
9159	dangle	verb	hang freely
9160	irrational	adj	not consistent with or using reason
9161	mathematical	adj	of or pertaining to or of the nature of mathematics
9162	pun	noun	a humorous play on words
9163	havoc	noun	violent and needless disturbance
9164	andreas		
9165	celestial	adj	of or relating to the sky
9166	cetera		
9167	nino		
9168	babysit		
9169	omelet	noun	beaten eggs or an egg mixture cooked until just set; may be folded around e.g. ham or cheese or jelly
9170	eruption	noun	the sudden occurrence of a violent discharge of steam and volcanic material
9171	transit	noun	a surveying instrument for measuring horizontal and vertical angles, consisting of a small telescope mounted on a tripod
9172	forecast	verb	a prediction about how something (as the weather) will develop
9173	whiz	verb	make a soft swishing sound
9174	thingy		
9175	vial	noun	a small bottle that contains a drug (especially a sealed sterile container for injection by needle)
9176	chico	noun	United States comedian; one of four brothers who made motion pictures together (1891-1961)
9177	circulate	verb	become widely known and passed on
9178	decisive	adj	determining or having the power to determine an outcome
9179	slander	noun	words falsely spoken that damage the reputation of another
9180	capitalist	adj	of or relating to capitalism or capitalists
9181	similarity	noun	the quality of being similar
9182	cheesy	adj	of very poor quality; flimsy
9183	symbolic	adj	relating to or using or proceeding by means of symbols
9184	aggravate	verb	make worse
9185	roxy		
9186	cranky	adj	(used of boats) inclined to heel over easily under sail
9187	sheridan	noun	Irish playwright remembered for his satirical comedies of manners (1751-1816)
9188	animation	noun	the condition of living or the state of being alive
9189	grail	noun	the object of any prolonged endeavor
9190	voluntarily	adv	out of your own free will
9191	thine		
9192	camouflage	verb	disguise by camouflaging; exploit the natural surroundings to disguise something
9193	ballot	noun	a document listing the alternatives that is used in voting
9194	titus	noun	a Greek disciple and helper of Saint Paul
9195	bu		
9196	chinatown		
9197	slade		
9198	ashtray	noun	a receptacle for the ash from smokers' cigars or cigarettes
9199	sai		
9200	toothpaste	noun	a dentifrice in the form of a paste
9201	langley	noun	unit of solar radiation
9202	platter	noun	a large shallow dish used for serving food
9203	din	noun	a loud harsh or strident noise
9204	overflow	verb	flow or run over (a limit or brim)
9205	bankruptcy	noun	a state of complete lack of some abstract property
9206	shaman	noun	in societies practicing shamanism: one acting as a medium between the visible and spirit worlds; practices sorcery for healing or divination
9207	tran		
9208	embark	verb	go on board
9209	becker		
9210	surfer	noun	someone who engages in surfboarding
9211	sloane		
9212	bentley		
9213	opener	noun	the first event in a series
9214	ninety	adj	the number 90
9215	vivid	adj	evoking lifelike images within the mind
9216	remarry	verb	marry, not for the first time
9217	jenning		
9218	dishonest	adj	deceptive or fraudulent; disposed to cheat or defraud or deceive
9219	pipeline	noun	gossip spread by spoken communication
9220	vineyard	noun	a farm of grapevines where wine grapes are produced
9221	shaky	adj	inclined to shake as from weakness or defect
9222	barren	noun	an uninhabited wilderness that is worthless for cultivation
9223	bookie	noun	a gambler who accepts and pays off bets (especially on horse races)
9224	lorna		
9225	axel		
9226	doggie	noun	informal terms for dogs
9227	sprain	verb	a painful injury to a joint caused by a sudden wrenching of its ligaments
9228	portray	verb	portray in words
9229	dum		
9230	unicorn	noun	an imaginary creature represented as a white horse with a long horn growing from its forehead
9231	goofy	noun	a cartoon character created by Walt Disney
9232	marcy		
9233	arcade	noun	a covered passageway with shops and stalls on either side
9234	noose	noun	a trap for birds or small mammals; often has a slip noose
9235	chic	adj	elegant and stylish
9236	mitzvah	noun	(Judaism) a precept or commandment of the Jewish law
9237	forgiving	verb	stop blaming or grant forgiveness
9238	thatcher	noun	British stateswoman; first woman to serve as Prime Minister (born in 1925)
9239	index	noun	a numerical scale used to compare variables with one another or with some reference number
9240	sorcerer	noun	one who practices magic or sorcery
9241	swoop	verb	move down on as if in an attack
9242	contradict	verb	be in contradiction with
9243	nugget	noun	a solid lump of a precious metal (especially gold) as found in the earth
9244	fertile	adj	capable of reproducing
9245	trajectory	noun	the path followed by an object moving through space
9246	hippy	noun	someone who rejects the established culture; advocates extreme liberalism in politics and lifestyle
9247	incriminate	verb	suggest that someone is guilty
9248	christen	verb	administer baptism to
9249	ledger	noun	a record in which commercial accounts are recorded
9250	drunkard	noun	a chronic drinker
9251	cremate	verb	reduce to ashes
9252	qualification	noun	an attribute that must be met or complied with and that fits a person for something
9253	sedate	adj	characterized by dignity and propriety
9254	werner		
9255	alexandra		
9256	starship	noun	a spacecraft designed to carry a crew into interstellar space (especially in science fiction)
9257	wilt	verb	lose strength
9258	righty		
9259	huff	noun	a state of irritation or annoyance
9260	baroness	noun	a noblewoman who holds the rank of baron or who is the wife or widow of a baron
9261	castro	noun	Cuban socialist leader who overthrew a dictator in 1959 and established a Marxist socialist state in Cuba (born in 1927)
9262	projector	noun	an optical device for projecting a beam of light
9263	felon	noun	someone who has committed a crime or has been legally convicted of a crime
9264	memorable	adj	worth remembering
9265	thea	noun	(Greek mythology) the Titaness who was mother of Helios and Selene and Eos in ancient mythology
9266	cuisine	noun	the practice or manner of preparing food or the food so prepared
9267	ruben		
9268	cox	noun	either of two related enzymes that control the production of prostaglandins and are blocked by aspirin
9269	crossroad	noun	a junction where one street or road crosses another
9270	illuminate	verb	make lighter or brighter
9271	array	noun	an orderly arrangement
9272	tenderness	noun	a tendency to express warm and affectionate feeling
9273	gauge	verb	judge tentatively or form an estimate of (quantities or time)
9274	vary	verb	become different in some particular way, without permanently losing one's or its former characteristics or essence
9275	nicola		
9276	raju		
9277	hawke		
9278	royce		
9279	beforehand	adj	being ahead of time or need
9280	continuous	adj	continuing in time or space without interruption; - James Jeans
9281	yoko		
9282	cecil		
9283	mri	noun	the use of nuclear magnetic resonance of protons to produce proton density images
9284	forgave	verb	stop blaming or grant forgiveness
9285	kimmy		
9286	dyke	noun	(slang) offensive term for a lesbian who is noticeably masculine
9287	attendance	noun	the act of being present (at a meeting or event etc.)
9288	peril	noun	a source of danger; a possibility of incurring loss or misfortune
9289	adviser	noun	an expert who gives advice
9290	casa		
9291	franchise	noun	an authorization to sell a company's goods or services in a particular place
9292	signor	noun	used as an Italian courtesy title; can be prefixed to the name or used separately
9293	faye		
9294	shun	verb	avoid and stay away from deliberately; stay clear of
9295	graffiti	noun	a rude decoration inscribed on rocks or walls
9296	patriotic	adj	inspired by love for your country
9297	ethical	adj	of or relating to the philosophical study of ethics
9298	vin		
9299	minnie		
9300	spectrum	noun	an ordered array of the components of an emission or wave
9301	audit	noun	an inspection of the accounting procedures and records by a trained accountant or CPA
9302	fig	noun	a diagram or picture illustrating textual material
9303	mandarin	noun	shrub or small tree having flattened globose fruit with very sweet aromatic pulp and thin yellow-orange to flame-orange rind that is loose and easily removed; native to southeastern Asia
9304	reluctant	adj	unwillingness to do something contrary to your custom
9305	scarecrow	noun	an effigy in the shape of a man to frighten birds away from seeds
9306	saudi	noun	a native or inhabitant of Saudi Arabia
9307	rand	noun	the basic unit of money in South Africa; equal to 100 cents
9308	pitt	noun	a British playwright who created the fictional character Sweeney Todd (1799-1855)
9309	preference	noun	a strong liking
9310	brawl	noun	an uproarious party
9311	justine		
9312	minnesota	noun	a midwestern state
9313	dismantle	verb	tear down so as to make flat with the ground
9314	mp	noun	a member of the military police who polices soldiers and guards prisoners
9315	screwdriver	noun	a hand tool for driving screws; has a tip that fits into the head of a screw
9316	exploration	noun	to travel for the purpose of discovery
9317	mace	noun	(trademark) a liquid that temporarily disables a person; prepared as an aerosol and sprayed in the face, it irritates the eyes and causes dizziness and immobilization
9318	disagreement	noun	a conflict of people's opinions or actions or characters
9319	slime	verb	cover or stain with slime
9320	oddly	adv	in a manner differing from the usual or expected
9321	oversee	verb	watch and direct
9322	blister	verb	a flaw on a surface resulting when an applied substance does not adhere (as an air bubble in a coat of paint)
9323	luigi		
9324	attaboy		
9325	interpreter	noun	someone who mediates between speakers of different languages
9326	mortar	noun	a muzzle-loading high-angle gun with a short barrel that fires shells at high elevations for a short range
9327	raisin	noun	dried grape
9328	panama	noun	a republic on the Isthmus of Panama; achieved independence from Colombia in 1903
9329	rembrandt	noun	influential Dutch artist (1606-1669)
9330	revise	verb	make revisions in
9331	grub	noun	informal terms for a meal
9332	catalina		
9333	lingerie	noun	women's underwear and nightclothes
9334	gon		
9335	lucien		
9336	loony	noun	someone deranged and possibly dangerous
9337	rocker	noun	an attendant who rocks a child in a cradle
9338	fanatic	noun	a person motivated by irrational enthusiasm (as for a cause); --Winston Churchill
9339	bertie		
9340	uptown	noun	a residential part of town away from the central commercial district
9341	aerial	noun	a pass to a receiver downfield from the passer
9342	mound	noun	(baseball) the slight elevation on which the pitcher stands
9343	hansen		
9344	relentless	adj	not to be placated or appeased or moved by entreaty
9345	viable	adj	capable of being done with means at hand and circumstances as they are
9346	raul		
9347	wen	noun	a common cyst of the skin; filled with fatty matter (sebum) that is secreted by a sebaceous gland that has been blocked
9348	keg	noun	the quantity contained in a keg
9349	marley	noun	Jamaican singer who popularized reggae (1945-1981)
9350	jacqueline		
9351	forrest		
9352	shaun		
9353	continental	adj	of or pertaining to or typical of Europe
9354	balanced	adj	being in a state of proper equilibrium
9355	workplace	noun	a place where work is done
9356	theta	noun	the 8th letter of the Greek alphabet
9357	ramsey		
9358	reproduce	verb	make a copy or equivalent of
9359	dixie	noun	the southern states that seceded from the United States in 1861
9360	dumbass	noun	a stupid person; these words are used to express a low opinion of someone's intelligence
9361	superstitious	adj	showing ignorance of the laws of nature and faith in magic or chance
9362	baton	noun	a thin tapered rod used by a conductor to lead an orchestra or choir
9363	persecute	verb	cause to suffer
9364	fudge	noun	soft creamy candy
9365	bennet	noun	avens of Virginia having pale or greenish yellow flowers
9366	assignments	noun	a duty that you are assigned to perform (especially in the armed forces)
9367	councilman	noun	a man who is a council member
9368	trinity	noun	the cardinal number that is the sum of one and one and one
9369	quadrant	noun	a quarter of the circumference of a circle
9370	meditate	verb	reflect deeply on a subject
9371	pave	noun	a setting with precious stones so closely set that no metal shows
9372	ivory	noun	a hard smooth ivory colored dentine that makes up most of the tusks of elephants and walruses
9373	velocity	noun	distance travelled per unit time
9374	mccarthy	noun	United States satirical novelist and literary critic (1912-1989)
9375	covert	noun	a flock of coots
9376	insignificant	adj	not worthy of notice
9377	dire	adj	fraught with extreme danger; nearly hopeless; ; - G.C.Marshall
9378	disability	noun	the condition of being unable to perform as a consequence of physical or mental unfitness
9379	credential	noun	a document attesting to the truth of certain stated facts
9380	digit	noun	one of the elements that collectively form a system of numeration
9381	providence	noun	the capital and largest city of Rhode Island; located in northeastern Rhode Island on Narragansett Bay; site of Brown University
9382	derrick	noun	a framework erected over an oil well to allow drill tubes to be raised and lowered
9383	plaintiff	noun	a person who brings an action in a court of law
9384	brow	noun	the part of the face above the eyes
9385	reap	verb	gather, as of natural products
9386	flooding	noun	a technique used in behavior therapy; client is flooded with experiences of a particular kind until becoming either averse to them or numbed to them
9387	shaolin		
9388	ladyship	noun	a title used to address any peeress except a duchess
9389	allegedly	adv	according to what has been alleged
9390	showtime	noun	the time at which something is supposed to begin
9391	ornament	noun	something used to beautify
9392	thornton	noun	American architect (1759-1828)
9393	aspire	verb	have an ambitious plan or a lofty goal
9394	bess		
9395	cyber		
9396	skateboard	noun	a board with wheels that is ridden in a standing or crouching position and propelled by foot
9397	hetty		
9398	overdue	adj	past due; not paid at the scheduled time
9399	headphone	noun	electro-acoustic transducer for converting electric signals into sounds; it is held over or inserted into the ear
9400	rotation	noun	the act of rotating as if on an axis
9401	solely	adv	without any others being included or involved
9402	tasha		
9403	setback	noun	an unfortunate happening that hinders or impedes; something that is thwarting or frustrating
9404	sonar	noun	a measuring instrument that sends out an acoustic pulse in water and measures distances in terms of the time for the echo of the pulse to return
9405	forum	noun	a public meeting or assembly for open discussion
9406	stride	noun	a step in walking or running
9407	lullaby	noun	a quiet song intended to lull a child to sleep
9408	crichton	noun	Scottish man of letters and adventurer (1560-1582)
9409	eu	noun	a bivalent and trivalent metallic element of the rare earth group
9410	nightfall	noun	the time of day immediately following sunset
9411	utility	noun	a company that performs a public service; subject to government regulation
9412	relocate	verb	become established in a new location
9413	kristin		
9414	bai	noun	the Tibeto-Burman language spoken in the Dali region of Yunnan
9415	pic	noun	a form of entertainment that enacts a story by sound and a sequence of images giving the illusion of continuous movement
9416	mutiny	noun	open rebellion against constituted authority (especially by seamen or soldiers against their officers)
9417	jumbo	adj	of great mass; huge and bulky
9418	mystical	adj	relating to or characteristic of mysticism
9419	blacksmith	noun	a smith who forges and shapes iron with a hammer and anvil
9420	depict	verb	show in, or as in, a picture
9421	dung	noun	fecal matter of animals
9422	welsh	noun	a native or resident of Wales
9423	frat	noun	a social club for male undergraduates
9424	yike		
9425	windshield	noun	transparent screen (as of glass) to protect occupants of a vehicle
9426	prairie	noun	a treeless grassy plain
9427	anarchist	noun	an advocate of anarchism
9428	akira		
9429	checker	noun	an attendant who checks coats or baggage
9430	havana	noun	the capital and largest city of Cuba; located in western Cuba; one of the oldest cities in the Americas
9431	anya		
9432	superficial	adj	concerned with or comprehending only what is apparent or obvious; not deep or penetrating emotionally or intellectually
9433	ascend	verb	travel up,
9434	dirk	noun	a relatively long dagger with a straight blade
9435	supervision	noun	management by overseeing the performance or operation of a person or group
9436	tack	verb	a short nail or pin with a flat head, used to fasten something in place; to fasten with these
9437	siberia	noun	a vast Asian region of Russia; famous for long cold winters
9438	intensity	noun	the amount of energy transmitted (as by acoustic or electromagnetic radiation)
9439	francois		
9440	johan		
9441	dialect	noun	the usage or vocabulary that is characteristic of a specific group of people
9442	snag	verb	catch on a snag
9443	trustworthy	adj	worthy of trust or belief
9444	jarvis		
9445	victorian	adj	of or relating to Queen Victoria of Great Britain or to the age in which she ruled
9446	blueberry	noun	any of numerous shrubs of the genus Vaccinium bearing blueberries
9447	adio		
9448	wench	noun	informal terms for a (young) woman
9449	lovin		
9450	unexpectedly	adv	in a way that was not expected
9451	russo		
9452	bundy		
9453	howie		
9454	jaguar	noun	a large spotted feline of tropical America similar to the leopard; in some classifications considered a member of the genus Felis
9455	jp		
9456	unreal	adj	lacking in reality or substance or genuineness; not corresponding to acknowledged facts or criteria
9457	ziggy		
9458	recon		
9459	gallant	noun	a man who is much concerned with his dress and appearance
9460	acquit	verb	pronounce not guilty of criminal charges
9461	pornography	noun	creative activity (writing or pictures or films etc.) of no literary or artistic value other than to stimulate sexual desire
9462	publication	noun	a copy of a printed work offered for distribution
9463	auspicious	adj	auguring favorable circumstances and good luck
9464	catalogue	noun	a complete list of things; usually arranged systematically
9465	seafood	noun	edible fish (broadly including freshwater fish) or shellfish or roe etc
9466	prompt	verb	give an incentive for action
9467	hawaiian	noun	the Oceanic languages spoken on Hawaii
9468	adultery	noun	extramarital sex that willfully and maliciously interferes with marriage relations
9469	bygone	noun	past events to be put aside
9470	yearbook	noun	a book published annually by the graduating class of a high school or college usually containing photographs of faculty and graduating students
9471	graft	noun	(surgery) tissue or organ transplanted from a donor to a recipient; in some cases the patient can be both donor and recipient
9472	clog	verb	become or cause to become obstructed
9473	iceberg	noun	a large mass of ice floating at sea; usually broken off of a polar glacier
9474	zhao		
9475	rung	noun	a crosspiece between the legs of a chair
9476	walnut	noun	nut of any of various walnut trees having a wrinkled two-lobed seed with a hard shell
9477	kayla		
9478	hungary	noun	a republic in central Europe
9479	porridge	noun	soft food made by boiling oatmeal or other meal or legumes in water or milk until thick
9480	gavel	noun	a small mallet used by a presiding officer or a judge
9481	prem		
9482	migraine	noun	a severe recurring vascular headache; occurs more frequently in women than men
9483	eliot	noun	British poet (born in the United States) who won the Nobel prize for literature; his plays are outstanding examples of modern verse drama (1888-1965)
9484	sensitivity	noun	(physiology) responsiveness to external stimuli; the faculty of sensation
9485	fitzgerald	noun	English poet remembered primarily for his free translation of the poetry of Omar Khayyam (1809-1883)
9486	tamara		
9487	removal	noun	the act of removing
9488	morocco	noun	a kingdom (constitutional monarchy) in northwestern Africa with a largely Muslim population; achieved independence from France in 1956
9489	saddam	noun	Iraqi leader who waged war against Iran; his invasion of Kuwait led to the Gulf War (born in 1937)
9490	radha		
9491	erection	noun	an erect penis
9492	outdoor	adj	located, suited for, or taking place in the open air
9493	raquel		
9494	dew	noun	water that has condensed on a cool surface overnight from water vapor in the air
9495	e	noun	a fat-soluble vitamin that is essential for normal reproduction; an important antioxidant that neutralizes free radicals in the body
9496	mt	noun	a radioactive transuranic element
9497	contraction	noun	(physiology) a shortening or tensing of a part or organ (especially of a muscle or muscle fiber)
9498	gland	noun	any of various organs that synthesize substances needed by the body and release it through ducts or directly into the bloodstream
9499	tanaka		
9500	statute	noun	an act passed by a legislative body
9501	navigation	noun	the guidance of ships or airplanes from place to place
9502	hallow	verb	render holy by means of religious rites
9503	führer		
9504	everett		
9505	anthem	noun	a song of devotion or loyalty (as to a nation or school)
9506	aa	noun	a dry form of lava resembling clinkers
9507	kylie	noun	an Australian boomerang; one side flat and the other convex
9508	fertility	noun	the ratio of live births in an area to the population of that area; expressed per 1000 population per year
9509	amazingly	adv	in an amazing manner; to everyone's surprise
9510	planner	noun	a person who makes plans
9511	hinge	noun	a joint that holds two parts together so that one can swing relative to the other
9512	horrific	adj	grossly offensive to decency or morality; causing horror
9513	ultrasound	noun	very high frequency sound; used in ultrasonography
9514	sincerity	noun	an earnest and sincere feeling
9515	complicate	verb	make more complicated
9516	hamburg	noun	a port city in northern Germany on the Elbe River that was founded by Charlemagne in the 9th century and is today the largest port in Germany; in 1241 it formed an alliance with Lubeck that became the basis for the Hanseatic League
9517	casper	noun	a city of east central Wyoming on the North Platte river
9518	dumpling	noun	small balls or strips of boiled or steamed dough
9519	aryan	noun	(according to Nazi doctrine) a Caucasian person of Nordic descent (and not a Jew)
9520	brood	noun	the young of an animal cared for at one time
9521	kiddin		
9522	bethany		
9523	lobe	noun	(anatomy) a somewhat rounded subdivision of a bodily organ or part
9524	beginner	noun	someone new to a field or activity
9525	refreshment	noun	snacks and drinks served as a light meal
9526	craze	noun	an interest followed with exaggerated zeal
9527	janine		
9528	scorch	verb	make very hot and dry
9529	hikaru		
9530	sdh		
9531	gallow		
9532	budge	verb	move very slightly
9533	afar	adv	(old-fashioned) at or from or to a great distance; far
9534	assurance	noun	freedom from doubt; belief in yourself and your abilities
9535	guerrilla	noun	a member of an irregular armed force that fights a stronger force by sabotage and harassment
9536	hiroshi		
9537	leela		
9538	landlady	noun	a landlord who is a woman
9539	engrave	verb	carve, cut, or etch into a material or surface
9540	loathe	verb	find repugnant
9541	riker		
9542	dusk	noun	the time of day immediately following sunset
9543	luisa		
9544	tulip	noun	any of numerous perennial bulbous herbs having linear or broadly lanceolate leaves and usually a single showy flower
9545	hilton		
9546	hawkeye		
9547	premium	noun	payment for insurance
9548	saliva	noun	a clear liquid secreted into the mouth by the salivary glands and mucous glands of the mouth; moistens the mouth and starts the digestion of starches
9549	tram	noun	a conveyance that transports passengers or freight in carriers suspended from cables and supported by a series of towers
9550	cheetah	noun	long-legged spotted cat of Africa and southwestern Asia having nonretractile claws; the swiftest mammal; can be trained to run down game
9551	afghan	noun	a blanket knitted or crocheted in strips or squares; sometimes used as a shawl
9552	reconcile	verb	make (one thing) compatible with (another)
9553	maura		
9554	cyanide	noun	any of a class of organic compounds containing the cyano radical -CN
9555	eligible	adj	qualified for or allowed or worthy of being chosen
9556	robbin		
9557	cid	noun	the United States Army's principal law enforcement agency responsible for the conduct of criminal investigations for all levels of the Army anywhere in the world
9558	ballard		
9559	ryo		
9560	transparent	adj	transmitting light; able to be seen through with clarity
9561	innovation	noun	a creation (a new device or process) resulting from study and experimentation
9562	unclear	adj	poorly stated or described
9563	aria	noun	an elaborate song for solo voice
9564	hwa		
9565	gringo	noun	a Latin American (disparaging) term for foreigners (especially Americans and Englishmen)
9566	solidarity	noun	a union of interests or purposes or sympathies among members of a group
9567	corinne		
9568	vulcan	noun	(Roman mythology) god of fire and metal working; counterpart of Greek Hephaestus
9569	bradford	noun	United States printer (born in England) whose press produced the first American prayer book and the New York City's first newspaper (1663-1752)
9570	godzilla		
9571	seemingly	adv	from appearances alone; ; ; -Thomas Hardy
9572	cle		
9573	healer	noun	a person skilled in a particular type of therapy
9574	snob	noun	a person regarded as arrogant and annoying
9575	wad	verb	compress into a wad
9576	pebble	noun	a small smooth rounded rock
9577	vanquish	verb	come out better in a competition, race, or conflict
9578	knit	verb	make (textiles) by knitting
9579	missouri	noun	a midwestern state in central United States; a border state during the American Civil War, Missouri was admitted to the Confederacy without actually seceding from the Union
9580	constance	noun	a lake in southeastern Germany on the northern side of the Swiss Alps; forms part of the Rhine River
9581	clover	noun	a plant of the genus Trifolium
9582	dignify	verb	confer dignity or honor upon
9583	fret	verb	worry unnecessarily or excessively
9584	shareholder	noun	someone who holds shares of stock in a corporation
9585	batting	noun	(baseball) the batter's attempt to get on base
9586	chanel		
9587	crusader	noun	a disputant who advocates reform
9588	famine	noun	an acute insufficiency
9589	smoker	noun	a person who smokes tobacco
9590	staple	noun	(usually plural) a necessary commodity for which demand is constant
9591	shite	noun	obscene terms for feces
9592	walkin		
9593	syringe	noun	a medical instrument used to inject or withdraw fluids
9594	platinum	noun	a heavy precious metallic element; grey-white and resistant to corroding; occurs in some nickel and copper ores and is also found native in some deposits
9595	preferably	adv	more readily or willingly
9596	electromagnetic	adj	pertaining to or exhibiting magnetism produced by electric charge in motion
9597	misplace	verb	place (something) where one cannot find it again
9598	compress	verb	make more compact by or as if by pressing
9599	lasagna	noun	baked dish of layers of lasagna pasta with sauce and cheese and meat or vegetables
9600	barnaby		
9601	catastrophic	adj	extremely harmful; bringing physical or financial ruin
9602	counsellor	noun	someone who has supervisory duties at a summer camp
9603	bailiff	noun	an officer of the court who is employed to execute writs and processes and make arrests etc.
9604	hurl	verb	throw forcefully
9605	woah		
9606	serge	noun	a twilled woolen fabric
9607	ulcer	noun	a circumscribed inflammatory and often suppurating lesion on the skin or an internal mucous surface resulting in necrosis of tissue
9608	partisan	noun	a fervent and even militant proponent of something
9609	socially	adv	by or with respect to society
9610	orchard	noun	garden consisting of a small cultivated wood without undergrowth
9611	archbishop	noun	a bishop of highest rank
9612	climax	noun	the highest point of anything conceived of as growing or developing or unfolding
9613	progressive	adj	favoring or promoting progress
9614	fearful	adj	causing fear or dread or terror
9615	griffith	noun	United States film maker who was the first to use flashbacks and fade-outs (1875-1948)
9616	slurp	verb	eat noisily
9617	clifford		
9618	stoop	verb	bend one's back forward from the waist on down
9619	orson		
9620	nashville	noun	capital of the state of Tennessee; located in the north central part of the state on the Cumberland River; known for country music
9621	signora	noun	an Italian title of address equivalent to Mrs. when used before a name
9622	troublesome	adj	difficult to deal with
9623	rubble	noun	the remains of something that has been destroyed or broken up
9624	largely	adv	in large part; mainly or chiefly
9625	concubine	noun	a woman who cohabits with an important man
9626	fong		
9627	irina		
9628	ahn		
9629	admiration	noun	a feeling of delighted approval and liking
9630	stretcher	noun	a wooden framework on which canvas is stretched and fixed for oil painting
9631	lizzy		
9632	brutality	noun	the trait of extreme cruelty
9633	tattooed	verb	stain (skin) with indelible color
9634	iranian	noun	a native or inhabitant of Iran
9635	nada	noun	a quantity of no importance
9636	frig		
9637	cum	noun	the thick white fluid containing spermatozoa that is ejaculated by the male genital tract
9638	cupid	noun	(Roman mythology) god of love; counterpart of Greek Eros
9639	hana		
9640	colonial	adj	of or relating to or characteristic of or inhabiting a colony
9641	frau	noun	a German courtesy title or form of address for an adult woman
9642	gra		
9643	athena	noun	(Greek mythology) goddess of wisdom and useful arts and prudent warfare; guardian of Athens; identified with Roman Minerva
9644	plaque	noun	(pathology) a small abnormal patch on or inside the body
9645	extraction	noun	the process of obtaining something from a mixture or compound by chemical or physical or mechanical means
9646	participant	noun	someone who takes part in an activity
9647	diarrhea	noun	frequent and watery bowel movements; can be a symptom of infection or food poisoning or colitis or a gastrointestinal tumor
9648	goggle	verb	look with amazement; look stupidly
9649	colombia	noun	a republic in northwestern South America with a coastline on the Pacific Ocean and the Caribbean Sea; achieved independence from Spain in 1821 under the leadership of Simon Bolivar; Spanish is the official language
9650	incense	noun	a substance that produces a fragrant odor when burned
9651	integrate	verb	make into a whole or make part of a whole
9652	fitness	noun	the quality of being suitable
9653	fringe	noun	the outside boundary or surface of something
9654	headlight	noun	a powerful light with reflector; attached to the front of an automobile or locomotive
9655	troublemaker	noun	someone who deliberately stirs up trouble
9656	concession	noun	a contract granting the right to operate a subsidiary business
9657	kensi		
9658	pinpoint	verb	locate exactly
9659	devlin		
9660	exclusively	adv	without any others being included or involved
9661	misty	adj	filled or abounding with fog or mist
9662	aura	noun	a sensation (as of a cold breeze or bright light) that precedes the onset of certain disorders such as a migraine attack or epileptic seizure
9663	relive	verb	experience again, often in the imagination
9664	backfire	noun	the backward escape of gases and unburned gunpowder after a gun is fired
9665	helm	noun	steering mechanism for a vessel; a mechanical device by which a vessel is steered
9666	crockett	noun	United States frontiersman and Tennessee politician who died at the siege of the Alamo (1786-1836)
9667	restriction	noun	a principle that limits the extent of something
9668	shilling	noun	the basic unit of money in Uganda; equal to 100 cents
9669	kari		
9670	revoir		
9671	witty	adj	combining clever conception and facetious expression
9672	evade	verb	avoid or try to avoid fulfilling, answering, or performing (duties, questions, or issues)
9673	ripple	noun	a small wave on the surface of a liquid
9674	wonderfully	adv	(used as an intensifier) extremely well
9675	shogun	noun	a hereditary military dictator of Japan; the shoguns ruled Japan until the revolution of 1867-68
9676	encouragement	noun	the expression of approval and support
9677	goddamne		
9678	truffle	noun	any of various highly prized edible subterranean fungi of the genus Tuber; grow naturally in southwestern Europe
9679	accumulate	verb	get or gather together
9680	abbot	noun	the superior of an abbey of monks
9681	oppress	verb	come down on or keep down by unjust use of one's authority
9682	stewie		
9683	basin	noun	a bowl-shaped vessel; usually used for holding food or liquids
9684	kg	noun	one thousand grams; the basic unit of mass adopted under the Systeme International d'Unites
9685	molecular	adj	relating to or produced by or consisting of molecules
9686	obnoxious	adj	causing disapproval or protest
9687	hologram	noun	the intermediate photograph (or photographic record) that contains information for reproducing a three-dimensional image by holography
9688	vacate	verb	leave (a job, post, or position) voluntarily
9689	canvass	verb	get the opinions (of people) by asking specific questions
9690	wraith	noun	a mental representation of some haunting experience
9691	sarcasm	noun	witty language used to convey insults or scorn; ; ; --Jonathan Swift
9692	tung	noun	Chinese tree bearing seeds that yield tung oil
9693	assailant	noun	someone who attacks
9694	renowne		
9695	tofu	noun	cheeselike food made of curdled soybean milk
9696	wildly	adv	to an extreme or greatly exaggerated degree
9697	blondie		
9698	pulp	noun	any soft or soggy mass
9699	exaggerated	adj	represented as greater than is true or reasonable
9700	embed	verb	fix or set securely or deeply
9701	chateau	noun	an impressive country house (or castle) in France
9702	harlan		
9703	antony	noun	Roman general under Julius Caesar in the Gallic wars; repudiated his wife for the Egyptian queen Cleopatra; they were defeated by Octavian at Actium (83-30 BC)
9704	conner		
9705	installation	noun	the act of installing something (as equipment)
9706	guido		
9707	alfie		
9708	lennox		
9709	bearer	noun	someone whose employment involves carrying something
9710	unstoppable	adj	not capable of being stopped
9711	veal	noun	meat from a calf
9712	fe	noun	a heavy ductile magnetic metallic element; is silver-white in pure form but readily rusts; used in construction and tools and armament; plays a role in the transport of oxygen by the blood
9713	herald	noun	(formal) a person who announces important news
9714	cling	verb	come or be in close contact with; stick or hold together and resist separation
9715	juggle	noun	the act of rearranging things to give a misleading impression
9716	reaper	noun	someone who helps to gather the harvest
9717	biblical	adj	of or pertaining to or contained in or in accordance with the Bible
9718	aya		
9719	gaby		
9720	caterpillar	noun	a wormlike and often brightly colored and hairy or spiny larva of a butterfly or moth
9721	amaze	verb	affect with wonder
9722	flunk	noun	failure to reach a minimum required performance
9723	speedy	adj	characterized by speed; moving with or capable of moving with high speed
9724	enrique		
9725	hoax	noun	something intended to deceive; deliberate trickery intended to gain an advantage
9726	intersection	noun	a point where lines intersect
9727	presently	adv	in the near future
9728	vegan	noun	a strict vegetarian; someone who eats no animal or dairy products at all
9729	outdoors	adv	outside a building
9730	distinctive	adj	of a feature that helps to distinguish a person or thing; - Curtis Wilkie
9731	upcoming	adj	of the relatively near future
9732	brighton	noun	a city in East Sussex in southern England that is a popular resort; site of the University of Sussex
9733	lark	noun	North American songbirds having a yellow breast
9734	granger	noun	a person who operates a farm
9735	oracle	noun	an authoritative person who divines the future
9736	terrorize	verb	coerce by violence or with threats
9737	skid	verb	slide without control
9738	guild	noun	a formal association of people with similar interests
9739	convertible	noun	a car that has top that can be folded or removed
9740	seaman	noun	a man who serves as a sailor
9741	gunner	noun	a serviceman in the artillery
9742	pager	noun	an electronic device that generates a series of beeps when the person carrying it is being paged
9743	weston	noun	United States photographer(1886-1958)
9744	gateway	noun	an entrance that can be closed by a gate
9745	rugby	noun	a form of football played with an oval ball
9746	jt		
9747	trainee	noun	someone who is being trained
9748	meteorite	noun	stony or metallic object that is the remains of a meteoroid that has reached the earth's surface
9749	baldwin	noun	United States author who was an outspoken critic of racism (1924-1987)
9750	obscene	adj	designed to incite to indecency or lust; -Margaret Mead
9751	toil	verb	work hard
9752	eta	noun	a terrorist organization organized in 1959 by student activists who were dissatisfied with the moderate nationalism of the traditional Basque party; want to create an independent homeland in Spain's western Pyrenees
9753	disneyland	noun	an amusement park in Anaheim created in 1955 by Walt Disney
9754	earthly	adj	of or belonging to or characteristic of this earth as distinguished from heaven
9755	modesty	noun	freedom from vanity or conceit
9756	vinci		
9757	moran		
9758	raider	noun	someone who takes spoils or plunder (as in war)
9759	conjure	verb	summon into action or bring into existence, often as if by magic
9760	suffice	verb	be sufficient; be adequate, either in quality or quantity
9761	gravitational	adj	of or relating to or caused by gravitation
9762	crowley		
9763	slumber	verb	be asleep
9764	sodium	noun	a silvery soft waxy metallic element of the alkali metal group; occurs abundantly in natural compounds (especially in salt water); burns with a yellow flame and reacts violently in water; occurs in sea water and in the mineral halite (rock salt)
9765	bulldog	noun	a sturdy thickset short-haired breed with a large head and strong undershot lower jaw; developed originally in England for bull baiting
9766	quota	noun	a prescribed number
9767	hubert		
9768	credible	adj	capable of being believed
9769	eyesight	noun	normal use of the faculty of vision
9770	redo	verb	make new
9771	lollipop	noun	ice cream or water ice on a small wooden stick
9772	capitalism	noun	an economic system based on private ownership of capital
9773	xi	noun	the cardinal number that is the sum of ten and one
9774	char	noun	a charred substance
9775	hodgin		
9776	enzo		
9777	chaotic	adj	lacking a visible order or organization
9778	pussycat	noun	a person who is regarded as easygoing and agreeable
9779	geezer	noun	a man who is (usually) old and/or eccentric
9780	ti	noun	a light strong grey lustrous corrosion-resistant metallic element used in strong lightweight alloys (as for airplane parts); the main sources are rutile and ilmenite
9781	macy		
9782	tat	verb	make lacework by knotting or looping
9783	spat	noun	a quarrel about petty points
9784	neanderthal	adj	ill-mannered and coarse and contemptible in behavior or appearance
9785	bulletproof	verb	make bulletproof
9786	firewood	noun	wood used for fuel
9787	overly	adv	to a degree exceeding normal or proper limits
9788	retail	noun	the selling of goods to consumers; usually in small quantities and not for resale
9789	novak		
9790	grover		
9791	arturo		
9792	feminist	noun	a supporter of feminism
9793	drinker	noun	a person who drinks liquids
9794	snuff	noun	the charred portion of a candlewick
9795	daydream	verb	have a daydream; indulge in a fantasy
9796	felicia	noun	genus of tropical African herbs or subshrubs with usually blue flowers
9797	girlie		
9798	livestock	noun	any animals kept for use or profit
9799	horoscope	noun	a prediction of someone's future based on the relative positions of the planets
9800	wiener	noun	United States mathematician and founder of cybernetics (1894-1964)
9801	picky	adj	exacting especially about details
9802	linus		
9803	inhabit	verb	inhabit or live in; be an inhabitant of
9804	sweeter	adj	having or denoting the characteristic taste of sugar
9805	proudly	adv	with pride; in a proud manner
9806	leigh	noun	English film actress (1913-1967)
9807	genetically	adv	by genetic mechanisms
9808	cara		
9809	ledge	noun	a projecting ridge on a mountain or submerged under water
9810	qe		
9811	tyranny	noun	a form of government in which the ruler is an absolute dictator (not restricted by a constitution or laws or opposition etc.)
9812	charleston	noun	state capital of West Virginia in the central part of the state on the Kanawha river
9813	cartridge	noun	ammunition consisting of a cylindrical casing containing an explosive charge and a bullet; fired from a rifle or handgun
9814	tabloid	noun	sensationalist journalism
9815	rosy	adj	reflecting optimism
9816	sabine	noun	a river in eastern Texas that flows south into the Gulf of Mexico
9817	gore	verb	wound by piercing with a sharp or penetrating object or instrument
9818	saunder		
9819	hast		
9820	dubois		
9821	finland	noun	republic in northern Europe; achieved independence from Russia in 1917
9822	loretta		
9823	unsolved	adj	not solved
9824	ramirez		
9825	suzie		
9826	angelica	noun	any of various tall and stout herbs of the genus Angelica having pinnately compound leaves and small white or greenish flowers in compound umbels
9827	cesare		
9828	throttle	noun	a valve that regulates the supply of fuel to the engine
9829	hun	noun	a member of a nomadic people who invaded Europe in the 4th century
9830	belch	noun	a reflex that expels gas noisily from the stomach through the mouth
9831	icu	noun	a hospital unit staffed and equipped to provide intensive care
9832	suzy		
9833	pong	noun	an unpleasant smell
9834	rethink	verb	thinking again about a choice previously made
9835	molest	verb	harass or assault sexually; make indecent advances to
9836	alphabet	noun	a character set that includes letters and is used to write a language
9837	accordingly	adv	(sentence connectors) because of the reason given
9838	maternity	noun	the state of being pregnant; the period from conception to birth when a woman carries a developing fetus in her uterus
9839	scarce	adv	only a very short time before; ; ; ; ; - W.B.Yeats
9840	internship	noun	the position of a medical intern
9841	morty		
9842	unwell	adj	somewhat ill or prone to illness
9843	nellie		
9844	temporal	adj	relating to time; lasting only for a time, not eternal
9845	mohamme		
9846	medallion	noun	any of various large ancient Greek coins
9847	catcher	noun	(baseball) the person who plays the position of catcher
9848	democrats	noun	a member of the Democratic Party
9849	pfft		
9850	spree	noun	a brief indulgence of your impulses
9851	ami		
9852	interviewer	noun	a person who conducts an interview
9853	respectfully	adv	in a respectful manner
9854	futile	adj	producing no result or effect
9855	stuffy	adj	lacking fresh air
9856	pester	verb	annoy persistently
9857	wai		
9858	neptune	noun	(Roman mythology) god of the sea; counterpart of Greek Poseidon
9859	genital	adj	of or relating to the external sex organs
9860	disadvantage	noun	the quality of having an inferior or less favorable position
9861	tingle	verb	cause a stinging or tingling sensation
9862	herring	noun	valuable flesh of fatty fish from shallow waters of northern Atlantic or Pacific; usually salted or pickled
9863	yak	noun	noisy talk
9864	revere	verb	love unquestioningly and uncritically or to excess; venerate as an idol
9865	tesla	noun	a unit of magnetic flux density equal to one weber per square meter
9866	wallpaper	noun	a decorative paper for the walls of rooms
9867	thorne		
9868	jiang		
9869	gobble	verb	eat hastily without proper chewing
9870	output	noun	final product; the things produced
9871	booster	noun	a person who backs a politician or a team etc.
9872	coworker		
9873	furnish	verb	give something useful or necessary to
9874	goliath	noun	(Old Testament) a giant Philistine warrior who was slain by David with a slingshot
9875	joyful	adj	full of or producing joy
9876	giorgio		
9877	tuxedo	noun	semiformal evening dress for men
9878	milligram	noun	one thousandth (1/1,000) gram
9879	decipher	verb	convert code into ordinary language
9880	atrocity	noun	the quality of being shockingly cruel and inhumane
9881	rightly	adv	with honesty
9882	vito		
9883	yate		
9884	stale	adj	lacking freshness, palatability, or showing deterioration from age
9885	teamwork	noun	cooperative work done by a team (especially when it is effective)
9886	fundraiser	noun	someone who solicits financial contributions
9887	carton	noun	the quantity contained in a carton
9888	obedient	adj	dutifully complying with the commands or instructions of those in authority; ; ; ; - Edmund Burke
9889	neutralize	verb	make politically neutral and thus inoffensive
9890	dioxide	noun	an oxide containing two atoms of oxygen in the molecule
9891	bullock	noun	young bull
9892	spawn	noun	the mass of eggs deposited by fish or amphibians or molluscs
9893	bc	adv	before the Christian era; used following dates before the supposed year Christ was born
9894	mari	noun	a member of a rural Finnish people living in eastern Russia
9895	satisfactory	adj	giving satisfaction
9896	espresso	noun	strong black coffee brewed by forcing hot water under pressure through finely ground coffee beans
9897	bach	noun	German baroque organist and contrapuntist; composed mostly keyboard music; one of the greatest creators of western music (1685-1750)
9898	bog	noun	wet spongy ground of decomposing vegetation; has poorer drainage than a swamp; soil is unfit for cultivation but can be cut and dried and used for fuel
9899	anjali		
9900	dominique	noun	American breed of chicken having barred grey plumage raised for meat and brown eggs
9901	backseat	noun	a secondary or inferior position or status
9902	faction	noun	a clique (often secret) that seeks power usually through intrigue
9903	pamphlet	noun	a small book usually having a paper cover
9904	chrissy		
9905	commodity	noun	articles of commerce
9906	deserter	noun	a disloyal person who betrays or deserts his cause or religion or political party or friend etc.
9907	sorority	noun	a social club for female undergraduates
9908	bono		
9909	princeton	noun	a university town in central New Jersey
9910	inconvenient	adj	not suited to your comfort, purpose or needs
9911	prosper	verb	make steady progress; be at the high point in one's career or reach a high point in historical significance or importance
9912	retainer	noun	a fee charged in advance to retain the services of someone
9913	reconstruction	noun	the period after the American Civil War when the southern states were reorganized and reintegrated into the Union; 1865-1877
9914	confidentiality	noun	the state of being secret
9915	diva	noun	a distinguished female operatic singer; a female operatic star
9916	enlightenment	noun	education that results in understanding and the spread of knowledge
9917	comfortably	adv	in mental comfort; without stress
9918	python	noun	large Old World boas
9919	vlad		
9920	misha		
9921	ukraine	noun	a republic in southeastern Europe; formerly a European soviet; the center of the original Russian state which came into existence in the ninth century
9922	swam	verb	travel through water
9923	reservoir	noun	a large or extra supply of something
9924	annette		
9925	demonic	adj	extremely evil or cruel; expressive of cruelty or befitting hell
9926	sora		
9927	demise	noun	the time when something ends
9928	donatello	noun	Florentine sculptor famous for his lifelike sculptures (1386-1466)
9929	gallop	verb	ride at a galloping pace
9930	fungus	noun	an organism of the kingdom Fungi lacking chlorophyll and feeding on organic matter; ranging from unicellular or multicellular organisms to spore-bearing syncytia
9931	barefoot	adj	without shoes
9932	tacos	noun	(ethnic slur) offensive term for a person of Mexican descent
9933	civic	adj	of or relating or belonging to a city
9934	fanfare	noun	a gaudy outward display
9935	maryland	noun	a Mid-Atlantic state; one of the original 13 colonies
9936	felipe		
9937	picard		
9938	mascot	noun	a person or animal that is adopted by a team or other group as a symbolic figure
9939	lemoni		
9940	drastic	adj	forceful and extreme and rigorous
9941	inscription	noun	letters inscribed (especially words engraved or carved) on something
9942	collaborate	verb	work together on a common enterprise of project
9943	stile	noun	an upright that is a member in a door or window frame
9944	indict	verb	accuse formally of a crime
9945	taxpayer	noun	someone who pays taxes
9946	suitor	noun	a man who courts a woman
9947	stallion	noun	uncastrated adult male horse
9948	ogre	noun	a cruel wicked and inhuman person
9949	tortoise	noun	usually herbivorous land turtles having clawed elephant-like limbs; worldwide in arid area except Australia and Antarctica
9950	shackle	noun	a restraint that confines or restricts freedom (especially something used to tie down or restrain a prisoner)
9951	superpower	noun	a state powerful enough to influence events throughout the world
9952	foremost	adj	ranking above all others
9953	stig		
9954	rearrange	verb	put into a new order or arrangement
9955	utah	noun	a state in the western United States; settled in 1847 by Mormons led by Brigham Young
9956	minimal	adj	the least possible
9957	andrei		
9958	greenhouse	noun	a building with glass walls and roof; for the cultivation and exhibition of plants under controlled conditions
9959	marx	noun	United States comedian; one of four brothers who made motion pictures together (1901-1979)
9960	vermont	noun	a state in New England
9961	comprehend	verb	get the meaning of something
9962	partially	adv	in part; in some degree; not wholly
9963	kinky	adj	(used of sexual behavior) showing or appealing to bizarre or deviant tastes
9964	microscope	noun	magnifier of the image of small objects
9965	braid	noun	a hairdo formed by braiding or twisting the hair
9966	ren		
9967	babu	noun	used as a Hindi courtesy title; equivalent to English `Mr'
9968	vaguely	adv	in a vague way
9969	geese	noun	web-footed long-necked typically gregarious migratory aquatic birds usually larger and less aquatic than ducks
9970	karin		
9971	jing		
9972	gramp		
9973	florrick		
9974	knitting	noun	needlework created by interlacing yarn in a series of connected loops using straight eyeless needles or by machine
9975	retch	verb	eject the contents of the stomach through the mouth
9976	ctu		
9977	tolling	verb	ring slowly
9978	correspondence	noun	communication by the exchange of letters
9979	fashionable	adj	being or in accordance with current social fashions
9980	impersonate	verb	assume or act the character of
9981	siobhan		
9982	matron	noun	a married woman (usually middle-aged with children) who is staid and dignified
9983	lonnie		
9984	lockhart		
9985	tally	noun	a score in baseball made by a runner touching all four bases safely
9986	outcast	noun	a person who is rejected (from society or home)
9987	dune	noun	a ridge of sand created by the wind; found in deserts or near lakes and oceans
9988	verbal	adj	communicated in the form of words
9989	mc	noun	one million periods per second
9990	buggy	noun	a small lightweight carriage; drawn by a single horse
9991	indie	noun	a pop group not affiliated with a major record company
9992	rye	noun	the seed of the cereal grass
9993	presidency	noun	the tenure of a president
9994	roberta		
9995	precedent	noun	an example that is used to justify similar occurrences at a later time
9996	robotic	adj	of or relating to mechanical robots
9997	uni		
9998	hallo		
9999	monique		
10000	pooh		
