word	sentence	translation	difficulty_rank	gloss
dari	Dari ɗaya, dari biyu, dari uku, dari huɗu, dari biyar, dari shida, dari bakwai, dari takwas, dari tara, dubu ɗaya.	One hundred, two hundred, three hundred, four hundred, five hundred, six hundred, seven hundred, eight hundred, nine hundred, one thousand.	682	hundred · one · hundred · two · hundred · three · hundred · four · hundred · five · hundred · six · hundred · seven · hundred · eight · hundred · nine · thousand · one
uku	Dari ɗaya, dari biyu, dari uku, dari huɗu, dari biyar, dari shida, dari bakwai, dari takwas, dari tara, dubu ɗaya.	One hundred, two hundred, three hundred, four hundred, five hundred, six hundred, seven hundred, eight hundred, nine hundred, one thousand.	682	hundred · one · hundred · two · hundred · three · hundred · four · hundred · five · hundred · six · hundred · seven · hundred · eight · hundred · nine · thousand · one
dubu	Dari ɗaya, dari biyu, dari uku, dari huɗu, dari biyar, dari shida, dari bakwai, dari takwas, dari tara, dubu ɗaya.	One hundred, two hundred, three hundred, four hundred, five hundred, six hundred, seven hundred, eight hundred, nine hundred, one thousand.	682	hundred · one · hundred · two · hundred · three · hundred · four · hundred · five · hundred · six · hundred · seven · hundred · eight · hundred · nine · thousand · one
biyu	Dari ɗaya, dari biyu, dari uku, dari huɗu, dari biyar, dari shida, dari bakwai, dari takwas, dari tara, dubu ɗaya.	One hundred, two hundred, three hundred, four hundred, five hundred, six hundred, seven hundred, eight hundred, nine hundred, one thousand.	682	hundred · one · hundred · two · hundred · three · hundred · four · hundred · five · hundred · six · hundred · seven · hundred · eight · hundred · nine · thousand · one
ɗaya	Dari ɗaya, dari biyu, dari uku, dari huɗu, dari biyar, dari shida, dari bakwai, dari takwas, dari tara, dubu ɗaya.	One hundred, two hundred, three hundred, four hundred, five hundred, six hundred, seven hundred, eight hundred, nine hundred, one thousand.	682	hundred · one · hundred · two · hundred · three · hundred · four · hundred · five · hundred · six · hundred · seven · hundred · eight · hundred · nine · thousand · one
bakwai	Dari ɗaya, dari biyu, dari uku, dari huɗu, dari biyar, dari shida, dari bakwai, dari takwas, dari tara, dubu ɗaya.	One hundred, two hundred, three hundred, four hundred, five hundred, six hundred, seven hundred, eight hundred, nine hundred, one thousand.	682	hundred · one · hundred · two · hundred · three · hundred · four · hundred · five · hundred · six · hundred · seven · hundred · eight · hundred · nine · thousand · one
takwas	Dari ɗaya, dari biyu, dari uku, dari huɗu, dari biyar, dari shida, dari bakwai, dari takwas, dari tara, dubu ɗaya.	One hundred, two hundred, three hundred, four hundred, five hundred, six hundred, seven hundred, eight hundred, nine hundred, one thousand.	682	hundred · one · hundred · two · hundred · three · hundred · four · hundred · five · hundred · six · hundred · seven · hundred · eight · hundred · nine · thousand · one
tara	Dari ɗaya, dari biyu, dari uku, dari huɗu, dari biyar, dari shida, dari bakwai, dari takwas, dari tara, dubu ɗaya.	One hundred, two hundred, three hundred, four hundred, five hundred, six hundred, seven hundred, eight hundred, nine hundred, one thousand.	682	hundred · one · hundred · two · hundred · three · hundred · four · hundred · five · hundred · six · hundred · seven · hundred · eight · hundred · nine · thousand · one
biyar	Dari ɗaya, dari biyu, dari uku, dari huɗu, dari biyar, dari shida, dari bakwai, dari takwas, dari tara, dubu ɗaya.	One hundred, two hundred, three hundred, four hundred, five hundred, six hundred, seven hundred, eight hundred, nine hundred, one thousand.	682	hundred · one · hundred · two · hundred · three · hundred · four · hundred · five · hundred · six · hundred · seven · hundred · eight · hundred · nine · thousand · one
shida	Dari ɗaya, dari biyu, dari uku, dari huɗu, dari biyar, dari shida, dari bakwai, dari takwas, dari tara, dubu ɗaya.	One hundred, two hundred, three hundred, four hundred, five hundred, six hundred, seven hundred, eight hundred, nine hundred, one thousand.	682	hundred · one · hundred · two · hundred · three · hundred · four · hundred · five · hundred · six · hundred · seven · hundred · eight · hundred · nine · thousand · one
huɗu	Dari ɗaya, dari biyu, dari uku, dari huɗu, dari biyar, dari shida, dari bakwai, dari takwas, dari tara, dubu ɗaya.	One hundred, two hundred, three hundred, four hundred, five hundred, six hundred, seven hundred, eight hundred, nine hundred, one thousand.	682	hundred · one · hundred · two · hundred · three · hundred · four · hundred · five · hundred · six · hundred · seven · hundred · eight · hundred · nine · thousand · one
mu	Kada mu daina mai da hankali.	Let's not lose focus.	1152	PROH · 1PL.SBJV · cease · return · PRT · sense
kada	Kada mu daina mai da hankali.	Let's not lose focus.	1152	PROH · 1PL.SBJV · cease · return · PRT · sense
hankali	Kada mu daina mai da hankali.	Let's not lose focus.	1152	PROH · 1PL.SBJV · cease · return · PRT · sense
mai	Kada mu daina mai da hankali.	Let's not lose focus.	1152	PROH · 1PL.SBJV · cease · return · PRT · sense
daina	Kada mu daina mai da hankali.	Let's not lose focus.	1152	PROH · 1PL.SBJV · cease · return · PRT · sense
ya	Ya saye shi dala biyar.	He bought it for five dollars.	1153	3SG.M.PFV · buy · 3SG.M · dollar · five
shi	Ya saye shi dala biyar.	He bought it for five dollars.	1153	3SG.M.PFV · buy · 3SG.M · dollar · five
dala	Ya saye shi dala biyar.	He bought it for five dollars.	1153	3SG.M.PFV · buy · 3SG.M · dollar · five
biyar	Ya saye shi dala biyar.	He bought it for five dollars.	1153	3SG.M.PFV · buy · 3SG.M · dollar · five
saye	Ya saye shi dala biyar.	He bought it for five dollars.	1153	3SG.M.PFV · buy · 3SG.M · dollar · five
zafi	Da Kyau! Kofi yana da zafi.	Great! The coffee is hot.	1155	with · goodness · coffee · 3SG.M.PROG · with · heat
yana	Da Kyau! Kofi yana da zafi.	Great! The coffee is hot.	1155	with · goodness · coffee · 3SG.M.PROG · with · heat
kofi	Da Kyau! Kofi yana da zafi.	Great! The coffee is hot.	1155	with · goodness · coffee · 3SG.M.PROG · with · heat
kyau	Da Kyau! Kofi yana da zafi.	Great! The coffee is hot.	1155	with · goodness · coffee · 3SG.M.PROG · with · heat
kullum	Yana magana da ni kullum.	He talked to me every day.	1155	3SG.M.PROG · speech · with · 1SG · always
ni	Yana magana da ni kullum.	He talked to me every day.	1155	3SG.M.PROG · speech · with · 1SG · always
magana	Yana magana da ni kullum.	He talked to me every day.	1155	3SG.M.PROG · speech · with · 1SG · always
tambaya	Yana da kyau ka tambaya.	It was nice of you to ask.	1155	3SG.M.PROG · with · goodness · 2SG.M.SBJV · ask
kyau	Yana da kyau ka tambaya.	It was nice of you to ask.	1155	3SG.M.PROG · with · goodness · 2SG.M.SBJV · ask
dama	Har yanzu kowa yana da dama.	Everyone still has a chance.	1155	until · now · everyone · 3SG.M.PROG · with · opportunity
yanzu	Har yanzu kowa yana da dama.	Everyone still has a chance.	1155	until · now · everyone · 3SG.M.PROG · with · opportunity
kowa	Har yanzu kowa yana da dama.	Everyone still has a chance.	1155	until · now · everyone · 3SG.M.PROG · with · opportunity
har	Har yanzu kowa yana da dama.	Everyone still has a chance.	1155	until · now · everyone · 3SG.M.PROG · with · opportunity
bayan	Lahadi na zuwa bayan Asabar.	Sunday comes after Saturday.	1156	Sunday · PROG · come · after · Saturday
zuwa	Lahadi na zuwa bayan Asabar.	Sunday comes after Saturday.	1156	Sunday · PROG · come · after · Saturday
asabar	Lahadi na zuwa bayan Asabar.	Sunday comes after Saturday.	1156	Sunday · PROG · come · after · Saturday
na	Lahadi na zuwa bayan Asabar.	Sunday comes after Saturday.	1156	Sunday · PROG · come · after · Saturday
lahadi	Lahadi na zuwa bayan Asabar.	Sunday comes after Saturday.	1156	Sunday · PROG · come · after · Saturday
kusa	Na zauna kusa da shi.	I sat next to him.	1156	1SG.PFV · sit · near · with · 3SG.M
zauna	Na zauna kusa da shi.	I sat next to him.	1156	1SG.PFV · sit · near · with · 3SG.M
kada	Kada ka sa magana a baki na.	Don't twist my words around.	1156	PROH · 2SG.M.SBJV · put · speech · at · mouth · 1SG.POSS.M
sa	Kada ka sa magana a baki na.	Don't twist my words around.	1156	PROH · 2SG.M.SBJV · put · speech · at · mouth · 1SG.POSS.M
magana	Kada ka sa magana a baki na.	Don't twist my words around.	1156	PROH · 2SG.M.SBJV · put · speech · at · mouth · 1SG.POSS.M
baki	Kada ka sa magana a baki na.	Don't twist my words around.	1156	PROH · 2SG.M.SBJV · put · speech · at · mouth · 1SG.POSS.M
a	Kada ka sa magana a baki na.	Don't twist my words around.	1156	PROH · 2SG.M.SBJV · put · speech · at · mouth · 1SG.POSS.M
ladabi	Yana da ladabi na kowa.	It's common courtesy.	1156	3SG.M.PROG · with · courtesy · POSS.M · everyone
riga	Na riga na faɗa mata.	I already told her.	1156	1SG.PFV · precede · 1SG.PFV · tell · DAT.3SG.F
mata	Na riga na faɗa mata.	I already told her.	1156	1SG.PFV · precede · 1SG.PFV · tell · DAT.3SG.F
faɗa	Na riga na faɗa mata.	I already told her.	1156	1SG.PFV · precede · 1SG.PFV · tell · DAT.3SG.F
kai	Kai, ya sha giya biyar na giya!	Wow, he drank five bottles of wine!	1156	hey · 3SG.M.PFV · drink · beer · five · POSS.M · beer
biyar	Kai, ya sha giya biyar na giya!	Wow, he drank five bottles of wine!	1156	hey · 3SG.M.PFV · drink · beer · five · POSS.M · beer
sha	Kai, ya sha giya biyar na giya!	Wow, he drank five bottles of wine!	1156	hey · 3SG.M.PFV · drink · beer · five · POSS.M · beer
giya	Kai, ya sha giya biyar na giya!	Wow, he drank five bottles of wine!	1156	hey · 3SG.M.PFV · drink · beer · five · POSS.M · beer
wasa	Bana wasa da aiki na.	I don't take my job lightly.	1156	NEG.1SG.PROG · play · with · work · 1SG.POSS.M
bana	Bana wasa da aiki na.	I don't take my job lightly.	1156	NEG.1SG.PROG · play · with · work · 1SG.POSS.M
riga	Na riga na sha kofi.	I've already had coffee.	1156	1SG.PFV · already · 1SG.PFV · drink · coffee.
kofi	Na riga na sha kofi.	I've already had coffee.	1156	1SG.PFV · already · 1SG.PFV · drink · coffee.
talaka	Ita talaka ce, amma mai gaskiya.	She was poor, but she was honest.	1157	3SG.F · poor.person · COP.F, · but · having · truth.
ce	Ita talaka ce, amma mai gaskiya.	She was poor, but she was honest.	1157	3SG.F · poor.person · COP.F, · but · having · truth.
amma	Ita talaka ce, amma mai gaskiya.	She was poor, but she was honest.	1157	3SG.F · poor.person · COP.F, · but · having · truth.
gaskiya	Ita talaka ce, amma mai gaskiya.	She was poor, but she was honest.	1157	3SG.F · poor.person · COP.F, · but · having · truth.
ita	Ita talaka ce, amma mai gaskiya.	She was poor, but she was honest.	1157	3SG.F · poor.person · COP.F, · but · having · truth.
ce	Ita uwa ce mai hikima.	She's a very wise mother.	1157	3SG.F · mother · COP.F · having · wisdom.
hikima	Ita uwa ce mai hikima.	She's a very wise mother.	1157	3SG.F · mother · COP.F · having · wisdom.
ita	Ita uwa ce mai hikima.	She's a very wise mother.	1157	3SG.F · mother · COP.F · having · wisdom.
uwa	Ita uwa ce mai hikima.	She's a very wise mother.	1157	3SG.F · mother · COP.F · having · wisdom.
budurwa	Har yanzu ita budurwa ce.	She was still a virgin.	1157	until · now · 3SG.F · young.woman · COP.F.
har	Har yanzu ita budurwa ce.	She was still a virgin.	1157	until · now · 3SG.F · young.woman · COP.F.
rana	Wannan rana ce mai kyau.	What a day.	1157	this · day · COP.F · having · goodness.
awa	Ya ce yana da sha'awa.	He said that he was interested.	1157	3SG.M.PFV · say · 3SG.M.PROG · with · interest.
uku	Tauraro na uku na wani sarki ne.	The third star belonged to a certain king.	1158	star · POSS.M · three · POSS.M · certain · king · COP.M.
ne	Tauraro na uku na wani sarki ne.	The third star belonged to a certain king.	1158	star · POSS.M · three · POSS.M · certain · king · COP.M.
tauraro	Tauraro na uku na wani sarki ne.	The third star belonged to a certain king.	1158	star · POSS.M · three · POSS.M · certain · king · COP.M.
wani	Tauraro na uku na wani sarki ne.	The third star belonged to a certain king.	1158	star · POSS.M · three · POSS.M · certain · king · COP.M.
sarki	Tauraro na uku na wani sarki ne.	The third star belonged to a certain king.	1158	star · POSS.M · three · POSS.M · certain · king · COP.M.
kuɗi	Da ni mai kuɗi ne.	I was a rich man.	1158	formerly · 1SG · having · money · COP.M.
ne	Da ni mai kuɗi ne.	I was a rich man.	1158	formerly · 1SG · having · money · COP.M.
labari	Wannan labari ne mai kyau.	That's a nice story.	1158	this · story · COP.M · having · goodness.
zama	Tana zama ne a Amurka.	She lives in the United States.	1158	3SG.F.PROG · dwelling · FOC · at · America.
amurka	Tana zama ne a Amurka.	She lives in the United States.	1158	3SG.F.PROG · dwelling · FOC · at · America.
tana	Tana zama ne a Amurka.	She lives in the United States.	1158	3SG.F.PROG · dwelling · FOC · at · America.
a	Tana zama ne a Amurka.	She lives in the United States.	1158	3SG.F.PROG · dwelling · FOC · at · America.
zo	Kai! Daga ina ya zo?	Whoa! Where did that come from?	1160	hey · from · where · 3SG.M.REL.PFV · come
daga	Kai! Daga ina ya zo?	Whoa! Where did that come from?	1160	hey · from · where · 3SG.M.REL.PFV · come
yaro	A ina ne yaro na?	Where's my son?	1160	at · where · COP.M · boy · GEN.M.1SG
mu	Daga ina mu ka zo?	Where did we come from?	1160	from · where · 1PL · REL.PFV · come
zo	Daga ina mu ka zo?	Where did we come from?	1160	from · where · 1PL · REL.PFV · come
daga	Daga ina mu ka zo?	Where did we come from?	1160	from · where · 1PL · REL.PFV · come
dutse	Ina da dutse a takalmi.	I have a stone in my shoe.	1160	1SG.PROG · with · stone · at · shoe
takalmi	Ina da dutse a takalmi.	I have a stone in my shoe.	1160	1SG.PROG · with · stone · at · shoe
zuwa	Ina aiki daga Litinin har zuwa Asabar.	I work from Monday through Saturday.	1160	1SG.PROG · work · from · Monday · until · coming · Saturday
litinin	Ina aiki daga Litinin har zuwa Asabar.	I work from Monday through Saturday.	1160	1SG.PROG · work · from · Monday · until · coming · Saturday
har	Ina aiki daga Litinin har zuwa Asabar.	I work from Monday through Saturday.	1160	1SG.PROG · work · from · Monday · until · coming · Saturday
kullum	Ina zuwa kullum banda Asabar da Lahadi.	I come every day except Saturday and Sunday.	1160	1SG.PROG · coming · always · except · Saturday · and · Sunday
banda	Ina zuwa kullum banda Asabar da Lahadi.	I come every day except Saturday and Sunday.	1160	1SG.PROG · coming · always · except · Saturday · and · Sunday
lahadi	Ina zuwa kullum banda Asabar da Lahadi.	I come every day except Saturday and Sunday.	1160	1SG.PROG · coming · always · except · Saturday · and · Sunday
ta	Rana ta bakwai a mako ita ce Asabar.	The seventh day of the week is Saturday.	1161	day · GEN.F · seven · at · week · 3SG.F · COP.F · Saturday
bakwai	Rana ta bakwai a mako ita ce Asabar.	The seventh day of the week is Saturday.	1161	day · GEN.F · seven · at · week · 3SG.F · COP.F · Saturday
mako	Rana ta bakwai a mako ita ce Asabar.	The seventh day of the week is Saturday.	1161	day · GEN.F · seven · at · week · 3SG.F · COP.F · Saturday
ta	Da wuya idan ta ci wani abu.	She hardly ate anything.	1161	with · difficulty · if · 3SG.F.PFV · eat · INDF.M · thing
idan	Da wuya idan ta ci wani abu.	She hardly ate anything.	1161	with · difficulty · if · 3SG.F.PFV · eat · INDF.M · thing
wuya	Da wuya idan ta ci wani abu.	She hardly ate anything.	1161	with · difficulty · if · 3SG.F.PFV · eat · INDF.M · thing
ci	Da wuya idan ta ci wani abu.	She hardly ate anything.	1161	with · difficulty · if · 3SG.F.PFV · eat · INDF.M · thing
abu	Da wuya idan ta ci wani abu.	She hardly ate anything.	1161	with · difficulty · if · 3SG.F.PFV · eat · INDF.M · thing
zauna	Ta zauna kusa da mu.	She lived next door to us.	1161	3SG.F.PFV · live · near · with · 1PL
nisa	Afirka ta Kudu tana da nisa.	South Africa is far away.	1161	Africa · GEN.F · south · 3SG.F.PROG · with · distance
kudu	Afirka ta Kudu tana da nisa.	South Africa is far away.	1161	Africa · GEN.F · south · 3SG.F.PROG · with · distance
afirka	Afirka ta Kudu tana da nisa.	South Africa is far away.	1161	Africa · GEN.F · south · 3SG.F.PROG · with · distance
farko	Ta sani tun daga farko.	She knew it from the start.	1161	3SG.F.PFV · know · since · from · beginning
tun	Ta sani tun daga farko.	She knew it from the start.	1161	3SG.F.PFV · know · since · from · beginning
sani	Ta sani tun daga farko.	She knew it from the start.	1161	3SG.F.PFV · know · since · from · beginning
domin	Ta ce tana da aiki domin ni.	She said that she had a job for me.	1161	3SG.F.PFV · say · 3SG.F.PROG · with · work · for · 1SG
ba	Littafi ba sabo ba ne.	The book isn't new.	1162	book · NEG · new.M · NEG · COP.M
sabo	Littafi ba sabo ba ne.	The book isn't new.	1162	book · NEG · new.M · NEG · COP.M
littafi	Littafi ba sabo ba ne.	The book isn't new.	1162	book · NEG · new.M · NEG · COP.M
magani	Ba a ba shi magani ba.	He was refused medical treatment.	1162	NEG · IMPRS · give · 3SG.M · medicine · NEG
ba	Ba a ba shi magani ba.	He was refused medical treatment.	1162	NEG · IMPRS · give · 3SG.M · medicine · NEG
shayi	Ba sukari a shayi na.	There's no sugar in my tea.	1162	NEG · sugar · at · tea · GEN.M.1SG
sukari	Ba sukari a shayi na.	There's no sugar in my tea.	1162	NEG · sugar · at · tea · GEN.M.1SG
sani	Har yanzu ba mu sani ba.	We still don't know.	1162	until · now · NEG · 1PL · know · NEG
kuɗi	Ba ni da kuɗi da yawa.	I don't have much ready money.	1162	NEG · 1SG · with · money · with · abundance
yawa	Ba ni da kuɗi da yawa.	I don't have much ready money.	1162	NEG · 1SG · with · money · with · abundance
wata	Ba ni da wata baiwa ta musamman.	I have no particular talent.	1162	NEG · 1SG · with · INDF.F · talent · GEN.F · special
musamman	Ba ni da wata baiwa ta musamman.	I have no particular talent.	1162	NEG · 1SG · with · INDF.F · talent · GEN.F · special
baiwa	Ba ni da wata baiwa ta musamman.	I have no particular talent.	1162	NEG · 1SG · with · INDF.F · talent · GEN.F · special
makaranta	Ba ni da lafiya a makaranta.	I'm sick of school.	1162	NEG · 1SG · with · health · at · school
amma	Jiki mai mutuwa ne, amma kurwa ba ta mutuwa.	The body is mortal, but the soul is immortal.	1162	body · having · death · COP.M · but · soul · NEG · 3SG.F · death
mutuwa	Jiki mai mutuwa ne, amma kurwa ba ta mutuwa.	The body is mortal, but the soul is immortal.	1162	body · having · death · COP.M · but · soul · NEG · 3SG.F · death
kurwa	Jiki mai mutuwa ne, amma kurwa ba ta mutuwa.	The body is mortal, but the soul is immortal.	1162	body · having · death · COP.M · but · soul · NEG · 3SG.F · death
jiki	Jiki mai mutuwa ne, amma kurwa ba ta mutuwa.	The body is mortal, but the soul is immortal.	1162	body · having · death · COP.M · but · soul · NEG · 3SG.F · death
farko	Ba wannan ne na farko ba.	It would not be the first time.	1162	NEG · this · COP.M · POSS.M · beginning · NEG
likita	Ni ba likita ba ne.	I'm not a doctor.	1162	1SG · NEG · doctor · NEG · COP.M
yi	Ka yi ƙasa da shi.	You lower it then.	1163	2SG.M.SBJV · do · down · with · 3SG.M
ƙasa	Ka yi ƙasa da shi.	You lower it then.	1163	2SG.M.SBJV · do · down · with · 3SG.M
yi	Ba'a yi ba a baya.	It hasn't been done before.	1163	NEG.IMPRS.PFV · do · NEG · at · back
baya	Ba'a yi ba a baya.	It hasn't been done before.	1163	NEG.IMPRS.PFV · do · NEG · at · back
shekara	Kowa ya yi shekara mai kyau.	Everyone had a good year.	1163	everyone · 3SG.M.PFV · do · year · having · goodness
dama	Na yi wannan da dama.	I've done that quite a bit.	1163	1SG.PFV · do · this · with · plenty
nan	Kai na babba a nan?	Are you the boss?	1164	2SG.M · PROG · big · at · here
babba	Kai na babba a nan?	Are you the boss?	1164	2SG.M · PROG · big · at · here
gida	Gida na yana kusa da nan.	My flat is near here.	1164	house · 1SG.POSS.M · 3SG.M.PROG · near · with · here
kanta	Ta zo nan da kanta.	She came here by herself.	1164	3SG.F.PFV · come · here · with · head.3SG.F.POSS
za	Za ta haihu nan kusa.	She will give birth soon.	1165	FUT · 3SG.F · give.birth · here · near
haihu	Za ta haihu nan kusa.	She will give birth soon.	1165	FUT · 3SG.F · give.birth · here · near
wata	Da suna da wata matsala, za mu ji labari.	If there had been a problem, we'd have heard about it.	1165	COND · 3PL.PROG · with · INDF.F · problem · FUT · 1PL · hear · news
suna	Da suna da wata matsala, za mu ji labari.	If there had been a problem, we'd have heard about it.	1165	COND · 3PL.PROG · with · INDF.F · problem · FUT · 1PL · hear · news
za	Da suna da wata matsala, za mu ji labari.	If there had been a problem, we'd have heard about it.	1165	COND · 3PL.PROG · with · INDF.F · problem · FUT · 1PL · hear · news
labari	Da suna da wata matsala, za mu ji labari.	If there had been a problem, we'd have heard about it.	1165	COND · 3PL.PROG · with · INDF.F · problem · FUT · 1PL · hear · news
koma	Lokaci ya yi da za mu koma.	It was time to go back.	1165	time · 3SG.M.PFV · do · REL · FUT · 1PL · return
nasara	Ta ce da alama ba za ta yi nasara ba.	She said she wasn't likely to win.	1165	3SG.F.PFV · say · with · sign · NEG · FUT · 3SG.F · do · victory · NEG
alama	Ta ce da alama ba za ta yi nasara ba.	She said she wasn't likely to win.	1165	3SG.F.PFV · say · with · sign · NEG · FUT · 3SG.F · do · victory · NEG
coci	Ta ce za ta coci.	She said that she'd go to church.	1165	3SG.F.PFV · say · FUT · 3SG.F · church
mama	Baba da Mama sun shiga damuwa.	Mummy and Daddy are very nervous.	1166	dad · and · mum · 3PL.PFV · enter · worry
damuwa	Baba da Mama sun shiga damuwa.	Mummy and Daddy are very nervous.	1166	dad · and · mum · 3PL.PFV · enter · worry
baba	Baba da Mama sun shiga damuwa.	Mummy and Daddy are very nervous.	1166	dad · and · mum · 3PL.PFV · enter · worry
shiga	Baba da Mama sun shiga damuwa.	Mummy and Daddy are very nervous.	1166	dad · and · mum · 3PL.PFV · enter · worry
sun	Baba da Mama sun shiga damuwa.	Mummy and Daddy are very nervous.	1166	dad · and · mum · 3PL.PFV · enter · worry
ƙanana	Sun yi aure tun suna ƙanana.	They got married when they were still young.	1166	3PL.PFV · do · marriage · since · 3PL.PROG · small.PL
tun	Sun yi aure tun suna ƙanana.	They got married when they were still young.	1166	3PL.PFV · do · marriage · since · 3PL.PROG · small.PL
aure	Sun yi aure tun suna ƙanana.	They got married when they were still young.	1166	3PL.PFV · do · marriage · since · 3PL.PROG · small.PL
sun	Sun yi aure tun suna ƙanana.	They got married when they were still young.	1166	3PL.PFV · do · marriage · since · 3PL.PROG · small.PL
ƴan	Sun gana da ƴan jarida.	They granted the journalist an interview.	1166	3PL.PFV · meet · with · children.GEN · newspaper
jarida	Sun gana da ƴan jarida.	They granted the journalist an interview.	1166	3PL.PFV · meet · with · children.GEN · newspaper
gana	Sun gana da ƴan jarida.	They granted the journalist an interview.	1166	3PL.PFV · meet · with · children.GEN · newspaper
wahala	Sun sha wahala a nan.	They clearly suffered here.	1166	3PL.PFV · drink · trouble · at · here
faransanci	Sun ce ba su karanta Faransanci ba.	They said that they didn't study French.	1166	3PL.PFV · say · NEG · 3PL · read · French · NEG
karanta	Sun ce ba su karanta Faransanci ba.	They said that they didn't study French.	1166	3PL.PFV · say · NEG · 3PL · read · French · NEG
su	Sun ce ba su karanta Faransanci ba.	They said that they didn't study French.	1166	3PL.PFV · say · NEG · 3PL · read · French · NEG
kuɗi	Sun ce ba su da kuɗi.	They said they didn't have any money.	1166	3PL.PFV · say · NEG · 3PL · with · money
idan	Idan na sani, zan faɗa miki shi.	If I knew it, I would tell it to you.	1170	if · 1SG.PFV · know · FUT.1SG · tell · DAT.2SG.F · 3SG.M
zan	Idan na sani, zan faɗa miki shi.	If I knew it, I would tell it to you.	1170	if · 1SG.PFV · know · FUT.1SG · tell · DAT.2SG.F · 3SG.M
miki	Idan na sani, zan faɗa miki shi.	If I knew it, I would tell it to you.	1170	if · 1SG.PFV · know · FUT.1SG · tell · DAT.2SG.F · 3SG.M
faɗa	Idan na sani, zan faɗa miki shi.	If I knew it, I would tell it to you.	1170	if · 1SG.PFV · know · FUT.1SG · tell · DAT.2SG.F · 3SG.M
amurka	Zan tafi Amurka shekara mai zuwa.	I am going to go to America next year.	1170	FUT.1SG · go · America · year · having · coming
zan	Zan tafi Amurka shekara mai zuwa.	I am going to go to America next year.	1170	FUT.1SG · go · America · year · having · coming
shekara	Zan tafi Amurka shekara mai zuwa.	I am going to go to America next year.	1170	FUT.1SG · go · America · year · having · coming
aure	Har yanzu muna da aure.	We're still married.	1171	until · now · 1PL.PROG · with · marriage
son	Na komo ina son sa.	I came to like him.	1173	1SG.PFV · return · 1SG.PROG · want.GEN · 3SG.M
komo	Na komo ina son sa.	I came to like him.	1173	1SG.PFV · return · 1SG.PROG · want.GEN · 3SG.M
son	Ya ji kwatsam yana son ya rubuta labari.	He felt a sudden urge to write a novel.	1173	3SG.M.PFV · feel · suddenly · 3SG.M.PROG · want.GEN · 3SG.M.SBJV · write · story
kwatsam	Ya ji kwatsam yana son ya rubuta labari.	He felt a sudden urge to write a novel.	1173	3SG.M.PFV · feel · suddenly · 3SG.M.PROG · want.GEN · 3SG.M.SBJV · write · story
rubuta	Ya ji kwatsam yana son ya rubuta labari.	He felt a sudden urge to write a novel.	1173	3SG.M.PFV · feel · suddenly · 3SG.M.PROG · want.GEN · 3SG.M.SBJV · write · story
son	Tana son magana da kai.	She wants to talk to you.	1173	3SG.F.PROG · want.GEN · talk · with · 2SG.M
tallafa	Ina son na tallafa mata.	I'd like you to assist her.	1173	1SG.PROG · want.GEN · 1SG.SBJV · support · DAT.3SG.F
iska	Ta ce tana son ta sha iska.	She said she needs to get some air.	1173	3SG.F.PFV · say · 3SG.F.PROG · want.GEN · 3SG.F.SBJV · drink · air
bana	Bana son ka zo nan.	I don't want you to come here.	1173	NEG.1SG.PROG · want.GEN · 2SG.M.SBJV · come · here
ɗaya	Bana son kowa baki ɗaya.	I don't want anybody at all.	1173	NEG.1SG.PROG · want.GEN · everyone · mouth · one
baki	Bana son kowa baki ɗaya.	I don't want anybody at all.	1173	NEG.1SG.PROG · want.GEN · everyone · mouth · one
dafa	Zan dafa maka wani abu.	I'll cook something for you.	1174	1SG.FUT · cook · DAT.2SG.M · some.M · thing
abu	Zan dafa maka wani abu.	I'll cook something for you.	1174	1SG.FUT · cook · DAT.2SG.M · some.M · thing
maka	Zan dafa maka wani abu.	I'll cook something for you.	1174	1SG.FUT · cook · DAT.2SG.M · some.M · thing
dafa	Ina son zan dafa miya.	I'm going to make soup.	1174	1SG.PROG · want.GEN · 1SG.FUT · cook · soup
miya	Ina son zan dafa miya.	I'm going to make soup.	1174	1SG.PROG · want.GEN · 1SG.FUT · cook · soup
yara	Muna da yara mata biyu.	We have two daughters.	1175	1PL.PROG · with · child.PL · woman.PL · two
biyu	Muna da yara mata biyu.	We have two daughters.	1175	1PL.PROG · with · child.PL · woman.PL · two
yara	Ina son yara kowanne lokaci.	I've always wanted children.	1175	1SG.PROG · want.GEN · child.PL · every.M · time
kowanne	Ina son yara kowanne lokaci.	I've always wanted children.	1175	1SG.PROG · want.GEN · child.PL · every.M · time
zai	Wannan ba zai yi tasiri ba.	That won't have an effect.	1176	this · NEG · 3SG.M.FUT · do · influence · NEG
tasiri	Wannan ba zai yi tasiri ba.	That won't have an effect.	1176	this · NEG · 3SG.M.FUT · do · influence · NEG
yaƙi	Yaƙi ba zai yi amfani ba.	War doesn't pay.	1176	war · NEG · 3SG.M.FUT · do · usefulness · NEG
amfani	Yaƙi ba zai yi amfani ba.	War doesn't pay.	1176	war · NEG · 3SG.M.FUT · do · usefulness · NEG
ɗari	Wannan zai biya ɗari uku.	That'll cost three hundred bucks.	1176	this · 3SG.M.FUT · pay · hundred · three
biya	Wannan zai biya ɗari uku.	That'll cost three hundred bucks.	1176	this · 3SG.M.FUT · pay · hundred · three
idan	Zai ci abinci idan ya isa gida.	He'll eat when he gets home.	1176	3SG.M.FUT · eat · food · if · 3SG.M.PFV · reach · home
abinci	Zai ci abinci idan ya isa gida.	He'll eat when he gets home.	1176	3SG.M.FUT · eat · food · if · 3SG.M.PFV · reach · home
ci	Zai ci abinci idan ya isa gida.	He'll eat when he gets home.	1176	3SG.M.FUT · eat · food · if · 3SG.M.PFV · reach · home
isa	Zai ci abinci idan ya isa gida.	He'll eat when he gets home.	1176	3SG.M.FUT · eat · food · if · 3SG.M.PFV · reach · home
mota	Ka sa ido! Akwai mota na zuwa!	Watch out! There's a car coming!	1177	2SG.M.SBJV · put · eye · EXIST · car · PROG · coming
ido	Ka sa ido! Akwai mota na zuwa!	Watch out! There's a car coming!	1177	2SG.M.SBJV · put · eye · EXIST · car · PROG · coming
fi	Zan fi son kada na sani.	I'd really rather not know.	1178	FUT.1SG · exceed · want.GEN · PROH · 1SG.SBJV · know
kada	Zan fi son kada na sani.	I'd really rather not know.	1178	FUT.1SG · exceed · want.GEN · PROH · 1SG.SBJV · know
sau	Dama sau ɗaya a kowane minti goma sha biyar.	Stir once every fifteen minutes.	1179	stir.IMP · time · one · at · every.M · minute · ten · plus · five
goma	Dama sau ɗaya a kowane minti goma sha biyar.	Stir once every fifteen minutes.	1179	stir.IMP · time · one · at · every.M · minute · ten · plus · five
ɗaya	Dama sau ɗaya a kowane minti goma sha biyar.	Stir once every fifteen minutes.	1179	stir.IMP · time · one · at · every.M · minute · ten · plus · five
kowane	Dama sau ɗaya a kowane minti goma sha biyar.	Stir once every fifteen minutes.	1179	stir.IMP · time · one · at · every.M · minute · ten · plus · five
minti	Dama sau ɗaya a kowane minti goma sha biyar.	Stir once every fifteen minutes.	1179	stir.IMP · time · one · at · every.M · minute · ten · plus · five
jiya	Jiya Lahadi, ba Asabar ba.	Yesterday was Sunday, not Saturday.	1182	yesterday · Sunday · NEG · Saturday · NEG
so	Ina so ta yi aiki mai wahala.	I want her to do the difficult work.	1183	1SG.PROG · want · 3SG.F.SBJV · do · work · having · difficulty
wahala	Ina so ta yi aiki mai wahala.	I want her to do the difficult work.	1183	1SG.PROG · want · 3SG.F.SBJV · do · work · having · difficulty
amsa	Ba sai ka amsa idan baka so.	You don't have to answer if you don't want to.	1183	NEG · must · 2SG.M.SBJV · answer · if · NEG.2SG.M · want
so	Ba sai ka amsa idan baka so.	You don't have to answer if you don't want to.	1183	NEG · must · 2SG.M.SBJV · answer · if · NEG.2SG.M · want
fara	Ina so ka fara yanzu.	I want you to start right now.	1183	1SG.PROG · want · 2SG.M.SBJV · begin · now
aure	Sun ce suna so su yi aure.	They say they want to settle down.	1183	3PL.PFV · say · 3PL.PROG · want · 3PL.SBJV · do · marriage
fi	Wani littafi ka fi so?	What is your favorite book?	1183	which.M · book · 2SG.M.PFV · exceed · want
littafi	Wani littafi ka fi so?	What is your favorite book?	1183	which.M · book · 2SG.M.PFV · exceed · want
sosai	Mama tana aiki sosai yanzu.	Mother is very busy just now.	1184	mother · 3SG.F.PROG · work · very.much · now
mama	Mama tana aiki sosai yanzu.	Mother is very busy just now.	1184	mother · 3SG.F.PROG · work · very.much · now
arziki	Sun ce yana da arziki sosai.	They said he's very rich.	1184	3PL.PFV · say · 3SG.M.PROG · with · wealth · very.much
kare	Wannan kare yana da girma sosai.	That dog is super enormous.	1184	this · dog · 3SG.M.PROG · with · bigness · very.much
gobe	Ta ce za ta zo gobe.	She says that she will come tomorrow.	1185	3SG.F.PFV · say · FUT · 3SG.F · come · tomorrow
gan	Jiya ne na gan shi.	It was yesterday that I saw him.	1186	yesterday · COP.M · 1SG.REL.PFV · see · 3SG.M
gan	Mun gan yara suna wasa.	We saw the children playing.	1186	1PL.PFV · see · child.PL · 3PL.PROG · play
gan	Zan gan shi da safe.	I'll see him in the morning.	1186	FUT.1SG · see · 3SG.M · at · morning
safe	Zan gan shi da safe.	I'll see him in the morning.	1186	FUT.1SG · see · 3SG.M · at · morning
ciki	Na gan ta shiga ciki.	I saw her go inside.	1186	1SG.PFV · see · 3SG.F · enter · inside
fara	Yanzu bari mu fara aiki.	Now let's get down to work.	1187	now · let · 1PL.SBJV · begin · work
bari	Yanzu bari mu fara aiki.	Now let's get down to work.	1187	now · let · 1PL.SBJV · begin · work
bari	Kada ka bari su yi maka wasa da hankali.	Don't let them fool you.	1187	PROH · 2SG.M.SBJV · let · 3PL.SBJV · do · DAT.2SG.M · game · with · sense
bari	Bari mu yi magana da shi.	Let's talk to him.	1187	let · 1PL.SBJV · do · speech · with · 3SG.M
farko	Na sami matsala mai yawa a farko.	I had great difficulty at the beginning.	1188	1SG.PFV · get · problem · having · abundance · at · beginning
sami	Na sami matsala mai yawa a farko.	I had great difficulty at the beginning.	1188	1SG.PFV · get · problem · having · abundance · at · beginning
yawa	Na sami matsala mai yawa a farko.	I had great difficulty at the beginning.	1188	1SG.PFV · get · problem · having · abundance · at · beginning
karanta	Ka karanta wannan idan ka sami lokaci.	Read this when you have time.	1188	2SG.M.SBJV · read · this · if · 2SG.M.PFV · get · time
asuba	Ana fara aiki da asuba.	The operation begins at dawn.	1189	IMPRS.PROG · begin · work · at · dawn
ana	Ana fara aiki da asuba.	The operation begins at dawn.	1189	IMPRS.PROG · begin · work · at · dawn
satumba	A Turai, ana fara karatu a Satumba.	In Europe, classes begin in September.	1189	at · Europe · IMPRS.PROG · begin · study · at · September
karatu	A Turai, ana fara karatu a Satumba.	In Europe, classes begin in September.	1189	at · Europe · IMPRS.PROG · begin · study · at · September
turai	A Turai, ana fara karatu a Satumba.	In Europe, classes begin in September.	1189	at · Europe · IMPRS.PROG · begin · study · at · September
ana	A Turai, ana fara karatu a Satumba.	In Europe, classes begin in September.	1189	at · Europe · IMPRS.PROG · begin · study · at · September
sau	Haka ne, sun riga sun makara sau biyu.	That's right, they've been late twice already.	1190	thus · COP.M · 3PL.PFV · already · 3PL.PFV · be.late · time · two
makara	Haka ne, sun riga sun makara sau biyu.	That's right, they've been late twice already.	1190	thus · COP.M · 3PL.PFV · already · 3PL.PFV · be.late · time · two
biyu	Haka ne, sun riga sun makara sau biyu.	That's right, they've been late twice already.	1190	thus · COP.M · 3PL.PFV · already · 3PL.PFV · be.late · time · two
haka	Haka ne, sun riga sun makara sau biyu.	That's right, they've been late twice already.	1190	thus · COP.M · 3PL.PFV · already · 3PL.PFV · be.late · time · two
nuna	Ba ta haka zai yi aiki ba. Bari na nuna maka yadda zai yi.	That's not how it works. Let me show you how.	1190	NEG · via · thus · FUT.3SG.M · do · work · NEG · let · 1SG.SBJV · show · DAT.2SG.M · how.REL · FUT.3SG.M · do
yadda	Ba ta haka zai yi aiki ba. Bari na nuna maka yadda zai yi.	That's not how it works. Let me show you how.	1190	NEG · via · thus · FUT.3SG.M · do · work · NEG · let · 1SG.SBJV · show · DAT.2SG.M · how.REL · FUT.3SG.M · do
sau	Na yi haka sau ɗaya tuni.	I did that once already.	1190	1SG.PFV · do · thus · time · one · already
tuni	Na yi haka sau ɗaya tuni.	I did that once already.	1190	1SG.PFV · do · thus · time · one · already
hanya	Suna cewa Ina da hanya ta tattaunawa.	They say I have a way with words.	1191	3PL.PROG · saying · 1SG.PROG · with · way · F.LK · discussion
tattaunawa	Suna cewa Ina da hanya ta tattaunawa.	They say I have a way with words.	1191	3PL.PROG · saying · 1SG.PROG · with · way · F.LK · discussion
cewa	Suna cewa Ina da hanya ta tattaunawa.	They say I have a way with words.	1191	3PL.PROG · saying · 1SG.PROG · with · way · F.LK · discussion
ko	Zan tafi ko da za a yi ruwa gobe.	I will go even if it rains tomorrow.	1192	FUT.1SG · go · even · COND · FUT · IMPRS · do · rain · tomorrow
ruwa	Zan tafi ko da za a yi ruwa gobe.	I will go even if it rains tomorrow.	1192	FUT.1SG · go · even · COND · FUT · IMPRS · do · rain · tomorrow
ko	Hikima ta fi zinariya ko azurfa.	Wisdom is better than gold or silver.	1192	wisdom · 3SG.F.PFV · exceed · gold · or · silver
azurfa	Hikima ta fi zinariya ko azurfa.	Wisdom is better than gold or silver.	1192	wisdom · 3SG.F.PFV · exceed · gold · or · silver
hikima	Hikima ta fi zinariya ko azurfa.	Wisdom is better than gold or silver.	1192	wisdom · 3SG.F.PFV · exceed · gold · or · silver
zinariya	Hikima ta fi zinariya ko azurfa.	Wisdom is better than gold or silver.	1192	wisdom · 3SG.F.PFV · exceed · gold · or · silver
ko	Allah yana nan ko ina.	Allah is everywhere.	1192	God · 3SG.M.PROG · here · any · where
allah	Allah yana nan ko ina.	Allah is everywhere.	1192	God · 3SG.M.PROG · here · any · where
mamaki	Ina mamaki ko muna lafiya.	I wonder whether we're safe.	1192	1SG.PROG · wonder · whether · 1PL.PROG · health
sanda	Kai ba ɗan sanda ba ne, ko ba haka ba?	You aren't the police, are you?	1192	2SG.M · NEG · son.GEN · stick · NEG · COP.M · or · NEG · thus · NEG
ɗan	Kai ba ɗan sanda ba ne, ko ba haka ba?	You aren't the police, are you?	1192	2SG.M · NEG · son.GEN · stick · NEG · COP.M · or · NEG · thus · NEG
faransanci	Yana magana da Faransanci, ko ba haka ba?	He speaks French, doesn't he?	1192	3SG.M.PROG · speech · with · French · or · NEG · thus · NEG
ci	Kana da ci da yawa.	You eat too much.	1193	2SG.M.PROG · with · eating · with · abundance
yawa	Kana da ci da yawa.	You eat too much.	1193	2SG.M.PROG · with · eating · with · abundance
dawo	Ta dawo daga asibiti ne.	She returned from the hospital.	1194	3SG.F.PFV · return · from · hospital · COP.M
asibiti	Ta dawo daga asibiti ne.	She returned from the hospital.	1194	3SG.F.PFV · return · from · hospital · COP.M
baba	Mama da baba sun dawo gida.	Mom and dad came home.	1194	mother · and · father · 3PL.PFV · return · home
zuma	Zuma na, Na dawo gida.	Honey, I'm home.	1194	honey · 1SG.GEN.M · 1SG.PFV · return · home
kowanne	Babu Gaskiya. Gaskiya ɗaya ce a kowanne lokaci.	There is no Truth. There is only the truth within each moment.	1195	NEG.EXIST · truth · truth · one · COP.F · at · every.M · time
babu	Babu Gaskiya. Gaskiya ɗaya ce a kowanne lokaci.	There is no Truth. There is only the truth within each moment.	1195	NEG.EXIST · truth · truth · one · COP.F · at · every.M · time
babu	Babu tsoro nan da nan.	There was no immediate panic.	1195	NEG.EXIST · fear · here · with · here
tsoro	Babu tsoro nan da nan.	There was no immediate panic.	1195	NEG.EXIST · fear · here · with · here
me	Ina son riga mai kwala me kyau.	I need a shirt with a stiff collar.	1196	1SG.PROG · want.GEN.M · gown · having · collar · having · goodness
kwala	Ina son riga mai kwala me kyau.	I need a shirt with a stiff collar.	1196	1SG.PROG · want.GEN.M · gown · having · collar · having · goodness
me	Me ya sa ka faɗa soyayya?	Why do fools fall in love?	1196	what · 3SG.M.PFV · cause · 2SG.M.PFV · fall · love
soyayya	Me ya sa ka faɗa soyayya?	Why do fools fall in love?	1196	what · 3SG.M.PFV · cause · 2SG.M.PFV · fall · love
rubuta	Me zan rubuta a nan?	What shall I write here?	1196	what · FUT.1SG · write · at · here
suka	Me suka ce ka yi?	What did they ask you to do?	1197	what · 3PL.REL.PFV · say · 2SG.M.SBJV · do
suka	Suka ce sun sauka ni mai kyau ce.	They said they thought I was cute.	1197	3PL.REL.PFV · say · 3PL.PFV · descend · 1SG · having · goodness · COP.F
sauka	Suka ce sun sauka ni mai kyau ce.	They said they thought I was cute.	1197	3PL.REL.PFV · say · 3PL.PFV · descend · 1SG · having · goodness · COP.F
shiru	An yi shiru mai yawa.	There was an awkward silence.	1200	IMPRS.PFV · do · silence · having · abundance
an	An yi shiru mai yawa.	There was an awkward silence.	1200	IMPRS.PFV · do · silence · having · abundance
don	Sun ce sun yi shi don mu.	They said that they did that for us.	1201	3PL.PFV · say · 3PL.PFV · do · 3SG.M · for · 1PL
shugabanci	Arewa itace kishiyar shugabanci daga kudu.	North is the opposite direction from south.	1202	north · 3SG.F.COP.F · opposite.GEN.F · leadership · from · south
arewa	Arewa itace kishiyar shugabanci daga kudu.	North is the opposite direction from south.	1202	north · 3SG.F.COP.F · opposite.GEN.F · leadership · from · south
itace	Arewa itace kishiyar shugabanci daga kudu.	North is the opposite direction from south.	1202	north · 3SG.F.COP.F · opposite.GEN.F · leadership · from · south
kudu	Arewa itace kishiyar shugabanci daga kudu.	North is the opposite direction from south.	1202	north · 3SG.F.COP.F · opposite.GEN.F · leadership · from · south
kishiyar	Arewa itace kishiyar shugabanci daga kudu.	North is the opposite direction from south.	1202	north · 3SG.F.COP.F · opposite.GEN.F · leadership · from · south
aikin	Ina da aikin da zan yi.	I've got homework to do.	1204	1SG.PROG · with · work.DEF.M · REL · FUT.1SG · do
mutane	Ko da mu mutane ne.	Even we are people.	1205	even · COND · 1PL · person.PL · COP.PL
mutane	Bana son mutane suna magana na a baya na.	I don't like people talking about me behind my back.	1205	NEG.1SG.PROG · want.GEN.M · person.PL · 3PL.PROG · talk · 1SG.GEN.M · at · back · 1SG.GEN.M
ban	Ban yi aiki ba tun jiya.	I have not been busy since yesterday.	1206	NEG.1SG.PFV · do · work · NEG · since · yesterday
iyali	Iyali ne na ban mamaki!	What a marvelous family!	1206	family · COP.M · GEN.M · give.GEN.M · astonishment
mamaki	Iyali ne na ban mamaki!	What a marvelous family!	1206	family · COP.M · GEN.M · give.GEN.M · astonishment
saboda	Ban yi haka ba saboda ba na so.	I didn't do that because I didn't want to.	1206	NEG.1SG.PFV · do · thus · NEG · because · NEG · 1SG.PROG · want
awa	Falsafa fanni darasi ne mai ban sha'awa.	Philosophy is an interesting field of study.	1206	philosophy · field · lesson · COP.M · having · give.GEN · interest
fanni	Falsafa fanni darasi ne mai ban sha'awa.	Philosophy is an interesting field of study.	1206	philosophy · field · lesson · COP.M · having · give.GEN · interest
falsafa	Falsafa fanni darasi ne mai ban sha'awa.	Philosophy is an interesting field of study.	1206	philosophy · field · lesson · COP.M · having · give.GEN · interest
darasi	Falsafa fanni darasi ne mai ban sha'awa.	Philosophy is an interesting field of study.	1206	philosophy · field · lesson · COP.M · having · give.GEN · interest
nawa	Sau nawa ne zan ce a'a?	How many times do I have to say no?	1207	time · how.many · COP.M · 1SG.FUT · say · no
kira	Ta ce za ta kira ka daga baya.	She says she will call you later.	1208	3SG.F.PFV · say · FUT · 3SG.F · call · 2SG.M · from · back
kira	Zan kira su gobe idan na dawo gida.	I'll ring them tomorrow when I come home.	1208	1SG.FUT · call · 3PL · tomorrow · if · 1SG.PFV · return · home
isa	Kira mu idan ka isa.	Give us a call when you arrive.	1208	call.IMP · 1PL · if · 2SG.M.PFV · arrive
dare	Yawanci ina aiki da dare.	I work nights.	1209	usually · 1SG.PROG · work · with · night
yawanci	Yawanci ina aiki da dare.	I work nights.	1209	usually · 1SG.PROG · work · with · night
litinin	Na isa nan Litinin da dare.	I got here Monday night.	1209	1SG.PFV · arrive · here · Monday · with · night
in	Ina so in gan su!	I want to see them!	1210	1SG.PROG · want · 1SG.SBJV · see · 3PL
iyali	Ina so in fara iyali.	I want to start a family.	1210	1SG.PROG · want · 1SG.SBJV · start · family
in	Ina so in fara iyali.	I want to start a family.	1210	1SG.PROG · want · 1SG.SBJV · start · family
talaka	Bana son zama mai arziki. Ba na son in zama talaka.	I don't want to be rich. I just don't want to be poor.	1210	NEG.1SG.PROG · want.GEN · become · having · wealth · NEG · 1SG.PROG · want.GEN · 1SG.SBJV · become · poor.person
arziki	Bana son zama mai arziki. Ba na son in zama talaka.	I don't want to be rich. I just don't want to be poor.	1210	NEG.1SG.PROG · want.GEN · become · having · wealth · NEG · 1SG.PROG · want.GEN · 1SG.SBJV · become · poor.person
gasa	Ina so in shiga gasa.	I want to compete.	1210	1SG.PROG · want · 1SG.SBJV · enter · competition
sabo	Ina so in fara sabo.	I just want a fresh start.	1210	1SG.PROG · want · 1SG.SBJV · start · new.M
asibiti	Ina so in yi aiki a asibiti.	I want to work in a hospital.	1210	1SG.PROG · want · 1SG.SBJV · do · work · at · hospital
iko	A in da babu kowa, sarki ba shi da iko.	In an empty place, an emperor has no power.	1210	at · where · REL · NEG.EXIST · anyone · king · NEG · 3SG.M · with · power
sarki	A in da babu kowa, sarki ba shi da iko.	In an empty place, an emperor has no power.	1210	at · where · REL · NEG.EXIST · anyone · king · NEG · 3SG.M · with · power
daban	A baiwa wani daban dama.	Give someone else a chance.	1211	IMPRS.SBJV · give.DAT · someone.M · different · chance
baiwa	A baiwa wani daban dama.	Give someone else a chance.	1211	IMPRS.SBJV · give.DAT · someone.M · different · chance
taimako	Ba mamaki suna buƙatar taimako.	They may need help.	1212	NEG · surprise · 3PL.PROG · need.GEN · help
sarauniya	Ita kam tamkar wata sarauniya.	She looks like an angel.	1214	3SG.F · EMPH · like.GEN · INDF.F · queen
kam	Ita kam tamkar wata sarauniya.	She looks like an angel.	1214	3SG.F · EMPH · like.GEN · INDF.F · queen
tamkar	Ita kam tamkar wata sarauniya.	She looks like an angel.	1214	3SG.F · EMPH · like.GEN · INDF.F · queen
gara	Gara baka karanta wannan littafin ba.	You had better not read this book.	1215	better · NEG.2SG.M.PFV · read · this · book.DEF.M · NEG
littafin	Gara baka karanta wannan littafin ba.	You had better not read this book.	1215	better · NEG.2SG.M.PFV · read · this · book.DEF.M · NEG
yadda	Ba yadda za'a yi a ce ya karanta wannan littafin.	He can't have read this book.	1215	NEG.EXIST · how · FUT.IMPRS · do · IMPRS.SBJV · say · 3SG.M.PFV · read · this · book.DEF.M
littafin	Ba yadda za'a yi a ce ya karanta wannan littafin.	He can't have read this book.	1215	NEG.EXIST · how · FUT.IMPRS · do · IMPRS.SBJV · say · 3SG.M.PFV · read · this · book.DEF.M
kura	Motar sai kura ta bari.	The car left a trail of dust.	1216	car.DEF.F · only · dust · 3SG.F.PFV · leave
motar	Motar sai kura ta bari.	The car left a trail of dust.	1216	car.DEF.F · only · dust · 3SG.F.PFV · leave
bas	Ina zuwa makaranta a motar bas.	I go to school by bus.	1216	1SG.PROG · going · school · at · car.GEN.F · bus
motar	Ina zuwa makaranta a motar bas.	I go to school by bus.	1216	1SG.PROG · going · school · at · car.GEN.F · bus
rigar	Wannan rigar ta yi maka yawa.	That shirt's too big for you.	1217	this · gown.DEF.F · 3SG.F.PFV · do · DAT.2SG.M · abundance
gani	Gaskiya yana da kyau gani.	It's really cool looking.	1220	truth · 3SG.M.PROG · with · goodness · seeing
mutum	Ni mutum ne mai gani.	I'm a visual person.	1220	1SG · person · COP.M · having · seeing
abin	Ina son wani abin da zan rubuta.	I want something with which to write.	1222	1SG.PROG · want.GEN · INDF.M · thing.DEF.M · REL · FUT.1SG · write
gama	Har yanzu ban kusa gama wannan ba.	I'm only halfway finished doing that.	1223	until · now · NEG.1SG.PFV · near · finish · this · NEG
wancan	Wancan zai isa a yanzu.	That will be enough for now.	1224	that · FUT.3SG.M · suffice · at · now
wancan	Idan ka ci wancan za ka mutu.	If you eat that you will die.	1224	if · 2SG.M.PFV · eat · that · FUT · 2SG.M · die
mutu	Idan ka ci wancan za ka mutu.	If you eat that you will die.	1224	if · 2SG.M.PFV · eat · that · FUT · 2SG.M · die
babur	Wancan babur ne mai kyau!	What a nice bike!	1224	that · motorbike · COP.M · having · goodness
nuna	Bari na nuna maka a kusa da gidan mu.	Let me show you around our house.	1225	let · 1SG.SBJV · show · DAT.2SG.M · at · near · with · house.GEN.M · 1PL
gidan	Bari na nuna maka a kusa da gidan mu.	Let me show you around our house.	1225	let · 1SG.SBJV · show · DAT.2SG.M · at · near · with · house.GEN.M · 1PL
gidan	Babu kowa yanzu a gidan.	The house is not occupied now.	1225	NEG.EXIST · anyone · now · at · house.DEF.M
gidan	Yana zaune a gidan sa.	He lives in a flat.	1225	3SG.M.PROG · residing · at · house.GEN.M · 3SG.M
zaune	Yana zaune a gidan sa.	He lives in a flat.	1225	3SG.M.PROG · residing · at · house.GEN.M · 3SG.M
lambu	Gidan na da lambu ne?	Has the flat got a garden?	1225	house.DEF.M · 3SG.M.PROG · with · garden · COP.M
kawo	Na riga na ce a kawo.	I've already ordered it.	1226	1SG.PFV · already · 1SG.PFV · say · IMPRS.SBJV · bring
kawo	Yanzu na ce a kawo mun giya.	I just ordered a beer.	1226	now · 1SG.PFV · say · IMPRS.SBJV · bring · 1PL.PFV · beer
abinci	Na ce a kawo abinci.	I ordered some food.	1226	1SG.PFV · say · IMPRS.SBJV · bring · food
nama	Na ce a kawo mun nama da dankali.	I ordered steak and potatoes.	1226	1SG.PFV · say · IMPRS.SBJV · bring · 1PL.PFV · meat · and · potato
dankali	Na ce a kawo mun nama da dankali.	I ordered steak and potatoes.	1226	1SG.PFV · say · IMPRS.SBJV · bring · 1PL.PFV · meat · and · potato
sayar	Zan sayar da mota ta.	I'm going to sell my car.	1228	1SG.FUT · sell · OBJ · car · 1SG.POSS.F
mota	Zan sayar da mota ta.	I'm going to sell my car.	1228	1SG.FUT · sell · OBJ · car · 1SG.POSS.F
sayar	Sun riga sun sayar da motar su.	They've already sold their car.	1228	3PL.PFV · already · 3PL.PFV · sell · OBJ · car.GEN · 3PL
ma	Tana so na ni ma ina son ta.	She likes me and I like her too.	1230	3SG.F.PROG · want · 1SG.POSS.M · 1SG · too · 1SG.PROG · want.GEN · 3SG.F
ana	Wannan ba shi da ma'ana?	What doesn't make sense?	1230	this · NEG · 3SG.M · with · meaning
biya	Na biya kuɗi mai kyau ma wannan.	I paid good money for this.	1230	1SG.PFV · pay · money · having · goodness · DAT · this
mini	Da ka faɗa mini haka tun da farko.	You should have told me that before.	1231	COND · 2SG.M.PFV · tell · DAT.1SG · thus · since · at · beginning
mini	Zai yi mini wahala in mai da hankali.	I find it hard to focus.	1231	3SG.M.FUT · do · DAT.1SG · difficulty · 1SG.SBJV · return · OBJ · sense
mini	Sun ce mini suna son tafiya.	They told me they wanted to go.	1231	3PL.PFV · say · DAT.1SG · 3PL.PROG · want.GEN · journey
tafiya	Sun ce mini suna son tafiya.	They told me they wanted to go.	1231	3PL.PFV · say · DAT.1SG · 3PL.PROG · want.GEN · journey
sanda	Ba zan kira musu ƴan sanda ba.	I can't call the cops on them.	1232	NEG · 1SG.FUT · call · DAT.3PL · son.PL.GEN · stick · NEG
ƴan	Ba zan kira musu ƴan sanda ba.	I can't call the cops on them.	1232	NEG · 1SG.FUT · call · DAT.3PL · son.PL.GEN · stick · NEG
dai	Yanzu dai, me ya sa ban yi mamaki ba?	Now, why doesn't that surprise me?	1233	now · EMPH · what · 3SG.M.PFV · cause · NEG.1SG · do · surprise · NEG
dai	Na koma dai-dai da shi.	I went down to his level.	1233	1SG.PFV · return · exactly · with · 3SG.M
dai	Ya ce zai yi dai-dai.	He said that he'd be right over.	1233	3SG.M.PFV · say · 3SG.M.FUT · do · exactly
tsaya	Zan tsaya har zuwa mako mai zuwa.	I am staying for another few weeks.	1236	1SG.FUT · stay · until · coming · week · having · coming
mako	Zan tsaya har zuwa mako mai zuwa.	I am staying for another few weeks.	1236	1SG.FUT · stay · until · coming · week · having · coming
tsaya	Akwai ban mamaki yadda ya tsaya.	It's amazing how much he can stand.	1236	EXIST · give.GEN · astonishment · how · 3SG.M.PFV · stand.firm
ɗan	Zan tsaya na wani ɗan lokaci.	I'll be staying for a while.	1236	FUT.1SG · stay · POSS.M · INDF.M · little · time
ɗayanka	Kai kam baki ɗayanka ka zama matsala.	You're a real pain in the neck.	1237	2SG.M · EMPH · mouth · one.GEN.2SG.M · 2SG.M.PFV · become · problem
kam	Kai kam baki ɗayanka ka zama matsala.	You're a real pain in the neck.	1237	2SG.M · EMPH · mouth · one.GEN.2SG.M · 2SG.M.PFV · become · problem
baki	Kai kam baki ɗayanka ka zama matsala.	You're a real pain in the neck.	1237	2SG.M · EMPH · mouth · one.GEN.2SG.M · 2SG.M.PFV · become · problem
kin	Kai, kin yi kyau sosai!	Damned, you look good!	1239	hey · 2SG.F.PFV · do · goodness · very.much
taimako	Kin yi taimako da yawa.	You've been a lot of help.	1239	2SG.F.PFV · do · help · with · abundance
fita	Kin fita daga wasa na.	You're way out of my league.	1239	2SG.F.PFV · go.out · from · game · POSS.M.1SG
kanki	Kin zo nan da kanki?	Did you come here by yourself?	1239	2SG.F.PFV · come · here · with · head.GEN.2SG.F
yaron	Tana alfahari cewa yaron ta ya zama likita.	She is proud that her son has become a doctor.	1241	3SG.F.PROG · pride · COMP · boy.GEN · 3SG.F · 3SG.M.PFV · become · doctor
alfahari	Tana alfahari cewa yaron ta ya zama likita.	She is proud that her son has become a doctor.	1241	3SG.F.PROG · pride · COMP · boy.GEN · 3SG.F · 3SG.M.PFV · become · doctor
cewa	Tana alfahari cewa yaron ta ya zama likita.	She is proud that her son has become a doctor.	1241	3SG.F.PROG · pride · COMP · boy.GEN · 3SG.F · 3SG.M.PFV · become · doctor
ku	Zan ba ku dama na kwana biyar.	I will give you five days' grace.	1244	FUT.1SG · give · 2PL · chance · POSS.M · day · five
kwana	Zan ba ku dama na kwana biyar.	I will give you five days' grace.	1244	FUT.1SG · give · 2PL · chance · POSS.M · day · five
magani	Zan ba ku magani na ɗan lokaci.	I'll give you a temporary treatment.	1244	FUT.1SG · give · 2PL · medicine · POSS.M · little · time
ku	Zan ba ku magani na ɗan lokaci.	I'll give you a temporary treatment.	1244	FUT.1SG · give · 2PL · medicine · POSS.M · little · time
talla	Za ku sami talla sosai da wannan littafin.	You're going to get much publicity with this book.	1244	FUT · 2PL · get · publicity · very.much · with · this · book.DEF.M
ku	Za ku sami talla sosai da wannan littafin.	You're going to get much publicity with this book.	1244	FUT · 2PL · get · publicity · very.much · with · this · book.DEF.M
uwa	Ku ba ƴan uwa ba ne?	Aren't you sisters?	1244	2PL · NEG · child.PL.GEN · mother · NEG · COP.PL
cewa	Na ji cewa za ku yi haka.	I heard that you were going to do that.	1244	1SG.PFV · hear · COMP · FUT · 2PL · do · thus
je	Zan fita, zan je na yi wanka.	Signing off, gonna take a shower.	1247	FUT.1SG · go.out · FUT.1SG · go · 1SG.SBJV · do · bathing
fita	Zan fita, zan je na yi wanka.	Signing off, gonna take a shower.	1247	FUT.1SG · go.out · FUT.1SG · go · 1SG.SBJV · do · bathing
wanka	Zan fita, zan je na yi wanka.	Signing off, gonna take a shower.	1247	FUT.1SG · go.out · FUT.1SG · go · 1SG.SBJV · do · bathing
je	Ina za ku je ku yi karatu?	Where are you going to study?	1247	where · FUT · 2PL · go · 2PL.SBJV · do · study
karatu	Ina za ku je ku yi karatu?	Where are you going to study?	1247	where · FUT · 2PL · go · 2PL.SBJV · do · study
je	Yanzu zan je na yi magana da su.	I'll go talk to them now.	1247	now · FUT.1SG · go · 1SG.SBJV · do · speech · with · 3PL
magani	Wani magani kake amfani da shi a yanzu?	What treatment are you following right now?	1249	INDF.M · medicine · 2SG.M.REL.PROG · use · with · 3SG.M · at · now
amfani	Wani magani kake amfani da shi a yanzu?	What treatment are you following right now?	1249	INDF.M · medicine · 2SG.M.REL.PROG · use · with · 3SG.M · at · now
alfahari	Me kake ji da alfahari da shi?	What do you feel most proud of?	1249	what · 2SG.M.REL.PROG · feel · with · pride · with · 3SG.M
alama	Waccan ita ce alama ta.	That's my cue.	1250	that.F · 3SG.F · COP.F · mark · POSS.F.1SG
waccan	Waccan ita ce alama ta.	That's my cue.	1250	that.F · 3SG.F · COP.F · mark · POSS.F.1SG
ruwa	Ka ba ni ruwa kaɗan.	Give me a little more water.	1251	2SG.M.SBJV · give · 1SG · water · little
kaɗan	Ka ba ni ruwa kaɗan.	Give me a little more water.	1251	2SG.M.SBJV · give · 1SG · water · little
kaɗan	Ba kuɗi ne kaɗan ba.	It's not a little money.	1251	NEG · money · COP.M · little · NEG
alama	Ba ni da wata alama ko kaɗan.	I don't have the slightest clue.	1251	NEG · 1SG · with · any.F · sign · even · little
masu	Mu mutane ne masu hidima da yawa.	We are busy men.	1252	1PL · person.PL · COP.PL · having.PL · service · with · abundance
hidima	Mu mutane ne masu hidima da yawa.	We are busy men.	1252	1PL · person.PL · COP.PL · having.PL · service · with · abundance
masu	Ku yara ne masu kyau.	You are very cute children.	1252	2PL · child.PL · COP.PL · having.PL · goodness
abincin	Tauna abincin ku da kyau.	Chew your food well.	1255	chew.IMP · food.GEN · 2PL.POSS · with · goodness
tauna	Tauna abincin ku da kyau.	Chew your food well.	1255	chew.IMP · food.GEN · 2PL.POSS · with · goodness
lambu	Sun ci abincin rana a lambu.	They are having lunch in the garden.	1255	3PL.PFV · eat · food.GEN · day · at · garden
abincin	Sun ci abincin rana a lambu.	They are having lunch in the garden.	1255	3PL.PFV · eat · food.GEN · day · at · garden
abincin	Mun ce a kawo mana abincin.	We ordered the meal.	1255	1PL.PFV · say · IMPRS.SBJV · bring · DAT.1PL · food.DEF
gina	Na ci abincin safe mai gina jiki.	I had a healthy breakfast.	1255	1SG.PFV · eat · food.GEN · morning · having · build · body
safe	Na ci abincin safe mai gina jiki.	I had a healthy breakfast.	1255	1SG.PFV · eat · food.GEN · morning · having · build · body
jiki	Na ci abincin safe mai gina jiki.	I had a healthy breakfast.	1255	1SG.PFV · eat · food.GEN · morning · having · build · body
yamma	Yanzu na ci abincin yamma.	I've just had dinner.	1255	now · 1SG.PFV · eat · food.GEN · evening
kuka	Me kuka yi jiya da yamma?	What did you do yesterday evening?	1256	what · 2PL.REL.PFV · do · yesterday · in · evening
yamma	Me kuka yi jiya da yamma?	What did you do yesterday evening?	1256	what · 2PL.REL.PFV · do · yesterday · in · evening
fashe	Sai ta fashe ta kuka.	She burst into sobs.	1256	then · 3SG.F.PFV · burst · 3SG.F.PFV · cry
aka	Wannan ne aikin gidan da aka baka?	Is this your homework?	1257	this · COP.M · work.GEN · house.DEF.M · REL · IMPRS.REL.PFV · give.OBJ.2SG.M
alfahari	Ina alfahari da aka ce in shiga.	I'm honored to be asked to participate.	1257	1SG.PROG · pride · REL · IMPRS.REL.PFV · say · 1SG.SBJV · enter
aka	Ina alfahari da aka ce in shiga.	I'm honored to be asked to participate.	1257	1SG.PROG · pride · REL · IMPRS.REL.PFV · say · 1SG.SBJV · enter
waƙar	Waƙar da ka fi so ce.	It's your favorite song.	1260	song.DEF.F · REL · 2SG.M.REL.PFV · exceed · want · COP.F
waƙar	Wannan waƙar tana da ɗan sani.	This song sounds somewhat familiar.	1260	this · song.DEF.F · 3SG.F.PROG · with · bit.GEN · knowing
wuta	Gidan ya kama da wuta.	The flat is on fire.	1263	house.DEF.M · 3SG.M.PFV · catch · with · fire
kama	Gidan ya kama da wuta.	The flat is on fire.	1263	house.DEF.M · 3SG.M.PFV · catch · with · fire
ja	Wannan yana kama da zai ja da baya.	This looks as though it will drag on and on.	1263	this · 3SG.M.PROG · catch · with · 3SG.M.FUT · pull · with · back
jin	Ina jin zafi a nan.	I have a pain here.	1265	1SG.PROG · feel.GEN · heat · at · here
jin	Ina jin sosai cewa maza da mata dai-dai ne.	I feel strongly that men and women are equal.	1265	1SG.PROG · feel.GEN · very.much · COMP · man.PL · and · woman.PL · equal · COP.PL
maza	Ina jin sosai cewa maza da mata dai-dai ne.	I feel strongly that men and women are equal.	1265	1SG.PROG · feel.GEN · very.much · COMP · man.PL · and · woman.PL · equal · COP.PL
makara	Ina jin za ku makara.	I had a feeling you would be late.	1265	1SG.PROG · feel.GEN · FUT · 2PL · be.late
jin	Ina jin za ku makara.	I had a feeling you would be late.	1265	1SG.PROG · feel.GEN · FUT · 2PL · be.late
jiki	Ya ce yana jin jiki.	He said he was dying.	1265	3SG.M.PFV · say · 3SG.M.PROG · feel.GEN · body
ruwan	Ni bana son ruwan sama.	I do not like the rain.	1266	1SG · NEG.1SG.PROG · want.GEN · water.GEN.M · sky
sama	Ni bana son ruwan sama.	I do not like the rain.	1266	1SG · NEG.1SG.PROG · want.GEN · water.GEN.M · sky
ruwan	Ba za'a yi ruwan sama gobe ba.	It will not rain tomorrow.	1266	NEG · FUT.IMPRS · do · water.GEN.M · sky · tomorrow · NEG
sama	Ba za'a yi ruwan sama gobe ba.	It will not rain tomorrow.	1266	NEG · FUT.IMPRS · do · water.GEN.M · sky · tomorrow · NEG
aka	Yanzu aka gama ruwan sama.	It just stopped raining.	1266	now · IMPRS.REL.PFV · finish · water.GEN.M · sky
tashi	Zan dawo gida bayan na tashi daga aiki.	I'll be home right after work.	1268	FUT.1SG · return · home · after · 1SG.PFV · rise · from · work
tashi	Rana ta gabas za ta tashi a yamma.	The sun of the east shall rise in the west.	1268	sun · POSS.F · east · FUT · 3SG.F · rise · at · west
gabas	Rana ta gabas za ta tashi a yamma.	The sun of the east shall rise in the west.	1268	sun · POSS.F · east · FUT · 3SG.F · rise · at · west
tashi	Wani lokaci kake tashi aiki?	What time do you leave work?	1268	INDF.M · time · 2SG.M.REL.PROG · rise · work
don	Asabar ce don haka ba sai na tashi zuwa makaranta ba gobe.	It's Saturday so I don't have to get up for school tomorrow.	1268	Saturday · COP.F · for · thus · NEG · must · 1SG.PFV · rise · to · school · NEG · tomorrow
don	Asabar ce don haka ba sai na tashi zuwa aiki gobe ba.	It's Saturday so I don't have to get up for work tomorrow.	1268	Saturday · COP.F · for · thus · NEG · must · 1SG.PFV · rise · to · work · tomorrow · NEG
komai	Ba zan ce komai ba.	I can't send my word.	1269	NEG · FUT.1SG · say · anything · NEG
hannu	Ban so in tafi ba komai a hannu.	I didn't want to leave empty-handed.	1269	NEG.1SG.PFV · want · 1SG.SBJV · go · NEG · anything · at · hand
taimake	Bari in taimake ka goge shi.	Let me help you wipe it off.	1270	let · 1SG.SBJV · help · 2SG.M.SBJV · wipe · 3SG.M
goge	Bari in taimake ka goge shi.	Let me help you wipe it off.	1270	let · 1SG.SBJV · help · 2SG.M.SBJV · wipe · 3SG.M
taimake	Ya na da kunci ya ce in taimake shi.	He had the cheek to ask me to help him.	1270	3SG.M · PROG · with · cheek · 3SG.M.PFV · say · 1SG.SBJV · help · 3SG.M
kunci	Ya na da kunci ya ce in taimake shi.	He had the cheek to ask me to help him.	1270	3SG.M · PROG · with · cheek · 3SG.M.PFV · say · 1SG.SBJV · help · 3SG.M
taimake	Ina so ka taimake ni in fita daga nan.	I want you to help me get out of here.	1270	1SG.PROG · want · 2SG.M.SBJV · help · 1SG · 1SG.SBJV · go.out · from · here
fita	Ina so ka taimake ni in fita daga nan.	I want you to help me get out of here.	1270	1SG.PROG · want · 2SG.M.SBJV · help · 1SG · 1SG.SBJV · go.out · from · here
allah	Don Allah ka taimake ni!	Please help me!	1270	for · God · 2SG.M.SBJV · help · 1SG
masa	Ya ce a kawo masa ɗaya.	He has ordered one.	1272	3SG.M.PFV · say · IMPRS.SBJV · bring · DAT.3SG.M · one
wanka	Zan je na yi masa wanka.	I'm going to give him a bath.	1272	FUT.1SG · go · 1SG.PFV · do · DAT.3SG.M · bathing
masa	Zan je na yi masa wanka.	I'm going to give him a bath.	1272	FUT.1SG · go · 1SG.PFV · do · DAT.3SG.M · bathing
masa	Ta sa masa magani a ciwo.	She treated his wound.	1272	3SG.F.PFV · put · DAT.3SG.M · medicine · at · pain
ciwo	Ta sa masa magani a ciwo.	She treated his wound.	1272	3SG.F.PFV · put · DAT.3SG.M · medicine · at · pain
yaya	Ta yaya ka zo makaranta?	How did you come to school?	1274	via · how · 2SG.M.REL.PFV · come · school
yaya	Ko ta yaya zan fita idan ruwan sama ya tsaya.	At any rate I will go out when it stops raining.	1274	any · via · how · FUT.1SG · go.out · if · water.GEN.M · sky · 3SG.M.PFV · stop
yaya	Ta yaya za mu yi haka?	How do we do that?	1274	via · how · FUT · 1PL · do · thus
musulmi	Ta yaya kake son zama Musulmi?	How do you like being a Muslim?	1274	via · how · 2SG.M.REL.PROG · want.GEN · become · Muslim
tuni	Ina ta jira tun tuni.	I've been waiting a long time.	1276	1SG.PROG · via · wait · since · long.ago
jira	Ina ta jira tun tuni.	I've been waiting a long time.	1276	1SG.PROG · via · wait · since · long.ago
jira	Zan jira har sai an gama.	I'll stay until the end.	1276	FUT.1SG · wait · up.to · until · IMPRS.PFV · finish
muhimmanci	Yana da muhimmanci na ji.	It's important I hear this.	1278	3SG.M.PROG · with · importance · 1SG.PFV · hear
kilishi	Wannan kilishi yana da kyakkyawan tsari.	This rug has a nice pattern.	1279	this · rug · 3SG.M.PROG · with · beautiful.M.GEN · pattern
kyakkyawan	Wannan kilishi yana da kyakkyawan tsari.	This rug has a nice pattern.	1279	this · rug · 3SG.M.PROG · with · beautiful.M.GEN · pattern
tsari	Wannan kilishi yana da kyakkyawan tsari.	This rug has a nice pattern.	1279	this · rug · 3SG.M.PROG · with · beautiful.M.GEN · pattern
yin	Idan kana son yin kuka, ka yi kuka.	If you want to cry, cry.	1280	if · 2SG.M.PROG · want.GEN · do.VN.GEN · weeping · 2SG.M.SBJV · do · weeping
yin	Ina yin haka ne domin su.	I'm doing this for them.	1280	1SG.PROG · do.VN.GEN · thus · COP.M · for · 3PL
domin	Ina yin haka ne domin su.	I'm doing this for them.	1280	1SG.PROG · do.VN.GEN · thus · COP.M · for · 3PL
makara	Ina son yin wani abu kafin na makara.	I have to do something before it's too late.	1280	1SG.PROG · want.GEN · do.VN.GEN · INDF.M · thing · before · 1SG.PFV · be.late
kafin	Ina son yin wani abu kafin na makara.	I have to do something before it's too late.	1280	1SG.PROG · want.GEN · do.VN.GEN · INDF.M · thing · before · 1SG.PFV · be.late
yin	Ina son yin wani abu kafin na makara.	I have to do something before it's too late.	1280	1SG.PROG · want.GEN · do.VN.GEN · INDF.M · thing · before · 1SG.PFV · be.late
faransanci	Babu wahala yin magana da Faransanci.	It isn't difficult to speak French.	1280	NEG.EXIST · difficulty · do.VN.GEN · speech · with · French
kanta	Tana son yin komai da kanta.	She likes to do everything herself.	1280	3SG.F.PROG · want.GEN · do.VN.GEN · everything · with · head.3SG.F.POSS
samun	Kana son samun kuɗi da yawa?	Do you want to have lots of money?	1281	2SG.M.PROG · want.GEN · get.VN.GEN · money · with · abundance
ƙasa	Samun ruwan sama yayi ƙasa.	The chance of rain is low.	1281	get.VN.GEN · water.M.GEN · sky · 3SG.M.PFV.do · down
samun	Samun ruwan sama yayi ƙasa.	The chance of rain is low.	1281	get.VN.GEN · water.M.GEN · sky · 3SG.M.PFV.do · down
iska	Ana samun iska mai zafi daga kudu.	There's a warm wind blowing from the south.	1281	IMPRS.PROG · get.VN.GEN · air · having · heat · from · south
kudu	Ana samun iska mai zafi daga kudu.	There's a warm wind blowing from the south.	1281	IMPRS.PROG · get.VN.GEN · air · having · heat · from · south
samun	Ana samun iska mai zafi daga kudu.	There's a warm wind blowing from the south.	1281	IMPRS.PROG · get.VN.GEN · air · having · heat · from · south
iska	Ta ce tana buƙatar samun iska.	She said she needed to get some air.	1281	3SG.F.PFV · say · 3SG.F.PROG · need.F.GEN · get.VN.GEN · air
taɓa	Ban taɓa yin wannan ba.	I have never done this.	1282	NEG.1SG.PFV · ever · do.VN.GEN · this · NEG
taɓa	Ba ku taɓa cewa komai ba.	You never said anything.	1282	NEG · 2PL.PFV · ever · say.VN · anything · NEG
budurwa	Ban taɓa yin budurwa ba.	I've never had a girlfriend.	1282	NEG.1SG.PFV · ever · do.VN.GEN · girlfriend · NEG
shuka	Idan za ka taɓa dabba ko shuka, ka taɓa a hankali.	If you touch an animal or plant, touch it gently.	1282	if · FUT · 2SG.M · touch · animal · or · plant · 2SG.M.SBJV · touch · at · care
dabba	Idan za ka taɓa dabba ko shuka, ka taɓa a hankali.	If you touch an animal or plant, touch it gently.	1282	if · FUT · 2SG.M · touch · animal · or · plant · 2SG.M.SBJV · touch · at · care
can	Ba zai tafi can ba.	He shan't go there.	1283	NEG · FUT.3SG.M · go · there · NEG
can	Ba na so in zauna a can.	I wouldn't like to live there.	1283	NEG · 1SG.PROG · want · 1SG.SBJV · reside · at · there
gada	Akwai gada a can a da.	There was a bridge there.	1283	EXIST · bridge · at · there · at · long.ago
kallo	Ta tsaya a can tana kallo na.	She stood there looking at me.	1283	3SG.F.PFV · stand · at · there · 3SG.F.PROG · watching · 1SG.POSS
katin	Kada ka nuna katin ka.	Don't show your cards.	1286	PROH · 2SG.M.SBJV · show · card.M.GEN · 2SG.M.POSS
yaƙi	Mutane na jin tsoron yaƙi.	People are afraid of war.	1288	person.PL · PROG · feel.VN.GEN · fear.M.GEN · war
tsoron	Mutane na jin tsoron yaƙi.	People are afraid of war.	1288	person.PL · PROG · feel.VN.GEN · fear.M.GEN · war
tsoron	Ina jin tsoron yin haka.	I'm afraid to try doing that.	1288	1SG.PROG · feel.VN.GEN · fear.M.GEN · do.VN.GEN · thus
zaka	Wata rana zaka yi da na sani.	Someday you'll regret this.	1289	INDF.F · day · FUT.2SG.M · do · COND · 1SG.PFV · know
bada	Wannan wani labari mai bada tsoro!	What a bizarre tale!	1290	this · INDF.M · story · having · give · fear
zuciya	Bai zo zuciya ta ba.	It hadn't crossed my mind.	1294	NEG.3SG.M.PFV · come · heart · 1SG.POSS.F · NEG
bai	Bai zo zuciya ta ba.	It hadn't crossed my mind.	1294	NEG.3SG.M.PFV · come · heart · 1SG.POSS.F · NEG
bai	Mai ya sa bai je Jamus ba?	Why didn't he go to Germany?	1294	what · 3SG.M.REL.PFV · cause · NEG.3SG.M.PFV · go · Germany · NEG
jamus	Mai ya sa bai je Jamus ba?	Why didn't he go to Germany?	1294	what · 3SG.M.REL.PFV · cause · NEG.3SG.M.PFV · go · Germany · NEG
bai	Bai yi kama da ruwa ba.	It doesn't look like water.	1294	NEG.3SG.M.PFV · do · resemblance · with · water · NEG
ruwa	Bai yi kama da ruwa ba.	It doesn't look like water.	1294	NEG.3SG.M.PFV · do · resemblance · with · water · NEG
wuya	Wancan bai yi wuya ba.	That wasn't difficult.	1294	that · NEG.3SG.M.PFV · do · difficulty · NEG
nesa	Gida na bai da nesa daga nan.	My flat isn't far from here.	1294	house · 1SG.POSS.M · NEG.3SG.M · with · far · from · here
sunan	Yaya ma sunan wannan gidan abincin?	What was the name of that restaurant?	1295	how · also · name.GEN · this · house.GEN · food.DEF
yaushe	Yaushe za mu koma gida?	When will we drive home?	1297	when · FUT · 1PL · return · home
yaushe	Sai yaushe za ka ci abincin rana?	How long do you have to eat lunch?	1297	until · when · FUT · 2SG.M · eat · food.GEN · day
kuɗin	Ba a sami kuɗin ba.	The money was never found.	1298	NEG · IMPRS.PFV · get · money.DEF · NEG
mutum	Ni mutum ne mai son motoci.	I am a fan of cars.	1299	1SG · person · COP.M · having · like.GEN · car.PL
motoci	Ni mutum ne mai son motoci.	I am a fan of cars.	1299	1SG · person · COP.M · having · like.GEN · car.PL
manta	Na manta Asabar ce ko Lahadi.	I've forgotten whether it was Saturday or Sunday.	1306	1SG.PFV · forget · Saturday · COP.F · or · Sunday
manta	Ya manta ya zo ya gan ni jiya.	He forgot to come to see me yesterday.	1306	3SG.M.PFV · forget · 3SG.M.SBJV · come · 3SG.M.SBJV · see · 1SG · yesterday
manta	Kada ka manta ka yi aikin da aka baka daga makaranta, KO?	Don't forget to do your homework, OK?	1306	PROH · 2SG.M.SBJV · forget · 2SG.M.SBJV · do · work.DEF · REL · IMPRS.REL.PFV · give.OBJ.2SG.M · from · school · right
littattafai	An manta littattafai da yawa.	Many books were forgotten.	1306	IMPRS.PFV · forget · book.PL · with · abundance
kamata	Yanzu ya sami lafiya yadda ya kamata.	His health is changing for the better.	1311	now · 3SG.M.PFV · get · health · as · 3SG.M.PFV · be.proper
kamata	Ya kamata ka yi magana, a hankali.	Speak slowly, please.	1311	3SG.M.PFV · be.proper · 2SG.M.SBJV · do · speech · at · sense
kamata	Bai kamata ya sani ba.	He doesn't have to know.	1311	NEG.3SG.M.PFV · be.proper · 3SG.M.SBJV · know · NEG
ajiye	Bai kamata ka ajiye aiki yanzu ba.	You can't resign now.	1311	NEG.3SG.M.PFV · be.proper · 2SG.M.SBJV · put.down · work · now · NEG
kori	Bai kamata mu kori kowa ba.	We shouldn't have to lay anyone off.	1311	NEG.3SG.M.PFV · be.proper · 1PL.SBJV · dismiss · everyone · NEG
zahiri	Ta yaya ya kamata mu yi shi a zahiri?	How should we actually do it?	1311	by · how · 3SG.M.PFV · be.proper · 1PL.SBJV · do · 3SG.M · at · reality
wanda	Na sayi littafi wanda zai zama mai ban sha'awa sosai.	I bought a book that will be very interesting.	1313	1SG.PFV · buy · book · REL.M · 3SG.M.FUT · become · having · give.VN.LK · interest · very.much
sayi	Na sayi littafi wanda zai zama mai ban sha'awa sosai.	I bought a book that will be very interesting.	1313	1SG.PFV · buy · book · REL.M · 3SG.M.FUT · become · having · give.VN.LK · interest · very.much
wanda	Babu wanda ya gan ni.	Nobody saw me.	1313	NEG.EXIST · REL.M · 3SG.M.REL.PFV · see · 1SG
wanda	Ba wanda ya ji ciwo.	No one was hit.	1313	NEG.EXIST · REL.M · 3SG.M.REL.PFV · feel · pain
daraja	An ba wanda ya zo na biyu suna mai daraja.	The runner-up was given an honorable mention.	1313	IMPRS.PFV · give · REL.M · 3SG.M.REL.PFV · come · POSS.M · two · name · having · worth
rubutu	Wanda ya yi rubutu ya karanta sau biyu.	He who writes reads twice.	1313	REL.M · 3SG.M.REL.PFV · do · writing · 3SG.M.PFV · read · times · two
amsa	Babu wanda ya sami amsa.	No one had an answer.	1313	NEG.EXIST · REL.M · 3SG.M.REL.PFV · get · answer
nake	Ba daga nan nake ba.	I'm not from here.	1317	NEG · from · here · 1SG.REL.PROG · NEG
nake	Wannan shi ne abin da nake so.	This is all I want.	1317	this · 3SG.M · COP.M · thing.DEF.M · REL · 1SG.REL.PROG · want
inda	Ina zuwa inda aka ce in je.	I go where I'm told to go.	1319	1SG.PROG · coming · where.REL · IMPRS.REL.PFV · say · 1SG.SBJV · go
inda	Faɗa mun inda lokaci yayi na tafiya.	Tell me when it's time to go.	1319	tell · DAT.1SG · where.REL · time · 3SG.M.PFV.do · POSS.M · journey
muke	Ina ji har yanzu ma muke.	I think we're even now.	1320	1SG.PROG · feel · until · now · also · 1PL.REL.PROG
muke	Wannan zai ba mu abin da muke so.	That'll give us the focus we need.	1320	this · 3SG.M.FUT · give · 1PL · thing.DEF.M · REL · 1PL.REL.PROG · want
muka	Da muke yara, muna ta so mu girma. Yanzu da muka girma, muna ina ma da mun sani.	When we were kids, we always wanted to grow up. Now that we have grown up, we wish we were aware of it.	1320	when · 1PL.REL.PROG · child.PL · 1PL.PROG · keep.on · want · 1PL.SBJV · grow.up · now · when · 1PL.REL.PFV · grow.up · 1PL.PROG · would.that · also · COND · 1PL.PFV · know
takobi	A ina takobi na suke?	Where are my swords?	1322	at · where · sword · 1SG.POSS.M · 3PL.REL.PROG
suke	A ina takobi na suke?	Where are my swords?	1322	at · where · sword · 1SG.POSS.M · 3PL.REL.PROG
gaya	Ban taɓa gaya wa kowa haka ba.	I've never told anyone that before.	1323	NEG.1SG.PFV · ever · tell · DAT · everyone · thus · NEG
gaya	Babu wanda ya gaya maka?	Didn't anyone tell you?	1323	NEG.EXIST · REL.M · 3SG.M.REL.PFV · tell · DAT.2SG.M
gaya	Kada ka bari wani ya gaya maka in ba haka ba.	Don't let anyone else tell you otherwise.	1323	PROH · 2SG.M.SBJV · let · someone · 3SG.M.SBJV · tell · DAT.2SG.M · if · NEG · thus · NEG
likitoci	Likitoci da yawa sun fara amfani da sabon magani.	More and more doctors have begun to use the new medicine.	1324	doctor.PL · with · abundance · 3PL.PFV · begin · use · with · new.M.LK · medicine
amfani	Likitoci da yawa sun fara amfani da sabon magani.	More and more doctors have begun to use the new medicine.	1324	doctor.PL · with · abundance · 3PL.PFV · begin · use · with · new.M.LK · medicine
sabon	Likitoci da yawa sun fara amfani da sabon magani.	More and more doctors have begun to use the new medicine.	1324	doctor.PL · with · abundance · 3PL.PFV · begin · use · with · new.M.LK · medicine
daɗi	Muna da labari mai daɗi.	We have good news.	1327	1PL.PROG · with · news · having · pleasantness
daɗi	Littafin can na da daɗi.	That book was interesting.	1327	book.DEF.M · there · POSS.M · with · pleasantness
daɗi	Rana me daɗi, ko ba haka ba?	Lovely day, isn't it?	1327	day · having · pleasantness · or · NEG · thus · NEG
rai	Ina jin wani daɗi a rai na.	I'm feeling a buzz.	1327	1SG.PROG · feel.GEN · certain.M · pleasantness · at · spirit · 1SG.POSS.M
kayan	Ina amfani da kayan aiki.	I'm using tools.	1328	1SG.PROG · usefulness · with · goods.GEN · work
kawai	Ya na zaune ne kawai.	He lives off the grid.	1330	3SG.M · PROG · residing · COP.M · only
zaune	Ya na zaune ne kawai.	He lives off the grid.	1330	3SG.M · PROG · residing · COP.M · only
mugu	Ka yi hankali, Mugu kawai!	I thou thee, thou traitor!	1330	2SG.M.SBJV · do · sense · evil.one · only
ladabi	Ina yin ladabi ne kawai.	I was just being polite.	1330	1SG.PROG · do.GEN · politeness · COP.M · only
yaron	Yaron na son jin daɗi kawai.	The boys just want to have fun.	1330	boy.DEF.M · PROG · want.GEN · feel.GEN · pleasantness · only
kuke	Ina da abin da kuke so.	I have what you want.	1331	1SG.PROG · with · thing.M.DEF · REL · 2PL.REL.PROG · want
kuke	Ba da wasa kuke yi ba?	You're not joking, are you?	1331	NEG · with · play · 2PL.REL.PROG · do · NEG
kuke	Ina son yadda kuke magana.	I like the way you speak.	1331	1SG.PROG · want.GEN · how.REL · 2PL.REL.PROG · speech
fari	Me kuke sha, fari ko ja?	What are you drinking, white or red?	1331	what · 2PL.REL.PROG · drink · white · or · red
allah	Don Allah a ce wasa kuke.	Please say you're kidding.	1331	for · God · IMPRS.SBJV · say · play · 2PL.REL.PROG
kiran	Na ji ana kiran suna na.	I thought I heard my name being called.	1332	1SG.PFV · hear · IMPRS.PROG · call.GEN · name · 1SG.POSS.M
shan	Ya kamata ka daina shan giya.	You need to stop drinking.	1338	3SG.M.PFV · be.proper · 2SG.M.SBJV · cease · drink.GEN · beer
shan	Ina son shan wani abu mai zafi.	I'd like to drink something hot.	1338	1SG.PROG · want.GEN · drink.GEN · certain.M · thing · having · heat
masu	Akwai yara masu yunwa a Afirka.	There are starving children in Africa.	1339	EXIST · child.PL · having.PL · hunger · at · Africa
yunwa	Akwai yara masu yunwa a Afirka.	There are starving children in Africa.	1339	EXIST · child.PL · having.PL · hunger · at · Africa
afirka	Akwai yara masu yunwa a Afirka.	There are starving children in Africa.	1339	EXIST · child.PL · having.PL · hunger · at · Africa
yunwa	Ya ce ba ya jin yunwa.	He said that he's not hungry.	1339	3SG.M.PFV · say · NEG · 3SG.M.PROG · feel.GEN · hunger
kashe	Mujalla ce don kashe lokaci.	The magazine is for killing time.	1341	magazine · COP.F · for · kill · time
mujalla	Mujalla ce don kashe lokaci.	The magazine is for killing time.	1341	magazine · COP.F · for · kill · time
kashe	Akwai kashe-kashe da yawa a bara.	There were a lot of murders last year.	1341	EXIST · kill-RDP · with · abundance · at · last.year
bara	Akwai kashe-kashe da yawa a bara.	There were a lot of murders last year.	1341	EXIST · kill-RDP · with · abundance · at · last.year
amma	Ya kamata da ka kashe ni, amma ba ka yi ba.	You could have killed me, but you didn't.	1341	3SG.M.PFV · be.proper · COND · 2SG.M.SBJV · kill · 1SG · but · NEG · 2SG.M.PFV · do · NEG
dala	Yanzu na kashe sama da dala dubu uku.	I just spent over three thousand dollars.	1341	now · 1SG.PFV · spend · above · with · dollar · thousand · three
dubu	Yanzu na kashe sama da dala dubu uku.	I just spent over three thousand dollars.	1341	now · 1SG.PFV · spend · above · with · dollar · thousand · three
tsakiya	Babu wanda na sani da aka kashe a Kudu ta Tsakiya L.A.	Nobody I know got killed in South Central L.A.	1341	NEG.EXIST · one.REL.M · 1SG.REL.PFV · know · REL · IMPRS.REL.PFV · kill · at · south · POSS.F · middle · L.A.
kuma	Ya kuma Asabar mai zuwa?	How about next Saturday?	1344	how · also · Saturday · having · coming
kuma	Ba zan kuma zuwa can ba.	I won't go there again.	1344	NEG · FUT.1SG · again · coming · there · NEG
coci	Ba na zuwa coci kuma.	I don't go to church anymore.	1344	NEG · 1SG.PROG · coming · church · again
iya	Ba za ku iya fita ba.	You can't go out.	1346	NEG · FUT · 2PL · can · go.out · NEG
iya	Samun mai daga Gabas ta Tsakiya na iya kawo damuwa.	Supply of oil from the Middle East may be disturbed.	1346	get.GEN · oil · from · east · POSS.F · middle · 3SG.M.PROG · can · bring · trouble
tsakiya	Samun mai daga Gabas ta Tsakiya na iya kawo damuwa.	Supply of oil from the Middle East may be disturbed.	1346	get.GEN · oil · from · east · POSS.F · middle · 3SG.M.PROG · can · bring · trouble
gabas	Samun mai daga Gabas ta Tsakiya na iya kawo damuwa.	Supply of oil from the Middle East may be disturbed.	1346	get.GEN · oil · from · east · POSS.F · middle · 3SG.M.PROG · can · bring · trouble
damuwa	Samun mai daga Gabas ta Tsakiya na iya kawo damuwa.	Supply of oil from the Middle East may be disturbed.	1346	get.GEN · oil · from · east · POSS.F · middle · 3SG.M.PROG · can · bring · trouble
iya	Zai iya yin alfahari da ɗansa mai ilimi.	He may well be proud of his bright son.	1346	FUT.3SG.M · can · do.GEN · pride · with · son.GEN.3SG.M · having · knowledge
ilimi	Zai iya yin alfahari da ɗansa mai ilimi.	He may well be proud of his bright son.	1346	FUT.3SG.M · can · do.GEN · pride · with · son.GEN.3SG.M · having · knowledge
ɗansa	Zai iya yin alfahari da ɗansa mai ilimi.	He may well be proud of his bright son.	1346	FUT.3SG.M · can · do.GEN · pride · with · son.GEN.3SG.M · having · knowledge
ingilishi	Ba zai iya magana da Ingilishi ba, ko?	He can't speak English, can he?	1346	NEG · FUT.3SG.M · can · speech · with · English · NEG · Q
ingilishi	Tana iya magana da Ingilishi, sosai ma.	She can speak English, of course.	1346	3SG.F.PROG · can · speech · with · English · very.much · too
dafa	Kin iya dafa abinci sosai.	You're a really good cook.	1346	2SG.F.PFV · can · cook · food · very.much
kowane	Kowane mutum yana iya zama gawa.	Every man is a potential corpse.	1346	every.M · person · 3SG.M.PROG · can · become · corpse
gawa	Kowane mutum yana iya zama gawa.	Every man is a potential corpse.	1346	every.M · person · 3SG.M.PROG · can · become · corpse
dogara	Zan iya dogara da kai?	Can I count on you?	1346	FUT.1SG · can · rely · with · 2SG.M
kowane	Ruwan sama zai iya sauka kowane lokaci.	Into every life a little rain must fall.	1346	water.GEN.M · sky · FUT.3SG.M · can · descend · every.M · time
sauka	Ruwan sama zai iya sauka kowane lokaci.	Into every life a little rain must fall.	1346	water.GEN.M · sky · FUT.3SG.M · can · descend · every.M · time
imani	Ba zan iya yin imani cewa mun gama aikin ba.	I can't believe we've finally finished the project.	1346	NEG · FUT.1SG · can · do.GEN · belief · COMP · 1PL.PFV · finish · work.M.DEF · NEG
haɗari	Ba na son yin wani abu da zai iya zama haɗari.	I don't want to do anything that might be dangerous.	1346	NEG · 1SG.PROG · want.GEN · do.GEN · some · thing · REL · FUT.3SG.M · can · become · danger
jiran	Zaka iya jiran minti ɗaya?	Can you wait a minute?	1346	FUT.2SG.M · can · wait.GEN · minute · one
minti	Zaka iya jiran minti ɗaya?	Can you wait a minute?	1346	FUT.2SG.M · can · wait.GEN · minute · one
dogara	Ba na jin za mu iya dogara da shi.	I don't think we can trust him.	1346	NEG · 1SG.PROG · feel.GEN · FUT · 1PL · can · rely · with · 3SG.M
hannu	Za a iya sa hannu a nan kawai, don Allah?	Could you just sign right here, please?	1346	FUT · IMPRS · can · put · hand · at · here · only · for · God
illa	Abin na iya kawo illa.	The dose makes the poison.	1346	thing.M.DEF · 3SG.M.PROG · can · bring · harm
ciki	Ba na jin zan iya haka a ciki.	I don't think that I should do that inside.	1346	NEG · 1SG.PROG · feel.GEN · FUT.1SG · can · thus · at · inside
jaka	Ba ku da wata jaka da za a bincika?	Do you have any bags to check?	1347	NEG · 2PL · with · INDF.F · bag · REL · FUT · IMPRS · examine
bincika	Ba ku da wata jaka da za a bincika?	Do you have any bags to check?	1347	NEG · 2PL · with · INDF.F · bag · REL · FUT · IMPRS · examine
yanki	Yanki ne mai launin toka-toka.	It's a legal grey area.	1350	section · COP.M · having · colour.GEN · ash-ash
launin	Yanki ne mai launin toka-toka.	It's a legal grey area.	1350	section · COP.M · having · colour.GEN · ash-ash
toka	Yanki ne mai launin toka-toka.	It's a legal grey area.	1350	section · COP.M · having · colour.GEN · ash-ash
yanki	Yanki ne mai launin toka.	It's a legal gray area.	1350	section · COP.M · having · colour.GEN · ash
launin	Yanki ne mai launin toka.	It's a legal gray area.	1350	section · COP.M · having · colour.GEN · ash
toka	Yanki ne mai launin toka.	It's a legal gray area.	1350	section · COP.M · having · colour.GEN · ash
ƙasa	Motar yana da launin ruwan-ƙasa.	The car is brown.	1350	car.DEF · 3SG.M.PROG · with · colour.GEN · water.GEN-earth
launin	Motar yana da launin ruwan-ƙasa.	The car is brown.	1350	car.DEF · 3SG.M.PROG · with · colour.GEN · water.GEN-earth
takarda	Takarda yana da launin ruwan-ƙasa.	The book is brown.	1350	paper · 3SG.M.PROG · with · colour.GEN · water.GEN-earth
jaki	Yana da jaki mai launin ruwan-ƙasa.	He has a brown horse.	1350	3SG.M.PROG · with · donkey · having · colour.GEN · water.GEN-earth
kaya	Kai wannan kaya ya yi kyau!	What a darling outfit!	1351	hey · this · goods · 3SG.M.PFV · do · goodness
shafa	Ba zan iya shafa tebur ba. Ba ni da kaya.	I cannot wipe the table. I don't have a cloth.	1351	NEG · FUT.1SG · can · wipe · table · NEG · NEG · 1SG · with · goods
kaya	Ba zan iya shafa tebur ba. Ba ni da kaya.	I cannot wipe the table. I don't have a cloth.	1351	NEG · FUT.1SG · can · wipe · table · NEG · NEG · 1SG · with · goods
tebur	Ba zan iya shafa tebur ba. Ba ni da kaya.	I cannot wipe the table. I don't have a cloth.	1351	NEG · FUT.1SG · can · wipe · table · NEG · NEG · 1SG · with · goods
kaya	Wancan kaya ne mai kyau.	That's a cute costume.	1351	that · goods · COP.M · having · goodness
murna	Suna murna da sabuwar gidan su.	They're happy with their new flat.	1352	3PL.PROG · rejoicing · with · new.F.GEN · house.GEN · 3PL
sabuwar	Suna murna da sabuwar gidan su.	They're happy with their new flat.	1352	3PL.PROG · rejoicing · with · new.F.GEN · house.GEN · 3PL
wasiƙar	Ba zan manta da aika wasiƙar ba.	I mustn't forget to post the letter.	1353	NEG · FUT.1SG · forget · with · send · letter.DEF · NEG
aika	Ba zan manta da aika wasiƙar ba.	I mustn't forget to post the letter.	1353	NEG · FUT.1SG · forget · with · send · letter.DEF · NEG
wasiƙar	Na riga na rubuta wasiƙar.	I've written the letter already.	1353	1SG.PFV · do.first · 1SG.PFV · write · letter.DEF
yau	Ba ni da komai a yau.	I have nothing on for today.	1354	NEG · 1SG · with · anything · at · today
yau	Muna kiran ta yau da gobe.	We call on her now and again.	1354	1PL.PROG · call.GEN · 3SG.F · today · and · tomorrow
fes	Ya yi fes da shi yau.	He looks a good deal better today.	1354	3SG.M.PFV · do · spotless · with · 3SG.M · today
tsari	Tsari ne na yau da kullum.	It's routine procedure.	1354	arrangement · COP.M · POSS.M · today · and · always
asara	Nawa ka yi asara a yau?	How much money did you lose today?	1354	how.much · 2SG.M.REL.PFV · do · loss · at · today
ɗakin	Yana zaune a ɗakin jira.	He's sitting in the waiting room.	1362	3SG.M.PROG · seated · at · room.GEN · waiting
zaune	Yana zaune a ɗakin jira.	He's sitting in the waiting room.	1362	3SG.M.PROG · seated · at · room.GEN · waiting
ɗakin	Ina tafiya zuwa ɗakin wanka.	I am walking to the bathroom.	1362	1SG.PROG · going · to · room.GEN · bathing
kwana	Kowane ɗakin kwana yana da ɗakin wanka.	Each bedroom has an en suite bathroom.	1362	every.M · room.GEN · sleeping · 3SG.M.PROG · with · room.GEN · bathing
ɗakin	Kowane ɗakin kwana yana da ɗakin wanka.	Each bedroom has an en suite bathroom.	1362	every.M · room.GEN · sleeping · 3SG.M.PROG · with · room.GEN · bathing
cika	Da alama dai ba ku cika damuwa ba.	You don't seem too worried.	1363	with · sign · EMPH · NEG · 2PL · be.full · worry · NEG
cika	Wannan ya cika kyau sosai!	That was absolutely awesome!	1363	this · 3SG.M.PFV · be.full · goodness · very.much
sauri	Ya kamata ku yi sauri.	You need to hurry.	1368	3SG.M.PFV · be.proper · 2PL.SBJV · do · speed
mutu	Jiki yana girma a hankali kuma ya mutu da sauri.	Bodies grow slowly and die quickly.	1368	body · 3SG.M.PROG · growing · at · sense · and · 3SG.M.PFV · die · with · speed
sauri	Jiki yana girma a hankali kuma ya mutu da sauri.	Bodies grow slowly and die quickly.	1368	body · 3SG.M.PROG · growing · at · sense · and · 3SG.M.PFV · die · with · speed
saboda	Kada ka yi sauri saboda Ni.	Don't rush on my account.	1368	PROH · 2SG.M.SBJV · do · speed · because.of · 1SG
rubutu	Yaya zan iya rubutu da sauri?	How can I write faster?	1368	how · FUT.1SG · can · writing · with · speed
filin	Ta ce ita ne mai wannan filin.	She claimed to be the owner of the land.	1372	3SG.F.PFV · say · 3SG.F · COP.M · possessor.of · this · field.M.DEF
filin	Wannan filin ya na da girma.	This field is wild.	1372	this · field.M.DEF · 3SG.M · PROG · with · bigness
ƙaramin	Wani lokaci, Ina so in zama ƙaramin tsuntsu.	Sometimes, I'd like to be a small bird.	1374	some.M · time · 1SG.PROG · want · 1SG.SBJV · become · small.M.GEN · bird
tsuntsu	Wani lokaci, Ina so in zama ƙaramin tsuntsu.	Sometimes, I'd like to be a small bird.	1374	some.M · time · 1SG.PROG · want · 1SG.SBJV · become · small.M.GEN · bird
hana	Me zai hana su bari ku biya shi?	Why shouldn't they let you pay for it?	1375	what · FUT.3SG.M · prevent · 3PL.SBJV · let · 2PL.SBJV · pay · 3SG.M
hana	Me zai hana mu je mu sami abin da za mu ci?	Why don't we go get something to eat?	1375	what · FUT.3SG.M · prevent · 1PL.SBJV · go · 1PL.SBJV · get · thing.M.DEF · REL · FUT · 1PL · eat
hana	Me zai hana ka sami aiki?	Why not get a job?	1375	what · FUT.3SG.M · prevent · 2SG.M.SBJV · get · work
haƙuri	Yi haƙuri, amma ba mu da lokaci da yawa.	I'm sorry, but we don't have much time.	1376	do.IMP · patience · but · NEG · 1PL · with · time · with · abundance
haƙuri	Mai haƙuri zai iya mutuwa idan ba don magani ba.	The patient could've died if it hadn't been for medical treatment.	1376	possessor.of · patience · FUT.3SG.M · can · die · if · NEG · for · medicine · NEG
mutuwa	Mai haƙuri zai iya mutuwa idan ba don magani ba.	The patient could've died if it hadn't been for medical treatment.	1376	possessor.of · patience · FUT.3SG.M · can · die · if · NEG · for · medicine · NEG
haƙuri	Sun yi haƙuri sosai, ko ba haka ba?	They were very patient, weren't they?	1376	3PL.PFV · do · patience · very.much · or · NEG · thus · NEG
maganin	Wannan maganin guba ne daga Allah.	This medicine is a natural poison.	1377	this · medicine.M.DEF · poison · COP.M · from · God
guba	Wannan maganin guba ne daga Allah.	This medicine is a natural poison.	1377	this · medicine.M.DEF · poison · COP.M · from · God
maganin	Kare ne mai maganin kare lafiya.	Cookie is a therapy dog.	1377	dog · COP.M · possessor.of · medicine.GEN · protect · health
kare	Kare ne mai maganin kare lafiya.	Cookie is a therapy dog.	1377	dog · COP.M · possessor.of · medicine.GEN · protect · health
jifa	Me ya sa ka yi jifa da ni?	Why are you short with me?	1379	what · 3SG.M.REL.PFV · cause · 2SG.M.PFV · do · throw · with · 1SG
banza	Kai ba banza ba ne.	You are not a coward.	1381	2SG.M · NEG · worthlessness · NEG · COP.M
banza	Sun yi banza da shi.	They ignored him.	1381	3PL.PFV · do · worthlessness · with · 3SG.M
daɗe	Me ya sa ya daɗe haka?	What's taking him so long?	1383	what · 3SG.M.REL.PFV · cause · 3SG.M.PFV · last.long · thus
daɗe	Ba mu wani daɗe sosai ba.	We haven't been together that long.	1383	NEG · 1PL · some.M · last.long · very.much · NEG
fa	Idan kowane rana Asabar ne fa?	What if all days were Saturday?	1389	if · every.M · day · Saturday · COP.M · EMPH
mace	Yanzu ita fa mace ce.	She's a woman now.	1389	now · 3SG.F · EMPH · woman · COP.F
fa	Yanzu ita fa mace ce.	She's a woman now.	1389	now · 3SG.F · EMPH · woman · COP.F
yarda	Na yarda da ku sosai.	To some extent I agree with you.	1391	1SG.PFV · agree · with · 2PL · very.much
yarda	Ba zan kuma yarda da shi ba.	I don't trust him any more.	1391	NEG · FUT.1SG · again · agree · with · 3SG.M · NEG
yarda	Ba zan iya yarda da wannan ba.	I can't accept this.	1391	NEG · 1SG.FUT · can · agree · with · this · NEG
kuwa	Bai kamata ku yi haka ba, ko kuwa?	You're not supposed to be doing that, are you?	1392	3SG.M.NEG.PFV · fitting · 2PL.SBJV · do · thus · NEG · or · EMPH
kuwa	Kai kuwa ina zaka haka?	Where on earth are you going?	1392	2SG.M · EMPH · where · 2SG.M.FUT · thus
san	Na san za ka ce a'a.	I know you're going to say no.	1393	1SG.PFV · know · FUT · 2SG.M · say · no
san	Na san za ku ce a'a.	I know you're going to say no.	1393	1SG.PFV · know · FUT · 2PL · say · no
yarinyar	Wannan yarinyar ta san Jamusanci da Ingilishi.	That girl knows German and English.	1393	this · girl.F.DEF · 3SG.F.PFV · know · German · and · English
jamusanci	Wannan yarinyar ta san Jamusanci da Ingilishi.	That girl knows German and English.	1393	this · girl.F.DEF · 3SG.F.PFV · know · German · and · English
waƙar	Ban san wannan waƙar ba.	I don't know this song.	1393	1SG.NEG.PFV · know · this · song.F.DEF · NEG
ƙaramin	Na san wani ƙaramin hanya.	I know a shorter route.	1393	1SG.PFV · know · some.M · small.M.LK · road
hanya	Na san wani ƙaramin hanya.	I know a shorter route.	1393	1SG.PFV · know · some.M · small.M.LK · road
arziki	Na san kana son zama mai arziki.	I know you want to be rich.	1393	1SG.PFV · know · 2SG.M.PROG · want.GEN · become · having · wealth
inda	Mun san inda kuke da zama.	We know where you live.	1393	1PL.PFV · know · where.REL · 2PL.REL.PROG · with · dwelling
suke	Ba a san inda suke ba.	Their whereabouts are unknown.	1393	NEG · IMPRS · know · where.REL · 3PL.REL.PROG · NEG
kallo	Na san ana kallo na.	I knew I was being watched.	1393	1SG.PFV · know · IMPRS.PROG · watching · 1SG.POSS.M
sannu	Na san da sannu zan mutu.	I know I'll die soon.	1393	1SG.PFV · know · with · slowly · 1SG.FUT · die
mutu	Na san da sannu zan mutu.	I know I'll die soon.	1393	1SG.PFV · know · with · slowly · 1SG.FUT · die
nasara	Ta san ba za ta ci nasara ba.	She knew she wouldn't win.	1393	3SG.F.PFV · know · NEG · FUT · 3SG.F · eat · victory · NEG
ga	An ƙaddara mutum ga wahala.	Man is destined to suffer.	1396	IMPRS.PFV · destine · person · to · hardship
ƙaddara	An ƙaddara mutum ga wahala.	Man is destined to suffer.	1396	IMPRS.PFV · destine · person · to · hardship
ga	Har yanzu ba ka ga komai ba.	And you ain’t seen nothin’ yet.	1396	until · now · NEG · 2SG.M.PFV · see · anything · NEG
ga	Ya kamata na ga likita yau.	I have to go to the doctor today.	1396	3SG.M.PFV · fitting · 1SG.SBJV · see · doctor · today
sanda	Na ga sanda motar ta yi bindiga.	I saw the car explode.	1396	1SG.PFV · see · when · car.F.DEF · 3SG.F.REL.PFV · do · gun
bindiga	Na ga sanda motar ta yi bindiga.	I saw the car explode.	1396	1SG.PFV · see · when · car.F.DEF · 3SG.F.REL.PFV · do · gun
biyayya	Ka yi biyayya ga mata. Son su bai isa ba.	Be loyal to women. Loving them isn't enough.	1396	2SG.M.SBJV · do · loyalty · to · women · love.GEN · 3PL · 3SG.M.NEG.PFV · suffice · NEG
motsa	Ya kamata ka motsa jiki.	You should exercise.	1397	3SG.M.PFV · fitting · 2SG.M.SBJV · move · body
fada	Zan fada ma yaushe zaka daina ba.	I'll tell you when to stop.	1399	1SG.FUT · say · DAT · when · 2SG.M.FUT · stop · NEG
bukatar	Ina bukatar wanda zan yi magana da shi.	I need someone to talk to.	1400	1SG.PROG · need.GEN · one.REL.M · 1SG.FUT · do · talk · with · 3SG.M
kula	Mata da yawa suna kula da gida kuma su fita aiki.	Lots of women both run a home and go out to work.	1401	woman.PL · with · abundance · 3PL.PROG · care · with · house · and · 3PL.SBJV · go.out · work
kula	Ta kula da shi da kyau.	She did well by him.	1401	3SG.F.PFV · care · with · 3SG.M · with · goodness
domin	Ya zo domin ya kula da ku.	He's here to protect you.	1401	3SG.M.PFV · come · for · 3SG.M.SBJV · care · with · 2PL
miki	Za mu kula miki da wannan.	We'll take care of this for you.	1401	FUT · 1PL · care · DAT.2SG.F · with · this
gara	Gara ka kula da shi.	You'd better take care of it.	1401	better · 2SG.M.SBJV · care · with · 3SG.M
hakki	Hakki na ne kula da su.	I'm responsible for them.	1401	duty · 1SG.POSS · COP.M · care · with · 3PL
samu	Idan ya dage zai samu nasara.	If he tries hard, he will succeed.	1402	if · 3SG.M.PFV · persist · FUT.3SG.M · get · victory
dage	Idan ya dage zai samu nasara.	If he tries hard, he will succeed.	1402	if · 3SG.M.PFV · persist · FUT.3SG.M · get · victory
samu	Za ku iya samu ba domin komai ba.	You may have it for nothing.	1402	FUT · 2PL · can · get · NEG · for · anything · NEG
samu	Idan ya yi nasara zai samu yarda da kai.	If he wins he will gain self-confidence.	1402	if · 3SG.M.PFV · do · victory · FUT.3SG.M · get · trust · with · head
mota	Ina sauri in samu mota.	I have a bus to catch.	1402	1SG.PROG · hurry · 1SG.SBJV · get · car
shawara	Ina so in ba ka wata shawara.	I would like to give you a piece of advice.	1404	1SG.PROG · want · 1SG.SBJV · give · 2SG.M · INDF.F · advice
shawara	Zan iya ba da shawara?	Can I offer a suggestion?	1404	FUT.1SG · can · give · PRT · advice
yanke	Ba za mu iya yanke shawara ba.	We can't make up our mind.	1405	NEG · FUT · 1PL · can · cut · advice · NEG
yanke	Zai fi kyau ka yanke shawara.	You'd better make up your mind.	1405	FUT.3SG.M · exceed · goodness · 2SG.M.SBJV · cut · advice
alheri	Fadi alheri ko kai shiru.	Make a spoon or spoil a horn.	1406	say · kindness · or · 2SG.M · silence
fadi	Fadi alheri ko kai shiru.	Make a spoon or spoil a horn.	1406	say · kindness · or · 2SG.M · silence
fadi	Kin fadi haka da farko.	You said that before.	1406	2SG.F.PFV · say · thus · with · beginning
fadi	Kada ku fadi don zamba ta.	Don't fall for her scam.	1406	PROH · 2PL.SBJV · fall · for · fraud · 3SG.F.POSS
zamba	Kada ku fadi don zamba ta.	Don't fall for her scam.	1406	PROH · 2PL.SBJV · fall · for · fraud · 3SG.F.POSS
bakin	Mun yi wasa a bakin ruwa.	We played on the beach.	1407	1PL.PFV · do · play · at · mouth.GEN · water
bakin	Biya yana tafiya a bakin kogi.	The bear was walking along the river bank.	1407	bear · 3SG.M.PROG · going · at · mouth.GEN · river
kogi	Biya yana tafiya a bakin kogi.	The bear was walking along the river bank.	1407	bear · 3SG.M.PROG · going · at · mouth.GEN · river
manoma	Manoma suna aiki sosai a cikin filin.	Farmers are busy working in the field.	1408	farmer.PL · 3PL.PROG · work · much · at · inside.GEN · field.DEF
filin	Manoma suna aiki sosai a cikin filin.	Farmers are busy working in the field.	1408	farmer.PL · 3PL.PROG · work · much · at · inside.GEN · field.DEF
cikin	Manoma suna aiki sosai a cikin filin.	Farmers are busy working in the field.	1408	farmer.PL · 3PL.PROG · work · much · at · inside.GEN · field.DEF
cikin	Suna jin suna cikin wahala.	They felt their way in the dark.	1408	3PL.PROG · hear.VN.GEN · 3PL.PROG · inside.GEN · difficulty
kaso	Kaso biyu cikin uku ba laifi.	Two out of three ain't bad.	1408	portion · two · inside.GEN · three · NEG · fault
laifi	Kaso biyu cikin uku ba laifi.	Two out of three ain't bad.	1408	portion · two · inside.GEN · three · NEG · fault
gari	An yi ruwan sama a cikin gari.	The rain has cleared up in the city.	1408	IMPRS.PFV · do · water.GEN · sky · at · inside.GEN · town.
shuka	Za a shuka shinkafa a cikin wannan filin.	Rice will be planted in this field.	1408	FUT · IMPRS · sow · rice · at · inside.GEN · this · field.DEF.
shinkafa	Za a shuka shinkafa a cikin wannan filin.	Rice will be planted in this field.	1408	FUT · IMPRS · sow · rice · at · inside.GEN · this · field.DEF.
gina	Ina zaune a cikin gidan da aka gina a 2013.	I live in a house that was built in 2013.	1408	1SG.PROG · residing · at · inside.GEN · house.DEF · REL · IMPRS.REL.PFV · build · at · 2013.
ajiye	Dama dai ne a ajiye kare a cikin gida.	It is right to keep a dog in a flat.	1408	proper · PRT · COP.M · IMPRS.SBJV · keep · dog · at · inside.GEN · house.
tsaro	Ya ce baya jin yana cikin tsaro.	He said that he didn't feel safe.	1408	3SG.M.PFV · say · NEG.3SG.M.PROG · feel.VN.GEN · 3SG.M.PROG · inside.GEN · security.
gabas	Rana na fitowa daga gabas ta kuma fadi a yamma.	The sun rises from the east and sets in the west.	1409	sun · PROG · emerge.VN · from · east · 3SG.F.PFV · also · fall · at · west.
fitowa	Rana na fitowa daga gabas ta kuma fadi a yamma.	The sun rises from the east and sets in the west.	1409	sun · PROG · emerge.VN · from · east · 3SG.F.PFV · also · fall · at · west.
kokarin	Yi kokarin mai da hankali.	Try to focus.	1411	do.IMP · effort.GEN · return · OBJ · mind.
mene	Mene ne asali kake yi?	What exactly are you doing?	1412	what · COP.M · origin · 2SG.M.REL.PROG · do?
asali	Mene ne asali kake yi?	What exactly are you doing?	1412	what · COP.M · origin · 2SG.M.REL.PROG · do?
mene	Mene ne haka, zan iya! Yaushe zan fara?	What the heck, I'll do it! When shall I start?	1412	what · COP.M · thus, · FUT.1SG · can! · when · FUT.1SG · begin?
mene	Kawai mene abin da kake yi?	Just what the heck are you doing?	1412	only · what · thing.DEF · REL · 2SG.M.REL.PROG · do?
shirya	Fada ba zai shirya komai ba.	Fighting won't settle anything.	1419	fighting · NEG · FUT.3SG.M · arrange · anything · NEG.
fada	Fada ba zai shirya komai ba.	Fighting won't settle anything.	1419	fighting · NEG · FUT.3SG.M · arrange · anything · NEG.
shirya	Tun jiya ta shirya tafiya.	He set out on a trip yesterday.	1419	since · yesterday · 3SG.F.PFV · prepare · journey.
mamata	Mamata ba ta iya tuƙa mota ba baki ɗaya.	My mother cannot drive a car at all.	1422	mother.1SG.POSS · NEG · 3SG.F · can · drive · car · NEG · mouth · one.
tuƙa	Mamata ba ta iya tuƙa mota ba baki ɗaya.	My mother cannot drive a car at all.	1422	mother.1SG.POSS · NEG · 3SG.F · can · drive · car · NEG · mouth · one.
ninka	Kuɗin da kake samu ya ninka nawa sau uku.	Your income is three times larger than mine.	1423	money.DEF · REL · 2SG.M.REL.PROG · get · 3SG.M.PFV · multiply · 1SG.POSS.M · times · three.
kuɗin	Kuɗin da kake samu ya ninka nawa sau uku.	Your income is three times larger than mine.	1423	money.DEF · REL · 2SG.M.REL.PROG · get · 3SG.M.PFV · multiply · 1SG.POSS.M · times · three.
mutumin	Mutumin da ya faɗa ruwa ya fara numfashi.	The man who nearly drowned began to breathe.	1425	man.M.DEF · REL · 3SG.M.REL.PFV · fall · water · 3SG.M.PFV · begin · breathing
numfashi	Mutumin da ya faɗa ruwa ya fara numfashi.	The man who nearly drowned began to breathe.	1425	man.M.DEF · REL · 3SG.M.REL.PFV · fall · water · 3SG.M.PFV · begin · breathing
wayyo	Wayyo Allah, guba, ta kawo mini guba!...	Oh, gods, my gods, poison, bring me poison!...	1426	alas · God · poison · 3SG.F.SBJV · bring · DAT.1SG · poison
guba	Wayyo Allah, guba, ta kawo mini guba!...	Oh, gods, my gods, poison, bring me poison!...	1426	alas · God · poison · 3SG.F.SBJV · bring · DAT.1SG · poison
laifi	Kai mutum ne mai banƙyama. Babu laifi.	You are a disgusting person. No offense.	1428	2SG.M · person · COP.M · having · disgust · NEG.EXIST · fault
banƙyama	Kai mutum ne mai banƙyama. Babu laifi.	You are a disgusting person. No offense.	1428	2SG.M · person · COP.M · having · disgust · NEG.EXIST · fault
kun	Kun san wani da ya iya Faransanci?	Do you know anyone who speaks French?	1429	2PL.PFV · know · someone · REL · 3SG.M.REL.PFV · can · French
kun	Kun san mene ne wannan?	Do you know what that is?	1429	2PL.PFV · know · what · COP.M · this
fashe	Kun yi sa'a ba ku fashe ba.	You're lucky you didn't get busted.	1429	2PL.PFV · do · luck · NEG · 2PL · burst · NEG
gano	Na gano shi yana aiki cikin lambu.	I found him working in the garden.	1432	1SG.PFV · find · 3SG.M · 3SG.M.PROG · work · in · garden
lambu	Na gano shi yana aiki cikin lambu.	I found him working in the garden.	1432	1SG.PFV · find · 3SG.M · 3SG.M.PROG · work · in · garden
gano	Na gano cewa ban shirya ba.	I realized I wasn't ready.	1432	1SG.PFV · find · COMP · NEG.1SG.PFV · prepare · NEG
nema	Faɗa mini abin da kuke nema kuma zan taimake ku gano shi.	Tell me what you're looking for and I'll help you find it.	1432	tell.IMP · DAT.1SG · thing.M.DEF · REL · 2PL.REL.PROG · seek · and · FUT.1SG · help · 2PL · find · 3SG.M
yarinyar	Ba mu gano yarinyar ba.	We have not found the girl.	1432	NEG · 1PL · find · girl.F.DEF · NEG
zaki	Kin gano yadda zaki yi haka?	Did you ever figure out how to do that?	1432	2SG.F.PFV · find · how · FUT.2SG.F · do · thus
karshen	Asabar ita ce rana ta karshen sati.	Saturday is the last day of week.	1433	Saturday · 3SG.F · COP.F · day · GEN.F · end.M.GEN · week
sati	Asabar ita ce rana ta karshen sati.	Saturday is the last day of week.	1433	Saturday · 3SG.F · COP.F · day · GEN.F · end.M.GEN · week
karshen	Ina za ku je wannan karshen mako?	Where are you going this weekend?	1433	where · FUT · 2PL · go · this · end.M.GEN · week
salama	Bari salama ta kasance a duniya.	Let peace happen in the world.	19999	let.IMP · peace · 3SG.F.SBJV · be · at · world
duniya	Bari salama ta kasance a duniya.	Let peace happen in the world.	19999	let.IMP · peace · 3SG.F.SBJV · be · at · world
sayi	Ina so in sayi baƙa ne.	I want to buy a black one.	19999	1SG.PROG · want · 1SG.SBJV · buy · black.F · COP.M
tamkar	Ya yi shige tamkar ta mace.	He dressed up as a woman.	19999	3SG.M.PFV · do · outfit · like · POSS.F · woman
kyakkyawan	Yana da wahala samun kyakkyawan tunani.	It's difficult to have great ideas.	19999	3SG.M.PROG · with · difficulty · getting.GEN · good.M.GEN · thought
dogara	Na dogara ne da taimakon ku.	I count on your help.	19999	1SG.PFV · rely · COP.M · with · help.GEN · 2PL
shanu	Shanu na rayuwa ne da ciyawa.	Cows live on grass.	19999	cow.PL · PROG · living · COP.M · with · grass
ciyawa	Shanu na rayuwa ne da ciyawa.	Cows live on grass.	19999	cow.PL · PROG · living · COP.M · with · grass
cigaba	Ya kamata ka cigaba har sai ka gamsu.	You should continue until you're satisfied.	19999	3SG.M.PFV · befit · 2SG.M.SBJV · continue · until · only · 2SG.M.SBJV · satisfied
sabon	Shin ko akwai wani sabon labari?	Is there any fresh news?	19999	Q · whether · EXIST · INDF.M · new.M.GEN · news
ƙafa	Na wani abu ya taɓa min ƙafa.	I felt something touch my feet.	19999	1SG.PFV · INDF.M · thing · 3SG.M.PFV · touch · DAT.1SG · foot
wuya	Magana da Turanci yanada wuya.	Speaking English is difficult.	19999	speech · with · English · 3SG.M.PROG.with · difficulty
turanci	Magana da Turanci yanada wuya.	Speaking English is difficult.	19999	speech · with · English · 3SG.M.PROG.with · difficulty
huta	Likitan ya ce ya huta.	The doctor ordered that he take a rest.	19999	doctor.DEF · 3SG.M.PFV · say · 3SG.M.SBJV · rest
bas	A ina zan iya samun bas masu yawon gari?	Where can I find a shuttle bus?	19999	at · where · 1SG.FUT · can · getting.GEN · bus · having.PL · tour.GEN · town
gari	A ina zan iya samun bas masu yawon gari?	Where can I find a shuttle bus?	19999	at · where · 1SG.FUT · can · getting.GEN · bus · having.PL · tour.GEN · town
kafin	Ina son ganinku kafin in tashi zuwa Turai.	I'd like to see you before I leave for Europe.	19999	1SG.PROG · want.GEN · seeing.GEN.2PL · before · 1SG.SBJV · depart · to · Europe
turai	Ina son ganinku kafin in tashi zuwa Turai.	I'd like to see you before I leave for Europe.	19999	1SG.PROG · want.GEN · seeing.GEN.2PL · before · 1SG.SBJV · depart · to · Europe
yaƙi	Idan aka kuma wani yaƙi, duk sai an kashe mu.	Another war, and we all will be killed.	19999	if · IMPRS.REL.PFV · again · INDF.M · war · all · then · IMPRS.PFV · kill · 1PL
sunan	A mun afwa, ban ji sunan ka da kyau ba.	I beg your pardon; I didn't quite catch your name.	19999	IMPRS.SBJV · DAT.1PL · pardon · NEG.1SG.PFV · hear · name.GEN · 2SG.M · with · goodness · NEG
gasa	Gasa don matsayin yana da ƙarfi sosai.	Competition for the position is very intense.	19999	competition · for · position.DEF · 3SG.M.PROG · with · strength · very
ƙarfi	Gasa don matsayin yana da ƙarfi sosai.	Competition for the position is very intense.	19999	competition · for · position.DEF · 3SG.M.PROG · with · strength · very
bara	Paul ya sami kuɗi da yawa a bara.	Paul made a lot of money last year.	19999	Paul · 3SG.M.PFV · get · money · with · abundance · at · last.year
aske	Na ji daɗin yadda na aske gemu na.	It is pleasant to shave off my beard.	19999	1SG.PFV · feel · pleasure.GEN · how · 1SG.REL.PFV · shave · beard · 1SG.POSS.M
gemu	Na ji daɗin yadda na aske gemu na.	It is pleasant to shave off my beard.	19999	1SG.PFV · feel · pleasure.GEN · how · 1SG.REL.PFV · shave · beard · 1SG.POSS.M
haraji	A ina zan sami lauyan haraji mai kyau?	Where can I get hold of a good tax lawyer?	19999	at · where · 1SG.FUT · get · lawyer.GEN · tax · having · goodness
italiya	Jamus ta yi ƙawance da Italiya.	Germany made an alliance with Italy.	19999	Germany · 3SG.F.PFV · do · alliance · with · Italy
jamus	Jamus ta yi ƙawance da Italiya.	Germany made an alliance with Italy.	19999	Germany · 3SG.F.PFV · do · alliance · with · Italy
rai	Ted yana sa rai zuwa turai bayan ya gama makaranta.	Ted is looking forward to going abroad after graduation.	19999	Ted · 3SG.M.PROG · put · life · to · Europe · after · 3SG.M.REL.PFV · finish · school
turai	Ted yana sa rai zuwa turai bayan ya gama makaranta.	Ted is looking forward to going abroad after graduation.	19999	Ted · 3SG.M.PROG · put · life · to · Europe · after · 3SG.M.REL.PFV · finish · school
tebur	Tebur yana nishi da abinci.	The table was groaning with food.	19999	table · 3SG.M.PROG · groan · with · food
tim	Tim ya kwantar da hankali bayan yayi aure.	Tim settled down after he got married.	19999	Tim · 3SG.M.PFV · lay.down · OBJ · sense · after · 3SG.M.REL.PFV.do · marriage
sabuwar	Na yi nasara da Dave ya biya kuɗin don sabuwar motar sa.	I bet Dave paid a pretty penny for his new car.	19999	1SG.PFV · do · victory · with · Dave · 3SG.M.PFV · pay · money.DEF · for · new.F.GEN · car.F.GEN · 3SG.M.POSS
tsoho	Wancan ya nuna, shi tsoho ne kuma ya gaji.	That is to say, he was old and gray and tired.	19999	that · 3SG.M.PFV · show · 3SG.M · old.M · COP.M · and · 3SG.M.PFV · tired
raba	Garkuwar ta raba ɗakin gida biyu.	A screen divided the room into two.	19999	shield.F.DEF · 3SG.F.PFV · divide · room.GEN · house · two
mamaye	Duk da dai Ni ne da gaskiya, ya mamaye Ni.	Even though I was right, he got the best of me.	19999	all · with · EMPH · 1SG · COP.M · with · truth · 3SG.M.PFV · overwhelm · 1SG
laifi	Wancan laifi ne babba, kuma za'a hukunta ka!	That is a criminal offense, and you will surely be punished!	19999	that · crime · COP.M · big · and · FUT.IMPRS · punish · 2SG.M
yawanci	Yawanci sun yarda da labarin.	Many a man believes the story.	19999	mostly · 3PL.PFV · agree · with · story.DEF
yakan	Tsoho yakan yi wa kansa magana wani lokaci.	The old man sometimes talks to himself.	19999	old.man · 3SG.M.HAB · do · DAT · head.GEN.3SG.M · speech · INDF.M · time
tsoho	Tsoho yakan yi wa kansa magana wani lokaci.	The old man sometimes talks to himself.	19999	old.man · 3SG.M.HAB · do · DAT · head.GEN.3SG.M · speech · INDF.M · time
waɗannan	Kada ku yarda da waɗannan bukatun.	Do not give in to those demands.	19999	PROH · 2PL.SBJV · agree · with · these · demand.PL.DEF
madubi	Fuskokin ta sun yi kama da madubi.	Its surface was as flat as a mirror.	19999	face.PL.GEN · 3SG.F · 3PL.PFV · do · resemblance · with · mirror
yaran	Yaran nan biyu sun yi tafiya cikin ƙasar.	The two boys traveled throughout the land.	19999	child.PL.DEF · this · two · 3PL.PFV · do · journey · inside.GEN · land.DEF
kabila	Wata ballagazar kabila ta zauna a can wani lokaci.	A savage tribe lived there in those days.	19999	INDF.F · savage.GEN · tribe · 3SG.F.PFV · dwell · at · there · INDF.M · time
ajiye	Wurin ajiye mota kyauta ne.	The parking lot is free of charge.	19999	place.GEN · park · car · free · COP.M
mutumin	Mutumin ya harbi tsuntsaye uku da bindiga.	The man shot three birds with a gun.	19999	man.DEF · 3SG.M.PFV · shoot · bird.PL · three · with · gun
bindiga	Mutumin ya harbi tsuntsaye uku da bindiga.	The man shot three birds with a gun.	19999	man.DEF · 3SG.M.PFV · shoot · bird.PL · three · with · gun
takalmi	Na ga yaron ya saka takalmi mai launin ruwan ƙasa.	I saw the boy in brown shoes.	19999	1SG.PFV · see · boy.DEF · 3SG.M.PFV · wear · shoe · having · colour.GEN · water.GEN · ground
goma	Jimlar ta kai dala goma.	The total came to ten dollars.	19999	total.DEF · 3SG.F.PFV · reach · dollar · ten
ɗalibai	Malamin baya wasa da ɗalibai shi.	The teacher is strict with his students.	19999	teacher.DEF · NEG.3SG.M.PROG · play · with · student.PL · 3SG.M
mutanen	Mutanen ba sa son tsuntsayen.	The people don't like the birds.	19999	person.PL.DEF · NEG · 3PL.PROG · like.GEN · bird.PL.DEF
bango	Yaron ya zana hoto a bango.	The boy drew a picture on the wall.	19999	boy.DEF · 3SG.M.PFV · draw · picture · at · wall
hoto	Yaron ya zana hoto a bango.	The boy drew a picture on the wall.	19999	boy.DEF · 3SG.M.PFV · draw · picture · at · wall
safar	Safar hannu yana da rami a babban yatsa.	The glove has a hole in the thumb.	19999	sock.GEN · hand · 3SG.M.PROG · with · hole · at · big.GEN · finger
yatsa	Safar hannu yana da rami a babban yatsa.	The glove has a hole in the thumb.	19999	sock.GEN · hand · 3SG.M.PROG · with · hole · at · big.GEN · finger
rami	Safar hannu yana da rami a babban yatsa.	The glove has a hole in the thumb.	19999	sock.GEN · hand · 3SG.M.PROG · with · hole · at · big.GEN · finger
shida	Girkin zai isa mutane shida.	The recipe serves six people.	19999	cooking.DEF · 3SG.M.FUT · suffice · person.PL · six
jawo	Sabon tsarin zai jawo kuɗi da yawa.	The new plan will call for a lot of money.	19999	new.GEN · plan.DEF · 3SG.M.FUT · pull · money · with · abundance
ido	Furannin sun yi kyau sosai a ido.	The flowers were very beautiful to look at.	19999	flower.PL.DEF · 3PL.PFV · do · goodness · very · at · eye
sukan	Bakin sukan yana da tsini sosai.	The knife has a keen blade.	19999	mouth.GEN · knife · 3SG.M.PROG · with · sharpness · very
bakin	Bakin sukan yana da tsini sosai.	The knife has a keen blade.	19999	mouth.GEN · knife · 3SG.M.PROG · with · sharpness · very
baƙi	Ba daɗi a yi ta kallon baƙi.	It is rude to stare at strangers.	19999	NEG · pleasantness · IMPRS · do · ITER · looking.GEN · stranger.PL
zaki	Ni da Joe mun ga zaki jiya.	Joe and I saw a lion yesterday.	19999	1SG · with · Joe · 1PL.PFV · see · lion · yesterday
amana	George mutum ne mai amana.	George is very honest by nature.	19999	George · person · COP.M · having · trust
tabo	Riga biyu da kara, don Allah. Akwai tabo a nan.	Two shirts and suits, please. There's a stain here.	19999	gown · two · with · addition · for · God · EXIST · stain · at · here
yarinya	Jane yarinya ce mai ban sha'awa.	Jane is a most charming girl.	19999	Jane · girl · COP.F · having · giving.GEN · interest
teku	San Francisco yana bakin Teku ta yamma na Amurka.	San Francisco is on the West Coast of the U.S.	19999	San · Francisco · 3SG.M.PROG · shore.GEN.M · sea · POSS.F · west · POSS.M · America
nema	Akwai taswirar idan an nema.	A map is available upon request.	19999	EXIST · map.DEF.F · if · IMPRS.PFV · seek
daban	Wannan yana da mahimmanci isa ga magani daban.	This is important enough for separate treatment.	19999	this · 3SG.M.PROG · with · importance · suffice · to · treatment · separate
lissafi	Wannan matsalar lissafi ce mai wahala.	This is a difficult math problem.	19999	this · problem.GEN.F · mathematics · COP.F · having · difficulty
teku	Wannan ita ce hanyar zuwa teku.	This is the passage to the sea.	19999	this · 3SG.F · COP.F · way.GEN.F · going · sea
nazari	Wannan matsalar tana bukatar yin nazari.	This problem deserves considering.	19999	this · problem.DEF.F · 3SG.F.PROG · need.GEN.F · do.VN.LK · study
sakamako	Binciken ya ba da sakamako mai zuwa.	The analysis gives the following results.	19999	investigation.DEF.M · 3SG.M.PFV · give · PRT · result · having · coming
tarihi	Wannan binciken za a rubuta shi a cikin tarihi.	This discovery will be recorded in history.	19999	this · investigation.DEF.M · FUT · IMPRS · write · 3SG.M · at · inside.GEN.M · history
littattafai	Akwai manyan littattafai da yawa a cikin wannan ɗakin karatu.	There are a great many books in this library.	19999	EXIST · big.PL.LK · book.PL · with · abundance · at · inside.GEN.M · this · room.GEN.M · reading
fure	Wannan fure kamshinsa akwai daɗi.	This flower smells sweet.	19999	this · flower · smell.GEN.3SG.M · EXIST · pleasantness
dubu	Mutane dubu biyu ne za su cika ɗakin taron.	Two thousand people fit into this hall.	19999	person.PL · thousand · two · COP.PL · FUT · 3PL · fill · room.GEN.M · meeting.DEF.M
kwana	Zan yi ban kwana da wannan makaranta mai wari.	I'll bid farewell to this stinking school.	19999	FUT.1SG · do · give.VN.LK · sleeping · with · this · school · having · stench
kasuwanci	Na zo nan dan kasuwanci.	I am here on business.	19999	1SG.PFV · come · here · for · commerce
malama	Wannan hanyar, don Allah, malama.	This way, please, mademoiselle.	19999	this · way.DEF.F · for · God · madam
ƙaramin	Evan ƙaramin yaro ne kawai. Ta yaya zai san abin da zai yi?	Evan is just a little boy. How should he know what to do?	19999	Evan · small.M.LK · boy · COP.M · only · via · how · FUT.3SG.M · know · thing.DEF.M · REL · FUT.3SG.M · do
iyali	A hankali nake son shiryawa kuma in sami iyali, amma ba yanzu ba.	Eventually I'd like to settle down and have a family, but not yet.	19999	at · sense · 1SG.PROG.REL · want.GEN · prepare.VN · and · 1SG.SBJV · get · family · but · NEG · now · NEG
tara	A'a fara danna tara da farko.	No, please dial nine first.	19999	no · begin.IMP · press · nine · with · beginning
baƙi	Gashin wancan yaron baƙi ne.	That boy's hair is black.	19999	hair.GEN.M · that · boy.DEF.M · black · COP.M
tsayi	Gadar ba ta da tsayi.	That bridge isn't long.	19999	bridge.DEF.F · NEG · 3SG.F · with · height
murna	Fatan alheri ko nasara! Murna!	Here's to you! Cheers!	19999	hope.GEN.M · kindness · or · victory · joy
alheri	Fatan alheri ko nasara! Murna!	Here's to you! Cheers!	19999	hope.GEN.M · kindness · or · victory · joy
yawanci	Yawanci ka na da juriya sosai.	You're usually as tough as nails.	19999	mostly · 2SG.M · PROG · with · endurance · very.much
paris	Baka taba zuwa Paris ba?	You've never been to Paris?	19999	NEG.2SG.M.PFV · ever · going · Paris · NEG
shida	Da fatan za a ba shi wani magani na kowane bayan awa shida.	Please give him a dose of medicine every six hours.	19999	with · hope.GEN.M · FUT · IMPRS · give · 3SG.M · INDF.M · medicine · POSS.M · every.M · after · hour · six
kwabo	Yana yin addinin da ba zai kashe ko kwabo ba.	He makes a religion of never wasting a penny.	19999	3SG.M.PROG · do.VN.LK · religion.DEF.M · REL · NEG · FUT.3SG.M · spend · even · kobo · NEG
oktoba	A biya wannan kudin a Oktoba 28, 1998.	Please settle this account by October 28, 1998.	19999	IMPRS.SBJV · pay · this · money.DEF.M · at · October · 28 · 1998
sauka	Sojojin sun sauka a Girka.	The troops landed in Greece.	19999	soldier.PL.DEF · 3PL.PFV · descend · at · Greece
girka	Sojojin sun sauka a Girka.	The troops landed in Greece.	19999	soldier.PL.DEF · 3PL.PFV · descend · at · Greece
kunya	Na ji kunya sosai, tamkar na haƙa rami na faɗa ciki.	I'm so embarrassed I could dig a hole and crawl into it.	19999	1SG.PFV · feel · shame · very.much · as.though · 1SG.PFV · dig · hole · 1SG.PFV · fall · inside
rami	Na ji kunya sosai, tamkar na haƙa rami na faɗa ciki.	I'm so embarrassed I could dig a hole and crawl into it.	19999	1SG.PFV · feel · shame · very.much · as.though · 1SG.PFV · dig · hole · 1SG.PFV · fall · inside
ciyawa	Babu ciyawa a kan wata.	There is no grass on the moon.	19999	NEG.EXIST · grass · at · on · moon
baƙi	Dole ne ku yi hankali da baƙi.	You have to beware of strangers.	19999	necessity · COP.M · 2PL.SBJV · do · sense · with · stranger.PL
mutuwa	Yayi Sa'a sosai da tsira daga mutuwa.	He was so fortunate as to escape death.	19999	3SG.M.PFV.do · luck · very.much · with · escape · from · death
shayi	An yi mini tayin kofi ko shayi.	I was offered the choice of tea or coffee.	19999	IMPRS.PFV · do · DAT.1SG · offer.GEN · coffee · or · tea
ɗari	Yau kashi goma cikin ɗari kawai aka yi.	Today only 10 percent is covered.	19999	today · portion · ten · in.GEN · hundred · only · IMPRS.REL.PFV · do
goma	Yau kashi goma cikin ɗari kawai aka yi.	Today only 10 percent is covered.	19999	today · portion · ten · in.GEN · hundred · only · IMPRS.REL.PFV · do
kafin	Ka tattara tunaninka kafin ka fara aiki.	Collect your thoughts before you begin your work.	19999	2SG.M.SBJV · gather · thought.GEN.2SG.M · before · 2SG.M.SBJV · begin · work
tattara	Ka tattara tunaninka kafin ka fara aiki.	Collect your thoughts before you begin your work.	19999	2SG.M.SBJV · gather · thought.GEN.2SG.M · before · 2SG.M.SBJV · begin · work
ayaba	Yaron yana bawa birin ayaba.	The child was feeding the monkey with the banana.	19999	boy.DEF.M · 3SG.M.PROG · giving · monkey.DEF.M · banana
bawa	Yaron yana bawa birin ayaba.	The child was feeding the monkey with the banana.	19999	boy.DEF.M · 3SG.M.PROG · giving · monkey.DEF.M · banana
miki	Ba kya jin magana, ko sau nawa zan faɗa miki.	You never listen, no matter how many times I tell you.	19999	NEG · 2SG.F.PROG · hear.GEN · speech · even · times · how.many · FUT.1SG · tell · DAT.2SG.F
baiwa	Mu yanke shawara akan shi ɗan baiwa ne.	We came to the conclusion that he is a genius.	19999	1PL.SBJV · cut · advice · about · 3SG.M · son.GEN · talent · COP.M
itace	Mun ci 'ya'yan itace sabo bayan abincin dare.	We ate fresh fruit after dinner.	19999	1PL.PFV · eat · child.PL.GEN · tree · new.M · after · food.GEN · night
lada	Akwai lada ga mutumin da ya nemo kare na.	There will be a reward for the person who finds my dog.	19999	EXIST · reward · for · man.DEF.M · REL · 3SG.M.REL.PFV · find · dog · 1SG.POSS.M
ƙauye	Kawuna yana da gona a ƙauye.	My uncle has a farm in the village.	19999	uncle.GEN.1SG · 3SG.M.PROG · with · farm · at · village
gona	Kawuna yana da gona a ƙauye.	My uncle has a farm in the village.	19999	uncle.GEN.1SG · 3SG.M.PROG · with · farm · at · village
dafu	Ina son naman da bai dafu sosai.	I like my steak cooked medium rare.	19999	1SG.PROG · want.GEN · meat.DEF.M · REL · NEG.3SG.M.PFV · be.cooked · very.much
ƙafa	Na ji ma ƙafa na ciwo da kuskure.	I got my leg hurt in the accident.	19999	1SG.PFV · feel · DAT · leg · 1SG.POSS.M · pain · with · mistake
tuƙuru	Na gaji sosai da aiki tuƙuru.	I am very tired from the hard work.	19999	1SG.PFV · be.tired · very.much · with · work · hard
hali	Ina son ganin ta, ta kowane hali.	I want to see her by any means.	19999	1SG.PROG · want.GEN · see.GEN · 3SG.F · by · every.M · condition
takalmi	Ina son takalmi mai launin ruwan kasa, ba na baki ba.	I want brown shoes, not black ones.	19999	1SG.PROG · want.GEN · shoe · having · colour.GEN · water.GEN · ground · NEG · POSS.M · black · NEG
ƙarfi	Ban da ƙarfin yin aiki ƙarfi.	I'm not fit for physical labor.	19999	NEG.1SG · with · strength.GEN · do.GEN · work · strength
shayi	Na ce mishi ya haɗa shayi.	I asked him to make tea.	19999	1SG.PFV · say · DAT.3SG.M · 3SG.M.SBJV · mix · tea
mishi	Na ce mishi ya haɗa shayi.	I asked him to make tea.	19999	1SG.PFV · say · DAT.3SG.M · 3SG.M.SBJV · mix · tea
bakwai	Kullum ina cin abincin safe a bakwai.	I usually have breakfast at seven.	19999	always · 1SG.PROG · eat.GEN · food.GEN · morning · at · seven
safe	Kullum ina cin abincin safe a bakwai.	I usually have breakfast at seven.	19999	always · 1SG.PROG · eat.GEN · food.GEN · morning · at · seven
kafa	Mun sake karanta wasikar sau da kafa.	We read the letter again and again.	19999	1PL.PFV · repeat · read · letter.DEF.F · times · with · foot
albarka	Albarka ta tabbata ga waɗanda ba su da baiwa!	Blessed are those who have no talent!	19999	blessing · 3SG.F.SBJV · be.established · for · REL.PL · NEG · 3PL · with · talent
waɗanda	Albarka ta tabbata ga waɗanda ba su da baiwa!	Blessed are those who have no talent!	19999	blessing · 3SG.F.SBJV · be.established · for · REL.PL · NEG · 3PL · with · talent
hutu	Don Allah a bar Asabar mai zuwa a hutu.	Please leave next Saturday afternoon free.	19999	for · God · IMPRS.SBJV · leave · Saturday · having · coming · at · rest
yakan	Zamewar harshe wani lokaci yakan kashe ɗan siyasa.	A slip of the tongue is sometimes fatal to a politician.	19999	slipping.GEN · tongue · some.M · time · 3SG.M.HAB · kill · son.GEN · politics
siyasa	Zamewar harshe wani lokaci yakan kashe ɗan siyasa.	A slip of the tongue is sometimes fatal to a politician.	19999	slipping.GEN · tongue · some.M · time · 3SG.M.HAB · kill · son.GEN · politics
harshe	Zamewar harshe wani lokaci yakan kashe ɗan siyasa.	A slip of the tongue is sometimes fatal to a politician.	19999	slipping.GEN · tongue · some.M · time · 3SG.M.HAB · kill · son.GEN · politics
hau	Na hau wuyana cikin aiki.	I'm up to my neck in work.	19999	1SG.PFV · climb · neck.1SG.POSS · inside.GEN · work
kaka	Wata iska ta kaka ta fara busawa.	An autumn breeze begins to blow.	19999	INDF.F · wind · POSS.F · harvest · 3SG.F.PFV · begin · blow.VN
ninka	Kuɗin gidan ya ninka yadda yake a da.	The house costs double what it did before.	19999	money.GEN · house.DEF · 3SG.M.PFV · double · how · 3SG.M.REL.PROG · at · formerly
kawu	Kawu na ya ba da bashin.	My uncle guaranteed my debts.	19999	uncle · 1SG.POSS · 3SG.M.PFV · give · PRT · debt.DEF
kayan	Na gode da dakon kayan.	Thank you for the shipment.	19999	1SG.PFV · thank · with · carrying.GEN · goods.DEF
kasuwa	Mata uku da guzir suna kasuwa.	Three women and a goose make a market.	19999	woman.PL · three · and · goose · 3PL.PROG · market
maza	Maza yawanci sun fi son kokawa amma mata ba sa so.	Men usually like wrestling as women do not.	19999	man.PL · mostly · 3PL.PFV · exceed · want.GEN · wrestling · but · woman.PL · NEG · 3PL.PROG · want
talla	Talabijin na kasuwanci hanya ce mai tasiri don talla.	Commercial television is an effective medium for advertising.	19999	television · POSS.M · commerce · way · COP.F · having · influence · for · advertising
kasuwanci	Talabijin na kasuwanci hanya ce mai tasiri don talla.	Commercial television is an effective medium for advertising.	19999	television · POSS.M · commerce · way · COP.F · having · influence · for · advertising
tasiri	Talabijin na kasuwanci hanya ce mai tasiri don talla.	Commercial television is an effective medium for advertising.	19999	television · POSS.M · commerce · way · COP.F · having · influence · for · advertising
inna	Yarinyar tana da kusanci da inna.	The girl is deeply attached to her aunt.	19999	girl.DEF · 3SG.F.PROG · with · closeness · with · aunt
keke	Yaron ya damu da keke.	The boy was anxious for a bicycle.	19999	boy.DEF · 3SG.M.PFV · worry · with · bicycle
sata	Ba za ku ce shi ya yi sata ba, har sai kun tabbatar.	You can't accuse him of stealing unless you have proof.	19999	NEG · FUT · 2PL · say · 3SG.M · 3SG.M.PFV · do · theft · NEG · until · unless · 2PL.PFV · confirm
taru	Mutane su taru sabida mu.	The people gathered about us.	19999	person.PL · 3PL.SBJV · gather · because · 1PL
siyasa	Kuɗi yana da yawa a cikin lamuran siyasa.	Money counts for much in political circles.	19999	money · 3SG.M.PROG · with · abundance · at · inside.GEN · affair.PL.GEN · politics
adu	Al'adu da yawa na Turai sun kama ƙasa a Japan.	Many western customs have taken root in Japan.	19999	custom.PL · with · abundance · POSS.PL · Europe · 3PL.PFV · seize · ground · at · Japan
japan	Al'adu da yawa na Turai sun kama ƙasa a Japan.	Many western customs have taken root in Japan.	19999	custom.PL · with · abundance · POSS.PL · Europe · 3PL.PFV · seize · ground · at · Japan
sarki	Da an taɓa samun babban sarki.	Once there lived a great king.	19999	formerly · IMPRS.PFV · ever · get.GEN · big.M.GEN · king
banda	Ku tafi a hankali, banda gudu.	Don't run, walk slowly.	19999	2PL.SBJV · go · at · sense · except · running
goge	Kana son in goge jikinka?	Would you like me to wipe your body?	19999	2SG.M.PROG · want.GEN · 1SG.SBJV · wipe · body.GEN.2SG.M
tambaya	Shin akwai wanda yayi tambaya na?	Has anyone asked for me?	19999	Q · EXIST · one.REL.M · 3SG.M.REL.PFV.do · question · 1SG.POSS
sannu	Sannu a hankali amma ya ci nasara a tseren.	Slow but steady wins the race.	19999	slowly · at · sense · but · 3SG.M.PFV · eat · victory · at · race.DEF
zinariya	Karfe ya fi zinariya wuya.	Iron is harder than gold.	19999	iron · 3SG.M.PFV · exceed · gold · hardness
zinariya	Karfe ya fi zinariya amfani sosai.	Iron is much more useful than gold.	19999	iron · 3SG.M.PFV · exceed · gold · usefulness · greatly
nisa	Tituna masu kyau sun yi nisa daga cikin gari.	Well-made roads extend far from the city.	19999	street.PL · having.PL · goodness · 3PL.PFV · do · distance · from · inside.GEN · town
banda	Muna da darasi biyar a kullum banda ran Asabar.	We have five classes every day except Saturday.	19999	1PL.PROG · with · lesson · five · at · always · except · day.GEN · Saturday
darasi	Muna da darasi biyar a kullum banda ran Asabar.	We have five classes every day except Saturday.	19999	1PL.PROG · with · lesson · five · at · always · except · day.GEN · Saturday
kafa	An kafa wannan kamfani a shekara ta 1930.	This company was established in 1930.	19999	IMPRS.PFV · establish · this · company · at · year · POSS.F · 1930
sayar	Muna sayar da kaya don samun kamasho.	We sell goods on commission.	19999	1PL.PROG · sell · PRT · goods · for · get.GEN · commission
jini	Ina tsoron na sami zubar jini na ciki.	I'm afraid I have internal bleeding.	19999	1SG.PROG · fear.GEN · 1SG.PFV · get · spill · blood · POSS.M · inside
mutanen	Mutanen Japan suna cin abinci sau uku a rana.	Japanese people take three meals a day.	19999	person.PL.GEN · Japan · 3PL.PROG · eat.GEN · food · time · three · at · day
japan	Mutanen Japan suna cin abinci sau uku a rana.	Japanese people take three meals a day.	19999	person.PL.GEN · Japan · 3PL.PROG · eat.GEN · food · time · three · at · day
sanye	Jaruman sun fito sanye cikin kayan da.	The actors appeared in historical costumes.	19999	actor.PL.DEF · 3PL.PFV · emerge · dressed · inside.GEN · clothes.GEN · formerly
fito	Jaruman sun fito sanye cikin kayan da.	The actors appeared in historical costumes.	19999	actor.PL.DEF · 3PL.PFV · emerge · dressed · inside.GEN · clothes.GEN · formerly
rigar	Kina da rigar da za ta shiga da fara?	Do you have a dress in white?	19999	2SG.F.PROG · with · gown.DEF · REL · FUT · 3SG.F · enter · with · white
fito	Ko ya fito ko bai fito ba, sakamakon zai zama ɗaya.	Whether he comes or not, the result will be the same.	19999	whether · 3SG.M.PFV · come.out · or · NEG.3SG.M.PFV · come.out · NEG · result.DEF · 3SG.M.FUT · become · one
sunan	Kowa ya san sunan shi a garin mu.	His name is known to everybody in our town.	19999	everyone · 3SG.M.PFV · know · name.GEN · 3SG.M · at · town.GEN · 1PL
imani	Nayi imani cewa zai yi kuɗi wani rana.	I believe he is going to be rich one day.	19999	1SG.PFV.do · belief · COMP · 3SG.M.FUT · do · money · INDF.M · day
harsashi	Ya ajiye bindigan shi da harsashi.	He keeps this gun loaded.	19999	3SG.M.PFV · keep · gun.GEN · 3SG.M · with · bullet
dutse	Ya ɗan tsaya kaɗan don harba dutse.	He stopped a moment to kick a rock.	19999	3SG.M.PFV · a.bit · stop · little · for · kick · rock
bas	Yana zuwa makaranta ta bas ko jirgin ƙasa.	He comes to school by bus or train.	19999	3SG.M.PROG · coming · school · by · bus · or · vehicle.GEN · ground
komo	Nan ba da jimawa ba zai komo daga Turai.	He will return from Europe soon.	19999	here · NEG · with · delaying · NEG · 3SG.M.FUT · return · from · Europe
titi	Yana ta tafiya kan titi.	He walked about the streets.	19999	3SG.M.PROG · continually · walking · on · street
cigaba	Ya cigaba da zama farko a ajin shi a makaranta.	He remained at the top of the class at school.	19999	3SG.M.PFV · continue · with · being · first · at · class.GEN · 3SG.M · at · school
fuskarsa	Ya ji ruwan saman ya a fuskarsa.	He felt the rain on his face.	19999	3SG.M.PFV · feel · water.GEN · sky.DEF · 3SG.M.PFV · at · face.GEN.3SG.M
buƙata	Bai taɓa samun abin da yake buƙata ba.	He's never had to earn his own living.	19999	NEG.3SG.M.PFV · ever · getting.GEN · thing.DEF · REL · 3SG.M.REL.PROG · need · NEG
tarihi	Tabbas zai kafa sabon tarihi a cikin sau uku.	He is sure to set a new record in the triple jump.	19999	certainly · 3SG.M.FUT · set · new.M.GEN · history · at · inside.GEN · time · three
dutse	Ya zo daga wani ɗan ƙaramin garin dutse.	He came from a tiny mountain town.	19999	3SG.M.PFV · come · from · INDF.M · little · small.M.GEN · town.GEN · mountain
baƙonmu	Ya kasance baƙonmu baki ɗaya.	He was an entire stranger to us.	19999	3SG.M.PFV · be · guest.GEN.1PL · mouth · one
kurkuku	An sake shi daga kurkuku nan da nan bayan yaƙin.	He was released from prison immediately after the war.	19999	IMPRS.PFV · release · 3SG.M · from · prison · here · with · here · after.GEN · war.DEF
jawabi	Ya kamata ya yi jawabi ga taron.	He had to address the meeting.	19999	3SG.M.PFV · be.proper · 3SG.M.SBJV · do · speech · to · gathering.DEF
motarsa	Ya ji daɗin sabuwar motarsa.	He is pleased with his new car.	19999	3SG.M.PFV · feel · pleasantness.GEN · new.F.GEN · car.GEN.3SG.M
mutunci	Mutum ne mai mutunci a cikin jama'a.	He is a man of high social status.	19999	person · COP.M · having · dignity · at · inside.GEN · community
silin	Ya rataye fitila daga silin.	He hung a lamp from the ceiling.	19999	3SG.M.PFV · hang · lamp · from · ceiling
fitila	Ya rataye fitila daga silin.	He hung a lamp from the ceiling.	19999	3SG.M.PFV · hang · lamp · from · ceiling
ofis	Ba ya zuwa ofis ran Asabar.	He doesn't go to the office on Saturday.	19999	NEG · 3SG.M.PROG · coming · office · day.GEN · Saturday
kwano	Ya kafa yumbu a cikin kwano.	He formed the clay into a bowl.	19999	3SG.M.PFV · set · clay · at · inside.GEN · bowl
talata	Suna iya zuwa ranar Litinin ko Talata, amma ba Laraba ko Alhamis ba.	They can come on Monday or Tuesday, but not on Wednesday or Thursday.	19999	3PL.PROG · can · coming · day.GEN · Monday · or · Tuesday · but · NEG · Wednesday · or · Thursday · NEG
laraba	Suna iya zuwa ranar Litinin ko Talata, amma ba Laraba ko Alhamis ba.	They can come on Monday or Tuesday, but not on Wednesday or Thursday.	19999	3PL.PROG · can · coming · day.GEN · Monday · or · Tuesday · but · NEG · Wednesday · or · Thursday · NEG
alhamis	Suna iya zuwa ranar Litinin ko Talata, amma ba Laraba ko Alhamis ba.	They can come on Monday or Tuesday, but not on Wednesday or Thursday.	19999	3PL.PROG · can · coming · day.GEN · Monday · or · Tuesday · but · NEG · Wednesday · or · Thursday · NEG
miji	Suna yi kamar mata da miji.	They pretend to be man and wife.	19999	3PL.PROG · do · like · wife · and · husband
miji	Ta haife yaro na miji.	She gave birth to a baby boy.	19999	3SG.F.PFV · bear · child · GEN.M · male
saboda	Ba ta yi karta ba, saboda ba ta son ta.	She didn't play cards, because she didn't like it.	19999	NEG · 3SG.F.PFV · do · cards · NEG · because · NEG · 3SG.F.PROG · want.GEN · 3SG.F
goge	Ta fi so ta goge kayan adon ta musamman.	She especially liked to polish her jewels.	19999	3SG.F.PFV · exceed · want · 3SG.F.SBJV · polish · goods.GEN · adornment.GEN · 3SG.F.POSS · especially
musamman	Ta fi so ta goge kayan adon ta musamman.	She especially liked to polish her jewels.	19999	3SG.F.PFV · exceed · want · 3SG.F.SBJV · polish · goods.GEN · adornment.GEN · 3SG.F.POSS · especially
hadda	Tana da hankali kuma hadda karfin hali.	She is not only gentle but brave.	19999	3SG.F.PROG · with · sense · also · including · strength.GEN · character
ƙoƙarin	Ta yi ƙoƙarin kawo furen a cikin hankali.	She tried to bring the flowers into focus.	19999	3SG.F.PFV · do · effort.GEN · bring · flower.DEF · at · inside.GEN · sense
haihuwa	Ita yar Amurka ce da haihuwa.	She is an American by birth.	19999	3SG.F · daughter.GEN · America · COP.F · with · birth
sanye	Tana sanye da takalmi mai launin ruwan ƙasa mai duhu.	She was wearing dark brown shoes.	19999	3SG.F.PROG · wearing · with · shoe · having · colour.GEN · water.GEN · ground · having · darkness
haihuwa	Bana amfani da tazarar haihuwa.	I don't use birth control.	19999	NEG.1SG.PROG · use · with · distance.GEN · birth
gado	Mahaifina ya ce kada na karanta littattafai a gado.	My father told me not to read books in bed.	19999	father.GEN.1SG · 3SG.M.PFV · say · PROH · 1SG.SBJV · read · book.PL · at · bed
littattafai	Mahaifina ya ce kada na karanta littattafai a gado.	My father told me not to read books in bed.	19999	father.GEN.1SG · 3SG.M.PFV · say · PROH · 1SG.SBJV · read · book.PL · at · bed
jarida	Babana ya zauna yana karanta jarida da yamma.	My father sat reading the evening paper.	19999	father.GEN.1SG · 3SG.M.PFV · sit · 3SG.M.PROG · read · newspaper · in · evening
hoto	An rataye hoto a bango.	A portrait was hung on the wall.	19999	IMPRS.PFV · hang · picture · at · wall
bango	An rataye hoto a bango.	A portrait was hung on the wall.	19999	IMPRS.PFV · hang · picture · at · wall
hadda	Nawa ne hadda kuɗin inshora da haraji?	How much is it including insurance and tax?	19999	how_much · COP.M · including · money.GEN · insurance · and · tax
haraji	Nawa ne hadda kuɗin inshora da haraji?	How much is it including insurance and tax?	19999	how_much · COP.M · including · money.GEN · insurance · and · tax
dabba	Na ga wani aikin dabba mai ban mamaki a circus.	I saw a marvelous animal act at the circus.	19999	1SG.PFV · see · INDF.M · work.GEN · animal · having · give.GEN · wonder · at · circus
hutu	Zan sami hutu da yammacin Asabar.	I'll be off duty at noon on Saturday.	19999	1SG.FUT · get · rest · in · afternoon.GEN · Saturday
hoto	Mun ga Mac ya yi wani kyakkyawan hoto.	We saw Mac make a fantastic shot.	19999	1PL.PFV · see · Mac · 3SG.M.PFV · do · INDF.M · fine.M.LK · picture
kowace	Suna tattara shara a kowace Litinin.	They collect our garbage every Monday.	19999	3PL.PROG · gather · rubbish · at · every.F · Monday
motata	Idan motata ta sami matsala zan je a bus.	If something were wrong with my car, I'd go by bus.	19999	if · car.GEN.1SG · 3SG.F.PFV · get · problem · 1SG.FUT · go · at · bus
sanka	Riba yafi mutane su sanka.	Profit is better than fame.	19999	profit · 3SG.M.PFV.exceed · person.PL · 3PL.SBJV · know.2SG.M
riba	Riba yafi mutane su sanka.	Profit is better than fame.	19999	profit · 3SG.M.PFV.exceed · person.PL · 3PL.SBJV · know.2SG.M
alkawari	Duk wanda ya yi alkawari ya kamata ya cika.	Anyone who has made a promise should keep it.	19999	all · REL.M · 3SG.M.REL.PFV · do · promise · 3SG.M.PFV · befit · 3SG.M.SBJV · fulfil
tuni	"""Kawai ka biya tuni, ina faɗa ne."" ""Mika kuɗin, kai!"""	"""Just pay up already, I'm saying."" ""Hand over the money, Yo!"""	19999	only · 2SG.M.SBJV · pay · already · 1SG.PROG · say · COP.M · hand_over.IMP · money.DEF · 2SG.M
sannu	Sannu, baba! Me ka ke yi!	Hey, pops! What are you doing!	19999	greetings · father · what · 2SG.M · REL.PROG · do
darasi	Dole ne in yi barci! Ina da darasi gobe.	I have to get to sleep! I've got classes tomorrow.	19999	necessity · COP.M · 1SG.SBJV · do · sleep · 1SG.PROG · with · lesson · tomorrow
barci	Dole ne in yi barci! Ina da darasi gobe.	I have to get to sleep! I've got classes tomorrow.	19999	necessity · COP.M · 1SG.SBJV · do · sleep · 1SG.PROG · with · lesson · tomorrow
halaka	Japan na jefa kanta cikin halaka, ko ba haka ba?	Present-day Japan is going down the route to self destruction, isn't it?	19999	Japan · PROG · throw · head.GEN.3SG.F · inside.GEN · destruction · or · NEG · so · NEG
afrilu	A watan Afrilu 1905 aka gina makaranta a filin gidan kallo.	It was April 1905 when a school was built on the site of the theatre.	19999	at · month.GEN · April · 1905 · IMPRS.REL.PFV · build · school · at · field.GEN · house.GEN · watching
waɗannan	Waɗannan da su ke da daraja su za mu raba.	Those are values that we all share.	19999	these · REL · 3PL · REL.PROG · with · value · 3PL · FUT · 1PL · share
daraja	Waɗannan da su ke da daraja su za mu raba.	Those are values that we all share.	19999	these · REL · 3PL · REL.PROG · with · value · 3PL · FUT · 1PL · share
kunkuru	Mun sami kunkuru a gonar.	We found a turtle in the garden.	19999	1PL.PFV · find · turtle · at · farm.DEF
aika	Ina aika ta zuwa California.	I'm sending her to California.	19999	1SG.PROG · send · 3SG.F · to · California
tsayi	Kamar Ni, bai da tsayi sosai.	Like me, he's also not tall.	19999	like · 1SG · NEG.3SG.M.PFV · with · height · very.much
katin	Zan iya amfani da katin kuɗi don biyan kuɗi?	Can I use a credit card for payment?	19999	FUT.1SG · can · use · with · card.GEN · money · for · pay.VN.GEN · money
fili	Sayi fili. Ba su yin irin waɗannan kayan kuma.	Buy land. They ain't making any more of the stuff.	19999	buy.IMP · land · NEG · 3PL · do.VN.GEN · kind.GEN · these · goods.DEF · again
duniya	Komai a duniya ƙarewa zai.	Thus passes the glory of the world.	19999	everything · at · world · end.VN · FUT.3SG.M
madara	Na sayi cuku da madara.	I bought some cheese and milk.	19999	1SG.PFV · buy · cheese · and · milk
hula	Wancan hula mai launin ruwan-ƙasa ya tsufa.	The brown hat is old.	19999	that · hat · having · colour.GEN · water.GEN-ground · 3SG.M.PFV · grow.old
kowace	Suna wanke motar su kowace ranar Asabar.	They wash their car every Saturday.	19999	3PL.PROG · wash · car.GEN · 3PL · every.F · day.GEN · Saturday
wanke	Suna wanke motar su kowace ranar Asabar.	They wash their car every Saturday.	19999	3PL.PROG · wash · car.GEN · 3PL · every.F · day.GEN · Saturday
jawo	Kasuwanci yana jawo cigaban ƙasa.	Trade leads to national progress.	19999	trade · 3SG.M.PROG · draw · progress.GEN · country
ƙoƙarin	Yi ƙoƙarin koyan Turanci kaɗan.	Try to learn a little English.	19999	do.IMP · effort.GEN · learn.VN.GEN · English · little
shinkafa	Kada a sha ciyawar shinkafa ɗaya!	Waste not a single grain of rice!	19999	PROH · IMPRS.SBJV · drink · grass.GEN · rice · one
huɗu	Ba giya kafin ƙarfe huɗu!	No beer before four!	19999	NEG · beer · before · o'clock · four
daban	Babu wanda zai iya samun ranakun haihuwa uku daban-daban.	No one can have three different birth dates.	19999	NEG.EXIST · REL.M · FUT.3SG.M · can · get.VN.GEN · day.PL.GEN · birth · three · different-different
takwas	Wani mutum ya faɗi sau bakwai kuma ya tashi sau takwas.	A man fails seven times and rises eight times.	19999	INDF.M · man · 3SG.M.PFV · fall · time · seven · and · 3SG.M.PFV · rise · time · eight
takobi	Wanda ya sare da takobi, ya mutu da takobi.	He who wounds by the sword, dies by the sword.	19999	REL.M · 3SG.M.REL.PFV · cut · with · sword · 3SG.M.PFV · die · with · sword
kasuwa	Manomi na sayar da biredin manoma a kasuwa.	At the market, the farmer is selling his farmer's bread.	19999	farmer · PROG · sell · OBJ · bread.GEN · farmer.PL · at · market
manoma	Manomi na sayar da biredin manoma a kasuwa.	At the market, the farmer is selling his farmer's bread.	19999	farmer · PROG · sell · OBJ · bread.GEN · farmer.PL · at · market
manomi	Manomi na sayar da biredin manoma a kasuwa.	At the market, the farmer is selling his farmer's bread.	19999	farmer · PROG · sell · OBJ · bread.GEN · farmer.PL · at · market
hau	Ya kamata ku hau bas ma namba 5.	You should take bus no. 5.	19999	3SG.M.PFV · be.proper · 2PL.SBJV · mount · bus · having · number · five
rami	Bayan awa uku a cikin gidan caca, yana da $ 2,000 a cikin rami.	After three hours in the casino, he's $2,000 in the hole.	19999	after · hour · three · at · inside.GEN · house.GEN · gambling · 3SG.M.PROG · with · dollar · two.thousand · at · inside.GEN · hole
safiya	Ƙarfe biyu na safiya ne.	It is two o'clock in the morning.	19999	o'clock · two · POSS.M · morning · COP.M
fure	Yaron ya ba da fure ga baƙo.	The child offered a flower to the visitor.	19999	boy.DEF · 3SG.M.PFV · give · OBJ · flower · to · guest
adabo	"A Amurka, adabo na nufin ""sai wata rana."""	"In the United States, a wave means ""goodbye."""	19999	at · America · wave · PROG · mean.VN.GEN · until · INDF.F · day
hikima	Yawanci tsofaffi na da hikima.	Older men are usually very wise.	19999	usually · old.PL · PROG · with · wisdom
madara	Akwai ɗan ƙaramin madara da aka bari a cikin kwalbar.	There's a tiny amount of milk left in the bottle.	19999	EXIST · DIM · small.GEN · milk · REL · IMPRS.REL.PFV · leave · at · inside.GEN · bottle.DEF
imani	Wannan yaro ya yi imani da cewa duniya ne lebur.	This child believes that the earth is flat.	19999	this · child · 3SG.M.PFV · do · belief · with · COMP · world · COP.M · flat
duniya	Wannan yaro ya yi imani da cewa duniya ne lebur.	This child believes that the earth is flat.	19999	this · child · 3SG.M.PFV · do · belief · with · COMP · world · COP.M · flat
doki	Doki ne kawai na neman haraji.	It's just a stalking horse for raising taxes.	19999	horse · COP.M · only · POSS.M · seek.VN.GEN · tax
haraji	Doki ne kawai na neman haraji.	It's just a stalking horse for raising taxes.	19999	horse · COP.M · only · POSS.M · seek.VN.GEN · tax
kiwon	Ya fara kiwon naman shanu.	He began to raise beef cattle.	19999	3SG.M.PFV · begin · rearing.GEN · meat.GEN · cattle
shanu	Ya fara kiwon naman shanu.	He began to raise beef cattle.	19999	3SG.M.PFV · begin · rearing.GEN · meat.GEN · cattle
yanki	Ya so samun ƙarin yanki.	He wanted even more territory.	19999	3SG.M.PFV · want · get.GEN · increase.GEN · territory
majalisa	Ya fara aiki don samun Majalisa don rage haraji.	He began to work to get Congress to reduce taxes.	19999	3SG.M.PFV · begin · work · for · get.GEN · assembly · for · reduce · tax
bindiga	Kawai sai muka ji harbin bindiga.	Suddenly, there were gunshots.	19999	only · then · 1PL.REL.PFV · hear · shooting.GEN · gun
muka	Kawai sai muka ji harbin bindiga.	Suddenly, there were gunshots.	19999	only · then · 1PL.REL.PFV · hear · shooting.GEN · gun
rubutu	Yawanci basu iya karatu ko rubutu.	Most were unable to read or write.	19999	majority · NEG.3PL.PFV · can · reading · or · writing
sasanta	Bangarorin biyu sun yarda su sasanta.	The two sides finally agreed on a compromise.	19999	side.PL.DEF · two · 3PL.PFV · agree · 3PL.SBJV · reconcile
tebur	Akwai ƙaramin kare mai launin ruwan-ƙasa a karkashin wancan tebur.	There is a small brown dog under that table.	19999	EXIST · small.GEN · dog · having · colour.GEN · water.GEN-earth · at · under · that · table
yari	Ta satar masa kuɗaɗe masu yawa, a yanzu ta na gidan yari.	She stole a lot of money from him, so now she is in prison.	19999	3SG.F.PFV · steal.GEN · 3SG.M.OBJ · money.PL · having.PL · abundance · at · now · 3SG.F · PROG · house.GEN · prison
satar	Ta satar masa kuɗaɗe masu yawa, a yanzu ta na gidan yari.	She stole a lot of money from him, so now she is in prison.	19999	3SG.F.PFV · steal.GEN · 3SG.M.OBJ · money.PL · having.PL · abundance · at · now · 3SG.F · PROG · house.GEN · prison
asara	Babu riba, babu asara, mun zama daidai.	No gain, no lose, we are fully equal.	19999	NEG.EXIST · profit · NEG.EXIST · loss · 1PL.PFV · become · equal
riba	Babu riba, babu asara, mun zama daidai.	No gain, no lose, we are fully equal.	19999	NEG.EXIST · profit · NEG.EXIST · loss · 1PL.PFV · become · equal
ƙarancin	Bayan haka, dafa shi a kan ƙarancin wuta na minti 30 kuma kun gama.	After, cook it on a low flame for 30 minutes and you're done.	19999	after · thus · cook · 3SG.M.OBJ · at · on · smallness.GEN · fire · POSS.M · minute · thirty · also · 2PL.PFV · finish
barci	Kai, yaron nan zai yi barci ba tare da ya ci abincin dare ba.	Oh, that kid went to sleep without eating supper.	19999	hey · boy.DEF · this · 3SG.M.FUT · do · sleep · NEG · together · with · 3SG.M.SBJV · eat · food.GEN · night · NEG
talata	An raba mako zuwa kwana bakwai: Litinin, Talata, Laraba, Alhamis, Juma'a, Asabar, da Lahadi.	A week is divided into seven days: Monday, Tuesday, Wednesday, Thursday, Friday, Saturday, and Sunday.	19999	IMPRS.PFV · divide · week · to · day · seven · Monday · Tuesday · Wednesday · Thursday · Friday · Saturday · and · Sunday
laraba	An raba mako zuwa kwana bakwai: Litinin, Talata, Laraba, Alhamis, Juma'a, Asabar, da Lahadi.	A week is divided into seven days: Monday, Tuesday, Wednesday, Thursday, Friday, Saturday, and Sunday.	19999	IMPRS.PFV · divide · week · to · day · seven · Monday · Tuesday · Wednesday · Thursday · Friday · Saturday · and · Sunday
alhamis	An raba mako zuwa kwana bakwai: Litinin, Talata, Laraba, Alhamis, Juma'a, Asabar, da Lahadi.	A week is divided into seven days: Monday, Tuesday, Wednesday, Thursday, Friday, Saturday, and Sunday.	19999	IMPRS.PFV · divide · week · to · day · seven · Monday · Tuesday · Wednesday · Thursday · Friday · Saturday · and · Sunday
satar	Ni bana zarginsa da satar kuɗin.	I shouldn't have accused him of stealing the money.	19999	1SG · NEG.1SG.PROG · accuse.GEN.3SG.M · with · steal.GEN · money.DEF
motata	Bayan na dawo, sai na tarar da motata babu.	When I got back, I found my car missing.	19999	after · 1SG.PFV · return · then · 1SG.PFV · find.GEN · OBJ · car.GEN.1SG · NEG.EXIST
hula	Ta sanya wani hula mai ban mamaki.	She was wearing a strange hat.	19999	3SG.F.PFV · wear · INDF · hat · having · giving.GEN · astonishment
muhimmanci	Rubutu abu ne mai matuƙar muhimmanci.	Writing is a deeper sleep than death.	19999	writing · thing · COP.M · having · utmost.GEN · importance
zare	Kina da zare da allura?	Do you have needle and thread?	19999	2SG.F.PROG · with · thread · and · needle
allura	Kina da zare da allura?	Do you have needle and thread?	19999	2SG.F.PROG · with · thread · and · needle
ƙanƙara	Da alamu ƙanƙara na mutuwa!	Apparently ice is lethal!	19999	with · sign.PL · ice · POSS.M · death
kabari	Ta tafi kabari da sirrin ta.	She took her secrets to the grave.	19999	3SG.F.PFV · go · grave · with · secret.GEN · 3SG.F
wasiƙa	Ya daɗe bai rubuta muku wasiƙa ba.	He hasn't written you a letter in a long time.	19999	3SG.M.PFV · linger · NEG.3SG.M.PFV · write · 2PL.OBJ · letter · NEG
harsashi	Ko bindigar ka da harsashi?	Is your gun loaded?	19999	Q · gun.GEN · 2SG.M · with · bullet
kokarin	Nayi kokarin kiran ka jiya da yamma. Ko ka fita ne?	I tried to call you yesterday evening. Were you out?	19999	1SG.PFV.do · effort.GEN · call.GEN · 2SG.M · yesterday · at · evening · Q · 2SG.M.PFV · exit · COP.M
aboki	Gin ba aboki na ba ne.	Gin is not my friend.	19999	gin · NEG · friend · POSS.1SG · NEG · COP.M
ashe	Ashe! Shin wannan gaskiya ne?	What! Is this true?	19999	SURP · Q · this · truth · COP.M
malama	Kai malama, kin manta rigar ki!	Hey mister, you forgot your coat!	19999	hey · teacher.F · 2SG.F.PFV · forget · gown.GEN · 2SG.F
babur	Yana so ya siya sabuwar babur.	He really wants to buy a new motorcycle.	19999	3SG.M.PROG · want · 3SG.M.SBJV · buy · new.F.GEN · motorcycle
yusufu	Kuna son Yusufu don suna?	Do you like Joseph for a name?	19999	2PL.PROG · want.GEN · Joseph · for · name
saniya	Na cinye saniya baki ɗaya.	I have eaten a whole cow.	19999	1SG.PFV · devour · cow · mouth · one
siyasa	Na raba matsayinku na siyasa.	I share your political position.	19999	1SG.PFV · share · position.GEN.2PL · GEN.M · politics
soyayya	Na yi soyayya da mahaukaci.	I've dated a lunatic.	19999	1SG.PFV · do · love · with · madman
takobi	Za a iya amfani da takobi wajen kare kai.	The sword can be used to protect the body.	19999	FUT · IMPRS · can · use · with · sword · place.GEN · protect · head
bawa	Wannan ne littafin da nake son bawa mahaifiyata.	This is the book I want to give my mother.	19999	this · COP.M · book.DEF.M · REL · 1SG.REL.PROG · want.GEN · give.DAT · mother.GEN.1SG
jamusanci	Jamusanci ne harshen da ya fi kowanne a duniya.	German is the best language in the world.	19999	German · COP.M · language.DEF.M · REL · 3SG.M.REL.PFV · exceed · each · at · world
janar	Jaki mai kafa biyu zai iya zama janar kuma ya zauna a jakinsa.	A two-legged donkey can become general and remain a donkey.	19999	donkey · having · leg · two · 3SG.M.FUT · can · become · general · and · 3SG.M.SBJV · remain · at · donkey.GEN.3SG.M
jaki	Jaki mai kafa biyu zai iya zama janar kuma ya zauna a jakinsa.	A two-legged donkey can become general and remain a donkey.	19999	donkey · having · leg · two · 3SG.M.FUT · can · become · general · and · 3SG.M.SBJV · remain · at · donkey.GEN.3SG.M
zamba	Ya shiga wani babban zamba.	He took part in a big scam.	19999	3SG.M.PFV · enter · INDF.M · big.M · fraud
aƙalla	Ni bance na fi kowa ba, amma aƙalla ni mai gaskiya ne.	At least I'm honest and I say I'm not perfect.	19999	1SG · NEG.1SG.PFV.say · 1SG.PFV · exceed · everyone · NEG · but · at.least · 1SG · having · truth · COP.M
salo	Na gabatar da wani sabon salo ne.	I just proposed a new version.	19999	1SG.PFV · present · OBJ · INDF.M · new.M · style · COP.M
wasiƙa	Violet ta rubuta wasiƙa sau ɗaya a wata.	Violet wrote a letter once a month.	19999	Violet · 3SG.F.PFV · write · letter · times · one · at · month
manomi	Andy na iya zama manomi!	Andy can be the farmer!	19999	Andy · PROG · can · become · farmer
takarda	Mama, a ina ne tsunmar takarda?	Mom, where is the toilet paper roll?	19999	mother · at · where · COP.M · roll.GEN · paper
yuli	Wata na takwas a shekarar Yuli ne, ko ba haka ba?	The eighth month of the year is July, isn't it?	19999	month · GEN.M · eight · at · year.GEN · July · COP.M · or · NEG · thus · NEG
fili	A fili suke, suna gida a bishiya a gaban gidan.	Apparently, they nest in a tree in front of the house.	19999	at · open.place · 3PL.REL.PROG · 3PL.PROG · home · at · tree · at · front.GEN · house.DEF.M
bishiya	A fili suke, suna gida a bishiya a gaban gidan.	Apparently, they nest in a tree in front of the house.	19999	at · open.place · 3PL.REL.PROG · 3PL.PROG · home · at · tree · at · front.GEN · house.DEF.M
dabba	Dabba ne wanda ba a saba gani ba.	It's a very bizarre animal.	19999	animal · COP.M · REL.M · NEG · IMPRS · be.accustomed · seeing · NEG
motsa	Motsa jiki ko wane lokaci na amfani ga lafiya matuƙa.	Routine exercise is great for your health.	19999	move · body · any · which · time · GEN.M · use · to · health · utmost
matuƙa	Motsa jiki ko wane lokaci na amfani ga lafiya matuƙa.	Routine exercise is great for your health.	19999	move · body · any · which · time · GEN.M · use · to · health · utmost
jawo	Wani laifi ɗaya ne yake jawo wani.	One vice leads to another.	19999	INDF.M · fault · one · COP.M · 3SG.M.REL.PROG · pull · INDF.M
agogo	Na sa shi ya gyara mun agogo.	I had him repair my watch.	19999	1SG.PFV · cause · 3SG.M · 3SG.M.SBJV · repair · DAT.1SG · watch
garkuwa	Ya yi ƙoƙarin nuna shi jarumi ne, bayan an yi garkuwa da shi.	He tried to be brave while he was being held hostage.	19999	3SG.M.PFV · do · effort.GEN · show · 3SG.M · hero · COP.M · after · IMPRS.PFV · do · shield · with · 3SG.M
taga	Kujerar ba ta kusa da taga.	The chair is not by the window.	19999	chair.DEF.F · NEG · 3SG.F.PROG · near · with · window
maye	Maye yayi ma yaron da baya ji sihiri.	The witch cast a spell on the naughty boy.	19999	witch · 3SG.M.PFV.do · DAT · boy.DEF.M · REL · NEG.3SG.M.PROG · hear · magic
asibitin	Babarta ta mutu a dai asibitin da ta haihu.	Her mother died in the same hospital she had given birth.	19999	mother.GEN.3SG.F · 3SG.F.PFV · die · at · EMPH · hospital.DEF.M · REL · 3SG.F.REL.PFV · give.birth
haihu	Babarta ta mutu a dai asibitin da ta haihu.	Her mother died in the same hospital she had given birth.	19999	mother.GEN.3SG.F · 3SG.F.PFV · die · at · EMPH · hospital.DEF.M · REL · 3SG.F.REL.PFV · give.birth
ikon	Ba mu da ikon cika burinku.	We are not in a position to fulfill your expectations.	19999	NEG · 1PL · with · power.GEN · fill · wish.GEN.2PL
zinari	Duwatsu masu daraja na kama da zinari.	Some precious stones are very similar to gold.	19999	stone.PL · having.PL · value · PROG · resemble · with · gold
gatari	Har yanzu ban taba amfani da gatari ba.	Until now I've never used an axe.	19999	until · now · NEG.1SG.PFV · ever · use · with · axe · NEG
kasuwa	Zan tafi cin kasuwa gobe, amma ba zan iya damuwa ba.	I was gonna go shopping tomorrow, but I really can't be bothered.	19999	1SG.FUT · go · eating.GEN · market · tomorrow · but · NEG · 1SG.FUT · can · bother · NEG
kifi	Yana zuwa kamun kifi kullum.	He goes fishing every other day.	19999	3SG.M.PROG · going · catching.GEN · fish · always
gwamnati	Ina da alaka a cikin gwamnati.	I have connections in the government.	19999	1SG.PROG · with · connection · at · inside.GEN · government
tsoka	Philip yana so ya tara tsoka.	Philip wants to get ripped.	19999	Philip · 3SG.M.PROG · want · 3SG.M.SBJV · gather · muscle
kwamfutan	Mahadatar kwamfutan bai nuna a kwamfutan ba.	My flash drive isn't being recognized.	19999	connector.GEN · computer.DEF · NEG.3SG.M.PFV · show · at · computer.DEF · NEG
teku	Yana rayuwa ne kusa da bakin teku.	He lives near the beach.	19999	3SG.M.PROG · living · COP.M · near · with · edge.GEN · sea
malam	Kai Malam, kana da matsala idan abu ya hada da mata...	Dude, you're so dumb when it comes to women...	19999	2SG.M · teacher · 2SG.M.PROG · with · problem · if · thing · 3SG.M.PFV · join · with · woman.PL
tsere	Ya samu tsere a Mexico.	He got the runs in Mexico.	19999	3SG.M.PFV · get · race · at · Mexico
zuma	Kukan zuma na sani cikin damuwa.	The buzzing of the bees makes me a little nervous.	19999	cry.GEN · bee · 1SG.PFV · know · inside.GEN · worry
lumana	Suna kai wa mutane hari, ba mutane masu lumana ba.	They were attacking people, not peaceful people.	19999	3PL.PROG · carry · DAT · person.PL · attack · NEG · person.PL · having.PL · peace · NEG
ashirin	Tana yin wannan tun sama da shekaru ashirin.	She's been doing this for over twenty years.	19999	3SG.F.PROG · do.GEN · this · since · above · with · year.PL · twenty
sanye	Ina sanye da kayan ado na azurfa.	I am wearing my silver jewelry.	19999	1SG.PROG · wearing · with · goods.GEN · adornment · GEN.M · silver
azurfa	Ina sanye da kayan ado na azurfa.	I am wearing my silver jewelry.	19999	1SG.PROG · wearing · with · goods.GEN · adornment · GEN.M · silver
ari	Dole in ari wani kuɗi.	I have to borrow some money.	19999	necessity · 1SG.SBJV · borrow · INDF.M · money
ungulu	Faɗa wa waɗannan mutane su ƙaura, don jirgi mai saukar ungulu ya sauka.	Tell these people to move away, so that the helicopter can land.	19999	tell.IMP · DAT · these · person.PL · 3PL.SBJV · migrate · for · craft · having · descend.GEN · vulture · 3SG.M.SBJV · descend
ƙaura	Faɗa wa waɗannan mutane su ƙaura, don jirgi mai saukar ungulu ya sauka.	Tell these people to move away, so that the helicopter can land.	19999	tell.IMP · DAT · these · person.PL · 3PL.SBJV · migrate · for · craft · having · descend.GEN · vulture · 3SG.M.SBJV · descend
jirgi	Faɗa wa waɗannan mutane su ƙaura, don jirgi mai saukar ungulu ya sauka.	Tell these people to move away, so that the helicopter can land.	19999	tell.IMP · DAT · these · person.PL · 3PL.SBJV · migrate · for · craft · having · descend.GEN · vulture · 3SG.M.SBJV · descend
kawu	Na san Kawu Alfred zai dawo.	I bet Uncle Alfred'll come back.	19999	1SG.PFV · know · uncle · Alfred · 3SG.M.FUT · return
bango	Wane ne ya yi rubutu a bango?	Who was writing on the wall?	19999	which.M · COP.M · 3SG.M.REL.PFV · do · writing · at · wall
hukuma	Ba na son rubuta wasiƙu na hukuma.	I didn't like to write official letters.	19999	NEG · 1SG.PROG · like.GEN · write · letter.PL · GEN.PL · authority
yaran	Yaran suna wasa a waje.	The children are playing outside.	19999	children.DEF · 3PL.PROG · play · at · outside
hadda	Eh, na yarda da kai. Kuma hadda wancan.	Yes, I agree with you. It's also that.	19999	yes · 1SG.PFV · agree · with · 2SG.M · also · including · that.M
adawa	Wayyo! Babu adawa a masarutar ka.	Oh my God! There is no objection in your kingdom.	19999	alas · NEG.EXIST · opposition · at · kingdom.GEN · 2SG.M
kuwa	Shin ka so ni kuwa?	Did you really love me?	19999	Q · 2SG.M.PFV · love · 1SG · EMPH
alawa	ʻYarlukutar yarinyar ta cika shan alawa mai sukari da yawa.	The fat girl is eating too much sweets with lots of sugar.	19999	daughter.plump.GEN · girl.DEF · 3SG.F.PFV · fill · drink.GEN · candy · having · sugar · with · abundance
sukari	ʻYarlukutar yarinyar ta cika shan alawa mai sukari da yawa.	The fat girl is eating too much sweets with lots of sugar.	19999	daughter.plump.GEN · girl.DEF · 3SG.F.PFV · fill · drink.GEN · candy · having · sugar · with · abundance
bauta	A Indiya, shanu ababen bauta ne.	In India, cows are sacred animals.	19999	at · India · cow.PL · thing.PL.GEN · worship · COP.PL
indiya	A Indiya, shanu ababen bauta ne.	In India, cows are sacred animals.	19999	at · India · cow.PL · thing.PL.GEN · worship · COP.PL
gefen	Ban san meyasa bai kamata in je wancan gefen gari ba.	I didn't know why I wasn't supposed to go to that part of town.	19999	NEG.1SG.PFV · know · why · NEG.3SG.M.PFV · befit · 1SG.SBJV · go · that.M · side.GEN · town · NEG
tsawo	Mun san juna lokaci mai tsawo.	We've known each other for a long time.	19999	1PL.PFV · know · each.other · time · having · length
masauki	Ya kawo wa baƙonsa abinci kuma ya ba shi masauki.	He brought food to his guest and provided him shelter.	19999	3SG.M.PFV · bring · DAT · guest.GEN.3SG.M · food · also · 3SG.M.PFV · give · 3SG.M · lodging
kati	Ba za mu iya yin karta ba idan ba mu da kowane kati.	We can't play poker if we don't have any cards.	19999	NEG · FUT · 1PL · can · do.GEN · cards · NEG · if · NEG · 1PL · with · every.M · card
ɗalibai	Akwai ɗalibai 40 a cikin aji na.	There are 40 students in my class.	19999	EXIST · student.PL · 40 · at · inside.GEN · class · 1SG.POSS.M
nakan	Akwai gidan kwana a kusa da Boston wanda sau da yawa nakan je.	There's a fishing lodge near Boston that I often go to.	19999	EXIST · house.GEN · spend.night · at · near · with · Boston · REL.M · times · with · abundance · 1SG.HAB · go
kujera	Bana son in kwana akan kujera yau kuma?	I don't want to sleep on the couch again tonight.	19999	NEG.1SG.PROG · want.GEN · 1SG.SBJV · spend.night · on · chair · today · also
datti	Tankuna basa jin tsoron datti.	Tanks don't fear dirt.	19999	tank.PL · NEG.3PL.PROG · feel.GEN · fear.GEN · dirt
basa	Tankuna basa jin tsoron datti.	Tanks don't fear dirt.	19999	tank.PL · NEG.3PL.PROG · feel.GEN · fear.GEN · dirt
datti	Gashi na yayi datti sosai!	My hair is so dirty!	19999	hair · 1SG.POSS.M · 3SG.M.PFV.do · dirt · very.much
kati	Akwai caji a kati na.	My card is charged.	19999	EXIST · charge · at · card · 1SG.POSS.M
alheri	Wannan alheri ne a boye.	It's a blessing in disguise.	19999	this · blessing · COP.M · at · hiding
asuba	Asuba ta gari, 'yan mata.	Goodnight, ladies.	19999	dawn · F.GEN · town · child.PL.GEN · woman.PL
fassara	Zaka taimaka ka fassara mini wannan?	Will you help me translate this?	19999	2SG.M.FUT · help · 2SG.M.SBJV · translate · DAT.1SG · this
zuciya	Ya kasance mai son na har zuciya.	He's such a sweetheart.	19999	3SG.M.PFV · be · having · love.GEN · 1SG.POSS.M · until · heart
alkama	Wannan burodin ba shi da alkama.	This bread is gluten-free.	19999	this · bread.DEF · NEG · 3SG.M · with · wheat
tsaf	Ba tsaf ya ke ba?	Isn't it neat?	19999	NEG · neat · 3SG.M · PROG.REL · NEG
sarauniya	Yaushe Victoria ta zama Sarauniya?	When did Victoria become Queen?	19999	when · Victoria · 3SG.F.REL.PFV · become · queen
ɗansa	Ivan mai ban tsoro ya kashe ɗansa a 1581.	Ivan the Terrible killed his son in 1581.	19999	Ivan · having · give.GEN · fear · 3SG.M.PFV · kill · son.GEN.3SG.M · at · 1581
jagoranci	Ya jagoranci ni ga lalacewar kuɗi.	He led me to financial ruin.	19999	3SG.M.PFV · lead · 1SG · to · ruin.F.GEN · money
dari	Akwai mutane dari a zauren.	There were a hundred people in the hall.	19999	EXIST · person.PL · hundred · at · hall.DEF
tsakiya	Ana magana da harshe Spanish a Amurka ta kudu da ta tsakiya.	Spanish is spoken in Central and South America.	19999	IMPRS.PROG · speaking · with · language · Spanish · at · America · F.GEN · south · and · F.GEN · middle
harshe	Ana magana da harshe Spanish a Amurka ta kudu da ta tsakiya.	Spanish is spoken in Central and South America.	19999	IMPRS.PROG · speaking · with · language · Spanish · at · America · F.GEN · south · and · F.GEN · middle
wayoyi	Dole ne mu raba wayoyi.	We'll have to separate the wires.	19999	necessity · COP.M · 1PL.SBJV · separate · wire.PL
motoci	Ban ji wasu motoci ba.	I didn't hear any cars.	19999	NEG.1SG.PFV · hear · some.PL · car.PL · NEG
kokarin	Sun yi kokarin zaburar da ni.	They tried to cheer me up.	19999	3PL.PFV · do · effort.GEN · rouse · PRT · 1SG
landan	Akwai wurare da yawa masu haɗari a Landan.	There are lots of risky places in London.	19999	EXIST · place.PL · with · abundance · having.PL · danger · at · London
bara	A doka, an hana bara a titi.	By law, begging in the street is forbidden.	19999	at · law · IMPRS.PFV · forbid · begging · at · street
titi	A doka, an hana bara a titi.	By law, begging in the street is forbidden.	19999	at · law · IMPRS.PFV · forbid · begging · at · street
barci	Na shiga masaukin ina son na yi barci.	I checked into a motel and went right to sleep.	19999	1SG.PFV · enter · lodging.DEF · 1SG.PROG · want.GEN · 1SG.SBJV · do · sleep
kotu	Wannan lauyan zai je ya raba ku kotu a gobe.	That lawyer is going to pick you apart in open court tomorrow.	19999	this · lawyer.DEF · FUT.3SG.M · go · 3SG.M.SBJV · divide · 2PL · court · at · tomorrow
gaskata	Ba ni da wata matsala ta gaskata hakan.	I don't have any trouble believing that.	19999	NEG · 1SG · with · INDF.F · problem · POSS.F · believe · thus.DEF
dina	Ina da B a tes dina ta Faransanci.	I got a B on my French test.	19999	1SG.PROG · with · B · at · test · 1SG.POSS.M · POSS.F · French
kore	Naji an kore ka daga aiki.	I heard you got fired.	19999	1SG.PFV.hear · IMPRS.PFV · dismiss · 2SG.M · from · work
harsashi	Banga wata hudar harsashi ba.	I don't see any bullet holes.	19999	NEG.1SG.PFV.see · INDF.F · hole.GEN · bullet · NEG
banga	Banga wata hudar harsashi ba.	I don't see any bullet holes.	19999	NEG.1SG.PFV.see · INDF.F · hole.GEN · bullet · NEG
landan	Muna da gida a ƙasar har ma da wani gida a Landan.	We have a house in the country as well as a flat in London.	19999	1PL.PROG · with · house · at · country.DEF · even · also · with · INDF.M · house · at · London
ido	Nasan mai zan sa ma ido.	I know what to watch for.	19999	1SG.PFV.know · what · FUT.1SG · put · DAT · eye
hukunci	Na yanke hukuncin yanke hukunci.	I made a snap judgment.	19999	1SG.PFV · cut · judgment.GEN · cut · judgment
mutunci	Ban taɓa yin wani abu na cin mutunci ba.	I never do anything embarrassing.	19999	NEG.1SG.PFV · ever · do.VN.GEN · INDF.M · thing · POSS.M · eat.VN.GEN · dignity · NEG
koyon	Ban taɓa yin mafarkin za ku iya koyon Faransanci da sauri haka ba.	I never dreamed you'd get so good at French so quickly.	19999	NEG.1SG.PFV · ever · do.VN.GEN · dream.GEN · FUT · 2PL · can · learn.VN.GEN · French · with · speed · thus · NEG
mutunci	Na tsira da mutunci na.	I got through with my dignity intact.	19999	1SG.PFV · escape · with · dignity · 1SG.POSS.M
zinari	Zinari wani karfe ne mai tsada sosai.	Gold is a very expensive metal.	19999	gold · INDF.M · metal · COP.M · having · costliness · very
zunubi	Kare ƙasarsu yanzu ya zama zunubi?	Defending their land has now become a sin?	19999	defend · land.GEN.3PL.POSS · now · 3SG.M.PFV · become · sin
hanci	Shin yana da hanci mai girma?	Does he have a big nose?	19999	Q · 3SG.M.PROG · with · nose · having · bigness
musamman	Ina ajiye wannan kwalbar ruwan inabi don wani rana na musamman.	I'm saving this bottle of wine for a special occasion.	19999	1SG.PROG · keep · this · bottle.GEN · water.GEN · grape · for · INDF.M · day · POSS.M · special
inabi	Ina ajiye wannan kwalbar ruwan inabi don wani rana na musamman.	I'm saving this bottle of wine for a special occasion.	19999	1SG.PROG · keep · this · bottle.GEN · water.GEN · grape · for · INDF.M · day · POSS.M · special
yuli	Barka da ranar huɗu ga Yuli!	Happy fourth of July!	19999	blessing · with · day.GEN · four · to · July
huɗu	Barka da ranar huɗu ga Yuli!	Happy fourth of July!	19999	blessing · with · day.GEN · four · to · July
gatari	Yanzu an daina amfani da gatari a kabilarsu.	The handle of an axe is Death to its own tribe.	19999	now · IMPRS.PFV · stop · use · with · axe · at · tribe.GEN.3PL.POSS
motoci	Shi mai sayar da tsofin motoci ne.	He's a used car salesman.	19999	3SG.M · having · sell · PRT · old.PL.GEN · car.PL · COP.M
kaka	Mun damu da kaka na da kaka ta.	We are worried about grandpa and grandma.	19999	1PL.PFV · worry · with · grandparent · 1SG.POSS.M · with · grandparent · 1SG.POSS.F
ƙarancin	Akwai dai kawai daya ƙarancin matsala.	There's just one tiny problem.	19999	EXIST · EMPH · only · one · smallness.GEN · problem
ciyawa	Wannan naman shanu ne mai ciyawa.	This is grass-fed organic beef.	19999	this · meat.GEN · cow.PL · COP.M · having · grass
tsaro	Sun koma gida domin samun nutsuwa da tsaro.	They moved house in search of greater comfort and security.	19999	3PL.PFV · return · home · for · get.GEN · calmness · and · security
kowace	Ina sare itace kowace rana.	I chop wood every day.	19999	1SG.PROG · chop · wood · every.F · day
ɗari	Tana sumbatar ɗanta sau ɗari a rana.	She kisses her child a hundred times a day.	19999	3SG.F.PROG · kiss.GEN · son.3SG.F.POSS · time · hundred · at · day
ɗanta	Tana sumbatar ɗanta sau ɗari a rana.	She kisses her child a hundred times a day.	19999	3SG.F.PROG · kiss.GEN · son.3SG.F.POSS · time · hundred · at · day
gasa	Baba ya yi amfani da wuta wajen gasa kaza.	Dad uses fire to roast a chicken.	19999	father · 3SG.M.PFV · do · usefulness · with · fire · place.GEN · roast · chicken
kaza	Baba ya yi amfani da wuta wajen gasa kaza.	Dad uses fire to roast a chicken.	19999	father · 3SG.M.PFV · do · usefulness · with · fire · place.GEN · roast · chicken
garkuwa	An yi garkuwa da Mary.	Mary was taken hostage.	19999	IMPRS.PFV · do · shield · with · Mary
soja	An ce soja ba ya jin tsoron harsasai.	It's said that that soldier fears no bullets.	19999	IMPRS.PFV · say · soldier · NEG · 3SG.M.PROG · feel.GEN · fear.GEN · bullet.PL
satar	Mutane suna kama ka da gangan don satar maka kuɗi.	People physically assault you to steal your money.	19999	person.PL · 3PL.PROG · seize · 2SG.M · with · intent · for · steal.GEN · DAT.2SG.M · money
nama	Na fi son kifi fiye da nama.	I like fish more than meat.	19999	1SG.PFV · exceed · want.GEN · fish · more · than · meat
kifi	Na fi son kifi fiye da nama.	I like fish more than meat.	19999	1SG.PFV · exceed · want.GEN · fish · more · than · meat
saniya	Shanu namiji ne, saniya kuma mace.	A bull is male and a cow is female.	19999	bull.PL · male · COP.M · cow · and · female
laraba	A wannan Laraba zan ga Carla.	This Wednesday I'll see Carla.	19999	at · this · Wednesday · FUT.1SG · see · Carla
paris	Ana kiran Detroit da Paris na yamma.	Detroit was called the Paris of the West.	19999	IMPRS.PROG · call.GEN · Detroit · as · Paris · POSS.M · west
basa	Wasu mutane basa yin komai.	Some people did nothing.	19999	INDF.PL · person.PL · NEG.3PL.PROG · do.GEN · anything
biyayya	Ni buƙatar da nake da ita shine ka yi biyayya.	I only demand your complete loyalty.	19999	1SG · demand.DEF · REL · 1SG.PROG.REL · with · 3SG.F · 3SG.M.COP.M · 2SG.M.SBJV · do · obedience
amarya	Kar ka fada wa amarya ta.	Don't tell it to my bride.	19999	PROH · 2SG.M.SBJV · tell · DAT · bride · 1SG.POSS.F
ɗalibai	Ɗalibai sun yi abin da bai dace ba.	The students acted in an inappropriate manner.	19999	student.PL · 3PL.PFV · do · thing.DEF · REL · NEG.3SG.M.PFV · be.fitting · NEG
yarinya	A yi addu'a ga yarinya mai tsarki.	Pray to the Holy Virgin.	19999	IMPRS.SBJV · do · prayer · to · girl · having · holiness
tsarki	A yi addu'a ga yarinya mai tsarki.	Pray to the Holy Virgin.	19999	IMPRS.SBJV · do · prayer · to · girl · having · holiness
yarinya	Ina yarinya, na so Barbie.	As a child, I loved Barbie.	19999	1SG.PROG · girl · 1SG.PFV · want · Barbie
kishiyar	Kishiyar zaman lafiya yaƙi ne.	The opposite of peace is war.	19999	opposite.GEN · dwelling.GEN · health · war · COP.M
dakata	Dakata! Tsaya inda ka ke ko na yi harbi!	Halt! Stay right where you are or I'll shoot!	19999	wait.IMP · stop.IMP · where.REL · 2SG.M · PROG.REL · or · 1SG.SBJV · do · shooting
huta	Kai, bar ni na huta.	Hey, give me a break.	19999	hey · leave.IMP · 1SG · 1SG.SBJV · rest
takarda	Sa shi a cikin jekan takarda mai launin ruwan-ƙasa.	Put it in a brown paper bag.	19999	put.IMP · 3SG.M · at · inside.GEN · bag.GEN · paper · having · colour.GEN · water.GEN-earth
sasanta	Ni ma zan je in sasanta wannan matsalar.	I will also go to settle this matter.	19999	1SG · also · FUT.1SG · go · 1SG.SBJV · settle · this · problem.DEF
kore	Ka ɗan yi kamar launin kore.	You look a little green.	19999	2SG.M.PFV · slightly · do · like · colour.GEN · green
goro	Ka shiga ta ƙofa mai ruwan goro.	Go through the orange door.	19999	2SG.M.SBJV · enter · through · door · having · water.GEN · kolanut
ice	Ina son na sha ice cream me daɗi.	I want to eat soft serve ice cream.	19999	1SG.PROG · want.GEN · 1SG.SBJV · drink · ice · cream · having · pleasantness
kash	Kash... Ta yaya zan samu kaina cikin wannan!?	Dammit... How did I get myself into this!?	19999	alas · via · how · FUT.1SG · get · head.GEN.1SG · inside.GEN · this
rasha	Na iya magana da harshen Rasha.	I speak Russian.	19999	1SG.PFV · can · speech · with · language.GEN · Russia
harafi	"Shin kana rubuta wancan da harafi ""J""?"	"Do you write that with a ""J""?"	19999	Q · 2SG.M.PROG · write · that · with · letter · J
sharri	Imani da Allah ba sharri bane.	Belief in God is not evil per se.	19999	belief · in · God · NEG · evil · NEG.COP.M
sauti	Yana magana cikin sauti mai daɗi cikin kwanciyar hankali.	He spoke in a slow and creaking voice.	19999	3SG.M.PROG · speech · inside.GEN · voice · having · pleasantness · inside.GEN · calm.GEN · sense
nisan	Zai yi wuya a tantance nisan.	It is hard to determine the distance.	19999	FUT.3SG.M · do · difficulty · IMPRS.SBJV · determine · distance.GEN
muka	Mun dawo inda muka faro.	We're back where we started.	19999	1PL.PFV · return · where.REL · 1PL.REL.PFV · start
jaka	Sanya wannan a cikin jaka.	Slip this into your purse.	19999	put.IMP · this · at · inside.GEN · bag
muddin	Na yi shirin zama muddin ka zauna.	I plan to stay as long as you stay.	19999	1SG.PFV · do · plan.GEN · staying · as.long.as · 2SG.M.SBJV · sit
abada	Za mu zauna tare har abada.	I'll hug you to death.	19999	FUT · 1PL · sit · together · until · forever
ƙarni	Akwai kunkuru wadanda suka fi ƙarni biyu da haihuwa.	There are turtles that are more than two centuries old.	19999	EXIST · tortoise · REL.PL · 3PL.REL.PFV · exceed · century · two · with · birth
kunkuru	Akwai kunkuru wadanda suka fi ƙarni biyu da haihuwa.	There are turtles that are more than two centuries old.	19999	EXIST · tortoise · REL.PL · 3PL.REL.PFV · exceed · century · two · with · birth
iko	Suna bauta wa dala mai iko duka.	They worship the almighty dollar.	19999	3PL.PROG · worship · DAT · dollar · having · power · all
bauta	Suna bauta wa dala mai iko duka.	They worship the almighty dollar.	19999	3PL.PROG · worship · DAT · dollar · having · power · all
abada	Ba za mu kasance har abada cikin duniya ba, amma na lokaci ne.	We are not on the earth forever, but only for a time.	19999	NEG · FUT · 1PL · be · until · forever · inside.GEN · world · NEG · but · POSS.M · time · COP.M
lauya	Kuɗin biyan lauya ya raba shi da wani abu da ya kai £9,000.	The legal costs set him back something in the order of £9,000.	19999	money.GEN · pay.GEN · lawyer · 3SG.M.PFV · separate · 3SG.M · with · some · thing · REL · 3SG.M.REL.PFV · reach · £9,000
dubban	Dubban mutane sun mutu in Jafan.	Thousands of people died in Japan.	19999	thousand.PL.GEN · person.PL · 3PL.PFV · die · in · Japan
tafki	Tafki na farawa ne daga ruwa kaɗan.	A pool begins with many drops of water.	19999	lake · 3SG.M.PROG · beginning · COP.M · from · water · little
fuskarsa	Zahiri Fuskarsa ya nuna yana godiya.	His face clearly shows gratitude.	19999	clearly · face.GEN.3SG.M · 3SG.M.PFV · show · 3SG.M.PROG · gratitude
zahiri	Zahiri Fuskarsa ya nuna yana godiya.	His face clearly shows gratitude.	19999	clearly · face.GEN.3SG.M · 3SG.M.PFV · show · 3SG.M.PROG · gratitude
kalma	Basu fadi ko kalma ɗaya ba.	They didn't say a word.	19999	NEG.3PL.PFV · say · even · word · one · NEG
gabar	Kira masu gadin gabar teku.	Call the coast guard.	19999	call.IMP · having.PL · guarding.GEN · shore.GEN · sea
gabar	Sun yi kira ga masu gadin gabar teku.	They made a desperate call to the coast guard.	19999	3PL.PFV · do · call · to · having.PL · guarding.GEN · shore.GEN · sea
kaita	To ina za su kaita?	Where are they taking her?	19999	well · where · FUT · 3PL · take.3SG.F.OBJ
gara	Gara mu je mu taimaka musu.	We'd better go help them.	19999	better · 1PL.SBJV · go · 1PL.SBJV · help · DAT.3PL
fitsari	Kaka ba za ta iya riƙe fitsari ba.	Grandpa cannot hold urine anymore.	19999	grandparent · NEG · FUT · 3SG.F · can · hold · urine · NEG
kaka	Kaka ba za ta iya riƙe fitsari ba.	Grandpa cannot hold urine anymore.	19999	grandparent · NEG · FUT · 3SG.F · can · hold · urine · NEG
banza	Mutum mai ruhu ba mutumin banza bane.	A man of spirit is not a worthless man.	19999	person · having · spirit · NEG · man.GEN · worthlessness · NEG.COP.M
ruhu	Mutum mai ruhu ba mutumin banza bane.	A man of spirit is not a worthless man.	19999	person · having · spirit · NEG · man.GEN · worthlessness · NEG.COP.M
kwal	Wannan abun wuya ne da aka yi da kwal.	This necklace is made of jade.	19999	this · thing.GEN · neck · COP.M · REL · IMPRS.REL.PFV · do · with · coal
balarabe	Shin kyakkyawan mutumin Balarabe ne ko Ba'indiya?	Is the handsome man an Arab or an Indian?	19999	Q · handsome.M.GEN · man.DEF · Arab.M · COP.M · or · Indian.F
indiya	Shin kyakkyawan mutumin Balarabe ne ko Ba'indiya?	Is the handsome man an Arab or an Indian?	19999	Q · handsome.M.GEN · man.DEF · Arab.M · COP.M · or · Indian.F
allura	Ina da buƙatar allura kafin na fara ɗinkin?	Do I need a special needle to start cross-stitching?	19999	1SG.PROG · with · need.GEN · needle · before · 1SG.SBJV · begin · sewing.DEF
gada	Yana da haɗari wucewa ta gada.	It's dangerous to pass by the bridge.	19999	3SG.M.PROG · with · danger · passing · via · bridge
tsaro	Har yanzu akwai damuwa ta fannin tsaro.	Security is still a concern.	19999	until · now · EXIST · worry · GEN.F · branch.GEN · security
barewa	Barewa ita ce ta mace bareyi.	A doe is a female deer.	19999	gazelle · 3SG.F · COP.F · GEN.F · female · gazelle.PL
agogo	Ya ba ni agogo na alfarma na zinariya.	He gave me a golden luxury watch.	19999	3SG.M.PFV · give · 1SG · clock · GEN.M · privilege · GEN.M · gold
kogi	Shin ko ruwan bakin kogi shi ma baki ne?	Is the water in the Black Sea actually black?	19999	Q · whether · water.GEN · black.M.GEN · river · 3SG.M · also · black · COP.M
safar	Akwai rami a Safar ƙafa na Jon.	There is a hole in Jon's sock.	19999	EXIST · hole · at · sock.GEN · foot · GEN.M · Jon
tattaunawa	Wasu ba su son tattaunawa.	Some didn't want to discuss.	19999	some · NEG · 3PL.PROG · want.GEN · discussion
karuwa	Marie ta yarda cewa ita karuwa ce.	Marie admitted that she was a prostitute.	19999	Marie · 3SG.F.PFV · agree · COMP · 3SG.F · prostitute · COP.F
gona	Gidan barga yana bayan gidan gona.	The stable is behind the farm house.	19999	house.GEN · stable · 3SG.M.PROG · behind · house.GEN · farm
inabi	Na ce a kawo mun kofin ruwan inabi.	I ordered a glass of wine.	19999	1SG.PFV · say · IMPRS.SBJV · bring · DAT.1SG · cup.GEN · water.GEN · grape
banga	Banga wata matsala ba anan.	I don't see the problem here.	19999	NEG.1SG.PFV.see · any.F · problem · NEG · here
mujiya	Mujiya tana kashe yaranta, daga baya kuma sai ta yi kuka a kanta.	The owl kills her young, and afterwards she cries about it.	19999	owl · 3SG.F.PROG · kill · child.PL.GEN.3SG.F · from · back · moreover · then · 3SG.F.PFV · do · weeping · at · head.GEN.3SG.F
talla	Shin kun yi ƙoƙarin kafa talla?	Have you tried putting up an ad?	19999	Q · 2PL.PFV · do · effort.GEN · erect · advertisement
shahara	Shahara ba ya daukan wasa, kuma ido baya ajiye imani.	Fame does not bear joking, nor does the eye bear keeping faith.	19999	fame · NEG · 3SG.M.PROG · bearing.GEN · play · moreover · eye · NEG.3SG.M.PROG · keep · belief
tsit	Yayi tsit ana iya jin sautin agogo a bayan bango.	It is so quiet you can hear the clock tick behind the wall.	19999	3SG.M.PFV.do · silence · IMPRS.PROG · can · hear.GEN · sound.GEN · clock · at · behind · wall
asuba	Mafarautan sun kama hanya kafin asuba.	The hunters got up before dawn.	19999	hunter.PL.DEF · 3PL.PFV · catch · road · before · dawn
tsaftace	Muna buƙatar tsaftace sansanin kafin mu tashi.	We need to clean the camp site before we leave.	19999	1PL.PROG · need.GEN · clean · camp.DEF · before · 1PL.SBJV · depart
gatari	Don reshe mai ƙarfi, ana buƙatar gatari mai ƙarfi.	For a rough branch, a keen axe is needed.	19999	for · branch · having · strength · IMPRS.PROG · need.GEN · axe · having · strength
sati	Ana buƙatar ɗalibai su yi aikin sa'a ɗaya ga alʻumma a kowane sati.	Students are required to perform one hour of community service per week.	19999	IMPRS.PROG · need.GEN · student.PL · 3PL.SBJV · do · work.GEN · hour · one · to · community · at · every · week
lu	Wadannan lu'u-lu'u sun fito ne daga Afirka ta Kudu.	These diamonds are from South Africa.	19999	these · pearl · 3PL.PFV · emerge · EMPH · from · Africa · GEN.F · south
rera	Ban iya rera waka ba.	I'm not good at singing.	19999	NEG.1SG.PFV · can · sing · song · NEG
sauti	Wane sauti ka fi so?	What is your favorite sound?	19999	which · sound · 2SG.M.PFV · exceed · like
aske	Dole in aske gemu kullum.	I have to shave every day.	19999	must · 1SG.SBJV · shave · beard · always
gemu	Dole in aske gemu kullum.	I have to shave every day.	19999	must · 1SG.SBJV · shave · beard · always
kujera	Na zauna kan kujera kusa da ita.	I sat down on the couch next to her.	19999	1SG.PFV · sit · on · chair · near · with · 3SG.F
kirsimati	Ba za ka iya aika katin bikin kirsimati ga kowa ba.	You can't send Christmas cards to everyone.	19999	NEG · FUT · 2SG.M · be.able · send · card.GEN · festival.GEN · Christmas · to · everyone · NEG
aika	Ba za ka iya aika katin bikin kirsimati ga kowa ba.	You can't send Christmas cards to everyone.	19999	NEG · FUT · 2SG.M · be.able · send · card.GEN · festival.GEN · Christmas · to · everyone · NEG
tuƙuru	Babu matsala yadda kake da wayo. Idan baka yi aiki tuƙuru ba, ba za ka taɓa yin nasara ba.	It doesn't matter how smart you are. If you don't work hard, you'll never succeed.	19999	NEG.EXIST · problem · how · 2SG.M.PROG.REL · with · cleverness · if · NEG.2SG.M.PFV · do · work · hard · NEG · NEG · FUT · 2SG.M · ever · do.GEN · success · NEG
kirsimati	Katin bikin Kirsimati nawa ka aika?	How many Christmas cards did you send?	19999	card.GEN · festival.GEN · Christmas · how.many · 2SG.M.PFV · send
rera	Dama ban taɓa so rera wancan wakar.	I never wanted to sing that song.	19999	actually · NEG.1SG.PFV · ever · want · sing · that · song.DEF
shafa	Madalla da duk wanda abin ya shafa.	Congratulations to all involved.	19999	congratulations · with · all · REL · thing.DEF · 3SG.M.PFV · affect
madalla	Madalla da duk wanda abin ya shafa.	Congratulations to all involved.	19999	congratulations · with · all · REL · thing.DEF · 3SG.M.PFV · affect
gwamna	Na maida hankali ga zama gwamna.	I'm focused on being governor.	19999	1SG.PFV · return · mind · to · become · governor
yari	Allah Ya sa su dawwama a gidan yari.	I hope they rot in jail.	19999	God · 3SG.M.SBJV · cause · 3PL.SBJV · endure · at · house.GEN · prison
gwiwa	Muna da haɗin gwiwa na musamman.	We have a unique bond.	19999	1PL.PROG · with · joining.GEN · knee · of · special
saratu	Saratu ita ce ƙaunata ta farko.	Sarah was my first love.	19999	Saratu · 3SG.F · COP.F · love.1SG.POSS · of · first
addini	Winston bai so yayi imani da kowane addini.	Winston doesn't want to believe in any religion.	19999	Winston · NEG.3SG.M.PFV · want · 3SG.M.SBJV.do · belief · with · every · religion
kogi	Ko akwai wani kogi wani waje nan kusa?	Is there a river anywhere near here?	19999	Q · EXIST · INDF · river · INDF · place · here · near
sakamako	Nan gaba sakamako ne na yanzu.	The future is the result of the present.	19999	here · front · result · COP.M · of · now
alkawari	Baka tuna alkawari na ba?	Don't you remember my promise?	19999	NEG.2SG.M.PFV · remember · promise · 1SG.POSS · NEG
karama	Bana tsammanin ni karama ce sosai.	I don't think I'm very petty.	19999	NEG.1SG.PROG · thought.GEN · 1SG · small.F · COP.F · very
safiya	Na farka tun 2:30 na safiya.	I've been up since 2:30 this morning.	19999	1SG.PFV · wake · since · 2:30 · of · morning
tauraro	Akwai tauraro da yawa a sararin sama wanda suka fi rana girma.	There are many stars in the universe that are larger than the sun.	19999	EXIST · star · with · abundance · at · expanse.GEN · sky · REL · 3PL.PFV.REL · exceed · sun · size
shafa	Har yanzu ba a gano wadanda abin ya shafa ba.	The victims haven't yet been identified.	19999	until · now · NEG · IMPRS · discover · REL.PL · thing.DEF · 3SG.M.PFV · affect · NEG
tsawo	Na kusan fara wani tafiya mai tsawo da wahala.	I am about to proceed on a long and difficult voyage.	19999	1SG.PFV · nearly · begin · INDF · journey · having · length · with · difficulty
tsere	Barka da zuwa duniya ta wasan tsere.	Welcome to the world of drag racing.	19999	greeting · with · coming · world · of · game.GEN · race
jirgi	Za mu hau jirgi guda.	We will be taking the same plane.	19999	FUT · 1PL · mount · plane · one
rasha	Mutanenmu na Rasha na da ban tsoro.	My Russian is terrible.	19999	person.PL.1PL.POSS · of · Russia · PROG · with · give.GEN · fear
kalma	A kalma ɗaya, ka ƙi ni, ko?	In a word, you hate me, right?	19999	at · word · one · 2SG.M.PFV · hate · 1SG · Q
tarbiyya	Iyayenku sun ba ku tarbiyya mai kyau.	Your parents raised you well.	19999	parent.PL.2PL.POSS · 3PL.PFV · give · 2PL · upbringing · having · goodness
tasi	Na fi son na ƙira maka tasi.	I prefer to call you a taxi.	19999	1SG.PFV · exceed · like.GEN · 1SG.SBJV · call · DAT.2SG.M · taxi
addini	Ban taba son addini ba.	I have never been a fan of religion.	19999	NEG.1SG.PFV · ever · like.GEN · religion · NEG
fusata	Mutane halittu ne masu fusata.	Humans are violent creatures.	19999	person.PL · creature.PL · COP.PL · having.PL · rage
faransa	Na yarda cewar ina ɗaya daga cikin ƴan siyasa masu gaskiya a Faransa.	I believe that I am one of the most honest politicians in France.	19999	1SG.PFV · agree · COMP · 1SG.PROG · one · from · inside.GEN · child.PL.GEN · politics · having.PL · truth · at · France
galibi	Galibi sun fi rayuwa da madara.	They mainly live on milk.	19999	mostly · 3PL.PFV · exceed · live · with · milk
adam	Mafarkin ɗan adam ya zama gaskiya.	A dream of mankind becomes reality.	19999	dream.GEN · child.GEN · mankind · 3SG.M.PFV · become · truth
talatin	Ban fara nazarin Faransanci ba har sai da na cika shekara talatin.	I didn't begin to study French until I was thirty years old.	19999	NEG.1SG.PFV · begin · study.GEN · French · NEG · until · only · when · 1SG.PFV · complete · year · thirty
sati	Ban yi wanka ba har tsawon sati ɗaya.	I haven't taken a bath for a week.	19999	NEG.1SG.PFV · do · bathing · NEG · until · length.GEN · week · one
azurfa	Zinare ya fi azurfa daraja.	Gold is more precious than silver.	19999	gold · 3SG.M.PFV · exceed · silver · value
abada	Za ka so ka rayu har abada?	Would you like to live forever?	19999	FUT · 2SG.M · want · 2SG.M.SBJV · live · until · eternity
amana	Na ji an ci amana kuma an wulakanta ni.	I felt betrayed and humiliated.	19999	1SG.PFV · feel · IMPRS.PFV · eat · trust · and · IMPRS.PFV · humiliate · 1SG
malamai	Na kanyi faransanci ga malamai na.	I usually speak French to my teachers.	19999	1SG · HAB.do · French · to · teacher.PL · 1SG.POSS
taguwa	Taguwa na ba launin ruwan-ƙasa bane.	My shirt isn't brown.	19999	shirt · 1SG.POSS · NEG · colour.GEN · water.GEN-earth · NEG.COP.M
gwal	"""Nawa ne kudin da kake da shi?"" ""Dala dubu biyu na gwal, sai kuma biyar na takarda."""	"""How much money have you?"" ""Two thousand dollars in gold, and five in notes."""	19999	how.much · COP.M · money.DEF · REL · 2SG.M.REL.PROG · with · 3SG.M · dollar · thousand · two · of · gold · then · and · five · of · paper
hukuma	Ba za ku iya wakiltar hukuma ta ba bayan wannan lamarin.	You can no longer represent my agency after this incident.	19999	NEG · FUT · 2PL · can · represent.GEN · agency · 1SG.POSS · NEG · after · this · matter.DEF
lamarin	Ba za ku iya wakiltar hukuma ta ba bayan wannan lamarin.	You can no longer represent my agency after this incident.	19999	NEG · FUT · 2PL · can · represent.GEN · agency · 1SG.POSS · NEG · after · this · matter.DEF
ganye	Akwai ganye a cikin gashinka.	You've got a leaf in your hair.	19999	EXIST · leaf · at · inside.GEN · hair.GEN.2SG.M
asibitin	Ni ne direktar wannan asibitin.	I'm the director of this clinic.	19999	1SG · COP.M · director.GEN · this · hospital.DEF
tabo	Akwai wani tabo a rigarka.	There's a spot on your shirt.	19999	EXIST · some.M · spot · at · gown.GEN.2SG.M
aljanna	Ina son ki, aljanna na!	I love you, my goddess!	19999	1SG.PROG · like.GEN · 2SG.F · paradise · 1SG.POSS
majalisa	Suna zaune a cikin gidan 'yan majalisa.	They live in a council flat.	19999	3PL.PROG · residing · at · inside.GEN · house.GEN · child.PL.GEN · council
dina	Robot dina ba zai daina jin magana ba.	My robot won't stop beeping.	19999	robot · 1SG.POSS · NEG · 3SG.M.FUT · stop · hear.GEN · speech · NEG
riguna	Ana buƙatar riguna don shiga wannan shagon.	Shirts are required for entrance to this store.	19999	IMPRS.PROG · need.GEN · gown.PL · for · enter · this · shop.DEF
falsafa	Tana son karami a cikin falsafa.	She wants to minor in philosophy.	19999	3SG.F.PROG · like.GEN · small.M · at · inside.GEN · philosophy
kunne	Kunne yana da kakin zuma da yawa a ciki.	The ear has a lot of wax in it.	19999	ear · 3SG.M.PROG · with · wax.GEN · honey · with · abundance · at · inside
zinari	Ko da yake azurfa tana da daraja, zinari sun fi daraja.	Although silver is precious, gold is more precious.	19999	even · COND · 3SG.M.REL.PROG · silver · 3SG.F.PROG · with · value · gold · 3PL.PFV · exceed · value
aƙalla	Zan zauna har zuwa ranar Litinin mai zuwa aƙalla.	I'll be staying at least until next Monday.	19999	1SG.FUT · stay · until · coming · day.GEN · Monday · having · coming · at.least
safiya	Ina son zama nan ko wace safiya.	I'm going to be here all morning.	19999	1SG.PROG · want.GEN · stay · here · any · which.F · morning
zahiri	Yana da fasaha a zahiri.	It's technically legal.	19999	3SG.M.PROG · with · skill · at · obviousness
hura	Ciyawar ta hura a hankali cikin iska.	The grass blew gently in the breeze.	19999	grass.DEF · 3SG.F.PFV · blow · at · sense · inside.GEN · wind
arewa	Jirgin ruwan yana tafiya arewa.	The ship is sailing north.	19999	vehicle.GEN · water.DEF · 3SG.M.PROG · travel · north
aljanna	Kaka na mace da kaka na namiji suna aljanna yanzu.	Grandpa and Grandma are now in heaven.	19999	grandparent · POSS.M · woman · with · grandparent · POSS.M · man · 3PL.PROG · paradise · now
hasara	Ku duka masu hasara ne.	You're both losers.	19999	2PL · all · possessor.PL · loss · COP.PL
malami	Ni kawai malami ne mai tawali'u.	I'm just a humble teacher.	19999	1SG · only · teacher · COP.M · possessor · humility
rijiya	Muna haƙa rijiya a bayan gida.	We're digging a well in the backyard.	19999	1PL.PROG · dig · well · at · back.GEN · house
oktoba	Za mu yi aure a watan Oktoba.	We're going to get married in October.	19999	FUT · 1PL · do · marriage · at · month.GEN · October
uba	Kana son kazam uba wata rana?	Do you want to be a parent someday?	19999	2SG.M.PROG · want.GEN · 2SG.M.SBJV.become · father · INDF.F · day
dabino	Ali ya yi buɗa baki da ruwa da dabino.	Ali broke his fast with dates and water.	19999	Ali · 3SG.M.PFV · do · open · mouth · with · water · with · date
ali	Ali ya yi buɗa baki da ruwa da dabino.	Ali broke his fast with dates and water.	19999	Ali · 3SG.M.PFV · do · open · mouth · with · water · with · date
aƙalla	Ina zuwa siyayya aƙalla sau ɗaya a sati.	I go shopping at least once a week.	19999	1SG.PROG · go · shopping · at.least · time · one · at · week
wasiƙar	A aika mahayin da wannan wasiƙar daga sarki.	Dispatch a royal rider with this sealed letter from the king.	19999	IMPRS · send · rider.DEF · with · this · letter.DEF · from · king
soja	Ta kasance cikin aikin soja kafin ta zama malama.	She was in the military prior to becoming a teacher.	19999	3SG.F.PFV · be · inside.GEN · work.GEN · soldier · before · 3SG.F.SBJV · become · teacher.F
harshe	Italiyanci wani harshe ne na soyayya.	Italian is a very romantic language.	19999	Italian · INDF.M · language · COP.M · POSS.M · love
lissafi	Haka kuma ita ba malamar lissafi ba ce.	She is not even a math teacher.	19999	thus · also · 3SG.F · NEG · teacher.F.GEN · mathematics · NEG · COP.F
malami	Malami na wani irin mutum ne.	My teacher was a pervert.	19999	teacher · 1SG.POSS · INDF.M · kind.GEN · person · COP.M
kofur	Ban yarda da horas da kofur ba.	I don't believe in corporal punishment.	19999	NEG.1SG.PFV · agree · with · discipline · with · corporal · NEG
birni	Florence birni ne mai kyau.	Florence is a beautiful city.	19999	Florence · city · COP.M · possessor · beauty
fassara	Fassara ta ba ta yi daidai ba.	The subtitles are wrong.	19999	translation · 3SG.F.POSS · NEG · 3SG.F.PFV · do · correct · NEG
kike	Sau nawa kike iya zuwa Australia a shekara?	How many times a year do you go to Australia?	19999	time · how.many · 2SG.F.REL.PROG · can · go · Australia · at · year
rera	Kowa da kowa sun rera waƙa.	Everybody was singing.	19999	everyone · with · everyone · 3PL.PFV · sing · song
ashe	Na tashi daga bacci ashe ya tafi.	I woke up and he was gone.	19999	1SG.PFV · rise · from · sleep · behold · 3SG.M.PFV · go
kwatsam	Me yasa yayi shiru kwatsam?	Why is it so quiet suddenly?	19999	what · 3SG.M.PFV.cause · 3SG.M.PFV.do · silence · suddenly
bawa	Ya bawa kowa laifi ban da kanshi.	He blamed everybody except himself.	19999	3SG.M.PFV · give.to · everyone · fault · NEG · with · head.GEN.3SG.M
nesa	Ya yanke shawarar yin nesa da kowa.	He decided to keep his distance.	19999	3SG.M.PFV · cut · advice.GEN · do.GEN · far · with · everyone
nama	Ba ta son bredi da nama a tsakiya.	She didn't like her sandwich.	19999	NEG · 3SG.F · like.GEN · bread · with · meat · at · middle
inabi	Yace baya shan ruwan inabi.	He said he didn't drink wine.	19999	3SG.M.PFV.say · NEG.3SG.M · drink.GEN · water.GEN · grape
fusata	Ta ce ta fusata ƙwarai.	She said she was furious.	19999	3SG.F.PFV · say · 3SG.F.PFV · be.angry · very
toka	Wannan beran gidan yana da launin toka.	This house mouse is grey.	19999	this · mouse.GEN · house.DEF · 3SG.M.PROG · with · colour.GEN · ash
shuka	Idan ba ku shuka iri ba, ba za su yi girma ba.	If you don't plant the seeds, they won't grow.	19999	if · NEG · 2PL · plant · seed · NEG · NEG · FUT · 3PL · do · growth · NEG
biyayya	Muna ƙoƙarin yin biyayya ga dokokin.	We try to obey the rules.	19999	1PL.PROG · effort.GEN · do.VN.GEN · obedience · to · rule.PL.DEF
janar	Janar yana da daraja sama da kanal.	General is a higher rank than colonel.	19999	general · 3SG.M.PROG · with · rank · above · with · colonel
ƙauye	Jonathan ya gama zama a wani ƙaramin ƙauye.	Jonathan ended up living in a small desert village.	19999	Jonathan · 3SG.M.PFV · finish · residing · at · INDF.M · small.M.GEN · village
tsatsa	Makamai shi sun yi tsatsa.	His weapons are rusty.	19999	weapon.PL · 3SG.M · 3PL.PFV · do · rust
koyar	Motsa jiki yana koyar da tsokoki.	Physical exercise trains the muscles.	19999	move · body · 3SG.M.PROG · teach · PRT · muscle.PL
lumana	Ina son bayyanarka a cikin lumana.	I want your peaceful appearance.	19999	1SG.PROG · want.GEN · appearance.GEN.2SG.M · at · inside.GEN · harmony
nisan	Yaya nisan wannan taurarin ne?	How far away is this galaxy?	19999	how · distance.GEN · this · star.PL.DEF · COP.M
sittin	Tushen ɗari shida da dubu tara da ɗari tara da sittin da ɗaya shi ne ɗari bakwai da tamanin da ɗaya.	The square root of six hundred and nine thousand nine hundred and sixty-one is seven hundred and eighty-one.	19999	root.GEN · hundred · six · and · thousand · nine · and · hundred · nine · and · sixty · and · one · 3SG.M · COP.M · hundred · seven · and · eighty · and · one
tamanin	Tushen ɗari shida da dubu tara da ɗari tara da sittin da ɗaya shi ne ɗari bakwai da tamanin da ɗaya.	The square root of six hundred and nine thousand nine hundred and sixty-one is seven hundred and eighty-one.	19999	root.GEN · hundred · six · and · thousand · nine · and · hundred · nine · and · sixty · and · one · 3SG.M · COP.M · hundred · seven · and · eighty · and · one
babi	Shafuka shida ne a babi na biyu.	There are six pages in chapter two.	19999	page.PL · six · COP.PL · at · chapter · GEN.M · two
kumallo	Da me za mu yi karin kumallo?	What are we having for breakfast?	19999	with · what · FUT · 1PL · do · breaking.GEN · fasting
yanzu	Yanzu bari mu fara aiki.	Now let's get down to work.	19999	now · let · 1PL.SBJV · begin · work
mu	Yanzu bari mu fara aiki.	Now let's get down to work.	19999	now · let · 1PL.SBJV · begin · work
aiki	Yanzu bari mu fara aiki.	Now let's get down to work.	19999	now · let · 1PL.SBJV · begin · work
biya	A biya wannan kudin a Oktoba 28, 1998.	Please settle this account by October 28, 1998.	19999	IMPRS.SBJV · pay · this · money.DEF.M · at · October · 28 · 1998
wannan	A biya wannan kudin a Oktoba 28, 1998.	Please settle this account by October 28, 1998.	19999	IMPRS.SBJV · pay · this · money.DEF.M · at · October · 28 · 1998
yanzu	Mama tana aiki sosai yanzu.	Mother is very busy just now.	19999	mother · 3SG.F.PROG · work · very.much · now
aiki	Mama tana aiki sosai yanzu.	Mother is very busy just now.	19999	mother · 3SG.F.PROG · work · very.much · now
tana	Mama tana aiki sosai yanzu.	Mother is very busy just now.	19999	mother · 3SG.F.PROG · work · very.much · now
ɗaya	Kada a sha ciyawar shinkafa ɗaya!	Waste not a single grain of rice!	19999	PROH · IMPRS.SBJV · drink · grass.GEN · rice · one
kada	Kada a sha ciyawar shinkafa ɗaya!	Waste not a single grain of rice!	19999	PROH · IMPRS.SBJV · drink · grass.GEN · rice · one
sha	Kada a sha ciyawar shinkafa ɗaya!	Waste not a single grain of rice!	19999	PROH · IMPRS.SBJV · drink · grass.GEN · rice · one
dama	Dama sau ɗaya a kowane minti goma sha biyar.	Stir once every fifteen minutes.	19999	stir.IMP · time · one · at · every.M · minute · ten · plus · five
sha	Dama sau ɗaya a kowane minti goma sha biyar.	Stir once every fifteen minutes.	19999	stir.IMP · time · one · at · every.M · minute · ten · plus · five
biyar	Dama sau ɗaya a kowane minti goma sha biyar.	Stir once every fifteen minutes.	19999	stir.IMP · time · one · at · every.M · minute · ten · plus · five
daga	Arewa itace kishiyar shugabanci daga kudu.	North is the opposite direction from south.	19999	north · 3SG.F.COP.F · opposite.GEN.F · leadership · from · south
mai	Ita talaka ce, amma mai gaskiya.	She was poor, but she was honest.	19999	3SG.F · poor.person · COP.F, · but · having · truth.
sake	Ka sake ka tuntube Ni.	Feel free to contact me.	19999	2SG.M.SBJV · do.again · 2SG.M.SBJV · contact · 1SG
ni	Ka sake ka tuntube Ni.	Feel free to contact me.	19999	2SG.M.SBJV · do.again · 2SG.M.SBJV · contact · 1SG
kada	Kada ka nuna katin ka.	Don't show your cards.	19999	PROH · 2SG.M.SBJV · show · card.M.GEN · 2SG.M.POSS
nuna	Kada ka nuna katin ka.	Don't show your cards.	19999	PROH · 2SG.M.SBJV · show · card.M.GEN · 2SG.M.POSS
wani	A baiwa wani daban dama.	Give someone else a chance.	19999	IMPRS.SBJV · give.DAT · someone.M · different · chance
dama	A baiwa wani daban dama.	Give someone else a chance.	19999	IMPRS.SBJV · give.DAT · someone.M · different · chance
uku	Wannan zai biya ɗari uku.	That'll cost three hundred bucks.	19999	this · 3SG.M.FUT · pay · hundred · three
idan	Kira mu idan ka isa.	Give us a call when you arrive.	19999	call.IMP · 1PL · if · 2SG.M.PFV · arrive
ita	Har yanzu ita budurwa ce.	She was still a virgin.	19999	until · now · 3SG.F · young.woman · COP.F.
wata	Wata iska mai zafi tana kadawa daga kudu.	A hot wind is blowing in from the south.	19999	INDF.F · wind · having · heat · 3SG.F.PROG · blowing · from · south
zafi	Wata iska mai zafi tana kadawa daga kudu.	A hot wind is blowing in from the south.	19999	INDF.F · wind · having · heat · 3SG.F.PROG · blowing · from · south
kudu	Wata iska mai zafi tana kadawa daga kudu.	A hot wind is blowing in from the south.	19999	INDF.F · wind · having · heat · 3SG.F.PROG · blowing · from · south
iska	Wata iska mai zafi tana kadawa daga kudu.	A hot wind is blowing in from the south.	19999	INDF.F · wind · having · heat · 3SG.F.PROG · blowing · from · south
labari	Wannan wani labari mai bada tsoro!	What a bizarre tale!	19999	this · INDF.M · story · having · give · fear
tsoro	Wannan wani labari mai bada tsoro!	What a bizarre tale!	19999	this · INDF.M · story · having · give · fear
zuciya	Ka zama mai kyakkywar zuciya.	Have an open mind.	19999	2SG.M.SBJV · become · having · good.F.GEN · heart
zama	Ka zama mai kyakkywar zuciya.	Have an open mind.	19999	2SG.M.SBJV · become · having · good.F.GEN · heart
idan	Ka karanta wannan idan ka sami lokaci.	Read this when you have time.	19999	2SG.M.SBJV · read · this · if · 2SG.M.PFV · get · time
matsala	Kai kam baki ɗayanka ka zama matsala.	You're a real pain in the neck.	19999	2SG.M · EMPH · mouth · one.GEN.2SG.M · 2SG.M.PFV · become · problem
wata	Ita kam tamkar wata sarauniya.	She looks like an angel.	19999	3SG.F · EMPH · like.GEN · INDF.F · queen
afirka	Kakana yakan gaya mana labarin Afirka kafin mu yi barci.	My grandfather always tells us stories about Africa before we go to sleep.	143	
afirka	Ɗan uwana yana aiki a wani banki a Afirka ta Kudu tun bara.	My brother has been working at a bank in South Africa since last year.	143	
afirka	Ina da yaƙinin cewa matasan Afirka za su gyara nahiyar a nan gaba.	I'm convinced that Africa's young people will put the continent right in the years ahead.	143	
riga	Mahaifina ya sayi sabuwar riga domin sallar Idi ta gobe da safe.	My father bought a new gown for tomorrow morning's Eid prayer.	146	
riga	Maɗinkin kasuwa ya ɗinka mini riga kafin bikin ɗan'uwana.	The tailor at the market sewed me a gown before my brother's wedding.	146	
riga	Ba na son sanya farar riga a lokacin damina saboda laka.	I don't like wearing a white gown in the rainy season because of the mud.	146	
inganta	Mun inganta rufin gida da sabbin kwanoni kafin damina ta soma.	We strengthened the roof of the house with new zinc sheets before the rains started.	147	
inganta	Sabon shugaba ya yi alkawarin inganta hanyar da ke kaiwa kasuwarmu.	The new leader promised to improve the road that runs to our market.	147	
inganta	Na yi murna sosai da aka inganta asibitin garinmu bayan shekaru da yawa.	I was overjoyed when our town's hospital was finally upgraded after so many years.	147	
ilmi	Kakana ya bar mana littattafan ilmi da yawa a ƙaramin ɗakinsa.	My grandfather left us a great many books of learning in his little room.	149	
ilmi	Muna zuwa makarantar allo da yamma domin neman ilmi tare da abokaina.	We go to the Qur'anic school in the evenings to seek knowledge with my friends.	149	
ilmi	A ganina, ilmi shi ne gado mafi kyau da iyaye za su bari.	To my mind, knowledge is the finest inheritance parents can leave behind.	149	
malamai	Malamai biyu sun zo gidanmu don su tattauna da mahaifina game da makaranta.	Two teachers came to our house to talk with my father about school.	153	
malamai	Malamai sun yi taro a makarantar kafin fara jarabawar ƙarshen shekara.	The teachers held a meeting at the school before the end-of-year exams began.	153	
malamai	Ina girmama malamai da suka koya mini karatu tun ina ƙarami.	I have deep respect for the teachers who taught me to read when I was small.	153	
wuta	Mahaifiyata tana hura wuta a murhu tun da sassafe don ta dafa koko.	My mother has been blowing on the fire in the hearth since dawn to cook the morning gruel.	155	
wuta	Wuta ta tashi a kasuwar dare, sai 'yan kasuwa suka fitar da kayansu.	A fire broke out at the night market, and the traders hauled their goods outside.	155	
wuta	Na gaji da yadda wuta ke yankewa kowace rana a unguwarmu.	I'm fed up with the way the power cuts out every single day in our neighbourhood.	155	
abdullahi	Abdullahi ya kwashe ruwa daga rijiya kafin mahaifiyarsa ta tashi.	Abdullahi drew water from the well before his mother woke up.	156	
abdullahi	Abdullahi yana sayar da wayoyi a kasuwar Sabon Gari kowace Litinin.	Abdullahi sells phones at the Sabon Gari market every Monday.	156	
abdullahi	Ban yi mamaki ba da Abdullahi ya ci jarabawa, domin yana karatu sosai.	I wasn't surprised that Abdullahi passed the exam, since he studies so hard.	156	
daina	Kanena ya daina shan madara tun bayan ya cika shekara biyu.	My little brother gave up drinking milk once he turned two.	157	
daina	Direban mota ya daina tsayawa a wannan tasha bayan an gyara hanya.	The driver stopped pulling in at this stop after the road was repaired.	157	
daina	Ban daina tunanin garinmu ba tun da na ƙaura zuwa birni.	I haven't stopped thinking about our home town since I moved to the city.	157	
katsina	Muna zuwa Katsina kowace shekara don mu ziyarci kakarmu a lokacin Sallah.	We travel to Katsina every year to visit our grandmother at Sallah.	158	
katsina	Motar haya ta ɗauke mu daga Kano zuwa Katsina cikin sa'o'i uku.	The hired van carried us from Kano to Katsina in three hours.	158	
katsina	Ban taɓa mantawa da daren da muka kwana a Katsina saboda sanyi ba.	I have never forgotten the night we spent in Katsina, because of the cold.	158	
wasa	Yara sun gudu zuwa filin wasa kafin mahaifiyarsu ta dawo gida.	The children ran off to the playing field before their mother got home.	160	
wasa	Za mu kalli wasa tsakanin Kano Pillars da Katsina United gobe da rana.	We're going to watch the match between Kano Pillars and Katsina United tomorrow afternoon.	160	
wasa	Wasa ya fi karatu daɗi a gare shi, shi ya sa ya faɗi jarabawa.	He enjoys games far more than studying, and that is why he failed the exam.	160	
tana	Masunta sukan sayi tana kafin su tafi kogin Kaduna da sassafe.	The fishermen usually buy earthworms before heading down to the Kaduna river at daybreak.	38	
tana	Mahaifiyata takan cire tana daga naman kaza kafin ta soya shi.	My mother peels the membrane off the chicken meat before she fries it.	38	
tana	Ni ba na tsoron tana, amma ƙanwata takan yi ihu ta gudu.	Earthworms don't scare me, but my little sister screams and runs off.	38	
tun	Tun da na ƙaura zuwa Kano, ban sake ganin ƙanwata ba.	Ever since I moved to Kano, I haven't laid eyes on my younger sister.	41	
tun	Yana sayar da waina a kasuwa tun yana ɗan shekara goma.	He has been selling waina at the market since he was ten years old.	41	
tun	Tun ranar jana'izar mahaifina, ban taɓa dawowa wannan gari ba.	Since the day of my father's funeral, I have never once come back to this town.	41	
lafiya	Kowace safiya kakata takan tambaye ni ko ina lafiya kafin ta yi addu'a.	Every morning my grandmother asks whether I'm well before she says her prayers.	45	
lafiya	Likita ya gaya wa ɗan kasuwa cewa lafiya ta fi kuɗi muhimmanci.	The doctor told the trader that health matters more than money does.	45	
lafiya	Mahaifiyata tana addu'a kullum a asibiti har sai ɗan'uwana ya samu lafiya.	My mother prays at the hospital every single day until my brother gets his health back.	45	
gwamnati	Gwamnati ta yi alkawarin gyara hanyar da ke kaiwa ƙauyenmu.	The government promised to repair the road that runs out to our village.	46	
gwamnati	Ya yi shekara ashirin yana aiki a ma'aikatar gwamnati kafin ya yi ritaya.	He spent twenty years working in a government ministry before he retired.	46	
gwamnati	Matasan garin sun fusata don gwamnati ba ta biya malaman makaranta ba.	The young men of the town were furious because the government hadn't paid the schoolteachers.	46	
shekara	Ɗana ya cika shekara biyar yau, mun sayo masa sabon keke.	My son turned five today, so we bought him a new bicycle.	47	
shekara	Mun yi shekara goma a wannan unguwa, amma ba mu san maƙwabtanmu ba.	We've been ten years in this neighbourhood and still don't know our neighbours.	47	
shekara	Bayan shekara uku a Legas, ya koma gidansu don ya kula da mahaifiyarsa.	After three years in Lagos he went back to the family house to look after his mother.	47	
ar	Ar! Na manta da wayata a cikin motar haya, ta riga ta tafi.	Damn it! I left my phone in the taxi and it's already driven off.	50	
ar	Ar! Wutar lantarki ta tafi kafin in gama buga rahoton aiki.	Damn it! The power went out before I could finish typing up the work report.	50	
ar	Ar! Da na sani ba zan ba shi kuɗina ba tun farko.	Damn it! If I'd known, I'd never have handed him my money in the first place.	50	
nijeriya	An haife ni a Kano, amma na yi karatun sakandare a kudancin Nijeriya.	I was born in Kano, but I did my secondary schooling down in southern Nigeria.	51	
nijeriya	Ƙungiyar ƙwallon ƙafa ta Nijeriya ta doke Masar da ci biyu da ɗaya.	Nigeria's football team beat Egypt two goals to one.	51	
nijeriya	Duk lokacin da na dawo Nijeriya, sai in ji daɗin ƙamshin ruwan sama.	Every time I come back to Nigeria, the smell of the rain delights me.	51	
najeriya	Kawuna ya kawo mana busasshen kifi daga arewacin Najeriya lokacin sallah.	My uncle brought us dried fish from northern Nigeria at the time of the festival.	52	
najeriya	Najeriya tana da harsuna sama da ɗari biyar, ba Hausa kaɗai ba.	Nigeria has more than five hundred languages, not just Hausa.	52	
najeriya	Ya bar Najeriya shekara goma da suka wuce, amma yana kewar abokansa.	He left Nigeria ten years ago, but he still misses his friends.	52	
bisa	Jaki shi ne bisa mafi amfani a ƙauyenmu, yakan kwaso mana ruwa.	The donkey is the most useful pack animal in our village; it hauls our water for us.	53	
bisa	Fatake sun ɗaura kayan gishiri a jikin bisa kafin su kama hanya.	The traders lashed the loads of salt onto the pack animal before setting off.	53	
bisa	Ban taɓa ganin bisa da ya ɗauki kaya masu nauyi kamar raƙumi ba.	I have never seen a pack animal carry loads as heavy as a camel does.	53	
amurka	Ɗan'uwana yana zaune a Amurka, yakan aiko mana da kuɗi kowane wata.	My brother lives in America and sends us money every month.	57	
amurka	Ta samu gurbin karatu a Amurka, amma tana jin tsoron sanyin hunturu.	She got a place to study in America, but she's dreading the winter cold.	57	
amurka	Bayan shekara biyar a Amurka, ya gwammace ya dawo gida ya buɗe shago.	After five years in America, he decided he'd rather come home and open a shop.	57	
arewa	Iyalinmu sun ƙaura zuwa arewa domin neman ƙasar noma mai kyau.	Our family moved up north looking for good farmland.	76	
arewa	Direban mota ya ce hanyar arewa ta fi aminci a lokacin damina.	The driver said the northern road is safer during the rainy season.	76	
arewa	Ina kewar arewa, inda iskar hunturu takan kawo ƙura kowace safiya.	I miss the north, where the Harmattan wind brings dust every morning.	76	
mace	Wata mace tana sayar da koko kusa da masallaci kowace safiya.	A woman sells millet porridge beside the mosque every morning.	77	
mace	Mace ce ta fara buɗe shago a wannan titi shekaru goma da suka wuce.	It was a woman who opened the first shop on this street ten years ago.	77	
mace	Ita mace ce mai ƙarfin hali, ta ɗauki nauyin iyalinta bayan mijinta ya rasu.	She is a strong woman; she carried the whole family after her husband died.	77	
gwamna	Gwamna ya ziyarci asibitin ƙauyenmu, amma bai ga likita ko ɗaya ba.	The governor visited our village clinic, but he did not find a single doctor there.	78	
gwamna	Sabon gwamna ya yi alkawarin gyara hanyar da ta lalace tun bara.	The new governor promised to repair the road that has been ruined since last year.	78	
gwamna	Mazauna garin sun daina amincewa da gwamna bayan ya karya alkawarinsa.	The townspeople stopped trusting the governor after he broke his promise.	78	
mulki	A kasuwarmu, mutane sukan yi muhawara game da mulki har rana ta faɗi.	In our market people argue about government until the sun goes down.	79	
mulki	Jam'iyyar ta yi shekara takwas tana mulki kafin masu ƙuri'a su kore ta.	The party spent eight years in power before the voters threw it out.	79	
mulki	Mulki ba ya dawwama; kowane sarki yakan sauka daga karagarsa a ƙarshe.	Power does not last forever; every ruler steps down from his seat in the end.	79	
musulmi	Maƙwabcinmu musulmi ne, kuma yakan gayyace mu wajen buɗa baki a Ramadan.	Our neighbour is a Muslim, and he invites us over to break the fast in Ramadan.	80	
musulmi	Kowane musulmi a unguwarmu yakan halarci sallar Juma'a a babban masallaci.	Every Muslim in our neighbourhood attends Friday prayers at the main mosque.	80	
musulmi	Ya zama musulmi bara, kuma yanzu yana koyon karatun Alƙur'ani da ƙwazo.	He became a Muslim last year, and now he is learning to recite the Qur'an with real diligence.	80	
kaduna	Jirgin ƙasa daga Abuja zuwa Kaduna yakan cika da fasinjoji kowace safiya.	The train from Abuja to Kaduna fills up with passengers every morning.	82	
kaduna	Na yi shekara uku ina karatu a Kaduna kafin in koma gida Kano.	I studied in Kaduna for three years before moving back home to Kano.	82	
kaduna	Duk lokacin da na isa Kaduna, sai in ji ƙamshin suya daga gefen titi.	Every time I reach Kaduna, I catch the smell of grilled meat from the roadside.	82	
boko	Mai sayar da agogon ya ce ba boko ba ne, amma ya lalace washegari.	The watch seller said it was not a fake, but it broke the very next day.	83	
boko	Kada ka biya kuɗi kafin ka ga kayan, domin boko ya yawaita a yanzu.	Don't pay before you have seen the goods, because there is so much fraud these days.	83	
boko	Na fusata sosai da na gane cewa alkawarin da ya yi mini boko ne.	I was furious when I realised the promise he made me was nothing but a trick.	83	
kyau	Rigar da mahaifiyata ta ɗinka min tana da kyau fiye da wadda na saya.	The gown my mother sewed for me is lovelier than the one I bought.	84	
kyau	Shugaban makaranta ya ce halin yaron yana da kyau amma karatunsa ya yi rauni.	The headmaster said the boy's character is good but his schoolwork has gone weak.	84	
kyau	Ban taɓa ganin kyau irin na faɗuwar rana a bakin kogin Neja ba.	I have never seen beauty like the sunset on the bank of the River Niger.	84	
kare	Wani kare ya bi ni har gida, sai na ba shi ragowar abinci.	A dog followed me all the way home, so I gave it the leftover food.	86	
kare	Mafarauta sukan tafi daji da kare domin ya taimaka musu bin sawu.	Hunters go into the bush with a dog so it can help them follow tracks.	86	
kare	Yara sun ji tsoro sosai lokacin da babban kare ya tsallake shingen gidan.	The children were terrified when a big dog jumped over the compound wall.	86	
rana	Mun shanya tufafi da safe, rana kuwa ta busar da su kafin azahar.	We hung the washing out in the morning, and the sun had dried it before the noon prayer.	87	
rana	Manoma sukan huta a ƙarƙashin bishiya har sai rana ta karkata da yamma.	Farmers rest under a tree until the sun sinks towards evening.	87	
rana	Rana ta yi zafi ƙwarai a yau, har na kasa fita kasuwa.	The sun was so fierce today that I could not even go out to the market.	87	
haram	Mahaifina ya ce mana cin riba haram ne, don haka ya ƙi rancen banki.	My father told us that taking interest is forbidden, so he turned down the bank loan.	88	
haram	Limami ya yi waʼazi a masallaci cewa yaudarar mutane haram ce a kasuwa.	The imam preached in the mosque that cheating people in the market is a sin.	88	
haram	Ta ƙi karɓar kuɗin caca, tana cewa ba za ta ci haram ba.	She refused to take the gambling money, saying she would not live off something forbidden.	88	
maka	Kakata ta tara kuɗi shekaru goma kafin ta tafi aikin hajji a Maka.	My grandmother saved up for ten years before she went on the pilgrimage to Mecca.	94	
maka	Mahajjata sun dawo daga Maka da dabino, suka raba wa maƙwabtansu.	The pilgrims came back from Mecca with dates and shared them out among their neighbours.	94	
maka	Ina fatan wata rana in ga Kaʼaba a Maka da idanuna.	I hope that one day I will see the Kaaba in Mecca with my own eyes.	94	
misali	Malam ya rubuta misali ɗaya a allo kafin ya ba mu aikin gida.	The teacher wrote one example on the board before giving us our homework.	97	
misali	Shugaban ƙungiyarmu ya ba da misali na wani gari da ya magance matsalar ruwa.	The head of our association gave the example of a town that solved its water problem.	97	
misali	Ubana ya kasance misali na haƙuri, ko da kasuwancinsa ya faɗi.	My father was an example of patience, even when his business collapsed.	97	
ibrahim	Annabi Ibrahim ya yi haƙuri sosai saʼad da aka jefa shi cikin wuta.	The Prophet Abraham showed great endurance when he was thrown into the fire.	102	
ibrahim	Ibrahim ya kwana yana gyara babur ɗinsa don ya kai kaya gobe.	Ibrahim stayed up all night repairing his motorbike so he could deliver goods tomorrow.	102	
ibrahim	Mun sa wa ɗanmu suna Ibrahim, muna fatan ya gaji karimcin kakansa.	We named our son Ibrahim, hoping he would inherit his grandfather's generosity.	102	
bayani	Ban gane darasin ba, sai na roƙi malam ya sake yin bayani.	I hadn't understood the lesson, so I asked the teacher to go through the explanation again.	103	
bayani	Likita ya yi mana bayani mai sauƙi game da magungunan da ya rubuta.	The doctor gave us a simple explanation of the medicines he had prescribed.	103	
bayani	A taron unguwa, ya yi bayani mai tsawo amma bai gamsar da kowa ba.	At the neighbourhood meeting he gave a long explanation, but it satisfied nobody.	103	
girma	Bishiyar mangwaro da ke bayan gida ta yi girma fiye da rufin ɗakinmu.	The mango tree behind the house has grown taller than the roof of our room.	107	
girma	A ƙauyenmu, ana ba sarki girma sosai duk lokacin da ya shiga taro.	In our village the chief is shown great respect whenever he walks into a gathering.	107	
girma	Girma ba komai ba ne; ƙaramin shagonsa ya fi shagonsu riba.	Size is nothing: his little shop makes more profit than their big one.	107	
bincike	ʼYan sanda suna ci gaba da bincike kan sacewar shanun makiyaya.	The police are still pursuing their investigation into the theft of the herders' cattle.	108	
bincike	Ta shafe watanni uku tana yin bincike a ƙauyuka kafin ta rubuta kundinta.	She spent three months doing research out in the villages before writing her thesis.	108	
bincike	Kafin na sayi filin, na yi bincike sosai don gudun matsalar gado.	Before I bought the plot I looked into it carefully, to avoid an inheritance dispute.	108	
tafiya	Muna shirin tafiya zuwa gidan kakata a ƙauye gobe da safe.	We are getting ready for the trip to my grandmother's house in the village tomorrow morning.	109	
tafiya	Tafiya daga Kano zuwa Sokoto a cikin motar haya ta gajiyar da mu.	The journey from Kano to Sokoto in a hired car wore us out completely.	109	
tafiya	Ban taɓa mantawa da tafiya ta farko da na yi a jirgin ƙasa ba.	I have never forgotten the first journey I ever made by train.	109	
zamani	Zamani ya canja; yanzu yara suna koyon girki a waya maimakon wurin uwa.	Times have changed: children now learn to cook from their phones instead of from their mothers.	110	
zamani	A wannan zamani, kowane gida a unguwarmu yana da injin janareta.	In this day and age, every house in our neighbourhood has a generator.	110	
zamani	Malaminmu ya kwatanta zamanin mulkin mallaka da zamani na yanzu a darasin tarihi.	In the history lesson our teacher compared the colonial era with the present day.	110	
zauna	Kakana yakan zauna a ƙarƙashin bishiyar kuka yana shan koko kowace safiya.	My grandfather sits under the baobab tree drinking millet porridge every morning.	114	
zauna	Bayan ya yi ritaya, ya koma ƙauye ya zauna kusa da gonarsa.	After he retired he moved back to the village and settled right beside his farm.	114	
zauna	Ba na son birni; na fi son in zauna a ƙauye da iyalina.	I don't care for the city; I would much rather live in the village with my family.	114	
wannan	Wannan tukunya ta tsufa, amma mahaifiyata ba ta son mu canza ta.	This pot is worn out, but my mother won't hear of us replacing it.	1	
wannan	Wannan ita ce hanyar da za ta kai ka kasuwa kafin ruwa ya sauka.	This is the road that will get you to the market before the rain comes down.	1	
wannan	Wannan ne karo na uku da malamin ya maimaita tambayar, amma babu amsa.	This is the third time the teacher has repeated the question, and still nobody answers.	1	
shi	Yaron ya ɓace a kasuwa, sai na same shi kusa da tashar mota.	The boy got lost in the market, and I found him near the motor park.	2	
shi	Malamin ya kira shi a gaban aji domin ya karanta wasiƙar da ƙarfi.	The teacher called him up to the front of the class to read the letter aloud.	2	
shi	Kowa ya juya mini baya, amma shi ya zauna tare da ni har asuba.	Everyone turned their back on me, but he stayed with me until dawn.	2	
daga	Na fito daga gida da sassafe kafin kowa ya farka a unguwarmu.	I left the house at first light, before anyone in our neighbourhood had woken up.	3	
daga	Kayan sun iso daga Kano da motar dare, sai muka sauke su.	The goods arrived from Kano on the night lorry, so we unloaded them.	3	
daga	Tun daga ranar da ya bar gari, ban sami labarinsa ba ko kaɗan.	From the day he left town, I have not had a word of news about him.	3	
ka	Ka rufe ƙofar da kyau kafin ka kwanta, don iska tana shiga.	Shut the door properly before you go to bed — the wind is getting in.	4	
ka	Idan ka isa ofis da wuri, ka gaida shugaban kafin taron ya fara.	If you get to the office early, greet the boss before the meeting starts.	4	
ka	Ban yarda da kai ba, domin ka ƙaryata ni a gaban abokaina jiya.	I don't trust you, because you called me a liar in front of my friends yesterday.	4	
mai	Mahaifiyata ta zuba mai a tukunya kafin ta soya kifin da muka saya.	My mother poured oil into the pot before frying the fish we had bought.	6	
mai	Direban ya sayi mai a tasha kafin ya kama hanyar Kano da safe.	The driver bought fuel at the station before setting off for Kano in the morning.	6	
mai	Farashin mai ya tashi sosai, don haka mutane sun daina tafiye-tafiye.	The price of fuel has shot up, so people have stopped travelling.	6	
mu	Bari mu ɗauko fitila, domin wutar lantarki ta yanke tun da yamma.	Let's fetch the lamp — the power has been off since the evening.	9	
mu	Za mu tashi da asuba domin mu isa gona kafin rana ta yi zafi.	We'll set out at dawn so that we reach the farm before the sun gets hot.	9	
mu	Sun yi mana magana da mugun murya, amma ba mu amsa musu ba.	They spoke to us in a harsh voice, but we did not answer them back.	9	
allah	Kakata takan ce Allah ya kawo sauƙi duk lokacin da muka yi korafi.	My grandmother says may God bring relief every time we complain about something.	12	
allah	Manoma sun taru suna roƙon Allah ya saukar da ruwan sama kan gonakinsu.	The farmers gathered to beg God to send rain down on their fields.	12	
allah	Na yi alkawari cewa in Allah ya ba ni lafiya, zan koma makaranta.	I made a promise that if God grants me health, I will go back to school.	12	
yanzu	Yanzu na gama wanke kwanoni, sai kuma a ce in dafa abinci.	I have only just finished washing the dishes, and now they tell me to cook.	18	
yanzu	Har yanzu ba a gyara hanyar ba, don haka motocin sukan makale da yamma.	The road still hasn't been repaired, so the cars get stuck there every evening.	18	
yanzu	A da ba ya son makaranta, amma yanzu yakan yi karatu har tsakar dare.	He used to hate school, but now he studies right up to the middle of the night.	18	
bayan	Yara sun yi wasan ƙwallo a bayan gidan har sai da dare ya yi.	The children played football behind the house until night fell.	19	
bayan	Bayan mun gama girbi, sai muka kai amfanin gona kasuwar Lahadi.	After we finished the harvest, we took the produce to the Sunday market.	19	
bayan	Bayan shekaru goma a ƙasar waje, ya dawo bai san kowa a unguwar ba.	After ten years abroad, he came home and knew nobody left in the neighbourhood.	19	
zama	Muna zama a wani ƙaramin ɗaki kusa da kasuwa, amma muna jin daɗin unguwar.	We live in a small room near the market, but we're fond of the neighbourhood.	23	
zama	Malaman sun gaji da zama a otal, sai suka nemi gida a garin.	The teachers grew tired of staying in a hotel, so they looked for a house in town.	23	
zama	Ban taɓa jin daɗin zama a birni ba, saboda hayaniyar ba ta ƙarewa.	I have never enjoyed living in the city, because the noise never lets up.	23	
kanta	Hajiya ta ɗaura ɗankwali a kanta kafin ta fita zuwa kasuwa.	Hajiya tied a headscarf on her head before heading out to the market.	118	
kanta	Malama Zainab ta gina wannan makarantar da kanta, ba tare da taimakon kowa ba.	Malama Zainab built this school herself, without anyone's help.	118	
kanta	Bayan ta faɗi jarrabawa, ta zauna a ɗaki tana zargin kanta.	After she failed the exam, she sat in her room blaming herself.	118	
uwa	Uwa ta tashi da sassafe don ta dafa koko kafin yara su tafi makaranta.	Mother got up at dawn to make koko before the children left for school.	120	
uwa	Duk ƴan uwa sun taru a gidan kakata domin bikin suna.	All the relatives gathered at my grandmother's house for the naming ceremony.	120	
uwa	Ba na jin akwai wanda zai maye gurbin uwa a rayuwar mutum.	I don't think anyone can take a mother's place in a person's life.	120	
annabi	Malamin ya ba mu labarin Annabi Yusufu a lokacin darasin Alƙurʼani.	The teacher told us the story of the Prophet Yusuf during the Qur'an lesson.	122	
annabi	Kakana yakan yi mana waʼazi game da rayuwar Annabi kowace Jumaʼa.	My grandfather preaches to us about the Prophet's life every Friday.	122	
annabi	A ganina, kowane annabi ya zo da saƙo mai sauƙi ga mutanensa.	To my mind, every prophet came with a simple message for his people.	122	
kusa	Gidanmu yana kusa da masallaci, don haka muna jin kiran sallah sosai.	Our house is near the mosque, so we hear the call to prayer clearly.	129	
kusa	Ka tsaya kusa da ni a kasuwa domin kada ka ɓace cikin taron.	Stay close to me in the market so you don't get lost in the crowd.	129	
kusa	Yana ba ni haushi cewa babu asibiti kusa da ƙauyenmu har yau.	It annoys me that there is still no hospital anywhere near our village.	129	
adam	Malam ya bayyana mana yadda Allah ya halicci Adam daga ƙasa.	The teacher explained to us how God created Adam out of earth.	130	
adam	Likitocin nan suna kula da kowane ɗan adam ba tare da bambanci ba.	The doctors here look after every human being without discrimination.	130	
adam	Kowane ɗan adam yakan yi kuskure, don haka ya kamata mu yafe wa juna.	Every human being makes mistakes, so we ought to forgive one another.	130	
muhammadu	Malamai suna karanta tarihin Annabi Muhammadu a lokacin bikin Maulidi kowace shekara.	The scholars recite the life of the Prophet Muhammad at the Maulid festival every year.	131	
muhammadu	Muhammadu ya sayar da shanunsa a kasuwar Wudil don ya biya kuɗin makaranta.	Muhammadu sold his cattle at Wudil market so he could pay the school fees.	131	
muhammadu	Sun sa wa ɗansu suna Muhammadu domin suna girmama Annabi sosai.	They named their son Muhammadu because they hold the Prophet in deep respect.	131	
mamaki	Na yi mamaki lokacin da na ga ƙanwata ta iso daga Legas.	I was astonished when I saw my younger sister arrive from Lagos.	136	
mamaki	Abin mamaki, direban mota ya ƙi karɓar kuɗin da muka ba shi.	Surprisingly, the driver refused to take the money we handed him.	136	
mamaki	Duk ƙauyen ya cika da mamaki bayan ƴan makaranta suka gina rijiya.	The whole village was filled with amazement after the schoolchildren dug a well.	136	
alheri	Maƙwabciyarmu ta yi mana alheri, ta kula da yaranmu lokacin da muke asibiti.	Our neighbour did us a kindness and looked after our children while we were at the hospital.	137	
alheri	A garinmu, mukan yi wa baƙi alheri ko da muna cikin ƙunci.	In our town we treat strangers well even when we are in hardship.	137	
alheri	Na roƙi Allah ya saka wa malamina da alheri saboda taimakonsa.	I prayed that God would reward my teacher with good for his help.	137	
sabo	Gadon nan sabo ne, amma ya riga ya fara yin ƙara da dare.	This bed is new, but it has already started creaking at night.	139	
sabo	Aikin nan sabo ne a gare ni, don haka ina yawan tambayar abokan aiki.	This job is new to me, so I am forever asking my colleagues questions.	139	
sabo	Na fi son tsohon gidanmu, ko da yake wannan sabo ne kuma babba.	I prefer our old house, even though this one is new and big.	139	
makaranta	Kowace safiya nakan kai ƙanena makaranta kafin in tafi wurin aiki.	Every morning I take my little brother to school before I head to work.	141	
makaranta	Bayan an gyara rufin, ɗalibai sun koma makaranta a makon jiya.	After the roof was repaired, the pupils went back to school last week.	141	
makaranta	Tun da na fara makaranta a Kano, ban taɓa jin daɗin karatun lissafi ba.	Ever since I started school in Kano, I have never enjoyed maths lessons.	141	
lokaci	Ban sami lokacin dafa abinci ba, don haka mun sayi tuwo a kasuwa.	I didn't get the time to cook, so we bought tuwo at the market.	58	
lokaci	Malam ya ce mu zo da ƙarfe takwas, amma lokacin taron ya canja.	The teacher told us to come at eight, but the time of the meeting was changed.	58	
lokaci	Lokaci yana tafiya da sauri, sai ka ga ƙaramin yaro ya zama uba.	Time moves fast — before you know it, the little boy has become a father.	58	
gaskiya	Yaron ya karya tasa, amma ya faɗi gaskiya kafin mahaifiyarsa ta tambaya.	The boy broke a dish, but he told the truth before his mother even asked.	59	
gaskiya	Shugaban ƙauyen ya nemi gaskiya daga kowa kafin ya yanke hukunci.	The village head asked everyone for the truth before he gave his ruling.	59	
gaskiya	Gaskiya ba ta ɓacewa, ko da mutane sun yi shekaru suna ɓoye ta.	The truth never gets lost, even if people spend years hiding it.	59	
kowa	Da ruwan sama ya fara, kowa ya shiga ɗaki ya bar farfajiya.	When the rain started, everyone went inside and left the courtyard empty.	60	
kowa	A wurin bikin, kowa ya ci abinci sai wanda ya makara.	At the wedding everyone got food except the one who turned up late.	60	
kowa	Kowa yana da matsalarsa, saboda haka ka yi haƙuri da abokan aikinka.	Everyone has troubles of their own, so be patient with the people you work with.	60	
hausa	Kakata ba ta jin Turanci, sai Hausa muke yi a gida.	My grandmother doesn't understand English, so Hausa is all we speak at home.	62	
hausa	Sabon likitan ya koyi Hausa da sauri, yanzu yana magana da marasa lafiya.	The new doctor learned Hausa quickly, and now he talks to the patients himself.	62	
hausa	Ban gane Hausar wannan karin magana ba, sai kakana ya bayyana maʼanarta.	I couldn't make sense of the wording of this proverb until my grandfather explained what it meant.	62	
kano	Ƙanwata tana zaune a Kano, muna kiranta duk ranar Asabar.	My younger sister lives in Kano, and we ring her every Saturday.	63	
kano	Mahaifina yakan kai gyaɗa zuwa Kano duk kaka, ya sayar a Kasuwar Dawanau.	My father takes groundnuts to Kano every harvest and sells them at Dawanau market.	63	
kano	Duk lokacin da na koma Kano, sai in ji daɗin cunkoson mutanenta.	Every time I go back to Kano, I find myself enjoying the crush of its crowds.	63	
sani	Mahaifiyata ta sani tun kafin mu gaya mata cewa mun faɗi jarrabawa.	My mother already knew before we told her that we had failed the exam.	66	
sani	Mun tambayi shugaban maʼaikata game da albashi, amma shi ma bai sani ba.	We asked the head of staff about the wages, but he didn't know either.	66	
sani	Ta yi shiru duk maraice, ban sani ba ko har yanzu tana fushi.	She stayed silent all evening, and I don't know whether she is still angry.	66	
alhaji	Alhaji Musa yakan raba dabino ga yara bayan sallar magariba.	Alhaji Musa hands out dates to the children after the sunset prayer.	69	
alhaji	Mun je shagon Alhaji don siyan shinkafa, amma ya ce farashin ya tashi.	We went to Alhaji's shop to buy rice, but he said the price had gone up.	69	
alhaji	Bayan ya dawo daga aikin hajji, kowa a unguwar yana kiransa Alhaji.	Since he came back from the pilgrimage, everyone in the neighbourhood calls him Alhaji.	69	
sake	An kashe wutar lantarki har safiya, sai mahaifiyata ta sake dafa abinci.	The power was off until morning, so my mother had to cook the food all over again.	70	
sake	Makanike ya sake gyara motar, amma har yanzu tana yin ƙara.	The mechanic repaired the car a second time, but it still makes a noise.	70	
sake	Ba na so in sake ganin irin wannan rikici a unguwarmu.	I never want to see that kind of trouble in our neighbourhood again.	70	
hankali	Ka yi hankali da tukunyar wake, har yanzu tana da zafi ƙwarai.	Be careful with the pot of beans — it is still very hot.	73	
hankali	Ɗalibai, ku mai da hankali; wannan tambaya za ta fito a jarrabawa.	Students, pay attention — this question is going to come up in the exam.	73	
hankali	Yarinyar tana da hankali fiye da shekarunta, kowa a gida yana yaba mata.	The girl has more sense than her years, and everyone at home praises her for it.	73	
gida	Da na dawo gida daga aiki, na tarar da baƙi suna jira.	When I got home from work, I found guests sitting there waiting.	74	
gida	Mun sayar da gida a Kano, muka koma ƙauyen mahaifina bara.	We sold the house in Kano and moved to my father's village last year.	74	
gida	Duk inda na yi tafiya, babu wurin da ya fi gida daɗi.	Wherever I have travelled, there is no place sweeter than home.	74	
ita	Na tafi kasuwa da ita jiya, sai muka sayi kayan miya.	I went to the market with her yesterday, and we bought the vegetables for the stew.	24	
ita	Ita ce take gudanar da kantin tun bayan rasuwar mahaifinta.	She is the one who has been running the shop ever since her father died.	24	
ita	Ba ta da kuɗi sosai, amma ita ce mafi karimci a unguwarmu.	She hasn't got much money, but she is the most generous person in our neighbourhood.	24	
aiki	Kowace safiya yakan tashi da ƙarfe biyar domin ya isa aiki kafin takwas.	Every morning he gets up at five so that he can reach work before eight.	25	
aiki	Ya samu aiki a banki, amma ya bar shi don ƙarancin albashi.	He got a job at a bank, but he walked away from it because the pay was too little.	25	
aiki	Na gaji da neman aiki a Kano, na shafe watanni shida ina yawo.	I'm worn out from job-hunting in Kano; I've spent six months tramping around.	25	
ni	Yaronmu ba ya barci sai ya kwanta kusa da ni.	Our little boy won't fall asleep unless he is lying down next to me.	26	
ni	Ni ne na kai ta asibiti, amma babu wanda ya gode mini.	I was the one who took her to the hospital, and not a soul thanked me.	26	
ni	Sauran sun tafi bikin aure, ni kuwa na tsaya gida ina kallon yara.	The others went off to the wedding, while I stayed home minding the children.	26	
sin	Duk kayan da muke saya a kasuwa yanzu, daga Sin suke zuwa.	Everything we buy in the market these days comes from China.	29	
sin	Ƙanena yana karatun injiniya a ƙasar Sin, zai dawo bayan shekara biyu.	My younger brother is studying engineering in China; he'll be back in two years.	29	
sin	Mutane suna zargin wayoyin Sin da rashin ƙarfi, amma tawa ta daɗe sosai.	People are always calling Chinese phones flimsy, but mine has lasted me a long time.	29	
mata	A ƙauyenmu, mata suna zuwa rijiya tun kafin gari ya waye.	In our village the women go down to the well before day has even broken.	30	
mata	Ya auri mata biyu, kuma dukansu suna zama a gida ɗaya.	He married two wives, and the two of them live together in the same house.	30	
mata	Na rubuta mata wasiƙa uku, amma ba ta amsa ko ɗaya ba.	I wrote her three letters, but she didn't answer a single one of them.	30	
mutum	Wani mutum ya zo neman ka da safe, ya bar lambar wayarsa.	Some man came looking for you this morning; he left his phone number.	31	
mutum	Motar tana ɗaukar mutum goma sha huɗu, amma direban ya shigar da ashirin.	The vehicle takes fourteen people, but the driver packed twenty of us in.	31	
mutum	Kada ka yanke wa mutum hukunci kafin ka ji labarinsa daga bakinsa.	Don't pass judgement on a person before you've heard his side of it from his own mouth.	31	
fara	Bari mu fara cin abinci kafin ya yi sanyi, kowa ya zauna.	Let's start eating before the food goes cold — everybody sit down.	32	
fara	Fara ta sauka a gonar gero, ta cinye komai cikin kwana biyu.	The locusts came down on the millet farm and ate the whole thing within two days.	32	
fara	Taron zai fara da ƙarfe tara, don haka kada ka makara kamar jiya.	The meeting starts at nine, so don't turn up late the way you did yesterday.	32	
baya	Ina jin ciwon baya tun da na sauke buhun shinkafa daga motar.	My back has been hurting ever since I lifted that sack of rice down off the car.	34	
baya	Yara suna zaune a baya, manya kuma sun cika kujerun gaba.	The children are sitting at the back, and the grown-ups have filled up the front seats.	34	
baya	Ina tunanin rayuwar da muka yi a baya, ta fi ta yanzu daɗi.	I keep thinking about the life we lived back then; it was sweeter than this one.	34	
shiga	Ka cire takalmanka kafin ka shiga ɗakin, ƙasa tana da laka.	Take your shoes off before you go into the room; the ground outside is muddy.	35	
shiga	An hana shiga filin jirgin sama ba tare da takardar izini ba.	Entry to the airport is forbidden unless you have a permit.	35	
shiga	Da na ga fuskarta sai na shiga tsoro, na san akwai matsala.	The moment I saw her face I went cold with fear; I knew something was wrong.	35	
ji	Janaretan maƙwabcinmu yana surutu, ban ji abin da ka faɗa ba.	Our neighbour's generator is roaring away — I didn't catch what you said.	36	
ji	Na ji labarin rasuwarsa a rediyo, sai na tafi gidansu nan da nan.	I heard the news of his death on the radio and went straight round to their house.	36	
ji	Baƙon ya yi magana da Faransanci, ban ji ko kalma ɗaya ba.	The visitor spoke in French, and I couldn't understand a single word of it.	36	
ibada	Kowace safiya kakana yakan tashi da wuri domin ya yi ibada kafin kowa.	Every morning my grandfather gets up early so he can do his worship before anyone else is awake.	242	
ibada	A watan Ramadan, ʼyan kasuwa suna rufe shagunansu da wuri saboda ibada.	During Ramadan the traders close their shops early for the sake of worship.	242	
ibada	Ga kakata, ibada ita ce maganin damuwa, ba likita ba.	For my grandmother, worship is the cure for anxiety, not a doctor.	242	
soyayya	Soyayyar da ke tsakanin kakana da kakata ta kai shekaru sittin.	The love between my grandfather and my grandmother has lasted sixty years now.	243	
soyayya	A wajen bikin, mawaƙan sun rera waƙar soyayya har gari ya waye.	At the wedding the singers performed love songs right through until daybreak.	243	
soyayya	Soyayya ba ta isa ba idan babu haƙuri tsakanin mata da miji.	Love is not enough on its own if there is no patience between a wife and a husband.	243	
alhali	Ya ce ya gama aikin gida, alhali bai ma taɓa buɗe littafi ba.	He said he had finished his homework, when in fact he had not even opened a book.	246	
alhali	Sun kore shi daga aiki, alhali shi kaɗai ne ke fahimtar naʼurar.	They dismissed him from the job, whereas he was the only one who understood the machine.	246	
alhali	Na cika da fushi, alhali ni kaina na taɓa yin irin wannan kuskuren.	I was seething with anger, whereas I myself had once made exactly the same mistake.	246	
lalle	Kafin Sallah, ʼyan mata sukan zauna a farfajiya suna shafa lalle.	Before the Sallah festival the girls sit out in the courtyard putting henna on each other.	248	
lalle	Amaryar ba ta iya ɗaukar kofi ba, domin lallen hannunta bai bushe ba.	The bride could not pick up a cup, because the henna on her hands had not dried yet.	248	
lalle	Ina son ƙamshin lalle, amma launinsa yakan ɗauki makonni kafin ya shuɗe.	I love the smell of henna, but its colour usually takes weeks to fade.	248	
tilas	Ruwan famfo ya yanke, don haka tilas ne mu ɗiba daga rijiya.	The tap water was cut off, so we had no choice but to draw from the well.	249	
tilas	A wannan kamfani, tilas ne kowa ya sa hular kwano kafin ya shiga.	At this company everyone is required to put on a hard hat before going in.	249	
tilas	Ban so in bar garinmu ba, amma yunwa ta mai da shi tilas.	I did not want to leave our town, but hunger turned it into a necessity.	249	
tasa	Mahaifiyata ta zuba miya a cikin babbar tasa ta ajiye a tsakiya.	My mother poured the stew into a big metal bowl and set it down in the middle of us.	251	
tasa	A kasuwa, mai sayar da kwanoni ya buga tasa domin mu ji ƙararta.	In the market the pot seller struck a basin so that we could hear how it rang.	251	
tasa	Tasar da muke ci da ita tun ƙuruciyata ta yi tsatsa yanzu.	The basin we have eaten out of since my childhood has gone rusty now.	251	
gona	Da sassafe mahaifina yakan tafi gona kafin rana ta yi zafi.	At first light my father heads out to the farm before the sun turns fierce.	252	
gona	Bayan ruwan sama ya sauka, mun shuka gero a gonar kakanmu.	Once the rain had fallen, we planted millet on our grandfather's farm.	252	
gona	Sun sayar da gonar iyayenmu, kuma har yanzu ina jin ciwon hakan.	They sold our parents' farm, and the pain of it still sits with me.	252	
jagoranci	Bayan mutuwar sarki, jagorancin garin ya koma hannun ɗansa.	After the chief died, leadership of the town passed into his son's hands.	253	
jagoranci	Jagorancin da ta yi wa ƙungiyar ya sa muka lashe gasar bana.	The leadership she gave the team is why we won this year's competition.	253	
jagoranci	Jagoranci ba mulki ba ne; shugaba na gaskiya yakan saurari talakawa.	Leadership is not domination; a genuine leader listens to ordinary people.	253	
daura	Mun sauka a Daura da tsakar dare, muka kwana a gidan abokina.	We reached Daura at midnight and spent the night at my friend's house.	254	
daura	Motar Katsina zuwa Daura tana cika da wuri a ranar kasuwa.	The bus from Katsina to Daura fills up early on market day.	254	
daura	Ina alfahari da Daura, domin daga nan ne tarihin Hausawa ya fara.	I am proud of Daura, because that is where the history of the Hausa people began.	254	
asali	Asalin iyayena daga Zariya ne, ko da yake mun girma a Legas.	My parents originally come from Zaria, even though we grew up in Lagos.	258	
asali	Likitan ya nemi asalin cutar sai ya gano ruwan rijiyar ne.	The doctor searched for the origin of the disease and discovered it was the well water.	258	
asali	Mutumin da ya manta asalinsa yana kama da bishiyar da ba ta da saiwa.	A person who forgets where he comes from is like a tree with no roots.	258	
tambaya	Yaron ya yi mini tambaya mai wuya game da taurari da dare.	The boy asked me a hard question about the stars at night.	163	
tambaya	A taron ƙauyen, wani tsoho ya tashi ya yi tambaya kan ruwan famfo.	At the village meeting an old man stood up and asked a question about the tap water.	163	
tambaya	Ina jin kunya in yi tambaya a gaban ajin, sai na yi shiru.	I am too shy to ask a question in front of the class, so I keep quiet.	163	
hanci	Ƙurar hunturu tana sa hanci ya toshe, sai na kasa barci da dare.	The harmattan dust blocks my nose, so I cannot sleep at night.	165	
hanci	Likita ya duba hanci da makogwaron yaron kafin ya rubuta magani.	The doctor examined the boy's nose and throat before prescribing any medicine.	165	
hanci	Ba na son aiki inda ake cin hanci kafin a yi maka komai.	I hate working somewhere you have to pay a bribe before anything gets done for you.	165	
hijira	Malam ya ba mu labarin hijira daga Makka zuwa Madina a makarantar allo.	At the Qur'anic school the teacher told us the story of the hijra from Mecca to Medina.	172	
hijira	Kalandar musulunci tana ƙidaya shekaru tun daga hijira, ba haihuwar Annabi ba.	The Islamic calendar counts its years from the hijra, not from the Prophet's birth.	172	
hijira	Kakana yakan yi kuka duk lokacin da yake ba jikokinsa labarin hijira.	My grandfather weeps every time he tells his grandchildren the story of the hijra.	172	
hajji	Mahaifiyata tana adana kuɗi kowane wata don ta tafi aikin hajji.	My mother puts money aside every month so that she can go on the hajj.	174	
hajji	Alhaji Sani ya dawo daga aikin hajji, mutane suka cika gidansa da sallama.	Alhaji Sani came back from the hajj, and people packed his house to greet him.	174	
hajji	Kowace shekara ina fatan zuwa hajji, amma kuɗin jirgi ya fi ƙarfina.	Every year I hope to go on the hajj, but the airfare is beyond my means.	174	
jiha	Ƙanwata ta yi aure a wata jiha, muna magana ta waya kawai.	My younger sister married into another state, and now we only talk on the phone.	175	
jiha	Kamfaninmu yana da ofis a kowace jiha, don haka ina yawan tafiya.	Our company has an office in every state, so I am on the road constantly.	175	
jiha	Na ruɗe a tashar mota, ban san ta wace jiha zan nufa ba.	I got confused at the motor park and had no idea which direction to head in.	175	
musa	Malam ya karanta mana labarin Annabi Musa da sandarsa a makarantar allo.	At the Qur'anic school the teacher read us the story of the prophet Moses and his staff.	178	
musa	Duk lokacin da aka labarta yadda Musa ya raba teku, ina mamaki.	Whenever the story of how Moses parted the sea is told, it amazes me.	178	
musa	Mun sa wa ɗanmu suna Musa, don kakansa ma haka ake kiransa.	We named our son Musa, because his grandfather was called that as well.	178	
illa	Ba ni da abin da zan ci illa shinkafar jiya da ta ragu.	I have nothing to eat except the rice left over from yesterday.	179	
illa	Ba wanda ya rage a ofis da ƙarfe takwas illa mai gadin dare.	By eight o'clock nobody was left in the office except the night watchman.	179	
illa	Ban gaya wa kowa labarin rashin lafiyata ba illa ƙanwata.	I told nobody about my illness except my younger sister.	179	
naira	Mai tumatir ya nemi naira dubu biyu, sai na ce ya rage mini.	The tomato seller asked for two thousand naira, so I told him to bring it down for me.	180	
naira	Direban bas ya karɓi naira ɗari biyar kafin ya tashi zuwa Kaduna.	The bus driver collected five hundred naira from each of us before setting off for Kaduna.	180	
naira	Albashina na wata bai kai naira dubu talatin ba, rayuwa ta yi tsada.	My monthly salary is not even thirty thousand naira, and life has grown expensive.	180	
dalili	Bai bayyana mini dalili ba, sai ya ɗauki jakarsa ya bar gida.	He gave me no reason at all; he just took his bag and left the house.	181	
dalili	Shugaban aiki ya nemi dalili kafin ya ba ni hutun kwana biyu.	My boss demanded a reason before granting me two days off.	181	
dalili	Talauci ne babban dalili da ke sa matasa su bar ƙauye zuwa birni.	Poverty is the main reason young people leave the village for the city.	181	
shehu	Shehu ya yi huɗuba mai tsawo a masallaci, mutane suka saurara cikin natsuwa.	The learned shehu preached a long sermon in the mosque, and people listened in complete stillness.	182	
shehu	Mahaifina ya kai ni gidan wani shehu domin in koyi karatun Larabci.	My father took me to a scholar's house so that I could learn to read Arabic.	182	
shehu	Ana girmama shehu a garinmu fiye da sarki, saboda iliminsa mai zurfi.	In our town the scholar is honoured more than the chief, because of his deep learning.	182	
amin	Kowace safiya kakata takan yi adduʼa, sai dukanmu mu amsa amin.	Every morning my grandmother says a prayer, and then we all answer amen.	184	
amin	Liman ya yi wa marasa lafiya adduʼa, sai jamaʼa suka amsa amin.	The imam prayed for the sick, and the congregation answered amen.	184	
amin	Abokina ya roƙi Allah ya ba shi aiki, na ce amin da gaske.	My friend begged God to give him a job, and I said amen with all my heart.	184	
borno	Kakana ya taso a Borno, don haka yakan yi mana labarin Maiduguri.	My grandfather grew up in Borno, so he is always telling us stories about Maiduguri.	185	
borno	ʼYan kasuwa daga Borno sun kawo kifin Tafkin Chadi zuwa kasuwar Kano.	Traders from Borno brought Lake Chad fish down to the Kano market.	185	
borno	Ina son in ziyarci Borno, amma iyayena suna damuwa da tsaro.	I want to visit Borno, but my parents are worried about the security situation.	185	
haihuwa	Kwana bakwai bayan haihuwa, muka yi wa jaririn suna a gida.	Seven days after the birth, we held the naming ceremony for the baby at home.	186	
haihuwa	Ungozoma ta shafe dare tana taimakon mata biyu wajen haihuwa a asibiti.	The midwife spent the whole night helping two women through childbirth at the clinic.	186	
haihuwa	Mahaifiyata tana cewa haihuwa ta biyu ta fi ta farko sauƙi.	My mother says the second birth was easier than the first.	186	
tsari	Mahaifina yana da tsari na musamman wajen shirya kayan aiki a rumfarsa.	My father has his own particular system for arranging the tools in his shed.	187	
tsari	Shugaban makaranta ya kawo sabon tsari na jarrabawa kafin bikin sauke karatu.	The headmaster brought in a new examination system before the graduation ceremony.	187	
tsari	Wannan tsari ba shi da amfani, saboda babu wanda ya fahimce shi.	This plan is useless, because there is nobody who actually understands it.	187	
adawa	ʼYan adawa sun fita daga zauren majalisa kafin a kaɗa ƙuriʼa.	The opposition members walked out of the assembly hall before the vote was taken.	189	
adawa	Kawuna ya nuna adawa game da sayar da gonar kakanmu.	My uncle came out against the sale of our grandfather's farm.	189	
adawa	Ba na son adawa a tsakanin ʼyan uwa, gara mu yi sulhu.	I hate to see bad blood between relatives; we would do better to make peace.	189	
hikima	Kakata takan warware faɗan gida da hikima maimakon ta ɗaga murya.	My grandmother settles quarrels in the house with wisdom rather than by raising her voice.	191	
hikima	Sarkin garinmu ya sasanta manoma da makiyaya cikin hikima, ba tare da kotu ba.	Our town's emir reconciled the farmers and the herders wisely, without any court getting involved.	191	
hikima	Ban taɓa tsammanin yaro ƙarami zai yi magana da irin wannan hikima ba.	I never expected such a young boy to speak with that kind of wisdom.	191	
sanata	Sanata ya zo ƙauyenmu ya yi alkawarin gyara hanya kafin damina.	The senator came to our village and promised to repair the road before the rains.	196	
sanata	Mahaifina yana sauraron muhawarar sanata a rediyo duk yammacin Jumaʼa.	My father listens to the senator's debate on the radio every Friday evening.	196	
sanata	Mun zaɓi sanata a bara, amma har yanzu bai ziyarci mazaɓarsa ba.	We elected a senator last year, but he still has not set foot in his constituency.	196	
bana	Bana ruwan sama ya yi yawa, saboda haka gyaɗarmu ta yi kyau.	The rains were heavy this year, so our groundnut crop did well.	199	
bana	Bana ɗalibai sun fi na bara yawa a makarantar sakandare ta gari.	There are more students this year than last year at the town's secondary school.	199	
bana	Ban je Kano ba a bara, amma bana zan halarci bikin ƙanwata.	I didn't go to Kano last year, but this year I'm going to my little sister's wedding.	199	
sako	Na aika wa mahaifiyata sako a waya, amma ba ta amsa ba tukuna.	I sent my mother a message on the phone, but she hasn't replied yet.	200	
sako	Sakataren ofis ya kawo mini sako daga shugaba kafin in tashi.	The office secretary brought me a message from the boss just before I left.	200	
sako	Sako guda ɗaya ya isa ya ɓata mini rana gaba ɗaya.	One single message was enough to ruin my entire day.	200	
albashi	Duk ƙarshen wata nakan raba albashi tsakanin haya, abinci da kuɗin makaranta.	At the end of every month I split my wages between rent, food and school fees.	203	
albashi	Malaman makaranta sun yi yajin aiki don ba a biya su albashi ba.	The schoolteachers went on strike because they had not been paid their salaries.	203	
albashi	Albashi ya yi ƙaranci a wannan aiki, don haka ina neman wani.	The pay is too little in this job, so I'm looking for another one.	203	
littafi	Na ɓoye littafin a ƙarƙashin katifa domin kada ƙanena ya yage shi.	I hid the book under the mattress so my little brother wouldn't tear it up.	206	
littafi	Na sayi littafin karatu a kasuwar Sabon Gari kafin makaranta ta buɗe.	I bought the textbook at Sabon Gari market before school opened.	206	
littafi	Littafin da malam ya ba ni yana da wuya, amma ina son labarinsa.	The book the teacher gave me is hard going, but I love the story in it.	206	
yaro	Yaron ya ɓace a cikin kasuwa, mun neme shi har zuwa maraice.	The boy got lost in the market, and we searched for him until evening.	207	
yaro	Yaron nan yana sayar da gyaɗa a tashar mota kowace safiya.	That boy sells groundnuts at the motor park every morning.	207	
yaro	Ina jin tausayin yaron nan da yake kwana a gaban shago kowane dare.	I feel sorry for that boy who sleeps in front of the shop every night.	207	
adamu	Adamu ya ɗebo ruwa daga rijiya tun kafin uwarsa ta tashi.	Adamu had fetched water from the well before his mother even got up.	209	
adamu	Adamu makaniki ne a Kano, yana gyara babura tun yana ƙarami.	Adamu is a mechanic in Kano; he has been repairing motorcycles since he was small.	209	
adamu	Malam ya ba mu labarin Annabi Adamu, sai ɗalibai duka suka yi shiru.	The teacher told us the story of the Prophet Adam, and every pupil fell silent.	209	
rashawa	Direban ya ba ɗan sanda rashawa a hanya domin kada a tsare shi.	The driver gave the policeman a bribe on the road so he wouldn't be detained.	212	
rashawa	Maʼaikacin ya ƙi karɓar rashawa, sai aka mayar da shi wani ofishi.	The clerk refused to take the bribe, so they transferred him to another office.	212	
rashawa	Rashawa ce ta lalata aikin hanyar nan, ba talauci ba, in ji dagaci.	It was bribery that ruined this road project, not poverty, said the village head.	212	
kamaru	Kamaru ta doke Najeriya da ƙwallo ɗaya, sai muka fita gasar da wuri.	Cameroon beat Nigeria by a single goal, and so we went out of the tournament early.	213	
kamaru	ʼYan kasuwa suna kai kayan abinci zuwa Kamaru ta iyakar Adamawa kowane mako.	Traders take foodstuffs into Cameroon through the Adamawa border every week.	213	
kamaru	Ɗanʼuwana ya yi shekara uku a Kamaru, yana ƙoƙarin koyon Faransanci.	My brother has spent three years in Cameroon, struggling to learn French.	213	
neja	Mun sauka a Minna, babban birnin jihar Neja, sai muka kwana can.	We stopped in Minna, the capital of Niger State, and spent the night there.	216	
neja	Ana samun wutar lantarki daga madatsar ruwa ta Kainji da ke jihar Neja.	Electricity is generated from the Kainji dam, which lies in Niger State.	216	
neja	Manoman jihar Neja sun damu domin ruwan sama bai isa ba bana.	Farmers in Niger State are worried because this year's rain has not been enough.	216	
yamma	Da rana ta karkata zuwa yamma, muka san lokacin sallar laʼasar ya yi.	Once the sun had leaned toward the west, we knew it was time for the afternoon prayer.	217	
yamma	Ka bi hanyar nan zuwa yamma har sai ka ga babban masallaci.	Follow this road westwards until you see the big mosque.	217	
yamma	Guguwa ta taso daga yamma, sai mutanen ƙauye suka fara tattara kayansu.	A dust storm rose up out of the west, and the villagers started gathering their things.	217	
hatta	Ruwan sama ya jiƙe komai, hatta katifar da muke kwana a kai.	The rain soaked everything, even the mattress we sleep on.	218	
hatta	Kowa ya halarci bikin auren, hatta maƙwabcinmu mai fushi ya zo.	Everyone attended the wedding; even our bad-tempered neighbour turned up.	218	
hatta	Farashin kayan abinci ya tashi ƙwarai, hatta gero da masara sun yi tsada.	Food prices have shot up; even millet and maize have become expensive.	218	
gwiwa	Na faɗi daga keke, gwiwata ta yi jini har na kasa tafiya.	I fell off the bicycle, and my knee bled so badly that I couldn't walk.	219	
gwiwa	Likita ya gaya wa ɗan wasan cewa gwiwarsa tana buƙatar hutun wata guda.	The doctor told the player that his knee needed a month's rest.	219	
gwiwa	Gwiwar kakata tana ciwo lokacin sanyi, sai ta kasa hawa matakala.	My grandmother's knee aches in the cold weather, and then she can't climb the stairs.	219	
taimako	Maƙwabta sun ba mu taimako lokacin da gidanmu ya ci wuta.	The neighbours gave us help when our house caught fire.	223	
taimako	Ina buƙatar taimakonka wajen ɗaga buhun shinkafa kafin ruwan sama ya sauka.	I need your help lifting the sack of rice before the rain comes down.	223	
taimako	Taimakon da gwamnati ta bayar bai isa waɗanda ambaliya ta shafa ba.	The aid the government provided was not enough for those hit by the flood.	223	
asabar	Kowace Asabar mahaifiyata takan kai mu kasuwar Kurmi da safe.	Every Saturday my mother takes us to Kurmi market in the morning.	283	
asabar	Bikin auren ƙanwata zai gudana ranar Asabar mai zuwa a Kano.	My younger sister's wedding will be held next Saturday in Kano.	283	
asabar	Asabar ce ranar da na fi so, domin ba a zuwa makaranta.	Saturday is the day I like best, because nobody goes to school.	283	
malami	Malamin Alƙur'ani yana koya wa yara karatu a farfajiyar gidanmu kowace yamma.	The Qur'an teacher teaches the children to read in our courtyard every evening.	284	
malami	Sabon malamin lissafi ya ba mu aikin gida mai wuya jiya.	The new maths teacher gave us difficult homework yesterday.	284	
malami	Ina girmama wannan malami sosai domin bai taɓa ƙin amsa tambayoyinmu ba.	I respect that teacher deeply, because he has never refused to answer our questions.	284	
birni	Da na iso birnin Kano, hayaniyar kasuwa ta ba ni mamaki.	When I reached the city of Kano, the din of the market astonished me.	285	
birni	Mahaifina ya bar ƙauyenmu ya koma birni don neman aikin yi.	My father left our village and moved to the city to look for work.	285	
birni	Rayuwa a birni tana da tsada ƙwarai, amma aikin yi ya fi samuwa.	Life in the city is very expensive, but work is easier to come by.	285	
uba	Ubana yakan tashi kafin alfijir domin ya je gonar dawa da wuri.	My father usually gets up before dawn so as to reach the sorghum farm early.	286	
uba	Uban amaryar ya karɓi sadaki a gaban shaidu biyu a masallaci.	The bride's father received the bride-price before two witnesses at the mosque.	286	
uba	Bayan rasuwar ubansa, ya ɗauki nauyin duk iyalin ba tare da gunaguni ba.	After his father died, he shouldered the whole family without a word of complaint.	286	
wallafa	Malam Bello ya wallafa littafi kan tarihin Sokoto bayan shekaru goma.	Malam Bello wrote a book on the history of Sokoto after ten years.	287	
wallafa	Jaridar ta wallafa labarin ambaliyar ruwa kafin gwamnati ta ce komai.	The newspaper published the flood story before the government said anything at all.	287	
wallafa	Ina fatan zan wallafa waƙoƙina wata rana, ko da a ƙaramar mujalla ce.	I hope to publish my poems one day, even if only in a small magazine.	287	
legas	Ɗan'uwana ya koma Legas ya buɗe ƙaramin shago a Oshodi.	My brother moved to Lagos and opened a small shop in Oshodi.	288	
legas	Titunan Legas sun cika da mota har muka kwana kan hanya.	The streets of Lagos were so choked with cars that we spent the night on the road.	288	
legas	An ce Legas gari ne na arziki, amma ni na ga wahala kawai.	They say Lagos is a city of wealth, but all I saw there was hardship.	288	
baka	Kakana ya rataye tsohon baka da kwari a bangon ɗakinsa.	My grandfather hung the old bow and quiver on the wall of his room.	290	
baka	Maƙeri ya yanke sandar ƙarfen da baka cikin mintuna kaɗan.	The blacksmith cut the iron rod through with a hacksaw in a few minutes.	290	
baka	Mafarauta a ƙauyenmu sun daina amfani da baka tun bindiga ta shigo.	The hunters in our village stopped using the bow once guns arrived.	290	
kaiwa	Mahaifiyata ta shirya kaiwar hatsi da mai domin bikin suna gobe.	My mother put together a return-gift of grain and oil for tomorrow's naming ceremony.	291	
kaiwa	Kaiwar da makwabciyarmu ta yi mana a bara, yau mun saka mata.	The gift our neighbour brought us last year, today we have repaid her for it.	291	
kaiwa	Kaiwa ba kyauta ba ce kawai, domin dole ka mayar da irinta wata rana.	A kaiwa is not simply a present, because one day you must send back its like.	291	
edita	Editan jaridar ya yanke sakin layi biyu daga rahoton nawa jiya.	The newspaper's editor cut two paragraphs out of my report yesterday.	295	
edita	Ƙanwata tana aiki a matsayin edita a gidan rediyon Kaduna yanzu.	My younger sister works as an editor at the Kaduna radio station now.	295	
edita	Na fusata da editan saboda ya sauya taken rubutuna ba tare da izinina ba.	I was furious with the editor because he changed the title of my piece without my permission.	295	
turanci	A gida muna magana da Hausa, amma yara suna karatu da Turanci a makaranta.	At home we speak Hausa, but the children study in English at school.	296	
turanci	Dole in koyi Turanci sosai kafin in nemi aiki a babban banki.	I have to learn English properly before I apply for a job at a big bank.	296	
turanci	Ina jin kunya lokacin da nake magana da Turanci a gaban baƙi.	I feel embarrassed whenever I speak English in front of strangers.	296	
shugabanci	Bayan mutuwar kakana, shugabancin gidanmu ya koma hannun babban baffana.	After my grandfather died, leadership of our household passed to my eldest uncle.	224	
shugabanci	Malamai sun koka cewa babu shugabanci nagari a makarantar tun bara.	The teachers complained that the school has had no proper leadership since last year.	224	
shugabanci	Shugabanci ba wasa ba ne, sai ka jure zargin mutane kowace rana.	Leadership is no joke — you have to put up with people's criticism every single day.	224	
sakkwato	Mun tashi daga Kano da ƙarfe biyar, muka isa Sakkwato kafin magariba.	We left Kano at five o'clock and reached Sokoto before the sunset prayer.	225	
sakkwato	Masu sayar da kayan fata daga Sakkwato sukan zo kasuwarmu ranar Litinin.	The leather traders from Sokoto come to our market every Monday.	225	
sakkwato	Duk lokacin da na ziyarci Sakkwato, zafin rana yakan hana ni barci.	Every time I visit Sokoto, the heat stops me from sleeping.	225	
yanki	Ka yanka mini yanki ɗaya daga wannan kankana, ina jin ƙishirwa.	Cut me one slice off this watermelon — I'm really thirsty.	227	
yanki	Gwamna ya ziyarci kowane yanki na jihar kafin zaɓen bana.	The governor toured every district of the state before this year's election.	227	
yanki	Wannan yanki ba shi da asibiti, sai mu yi tafiya awa biyu.	This district has no hospital — we have to travel two hours to reach one.	227	
maiduguri	Mahaifina ya yi shekara ashirin yana sayar da kifi a Maiduguri.	My father spent twenty years selling fish in Maiduguri.	228	
maiduguri	Motar da za ta tafi Maiduguri ta lalace, sai muka kwana a Potiskum.	The bus bound for Maiduguri broke down, so we ended up spending the night in Potiskum.	228	
maiduguri	Duk da wahalar da muka sha, ban taɓa mantawa da kyawun Maiduguri ba.	For all the hardship we went through, I have never forgotten how lovely Maiduguri is.	228	
salla	Kakata takan tashi da ƙarfe biyar domin ta yi sallar asuba.	My grandmother gets up at five so that she can pray the dawn prayer.	229	
salla	Da muka ji kiran salla, sai muka rufe shago muka nufi masallaci.	When we heard the call to prayer, we shut the shop and headed for the mosque.	229	
salla	Idan na yi salla da dare, sai zuciyata ta kwanta bayan wahalar aiki.	When I pray at night, my heart finally settles after the strain of the day's work.	229	
azumi	Yara ba sa yin azumi, amma sukan taimaka wajen dafa abincin buɗa baki.	Children don't fast, but they help cook the meal for breaking the fast.	230	
azumi	A watan azumi, mukan tashi daga aiki da ƙarfe biyu don mu huta.	In the month of fasting we knock off work at two o'clock so we can rest.	230	
azumi	Azumin bana ya yi mini wuya sosai saboda zafin rana da yunwa.	This year's fast was really hard on me, what with the heat and the hunger.	230	
firamare	Ɗana ya kammala makarantar firamare bara, yanzu yana neman gurbin sakandare.	My son finished primary school last year, and now he's looking for a place at a secondary school.	233	
firamare	Ina koyar da lissafi a makarantar firamare da ke bayan kasuwarmu.	I teach arithmetic at the primary school behind our market.	233	
firamare	Har yanzu ban manta da malamin firamare da ya koya mini karatu ba.	I still haven't forgotten the primary-school teacher who taught me to read.	233	
sada	Mahaifiyata ta sada ni da wata ƙawarta da ke sayar da kayan ɗinki.	My mother introduced me to a friend of hers who sells sewing supplies.	236	
sada	Aikin hajji ya sada ni da wani malami daga Nijar a Makka.	The hajj brought me together with a scholar from Niger while we were in Mecca.	236	
sada	Ina fatan Allah ya sada mu da iyayenmu lafiya bayan wannan doguwar tafiya.	I pray God brings us back safely to our parents after this long journey.	236	
baba	Da baba ya dawo daga gona, sai ya nemi ruwan sha mai sanyi.	When Dad got back from the farm, he asked for some cold drinking water.	238	
baba	Baba, ka yi haƙuri, motar ta ƙi tashi, zan makara kaɗan.	Sorry, sir — the car wouldn't start, so I'm going to be a little late.	238	
baba	Tun bayan rasuwar baba, gidan bai sake yin daɗi kamar da ba.	Since Dad passed away, the house has never felt the way it used to.	238	
miji	Miji da mata suna zaune a farfajiya suna cin abincin dare tare.	Husband and wife are sitting out in the courtyard eating supper together.	241	
miji	Ta samu miji a birni, saboda haka ta bar aikinta a ƙauye.	She found a husband in the city, so she gave up her job back in the village.	241	
miji	Kowace mace tana son miji mai haƙuri wanda yake mutunta iyayenta.	Every woman wants a patient husband, one who shows respect to her parents.	241	
zariya	Kowace shekara mukan kai yara Zariya su ziyarci kakarsu.	Every year we take the children to Zaria to visit their grandmother.	260	
zariya	Ƙanena yana karatun aikin gona a jamiʼar da ke Zariya.	My younger brother is studying agriculture at the university in Zaria.	260	
zariya	Ban manta da ranar da motarmu ta lalace a hanyar Zariya ba.	I haven't forgotten the day our car broke down on the road to Zaria.	260	
tsoro	Duk lokacin da wutar lantarki ta katse, ʼyata takan yi kuka don tsoro.	Every time the power cuts out, my daughter starts crying out of fear.	261	
tsoro	Direban motar haya ya ce babu tsoro, amma fasinjoji sun yi ta adduʼa.	The taxi driver said there was nothing to fear, but the passengers kept praying.	261	
tsoro	Tsoro ya sa na yi shiru, ko da yake na san gaskiyar lamarin.	Fear made me keep quiet, even though I knew the truth of the matter.	261	
bahaushe	Maƙwabcinmu bahaushe ne, kuma yakan kawo mana kayan marmari daga kasuwa.	Our neighbour is a Hausa man, and he often brings us fruit from the market.	262	
bahaushe	Sabon abokin aikina bahaushe ne daga Katsina, yana koya mini karin magana.	My new colleague is a Hausa man from Katsina, and he is teaching me proverbs.	262	
bahaushe	Ko da yake ni ba bahaushe ba ne, ina jin daɗin alʼadun Kano ƙwarai.	Even though I'm not a Hausa man myself, I thoroughly enjoy the customs of Kano.	262	
nazari	Bayan dogon nazari, mun yanke shawarar sayen gida a wajen birnin.	After a long investigation, we decided to buy a house outside the city.	264	
nazari	Malamai za su yi nazari kan dalilin da ya sa ɗalibai ke barin makaranta.	The teachers will carry out research into why pupils are dropping out of school.	264	
nazari	Rahoton kwamitin ya yi rauni domin an rubuta shi ba tare da nazari ba.	The committee's report is weak because it was written without any real research.	264	
wallahi	Wallahi ban taɓa cin tuwo mai daɗi kamar na kakata ba.	I swear to God, I have never eaten tuwo as good as my grandmother's.	265	
wallahi	Ka yi haƙuri, wallahi zan biya bashin gobe idan albashi ya shigo.	Please bear with me — by God, I'll pay the debt tomorrow once my salary comes in.	265	
wallahi	Ban gaskata ba sai da ya ce wallahi bai ɗauki kuɗin ba.	I didn't believe it until he swore by God that he hadn't taken the money.	265	
shanu	Kafin fitowar rana, kakana yakan fitar da shanu zuwa makiyaya.	Before sunrise, my grandfather takes the cattle out to the grazing ground.	268	
shanu	Ranar kasuwa, mahaifina ya sayar da shanu biyu don ya biya kuɗin makaranta.	On market day my father sold two cows so he could pay the school fees.	268	
shanu	Na firgita lokacin da shanu suka cika hanya, sai direba ya tsaya cak.	I panicked when the cattle filled the road and the driver stopped dead.	268	
komi	Da safe mahaifina yakan haye kogin da komi zuwa gonarsa.	In the morning my father crosses the river by canoe to reach his farm.	273	
komi	Masunta sun ɗaura komi a bakin kogi, suna jiran ruwa ya sauka.	The fishermen tied the canoe up at the riverbank, waiting for the water to drop.	273	
komi	Komi ya jijjiga a tsakiyar kogi, sai muka riƙe juna muka yi shiru.	The canoe rocked in the middle of the river, so we held on to each other and fell silent.	273	
hamsin	Mun yi tafiya kilomita hamsin kafin mu isa ƙauyen kakanmu.	We travelled fifty kilometres before we reached our grandfather's village.	278	
hamsin	Mahaifina ya yi shekara hamsin yana koyar da yara a wannan makarantar.	My father spent fifty years teaching children in this very school.	278	
hamsin	Mutum hamsin sun halarci bikin auren ʼyar uwata, amma ban san rabinsu ba.	Fifty people came to my sister's wedding, but I didn't know half of them.	278	
likita	Likita ya gargaɗi kakana ya rage gishiri saboda hawan jininsa.	The doctor warned my grandfather to cut down on salt because of his blood pressure.	280	
likita	Mun jira likita fiye da awa biyu a asibitin gwamnati jiya.	We waited more than two hours for the doctor at the government hospital yesterday.	280	
likita	Ina son in zama likita don in taimaki ƙauyen da ba shi da asibiti.	I want to become a doctor so I can help the village that has no hospital.	280	
masallaci	Kowace Jumaʼa mahaifina yakan tafi masallaci da wuri don ya sami sahun farko.	Every Friday my father goes to the mosque early so he can get a spot in the front row.	282	
masallaci	Mun tara kuɗi a unguwa domin gyara rufin masallaci kafin damina ta zo.	We collected money around the neighbourhood to fix the mosque roof before the rains come.	282	
masallaci	Sautin karatun Alƙurʼani daga masallaci yakan kwantar mini da hankali da yamma.	The sound of Qur'an recitation from the mosque settles my mind in the evening.	282	
jos	Sanyin Jos ya sa mahaifiyata ta kwashe dukkan bargunan gida cikin akwati.	The cold in Jos made my mother pack every blanket in the house into a suitcase.	297	
jos	Kowace Asabar mahaifina yakan sayo dankalin turawa a kasuwar Terminus da ke Jos.	Every Saturday my father buys Irish potatoes at Terminus market in Jos.	297	
jos	Na fi son zama a Jos, domin zafinsa bai kai na Kano ba.	I would rather live in Jos, because its heat is nothing like Kano's.	297	
dage	Ɗana ya dage sai na saya masa ƙwallo, har ya ƙi cin abinci.	My son kept insisting until I bought him a ball; he even refused to eat.	302	
dage	Kwamitin ya dage taron zuwa mako mai zuwa saboda rashin wutar lantarki.	The committee put the meeting off to next week because there was no electricity.	302	
dage	Ko da yake iyayenta sun ƙi amincewa, ta dage kan karatun likitanci.	Even though her parents refused to agree, she stuck stubbornly to studying medicine.	302	
ware	Mahaifiyata ta ware waken da ya lalace kafin ta zuba shi a tukunya.	My mother picked out the spoiled beans before she tipped them into the pot.	303	
ware	Gwamnati ta ware naira miliyan goma domin gyaran hanyar da ruwa ya lalata.	The government set aside ten million naira to repair the road the floods destroyed.	303	
ware	Kada ku ware sabon yaron daga wasanninku don kawai baƙo ne.	Don't shut the new boy out of your games just because he is a stranger.	303	
disamba	A watan Disamba mukan koma ƙauye domin bukukuwan aure da girbi.	In December we usually go back to the village for the weddings and the harvest.	304	
disamba	Kamfanin zai biya mu albashin Disamba kafin ranar ashirin ga wata.	The company will pay us the December salary before the twentieth of the month.	304	
disamba	Ina jin tsoron watan Disamba, domin hazo yakan hana mu tuƙi da daddare.	I dread December, because the harmattan haze stops us from driving at night.	304	
asiri	Ƙanwata ta gaya mini wani asiri, amma ban faɗa wa kowa ba.	My younger sister told me a secret, but I haven't told anyone.	307	
asiri	Kowane kamfani yana da asiri da ba ya son abokan hamayyarsa su sani.	Every company has a secret it doesn't want its rivals to find out.	307	
asiri	Mutanen ƙauye sun yi imani cewa mafaraucin yana da asiri na ɓacewa.	The villagers believe that the hunter owns a charm that makes him vanish.	307	
babba	Gidan da muka haya a Kano babba ne, amma ɗakin girkinsa ƙarami ne.	The house we rented in Kano is big, but its kitchen is tiny.	308	
babba	Tun da yake shi ne babba a cikinmu, kowa yakan saurari shawararsa.	Since he is the eldest among us, everyone listens to his advice.	308	
babba	Matsalar bana babba ce ƙwarai, domin manoma sun fara sayar da shanunsu.	This year's trouble is a serious one, because farmers have started selling off their cattle.	308	
hukunci	Mahaifiyata ta yanke hukunci cewa ba za mu ƙara zuwa wurin wasan ba.	My mother ruled that we would not be going to the game centre any more.	311	
hukunci	Alƙali ya yanke hukunci mai tsauri kan wanda ya saci kuɗin marayu.	The judge handed down a harsh sentence on the man who stole the orphans' money.	311	
hukunci	A ganina hukunci irin wannan ba zai hana mutane sata ba ko kaɗan.	In my view a sentence like that will not stop people stealing at all.	311	
saudiyya	Kakata ta tafi Saudiyya domin aikin hajji, za ta dawo bayan sati uku.	My grandmother has gone to Saudi Arabia for the hajj; she comes back in three weeks.	313	
saudiyya	Yayana yana aiki a Saudiyya, yakan aiko mana da kuɗi kowane wata.	My elder brother works in Saudi Arabia, and he sends us money every month.	313	
saudiyya	Ban taɓa tsammanin zafin Saudiyya zai fi na Sakkwato tsanani ba.	I never imagined the heat in Saudi Arabia would be worse than Sokoto's.	313	
manjo	Manjo Bello ya umarci sojojin da su kwashe kayansu kafin faɗuwar rana.	Major Bello ordered the soldiers to pack up their gear before sunset.	317	
manjo	Kawuna ya yi shekara goma a aikin soja kafin a naɗa shi manjo.	My uncle served ten years in the army before he was made a major.	317	
manjo	Sojoji suna girmama Manjo Aliyu, domin ya taɓa cetonsu daga harin ʼyan bindiga.	The soldiers hold Major Aliyu in high regard, because he once saved them from a bandit attack.	317	
minista	Bayan zaɓen bara, an naɗa Aisha minista mai kula da harkokin ilimi.	After last year's election, Aisha was appointed the minister in charge of education.	319	
minista	A talabijin mun ga minista yana rarraba taki ga manoma a Kano.	On television we saw the minister handing out fertiliser to farmers in Kano.	319	
minista	Mutanen garin ba su gamsu da minista ba tun bayan ziyararsa ta ƙarshe.	The people of the town have not been happy with the minister since his last visit.	319	
alhamdulillahi	Bayan mun gama cin abinci, kakana ya ɗaga hannu ya ce alhamdulillahi.	After we finished eating, my grandfather raised his hand and said alhamdulillah.	342	
alhamdulillahi	Likita ya ce yaron ya sami sauƙi, sai mahaifiyarsa ta ce alhamdulillahi.	The doctor said the boy was getting better, so his mother said alhamdulillah.	342	
alhamdulillahi	Na yi shekara guda ina neman aiki, yanzu na same shi, alhamdulillahi.	I spent a whole year looking for work, and now I have found it, praise be to God.	342	
ciwo	Ciwon kai ya kama ni tun safe, don haka ban je makaranta ba.	A headache came over me first thing this morning, so I did not go to school.	343	
ciwo	Duk lokacin da damina ta zo, gwiwar kakana takan yi ciwo sosai.	Every time the rainy season arrives, my grandfather's knee aches badly.	343	
ciwo	Malamin ya tafi asibiti saboda ciwon da ya daɗe yana damunsa.	The teacher went to the hospital because of the illness that had been troubling him for a long time.	343	
manzo	A ranar Jumaʼa, malam ya yi waʼazi kan rayuwar Manzon Allah.	On Friday the malam preached about the life of the Messenger of God.	346	
manzo	Sarki ya aika da manzo zuwa ƙauyen don ya isar da saƙo.	The emir sent a messenger out to the village to deliver a message.	346	
manzo	Ban gaskata manzon ba, domin saƙon da ya kawo bai yi daidai ba.	I did not believe the messenger, because the message he brought did not add up.	346	
lahira	Kakata takan ce duniya wasa ce, amma lahira ita ce gaskiya.	My grandmother always says this world is a game, but the afterlife is the real thing.	347	
lahira	A makarantar allo, malam ya gargaɗe mu cewa za a tambaye mu a lahira.	At the Qurʼanic school, the malam warned us that we will be questioned in the afterlife.	347	
lahira	Tun da mahaifinsa ya koma lahira, shi ke kula da iyalin gidan.	Since his father passed on to the next world, he is the one looking after the household.	347	
maraba	Da muka isa gidan kawuna, sai ya buɗe ƙofa yana ta cewa maraba.	When we reached my uncle's house, he opened the door saying welcome over and over.	352	
maraba	Shugaban makarantar ya tashi tsaye ya ce wa baƙin maraba da zuwa Kano.	The head of the school stood up and told the visitors, welcome to Kano.	352	
maraba	Duk lokacin da na dawo ƙauyen, kakata takan yi mini maraba da murmushi.	Whenever I come back to the village, my grandmother welcomes me with a smile.	352	
sharhi	Bayan labaran ƙarfe bakwai, gidan rediyon ya kawo sharhi kan zaɓe mai zuwa.	After the seven o'clock news, the radio station ran a commentary on the coming election.	353	
sharhi	Malamin ya rubuta sharhi mai tsawo a gefen aikin da na miƙa masa.	The teacher wrote a long comment in the margin of the work I handed in to him.	353	
sharhi	Sharhin da ya rubuta a shafin sada zumunta ya ɓata wa mutane rai.	The comment he wrote on social media upset a lot of people.	353	
malama	Malama Hauwa tana koyar da ilimin lissafi a makarantar sakandare ta ƙauyenmu.	Mrs. Hauwa teaches mathematics at the secondary school in our village.	354	
malama	Malamar da ke koyar da ʼyata Alƙurʼani takan zo gidanmu kowace Asabar.	The teacher who teaches my daughter the Qurʼan comes to our house every Saturday.	354	
malama	Duk ɗaliban aji uku suna girmama malamar saboda haƙurin da take yi da su.	All the third-year students respect the teacher because of the patience she shows them.	354	
nuhu	Malam ya ba mu labarin yadda Annabi Nuhu ya gina babban jirgin ruwa.	The malam told us the story of how the Prophet Noah built the great boat.	355	
nuhu	Yara suna son labarin Annabi Nuhu domin dabbobi sun shiga jirgi biyu-biyu.	Children love the story of the Prophet Noah because the animals boarded the ark two by two.	355	
nuhu	Nuhu ya sayar da shanunsa a kasuwar Wudil don ya biya kuɗin makaranta.	Nuhu sold his cattle at the Wudil market so that he could pay the school fees.	355	
gada	Ruwan sama ya rushe gadar da muke bi zuwa kasuwa kowace Litinin.	The rain washed away the bridge we take to the market every Monday.	357	
gada	Maʼaikatan gwamnati sun fara gina sabuwar gada a kan kogin Kaduna.	Government workers have started building a new bridge over the Kaduna River.	357	
gada	Kowace safiya nakan tsaya kan gada ina kallon masunta a cikin kogin.	Every morning I stop on the bridge and watch the fishermen down in the river.	357	
rahama	Da daren Ramadan, malam ya tunatar da mu cewa Allah yana saukar da rahama.	On a night in Ramadan, the malam reminded us that God sends down His mercy.	361	
rahama	Da muka ji mutuwar maƙwabcinmu, sai muka ce Allah ya yi masa rahama.	When we heard that our neighbour had died, we said may God have mercy on him.	361	
rahama	Alƙalin ya nuna rahama ga saurayin, ya rage masa hukuncin zuwa wata uku.	The judge showed mercy to the young man and cut his sentence down to three months.	361	
tallafa	Tun da mahaifina ya yi rashin lafiya, ina tallafa masa da kuɗin magani.	Ever since my father fell ill, I've been helping him out with money for his medicine.	363	
tallafa	Ƙungiyar mata a unguwarmu tana tallafa wa marayu da kayan makaranta kowace shekara.	The women's association in our neighbourhood supports orphans with school supplies every year.	363	
tallafa	Ba na son a tallafa mini, amma yau na kasa biyan kuɗin haya.	I hate being helped out, but today I couldn't cover the rent.	363	
fari	Gashin kan kakana ya yi fari duka tun bara, amma ƙarfinsa bai ragu ba.	My grandfather's hair went completely white last year, but his strength hasn't faded at all.	364	
fari	Dokin da sarki ya hau ranar Sallah fari ne kamar auduga.	The horse the emir rode on Sallah day was as white as cotton.	364	
fari	Ina son a yi wa ɗakina fenti fari, domin yana sa zuciya ta kwanta.	I want my room painted white, because it settles the mind.	364	
barka	"Da na shiga shago, sai maigidan ya ce mini, ""Barka da zuwa, malam."""	"As I stepped into the shop, the owner said to me, ""Welcome, sir."""	365	
barka	"Kowace rana makwabciyarmu takan tsaya ta ce, ""Barka da safiya,"" kafin ta wuce kasuwa."	"Every day our neighbour stops to say ""Good morning"" before carrying on to the market."	365	
barka	"Ranar Sallah mukan yi wa juna ""Barka da Sallah"" har muryarmu ta ƙare."	"On Sallah day we wish each other ""Happy Sallah"" until our voices give out."	365	
gana	Ɗan uwana yana zaune a Gana, yana sayar da kayan lantarki a Accra.	My brother lives in Ghana, selling electronics in Accra.	368	
gana	Mun tashi daga Kano da mota har Gana, tafiyar ta ɗauki kwana biyu.	We set out from Kano by road all the way to Ghana; the journey took two days.	368	
gana	Duk lokacin da Najeriya ta kara da Gana a ƙwallo, gida yakan yi hayaniya.	Whenever Nigeria play Ghana at football, the whole house is in uproar.	368	
aya	Malamin ya sa mu haddace aya guda biyar kafin darasin gobe.	The teacher made us memorise five verses before tomorrow's lesson.	369	
aya	Liman ya karanta aya mai tsawo, mutane suka daɗe suna tsaye a sallah.	The imam recited a long verse, and the congregation stood a good while in prayer.	369	
aya	Duk sa'ad da na ji wannan aya, sai hawaye su zubo mini.	Every time I hear that verse, the tears start coming.	369	
hakki	Ilimi hakki ne na kowane yaro, ko a ƙauye yake zaune.	Education is the right of every child, even one living out in a village.	372	
hakki	Malamai sun yi zanga-zanga suna cewa hakki ne su karɓi albashi kan lokaci.	The teachers marched, saying it is their right to be paid on time.	372	
hakki	Ban ji daɗi ba da aka hana ni hakki a gadon mahaifina.	It cut me deeply to be denied my due in my father's inheritance.	372	
yakubu	Kakana ya ba wa ɗan farinsa suna Yakubu, kamar yadda mahaifinsa ya yi.	My grandfather named his firstborn Yakubu, just as his own father had done.	376	
yakubu	Injiniya Yakubu ya gyara janareton makarantar kafin jarrabawar ta fara.	Engineer Yakubu repaired the school's generator before the examinations began.	376	
yakubu	Labarin Annabi Yakubu da ya rasa ɗansa yakan sa mutane su yi kuka.	The story of the Prophet Jacob losing his son always sets people weeping.	376	
mayu	Ruwan sama yakan fara sauka a nan tun tsakiyar watan Mayu.	The rains here usually start falling from the middle of May.	379	
mayu	An sa ranar aurenmu a ƙarshen Mayu, kafin damina ta tsananta.	They set our wedding for the end of May, before the rainy season gets heavy.	379	
mayu	Ban taɓa mantawa da watan Mayu na shekarar da muka rasa gonarmu ba.	I have never forgotten the May of the year we lost our farm.	379	
ganuwa	Yara sukan hau kan ganuwa su yi ta kallon kasuwar da ke ƙasa.	The children climb up onto the town wall and gaze down at the market below.	380	
ganuwa	Ma'aikatan gwamnati suna gyara ganuwa domin jan hankalin masu yawon buɗe ido.	Government workers are repairing the old town wall to attract tourists.	380	
ganuwa	Kakana yakan ce ganuwa ce ta tsare garinmu lokacin yaƙe-yaƙen dā.	My grandfather used to say it was the wall that kept our town safe in the wars of old.	380	
kabari	Sun haƙa kabari kafin rana ta faɗi, kamar yadda al'ada ta ce.	They dug the grave before sunset, just as custom requires.	382	
kabari	Ba a barin ciyawa ta rufe kabari a ƙauyenmu; muna share shi kowane wata.	In our village no grave is left to the weeds; we clear it every month.	382	
kabari	Duk lokacin da na tsaya gaban kabarin mahaifina, sai maganata ta ƙare.	Every time I stand before my father's grave, my words dry up.	382	
hamada	Iskar hamada tana kawo ƙura cikin gida duk lokacin rani.	The desert wind blows dust into the house all through the dry season.	406	
hamada	Direban mota ya ɓata hanya a tsakiyar hamada har dare ya yi.	The driver lost his way in the middle of the desert until night fell.	406	
hamada	Ina son hamada da yamma, domin iska takan yi sanyi bayan rana ta faɗi.	I love the desert in the evening, because the wind turns cool once the sun goes down.	406	
saliyo	Ɗan uwana ya koma Saliyo bayan ya kammala karatunsa a Kano.	My brother went back to Sierra Leone after he finished his studies in Kano.	408	
saliyo	Kamfaninmu yana sayen zinari daga Saliyo tun shekaru goma da suka wuce.	Our company has been buying gold from Sierra Leone for the past ten years.	408	
saliyo	Ban taɓa zuwa Saliyo ba, amma ina fatan ganin tekunta wata rana.	I have never been to Sierra Leone, but I hope to see its coast one day.	408	
filato	Mahaifiyata takan sayi dankalin Turawa na Filato a kasuwa duk ranar Asabar.	My mother buys Plateau potatoes at the market every Saturday.	410	
filato	An tura ɗan uwana aikin koyarwa a wata makaranta cikin duwatsun Filato.	My brother was posted to teach at a school up in the hills of Plateau.	410	
filato	Sanyin Filato ya fi na Kano tsanani, shi ya sa nake son zuwa can.	The cold in Plateau bites harder than Kano's, and that is exactly why I like going there.	410	
kore	Bayan ruwan sama, gonar mahaifina ta koma kore duk inda ka duba.	After the rains, my father's farm turned green wherever you looked.	411	
kore	Malamin ya ce mu yi gyara da alƙalami mai launin kore kawai.	The teacher told us to make our corrections with a green pen only.	411	
kore	A wurina, kore shi ne launin da na fi so tun ina yaro.	For me, green has been my favourite colour ever since I was a boy.	411	
budurwa	Tun tana budurwa, mahaifiyata takan taimaka wa kakarta wajen dafa abinci.	Back when she was a young unmarried girl, my mother used to help her grandmother with the cooking.	413	
budurwa	Budurwar da ke sayar da kayan lambu a kasuwarmu ta san kowa.	The young woman who sells vegetables in our market knows everybody there.	413	
budurwa	Ita budurwa ce mai hankali, don haka iyayenta ba sa damuwa da ita.	She is a sensible young woman, so her parents do not worry about her.	413	
gusau	Mun sauka a Gusau da ƙarfe biyu, sai muka nemi masauki.	We got down at Gusau at two o'clock and then went looking for somewhere to stay.	414	
gusau	Kakana yana sayar da fatun shanu a kasuwar Gusau kowace Litinin.	My grandfather sells cowhides at the Gusau market every Monday.	414	
gusau	Hanyar Gusau ta yi muni ƙwarai, don haka na gaji da tafiya a kanta.	The road to Gusau has become terrible, so I am tired of travelling on it.	414	
zalunci	Kada ka yi wa ƙaninka zalunci saboda kai ne babba a gida.	Don't bully your little brother just because you are the eldest at home.	415	
zalunci	Maʼaikatan sun yi zanga-zanga kan zaluncin da shugaban kamfanin yake yi musu.	The workers protested against the injustice the head of the company was doing to them.	415	
zalunci	Ba zan yi shiru ba idan na ga ana zalunci a gaban idona.	I will not keep quiet if I see oppression happening right in front of my eyes.	415	
bature	Wani bature ya zo unguwarmu yana neman inda zai sayi tuwo.	A European came to our neighbourhood looking for somewhere to buy tuwo.	416	
bature	Baturen da ke koyar da mu Turanci ya iya Hausa fiye da ni.	The European who teaches us English speaks Hausa better than I do.	416	
bature	Ba kowane bature ne mai kuɗi ba, wasu ma talakawa ne kamarmu.	Not every European is rich; some of them are poor people just like us.	416	
makka	Kakata ta tafi aikin hajji a Makka shekarar da ta wuce.	My grandmother went on the hajj in Mecca last year.	417	
makka	Muna fuskantar Makka duk lokacin da muka tsaya sallah a masallaci.	We face Mecca every time we stand up for prayer in the mosque.	417	
makka	Ina fatan wata rana zan ziyarci Makka tare da iyalina duka.	I hope that one day I will visit Mecca together with my whole family.	417	
hadisi	Mahaifina yakan karanta mana hadisi guda ɗaya bayan sallar magariba.	My father reads us a single hadith after the sunset prayer.	418	
hadisi	Malamin ya bayyana maʼanar hadisin nan a hankali har ɗalibai suka gane.	The teacher explained the meaning of that hadith slowly until the students understood it.	418	
hadisi	Wannan hadisi ya taɓa zuciyata, kuma tun ranar ban manta da shi ba.	That hadith touched my heart, and I have not forgotten it since that day.	418	
kaso	Ɗan uwansa ya shafe shekaru uku a kaso kafin a sake shi.	His brother spent three years in prison before they let him out.	320	
kaso	Alƙali ya yanke masa hukuncin zaman kaso na shekaru biyar a Kano.	The judge sentenced him to five years in prison in Kano.	320	
kaso	Ina jin tausayin matarsa, domin mijinta yana zaman kaso tun bara.	I feel sorry for his wife, since her husband has been in prison since last year.	320	
haruna	Haruna ya taimaka mini wajen ɗaukar buhun shinkafa zuwa gida cikin ruwan sama.	Haruna helped me carry the sack of rice home in the rain.	322	
haruna	Na yi mamakin yadda Haruna ya ƙi karɓar kuɗin da na ba shi.	I was amazed that Haruna refused to take the money I offered him.	322	
haruna	Annabi Haruna ya taimaki ɗan uwansa Musa wajen isar da saƙo ga mutane.	The prophet Aaron helped his brother Moses deliver the message to the people.	322	
adabi	Littattafan adabi sun cika ɗakina, har mahaifiyata takan yi ƙorafi a kansu.	Literature books fill my room, so much that my mother keeps complaining about them.	324	
adabi	A makarantar sakandare muna karanta adabin Hausa kowace Talata da safe.	At secondary school we read Hausa literature every Tuesday morning.	324	
adabi	Malaminmu ya ce adabi yana koya mana tarihin mutanenmu fiye da jaridu.	Our teacher says literature teaches us our people's history better than newspapers do.	324	
kura	Da daddare kura ta shiga garken awaki, ta kashe biyu kafin mu farka.	A hyena got into our goat pen at night and killed two before we woke up.	326	
kura	Mafarauta sun kafa tarko a bayan gona domin su kama kura.	The hunters set a trap behind the farm so they could catch the hyena.	326	
kura	Muryar kura da dare tana tsoratar da yara, har suna ƙin fita waje.	The hyena's cry at night frightens the children, so they refuse to go outside.	326	
dubban	Dubban mutane sun taru a filin idi tun kafin gari ya waye.	Thousands of people gathered at the Eid prayer ground before daybreak.	328	
dubban	Ambaliyar ruwa ta lalata dubban gonaki, har manoma suka rasa abincin bana.	The flood destroyed thousands of farms, so the farmers lost this year's food.	328	
dubban	Na kashe dubban naira wajen gyaran motata, amma har yanzu ba ta tashi ba.	I spent thousands of naira repairing my car, and it still won't start.	328	
shiru	Da mahaifinmu ya shiga ɗakin, sai muka yi shiru nan take.	When our father walked into the room, we fell silent at once.	332	
shiru	Bayan alƙali ya shiga, shiru ya mamaye kotun har sai da ya yi magana.	After the judge came in, silence filled the courtroom until he spoke.	332	
shiru	Shiru ya fi magana amfani lokacin da zuciya ta cika da fushi.	Silence serves you better than speech when your heart is full of anger.	332	
bil	Bil ɗin wutar lantarki na wannan wata ya ninka na watan da ya gabata.	This month's electricity bill is double last month's.	335	
bil	Mai gidan abincin ya kawo mana bil kafin mu gama cin abinci.	The restaurant owner brought us the bill before we had finished eating.	335	
bil	Na ƙi biyan bil ɗin, domin an ƙara kuɗi ba tare da sanarwa ba.	I refused to pay the bill, because they raised the charge without any notice.	335	
maris	Za mu gama gyaran gidan kafin ƙarshen watan Maris mai zuwa.	We will finish repairing the house before the end of this coming March.	336	
maris	An fara jarrabawar ƙarshe a ranar goma ga watan Maris a makarantarmu.	The final exams start on the tenth of March at our school.	336	
maris	A watan Maris zafi yakan yi tsanani, har barci ya gagare mu da dare.	In March the heat turns fierce, so much that we cannot sleep at night.	336	
albasa	Mahaifiyata ta aike ni kasuwa in sayo albasa da tattasai domin miya.	My mother sent me to the market to buy onions and peppers for the stew.	337	
albasa	Manoman Sakkwato sun samu riba mai yawa bana, domin albasa ta yi tsada.	The Sokoto farmers made a big profit this year, because onions became expensive.	337	
albasa	Ba na son yanka albasa, domin hawaye kan zubo mini nan take.	I hate slicing onions, because my eyes start streaming straight away.	337	
saye	Saye da sayarwa yana tafiya sosai a kasuwar Kano kowace Litinin.	Buying and selling goes on briskly in Kano market every Monday.	340	
saye	Na ga wayar a kasuwa, sai na saye ta da kuɗin albashina.	I saw the phone at the market, so I bought it with my salary.	340	
saye	Yanzu saye ya yi wahala, domin farashin kayan abinci ya tashi sosai.	Buying anything is hard now, because food prices have risen so much.	340	
ƙasa	Mahaifiyata ta shuka tumatir a ƙasa mai laushi bayan gidanmu.	My mother planted tomatoes in the soft soil behind our house.	387	
ƙasa	Ɗan kasuwa ya ajiye buhunan gero a ƙasa har sai motar ta zo.	The trader set the sacks of millet down on the ground until the lorry arrived.	387	
ƙasa	Ina damuwa domin ƙasa ta bushe, ba mu ga ruwan sama ba tun Afrilu.	I am worried because the earth has dried out — we have not seen rain since April.	387	
ofis	Baba yakan dawo daga ofis da ƙarfe shida, sai ya huta.	Dad usually gets back from the office at six, and then he rests.	389	
ofis	Muna jiran shugaban makaranta a ofis ɗinsa tun ƙarfe takwas na safe.	We have been waiting for the headmaster in his office since eight this morning.	389	
ofis	Ba na son ofis ɗin nan, domin ba shi da taga ko fanka.	I don't like this office, because it has neither a window nor a fan.	389	
makiyaya	Kowace safiya Aliyu yakan kai shanunsa zuwa makiyaya kafin rana ta yi zafi.	Every morning Aliyu drives his cattle out to the pasture before the sun turns hot.	393	
makiyaya	An sayar da makiyaya ta ƙauyenmu, yanzu shanu ba su da wurin kiwo.	Our village's grazing land has been sold, and now the cattle have nowhere to graze.	393	
makiyaya	A ganina, babu makiyaya mai ciyawa kamar wadda take a gefen kogi.	To my mind, no pasture is as grassy as the one down beside the river.	393	
ladan	Ladan ya yi kiran sallar asuba, sai muka tashi daga barci.	The muezzin gave the call for the dawn prayer, and we got up out of bed.	395	
ladan	Mutane sukan zo daga wasu unguwanni domin su ji ladan yana kiran salla.	People come over from other neighbourhoods just to hear the muezzin give the call to prayer.	395	
ladan	Muryar ladan tana ba ni kwanciyar hankali duk lokacin da na ji ta.	The muezzin's voice sets my mind at ease every time I hear it.	395	
dukiya	Bayan rasuwar mahaifinsu, yaran sun raba dukiya ba tare da husuma ba.	After their father passed away, the children shared out the property without a single quarrel.	397	
dukiya	Ya tara dukiya daga ƙaramin shago har ya gina gidaje uku a Kano.	He built up his wealth from one small shop until he had put up three houses in Kano.	397	
dukiya	Kakata takan ce lafiya ta fi dukiya, amma ba mu saurare ta ba.	My grandmother always said health is worth more than wealth, but we never listened to her.	397	
ingila	Ɗan uwana yana karatu a Ingila, yakan kira mu kowane Lahadi.	My brother is studying in England, and he rings us every Sunday.	398	
ingila	Mun taru a gidan kallo don ganin wasan Najeriya da Ingila.	We crowded into the viewing centre to watch the Nigeria versus England match.	398	
ingila	Da farko sanyin Ingila ya ba ni wahala, amma yanzu na saba.	At first the cold in England gave me a hard time, but by now I'm used to it.	398	
alkali	Maƙwabtanmu sun kai ƙarar juna wurin alkali kan iyakar gonaki.	Our neighbours took each other before the judge over the boundary between their farms.	399	
alkali	Alkali ya saurari shaidu biyu kafin ya yanke hukunci a kotun Kano.	The judge heard two witnesses before he delivered his verdict in the Kano court.	399	
alkali	Mutanen garin suna girmama alkali domin ba ya karɓar cin hanci.	The people of the town respect the judge because he does not take bribes.	399	
asiya	Malam ya nuna mana Asiya a taswirar da ke rataye a bango.	The teacher showed us Asia on the map hanging on the wall.	403	
asiya	Yawancin kayan da muke saya a kasuwa daga Asiya suke zuwa.	Most of the goods we buy in the market come from Asia.	403	
asiya	Ina fatan zan ziyarci Asiya wata rana domin ganin manyan biranenta.	I hope to visit Asia one day to see its great cities.	403	
yuni	A watan Yuni ne ruwan sama yakan fara sauka a garinmu.	It is in June that the rains usually start falling in our town.	404	
yuni	An shirya jarrabawar ƙarshe a watan Yuni, don haka ɗalibai ba sa hutu.	The final exams have been set for June, so the students are getting no rest.	404	
yuni	Na yi aure a watan Yuni, har yanzu ina tunawa da ruwan ranar.	I got married in June, and I still remember the rain that fell that day.	404	
ainun	Miyar da mahaifiyata ta dafa ta yi zafi ainun, sai muka sha ruwa.	The soup my mother cooked was extremely hot, so we kept reaching for water.	405	
ainun	Kasuwa ta yi cunkoso ainun kafin Sallah, har muka kasa wucewa.	The market was so terribly crowded before the Sallah festival that we couldn't get through.	405	
ainun	Na gaji ainun bayan tafiyar awa shida a mota daga Kaduna.	I am extremely tired after a six-hour ride from Kaduna.	405	
amarya	Amaryar ta zauna a ɗakinta tana jiran ƴan uwanta su zo.	The bride sat in her room waiting for her relatives to arrive.	435	
amarya	A ranar bikin, amaryar ba ta ci abinci ba saboda kunya.	On the wedding day the bride ate nothing at all, out of shyness.	435	
amarya	Kowa ya ce amaryar Musa ta fi kowace amarya kyau a garinmu.	Everyone said Musa's bride was the loveliest bride in our town.	435	
dauda	Kakana yakan ba mu labarin Dauda da Goliyat kafin mu kwanta.	My grandfather used to tell us the story of David and Goliath before we went to bed.	436	
dauda	A makarantar Lahadi, yara sun rera waƙar Zabura wadda Dauda ya rubuta.	At Sunday school the children sang a psalm that David had written.	436	
dauda	Ina mamakin yadda ƙaramin Dauda ya kayar da babban jarumin nan.	I am amazed at how young David brought down that huge warrior.	436	
hamayya	Jamʼiyyun hamayya sun ƙi halartar taron da gwamna ya kira jiya.	The opposition parties refused to attend the meeting the governor called yesterday.	438	
hamayya	Hamayya tsakanin ƴan uwa biyu ta lalata kasuwancin da mahaifinsu ya bari.	The rivalry between the two brothers wrecked the business their father had left behind.	438	
hamayya	Ba na son hamayyar da ke tsakanin ƙungiyoyin ƙwallo biyu na garinmu.	I don't enjoy the rivalry between our town's two football clubs.	438	
zuma	Mahaifiyata takan zuba zuma a cikin koko idan ina fama da mura.	My mother stirs honey into the pap whenever I'm down with a cold.	439	
zuma	A kasuwar Kano, mun sayi kwalba biyu na zuman daji daga wani makiyayi.	At Kano market we bought two bottles of wild honey from a herder.	439	
zuma	Zuma ta fi sukari zaƙi, kuma likita ya ce tana da amfani ga lafiya.	Honey is sweeter than sugar, and the doctor says it is good for your health.	439	
janairu	A watan Janairu, sanyin hunturu yakan hana mu fita da sassafe.	In January the harmattan cold keeps us from going out early in the morning.	440	
janairu	Makarantar za ta buɗe a ranar goma ga watan Janairu bayan hutu.	The school reopens on the tenth of January, once the holidays are over.	440	
janairu	Tun watan Janairu nake jiran amsar aikin, har yanzu ba su kira ni ba.	I have been waiting for an answer about that job since January, and they still haven't called.	440	
taru	Masunta sun jefa taru cikin kogin Kwara tun kafin gari ya waye.	The fishermen cast the net into the Niger before daybreak.	442	
taru	Kakana yana gyaran tarun da ya tsage lokacin da kifi ya yi yawa.	My grandfather is mending the net that tore on the day the catch was heavy.	442	
taru	Wannan taru ya tsufa sosai, ban yarda zai iya riƙe babban kifi ba.	This net is far too old; I don't believe it could hold a big fish.	442	
birtaniya	Ɗan uwana ya tafi Birtaniya domin karatun likitanci shekaru uku da suka wuce.	My brother went to Britain to study medicine three years ago.	443	
birtaniya	A Birtaniya ruwan sama yakan sauka kullum, don haka kowa yana ɗauke da laima.	In Britain it rains day in and day out, so everybody goes about with an umbrella.	443	
birtaniya	Ina mafarkin ziyartar Birtaniya, amma kuɗin biza ya fi ƙarfin albashina.	I dream of visiting Britain, but the visa fee is beyond what my salary can bear.	443	
tsaka	Wata tsaka ta manne a bango tana kallon fitilar da muke kunnawa.	A gecko is clinging to the wall, watching the lamp we light.	444	
tsaka	Yara sun tsorata da tsakar da ta faɗo daga rufin ɗakin girki.	The children were startled by the gecko that dropped from the kitchen ceiling.	444	
tsaka	Ba na korar tsaka daga gida saboda tana cin sauro da ƙwaro.	I don't chase geckos out of the house, because they eat mosquitoes and other insects.	444	
ciroma	Ciroman Kano ya jagoranci hawan sallah tare da mahaya dawakai.	The Ciroma of Kano led the Sallah procession together with the horsemen.	445	
ciroma	Sarki ya naɗa ɗansa ciroma a gaban dubban mutane a fadarsa.	The emir installed his son as Ciroma before thousands of people at his palace.	445	
ciroma	Mutanen gari sun amince da ciroma, domin yakan sasanta rikicin gado cikin adalci.	The townspeople trust the Ciroma, because he settles inheritance disputes fairly.	445	
karama	Mutane sun ce warkewarsa karama ce ta Allah, ba maganin likita ba.	People said his recovery was a wonder from God, not the doctor's medicine.	447	
karama	A watan Ramadan, karamar Malam Sani ta sa kowane maƙwabci ya sami abincin sahur.	During Ramadan, Malam Sani's generosity meant every neighbour had something to eat before dawn.	447	
karama	Ana yabon karamar attajirin nan, domin yakan biya kuɗin makarantar marayu.	People praise that wealthy man's generosity, since he pays the school fees of orphans.	447	
kwara	Mahaifina yakan kama kifi a bakin Kwara kowace safiya kafin rana ta yi zafi.	My father goes fishing on the bank of the Niger every morning before the sun gets hot.	462	
kwara	A lokacin damina, ruwan Kwara yakan hau ya mamaye gonakin shinkafa.	In the rainy season the Niger rises and swallows the rice farms.	462	
kwara	Har yanzu ina tuna ranar da muka haye Kwara cikin ƙaramin jirgin ruwa.	I still remember the day we crossed the Niger in a tiny boat.	462	
kanar	Kanar ɗin da ke zaune kusa da mu yana shayar da furanninsa kowace safiya.	The colonel who lives next door waters his flowers every single morning.	463	
kanar	Kanar ya umarci sojoji su tsare hanyar Kano har gari ya waye.	The colonel ordered the soldiers to hold the Kano road until daybreak.	463	
kanar	Mutanen ƙauyen sun yaba wa kanar saboda ya gina musu babbar rijiya.	The villagers praised the colonel because he built them a proper well.	463	
zazzau	Kakana ya girma a Zazzau, shi ya sa Hausarsa take da tsafta ƙwarai.	My grandfather grew up in Zaria, which is why his Hausa is so clean.	464	
zazzau	Masu yawon buɗe ido suna ziyartar tsohon garun Zazzau duk lokacin bikin sallah.	Tourists come to see the old city wall of Zaria every Sallah festival.	464	
zazzau	Ina alfahari da tarihin Zazzau, musamman labarin Sarauniya Amina da yaƙe-yaƙenta.	I am proud of Zazzau's history, above all the story of Queen Amina and her campaigns.	464	
inna	Inna tana dafa tuwon shinkafa a murhu tun kafin mu tashi daga barci.	Mother is already cooking rice tuwo on the hearth before we are even out of bed.	465	
inna	Duk lokacin da na koma ƙauye, inna takan aike ni kasuwa da safe.	Every time I go back to the village, mother sends me to the market first thing in the morning.	465	
inna	Ban gaya wa inna ba cewa na faɗi jarrabawar, don kada ta damu.	I never told mother I had failed the exam, so that she would not worry.	465	
nasiha	Malamin makaranta ya ba mu nasiha kan yadda za mu kula da lokaci.	The teacher gave us good advice on how to look after our time.	466	
nasiha	Kafin in tafi Legas, baba ya zauna ya yi mini nasiha mai tsawo.	Before I left for Lagos, my father sat me down and gave me a long talking-to.	466	
nasiha	Da na saurari nasihar abokina, da ban rasa kuɗina a wannan kasuwanci ba.	If I had listened to my friend's advice, I would not have lost my money in that business.	466	
pakistan	Ɗan uwana yana karatun likitanci a Pakistan tun bara, yana kuma jin Urdu.	My brother has been studying medicine in Pakistan since last year, and he speaks Urdu now too.	467	
pakistan	Yawancin riguna da muke saya a kasuwar Sabon Gari daga Pakistan suke zuwa.	Most of the clothes we buy in Sabon Gari market come from Pakistan.	467	
pakistan	Mun yi murna sosai lokacin da Pakistan ta doke Indiya a wasan kurket.	We celebrated wildly the day Pakistan beat India in the cricket match.	467	
tsai	Direban ya tsai da motar a gaban asibiti domin mace mai ciki ta sauka.	The driver brought the car to a stop in front of the hospital so a pregnant woman could get out.	472	
tsai	Jami'in tsaro ya tsai da mu a shingen bincike har muka nuna takardunmu.	The security officer held us at the checkpoint until we produced our papers.	472	
tsai	Ruwan sama ya tsai da wasan, sai muka zauna cikin ɓacin rai muna jira.	The rain brought the match to a standstill, and we sat there waiting, thoroughly fed up.	472	
giwa	A gidan namun daji na Kano, giwa ta miƙa hancinta ta karɓi ayaba.	At the Kano zoo the elephant stretched out its trunk and took the banana.	473	
giwa	Manoma sun kwana suna tsaro, don giwa takan lalata gonakinsu da dare.	The farmers stayed up all night on guard, because elephants wreck their fields after dark.	473	
giwa	Zuciyata takan yi ciwo idan na ji labarin yadda mafarauta ke kashe giwa.	It hurts me every time I hear how poachers are killing elephants.	473	
zina	Limamin masallaci ya yi wa'azi a kan illar zina ga rayuwar iyali.	The imam preached about the damage adultery does to family life.	474	
zina	Kotun shari'a ta saki mutumin bayan shaidun ba su tabbatar da zargin zina ba.	The sharia court released the man after the witnesses failed to prove the charge of zina.	474	
zina	Mahaifiyata takan gargaɗe mu da cewa zina tana ɓata mutuncin gida gaba ɗaya.	My mother keeps warning us that zina destroys a household's good name completely.	474	
wando	Wandona ya yage a gwiwa, sai na kai shi wurin maɗinki kusa da gida.	My trousers tore at the knee, so I took them to the tailor near the house.	476	
wando	Mahaifina ya sayo mini sabon wando da riga kafin bikin Sallah.	My father bought me new trousers and a shirt before the Sallah celebration.	476	
wando	Wandon da na saya a kasuwa ya yi mini ƙanƙanta, na ji haushi ƙwarai.	The trousers I bought at the market turned out too small for me, and I was really annoyed.	476	
shawwal	Da aka ga watan Shawwal, mahaifiyata ta fara dafa abincin Sallah.	The moment the Shawwal moon was sighted, my mother started cooking the Sallah food.	477	
shawwal	A ranar farko ta Shawwal, mun taru a filin Idi don sallah.	On the first day of Shawwal we gathered at the Eid ground for the prayer.	477	
shawwal	Ina son azumi shida na Shawwal, amma kullum sai na kasa cika su.	I love the six fasts of Shawwal, but every year I end up failing to complete them.	477	
tuwo	Kowace maraice mahaifiyata takan tuƙa tuwon masara mu ci da miyar kuka.	Every evening my mother makes maize tuwo for us to eat with baobab-leaf soup.	478	
tuwo	A wurin biki mun ci tuwon shinkafa da miyar taushe har muka ƙoshi.	At the wedding we ate rice tuwo with pumpkin stew until we were completely full.	478	
tuwo	Tuwon da aka kawo mini a gidan abinci ya yi sanyi, ban ci ba.	The tuwo they brought me at the restaurant had gone cold, so I didn't eat it.	478	
ladabi	Kakata takan gaya mana cewa ladabi ya fi arziki muhimmanci a rayuwa.	My grandmother always tells us that good manners matter more in life than wealth.	479	
ladabi	Da baƙi suka shigo, yaron ya miƙe tsaye ya gaishe da su cikin ladabi.	When the guests came in, the boy stood up and greeted them politely.	479	
ladabi	Ban taɓa ganin ɗalibi mai ladabi kamar shi ba a wannan makarantar.	I have never seen a student as well-mannered as him in this school.	479	
rogo	Mun tona rogo a gonar kakana, muka gasa shi da gishiri.	We dug up cassava on my grandfather's farm and roasted it with salt.	481	
rogo	Matan kauyen suna niƙa rogo su yi gari, su kai shi kasuwa.	The village women grind cassava into garri and take it to the market.	481	
rogo	Farashin rogo ya yi tashin gwauron zabi, talakawa sun daina saya.	The price of cassava has shot right up, and poor people have stopped buying it.	481	
amirka	Ɗan'uwana ya tafi Amirka domin karatu, tun daga lokacin bai dawo ba.	My brother went to America to study, and he hasn't come back since.	482	
amirka	Jakadan Amirka ya ziyarci Kano don tattaunawa kan harkokin kasuwanci.	The American ambassador visited Kano for talks on trade matters.	482	
amirka	Na daɗe ina zaton rayuwa a Amirka mai sauƙi ce, amma na yi kuskure.	For a long time I assumed life in America was easy, but I was wrong.	482	
wakili	Ba zan iya zuwa kotu ba, sai na naɗa wakili ya tsaya mini.	I can't go to the court myself, so I appointed a representative to stand in for me.	484	
wakili	Wakilin kamfanin ya zo kauyenmu don ya sayi auduga daga manoma.	The company's agent came to our village to buy cotton from the farmers.	484	
wakili	Mun zaɓe shi wakili, amma bai taɓa kawo mana ruwan sha ba.	We elected him as our representative, but he has never once brought us drinking water.	484	
zunubi	Malamin makarantar allo ya ce mana ƙarya zunubi ne mai girma.	The Quranic school teacher told us that lying is a serious sin.	485	
zunubi	Ya bar aikin banki don yana ganin cin riba babban zunubi ne.	He left his job at the bank because he considers taking interest a grave sin.	485	
zunubi	Bayan ya cutar da marayu, zunubinsa yana damunsa har ya kasa barci.	After he wronged the orphans, his sin troubled him so much that he couldn't sleep.	485	
alkama	Kowace safiya muna shan alkama da madara kafin mu tafi makaranta.	Every morning we have wheat porridge with milk before we set off for school.	486	
alkama	Manoman Kano sun fara noman alkama a lokacin rani da ban ruwa.	Farmers in Kano have started growing wheat in the dry season using irrigation.	486	
alkama	Na damu da yadda farashin alkama ya tashi, yanzu ba ma iya sayen gurasa.	It worries me how the price of wheat has risen; now we can't even afford bread.	486	
koka	Kullum kakana yana koka da ciwon gwiwa duk lokacin da damina ta zo.	My grandfather complains about his knee pain every time the rainy season arrives.	487	
koka	Ma'aikatan asibiti sun koka kan jinkirin albashi a taron da suka yi jiya.	The hospital staff complained about the delayed salaries at the meeting they held yesterday.	487	
koka	Maimakon ka zauna kana koka, sai ka tashi ka nemi wata hanya.	Instead of sitting there complaining, get up and look for another way.	487	
yarima	Yarima ya sauka daga doki, ya shiga fadar mahaifinsa sarki cikin gaggawa.	The prince got down from his horse and hurried into his father the emir's palace.	488	
yarima	A ranar Sallah yarima yakan jagoranci hawan dawakai zuwa filin Idi.	On Sallah day the prince leads the horsemen's procession to the Eid ground.	488	
yarima	Mutanen gari sun fi son yarima a kan ɗan'uwansa mai girman kai.	The townspeople prefer the prince to his arrogant brother.	488	
yawanci	Yawanci mahaifiyata takan dafa abinci da wuri kafin yara su dawo daga makaranta.	My mother usually cooks early, before the children get back from school.	448	
yawanci	Yawanci motocin haya sukan bar tasha kafin ƙarfe shida na safe.	The passenger taxis mostly pull out of the motor park before six in the morning.	448	
yawanci	Yawanci ba na yarda da jita-jitar da ake yaɗawa a kasuwa.	For the most part I don't believe the rumours people spread around the market.	448	
nuwamba	A watan Nuwamba mukan fito da bargo domin sanyin safiya ya fara tsananta.	In November we bring the blankets out, because the morning cold starts to bite.	450	
nuwamba	Jarrabawar ƙarshen shekara za ta fara ranar goma ga watan Nuwamba.	The end-of-year examinations will begin on the tenth of November.	450	
nuwamba	Ban taɓa mantawa da ranar bikin aurenmu a watan Nuwamba ba.	I have never forgotten the day of our wedding, back in November.	450	
shata	Maigini ya shata iyakar ɗakin a ƙasa kafin a fara tono harsashi.	The builder marked out the outline of the room on the ground before they started digging the foundation.	451	
shata	Malamin ya shata taswirar Najeriya a kan allo don ɗalibai su gane iyakoki.	The teacher drew the outline of Nigeria on the board so the pupils could make out the borders.	451	
shata	Mahaifina ya shata mini hanyar rayuwa tun ina ƙarami, ban taɓa ɓacewa ba.	My father mapped out the path of life for me when I was small, and I have never gone astray.	451	
agusta	Ruwan sama na watan Agusta ya cika rijiyarmu, sai muka daina zuwa rafi.	The August rains filled our well, so we stopped trekking down to the stream.	453	
agusta	Makarantu sukan rufe a watan Agusta, sai yara su koma gonar iyayensu.	Schools usually close in August, and the children go back to their parents' farms.	453	
agusta	Ina son watan Agusta domin duk gonakinmu sukan yi kore da kyau.	I love the month of August, because all our farms turn a beautiful green.	453	
tsada	Naman sa ya yi tsada a kasuwa, sai muka sayi kifi maimakon haka.	Beef had got expensive at the market, so we bought fish instead.	454	
tsada	Kuɗin haya ya yi tsada sosai, shi ya sa na koma bayan gari.	Rent became so expensive that I moved out to the edge of town.	454	
tsada	Komai ya yi tsada a wannan shekara, har albashina bai isa komai ba.	Everything has become expensive this year, to the point where my salary no longer stretches to anything.	454	
doki	Kowace safiya yaron makiyayi yakan kai doki rafi domin ya sha ruwa.	Every morning the herdsman's boy takes the horse down to the stream for a drink.	455	
doki	A ranar hawan Sallah, sarki ya hau doki mai fararen ƙafafu.	On the day of the Sallah procession, the emir rode a horse with white legs.	455	
doki	Ina son doki fiye da mota, domin yana sanin hanyar gida da kansa.	I prefer a horse to a car, because it knows the way home by itself.	455	
jika	Yaron ya sa babbar riga a jika, ya fita zuwa masallaci da sauri.	The boy threw a big gown on and hurried out to the mosque.	457	
jika	Kafin su shiga wurin aiki, ma'aikata sukan sa kaya masu kauri a jika.	Before they go onto the site, the workers put thick clothing on their bodies.	457	
jika	Da muka fito daga rafi, sai sanyi ya kama mu a jika.	When we came up out of the stream, the cold gripped us all over.	457	
galibi	Galibi ana kashe wutar lantarki da dare, sai mu kunna fitilar kananzir.	The electricity is usually cut at night, so we light the kerosene lamp.	459	
galibi	Galibi manoman wannan ƙauye suna noman gero, domin ruwan bai isa shinkafa ba.	Most of the farmers in this village grow millet, because there isn't enough rain for rice.	459	
galibi	Galibi ina jin kunya idan aka yabe ni a gaban jama'a.	I mostly feel embarrassed when I'm praised in front of a crowd.	459	
ti	Kowace safiya kakata takan tafasa ti da citta kafin kowa ya tashi.	Every morning my grandmother boils tea with ginger before anyone else is up.	460	
ti	Bayan taro, mun zauna a bakin titi muna shan ti da gurasa.	After the meeting we sat at the roadside drinking tea with bread.	460	
ti	Ba na iya yin aiki da safe sai na sha ti mai zaki.	I can't get any work done in the morning until I've had a sweet tea.	460	
cibiya	Bayan kwana bakwai, sai cibiya ta faɗi daga jikin jaririn.	Seven days later the umbilical cord dropped off the baby.	461	
cibiya	Ungozoma ta yanke cibiya da almakashi mai tsabta, sannan ta ɗaure ta.	The midwife cut the cord with clean scissors and then tied it off.	461	
cibiya	A garinmu, ana binne cibiya a bayan gida domin yaro ya so gida.	In our town the cord is buried behind the house so that the child will love home.	461	
cokali	Kakata takan ci tuwo da hannu, ba ta son cokali ko kaɗan.	My grandmother eats her tuwo with her hand; she has no use for a spoon at all.	531	
cokali	Mai shayi ya ba ni cokali mai datti, sai na wanke shi.	The tea seller handed me a dirty spoon, so I washed it myself.	531	
cokali	Raina ya ɓaci domin cokalin azurfa da mahaifiyata ta bar mini ya ɓace.	I was upset because the silver spoon my mother left me has gone missing.	531	
jihadi	Malamin tarihi ya bayyana mana yadda jihadin Shehu Usman ya sauya arewacin Najeriya.	The history teacher explained to us how Usman dan Fodio's jihad transformed northern Nigeria.	532	
jihadi	A makarantar allo mun karanta littattafan da suka bayyana dalilan jihadin Sakkwato.	At the Qur'anic school we read the books that set out the causes of the Sokoto jihad.	532	
jihadi	Limamin ya ce jihadin da ya fi wahala shi ne yaƙi da son rai.	The imam said the hardest jihad of all is the struggle against one's own desires.	532	
rijiya	Kowace safiya mahaifiyata takan ɗebo ruwa daga rijiyar da ke bayan gida.	Every morning my mother draws water from the well behind the house.	533	
rijiya	Matasan ƙauyen sun haƙa sabuwar rijiya bayan tsohuwar ta bushe a bazara.	The young men of the village dug a new well after the old one dried up in the hot season.	533	
rijiya	Ina tsoron rijiyar nan domin bakinta a buɗe yake, kuma yara suna wasa kusa.	That well frightens me, because its mouth is left open and children play right beside it.	533	
masara	Muna gasa masara a kan garwashi duk lokacin da damina ta fara.	We roast maize over the coals whenever the rainy season begins.	534	
masara	Farashin masara ya tashi a kasuwar Dawanau, don haka mun sayi ɗan kaɗan.	The price of maize has gone up at Dawanau market, so we only bought a little.	534	
masara	Manomin ya yi baƙin ciki saboda fari ya lalata masarar da ya shuka.	The farmer was heartbroken because the drought destroyed the maize he had planted.	534	
nono	Da safe mukan sha fura da nono kafin mu tafi gona.	In the mornings we drink fura with milk before we set off for the farm.	535	
nono	Matar Fulani tana sayar da nono a ƙarƙashin bishiyar kuka kowace Lahadi.	The Fulani woman sells fresh milk under the baobab tree every Sunday.	535	
nono	Ban so nonon da aka sayar mini ba, domin ya yi tsami sosai.	I didn't like the milk they sold me, because it had turned far too sour.	535	
hijabi	Kafin ta fita kasuwa, 'yar uwata takan sa hijabi mai launin shuɗi.	Before she goes out to the market, my sister always puts on a blue hijab.	537	
hijabi	Jami'ar ta ba wa ɗalibai damar sanya hijabi a lokacin jarrabawa.	The university allowed the students to wear the hijab during the examinations.	537	
hijabi	Ta ce hijabi yana ba ta kwanciyar hankali, ba wai tilastawa ba ne.	She said the hijab gives her peace of mind; it is not something forced on her.	537	
rimi	Yaran ƙauye sun taru a inuwar rimi don gujewa zafin rana.	The village children gathered in the shade of the silk-cotton tree to escape the midday heat.	538	
rimi	Mahaifina ya sassaƙa ƙwarya daga itacen rimi da ya sare bara.	My father carved a bowl out of the kapok wood he felled last year.	538	
rimi	Na yi kewar babban rimin da ya taɓa tsayawa gaban masallacin unguwarmu.	I miss the great silk-cotton tree that once stood in front of our neighbourhood mosque.	538	
dabo	Yaron ya ɓoye tsabar kuɗi a hannunsa yana cewa dabo ne.	The boy hid the coin in his palm and told us it was magic.	539	
dabo	A wajen bikin, wani mai dabo ya fitar da tsuntsu daga hular ango.	At the wedding, a conjurer pulled a bird out of the groom's cap.	539	
dabo	Ban yarda da dabon nan ba, tabbas ya ɓoye zaren a hannun rigarsa.	I don't believe that trick for a moment; he must have hidden the thread in his sleeve.	539	
bagadaza	Kawuna ya yi shekara uku yana aiki a Bagadaza kafin ya dawo Kano.	My uncle spent three years working in Baghdad before he came back to Kano.	541	
bagadaza	Malam ya gaya mana cewa Bagadaza ta kasance cibiyar ilimi a dā.	The teacher told us that Baghdad was once a great centre of learning.	541	
bagadaza	Ina fatan wata rana in ziyarci Bagadaza in ga kogin Dijla da kaina.	I hope that one day I will visit Baghdad and see the Tigris with my own eyes.	541	
kasu	Gonar kakanmu ta kasu kashi huɗu tsakanin 'ya'yansa bayan rasuwarsa.	Our grandfather's farmland was divided into four portions among his children after he died.	542	
kasu	Ɗaliban aji sun kasu gida biyu don su yi muhawara game da noma.	The pupils in the class split into two groups in order to debate about farming.	542	
kasu	Ban ji daɗin yadda unguwarmu ta kasu bisa siyasa a bana ba.	I don't like the way our neighbourhood has split along political lines this year.	542	
dau	Idan ruwan sama ya fara, dau tufafin da ke kan igiya da sauri.	If the rain starts, get the clothes off the line quickly.	419	
dau	Direban ya ce mu dau kayanmu kafin motar ta tashi da ƙarfe biyar.	The driver told us to take our luggage before the bus left at five.	419	
dau	Kada ka dau abin da ba naka ba, ko da babu wanda ke gani.	Don't take what isn't yours, even when nobody is watching.	419	
nasaba	Kakata ta bayyana min cewa muna da nasaba da iyalan sarkin garin.	My grandmother explained to me that we are related to the town chief's family.	420	
nasaba	A wurin bikin, sai ya tambaye ni ko akwai nasaba tsakanina da amaryar.	At the wedding he asked me whether I was any relation of the bride.	420	
nasaba	Ba na son a taimake ni saboda nasaba, ina son a duba ƙwarewata.	I don't want to be helped because of family ties; I want my skill looked at.	420	
fitina	Fitina ta ɓarke a gidan bayan an raba gadon mahaifinsu ba daidai ba.	Trouble broke out in the household after their father's inheritance was shared out unfairly.	422	
fitina	Wannan ɗan jarida yana kawo fitina tsakanin manoma da makiyaya a yankin.	That journalist keeps stirring up trouble between the farmers and the herders in the area.	422	
fitina	Na fi son yin shiru a taro, domin ƙaramar magana takan janyo babbar fitina.	I would rather stay quiet in a meeting, because one small remark can drag in real trouble.	422	
sulhu	Bayan shekara biyu na husuma, ni da ƙanena mun yi sulhu a gaban kakanmu.	After two years of bad blood, my younger brother and I made peace in front of our grandfather.	423	
sulhu	Dattawan unguwa sun yi sulhu tsakanin maƙwabta biyu kafin lamarin ya kai kotu.	The neighbourhood elders settled the matter between two neighbours before it reached court.	423	
sulhu	Ina ganin sulhu ya fi shariʼa amfani, saboda yana barin zumunci a raye.	I think reconciliation is worth more than a court case, because it leaves the kinship alive.	423	
waziri	Waziri ya isa fadar sarki da safe don gabatar da koke-koken talakawa.	The vizier reached the emir's palace in the morning to lay out the commoners' complaints.	426	
waziri	A ranar Sallah, waziri yakan bi sarki a kan doki cikin taron jamaʼa.	On Sallah day the vizier rides on horseback behind the emir through the crowd.	426	
waziri	Kakana ya ce tsohon waziri ya fi wannan sauƙin kai da haƙuri.	My grandfather says the old vizier was far more approachable and patient than this one.	426	
tsakani	Malam ya shiga tsakani lokacin da ɗalibai biyu suka fara faɗa a filin wasa.	The teacher stepped in when two pupils started fighting on the playing field.	427	
tsakani	Bayan tsakani na wata biyu, ya sake bayyana a gidanmu ba zato ba tsammani.	After a gap of two months he turned up at our house completely out of the blue.	427	
tsakani	A ganina, shiga tsakani ba tare da an neme ka ba yakan ƙara fitina.	In my view, stepping into a quarrel uninvited usually makes the trouble worse.	427	
lamba	Ka rubuta min lamba a takarda, domin wayata ta mutu tun jiya.	Write the number down for me on paper, because my phone has been dead since yesterday.	429	
lamba	Ɗan kasuwa ya nuna mini lamba a kan buhun shinkafa don tabbatar da inganci.	The trader showed me the trademark on the rice sack to prove the quality.	429	
lamba	Ina jin haushin asibitin nan, domin sai ka jira lamba kafin a duba ka.	That hospital irritates me: you have to wait for your number before anyone examines you.	429	
rinjaye	Jamʼiyyar adawa ta samu rinjaye a zaɓen ƙananan hukumomi na bara.	The opposition party won a majority in last year's local government elections.	430	
rinjaye	Ƙungiyarmu ta yi rinjaye a wasan ƙarshe duk da ƙarancin ʼyan wasa.	Our team came out on top in the final despite being short of players.	430	
rinjaye	Kwaɗayi ya yi rinjaye a zuciyarsa har ya sayar da gonar mahaifinsa.	Greed got the upper hand in his heart until he sold his father's farm.	430	
kori	Manomi ya kori shanun da suka shiga gonarsa da tsakar dare.	The farmer drove out the cattle that had got into his field in the middle of the night.	433	
kori	An kori maʼaikata biyu bayan an gano sun sace kayan kamfanin.	Two workers were dismissed after it came out that they had stolen company property.	433	
kori	Na yi baƙin ciki da suka kori mai gadi ba gaira ba dalili.	It upset me that they sacked the watchman for no reason whatsoever.	433	
sharri	Kakata takan yi adduʼa kowace safiya domin Allah ya kiyaye mu daga sharri.	My grandmother prays every morning that God will keep us safe from evil.	434	
sharri	Maƙwabcinmu yana yaɗa sharri tsakanin mata, har suka daina zuwa wurin juna.	Our neighbour spreads malice among the women, until they stopped visiting one another.	434	
sharri	Malam ya ce duk wanda ya shuka sharri, ba zai girbi alheri ba.	The teacher said that whoever sows wickedness will never harvest good.	434	
ganye	Kowace safiya kakata takan tafasa ganye don ta yi shayin gargajiya.	Every morning my grandmother boils leaves to make her traditional tea.	558	
ganye	A kasuwar Kurmi, mata suna sayar da ganye tun kafin gari ya waye.	At Kurmi market the women are selling greens before daybreak.	558	
ganye	Ban ji daɗi ba don ganyen bishiyar mangwaro ya bushe gaba ɗaya.	I felt awful because the leaves of the mango tree had dried up completely.	558	
cif	Cif Bello da kansa ya buɗe sabuwar makaranta ranar Litinin.	Chief Bello opened the new school in person on Monday.	559	
cif	Mahaifina yakan gaishe da Cif Ojo duk lokacin da ya isa Legas.	My father pays his respects to Chief Ojo whenever he gets to Lagos.	559	
cif	Ina girmama cif ɗinmu domin bai taɓa nuna son kai ba.	I respect our chief because he has never once put himself first.	559	
hawainiya	Yara sun ga hawainiya tana rarrafe a jikin bangon gidan kakarsu.	The children saw a chameleon creeping along the wall of their grandmother's house.	560	
hawainiya	Malamin kimiyya ya nuna mana yadda hawainiya ke sauya launi don ɓoyewa.	The science teacher showed us how a chameleon changes colour in order to hide.	560	
hawainiya	Kada ka amince da shi, don mutumin nan hawainiya ce a siyasa.	Don't trust him — in politics that man is a chameleon.	560	
dattijo	Wani dattijo ya tsaya ya taimaka mana lokacin da motarmu ta lalace.	An elderly gentleman stopped and helped us when our car broke down.	562	
dattijo	Dattijon unguwarmu yakan sasanta rigimar iyalai kafin ta kai kotu.	The elder of our neighbourhood settles family quarrels before they ever reach court.	562	
dattijo	Mutuncinsa ya nuna cewa shi dattijo ne, ba ɗan ɓarna ba.	His dignity showed that he was a gentleman, not a troublemaker.	562	
hasara	Ambaliyar ruwa ta jefa manoman ƙauyenmu cikin hasara mai yawa bana.	The flood threw the farmers of our village into heavy losses this year.	563	
hasara	Ɗan kasuwa ya sha hasara sosai lokacin da farashin gyaɗa ya faɗi.	The trader suffered a serious loss when the price of groundnuts collapsed.	563	
hasara	Mutuwar malamin nan babbar hasara ce ga dukan mabiyansa.	That teacher's death is a great loss to every one of his followers.	563	
hassada	Hassadar maƙwabta ta sa mahaifiyata ta ɓoye labarin sabon aikina.	The neighbours' envy made my mother keep quiet about my new job.	564	
hassada	Tun da aka ɗaga shi, abokan aikinsa suna yi masa hassada a asirce.	Ever since he was promoted, his colleagues have quietly envied him.	564	
hassada	Kada ka bar hassada ta ci zuciyarka, domin kowa da rabonsa.	Don't let envy eat away at your heart; everyone has his own portion.	564	
rano	Mun tashi da sassafe daga Kano, muka isa Rano kafin ƙarfe takwas.	We set out from Kano at first light and reached Rano before eight.	566	
rano	Kakana ya yi shekaru talatin yana koyar da yara a makarantar Rano.	My grandfather spent thirty years teaching children at the school in Rano.	566	
rano	Ina son kwanciyar hankalin Rano fiye da hayaniyar birnin Kano.	I prefer the quiet of Rano to the racket of Kano city.	566	
salati	Kafin ya kwanta barci, kakana yakan yi salati sau ɗari.	Before he lies down to sleep, my grandfather recites the blessing a hundred times.	568	
salati	Bayan sallar magariba, mutanen unguwar sukan taru su yi salati tare.	After the sunset prayer the people of the quarter gather to recite the blessing together.	568	
salati	Duk lokacin da zuciyata ta damu, ina yin salati har in sami nutsuwa.	Whenever my heart is troubled I recite the blessing until I find calm.	568	
zakka	Kowace shekara mahaifina yakan fitar da zakkar hatsin da muka girbe.	Every year my father pays out the zakat on the grain we harvested.	570	
zakka	A masallacinmu, malamin ya koya mana yadda ake ƙidaya zakka kowace shekara.	At our mosque the teacher taught us how zakat is calculated each year.	570	
zakka	Ban gamsu ba domin sun raba zakka ga masu hannu da shuni.	I wasn't satisfied, because they shared the zakat out among the well-off.	570	
masaniya	Ba ni da wata masaniya a kan inda suka kai kayan.	I have no knowledge at all of where they took the goods.	571	
masaniya	Masaniyar da take da ita kan magungunan gargajiya ta ceci yaran ƙauyen.	Her knowledge of traditional medicine saved the children of the village.	571	
masaniya	Na yi mamakin masaniyar tsohon nan a kan tarihin sarakunan Kano.	I was astonished at that old man's knowledge of the history of Kano's emirs.	571	
gafara	Yaron ya karya kwanon uwarsa, sai ya nemi gafara da hawaye.	The boy broke his mother's bowl, then begged her forgiveness in tears.	489	
gafara	Kafin watan azumi ya kama, maƙwabta sukan nemi gafara a wurin juna.	Before the fasting month starts, neighbours in our quarter go and ask one another's pardon.	489	
gafara	Ban yarda in yi masa gafara ba, sai da ya nuna nadama sosai.	I refused to forgive him until he had shown real remorse.	489	
anta	Mahaifiyata ta soya anta da albasa har gidan ya cika da ƙamshi.	My mother fried liver with onions until the whole house smelled of it.	490	
anta	Za mu tsaya wurin suya mu sayi anta da tsire bayan aiki.	We'll stop at the suya stand after work and buy liver and skewers.	490	
anta	Ba na son anta, amma kakata takan tilasta mini in ci ta.	I don't like liver, but my grandmother always makes me eat it.	490	
madina	Yayata za ta tafi Madina makon gobe, muna tara mata kuɗin hanya.	My older sister leaves for Medina next week, and we are pooling her travel money.	491	
madina	Malamin unguwarmu ya yi karatun addini a Madina kafin ya dawo Kano.	The teacher in our quarter studied religion in Medina before coming back to Kano.	491	
madina	Ina fatan Allah Ya ba ni ikon ziyartar Madina kafin in tsufa.	I hope God gives me the means to visit Medina before I grow old.	491	
mashi	Kakana yakan ajiye mashi a bayan ƙofa don tsoron ɓarayi.	My grandfather keeps a spear behind the door for fear of thieves.	492	
mashi	Mahayan dawakai sun ɗaga mashi sama yayin bikin hawan sallah.	The horsemen raised their spears aloft during the Sallah durbar.	492	
mashi	Mafarauci ya riƙe mashi da hannaye biyu lokacin da ya ji rurin zaki.	The hunter gripped his spear with both hands when he heard the lion roar.	492	
tsaf	Kafin baƙi su iso, mahaifiyata ta share falo ta shirya shi tsaf.	Before the guests arrived, my mother swept the parlour and set it in perfect order.	495	
tsaf	Direba yakan wanke motar tsaf kowace safiya kafin ya ɗauki maigidansa.	The driver washes the car spotless every morning before picking up his employer.	495	
tsaf	Na ajiye kuɗi a aljihu, amma washegari na tarar sun ƙare tsaf.	I left money in my pocket, but the next day I found it completely gone.	495	
miya	Mahaifiyata tana dafa miya da yawa domin baƙi za su zo yau.	My mother is cooking a big pot of stew because guests are coming today.	497	
miya	Matar maƙwabcinmu takan sayar da miya a kasuwa kowace Alhamis.	Our neighbour's wife sells stew at the market every Thursday.	497	
miya	Miya ta yi daɗi ƙwarai har na sake ɗiban tuwo sau biyu.	The stew was so good that I went back for tuwo twice more.	497	
idi	Da safiyar idi, yara sun sa sabbin kaya suna zagaya gidajen maƙwabta.	On the morning of the holiday the children put on new clothes and went round the neighbours' houses.	499	
idi	Kafin idi, kasuwar Kano takan cika da mutanen da suke sayen kaya.	Before the holiday, the Kano market fills up with people buying clothes.	499	
idi	Bana idi ba shi da daɗi, tun da kakata ta rasu a bara.	The holiday brings no joy this year, since my grandmother died last year.	499	
kanki	Mafarauta sun dawo daga daji da naman kanki, unguwarmu ta yi murna.	The hunters came back from the bush with hartebeest meat, and our whole quarter rejoiced.	500	
kanki	A dajin Yankari, mun ga kanki yana kiwo kusa da rafi.	In the Yankari reserve we saw a hartebeest grazing near the stream.	500	
kanki	Kakana ya ce kanki ya yi yawa a zamaninsa, amma yanzu ya ƙaranta.	My grandfather says hartebeest were plentiful in his day, but now they have grown scarce.	500	
daula	Bayan shekaru goma na fatauci, mahaifina ya samu daula ya gina babban gida.	After ten years of trading, my father came into wealth and built a big house.	501	
daula	Attajirin kasuwarmu yakan ce daula ba ta zuwa sai da haƙuri.	The rich man in our market always says that wealth comes only through patience.	501	
daula	Ko da yake ɗan kasuwar yana da daula, bai sami kwanciyar hankali ba.	Even though the trader has wealth, he has never found any peace of mind.	501	
asuba	Mahaifina yakan tashe mu domin sallar asuba, sannan mu koma barci.	My father wakes us for the dawn prayer, and afterwards we go back to sleep.	503	
asuba	Mun isa Kaduna kafin sallar asuba, sai muka sauka a masallacin kan hanya.	We reached Kaduna before the dawn prayer, so we stopped at the mosque by the roadside.	503	
asuba	Jiya ban ji kiran sallar asuba ba, na farka da rana, na damu.	Yesterday I never heard the call to the dawn prayer; I woke in broad daylight and felt awful.	503	
aboki	Abokin yarintata ya iso daga Kano jiya, ya kwana a gidanmu.	My childhood friend arrived from Kano yesterday and spent the night at our house.	518	
aboki	Abokin aikina ya taimaka mini da rahoton da shugaba ya nema da gaggawa.	My colleague helped me with the report the boss urgently asked for.	518	
aboki	Na san shi tun sakandare, amma yanzu ba na ɗaukarsa a matsayin aboki.	I have known him since secondary school, but I no longer count him as a friend.	518	
masarauta	Kowace shekara mukan kai ziyara masarautar Kano domin kallon hawan sallah.	Every year we visit the Kano emirate to watch the sallah durbar.	519	
masarauta	Masarautar garinmu ta raba filaye ga manoman da ambaliya ta kora.	Our town's emirate shared out farmland to the farmers the flood had driven from their homes.	519	
masarauta	Ina ganin masarauta tana da muhimmanci wajen shawo kan rikicin makiyaya da manoma.	I think the traditional authority matters a great deal in settling the herder-farmer conflict.	519	
liman	Mun gayyaci liman ya zo ya raɗa wa jaririnmu suna a ranar bakwai.	We invited the imam to come and name our baby on the seventh day.	520	
liman	Bayan sallar Juma'a, liman ya yi wa'azi game da haƙurin zama da maƙwabta.	After the Friday prayer, the imam preached about being patient with one's neighbours.	520	
liman	Ina matuƙar girmama limaminmu, domin yakan ziyarci marasa lafiya a unguwarmu.	I have great respect for our imam, because he visits the sick in our neighbourhood.	520	
sardauna	Kakana yakan ba mu labarin ranar da Sardauna ya ziyarci garinmu.	My grandfather used to tell us about the day the Sardauna visited our town.	521	
sardauna	A jawabinsa, gwamna ya tuna da yadda Sardauna ya haɗa kan al'ummar Arewa.	In his speech, the governor recalled how the Sardauna united the people of the North.	521	
sardauna	Sarkin Musulmi ya naɗa wani attajiri sarautar sardauna a fadar Sakkwato jiya.	The Sultan conferred the title of sardauna on a wealthy man at the Sokoto palace yesterday.	521	
gara	Ruwan sama ya fara sauka, gara mu jira a ƙarƙashin bishiya.	The rain has started coming down; we had better wait under a tree.	522	
gara	Tun da ba a biya mu ba, gara mu koka wa shugaban kamfanin.	Since we have not been paid, we had better take our complaint to the head of the company.	522	
gara	Gara ka faɗa mini gaskiya yanzu da in ji ta daga wurin wani.	Better that you tell me the truth now than that I hear it from someone else.	522	
gawa	Bayan hatsarin mota, ƴan sanda sun ɗauke gawar direban zuwa asibiti.	After the car crash, the police carried the driver's body away to the hospital.	523	
gawa	Mun tarar da gawar akuya a gefen gona; kura ce ta kashe ta.	We came upon a goat's carcass at the edge of the farm; it was a hyena that had killed it.	523	
gawa	Duk iyalin sun yi kuka lokacin da aka kawo gawar mahaifinsu daga Kano.	The whole family wept when their father's body was brought back from Kano.	523	
babur	Ɗan'uwana yakan kai ni makaranta da babur ɗinsa kowace safiya.	My brother takes me to school on his motorcycle every morning.	526	
babur	Matashin nan yana yin achaba da babur don ya biya kuɗin makarantarsa.	That young man works as a motorcycle taxi rider so he can pay his school fees.	526	
babur	Mahaifiyata ba ta son in hau babur ba tare da hular kwano ba.	My mother does not want me riding a motorcycle without a helmet.	526	
wariya	Ƙungiyar ma'aikata ta yi zanga-zanga kan wariyar da ake wa mata a kamfanin.	The workers' union protested against the discrimination women face at the company.	527	
wariya	Malaman makarantarmu ba sa nuna wariya tsakanin ɗalibai masu kuɗi da matalauta.	The teachers at our school draw no line between the well-off pupils and the poor ones.	527	
wariya	Wariyar launin fata da ya sha a Turai ta sa shi komawa gida.	The racial discrimination he suffered in Europe is what made him go back home.	527	
jega	A ranar kasuwa, mutane daga ƙauyuka sukan kwaso shanu zuwa Jega.	On market day, people from the villages drive their cattle over to Jega.	528	
jega	Motarmu ta lalace a hanya, sai muka kwana a Jega har safiya.	Our car broke down on the road, so we spent the night in Jega until morning.	528	
jega	An haife ni a Jega, amma tun ina ƙarami muka ƙaura zuwa Sakkwato.	I was born in Jega, but we moved to Sokoto when I was still small.	528	
raƙumi	Raƙumin nan ya ɗauko buhunan gishiri daga hamada zuwa kasuwar garinmu.	This camel carried sacks of salt all the way from the desert to our town's market.	530	
raƙumi	A ranar sallah, wani raƙumi ya bi bayan sarki cikin hawan gargajiya.	On the day of the festival, a camel walked behind the emir in the traditional procession.	530	
raƙumi	Kada ka raina raƙumi, domin yana iya ɗaukar kaya fiye da jaki uku.	Do not underrate a camel; it can carry more load than three donkeys.	530	
jarrabawa	Gobe ina da jarrabawar lissafi, don haka zan yi karatu har asuba.	I have a maths exam tomorrow, so I'll be studying until dawn.	504	
jarrabawa	Malamin ya raba takardun jarrabawa, sannan ya rufe ƙofar aji.	The teacher handed out the exam papers and then shut the classroom door.	504	
jarrabawa	Ban damu da jarrabawa ta Turanci ba, amma ta lissafi tana ba ni tsoro.	The English exam doesn't worry me, but the maths one frightens me.	504	
siriya	Kawuna ya zauna a Siriya shekara uku kafin yaƙin ya ɓarke.	My uncle lived in Syria for three years before the war broke out.	505	
siriya	Sabulun da muke saya a kasuwa ana kawo shi ne daga Siriya.	The soap we buy at the market is brought in from Syria.	505	
siriya	Duk lokacin da na ji labarin Siriya a rediyo, sai zuciyata ta ɓaci.	Whenever I hear the news from Syria on the radio, my heart sinks.	505	
sadaka	Kowace Jumaʼa mahaifiyata takan raba sadaka ga matalauta a gaban masallaci.	Every Friday my mother hands out alms to the poor in front of the mosque.	506	
sadaka	Mun tara kuɗi a ofis, sannan muka kai sadaka gidan marayu.	We collected money at the office and then took the charity to the orphanage.	506	
sadaka	Kakata ta ce sadaka tana kawar da balaʼi, shi ya sa take bayarwa kullum.	My grandmother says charity wards off misfortune, which is why she gives every single day.	506	
kiyama	Malamin ya yi mana bayanin tashin kiyama har mutane suka yi kuka.	The teacher described the resurrection to us until people broke down in tears.	508	
kiyama	Kakana yakan ce mana kowa zai tashi ranar kiyama, sarki da talaka.	My grandfather used to tell us that everyone will rise on the Day of Resurrection, king and pauper alike.	508	
kiyama	Cunkoson mutane a kasuwar Kano ranar Talata kamar ranar kiyama yake.	The crush of people at Kano market on a Tuesday is like the Day of Resurrection itself.	508	
rama	Mahaifina yana yin igiya da rama a bayan gida kowace maraice.	My father makes rope out of hemp behind the house every evening.	509	
rama	Manoman ƙauyenmu sun sayar da rama a kasuwa kafin damina ta ƙare.	The farmers of our village sold their hemp at the market before the rains ended.	509	
rama	Buhun rama ya fi na roba ƙarfi, amma yanzu ba a samunsa.	A jute sack is stronger than a plastic one, but you can hardly find them now.	509	
launi	Mahaifiyata ta zaɓi launin shuɗi don fentin ɗakin baƙi kafin bikin.	My mother chose blue to paint the guest room before the wedding.	511	
launi	Maɗinki ya ce launin rigar ba zai canja ba ko da an wanke ta.	The tailor said the gown's colour won't fade even after it is washed.	511	
launi	Wannan launi ya fi kama ido, shi ya sa na sayi rigar.	This colour catches the eye better, and that is why I bought the gown.	511	
tofa	Yaran makiyayi suna sara tofa don ciyar da shanu lokacin rani.	The herdsman's boys are cutting elephant grass to feed the cattle in the dry season.	513	
tofa	Mun yi shingen gonarmu da tofa, don haka awaki ba sa shiga.	We fenced our farm with elephant grass, so the goats can't get in.	513	
tofa	Tofa ta yi tsayi fiye da ni, sai da na ɓace a cikinta.	The elephant grass had grown taller than me — I actually got lost inside it.	513	
magaji	Bayan rasuwar kakana, ƙanensa ne ya zama magajin gidanmu a Kano.	After my grandfather died, it was his younger brother who became the head of our household in Kano.	514	
magaji	Sarkin garinmu ya bayyana cewa ɗansa na farko shi ne magajin sarauta.	The emir of our town announced that his eldest son is the heir to the throne.	514	
magaji	Sun yi ta jayayya a kotu kan wanda ya cancanci zama magaji.	They argued in court for ages over who deserved to be the heir.	514	
shahada	Kakata tana koya wa jikokinta kalmar shahada tun suna ƙanana.	My grandmother teaches her grandchildren the words of the shahada while they are still small.	516	
shahada	Wani baƙo ya karɓi Musulunci, ya furta shahada a gaban limamin masallaci.	A stranger embraced Islam and pronounced the shahada before the mosque's imam.	516	
shahada	Ɗan sanda ya mutu mutuwar shahada yayin da yake ceto yara daga gobara.	The policeman died a martyr's death while rescuing children from a fire.	516	
wada	Bayan girbi mai kyau, wada ta shiga gidajen ƙauyenmu bana.	After a good harvest, plenty came into the homes of our village this year.	517	
wada	Kakana ya ce wadar zuci ta fi dukiyar duniya kyau.	My grandfather says contentment of heart is worth more than all the world's riches.	517	
wada	Ciniki ya haifar da wada a garinmu tun da aka gina sabuwar hanya.	Trade has brought wealth to our town ever since the new road was built.	517	
sansani	Kowace safiya mahaifina yakan tashi da wuri ya koma sansanin soja.	Every morning my father gets up early and heads back to the army barracks.	594	
sansani	Mun kwana biyu a sansanin 'yan gudun hijira muna raba abinci.	We spent two nights at the refugee camp handing out food.	594	
sansani	Ban taɓa mantawa da yadda muka sha wahala a sansanin ba.	I have never forgotten how much we suffered in that camp.	594	
hauwa	Kakata takan ba mu labarin Adamu da Hauwa kafin mu kwanta barci.	My grandmother used to tell us the story of Adam and Eve before we went to sleep.	595	
hauwa	Malamin makaranta ya yi mana bayanin yadda Hauwa da Adamu suka bar Aljanna.	The schoolteacher explained to us how Eve and Adam came to leave Paradise.	595	
hauwa	Ina mamakin yadda mutane suke zargin Hauwa ita kaɗai a kan wannan laifi.	It amazes me how people blame Eve alone for that sin.	595	
sunna	Yin asawaki kafin sallah sunna ce da nake ƙoƙarin kiyayewa.	Using a chewing stick before prayer is a sunnah I try hard to keep up.	596	
sunna	Malam ya bayyana mana cewa azumin Litinin sunna ce, ba wajibi ba.	The teacher explained to us that fasting on Mondays is sunnah, not an obligation.	596	
sunna	Kakana ya rasu yana bin sunnar Annabi cikin kowane ƙaramin abu.	My grandfather died still following the Prophet's sunnah in every small thing.	596	
wala	Kowace safiya nakan ji kukan wala daga bishiyar mangwaro bayan gida.	Every morning I hear a turtledove cooing from the mango tree behind the house.	597	
wala	Mafarauta sun kama wala biyu a jeji, suka sayar da su a kasuwa.	The hunters caught two turtledoves out in the bush and sold them at the market.	597	
wala	Muryar wala tana sanya min kwanciyar hankali fiye da kowace waƙa.	The sound of a turtledove settles my mind better than any song does.	597	
tsoka	Mahaifiyata ta sayi tsoka kawai, saboda ba ma cin hanji a gida.	My mother bought only lean meat, because we don't eat offal at home.	598	
tsoka	Bayan wata uku a wurin motsa jiki, tsokar hannunsa ta fara bayyana.	After three months at the gym, the muscle in his arms began to show.	598	
tsoka	Yau ina jin ciwon tsoka a duk jikina bayan aikin gonar jiya.	Today I ache in every muscle after yesterday's work on the farm.	598	
fom	Na cika fom ɗin neman fasfo, amma ban manna hoto ba.	I filled in the passport application form, but I forgot to attach a photograph.	599	
fom	Kafin a shigar da yaro makaranta, dole a cika fom a biya kuɗi.	Before a child can be enrolled in school, a form must be filled in and the fees paid.	599	
fom	Fom ɗin bankin ya cika da tambayoyi har na gaji kafin in ƙarasa.	The bank's form had so many questions that I was worn out before I finished it.	599	
tabbatarwa	Har yanzu ina jiran tabbatarwa daga bankin kafin in fitar da kuɗin.	I am still waiting for confirmation from the bank before I take the money out.	600	
tabbatarwa	Sun aiko mini da saƙon tabbatarwa bayan na biya kuɗin ɗakin otal.	They sent me a confirmation message after I paid for the hotel room.	600	
tabbatarwa	Tabbatarwar sakamakon jarrabawa ta faranta mini rai bayan watanni na damuwa.	The confirmation of the exam results made me happy after months of worry.	600	
gero	Mahaifiyata takan daka gero ta yi fura da safe kafin mu tashi.	My mother pounds millet and makes fura in the morning before we are even up.	602	
gero	Bana ruwa bai isa ba, don haka gero bai yi kyau a gonarmu ba.	The rains fell short this year, so the millet did poorly on our farm.	602	
gero	Ba na jin daɗin kunun masara; kunun gero ne kaɗai nake so.	I don't enjoy maize porridge; millet porridge is the only one I like.	602	
kaita	Mun sauka a Kaita don mu sayi tumaki kafin mu koma Katsina.	We stopped off in Kaita to buy sheep before heading back to Katsina.	603	
kaita	Kawuna malamin makaranta ne a Kaita, yana koyar da Hausa tun shekaru goma.	My uncle is a schoolteacher in Kaita; he has been teaching Hausa for ten years.	603	
kaita	Kasuwar Kaita tana ba ni sha'awa saboda yawan shanu da ake kawowa.	Kaita's market fascinates me because of all the cattle people bring to it.	603	
ikko	Ɗan uwana ya tafi Ikko neman aiki, tun bara bai dawo ba.	My brother went to Lagos to look for work, and he hasn't been back since last year.	604	
ikko	Motar da za ta kai mu Ikko tana tashi ƙarfe biyar na safe.	The bus that takes us to Lagos leaves at five in the morning.	604	
ikko	Cunkoson ababen hawa a Ikko ya sa na makara zuwa taron aiki.	The traffic in Lagos made me late for the work meeting.	604	
zara	Jirgin ruwan ya yi ta zara a tafkin, har fasinjoji suka fara tsoro.	The boat kept swaying from side to side on the lake until the passengers grew frightened.	544	
zara	Shugaban ya yi ta zara tsakanin shawara biyu har taron ya ƙare.	The chairman kept wavering between two proposals until the meeting simply ended.	544	
zara	Ba na son zara; idan na yanke shawara, ba na sake tunani.	I have no patience for dithering; once I have decided, I do not reconsider.	544	
zinariya	Mahaifiyata ta ajiye kayan zinariya a cikin akwati har bikin ƙanwata.	My mother kept the gold jewellery locked in a chest until my younger sister's wedding.	545	
zinariya	Maƙerin zinariya ya auna zoben a kasuwar Kurmi kafin ya faɗa mana farashi.	The goldsmith weighed the ring at Kurmi market before quoting us a price.	545	
zinariya	Tun da aka gano zinariya a ƙauyen, na daina barci saboda ƙarar injuna.	Ever since gold was found in the village, I have not slept properly because of the noise of the machines.	545	
mishi	Amarya ta shafa kwalli da mishi kafin ta fito wajen bikin.	The bride lined her eyes with kohl on the little stick before she came out to the ceremony.	547	
mishi	Na sayi ƙaramin mishi a kasuwar Kano don shafa wa ʼyata kwalli.	I bought a small kohl stick at Kano market for putting kohl on my daughter.	547	
mishi	Kada ki yi amfani da mishi ɗaya da abokanki, cutar ido tana yaɗuwa.	Don't share one kohl stick with your friends — eye infections spread that way.	547	
walau	Ya buɗe hannuwansa walau ya nuna mana ba shi da ko sisi.	He spread his palms wide open to show us that he had not a single coin.	548	
walau	Mai gadi ya ce mu ɗaga hannuwanmu walau kafin mu shiga cikin fadar.	The guard told us to raise our hands with the palms open before we entered the palace.	548	
walau	Bayan shekara uku a ƙasar waje, ya dawo gida hannu walau.	After three years abroad, he came back home with nothing but open palms.	548	
adadi	Malam ya rubuta adadi biyu a allo ya ce mu haɗa su.	The teacher wrote two numbers on the board and told us to add them together.	549	
adadi	Adadin masu jira a asibitin ya haura ɗari kafin ƙarfe tara.	The number of people waiting at the clinic had passed a hundred before nine o'clock.	549	
adadi	Ban damu da adadin baƙi ba, abincin da muka dafa zai ishe kowa.	I'm not worried about how many guests turn up — the food we cooked will be enough for everyone.	549	
tsamiya	Kakata ta dafa miyar ganyen tsamiya, ƙamshinta ya bazu a duk unguwar.	My grandmother cooked tamarind-leaf soup, and the smell drifted right across the neighbourhood.	550	
tsamiya	Manoma sukan huta a ƙarƙashin tsamiya bayan sun gama noma da rana.	The farmers rest under the tamarind tree once they have finished the midday work on the farm.	550	
tsamiya	Ba na son ʼyaʼyan tsamiya, amma yaran ƙauyen suna tsinta su duk yamma.	I don't care for tamarind fruit, but the village children gather it up every evening.	550	
masar	Ɗan uwana yana karatun likitanci a Masar tun shekaru uku da suka wuce.	My brother has been studying medicine in Egypt for the past three years.	552	
masar	Yawancin kayan kwalliyar da ake sayarwa a nan suna zuwa daga Masar.	Most of the cosmetics sold here are brought in from Egypt.	552	
masar	Ina fatan zan ziyarci Masar in ga kogin Nilu da idona.	I hope to visit Egypt one day and see the Nile with my own eyes.	552	
kakaki	Masu busa kakaki sun tsaya a ƙofar fada suna jiran sarki.	The kakaki players stood at the palace gate, waiting for the emir to appear.	553	
kakaki	Da na ji karar kakaki daga nesa, sai na san hawan Sallah ya soma.	When I heard the kakaki in the distance, I knew the Sallah durbar had begun.	553	
kakaki	A ganina, babu kayan kiɗa da ya kai kakaki ɗaukaka a ƙasar Hausa.	To my mind, no instrument carries the prestige the kakaki does in Hausaland.	553	
tilo	Kwano ɗaya tilo ya rage a gidan, sai muka ci abinci tare.	A single bowl was all that was left in the house, so we ate together out of it.	554	
tilo	Wannan ita ce hanya ɗaya tilo da ke kai mu ƙauyen bayan ruwa.	This is the only road that gets us to the village once the rains have come.	554	
tilo	Ta yi kuka lokacin da ɗanta tilo ya tashi zuwa aikin soja.	She wept on the day her only son left for his posting with the army.	554	
laba	Ta sayi laba biyu na nama don abincin baƙin da suka sauka.	She bought two pounds of meat to feed the guests who had just arrived.	557	
laba	Mai shago ya auna sukari laba ɗaya ya naɗe shi cikin takarda.	The shopkeeper weighed out a pound of sugar and wrapped it up in paper.	557	
laba	Tun da farashi ya tashi, ba ma iya sayen laba biyu na nama.	Since prices went up, we can no longer afford to buy two pounds of meat.	557	
izini	Ban sami izinin mahaifina ba, don haka na kwana a gida.	I didn't get my father's permission, so I spent the night at home.	572	
izini	Dole in nemi izini a wurin manajan kafin in tafi asibiti.	I have to get permission from the manager before I go to the hospital.	572	
izini	Na fusata domin sun sare bishiyar ba tare da izinina ba.	I was furious because they cut the tree down without my permission.	572	
maraya	Kakata ta rene maraya tun yana jariri har ya girma.	My grandmother raised an orphan from infancy until he was grown.	573	
maraya	Wani maraya ne ya lashe gasar karatun Alƙur'ani a garinmu bana.	It was an orphan who won the Qur'an recitation contest in our town this year.	573	
maraya	Zuciyata ta yi ciwo lokacin da maraya ya nemi abinci a kasuwa.	My heart ached when an orphan came begging for food at the market.	573	
aibu	Matata ta gano aibu a atamfar da ta saya jiya a kasuwa.	My wife found a flaw in the wrapper cloth she bought at the market yesterday.	574	
aibu	Makanikin ya duba motar sannan ya nuna mana aibu a birkinta.	The mechanic looked the car over and then showed us a fault in its brakes.	574	
aibu	Ba na son mutumin da yake fallasa aibun abokan aikinsa a gaban shugaba.	I can't stand a man who exposes his colleagues' faults in front of the boss.	574	
dawa	Yayata ta dafa tuwon dawa da miyar kuka don abincin dare.	My elder sister cooked sorghum tuwo with baobab-leaf soup for dinner.	576	
dawa	Manoma sun girbe dawa kafin ruwan sama ya lalata gonakinsu.	The farmers harvested the sorghum before the rain could ruin their fields.	576	
dawa	Farashin dawa ya tashi sosai a kasuwa, hakan ya dami iyaye da yawa.	The price of sorghum has shot up at the market, and that worries a lot of parents.	576	
tsauni	Mun hau tsauni da safe don mu kalli garin daga sama.	We climbed the hill in the morning to look down on the town from above.	577	
tsauni	Makiyaya suna kiwon shanu a bayan tsauni har zuwa faɗuwar rana.	The herders graze their cattle behind the hill until the sun goes down.	577	
tsauni	Duk lokacin da na hau wannan tsauni, sai in tuna da kakana.	Every time I climb this hill, I end up thinking about my grandfather.	577	
kofi	Ki wanke kofi ki ajiye shi kan tebur kafin baƙi su zo.	Wash a cup and set it on the table before the guests arrive.	578	
kofi	Mai shayi ya zuba mini kofin shayi mai zafi kafin in shiga aiki.	The tea seller poured me a hot cup of tea before I started work.	578	
kofi	Ina ƙaunar wannan kofin domin abokina ne ya kawo mini shi daga Makka.	I treasure this cup because my friend brought it back for me from Mecca.	578	
dubbai	Na kashe dubbai wajen gyara motata bayan haɗarin da ya faru.	I spent thousands repairing my car after the accident.	579	
dubbai	Dubbai sun halarci jana'izar malamin a filin wasa na Kano.	Thousands attended the scholar's funeral at the stadium in Kano.	579	
dubbai	Abin takaici, dubbai daga cikin yaran ƙauyen ba sa zuwa makaranta kwata-kwata.	Sadly, thousands of the village children don't go to school at all.	579	
tagomashi	Shagon nan ya samu tagomashi sosai tun bayan da suka rage farashin.	That shop has become really popular since they lowered their prices.	580	
tagomashi	Sabon shugaban ya samu tagomashi a wurin matasa saboda aikin da ya yi.	The new leader has won favour among young people because of the work he did.	580	
tagomashi	Tagomashin da mawaƙin ya samu bai canza halinsa ba ko kaɗan.	The popularity the singer gained hasn't changed his character one bit.	580	
coci	Kowace Lahadi muna tashi da wuri mu je coci kafin ƙarfe takwas.	Every Sunday we get up early so we can be at church before eight.	581	
coci	Sun gyara rufin cocin bayan iska ta kwashe shi a lokacin damina.	They repaired the church roof after the wind tore it off in the rainy season.	581	
coci	Muryar mawaƙan cocin tana kwantar mini da hankali duk lokacin da na damu.	The church choir's singing settles my mind whenever I'm troubled.	581	
annoba	A lokacin annoba, mahaifiyata takan tafasa ruwa kafin mu sha shi.	During the epidemic my mother would boil the water before we drank it.	582	
annoba	Ma'aikatan lafiya sun yi allurar rigakafi don daƙile annobar sankarau a jihar.	Health workers gave vaccinations to halt the meningitis epidemic in the state.	582	
annoba	Annobar ta yi sanadin rufe makarantu, iyaye kuwa sun shiga damuwa matuƙa.	The epidemic caused schools to close, and parents were deeply worried.	582	
girka	Kakata ta ce an yi mata girka tun tana ƙarama a Maradi.	My grandmother says her initiation was performed for her back when she was a young girl in Maradi.	583	
girka	Masu ganga sun kwana bakwai suna kiɗa kafin a fara girka a unguwarmu.	The drummers played for seven straight nights before the initiation could begin in our quarter.	583	
girka	Mahaifina ba ya son girka, yana cewa bai dace da addininmu ba.	My father has no time for the initiation; he says it doesn't square with our faith.	583	
dogo	Ɗanʼuwana ya yi dogo sosai, tufafinsa duk sun gajarta masa.	My brother has shot up so tall that every one of his clothes is too short on him.	584	
dogo	Layin bankin ya yi dogo, mun tsaya har rana ta yi zafi.	The queue at the bank was long; we stood in it until the sun turned hot.	584	
dogo	Malamin nan dogo ne kuma mai sanyin murya, ɗalibai suna sonsa ƙwarai.	That teacher is tall and soft-spoken, and the students are really fond of him.	584	
zare	Mahaifiyata ta nemi zare mai ruwan shuɗi don ta ɗinka maɓallin rigata.	My mother went looking for blue thread so she could sew the button back onto my shirt.	585	
zare	Maɗinkin kasuwa ya ce zare ya ƙare, sai mu dawo gobe da safe.	The tailor at the market said he had run out of thread, so we should come back tomorrow morning.	585	
zare	Kyanwa ta yi wasa da zare har ta warware saƙar kakata gaba ɗaya.	The cat played with the thread until it had completely unravelled my grandmother's knitting.	585	
makama	Tukunyar ba ta da makama, sai na naɗe zani kafin in ɗauke ta.	The pot has no handle, so I wrapped a cloth around it before lifting it.	587	
makama	Alƙali ya ce ƙarar ba ta da makama, sai ya kore ta.	The judge said the suit had no grounds, and threw it out.	587	
makama	Dalilin da ya bayar ba shi da makama, na san yana ɓoye min gaskiya.	The reason he gave holds no water; I know he is hiding the truth from me.	587	
fusata	Yaron ya fusata mahaifiyarsa saboda ya sake karya faranti a kicin.	The boy angered his mother by breaking yet another plate in the kitchen.	588	
fusata	Direban mota ya fusata da fasinjan da ya ƙi biyan kuɗin hawa.	The driver lost his temper with the passenger who refused to pay his fare.	588	
fusata	Kada ka fusata idan na faɗa maka gaskiya, ni abokinka ne.	Don't take offence when I tell you the truth — I'm your friend.	588	
turare	Kafin sallar Jumaʼa, baba yakan shafa turare ya sa hularsa.	Before Friday prayers, father always puts on perfume and sets his cap on his head.	589	
turare	Amarya ta ƙona turare a ɗakin har baƙi suka ji ƙamshi daga waje.	The bride burned incense in the room until the guests could smell it from outside.	589	
turare	Duk lokacin da na ji wannan turare, sai in tuna da kakata.	Every time I catch this scent, I find myself thinking of my grandmother.	589	
italiya	Kawuna yana aiki a gonar inabi a Italiya, yana aiko mana kuɗi.	My uncle works on a vineyard in Italy and sends money home to us.	590	
italiya	ʼYan wasan Najeriya sun sha kaye a hannun Italiya a wasan ƙarshe.	Nigeria's players were beaten by Italy in the final.	590	
italiya	Ina fatan ziyartar Italiya domin in ga tsofaffin gine-ginen da malamina ya kwatanta.	I hope to visit Italy so I can see the old buildings my teacher described to us.	590	
awaki	Awaki sun shiga gonar kakata suka cinye duk ganyen alayyahu.	The goats got into my grandmother's garden and ate every last spinach leaf.	591	
awaki	A kasuwar dabbobi ta Kano, ana sayar da awaki masu ƙiba kafin sallah.	At the livestock market in Kano they sell fattened goats in the run-up to Sallah.	591	
awaki	Ina son kiwon awaki fiye da shanu domin ba sa buƙatar wuri mai faɗi.	I would rather keep goats than cattle, because they don't need much space.	591	
farali	Malam ya bayyana cewa sallar asuba farali ce, ba nafila ba.	The teacher explained that the dawn prayer is an obligation, not an optional act.	592	
farali	A makarantar allo, muna koyon abin da yake farali kafin mu koyi sunnah.	At the Qurʼanic school we learn what is obligatory before we learn what is merely recommended.	592	
farali	Na ɗauki kula da iyayena a matsayin farali, ba wai zaɓi ba.	I treat caring for my parents as a duty, not as a choice.	592	
tuhuma	Tuhuma ta shiga zuciyata saʼad da na tarar da ƙofar a buɗe.	Suspicion crept into my heart when I came upon the door standing open.	593	
tuhuma	ʼYan sanda sun kama shi bisa tuhuma da sace wayar wani fasinja.	The police arrested him on suspicion of stealing a passenger's phone.	593	
tuhuma	Tuhuma ba tare da shaida ba tana ɓata zumunci tsakanin maƙwabta.	Suspicion without any evidence ruins the bond between neighbours.	593	
maina	Maina ya shiga gidan sarki da safe yana neman mahaifinsa.	The prince walked into the emir's palace at dawn looking for his father.	605	
maina	A ranar Sallah, maina yakan raba abinci ga talakawan garin.	On Sallah day the prince hands out food to the poor of the town.	605	
maina	Ina ganin maina ya fi kowa hikima a cikin ʼyaʼyan sarki.	To my mind the prince is the wisest of all the emir's children.	605	
kamala	Kakata ta koya mini cewa kamala ta fi kuɗi daraja.	My grandmother taught me that dignity is worth more than money.	607	
kamala	Malamin ya ce kamala tana cikin yadda kake mutunta baƙi.	The teacher said decency shows in the way you treat a guest.	607	
kamala	Ya rasa kamala a idon mutane tun bayan ya ci amanar abokinsa.	He lost his good name in people's eyes after he betrayed his friend.	607	
yusufu	Yusufu ya manta da mabuɗin gida, sai muka jira shi a bakin ƙofa.	Yusufu forgot the house key, so we ended up waiting for him at the door.	608	
yusufu	Malam ya ba mu labarin Annabi Yusufu da ʼyanʼuwansa suka jefa a rijiya.	The teacher told us the story of the prophet Joseph, whom his brothers threw into a well.	608	
yusufu	Ina son sunan Yusufu domin yana tunatar da ni haƙurin annabin.	I like the name Yusufu because it reminds me of that prophet's patience.	608	
tela	Na kai riga wurin tela don ya gyara hannunta kafin Sallah.	I took the gown to the tailor so he could fix its sleeve before Sallah.	609	
tela	Tela ya ɗinka mini kaftani cikin kwana uku kafin bikin ɗan uwana.	The tailor sewed me a caftan in three days, in time for my brother's wedding.	609	
tela	Ban gamsu da aikin tela ba, don ya ɗinka wandona da faɗi sosai.	I wasn't happy with the tailor's work, because he cut my trousers far too wide.	609	
zuriya	Kakana yana alfahari da zuriya mai yawa da Allah ya ba shi.	My grandfather takes pride in the many descendants God has given him.	610	
zuriya	Malamin tarihi ya bayyana yadda zuriya ɗaya ta kafa garuruwa da yawa.	The history teacher explained how a single line of descendants founded many towns.	610	
zuriya	Ina fatan zuriya ta gaji sanaʼar saƙa da muka koya daga kakanninmu.	I hope our descendants inherit the weaving trade we learned from our grandparents.	610	
rake	Yara suna tsotsar rake a gefen hanya bayan sun dawo daga makaranta.	The children are chewing sugarcane by the roadside after getting back from school.	611	
rake	Mai sayar da rake ya rage mini kuɗi domin na sayi da yawa.	The sugarcane seller cut the price for me because I bought so much.	611	
rake	Rake na bana bai yi zaƙi kamar na bara ba.	This year's sugarcane hasn't come out as sweet as last year's.	611	
tafarnuwa	Mahaifiyata takan saka tafarnuwa da albasa a miya don ta yi ƙamshi.	My mother puts garlic and onion in the stew to give it a good smell.	612	
tafarnuwa	Na sayi tafarnuwa a kasuwar Sabon Gari, amma farashinta ya tashi sosai.	I bought garlic at Sabon Gari market, but the price has shot right up.	612	
tafarnuwa	Kakata ta ce tafarnuwa tana warkar da mura fiye da maganin asibiti.	My grandmother says garlic cures a cold better than hospital medicine does.	612	
dandali	Yara sukan taru a dandali da yamma domin su buga ƙwallo.	The children gather in the town square in the evening to play football.	613	
dandali	Sarkin garin ya yi jawabi a dandali gaban dubban mutane jiya.	The town's emir gave a speech in the square before thousands of people yesterday.	613	
dandali	Ina son zama a dandali da dare, ina sauraron tatsuniyar tsofaffi.	I love sitting out in the square at night, listening to the old people's tales.	613	
saniya	Kowace safiya nakan tashi in shayar da saniya kafin in tafi makaranta.	Every morning I get up and water the cow before I set off for school.	614	
saniya	Mahaifina ya sayi saniya a kasuwar dabbobi don bikin auren ʼyar uwata.	My father bought a cow at the livestock market for my sister's wedding.	614	
saniya	Ban taɓa tsoron saniya ba, sai da wata ta kore ni a gona.	I was never afraid of a cow until one chased me across the farm.	614	
sarauniya	Yarinyar ta ɗaura ƙyalle a kai, tana cewa ita sarauniya ce yau.	The little girl tied a cloth round her head and announced that today she is the queen.	615	
sarauniya	Sarauniya ta halarci bikin sarki, dukan matan gari suka yi mata rakiya.	The queen attended the emir's celebration, and all the women of the town escorted her.	615	
sarauniya	Ina mamakin yadda sarauniya ta yi mulkin ƙasar nan cikin zaman lafiya.	It amazes me how the queen ruled this country while keeping the peace.	615	
mafaka	Da ruwan sama ya fara, sai muka nemi mafaka a ƙarƙashin bishiyar kuka.	When the rain started, we took shelter under the baobab tree.	638	
mafaka	Makarantar firamare ta zama mafaka ga iyalai da suka gudu daga rikici.	The primary school became a refuge for families who had fled the fighting.	638	
mafaka	A gare ni, babu wata mafaka da ta fi ɗakin kakata a duniya.	For me there is no safer haven in the world than my grandmother's room.	638	
limamai	Limamai uku sun taru a masallaci don warware husuma tsakanin maƙwabta.	Three imams met at the mosque to settle a quarrel between neighbours.	640	
limamai	Limamai sukan yi waʼazi mai tsawo a ranar Jumaʼa kafin sallah.	Imams usually give a long sermon on Friday before the prayer.	640	
limamai	Ban gamsu ba, domin limamai da yawa sun yi shiru kan wannan matsalar.	I am not satisfied, because many imams have stayed silent about this problem.	640	
rajab	A watan Rajab, kakata takan yi azumi kwana uku a kowane mako.	In the month of Rajab my grandmother fasts three days every week.	641	
rajab	Mun daura auren ƙanwata a Rajab, kafin mutane su fara shirin Ramadan.	We held my younger sister's wedding in Rajab, before people started preparing for Ramadan.	641	
rajab	Ina son watan Rajab, don masallacin unguwarmu yakan cika da yara masu karatu.	I love the month of Rajab, because our neighbourhood mosque fills up with children reciting.	641	
kaf	Ɓarayi sun shiga gidanmu da daddare, suka kwashe kayan lantarki kaf.	Thieves got into our house in the night and carried off every last appliance.	643	
kaf	Yayin da nake gyaran keke, wani ya sace kuɗina kaf.	While I was repairing the bicycle, somebody stole every last naira I had.	643	
kaf	Na yi baƙin ciki sosai domin ambaliyar ta kwashe hatsin gonarmu kaf.	I was heartbroken, because the flood swept away every bit of grain from our farm.	643	
fatakwal	Ɗan uwana yana aiki a kamfanin mai da ke Fatakwal tun bara.	My brother has been working at an oil company in Port Harcourt since last year.	644	
fatakwal	Mun ɗauki bas ɗin dare zuwa Fatakwal, muka isa da sassafe.	We took the night bus to Port Harcourt and arrived at daybreak.	644	
fatakwal	Ban taɓa jin daɗin damina a Fatakwal ba, ruwan sama ba ya tsayawa.	I have never enjoyed the rainy season in Port Harcourt; the rain simply does not stop.	644	
citta	Kakata takan zuba citta a cikin shayi domin ta rage tari.	My grandmother puts ginger in the tea to ease a cough.	645	
citta	Matar da ke sayar da citta a kasuwa ta rage mini kuɗi jiya.	The woman who sells ginger in the market knocked something off the price for me yesterday.	645	
citta	Ba na iya cin miya mai yawan citta, domin tana ƙona mini harshe.	I cannot eat stew with a lot of ginger in it, because it burns my tongue.	645	
fabrairu	A watan Fabrairu muna noman tumatir a fadama, saboda ruwan rijiya ya isa.	In February we grow tomatoes on the floodplain, because the well water is enough.	646	
fabrairu	Jarrabawar ƙarshen zangon farko za ta fara ranar goma ga Fabrairu.	The first-term final exams will begin on the tenth of February.	646	
fabrairu	Fabrairu gajeren wata ne, don haka albashi yakan ƙare kafin mu farga.	February is a short month, so the salary runs out before we even notice.	646	
hisabi	Malam ya tunatar da mu cewa kowa zai fuskanci hisabi a ranar ƙiyama.	The teacher reminded us that everyone will face the reckoning on the Day of Judgement.	647	
hisabi	Kakana yakan ce tsoron hisabi ne ke hana shi cin haƙƙin mutane.	My grandfather says it is fear of the reckoning that stops him from taking what belongs to others.	647	
hisabi	Da ya ji waʼazin hisabi, sai ya mayar da kuɗin da ya karɓa.	After hearing the sermon about the reckoning, he gave back the money he had taken.	647	
tafarki	Mun bi wani tafarki mai kunci har muka isa rijiyar ƙauye.	We followed a narrow path until we reached the village well.	648	
tafarki	Direban ya bar babbar hanya, sai ya bi tafarki mai ƙura zuwa ƙauyen.	The driver left the highway and took a dusty track towards the village.	648	
tafarki	Iyayena sun koya mini cewa haƙuri shi ne tafarki mafi sauƙi a rayuwa.	My parents taught me that patience is the easiest path through life.	648	
safa	Mun sauka daga safa a Zariya don sayen abinci kafin mu ci gaba.	We got down from the bus in Zaria to buy food before travelling on.	649	
safa	Safa ta cika da fasinjoji, don haka na tsaya har muka isa Kaduna.	The bus was packed with passengers, so I stood the whole way to Kaduna.	649	
safa	Ba na son tafiya da safa da daddare, domin hanyar ba ta da tsaro.	I don't like travelling by intercity bus at night, because the road isn't safe.	649	
sashi	Kowane sashi na wannan birni yana da kasuwarsa da masallacinsa.	Every district of this city has its own market and its own mosque.	616	
sashi	Malam ya raba aji zuwa sashi uku don kowa ya samu damar magana.	The teacher split the class into three sections so that everyone would get a chance to speak.	616	
sashi	Sashi na farko na littafin ya fi ƙarshensa daɗi sosai.	The first part of the book was far more enjoyable than its ending.	616	
keke	Kowace safiya nakan hau keke zuwa makaranta domin kuɗin mota ya yi yawa.	Every morning I cycle to school because the bus fare has got too high.	617	
keke	Mahaifina yana gyara keke a bakin titi tun kafin a haife ni.	My father has been mending bicycles at the roadside since before I was born.	617	
keke	Ban taɓa mantawa da ranar da kawuna ya sayo mini sabon keke ba.	I have never forgotten the day my uncle bought me a new bicycle.	617	
alwala	Na yi alwala a gida saboda ruwan masallaci ya ƙare.	I did my ablutions at home because the mosque had run out of water.	618	
alwala	Kafin sallar azahar, ɗalibai sukan yi alwala a bayan makarantar.	Before the noon prayer, the students perform their ablutions behind the school.	618	
alwala	Sanyin ruwan rijiya ya sa yin alwala da sassafe ya yi mini wuya.	The cold well water made doing my ablutions at dawn hard for me.	618	
basasa	Iyayena sun gudu daga garinsu lokacin da basasa ta ɓarke a arewa.	My parents fled their town when the civil war broke out in the north.	619	
basasa	Jaridar ta ce basasa ta tilasta wa dubban manoma barin ƙauyukansu.	The newspaper said the civil war had forced thousands of farmers to abandon their villages.	619	
basasa	Duk lokacin da aka ambaci basasa, kakata takan fashe da kuka.	Whenever the civil war is mentioned, my grandmother bursts into tears.	619	
almasihu	Kowace Lahadi, kakata takan karanta labarin haihuwar Almasihu ga jikokinta.	Every Sunday my grandmother reads her grandchildren the story of the Messiah's birth.	621	
almasihu	Malamin makarantar Lahadi ya bayyana wa yara yadda Almasihu ya warkar da makaho.	The Sunday-school teacher explained to the children how the Messiah healed a blind man.	621	
almasihu	Musulmai da Kiristoci duk sun yarda cewa Almasihu zai dawo duniya wata rana.	Muslims and Christians alike believe that the Messiah will return to the world one day.	621	
zaitun	Likita ya ce in riƙa shafa man zaitun a gashina duk mako.	The doctor told me to rub olive oil into my hair every week.	622	
zaitun	A kasuwar Kano, mun sayi man zaitun mai tsada daga wani ɗan Larabe.	At the Kano market we bought expensive olive oil from an Arab trader.	622	
zaitun	Itacen zaitun yana da tsawon rai fiye da mutumin da ya shuka shi.	An olive tree outlives the person who planted it.	622	
abdu	Abdu ya manta da mabuɗin gida, sai ya kwana a wurin abokinsa.	Abdu forgot the house key, so he spent the night at his friend's place.	623	
abdu	Kowace rana Abdu yakan tashi da ƙarfe biyar don ya kai kaya kasuwa.	Every day Abdu is up by five so he can take the goods to the market.	623	
abdu	Kowa a unguwar yana kiransa Abdu, ko da yake sunansa Abdullahi ne.	Everyone in the neighbourhood calls him Abdu, even though his name is Abdullahi.	623	
kwano	Mahaifiyata ta zuba tuwo a cikin kwano, ta rufe shi har muka dawo.	My mother put the tuwo in a bowl and kept it covered until we got back.	624	
kwano	A kasuwa, na yi ciniki har na sayi kwano biyu kan naira dubu.	At the market I haggled until I got two bowls for a thousand naira.	624	
kwano	Yara sun yi ta bugun kwano suna waƙa har maƙwabta suka yi fushi.	The children kept banging on a pan and singing until the neighbours got angry.	624	
albishir	Yaya ya shigo gida da albishir cewa an ba shi aiki a bankin.	My elder brother came home with the good news that he had been given a job at the bank.	625	
albishir	Likitan ya fito ya ba mu albishir cewa mahaifiyarmu ta warke.	The doctor came out and gave us the good news that our mother had recovered.	625	
albishir	Bayan ya kawo mana albishir, sai ya tsaya yana jiran ladarsa.	After bringing us the good news, he stood there waiting for his reward.	625	
isha	Bayan sallar isha, mukan zauna a farfajiya muna sauraron labaran kakata.	After the night prayer we sit out in the courtyard listening to my grandmother's stories.	626	
isha	Kasuwar dare ba ta buɗewa sai bayan an gama sallar isha.	The night market does not open until the Isha prayer is over.	626	
isha	Na kasa yin sallar isha da wuri domin barci ya kwashe ni.	I couldn't pray Isha early because sleep carried me off.	626	
ajami	Mahaifina yana rubuta lissafin shagonsa da ajami a cikin tsohon littafi.	My father keeps his shop's accounts in Ajami in an old notebook.	627	
ajami	Malamin makarantar allo yana koya wa yara rubutun ajami kowace safiya.	The Quranic-school teacher teaches the children to write Ajami every morning.	627	
ajami	Kakata ta yi kuka lokacin da muka karanta mata wasiƙar ajami.	My grandmother wept when we read her the letter written in Ajami.	627	
azaba	Na sha azaba da ciwon haƙori a daren jiya, ban yi barci ba.	I went through agony with toothache last night and never slept at all.	629	
azaba	Manoman ƙauyenmu sun sha azaba bana saboda ambaliyar ruwa.	The farmers in our village suffered terribly this year because of the flood.	629	
azaba	Zaman gidan yari azaba ce da ba zan taɓa mantawa da ita ba.	Life in prison is a torment I will never be able to forget.	629	
uzuri	Ɗana ya makara, uzurinsa shi ne motar makaranta ta lalace a hanya.	My son came home late; his excuse was that the school bus broke down on the way.	630	
uzuri	Na kawo uzurin rashin lafiya, amma shugaban aiki bai karɓa ba.	I offered illness as my excuse, but the boss would not accept it.	630	
uzuri	Ba ni da wani uzuri da zan kawo, na manta ranar haihuwarki.	I have no excuse to offer — I forgot your birthday.	630	
ishe	Mijinta ya dawo da dare, ya ishe ta tana barci a falo.	Her husband got back late at night and came upon her asleep in the sitting room.	631	
ishe	Mun tashi daga kasuwa da latti, dare ya ishe mu a hanya.	We left the market late, and night overtook us on the road.	631	
ishe	Da na kai asibiti, na ishe mahaifiyata tana kuka a bakin ƙofa.	When I got to the hospital I found my mother crying in the doorway.	631	
mama	Mama ta tashi tun kafin asuba don ta dafa mana kunu.	Mum got up before dawn to cook us kunu.	632	
mama	Mama tana sayar da kayan miya a kasuwar Kurmi kowace Litinin.	Mum sells soup ingredients at Kurmi market every Monday.	632	
mama	Ina kewar Mama sosai tun da na fara zama a Legas.	I have missed Mum badly ever since I started living in Lagos.	632	
lugga	Malam ya rubuta lugga a allo, sai ɗalibai suka yi shiru.	The teacher wrote an obscure old word on the board and the students went silent.	633	
lugga	Waƙoƙin tsofaffin mawaƙa suna cike da lugga da ba ma fahimta.	The songs of the old poets are packed with arcane words we don't even understand.	633	
lugga	Kakana yakan yi magana da lugga har mu kasa gane maganarsa.	My grandfather peppers his speech with obscure words until we can't follow what he means.	633	
baiti	Malam ya sa mu haddace baiti na farko kafin darasin gobe.	The teacher made us memorise the first stanza before tomorrow's lesson.	634	
baiti	Mawaƙin ya maimaita baiti na ƙarshe sau uku, mutane suka yi ta tafi.	The singer repeated the last stanza three times and the crowd kept on clapping.	634	
baiti	Kowane baiti a cikin waƙar nan yana tunatar da ni gidanmu na ƙauye.	Every stanza in this song reminds me of our house back in the village.	634	
haila	A yau yayata ba za ta iya azumi ba saboda tana cikin haila.	My elder sister cannot fast today because she is menstruating.	635	
haila	Malamar lafiya ta bayyana wa yaran mata yadda haila take faruwa kowane wata.	The health teacher explained to the girls how menstruation happens each month.	635	
haila	Ciwon haila yakan dame ta har ta kasa zuwa aiki na kwana biyu.	Period pain troubles her so badly that she can't get to work for two days.	635	
akuya	Akuyar makwabcinmu ta shiga gonarmu, ta cinye dukkan ganyen alayyafo.	Our neighbour's goat got into our farm and ate every last spinach leaf.	636	
akuya	Mahaifina ya sayi akuya mai ƙiba a kasuwar Wudil don bikin sallah.	My father bought a fat goat at Wudil market for the Sallah feast.	636	
akuya	Yaron yana kuka domin an yanka akuyar da ya taso da ita.	The boy is crying because they slaughtered the goat he grew up with.	636	
jinsi	Likita bai gaya mana jinsin jaririn ba, mun so mu jira ranar haihuwa.	The doctor didn't tell us the baby's sex; we wanted to wait for the birth.	637	
jinsi	A asibiti sun tambaye ni shekaruna da jinsi kafin su ba ni kati.	At the hospital they asked my age and sex before giving me a card.	637	
jinsi	Ina ganin bai kamata a hana yarinya karatu saboda jinsinta ba.	I don't think a girl should be kept out of school because of her sex.	637	
alhaki	Alhakin renon yara yana kan iyaye biyu, ba uwa kaɗai ba.	The responsibility of raising children rests on both parents, not on the mother alone.	686	
alhaki	Ya ɗauki alhakin ɓarnar da almajiransa suka yi a kasuwar gari.	He took responsibility for the damage his Qur'anic pupils caused in the town market.	686	
alhaki	Har yanzu alhakin ƙarya da na yi wa mahaifina yana damuna.	Even now the guilt of the lie I told my father weighs on me.	686	
takum	Mun isa Takum da tsakar dare, ruwan sama yana ta sauka.	We reached Takum at midnight with the rain still coming down.	687	
takum	Kasuwar Takum tana cika da mutane duk ranar Litinin da safe.	Takum market fills up with people every Monday morning.	687	
takum	Ban taɓa mantuwa da bikin auren da muka yi a Takum ba.	I have never forgotten the wedding celebration we held in Takum.	687	
shinge	Awakin maƙwabcinmu sun tsallake shinge da daddare suka lalata gonar tumatir.	Our neighbour's goats jumped the fence during the night and ruined the tomato plot.	688	
shinge	Malamin ya sa yara su gyara shingen makarantar kafin ruwan sama ya fara.	The teacher had the children repair the school fence before the rains began.	688	
shinge	A ganina shingen katanga ya fi na ƙaya ƙarfi, amma yana da tsada.	In my view a wall fence is stronger than a thorn one, but it costs a lot.	688	
yalwa	Yalwa ta dafa tuwon shinkafa da miyar kuka don baƙin da suka zo.	Yalwa cooked rice tuwo with baobab-leaf soup for the guests who arrived.	689	
yalwa	Yalwa ce ta fi kowa maki a jarrabawar lissafi a ajinmu bana.	It was Yalwa who scored higher than everyone in our class's maths exam this year.	689	
yalwa	Duk lokacin da Yalwa ta yi dariya, sai kowa a gida ya yi murmushi.	Whenever Yalwa laughs, everyone in the house ends up smiling.	689	
banga	Yaron ya ɗauki banga ya fara buga shi da yatsunsa a gaban gida.	The boy picked up the banga drum and started tapping it with his fingers in front of the house.	690	
banga	A ranar sallah, mawaƙan ƙauyen suna buga banga har tsakar dare.	On the day of the festival the village musicians played the banga drum until midnight.	690	
banga	Ƙarar banga tana tuna min da bukukuwan ƙauyenmu lokacin da nake ƙarami.	The sound of the banga drum reminds me of our village festivals when I was small.	690	
hani	Mahaifiyata ta yi mana hani game da yin wasa kusa da rijiya.	My mother forbade us from playing anywhere near the well.	691	
hani	Gwamnati ta sanya hani kan shigo da shinkafa, sai farashinta ya tashi.	The government placed a ban on rice imports, and its price promptly shot up.	691	
hani	Duk da haninsu, matasan ƙauyen sun ci gaba da kaɗe-kaɗe da daddare.	Despite their prohibition, the village youths went on drumming through the night.	691	
magariba	Kullum mukan koma gida kafin magariba don kada duhu ya kama mu.	We always head home before the sunset prayer so that darkness doesn't catch us out.	692	
magariba	A watan Ramadan, kowa yana jiran magariba don a karya azumi da dabino.	During Ramadan everyone waits for the sunset prayer so the fast can be broken with dates.	692	
magariba	Ina son lokacin magariba domin sararin sama yana yin ja mai kyau.	I love the hour of the sunset prayer, because the sky turns a beautiful red.	692	
kuɗi	Mahaifina ya aiko mini da kuɗin makaranta kafin ranar biya ta ƙare.	My father sent me the school fees before the payment deadline ran out.	693	
kuɗi	Na yi ciniki da mai tumatir har ya rage kuɗin da naira ɗari.	I haggled with the tomato seller until he knocked a hundred naira off the price.	693	
kuɗi	Kuɗi ba ya sayen lafiya, amma rashinsa yana kawo damuwa mai yawa.	Money does not buy health, but the lack of it brings a great deal of worry.	693	
mashin	Na hau mashin daga kasuwa zuwa gida saboda ruwan sama ya fara.	I took a motorbike from the market home because the rain had started.	694	
mashin	Mashin ɗin niƙa ya tsaya da rana, sai muka koma gida hannu banza.	The grinding machine broke down at midday, so we went home empty-handed.	694	
mashin	Ina tsoron hawan mashin a hanyar Kano tun bayan hatsarin da na gani.	I have been afraid of riding a motorbike on the Kano road ever since the crash I witnessed.	694	
maciji	Da safe mun tarar da maciji a ƙarƙashin tabarma a ɗakin kaya.	In the morning we came upon a snake under the mat in the storeroom.	695	
maciji	Manomi ya kashe maciji da sanda kafin ya ci gaba da noman gonar.	The farmer killed a snake with a stick before carrying on with hoeing the field.	695	
maciji	Ina jin tsoron maciji fiye da kowace dabba, har ma a hoto.	I fear snakes more than any other animal, even in a photograph.	695	
ridda	Malam ya bayyana maʼanar ridda ga ɗalibai a makarantar allo jiya.	The teacher explained the meaning of apostasy to the pupils at the Qurʼanic school yesterday.	671	
ridda	A tarihin Musulunci, yaƙin ridda ya barke bayan rasuwar Annabi.	In Islamic history, the wars of apostasy broke out after the Prophet's death.	671	
ridda	Ya ji tsoro sosai lokacin da aka zarge shi da ridda.	He was gripped by fear when they accused him of apostasy.	671	
lardi	Iyayena sun ƙaura zuwa wani lardi mai nisa a arewacin ƙasar.	My parents moved away to a far-off province in the north of the country.	673	
lardi	Manoma sun kai koke ga hukumar lardi game da ƙarancin taki.	The farmers took their complaint to the provincial authority about the fertiliser shortage.	673	
lardi	A ganina, wannan lardi ya fi kowanne kyau saboda kwanciyar hankalinsa.	To my mind this province beats all the others, because life here is peaceful.	673	
makabarta	Kowace Jumaʼa mukan je makabarta don yin adduʼa a kabarin kakana.	Every Friday we go to the cemetery to pray at my grandfather's grave.	674	
makabarta	Mutane sun cika makabarta lokacin da aka binne tsohon limamin unguwarmu.	People packed the cemetery when our neighbourhood's old imam was buried.	674	
makabarta	Duk lokacin da na wuce makabarta da dare, jikina yakan yi sanyi.	Whenever I pass the cemetery after dark, a chill runs right through me.	674	
audu	Audu ya kwashe yini yana gyara keken mahaifinsa a ƙarƙashin bishiya.	Audu spent the whole day under the tree mending his father's bicycle.	675	
audu	Malam ya tambayi Audu me ya sa bai zo makaranta jiya ba.	The teacher asked Audu why he had not come to school yesterday.	675	
audu	Na yi farin ciki sosai da jin cewa Audu ya ci jarrabawar.	I was overjoyed to hear that Audu had passed the examination.	675	
zi	A wurin shan shayi, Musa ya buga zi ya lashe wasan.	At the tea stall Musa played a diamond and took the round.	677	
zi	A daren jiya muna wasan kati, sai Sani ya fitar da zi uku.	Last night while we were playing cards, Sani laid down three diamonds.	677	
zi	Ban taɓa yin saʼa da zi ba, sai dai da baƙin kati.	I have never had any luck with diamonds, only with the black suits.	677	
hamdala	Bayan ya gama cin abinci, sai kakana ya yi hamdala a hankali.	When he had finished eating, my grandfather quietly gave thanks to God.	678	
hamdala	Da jin labarin haihuwar, dukan matan sun yi hamdala suka fara waƙa.	On hearing news of the birth, all the women praised God and broke into song.	678	
hamdala	Ko a lokacin wahala, ya kamata mutum ya riƙa yin hamdala.	Even in times of hardship, a person ought to keep giving thanks to God.	678	
kishiya	Amarya ta gaisa da kishiya cikin ladabi a ranar da ta shigo gidan.	The bride greeted her co-wife respectfully on the day she came into the household.	679	
kishiya	Kishiyata takan taimaka mini da dafa abinci lokacin da nake jinya.	My co-wife helps me with the cooking whenever I am unwell.	679	
kishiya	A gidanmu, kishiya ba maƙiya ba ce; muna zama lafiya tare.	In our house a co-wife is no enemy; we live together in peace.	679	
kankana	Da rana ta yi zafi, muka yanka kankana muka raba wa yara.	When the afternoon grew hot, we cut a watermelon and shared it out among the children.	682	
kankana	Mai sayar da ʼyaʼyan itace ya ce kankana ta yi tsada bana.	The fruit seller said that watermelon has become expensive this year.	682	
kankana	Babu abin da ya fi kankana mai sanyi daɗi a lokacin bazara.	Nothing tastes better than chilled watermelon during the hot season.	682	
jamhuriya	Shugaban jamhuriya ya sanya hannu kan sabuwar dokar ilimi jiya da yamma.	The president of the republic signed the new education law yesterday evening.	684	
jamhuriya	Malamin tarihi ya bayyana yadda ƙasar ta zama jamhuriya bayan mulkin mallaka.	The history teacher explained how the country became a republic after colonial rule.	684	
jamhuriya	Kakana yakan ce jamhuriya ba ta kawo wa talakawa sauƙi ba tukuna.	My grandfather always says the republic has yet to bring ordinary people any relief.	684	
mumini	Kowane mumini yakan tashi da sassafe domin yin sallar asuba.	Every believer gets up before daybreak to perform the dawn prayer.	685	
mumini	Limami ya tunatar da mu cewa mumini ba ya cutar da maƙwabcinsa.	The imam reminded us that a believer does not do harm to his neighbour.	685	
mumini	Na ji daɗi da na ga mumini yana taimaka wa baƙo cikin ruwan sama.	It warmed my heart to see a believer helping a stranger out in the rain.	685	
kwango	Ɗan uwana ya shafe shekaru uku yana kasuwanci a Kwango kafin ya dawo gida.	My brother spent three years trading in Congo before he came back home.	650	
kwango	Mun taru a gidan maƙwabci muka kalli yadda Najeriya ta doke Kwango.	We crowded into the neighbour's house and watched Nigeria beat Congo.	650	
kwango	Ban taɓa zuwa Kwango ba, amma ina son in ga dazuzzukanta.	I have never been to Congo, but I would love to see its forests.	650	
goyo	Amina tana da goyo, don haka ba za ta iya ɗaukar tulun ruwa ba.	Amina has a baby on her back, so she can't carry the water pot.	651	
goyo	Malamar makarantar ta zo aiki da goyo, don ba ta samu mai kulawa ba.	The teacher came to work with her baby on her back, because she found nobody to mind him.	651	
goyo	Wannan goyo ya yi girma sosai, kar ki ƙara ɗaure shi a baya.	This child you carry has got far too big — stop tying him on your back.	651	
mujalla	Na sayi mujalla a tashar mota don in rage gajiyar tafiya.	I bought a magazine at the motor park to make the journey less wearying.	652	
mujalla	Ina aiki a wata mujalla ta mako-mako, kuma ina rubuta labarin wasanni.	I work at a weekly magazine, and I write the sports stories.	652	
mujalla	Ban ji daɗin wannan mujalla ba, domin labaranta duk na siyasa ne.	I didn't enjoy this magazine, because its articles are all about politics.	652	
hanta	Mahaifiyata ta dafa hanta da albasa, muka ci ta da shinkafa.	My mother cooked liver with onions, and we ate it with rice.	653	
hanta	Mai suya ya yanka hanta gunduwa-gunduwa, sannan ya barbaɗa mata yaji.	The suya seller cut the liver into chunks, then sprinkled the spice mix over it.	653	
hanta	Likita ya gaya masa cewa shan giya ya lalata masa hanta.	The doctor told him that drinking had ruined his liver.	653	
koko	Da safe mukan sha koko da kosai kafin mu tafi makaranta.	In the mornings we would have koko porridge and bean cakes before setting off for school.	654	
koko	Mai koko ta zuba mini cikin ƙwarya, na sha shi tun yana da zafi.	The koko seller poured mine into a calabash, and I drank it while it was still hot.	654	
koko	Wannan koko ya yi tsami sosai, na zubar da shi na koma kan shayi.	This koko has gone really sour, so I threw it out and had tea instead.	654	
habasha	Kawuna ya dawo daga Habasha makon jiya da buhun kofi mai ƙamshi.	My uncle came back from Ethiopia last week with a sack of fragrant coffee.	655	
habasha	Sahabbai sun yi hijira zuwa Habasha lokacin da aka tsananta musu a Makka.	The Companions migrated to Ethiopia when they were being persecuted in Mecca.	655	
habasha	Ina mamakin yadda ƴan wasan Habasha suke gudu ba tare da gajiya ba.	It amazes me how Ethiopian athletes can run and run without tiring.	655	
warwas	Ƙasa ta yi santsi saboda ruwan sama, sai na zame na faɗi warwas.	The ground was slippery from the rain, so I skidded and went down flat on my back.	657	
warwas	Ɗan kokawa ya buga abokin karawarsa har ya faɗi warwas a dandali.	The wrestler threw his opponent so hard the man landed flat on his back in the arena.	657	
warwas	Bayan ya gama aikin gona, ya kwanta warwas a ƙarƙashin bishiya.	When he had finished the farm work, he lay stretched out flat under a tree.	657	
fasali	Gidan nan yana da fasali mai kyau, kowane ɗaki yana da taga.	This house has a fine layout — every single room has a window.	658	
fasali	Injiniya ya sauya fasali sau uku kafin mai gidan ya amince da shi.	The engineer redid the design three times before the owner would agree to it.	658	
fasali	Sabon fasali da jaridar ta ɗauka bai burge ni ba ko kaɗan.	The new format the newspaper has adopted doesn't impress me in the least.	658	
tuta	Kowace safiya ɗalibai kan taru a filin makaranta su ɗaga tuta.	Every morning the pupils gather on the school field to raise the flag.	659	
tuta	Magoya baya sun naɗe kansu da tuta suna rera waƙa a filin wasa.	The fans wrapped themselves in the flag and sang all through the stadium.	659	
tuta	Duk lokacin da na ga tuta ina tuna ranar da muka samu ƴanci.	Whenever I see the flag I think back to the day we won our independence.	659	
kazaure	Mun shiga safa da safe muka isa Kazaure kafin rana ta yi zafi.	We took the early bus and reached Kazaure before the sun turned fierce.	660	
kazaure	Kasuwar Kazaure kan cika da mutane duk ranar Litinin, musamman masu sayar da shanu.	Kazaure market fills with people every Monday, above all the cattle traders.	660	
kazaure	Kakana ya girma a Kazaure, yana fatan ya koma can bayan ya yi ritaya.	My grandfather grew up in Kazaure, and he hopes to move back there once he retires.	660	
sakan	Bayan ruwa ya tafasa, sai ka jira sakan talatin kafin ka zuba shayi.	Once the water has boiled, wait thirty seconds before you pour the tea.	696	
sakan	A gasar tseren makaranta, ya doke abokinsa da sakan biyu kacal.	In the school race he beat his friend by just two seconds.	696	
sakan	Yayin da nake jiran sakamakon jarrabawa, kowane sakan sai ka ce awa ɗaya.	While I was waiting for the exam results, every second felt like a whole hour.	696	
datti	Kada ka zubar da datti a gaban gida, ka kai shi juji.	Don't dump the rubbish in front of the house — take it to the tip.	697	
datti	Ranar Asabar, matasan unguwarmu sun tara dattin da ke kwance a kasuwa.	On Saturday the young men of our neighbourhood cleared away all the filth lying about the market.	697	
datti	Dattin da ya cika magudanar ruwa yana ba mu haushi a lokacin damina.	The filth clogging the gutter disgusts us every rainy season.	697	
yamai	Kakata tana zaune a Yamai, muna kai mata ziyara duk lokacin sallah.	My grandmother lives in Niamey, and we go and visit her every Sallah.	698	
yamai	Mahaifina yakan sayo kayan ado a Yamai ya sayar da su a Kano.	My father buys jewellery in Niamey and sells it in Kano.	698	
yamai	Ban taɓa zuwa Yamai ba, amma ina son in ga Kogin Neja da idona.	I have never been to Niamey, but I would love to see the River Niger with my own eyes.	698	
ankara	Ɗan uwana ya yi shekara biyu yana aiki a Ankara, babban birnin Ghana.	My brother has spent two years working in Accra, the capital of Ghana.	699	
ankara	Za mu tashi daga Legas zuwa Ankara da bas, tafiyar kwana biyu ce.	We are travelling from Lagos to Accra by bus; it is a two-day journey.	699	
ankara	Iskar tekun Ankara ta fi ta Kano sanyi, shi ya sa nake son garin.	The sea breeze in Accra is cooler than Kano's, and that is why I love the city.	699	
takunkumi	Muna sa wa jaki takunkumi kafin mu shiga gona, don kada ya ci hatsi.	We put a muzzle on the donkey before we go into the field so that it cannot eat the grain.	700	
takunkumi	Ƙasashen Turai sun ƙaƙaba wa gwamnatin ƙasar takunkumin tattalin arziki bayan juyin mulki.	The European countries imposed an economic embargo on the country's government after the coup.	700	
takunkumi	Takunkumin da aka ƙaƙaba ya sa farashin man fetur ya haura, talakawa suna kuka.	The embargo that was imposed has driven up the price of petrol, and ordinary people are complaining bitterly.	700	
janaba	Bayan ya yi wanka daga janaba, sai ya kama hanyar masallaci don sallar asuba.	After taking the ritual bath he set off for the mosque for the dawn prayer.	701	
janaba	Malamin ya koya mana yadda ake yin wankan janaba a darasin fiƙihu.	The teacher showed us how the ritual bath is performed in our jurisprudence lesson.	701	
janaba	Ya damu sosai da ya tashi da janaba, ruwa kuwa ya ƙare a gida.	He was very distressed to wake up in need of the ritual bath when the water at home had run out.	701	
kalami	Kalamin kakana game da haƙuri yana nan a zuciyata har yau.	My grandfather's words about patience have stayed in my heart to this day.	702	
kalami	Kalami ɗaya daga bakin gwamna a taron ya ɓata wa manoma rai.	A single remark from the governor at the meeting upset the farmers.	702	
kalami	Kada ka furta kalami mai zafi cikin fushi, gobe za ka yi da-na-sani.	Don't utter a harsh word in anger; tomorrow you will regret it.	702	
muhimmi	Ilimi muhimmi ne, shi ya sa na sayar da gonata don karatun ɗana.	Education matters, and that is why I sold my farm to pay for my son's schooling.	703	
muhimmi	Gobe muna da muhimmin taro da manoma, kada ka makara ko kaɗan.	Tomorrow we have an important meeting with the farmers — don't be even slightly late.	703	
muhimmi	Rijistar haihuwa muhimmiyar takarda ce, kada ka bar ta a hannun yara.	A birth certificate is an important document; don't leave it lying around with the children.	703	
hikaya	Kakata takan ba mu hikaya a gaban wuta kafin mu kwanta barci.	My grandmother tells us a story by the fire before we go to bed.	704	
hikaya	Malamin ya rufe darasi da hikaya game da mutumin da ya ci amana.	The teacher ended the lesson with a tale about a man who betrayed a trust.	704	
hikaya	Wannan hikaya ta sa na yi kuka, domin ta tuna mini da rayuwar mahaifina.	That story made me weep, because it reminded me of my father's life.	704	
rumfa	Mun gina rumfa a bayan gida don mu huta a lokacin zafi.	We built a shelter behind the house so we could rest during the hot season.	705	
rumfa	Mahaifina yana da rumfa a kasuwar Kurmi inda yake sayar da fatu.	My father has a stall in Kurmi market where he sells hides.	705	
rumfa	Iska mai ƙarfi ta kwashe rumfar mai shayi, yanzu yana kuka bakin hanya.	A strong wind carried off the tea seller's stall, and now he is weeping by the roadside.	705	
nahiya	Muna zaune a wata nahiya da ke nesa da babban birni.	We live in a district a long way out from the city.	661	
nahiya	Kowace nahiya a jihar nan tana da asibiti ɗaya kawai.	Every district in this state has just one hospital.	661	
nahiya	Jamaʼar wannan nahiya sun yi zanga-zanga saboda rashin ruwan sha.	The people of this district protested because there is no drinking water.	661	
tafsiri	Kowace safiya mahaifina yakan saurari tafsiri kafin ya tafi gona.	Every morning my father listens to the tafsir before he heads out to the farm.	662	
tafsiri	A watan azumi, jamaʼa suna cika masallaci don sauraron tafsiri.	During the fasting month people pack the mosque to hear the tafsir.	662	
tafsiri	Ban gane tafsiri sosai ba, don haka zan tambayi malam gobe.	I did not really follow the tafsir, so I will ask the teacher tomorrow.	662	
lale	Kafin mu fara wasa, Musa ya lale kati sau uku.	Before we started the game, Musa shuffled the cards three times.	663	
lale	Yara suna zaune a ƙarƙashin bishiya suna jiran Sani ya lale kati.	The children are sitting under the tree waiting for Sani to shuffle the cards.	663	
lale	Ka lale kati sosai don kada wani ya yi zargin magudi.	Shuffle the cards properly so that nobody accuses you of cheating.	663	
nafila	Bayan sallar ishaʼi, kakata takan yi nafila kafin ta kwanta.	After the isha prayer my grandmother prays nafl before she goes to bed.	664	
nafila	Mun isa masallaci da wuri, muka yi nafila kafin a yi kiran sallah.	We got to the mosque early and prayed nafl before the call to prayer went out.	664	
nafila	Ina jin daɗin yin nafila da dare fiye da kowace ibada.	I enjoy praying nafl at night more than any other act of worship.	664	
idda	Bayan mutuwar mijinta, tana zaman idda a gidan iyayenta.	Since her husband died she has been keeping her iddah at her parents' house.	665	
idda	Malaman addini sun bayyana cewa idda takan ɗauki wata huɗu da kwana goma.	The clerics explained that the iddah normally lasts four months and ten days.	665	
idda	Iyalinta suna damuwa domin ta gaji da zaman idda a gida.	Her family is worried, because she has grown weary of sitting out the iddah at home.	665	
wali	Sarki ya naɗa ɗan uwansa wali a bikin da aka yi jiya.	The emir installed his brother as vizier at the ceremony held yesterday.	666	
wali	Wali ya zauna a hannun dama na sarki lokacin da baƙi suka shigo.	The vizier sat at the emir's right hand as the guests came in.	666	
wali	Manoma sun kai ƙara wurin wali kafin su je fadar sarki.	The farmers took their complaint to the vizier before going on to the emir's palace.	666	
mugu	Karen maƙwabcinmu mugu ne, yana korar yara kowace safiya.	Our neighbour's dog is vicious; it chases the children every morning.	667	
mugu	Alƙali ya ce mutumin nan mugu ne, don haka ya yanke masa hukunci.	The judge said this man was wicked, and so passed sentence on him.	667	
mugu	Ban san cewa abokina mugu ne ba har sai da ya ci amanata.	I had no idea my friend was a bad man until he betrayed my trust.	667	
tsibiri	Mun haye kogi da jirgin ruwa kafin mu isa tsibiri.	We crossed the river by boat before we reached the island.	668	
tsibiri	Masunta sukan kwana a tsibiri idan kamun kifi ya yi yawa.	The fishermen stay overnight on the island whenever the catch is heavy.	668	
tsibiri	Ba na son zama a tsibiri saboda babu asibiti ko makaranta.	I would not want to live on an island, since there is neither a hospital nor a school.	668	
kolo	Maroƙi ya buga kolo har sai da mutane suka fara rawa.	The praise-singer beat the kolo drum until people got up and danced.	669	
kolo	Kakana ya koya mini yadda ake buga kolo tun ina ƙarami.	My grandfather taught me how to beat the kolo drum when I was still small.	669	
kolo	Sautin kolo yana ba ni farin ciki fiye da kowace irin ganga.	The sound of the kolo drum delights me more than any other kind of drum.	669	
jimla	Bayan mun ƙidaya kuɗin kasuwa, jimla ta kai naira dubu goma.	After we counted the market takings, the total came to ten thousand naira.	670	
jimla	Malamin lissafi ya nemi mu rubuta jimla a ƙarshen kowane shafi.	The maths teacher asked us to write the total at the bottom of every page.	670	
jimla	Na yi mamaki lokacin da jimla ta wuce kuɗin da nake da su.	I was taken aback when the total came to more than the money I had on me.	670	
halal	Kakata ba ta cin nama sai ta tabbatar cewa naman halal ne.	My grandmother won't eat meat until she has made sure it was slaughtered halal.	717	
halal	A kasuwar Kano, dillalai suna rantsuwa cewa ribar da suke samu halal ce.	In the Kano market the traders swear that the profit they make is lawful.	717	
halal	Na gwammace ƙaramin albashi na halal da dukiyar da aka sata.	I would rather have a small lawful wage than wealth somebody has stolen.	717	
tambari	Da aka buga tambari a fadar sarki, jama'a suka taru a ƙofar gida.	When the royal drum was beaten at the emir's palace, the crowd gathered at the gate.	718	
tambari	Duk shekara muna zuwa Zariya don mu ji tambari a ranar Sallah.	Every year we travel to Zaria to hear the royal drum on the day of Sallah.	718	
tambari	Amon tambari yana sa gashin jikina ya tashi a duk Sallah.	The boom of the royal drum makes my hair stand on end every Sallah.	718	
huhu	Likita ya ce hayaƙin taba ya lalata huhun kawuna a hankali.	The doctor said cigarette smoke had slowly ruined my uncle's lungs.	720	
huhu	Malamin ilmin halitta ya zana huhu a allo, yana bayanin numfashi.	The biology teacher drew a lung on the board while he explained breathing.	720	
huhu	Bayan na yi gudu zuwa makaranta, huhuna ya kusa fashewa da gajiya.	After I ran all the way to school my lungs were ready to burst.	720	
diyya	Alƙalin Shari'a ya umarci direban ya biya diyya ga iyalin marigayin.	The Sharia judge ordered the driver to pay blood money to the dead man's family.	722	
diyya	Dattawan ƙauye sun sayar da shanu don su biya diyyar da kotu ta yanke.	The village elders sold cattle to pay the blood money the court had set.	722	
diyya	Iyayen yaron sun ƙi karɓar diyya, domin kuɗi ba zai maido da ransa ba.	The boy's parents refused the blood money, because money will not bring his life back.	722	
larura	Ban sayar da gonar ba don son rai, larura ce ta tilasta mini.	I didn't sell the farm because I wanted to; it was necessity that forced me.	723	
larura	Direban ya ce ba ya tuƙi da dare sai in akwai larura.	The driver said he never drives at night unless there is an emergency.	723	
larura	A wurina, mota larura ce ga likitar ƙauye, ba wai alfarma ba.	To my mind a car is a necessity for a village doctor, not a luxury.	723	
damagaram	Mun sauka a Damagaram bayan tafiya ta kwana biyu daga Kano.	We stopped in Zinder after a two-day journey from Kano.	724	
damagaram	'Yan kasuwa daga Damagaram sukan kawo mana kayan lambu a kasuwar Jumma'a.	Traders from Zinder bring us vegetables to the Friday market.	724	
damagaram	Ban taɓa ganin bikin Sallah kamar wanda na gani a Damagaram ba.	I have never seen a Sallah festival like the one I saw in Zinder.	724	
kafur	Mahaifiyata takan zuba kafur a ruwan wanka don kwantar da ƙaiƙayi.	My mother puts camphor in the bathwater to calm the itching.	726	
kafur	A kasuwar Kurmi, mai ganye ya auna mini kafur kaɗan cikin takarda.	At Kurmi market the herb seller weighed me out a little camphor in a paper twist.	726	
kafur	Ƙamshin kafur yana tunatar da ni jana'izar kakata a Sakkwato.	The smell of camphor reminds me of my grandmother's funeral in Sokoto.	726	
igiya	Igiyar rijiya ta tsinke da rana, sai muka nemi sabuwa a kasuwa.	The well rope snapped in the middle of the day, so we went to the market for a new one.	727	
igiya	Malam ya ɗaure buhun gyaɗa da igiya kafin a ɗora shi a mota.	The man tied the sack of groundnuts with rope before it was loaded onto the lorry.	727	
igiya	Ka riƙe igiyar nan sosai, don kada ragon ya sake ɓacewa.	Hold this rope tight, so the ram doesn't go missing again.	727	
alfijir	Ina tashi kafin alfijir kowace rana don in yi alwala cikin nutsuwa.	I get up before dawn every day so I can wash for prayer unhurried.	728	
alfijir	Direbobin Sokoto sukan tashi da alfijir don su guji zafin rana.	The Sokoto drivers set out at dawn to escape the heat of the day.	728	
alfijir	Mun zauna muna addu'a har lokacin alfijir ya yi, sannan zazzaɓin ya sauka.	We sat there praying until dawn came, and then the fever broke.	728	
kafe	Baba ya kafe ƙusa a bango don ya rataya hoton kakanmu.	Father drove a nail into the wall so he could hang our grandfather's photograph.	729	
kafe	Ma'aikatan sun kafe sandunan tanti a ƙasa kafin guguwar yamma ta iso.	The workers fixed the tent poles firmly in the ground before the evening storm arrived.	729	
kafe	Ka kafe ƙugiyar ƙofa da kyau, ina tsoron kada barayi su shigo da dare.	Fasten the door hook properly; I'm afraid thieves may get in during the night.	729	
jahili	Kakana yakan ce mini cewa jahili ba ya sanin darajar littafi.	My grandfather always tells me that an unlettered man has no idea what a book is worth.	706	
jahili	Ya shiga makarantar dare don kada mutane su ci gaba da kiransa jahili.	He enrolled in the evening literacy class so that people would stop calling him an illiterate.	706	
jahili	Ya ɓata mini rai lokacin da ya kira ni jahili a gaban abokaina.	It cut me deeply when he called me an ignoramus in front of my friends.	706	
ramalan	A watan Ramalan, mahaifiyata takan tashi da ƙarfe huɗu ta dafa koko.	During Ramadan my mother gets up at four in the morning to cook the millet gruel.	707	
ramalan	Kasuwa takan cika da mutane kafin Ramalan, don kowa yana sayen dabino.	The market is packed in the days before Ramadan, because everybody is buying dates.	707	
ramalan	Ina jin daɗin Ramalan domin duk iyalina sukan haɗu wajen buɗa baki.	I love Ramadan because my whole family gathers together to break the fast.	707	
gaira	Ba gaira ba dalili, ƙaramin yaronmu ya fara kuka a tsakiyar dare.	For no reason whatsoever, our little boy started crying in the middle of the night.	708	
gaira	Shugaba ya kore shi daga aiki ba gaira ba dalili bayan shekaru goma.	The boss threw him out of the job without the slightest reason, after ten years there.	708	
gaira	Na ji haushi saboda ta daina yi mini magana ba gaira ba dalili.	It angers me that she stopped speaking to me without any reason at all.	708	
auduga	Manoman Katsina sun fara girbin auduga bayan ruwan sama ya daina sauka.	The Katsina farmers started the cotton harvest once the rains had stopped falling.	709	
auduga	Maʼaikaciyar asibiti ta tsabtace raunin ɗana da auduga kafin ta daure shi.	The nurse cleaned my son's wound with cotton wool before she bandaged it.	709	
auduga	Na fi son rigar auduga a lokacin rani, domin ba ta ɗaukar zafi.	I prefer a cotton gown in the hot season, because it does not hold the heat.	709	
rige	Yaran ƙauyen sukan yi rige har bakin kogi kowace safiya.	The village children race each other all the way down to the river every morning.	710	
rige	Direbobin manyan motoci sukan yi rige a hanya, har su jawo haɗari.	Lorry drivers race one another on the highway until they end up causing a crash.	710	
rige	Rige da abokina a karatu ya sa na tashi da ƙarfe biyar.	Competing with my friend over our schoolwork is what got me up at five o'clock.	710	
salama	Mun isa Kano cikin salama, duk da ruwan saman da ya kama mu.	We got to Kano safe and sound, despite the rain that caught us on the way.	711	
salama	Mahaifiyata takan yi mini adduʼar salama duk lokacin da zan yi tafiya.	My mother prays for my safety every single time I am about to travel.	711	
salama	Bayan shekaru na rikici, mutanen ƙauyen suna neman salama fiye da komai.	After years of conflict, the villagers want peace and safety more than anything else.	711	
gimbiya	Da gimbiya ta shiga zauren biki, sai kowa ya tashi tsaye.	When the princess walked into the wedding hall, everyone rose to their feet.	712	
gimbiya	Kakata takan ba mu labarin gimbiya da ta ƙi auren sarkin ƙasar waje.	My grandmother tells us the story of the princess who refused to marry a foreign king.	712	
gimbiya	Ita ba gimbiya ba ce, amma tana tafiya kamar ƴar sarki a kasuwa.	She is no princess, yet she walks through the market like an emir's daughter.	712	
lafazi	Kakana yakan gyara mini lafazi idan na yi karatun Alƙurʼani da yamma.	My grandfather corrects my pronunciation whenever I recite the Qur'an in the evening.	714	
lafazi	A gasar karatun Alƙurʼani, alƙalai suna ba da maki bisa lafazi da sauti.	In the Qur'an recitation contest, the judges award marks for pronunciation and for voice.	714	
lafazi	Ina shaʼawar lafazi mai kyau, shi ya sa nake sauraron labaran rediyo.	I admire clear, well-formed speech, and that is why I listen to the radio news.	714	
fasinja	Wani fasinja ya manta jakarsa a cikin motar, direba ya juyo da ita.	A passenger left his bag behind in the bus, and the driver turned back with it.	715	
fasinja	Direba ya ƙi tashi daga tashar har sai ya sami fasinja na ƙarshe.	The driver refused to pull out of the motor park until he had his last passenger.	715	
fasinja	Ba na son zama kusa da fasinja mai hayaniya a doguwar tafiya.	I hate having to sit next to a noisy passenger on a long journey.	715	
bori	A ƙauyenmu, ana yin bori a filin sarki bayan an gama girbi.	In our village the bori rite is performed in the chief's square once the harvest is in.	716	
bori	Masu kiɗan bori sun buga ganga har mutane suka cika filin da dare.	The bori drummers played on until the crowd had filled the square that night.	716	
bori	Kakana bai yarda da bori ba, amma yana girmama tsofaffin alʼadunmu.	My grandfather puts no faith in bori, but he still respects our old customs.	716	
batta	Kakana yakan ajiye taba a cikin battarsa ta fata kowace rana.	My grandfather keeps his tobacco in his leather pouch every single day.	751	
batta	Wani dattijo ya sayar mini da batta a kasuwar Kano jiya.	An old man sold me a leather pouch at the Kano market yesterday.	751	
batta	Ban taɓa ganin batta mai kyau kamar wadda maƙwabcina ya saya ba.	I have never seen a pouch as fine as the one my neighbour bought.	751	
ton	Babbar mota ta ɗauko ton ɗaya na shinkafa daga Kano zuwa Kaduna.	A big lorry brought a ton of rice from Kano down to Kaduna.	752	
ton	Manoman ƙauyenmu sun girbe fiye da ton ɗaya na gyaɗa bana.	The farmers in our village harvested more than a ton of groundnuts this year.	752	
ton	Na yi mamaki lokacin da suka ce jirgin ƙasa ya ɗauki ton ɗaya kawai.	I was astonished when they said the train had carried only one ton.	752	
siga	Malamin ya nuna mana sigar aikatau a kan allo kafin mu fara rubutu.	The teacher showed us the verb form on the board before we began writing.	753	
siga	Sigar takardar neman aiki ta canja, don haka na sake rubuta komai.	The format of the job application has changed, so I had to write the whole thing again.	753	
siga	Ina son sigar wannan ginin, ya bambanta da sauran gidajen unguwarmu.	I like the shape of this building; it is unlike the other houses in our neighbourhood.	753	
sura	Kakata takan karanta sura ɗaya bayan sallar magariba kowace yamma.	My grandmother reads one sura after the sunset prayer every evening.	754	
sura	A watan Ramadan limaminmu yakan karanta doguwar sura a sallar tarawihi.	During Ramadan our imam recites a long sura at the tarawih prayer.	754	
sura	Ban iya haddar wannan sura ba tukuna, kuma malam zai tambaye ni gobe.	I still cannot recite this sura by heart, and the teacher will test me tomorrow.	754	
kufai	Mun wuce wani tsohon kufai a hanyar zuwa ƙauyen kakana.	We passed the ruins of an old abandoned town on the road to my grandfather's village.	755	
kufai	Manoma sun bar ƙauyen saboda ambaliya, yanzu wurin ya zama kufai.	The farmers left the village because of the flood, and now the place is a ruin.	755	
kufai	Ganin kufai na gidan kakanninmu yakan sa ni baƙin ciki.	Seeing the ruins of our grandparents' house always makes me sad.	755	
ragama	Yaron ya kama ragamar jaki ya kai shi rijiyar ƙauye da safe.	The boy took hold of the donkey's halter and led it to the village well in the morning.	756	
ragama	Ragamar doki ta tsinke a kasuwa, sai dokin ya gudu cikin taro.	The horse's halter snapped in the market, and the horse bolted into the crowd.	756	
ragama	Kada ka saki ragama, in ba haka ba shanun za su shiga gonar.	Don't let go of the halter, or the cattle will get into the farm.	756	
dokta	Dokta Aisha za ta gabatar da bincikenta a jamiʼar Bayero gobe.	Dr Aisha will present her research at Bayero University tomorrow.	758	
dokta	Ɗalibai suna jiran Dokta Musa a ƙofar ofishinsa tun da sassafe.	The students have been waiting for Dr Musa at his office door since early morning.	758	
dokta	Bayan shekaru bakwai na karatu, yanzu kowa yana kiransa Dokta.	After seven years of study, everyone now calls him Doctor.	758	
makero	Ƙaramin yaron yana da makero a kansa, don haka mahaifiyarsa ta aske gashinsa.	The little boy has ringworm on his head, so his mother shaved off his hair.	760	
makero	Likita ya ce makero yana yaɗuwa cikin sauƙi idan yara suna raba hula.	The doctor said ringworm spreads easily when children share caps.	760	
makero	Ina jin kunyar cire hula a makaranta tun da makero bai warke ba.	I am ashamed to take my cap off at school because the ringworm has not healed.	760	
almajiri	Almajiri ya zo ƙofarmu da ƙwarya yana neman abinci da rana.	An almajiri came to our door with his bowl at midday asking for food.	762	
almajiri	Malamin ya aiki almajiri ya kawo ruwan sha daga rijiyar unguwar.	The Quranic teacher sent a pupil to fetch drinking water from the neighbourhood well.	762	
almajiri	Ina tausayin kowane almajiri da nake gani yana kwana a kasuwa.	I pity every almajiri I see sleeping out in the market.	762	
attajiri	Wani attajiri ya sayi duk shinkafar da mahaifina ya kawo kasuwa.	A wealthy man bought all the rice my father had brought to the market.	765	
attajiri	Ya yi shekaru ashirin yana sanaʼa kafin ya zama attajiri a Kano.	He worked at his trade for twenty years before he became a rich man in Kano.	765	
attajiri	Ba kowane attajiri ne yake taimakon talakawan unguwarsa ba, abin takaici ne.	Not every rich man helps the poor of his own neighbourhood, and that is a shame.	765	
galadima	A ranar Sallah, galadima ya hau doki a hannun daman sarki.	On Sallah day the galadima rode on horseback at the emir's right hand.	730	
galadima	Mahaifina yakan kai ƙarar makwabtansa wurin galadima maimakon ya je kotu.	My father takes his quarrels with the neighbours to the galadima instead of going to court.	730	
galadima	Ba na jin galadima zai amince da shirin da ʼyan kasuwa suka kawo.	I don't think the galadima will approve the plan the traders have brought.	730	
tsintsiya	Kowace safiya mahaifiyata takan share farfajiya da tsintsiya kafin mu farka.	Every morning my mother sweeps the compound with a broom before we wake up.	731	
tsintsiya	Zan sayi sabuwar tsintsiya a kasuwa saboda tsohuwar tamu ta karye jiya.	I'll buy a new broom at the market, because our old one broke yesterday.	731	
tsintsiya	Yara sun ɓoye tsintsiya don kada a sa su share ajin.	The children hid the broom so nobody would make them sweep the classroom.	731	
tauhidi	Malamin yana koyar da tauhidi kowace Asabar a ƙarƙashin bishiyar masallaci.	The teacher teaches tawhid every Saturday under the tree in the mosque yard.	732	
tauhidi	A makarantar allo mun haddace tauhidi tun kafin mu iya rubutu.	At Qur'anic school we had memorised tawhid before we could even write.	732	
tauhidi	Ban fahimci tauhidi sosai ba tukuna, amma ina karatu kowane dare.	I still don't properly understand tawhid, but I study it every night.	732	
sujjada	Yaron ya yi sujjada mai tsawo har limamin ya jira shi.	The boy's prostration went on so long that the imam had to wait for him.	734	
sujjada	Malam zai koya muku yadda ake yin sujjada kafin sallar magariba.	The teacher will show you how the prostration is done before the maghrib prayer.	734	
sujjada	Cikin sujjada kaɗai nake samun natsuwa bayan duk damuwar yini.	It is only in prostration that I find any calm after the whole day's worries.	734	
bahasi	Gwamnati za ta kafa kwamiti domin yin bahasi kan asarar kuɗin makarantar.	The government will set up a committee to hold an inquiry into the school's missing money.	735	
bahasi	Bayan dogon bahasi tsakanin malamai, sai suka amince da shawarar ɗalibin.	After a long debate among the teachers, they came round to the student's suggestion.	735	
bahasi	Wannan bahasi bai gamsar da iyayen ɗaliban ba ko kaɗan.	This inquiry did not satisfy the students' parents in the slightest.	735	
tubali	Mahaifina yakan gyara katangar gidanmu da tubali duk bayan damina.	My father repairs our compound wall with bricks after every rainy season.	736	
tubali	Masu ginin suna jera tubali a gefen hanya suna jiran motar siminti.	The builders are stacking bricks by the roadside while they wait for the cement lorry.	736	
tubali	Ruwan sama ya narkar da tubali kafin mu ɗora rufin, aikinmu ya ɓaci.	The rain dissolved the bricks before we got the roof on, and our work was ruined.	736	
farce	Yayata takan yanke min farce duk Jumaʼa kafin mu tafi wurin kakarmu.	My older sister cuts my fingernails every Friday before we go to our grandmother's.	737	
farce	Likita ya ce farce mai tsawo yana ɗauke da ƙwayoyin cuta.	The doctor said that long fingernails carry germs.	737	
farce	Na karya farce yayin da nake ɗaga buhun shinkafa, har yanzu yana ciwo.	I broke a fingernail while lifting the sack of rice, and it still hurts.	737	
wasiyya	Kakana ya bar wasiyya cewa a raba gonarsa tsakanin ʼyaʼyansa huɗu.	My grandfather left a will saying his farm should be divided among his four children.	738	
wasiyya	Alƙali zai karanta wasiyya a gaban dangi duka ranar Talata mai zuwa.	The judge will read the will in front of the whole family next Tuesday.	738	
wasiyya	Ba tare da wasiyya ba, ʼyanʼuwa sukan yi faɗa kan gadon mamaci.	Without a will, siblings usually end up quarrelling over the dead man's inheritance.	738	
turba	Nakan bi turba mai kunci zuwa gonarmu kafin rana ta yi zafi.	I take the narrow path down to our farm before the sun gets hot.	739	
turba	Ruwan sama ya lalata turba, don haka babu motar da ta shiga ƙauyen.	The rain wrecked the track, so no vehicle managed to get into the village.	739	
turba	Ina son turba da ke ratsa gonaki fiye da babbar hanyar mota.	I like the path that cuts through the farms better than the main motor road.	739	
gobir	Malamin tarihi ya ce Gobir tana daga cikin ƙasashen Hausa bakwai na asali.	The history teacher said Gobir is one of the seven original Hausa states.	740	
gobir	Muna kan hanyar zuwa bikin naɗin Sarkin Gobir sai motarmu ta lalace.	We were on our way to the turbaning of the Emir of Gobir when our car broke down.	740	
gobir	Kakana yakan yi fahariya da cewa kakanninmu mayaƙan Gobir ne a zamanin baya.	My grandfather likes to boast that our forefathers were the warriors of Gobir in the old days.	740	
raki	Duk lokacin da wuta ta tafi, ƙanena yakan yi raki ya ƙi fita waje.	Whenever the power goes out, my little brother turns coward and refuses to step outside.	741	
raki	Malamin ya ce raki ne ya hana ni yin tambaya a gaban ajin.	The teacher said it was cowardice that stopped me from asking a question in front of the class.	741	
raki	Ba na son raki, gara ka faɗi gaskiya ko da za ka sha wahala.	I have no time for cowardice; better to tell the truth even if it costs you.	741	
misira	Kawuna ya kwashe shekaru bakwai yana karatu a Misira, yanzu ya dawo Kano.	My uncle spent seven years studying in Egypt, and now he has come back to Kano.	742	
misira	Mahaifina yakan sayo tufafi daga Misira ya kawo kasuwar Kurmi kowace shekara.	My father buys clothes in Egypt every year and brings them to Kurmi market.	742	
misira	Ban taɓa zuwa Misira ba, amma ina fatan in ziyarci tsofaffin gine-ginenta wata rana.	I have never been to Egypt, but I hope to visit its ancient buildings one day.	742	
kamin	Kamin mu fita zuwa gona, mahaifiyata takan dafa koko da ƙosai.	Before we set out for the farm, my mother usually makes koko and bean cakes.	743	
kamin	Direban bai tashi daga tasha ba kamin motar ta cika da fasinjoji.	The driver would not leave the station before the vehicle had filled up with passengers.	743	
kamin	Ina tsoron kada damina ta shigo kamin mu gama rufe ɗakin.	I am afraid the rains will arrive before we finish putting the roof on the room.	743	
kabewa	Mahaifiyata ta dafa miyar kabewa da nama, sai muka ci ta da tuwo.	My mother cooked pumpkin stew with meat, and then we ate it with tuwo.	744	
kabewa	A kasuwar Dawanau, mata suna sayar da kabewa mai girma kan naira ɗari biyar.	At Dawanau market the women sell big pumpkins for five hundred naira each.	744	
kabewa	Ba na son kabewa sam, amma ƙanwata takan ce ita ce mafi daɗi.	I don't like pumpkin at all, but my younger sister insists it is the tastiest thing there is.	744	
muharram	A watan Muharram kakana yakan yi azumi, yana cewa ladansa yana da yawa.	In the month of Muharram my grandfather fasts, saying the reward for it is great.	745	
muharram	Liman ya tunatar da mu cewa Ashura tana zuwa goma ga watan Muharram.	The imam reminded us that Ashura falls on the tenth of Muharram.	745	
muharram	Watan Muharram ne ke buɗe sabuwar shekarar musulunci, don haka muna girmama shi.	Muharram is the month that opens the new Islamic year, which is why we hold it in such regard.	745	
rahusa	Bayan girbi, hatsi yakan yi rahusa a kasuwarmu, sai mu sayi buhu biyu.	After the harvest grain goes cheap in our market, so we buy two sacks of it.	746	
rahusa	Ta zaɓi wannan kanti saboda kayansa suna da rahusa, ko da yana da nisa.	She chose that shop because its goods are cheap, even though it is a long walk away.	746	
rahusa	Farashin wayar ya yi rahusa har na ji tsoro, ina ganin jabu ce.	The phone was so cheap it made me uneasy; I think the thing is a fake.	746	
harsashi	Mafarauci ya cika bindigarsa da harsashi, sannan ya nufi dajin da sassafe.	The hunter loaded his gun with bullets and then headed into the bush at first light.	747	
harsashi	Gwamna ya kafa harsashin ginin sabon asibiti a gaban mutanen garin duka.	The governor laid the foundation stone of the new hospital in front of the whole town.	747	
harsashi	Harsashi ɗaya kaɗai ya isa ya kawo baƙin ciki ga iyali gaba ɗaya.	A single bullet is enough to bring grief to an entire family.	747	
maru	Motarmu ta lalace a Maru, sai muka kwana a masaukin baƙi.	Our car broke down in Maru, so we spent the night at a guesthouse.	748	
maru	Abokina yana koyar da lissafi a wata makarantar sakandare da ke Maru.	My friend teaches mathematics at a secondary school in Maru.	748	
maru	Kasuwar Maru takan cika da shanu da awaki, ina son hayaniyarta ƙwarai.	Maru market fills up with cattle and goats, and I love the noise of the place.	748	
aljani	Kakata takan ba mu labarin aljani da yake zaune ƙarƙashin babbar bishiyar.	My grandmother used to tell us the story of a jinn that lived under the big tree.	749	
aljani	Mutanen ƙauyen sun yi imani cewa aljani ne ke hana ruwan rijiyar fitowa.	The villagers believe it is a jinn that is keeping the water from rising in the well.	749	
aljani	Ban yarda da maganar aljani ba; ina ganin ɓarawo ne ya ɗauki kuɗin.	I don't believe this talk of a jinn; I reckon it was a thief who took the money.	749	
mahawara	Mahawara ta ɓarke tsakanin ni da ƙanena kan wa zai wanke tukwane.	An argument broke out between me and my younger brother over who would wash the pots.	750	
mahawara	Ɗalibai sun yi mahawara mai zafi kan ko ya kamata a haramta shan taba.	The students held a heated debate on whether smoking ought to be banned.	750	
mahawara	Ban ji daɗin yadda mahawara ta gudana ba, kowa yana ihu, babu mai sauraro.	I did not like the way the discussion went: everyone was shouting and nobody was listening.	750	
mujaddadi	Kakana yakan ba mu labarin mujaddadi duk daren Juma'a a gidan ƙauye.	My grandfather tells us the story of the great reformer every Thursday night at the village house.	781	
mujaddadi	Malamin ya ce Shehu Usman ɗan Fodiyo mujaddadi ne a ƙarninsa.	The teacher said that Shehu Usman dan Fodio was a religious reformer in his own century.	781	
mujaddadi	Ba kowane malami ne mujaddadi ba, ko da yana da mabiya dubbai.	Not every preacher is a reformer, even if he has thousands of followers.	781	
funtuwa	Kowace Talata mahaifiyata takan sayi auduga mai arha a kasuwar Funtuwa.	Every Tuesday my mother buys cheap cotton at the market in Funtua.	783	
funtuwa	Motarmu ta lalace a hanya kafin mu isa Funtuwa da tsakar dare.	Our car broke down on the road before we reached Funtua at midnight.	783	
funtuwa	Na fi son zama a Funtuwa fiye da Kaduna; mutanenta ba sa gaggawa.	I would rather live in Funtua than in Kaduna; its people are never in a hurry.	783	
alatu	A gidanmu, cin nama kowace rana alatu ne, ba al'ada ba.	In our house, eating meat every single day is a luxury, not a habit.	784	
alatu	Tun da ya sami aiki a banki, sai ya fara sayen kayan alatu.	Ever since he got a job at the bank, he has started buying luxury goods.	784	
alatu	Mahaifina yakan ce duk wani alatu yana kawo bashi a ƙarshe.	My father always says that every luxury ends up bringing debt with it.	784	
murhu	Kafin gari ya waye, kakata ta hura wuta a murhu, ta dafa koko.	Before daybreak my grandmother blew the fire alive in the hearth and cooked porridge.	785	
murhu	Mata sun zauna kewaye da murhu suna soya kosai har dare ya yi.	The women sat around the hearth frying bean cakes until night had fallen.	785	
murhu	Abincin murhu ya fi na gas daɗi, ko da yana ɗaukar lokaci.	Food cooked over the hearth stones tastes better than gas-cooked food, even if it takes longer.	785	
barno	Mun sayi buhun dabino daga Barno, ya ishe mu duk watan azumi.	We bought a sack of dates from Borno, and it lasted us the whole of Ramadan.	786	
barno	Yayana yana koyarwa a wata makaranta a Barno tun bara.	My elder brother has been teaching at a school in Borno since last year.	786	
barno	Ban taɓa zuwa Barno ba, amma ina fatan in ga Tafkin Chadi wata rana.	I have never been to Borno, but I hope to see Lake Chad there one day.	786	
kurma	Ɗan uwana kurma ne, don haka muka koyi harshen kurame tun muna yara.	My brother is deaf, so we learned sign language back when we were children.	787	
kurma	A wurin aiki muna rubuta wa abokinmu kurma saƙo a takarda.	At work we write our deaf colleague messages down on paper.	787	
kurma	Kurma ba wawa ba ne; sai ka ba shi lokaci ya fahimce ka.	A deaf person is not a fool; you simply have to give him time to understand you.	787	
oga	Oga ya ce mu gama rahoton kafin ya dawo daga Legas.	The boss told us to finish the report before he gets back from Lagos.	788	
oga	Direban tasi ya kira ni oga don ya ƙara kuɗin mota.	The taxi driver called me boss just so he could raise the fare.	788	
oga	Ba na son oga da yake tsawa a gaban duk ma'aikatansa.	I cannot stand a boss who shouts at you in front of all his staff.	788	
linzami	Mahayin ya ja linzami, sai dokin ya tsaya kusa da rijiya.	The rider pulled on the bridle and the horse stopped beside the well.	789	
linzami	A ranar Sallah, mun goge sirdi da linzami kafin hawan gari.	On Sallah day we polished the saddle and the bridle before the durbar ride.	789	
linzami	Maɗinkin ya ɗauki mako guda yana ɗinka linzami a wuyar sabuwar rigata.	The tailor spent a whole week stitching the triangular embroidery at the neck of my new gown.	789	
marhabin	Kakata ta buɗe ƙofa tana cewa marhabin, ku shigo ku huta.	My grandmother opened the door saying, welcome, come in and rest.	790	
marhabin	Marhabin da zuwa! Mun daɗe muna jiran ku tun bayan sallar magariba.	Welcome! We have been waiting for you ever since the sunset prayer.	790	
marhabin	A garinmu, ana ce wa baƙo marhabin ko da ba a san shi ba.	In our town a stranger is told welcome even when nobody there knows him.	790	
lasisi	Ɗan sanda ya tsayar da mu, ya nemi mahaifina ya nuna lasisi.	A policeman stopped us and asked my father to show his driving licence.	791	
lasisi	Ba za a bar ka ka buɗe shago ba sai ka biya kuɗin lasisi.	They will not let you open a shop until you have paid the licence fee.	791	
lasisi	Na koyi tuƙi tun ina ƙarami, amma har yanzu ban sami lasisi ba.	I learned to drive when I was still a boy, but I still have no licence.	791	
baffa	Baffa ya kawo mana buhun gero daga gona jiya, mahaifiyata ta yi godiya.	Uncle brought us a sack of millet from the farm yesterday, and my mother thanked him.	792	
baffa	Baffana ne ya biya kuɗin makarantar ƙanena bayan mahaifinmu ya rasu.	It was my paternal uncle who paid my younger brother's school fees after our father died.	792	
baffa	Ina son baffana domin yakan ba ni shawara duk lokacin da na shiga matsala.	I love my paternal uncle, because he gives me advice whenever I land in trouble.	792	
ambaliya	Ambaliyar ruwa ta shiga gidanmu, sai muka kwana a makarantar firamare.	The flood water got into our house, so we spent the night at the primary school.	796	
ambaliya	Manoman ƙauyen sun rasa gonakinsu bayan ambaliya ta lalata shinkafar da suka shuka.	The village farmers lost their fields after the flood destroyed the rice they had planted.	796	
ambaliya	Ina tsoron ambaliya a duk shekara, domin gidanmu yana gefen kogi.	I dread the flooding every single year, because our house stands right beside the river.	796	
sham	Malamin makaranta ya nuna mana inda Sham take a taswirar duniya.	The schoolteacher showed us where Syria lies on the map of the world.	797	
sham	Kakana ya yi shekara uku yana karatun Larabci a ƙasar Sham.	My grandfather spent three years studying Arabic in Syria.	797	
sham	Duk lokacin da na ji labarin yaƙin Sham a rediyo, zuciyata takan yi nauyi.	Whenever I hear news of the war in Syria on the radio, my heart grows heavy.	797	
kawu	Kawu ya zo da naman rago ranar Sallah, muka gasa shi tare.	Uncle turned up with mutton on Sallah day, and we grilled it together.	798	
kawu	Na tafi Kaduna domin in taimaka wa kawuna a shagon kayan gini.	I travelled to Kaduna to help my maternal uncle in his building-materials shop.	798	
kawu	Kawuna ne kaɗai ke tunawa da ranar haihuwata, hakan yakan faranta min rai.	My maternal uncle is the only one who remembers my birthday, and that always lifts my spirits.	798	
sadau	Sadau ta ci jarrabawar shiga kwaleji, saboda haka mahaifinta ya kashe rago.	Sadau passed the college entrance exam, so her father slaughtered a ram.	799	
sadau	Kowace safiya Sadau takan tafi kasuwa ta sayo wa kakarta kayan miya.	Every morning Sadau goes to the market to buy soup ingredients for her grandmother.	799	
sadau	Har yanzu ina tunawa da waƙar da Sadau ta rera a bikin ƙawarta.	I still remember the song Sadau sang at her friend's wedding.	799	
lalo	Mahaifiyata tana dafa miyar lalo da kifi, ƙamshinta ya cika gidan duka.	My mother is cooking jute-leaf soup with fish, and the smell has filled the whole house.	800	
lalo	Mata suna sayar da lalo bushasshe a kasuwar Dala duk ranar Litinin.	Women sell dried jute leaves at Dala market every Monday.	800	
lalo	Ban taɓa son miyar lalo ba tun ina yaro, amma yau na gama farantina.	I never liked jute soup as a child, but today I finished my whole plate.	800	
sahur	Mahaifiyata takan tashe mu da ƙarfe uku don mu ci sahur tare.	My mother wakes us at three in the morning so that we can eat suhur together.	801	
sahur	Bayan mun gama sahur, sai muka zauna muna jiran sallar asuba a masallaci.	Once we had finished suhur, we sat waiting for the dawn prayer at the mosque.	801	
sahur	Na rasa sahur saboda barci, don haka azumin yau ya yi mini wuya.	I missed suhur because I overslept, so today's fast has been hard on me.	801	
diflomasiyya	Ministan harkokin waje ya ce diflomasiyya ce kaɗai za ta kawo ƙarshen yaƙin.	The foreign minister said that only diplomacy will bring the war to an end.	802	
diflomasiyya	Ƙanwata tana karatun diflomasiyya, tana burin zama jakadar Najeriya a Masar.	My younger sister is studying diplomacy; she hopes to become Nigeria's ambassador in Egypt.	802	
diflomasiyya	A ganina, diflomasiyya ta fi faɗa amfani wajen warware rikicin manoma da makiyaya.	To my mind, diplomacy works better than fighting for settling disputes between farmers and herders.	802	
lemo	Na saya wa yara lemo mai sanyi bayan sun dawo daga makaranta.	I bought the children a cold soft drink after they got back from school.	803	
lemo	A kasuwar Wudil ana sayar da lemo goma kan naira ɗari biyu.	At Wudil market they sell ten oranges for two hundred naira.	803	
lemo	Lemo ɗin da na sha jiya ya yi tsami, har na zubar da shi.	The orange drink I had yesterday was so sour that I ended up pouring it away.	803	
izni	Ban sami izni daga shugaban makaranta ba, don haka ban halarci wasan ba.	I did not get permission from the headmaster, so I missed the match.	804	
izni	Yaron ya nemi izni a wurin mahaifinsa kafin ya tafi biki a Kaduna.	The boy asked his father's permission before going off to a wedding in Kaduna.	804	
izni	Kada ka shiga ɗakina ba tare da izni ba, hakan yana ɓata mini rai.	Don't come into my room without permission; it really upsets me.	804	
asubahi	Mahaifina yakan tashe ni da asubahi domin mu tafi masallaci tare.	My father wakes me at dawn so that we can walk to the mosque together.	766	
asubahi	Ladan ya yi kiran asubahi, sai duk unguwar ta farka daga barci.	The muezzin gave the call for the dawn prayer, and the whole neighbourhood woke up.	766	
asubahi	Sanyin damina yana da wuya, amma natsuwar sallar asubahi tana faranta mini rai.	The rainy-season cold is hard to bear, but the stillness of the dawn prayer lifts my heart.	766	
binuwai	Kakana yana kamun kifi a Kogin Binuwai tun kafin a haifi mahaifina.	My grandfather has been fishing in the Benue River since before my father was born.	767	
binuwai	Manoman Jihar Binuwai sun kai buhunan doya kasuwar Makurdi da safe.	Farmers from Benue State took sacks of yam to the Makurdi market early in the morning.	767	
binuwai	Ambaliyar Binuwai ta ruguza gonakinmu bara, har yanzu ba mu farfaɗo ba.	The Benue flood wrecked our farms last year, and we still haven't recovered.	767	
sharif	A garinmu, kowa yana girmama tsohon nan don sharif ne daga zuriyar Annabi.	In our town everyone respects that old man, because he is a sharif descended from the Prophet.	768	
sharif	Kakata ta ce mini kakanta sharif ne, wanda ya zo daga Makka.	My grandmother told me that her own grandfather was a sharif who came from Mecca.	768	
sharif	Ba na son yadda wasu ke ɗaukar kansu sharif don neman girma.	I hate the way some people pass themselves off as sharifs just to be looked up to.	768	
rairayi	Mahaifiyata ta zuba rairayi a bakin ƙofa domin kada ruwa ya shiga ɗaki.	My mother poured fine sand along the doorway so the rain wouldn't run into the room.	769	
rairayi	Magina sun haɗa rairayi da siminti kafin su fara ginin bangon makaranta.	The builders mixed sand with cement before they started on the school wall.	769	
rairayi	Ban ji daɗin zama a bakin kogi ba, don rairayi ya shiga cikin abincinmu.	I didn't enjoy sitting by the river, because the fine sand got into our food.	769	
arabiyya	Ɗana yana koyon arabiyya a makarantar allo kowace yamma bayan sallar laʼasar.	My son studies Arabic at the Qurʼanic school every evening after the afternoon prayer.	770	
arabiyya	Malamin ya rubuta jimloli da arabiyya a allo, sai ɗalibai suka kwafa.	The teacher wrote sentences in Arabic on the board, and the students copied them down.	770	
arabiyya	Ina jin kunya idan baƙi suka yi magana da arabiyya, don ban iya ba.	I get embarrassed when guests speak to me in Arabic, because I can't manage it.	770	
birgediya	Birgediya Janar ya ziyarci sansanin sojoji da ke Maiduguri, ya yaba musu.	The brigadier general visited the army camp at Maiduguri and praised the soldiers there.	773	
birgediya	Ɗan uwana ya zama birgediya bayan shekara talatin, sai muka yi babban biki.	My brother made brigadier after thirty years of service, so we threw a huge celebration.	773	
birgediya	Mun ji daɗi lokacin da birgediya ya sauƙaƙa dokar hana fita a garinmu.	We were relieved when the brigadier eased the curfew in our town.	773	
hakimi	Gobe hakimi zai kira taro a fada domin a sasanta manoma da makiyaya.	Tomorrow the district head will call a meeting at the palace to reconcile the farmers and the herders.	774	
hakimi	Mahaifina ya kai ƙararsa gaban hakimi bayan maƙwabci ya ƙwace masa gona.	My father took his complaint before the district head after a neighbour seized his farmland.	774	
hakimi	Ina girmama hakimi saboda yakan saurari talakawa kafin ya yanke hukunci.	I respect the district head because he hears the ordinary people out before passing judgement.	774	
dambe	A ranar Sallah, matasa sun taru a filin dambe suna bugun ganga.	On Sallah day the young men gathered at the dambe ground, drumming as they went.	775	
dambe	Kakana ya yi dambe tun yana ƙarami, har hannunsa ya karye sau biyu.	My grandfather boxed dambe from boyhood on, until he had broken his hand twice.	775	
dambe	Mahaifiyata ba ta son dambe, tana cewa wasa ne mai haɗari ga yara.	My mother doesn't like dambe; she says it's a dangerous sport for children.	775	
tsundum	Guga ya kubce mini a rijiya, sai na ji tsundum a ƙasan ruwa.	The bucket slipped out of my hands at the well, and I heard the plop far down in the water.	779	
tsundum	Yara suna wasa a bakin kogi, suna jefa duwatsu su ji tsundum.	The children are playing at the riverbank, throwing stones just to hear the plop.	779	
tsundum	Na tsorata sosai lokacin da wayata ta yi tsundum cikin bahon wanka.	I was terrified when my phone went plop into the washing basin.	779	
muradi	Bayan sallah, kakata takan roƙi Allah ya biya mana muradi.	After the prayer my grandmother always asks God to grant us our heart's desire.	780	
muradi	Kowane ɗalibi yana da muradi, amma ba kowa ne yake cimma nasa ba.	Every student has an ambition, but not everyone gets to reach his own.	780	
muradi	Muradi ɗaya nake da shi, wato in ga ƙanwata ta gama jamiʼa.	I have just one wish: to see my little sister finish university.	780	
kanti	Na je kanti da safe don in sayi sabulu, amma ya rufe.	I went to the shop first thing this morning to buy soap, but it was shut.	839	
kanti	Mahaifina yana da kanti a kasuwar Kurmi inda yake sayar da yadi.	My father runs a shop in Kurmi market where he sells cloth.	839	
kanti	Ba na son kantin nan domin mai shi yakan ƙara wa baƙi farashi.	I don't like that shop, because the owner always charges strangers more.	839	
mazauni	Bayan da muka yi aure, mun sami mazauni kusa da gidan kakata.	After we got married, we found a place to live near my grandmother's house.	840	
mazauni	A ofishin ƙidayar jamaʼa, sun tambaye ni sunana da kuma mazaunina.	At the census office they asked me for my name and my place of residence.	840	
mazauni	Tsohon nan ba ya son barin mazauninsa duk da cewa rufin ya tsufa.	That old man refuses to leave his dwelling, even though the roof is falling apart.	840	
tabarma	Kakata ta shimfiɗa tabarma a ƙarƙashin bishiyar mangwaro kafin baƙi su zo.	My grandmother spread a mat under the mango tree before the guests arrived.	842	
tabarma	A masallaci, mun zauna a kan tabarma muna jiran limamin ya zo.	In the mosque we sat on the mat, waiting for the imam to arrive.	842	
tabarma	Tabarmar da mahaifiyata ta saƙa tana da daɗin kwanciya fiye da katifa.	The mat my mother wove is more comfortable to lie on than a mattress.	842	
lacca	Na yi barci a tsakiyar laccar tarihi domin jiya ban huta ba.	I fell asleep in the middle of the history lecture because I got no rest yesterday.	843	
lacca	Farfesan ya jinkirta laccar safe har zuwa Litinin saboda taron malamai.	The professor pushed the morning lecture back to Monday because of the staff meeting.	843	
lacca	Laccar da muka ji jiya ta fi kowace daɗi a wannan zangon.	Yesterday's lecture was the most enjoyable one we've had all term.	843	
duma	Mun dasa duma a bayan gida, yanzu ganyensa ya rufe katangar.	We planted a gourd behind the house, and now its leaves have covered the whole wall.	844	
duma	Mahaifiyata ta sayi duma biyu a kasuwa don ta dafa miya da yamma.	My mother bought two gourds at the market so she could cook soup that evening.	844	
duma	Ina son miyar duma fiye da kowace miya da mahaifiyata takan dafa.	I like gourd soup better than any other soup my mother makes.	844	
fes	Ta wanke ƙasan ɗakin har ya yi fes kafin baƙi su iso.	She scrubbed the floor of the room until it was spotless before the guests turned up.	846	
fes	Ranar Sallah, mahaifina ya sa riga fara fes ya tafi masallaci.	On the day of the festival my father put on a snow-white gown and went to the mosque.	846	
fes	Ina son yadda mahaifiyata take wanke tukwane har su yi fes kowace safiya.	I love the way my mother scours the pots until they gleam every single morning.	846	
nas	Nas ɗin ta auna zafin jikin yaron kafin likita ya shigo ɗakin.	The nurse took the boy's temperature before the doctor came into the room.	847	
nas	Ƙanwata tana karatun aikin nas a jamiʼar Bayero tun bara.	My younger sister has been studying nursing at Bayero University since last year.	847	
nas	Nas ɗin da ta kula da ni a asibiti tana da haƙuri ƙwarai.	The nurse who looked after me in hospital was extraordinarily patient.	847	
kafiri	Malamin ya gargaɗe mu kada mu kira wani kafiri saboda bambancin addini.	Our teacher warned us never to call anyone an unbeliever just because his religion differs.	848	
kafiri	A cikin littafin tarihi, an yi bayanin yadda ake amfani da kalmar kafiri.	The history book explains how the word for unbeliever came to be used.	848	
kafiri	Ban ji daɗi ba lokacin da ya kira maƙwabcinmu kafiri a gaban kowa.	I felt terrible when he called our neighbour an unbeliever in front of everybody.	848	
bici	Mun hau mota da safe zuwa Bici, amma hanya ta cika da cunkoso.	We caught a car to Bichi in the morning, but the road was jammed with traffic.	849	
bici	Kakana yana da gona a Bici inda yake noman gyaɗa duk shekara.	My grandfather has a farm in Bichi where he grows groundnuts every year.	849	
bici	Kasuwar Bici ta fi ta Kano nutsuwa, shi ya sa nake son zuwa.	Bichi market is calmer than the one in Kano, and that's why I like going there.	849	
farilla	Sallar asuba farilla ce, don haka kakana yakan tashi kafin alfijir.	The dawn prayer is an obligation, so my grandfather always gets up before first light.	850	
farilla	Malam ya bayyana mana bambanci tsakanin farilla da sunna a darasin jiya.	In yesterday's lesson the teacher explained to us the difference between an obligation and a recommended act.	850	
farilla	Ban san cewa azumin Ramadan farilla ce ba sai da na girma.	I didn't realise that fasting in Ramadan was an obligation until I was grown.	850	
danda	Kakana yana kiwon danda a bayan gida tun kafin haihuwata.	My grandfather has been keeping a piebald horse behind the house since before I was born.	851	
danda	A ranar babbar sallah, sarki ya hau danda a gaban sauran mahaya.	On the day of the great festival, the emir rode a piebald horse ahead of the other riders.	851	
danda	Ina son wannan danda fiye da kowane doki da ke gidan sarki.	I like this piebald horse better than any other horse in the emir's stables.	851	
ƙaddara	Bayan gidan ya ƙone, mahaifiyata ta ce ƙaddara ce, ba laifin kowa ba.	After the house burned down, my mother said it was fate, and nobody's fault.	852	
ƙaddara	A makarantar allo, malamin ya gaya mana cewa ƙaddara da ƙoƙari suna tafiya tare.	At the Qur'anic school, the teacher told us that destiny and hard work go hand in hand.	852	
ƙaddara	Ban gamsu da sakamakon jarabawa ba, amma ƙaddara ce, sai haƙuri.	I wasn't happy with my exam results, but it's fate, so all I can do is be patient.	852	
talle	Mahaifiyata ta ajiye talle a kan murhu, sannan ta fara yanka albasa.	My mother set the little soup pot on the hearth and then started slicing onions.	854	
talle	A kasuwar Kurmi, na sayi sabon talle domin miyar da za mu dafa gobe.	At Kurmi market I bought a new soup pot for the stew we're cooking tomorrow.	854	
talle	Ina son miyar da aka dafa a talle fiye da ta babbar tukunya.	I prefer stew cooked in a small pot to stew from a big cauldron.	854	
musawa	Motarmu ta lalace a hanya, don haka mun kwana a Musawa.	Our car broke down on the road, so we spent the night in Musawa.	855	
musawa	An tura mahaifina Musawa domin ya koyar a sabuwar makarantar sakandare.	My father was posted to Musawa to teach at the new secondary school.	855	
musawa	Kasuwar Musawa ta fi ta garinmu yawan mutane, amma farashi yana da sauƙi.	Musawa's market is far more crowded than our town's, but the prices are cheap.	855	
azahar	Bayan mun idar da sallar azahar, sai muka koma gona don shuka.	After we finished the noon prayer, we went back to the farm to sow.	856	
azahar	Maigidan ya rufe shagon da azahar, ya ce za mu buɗe da yamma.	The shop owner closed up at noon-prayer time and said we would open again in the evening.	856	
azahar	Ba na son yin barci kafin azahar, domin ina jin nauyi bayan tashi.	I don't like sleeping before the noon prayer, because I feel heavy when I wake up.	856	
wal	Da tsakar dare, fitilar mota ta yi wal a tagar ɗakinmu.	In the middle of the night, a car's headlight flashed across our bedroom window.	857	
wal	Yayin da maƙerin ke walda, ƙarfen ya yi wal har na rufe idona.	While the smith was welding, the metal flashed so brightly that I shut my eyes.	857	
wal	Na tsorata sosai lokacin da wal ya haskaka sararin sama kafin ruwan sama.	I was really frightened when a sudden flash lit up the whole sky before the rain.	857	
amo	Akwai wani amo a rufin gida, kamar bera yana gudu.	There's some noise up in the roof, as if a rat were running around.	858	
amo	Malam ya umarci ɗalibai su rage amo domin jarabawa za ta fara.	The teacher told the students to keep the noise down because the exam was about to start.	858	
amo	Ina son shiru na ƙauye, saboda amo a birni yana ba ni haushi.	I love the quiet of the village, because the noise in the city irritates me.	858	
wudil	Mun sauka a Wudil don shan shayi kafin mu ci gaba zuwa Kano.	We stopped in Wudil for a glass of tea before carrying on to Kano.	859	
wudil	Ƙanwata tana karatun aikin gona a kwalejin da ke Wudil, kusa da Kano.	My younger sister is studying agriculture at the college in Wudil, near Kano.	859	
wudil	Duk lokacin da na ratsa Wudil, ina tuna kakata da gonar rake.	Every time I pass through Wudil, I think of my grandmother and her sugarcane field.	859	
hama	Na nemi hama a cikin akwatin kayan aiki don gyara ƙofar ɗakina.	I looked for a hammer in the toolbox so I could fix my bedroom door.	861	
hama	A bita, kafintan ya buga ƙusa da hama har katakon ya kama sosai.	In the workshop, the carpenter drove the nail in with a hammer until the plank held firm.	861	
hama	Ba na son a ba ƙaramin yaro hama, domin zai iya jikkata kansa.	I don't like giving a small child a hammer, because he could hurt himself with it.	861	
alade	A gidan namun daji na Kano, yara suna kallon alade cikin mamaki.	At the Kano zoo, the children stared at the pig in amazement.	862	
alade	Manomin ya gina katanga don kada alade ya shiga gonar dawa.	The farmer built a wall to stop the pig from getting into the guinea-corn field.	862	
alade	Musulmi ba sa cin naman alade, domin addini ya haramta shi.	Muslims do not eat pork, because their religion forbids it.	862	
manja	Kowace safiya mahaifiyata takan soya waina da manja kafin mu tashi.	Every morning my mother fries waina in palm oil before we get up.	817	
manja	Farashin manja ya tashi sosai a kasuwa, don haka mun sayi kaɗan.	The price of palm oil has shot up at the market, so we only bought a little.	817	
manja	Ban taɓa son abincin da aka dafa da manja mai yawa ba.	I have never liked food that has been cooked with a lot of palm oil.	817	
wutsiya	Karenmu yana kaɗa wutsiya duk lokacin da na dawo daga makaranta.	Our dog wags his tail every single time I get back from school.	818	
wutsiya	Malamin kimiyya ya nuna mana yadda kadangare yakan yanke wutsiya ya tsere.	The science teacher showed us how a lizard sheds its tail and escapes.	818	
wutsiya	A wurina, wutsiya ta fi daɗi a duk sassan naman shanu.	For my money, the tail is the tastiest part of the whole cow.	818	
barkono	Na sa barkono da yawa a miyar kuka, sai kowa ya yi atishawa.	I put too much chilli in the kuka soup, and everyone started sneezing.	820	
barkono	Yayata takan sayar da barkono busasshe a kasuwar Sabon Gari.	My older sister sells dried chilli peppers at Sabon Gari market.	820	
barkono	Ba na iya cin abinci mai barkono, domin cikina yakan yi zafi.	I can't eat spicy food, because my stomach starts burning.	820	
fat	Na kwaɓa alli sannan na shafa bangon ɗakin har ya zama fari fat.	I mixed up the whitewash and coated the bedroom wall until it was gleaming white.	821	
fat	Angon ya sa sabon kaftani fari fat, kowa kuwa yana kallonsa a bikin.	The groom wore a brand-new kaftan, dazzling white, and everyone at the wedding was staring at him.	821	
fat	Gashin kansa ya zama fari fat tun bayan rasuwar matarsa.	His hair has turned snow white ever since his wife passed away.	821	
wofi	Kakana yakan gaya mana cewa mutumin da ba ya aiki wofi ne.	My grandfather always tells us that a man who doesn't work is a good-for-nothing.	822	
wofi	Duk ƙoƙarinmu ya zama aikin wofi bayan ambaliyar ta lalata gonar.	All our effort came to nothing after the flood destroyed the farm.	822	
wofi	Bayan shekaru uku ba tare da aiki ba, yana jin kamar wofi ne.	After three years without a job, he feels like a complete waste of space.	822	
hoda	A lokacin zafi mukan shafa wa jariri hoda bayan mun yi masa wanka.	In the hot season we dust the baby with powder after we have bathed him.	823	
hoda	Mata suna sayar da hoda da turare a kasuwar Kurmi kowace Jumaʼa.	Women sell face powder and perfume at Kurmi market every Friday.	823	
hoda	A ganina hoda mai yawa ba ta dace da fuskar yarinyar ba.	To my eye, that much powder does not suit the girl's face at all.	823	
danga	Mahaifina ya yi danga da kara don kada awaki su shiga gonar.	My father built a cornstalk fence so that the goats couldn't get into the farm.	824	
danga	Bayan girbi maƙwabtanmu sukan haɗa kai su gyara danga kewaye da ƙauyen.	After the harvest our neighbours join forces to repair the fence around the village.	824	
danga	Iskar dare ta rushe danga, yanzu kowa yana ganin abin da ke gidanmu.	The night wind brought the fence down, and now anyone can see what is inside our compound.	824	
tama	Maƙerinmu yakan narkar da tama don ya ƙera fartanya da lauje.	Our blacksmith melts iron ore down so he can forge hoes and sickles.	825	
tama	Kamfanin nan yana haƙar tama a Itakpe tun shekarar da ta wuce.	That company has been mining iron ore at Itakpe since last year.	825	
tama	Ina mamakin yadda tama mai kama da dutse take zama ƙarfe mai wuya.	It amazes me how ore that looks just like a stone turns into hard iron.	825	
anabi	Yara sun cinye dukan anabi kafin baƙi su isa gidan.	The children finished off all the grapes before the guests reached the house.	826	
anabi	A watan Ramadan mukan sha ruwan anabi bayan mun karya azumi da dabino.	During Ramadan we drink grape juice after breaking the fast with dates.	826	
anabi	Na fi son anabi fiye da lemu, amma yana da tsada a kasuwarmu.	I like grapes better than oranges, but they are expensive in our market.	826	
damisa	Kakana ya ba mu labarin damisa da ta kashe akuya a ƙauyensu.	My grandfather told us the story of a leopard that killed a goat in their village.	827	
damisa	Maʼaikatan gandun dajin Yankari sun ga damisa tana shan ruwa da safe.	The staff at the Yankari game reserve saw a leopard drinking water in the morning.	827	
damisa	Ina jin tsoron damisa fiye da zaki, domin tana farauta cikin duhun dare.	I am more afraid of a leopard than of a lion, because it hunts in the dark of night.	827	
kanumfari	Kakata takan zuba kanumfari a cikin shayi don ya rage mata ciwon haƙori.	My grandmother drops cloves into her tea to ease her toothache.	886	
kanumfari	Mai sayar da kayan yaji ya auna mini kanumfari a kasuwar Kano.	The spice seller weighed out cloves for me at the Kano market.	886	
kanumfari	Ƙamshin kanumfari a cikin miya yana tunatar da ni bikin ƙanwata.	The smell of cloves in the stew takes me straight back to my younger sister's wedding.	886	
shadda	Mahaifina yana da farar shadda da yakan sa a ranar Sallah.	My father owns a white brocade outfit that he wears on Sallah day.	888	
shadda	Na kai shadda wurin maɗinki don ya ɗinka min riga kafin bikin.	I took the brocade to the tailor so he could sew me a gown before the wedding.	888	
shadda	Shadda tana da tsada ƙwarai, don haka na sayi atamfa maimakonta.	Brocade is far too expensive, so I bought printed cloth instead.	888	
garki	Motar Abuja ta sauke mu a Garki kafin lokacin azahar ya yi.	The Abuja bus dropped us off in Garki before the time of the noon prayer.	889	
garki	Kawuna yana zaune a Garki, kuma yakan kira mu kowace Jumaʼa.	My uncle lives in Garki, and he rings us every Friday.	889	
garki	Ban taɓa ganin cunkoso kamar na kasuwar Garki a ranar Asabar ba.	I have never seen a crush of people like the one at Garki market on a Saturday.	889	
siket	Siket ɗin da na saya a kasuwa jiya ya yi mini ƙarami.	The skirt I bought at the market yesterday turned out too small for me.	890	
siket	Makarantar tana buƙatar kowace yarinya ta sa siket mai launin shuɗi.	The school requires every girl to wear a blue skirt.	890	
siket	Mahaifiyata ba ta son in sa siket gajere idan za mu biki.	My mother doesn't like me wearing a short skirt when we go to a celebration.	890	
tausa	Da na dawo daga gona, matata ta yi mini tausa a bayana.	When I came back from the farm, my wife massaged my back for me.	891	
tausa	Likita ya shawarce ni da yin tausa kowace safiya don ciwon kafaɗa.	The doctor advised me to have a massage every morning for my shoulder pain.	891	
tausa	Tausa tana sa in yi barci mai kyau, don haka nakan biya kuɗinta.	A massage makes me sleep well, so I don't mind paying for one.	891	
lula	Ɓarawon ya lula da wayata kafin mu iya kama shi a kasuwa.	The thief made off with my phone before we could catch him in the market.	892	
lula	Da ɗan sanda ya bayyana, yaran da suke wasa a titi suka lula.	The moment the policeman appeared, the boys playing in the street bolted.	892	
lula	Bayan rikicin, mutane da yawa sun lula zuwa ƙauyukan da ke kusa.	After the unrest, a great many people fled to the villages nearby.	892	
kango	Gidan kakanmu ya zama kango tun bayan da muka ƙaura zuwa birni.	Our grandfather's house has been a ruin ever since we moved to the city.	894	
kango	Yaran unguwa suna wasan ƙwallo kusa da kango da ke bayan makarantar.	The neighbourhood boys play football beside the derelict building behind the school.	894	
kango	Duk lokacin da na wuce kango da dare, sai gashin jikina ya tashi.	Every time I pass a ruined building at night, the hair on my body stands up.	894	
tsutsa	Na tarar da tsutsa a cikin ɗayan mangwaron da kake ci.	I found a worm inside one of the mangoes you are eating.	895	
tsutsa	Likita ya ce tsutsa ce ke damun yaron, sai ya rubuta masa magani.	The doctor said it was a worm troubling the boy, and he prescribed him medicine.	895	
tsutsa	Ba na iya kallon tsutsa tana motsi, sai na ji tashin zuciya.	I can't watch a worm wriggling without my stomach turning.	895	
tusa	Yaron ya yi tusa a cikin motar, sai kowa ya fashe da dariya.	The boy farted inside the car and everyone burst out laughing.	896	
tusa	Malam ya ce duk wanda ya yi tusa dole ne ya sake alwala.	The teacher said that anyone who farts must do his ablution again.	896	
tusa	Kunya ta kama ni sosai lokacin da tusa ta kuɓuce mini a taro.	I was mortified when a fart slipped out of me during the meeting.	896	
tantabara	Kakana yana kiwon tantabara a saman rufin gidansa tun ina ƙarama.	My grandfather has kept pigeons on his roof since I was a little girl.	897	
tantabara	Mun sayi tantabara biyu a kasuwa domin dafa miya ga baƙi.	We bought two pigeons at the market to cook a stew for the guests.	897	
tantabara	Muryar tantabara da safe tana sa in tuna ƙauyen da na girma.	The cooing of a dove in the morning makes me think of the village where I grew up.	897	
akawu	Wani akawu a banki ya ce mun makara, amma ya karɓi takardunmu.	A clerk at the bank told us we had come too late, but he took our papers anyway.	805	
akawu	Sabon akawu a ofishinmu yana rubuta sunayen kowa a babban littafi.	The new clerk in our office writes everybody's name into a big ledger by hand.	805	
akawu	Na gaji da jira, domin akawu bai buɗe taga ba har tsakar rana.	I was worn out with waiting, because the clerk did not open his window until midday.	805	
taliki	Kowane taliki yana neman abincinsa da safe, har da kyanwar bakin ƙofa.	Every creature goes out looking for its food in the morning, even the cat by the doorway.	806	
taliki	Limamin ya faɗa mana cewa kowane taliki yana da rabonsa a duniya.	The imam told us that every living creature has its own portion in this world.	806	
taliki	Ban taɓa ganin taliki mai haƙuri kamar kakata a duk rayuwata ba.	In my whole life I have never met a creature as patient as my grandmother.	806	
tulu	Kakata takan cika tulu da ruwan rijiya kafin rana ta yi zafi.	My grandmother fills the water pot from the well before the sun gets hot.	807	
tulu	Na sayi tulu a kasuwar Kurmi domin ruwan sha ya yi sanyi.	I bought a clay water pot at Kurmi market so the drinking water would stay cool.	807	
tulu	Ruwan tulu ya fi na firji daɗi a ganina, musamman lokacin bazara.	To my taste, water from a clay pot is nicer than water from the fridge, especially in the hot season.	807	
safara	Mahaifina yakan tafi safara bayan girbi, ya dawo da riguna da gishiri.	After the harvest my father goes off trading and comes back with cloth and salt.	808	
safara	Kakana ya yi safara zuwa Kano da rakuma kafin a gina hanyar mota.	My grandfather traded his way to Kano with camels, back before the motor road was built.	808	
safara	Safara ta gajiyar da shi, don haka ya buɗe shago a garinsu.	The travelling trade wore him out, so he opened a shop in his home town.	808	
samame	ʼYan sanda sun kai samame a kasuwar bayan gari da tsakar dare.	The police raided the market outside town in the middle of the night.	809	
samame	A zamanin da, samame yakan zo da dare, sai mutane su gudu zuwa duwatsu.	In the old days a raid would come by night, and people would run for the hills.	809	
samame	Wannan samame ya tsoratar da yara, har yanzu ba sa fita da dare.	That raid frightened the children so badly that they still will not go out after dark.	809	
gwandu	Mun sauka a Gwandu da yamma, muka nemi masauki kusa da babban masallaci.	We arrived in Gwandu in the evening and looked for lodging near the great mosque.	811	
gwandu	Motar haya takan tashi daga Birnin Kebbi zuwa Gwandu kowace safiya da ƙarfe shida.	The passenger van leaves Birnin Kebbi for Gwandu every morning at six o'clock.	811	
gwandu	Malamin tarihi ya ce Gwandu ta yi ƙarfi sosai a zamanin daular Sakkwato.	The history teacher said Gwandu was very powerful in the days of the Sokoto Caliphate.	811	
romo	Lokacin da nake rashin lafiya, mahaifiyata takan dafa min romo mai zafi.	Whenever I was ill, my mother would cook me a bowl of hot broth.	812	
romo	Mai dafa abinci ya zuba romo a kwano kafin ya kawo mana nama.	The cook ladled the broth into a bowl before he brought us the meat.	812	
romo	Ban taɓa jin daɗin romo kamar wanda muka sha bayan azumi ba.	I have never enjoyed a broth as much as the one we drank when we broke the fast.	812	
ca	Da na zuba nama a tukunya, sai mai ya yi ca ya ƙone hannuna.	As I dropped the meat into the pot, the oil spat and burned my hand.	813	
ca	Mai sayar da ƙosai ya ja da baya saʼad da man ya yi ca.	The bean-cake seller pulled back when the hot oil spat out of the pan.	813	
ca	Duk lokacin da man ya yi ca, ƙaramar yarinya takan yi tsalle da tsoro.	Every time the oil spits, the little girl jumps back in fright.	813	
munafuki	Ban so in zama munafuki ba, don haka na faɗa wa shugaban gaskiya.	I did not want to be a hypocrite, so I told the boss the truth.	815	
munafuki	Limamin ya yi waʼazi cewa munafuki yana da alamu uku a hadisi.	The imam preached that the hadith names three signs of a hypocrite.	815	
munafuki	Munafuki yakan yaba maka a gaba, ya zage ka a bayanka.	A hypocrite praises you to your face and insults you behind your back.	815	
abarba	Mahaifiyata ta yanka abarba ta ajiye ta a firji har yara su dawo.	My mother sliced the pineapple and kept it in the fridge until the children came home.	816	
abarba	A kasuwar Jos, mata suna sayar da abarba mai zaƙi kan naira ɗari biyar.	In the Jos market the women sell sweet pineapples for five hundred naira each.	816	
abarba	Abarba tana sa min ciwon baki, amma ba zan iya barinta ba.	Pineapple always makes my mouth sting, but I still cannot give it up.	816	
fura	Kowace yamma mahaifiyata takan dama fura da nono don mu sha.	Every evening my mother mixes up fura with cultured milk for us to drink.	863	
fura	A kasuwar Kano ʼyan mata suna sayar da fura cikin ƙwarya da rana.	At the Kano market girls sell fura out of calabashes all afternoon.	863	
fura	Bayan dogon azumi babu abin sha da ya fi fura da nono daɗi.	After a long day of fasting there is no drink sweeter than fura and nono.	863	
duna	Bayan shekaru a kan wuta, tukunyar nan ta zama duna kamar gawayi.	After years over the fire, that pot has turned as black as charcoal.	864	
duna	Cikin shanun garkenmu, duna ce ta fi kowace bayar da madara.	Of all the cattle in our herd, it is the jet-black one that gives the most milk.	864	
duna	Abokan makaranta sun yi wa ƙanena laƙabi da duna, hakan ya ɓata masa rai.	"His schoolmates nicknamed my little brother ""the black one"", and it hurt his feelings."	864	
sanka	Kakana yakan sayo sanka daga wurin mai sayar da taba duk ranar Alhamis.	My grandfather buys a bunch of tobacco leaves from the tobacco seller every Thursday.	865	
sanka	Manomin ya ɗaura sanka a kan babur kafin ya kama hanyar kasuwa.	The farmer strapped the bundle of tobacco leaves onto his motorbike before setting off for the market.	865	
sanka	Farashin sanka ya yi tsada bana, don haka masu shan taba suna gunaguni.	The price of a bundle of tobacco has gone up this year, so the smokers are grumbling.	865	
ishara	Direban ya yi mini ishara da hannu cewa in tsallaka hanyar da sauri.	The driver signalled to me with his hand to cross the road quickly.	866	
ishara	Ishara ɗaya daga wurin shugaban ta isa, sai kowa ya miƙe tsaye.	One signal from the chairman was enough, and everyone rose to their feet.	866	
ishara	A cikin taro na yi masa ishara ya yi shiru, amma bai kula ba.	During the meeting I signalled him to be quiet, but he took no notice of me.	866	
murza	Bayan doguwar tafiya, mahaifiyata ta murza mini ƙafafuwa har ciwon ya ragu.	After the long journey my mother massaged my feet until the ache eased off.	868	
murza	Tsohon ɗan kokawa yakan murza jikin ʼyan wasan da mai kafin gasar.	The old wrestler rubs the young fighters down with oil before the contest.	868	
murza	Duk lokacin da ya damu, yakan murza goshinsa yana kallon ƙasa.	Whenever he is worried, he rubs his forehead and stares at the ground.	868	
yis	Na manta da yis jiya, shi ya sa burodin bai kumbura ba ko kaɗan.	I forgot the yeast yesterday, and that is why the bread did not rise at all.	869	
yis	Mai yin burodi yakan sayi yis mai yawa kafin ranar Sallah.	The baker buys yeast in bulk before the Sallah holiday.	869	
yis	Mahaifiyata ba ta amincewa da yis, tana cewa burodin gargajiya ya fi lafiya.	My mother does not trust yeast; she says traditional bread is healthier.	869	
gwangwani	Ta buɗe gwangwani, ta zuba tumatirin cikin miyar da take dafawa.	She opened a tin and poured the tomatoes into the stew she was cooking.	870	
gwangwani	Mai sayar da gyaɗa yakan yi awo da gwangwani maimakon sikeli a kasuwarmu.	The groundnut seller measures things out with a tin rather than a scale at our market.	870	
gwangwani	Kada ka jefar da gwangwani, zan yi masa fenti in shuka fure a ciki.	Don't throw the tin away; I'll paint it and plant a flower in it.	870	
akwati	Mun cika akwati da tufafi kafin mu tashi zuwa Kaduna da safe.	We filled the trunk with clothes before setting off for Kaduna in the morning.	871	
akwati	Direban ya sauke akwati mai nauyi daga motar, sannan ya ɗaura shi a keke.	The driver lifted a heavy crate down from the lorry and then tied it onto a bicycle.	871	
akwati	Har yau duk hotunan kakata suna cikin wani tsohon akwati a ƙarƙashin gado.	To this day all my grandmother's photographs sit in an old box under the bed.	871	
randa	Kowace safiya ʼyan mata sukan cika randa da ruwan rijiya kafin su tafi makaranta.	Every morning the girls fill the water pot from the well before they go to school.	872	
randa	A ganina, ruwan randa ya fi ruwan firji sanyi a lokacin zafin bazara.	To my mind, water from the clay pot is colder than fridge water in the hot season.	872	
randa	Yaron ya buga randa da ƙwallo, sai ta fashe ruwa ya zuba ƙasa.	The boy hit the water pot with his ball; it cracked and the water spilled on the ground.	872	
alaramma	Alaramma yakan tashi da ƙarfe huɗu don ya yi karatun Alƙurʼani kafin sallar asuba.	The alaramma gets up at four o'clock to recite the Quran before the dawn prayer.	873	
alaramma	Iyaye sun kai ʼyaʼyansu wurin alaramma domin ya koya musu haddar Alƙurʼani.	The parents took their children to the alaramma so that he would teach them to memorise the Quran.	873	
alaramma	A garinmu ana girmama alaramma fiye da kowa a lokacin watan azumi.	In our town the alaramma is honoured above everyone else during the fasting month.	873	
buta	Mahaifiyata ta cika buta da ruwan sanyi kafin baƙi su iso.	My mother filled the water jug with cold water before the guests arrived.	874	
buta	Kowane safe yakan ɗauki buta ya je masallaci domin yin alwala.	Every morning he takes the ewer and goes to the mosque to perform his ablutions.	874	
buta	Yaron ya karya buta a bakin rijiya, yanzu yana jin tsoron komawa gida.	The boy broke a water jug at the well, and now he is afraid to go home.	874	
zamba	Ɗan kasuwa ya yi wa mahaifina zamba, ya sayar masa da wayar ƙarya.	A trader defrauded my father — he sold him a fake phone.	875	
zamba	ʼYan sanda sun kama matashin da ya yi wa tsofaffi zamba ta waya.	The police arrested the young man who had been swindling elderly people over the phone.	875	
zamba	Kada ka ba wa kowa lambar asusunka, zamba ta yawaita a wannan zamani.	Don't give anyone your account number; fraud has become common these days.	875	
bahar	Jirgin ruwan kifi ya shafe kwana uku a bahar kafin ya dawo tashar.	The fishing boat spent three days at sea before it came back to the harbour.	876	
bahar	Kakana yakan ce ruwan bahar ya fi na rijiya gishiri sosai.	My grandfather always says that sea water is far saltier than well water.	876	
bahar	Ban taɓa ganin bahar ba sai da na kai Legas, na tsorata da girmansa.	I had never seen the sea until I got to Lagos, and its vastness frightened me.	876	
aibi	Injiniya ya gano aibi a injin motar bayan ya buɗe murfin gaba.	The mechanic found a fault in the car's engine after he opened the bonnet.	877	
aibi	Malamin ya ce babu wanda ba shi da aibi, sai mu yafe wa juna.	The teacher said that nobody is without fault, so we should forgive one another.	877	
aibi	Rigar da na saya tana da ƙaramin aibi, amma ban mayar da ita ba.	The gown I bought has a small flaw, but I didn't take it back.	877	
sansan	Jamiʼan sansan sun zo unguwarmu da safe, suna ƙidaya mutanen kowane gida.	The census officials came to our neighbourhood in the morning, counting the people in every household.	880	
sansan	Gwamnati ta dage sansan har bayan damina saboda hanyoyin ƙauyuka sun lalace.	The government postponed the census until after the rainy season because the village roads are ruined.	880	
sansan	Ban yarda da sakamakon sansan ba, domin ba a ƙidaya mutanenmu duka ba.	I don't accept the census results, because our people were not all counted.	880	
kilishi	Duk lokacin da kawuna ya dawo daga Kano, yakan kawo mana kilishi.	Whenever my uncle comes back from Kano, he brings us kilishi.	881	
kilishi	Mai sayar da kilishi ya shimfiɗa naman a kan tabarma ƙarƙashin rana.	The kilishi seller spread the meat out on a mat under the sun.	881	
kilishi	Ban taɓa cin kilishi mai daɗi kamar wanda muka saya a Zariya ba.	I have never eaten kilishi as good as the batch we bought in Zaria.	881	
ƙanƙara	Jiya da yamma ƙanƙara ta sauko, yara suka fita suna tara ta.	Hail came down yesterday evening, and the children went out gathering it.	882	
ƙanƙara	Mai sayar da kifi ya rufe kwandonsa da ƙanƙara don kada nama ya lalace.	The fish seller covered his basket with ice so that the flesh would not spoil.	882	
ƙanƙara	Ba na son shan ruwa mai ƙanƙara, domin makogwarona kan yi ciwo daga baya.	I don't like drinking iced water, because my throat aches afterwards.	882	
fasfo	Na kwana biyu ina jira a ofishin fasfo kafin su ɗauki hotona.	I spent two days waiting at the passport office before they took my photograph.	883	
fasfo	Ka duba ranar ƙarewar fasfo kafin ka sayi tikitin jirgin sama.	Check the expiry date on your passport before you buy your plane ticket.	883	
fasfo	Ya rasa fasfo a filin jirgin sama, sai tafiyarsa ta ci tura.	He lost his passport at the airport, and the whole trip fell through.	883	
bora	Bora tana dafa abinci a baya, yayin da ƙishiyarta ke zaune da mijinsu.	The less-favoured wife is cooking out at the back while her co-wife sits with their husband.	884	
bora	Malamin ya gargaɗi miji cewa kada ya mayar da wata matarsa bora.	The malam warned the husband not to turn one of his wives into a neglected one.	884	
bora	Ta shafe shekaru tana ganin kanta a matsayin bora a gidan mijinta.	She spent years feeling like the unloved wife in her husband's house.	884	
suya	Da yamma mukan taru wurin mai suya, muna hira har dare ya yi.	In the evening we gather at the suya stall and chat until night falls.	885	
suya	Bayan mun gama aiki, sai muka sayi suya da albasa a bakin hanya.	After we finished work, we bought suya with onions at the roadside.	885	
suya	Ƙanshin suya ya bazu unguwar, har yunwa ta kama ni sosai.	The smell of suya spread through the neighbourhood until hunger really took hold of me.	885	
jibiya	Kasuwar Jibiya takan cika da ʼyan kasuwa daga Nijar kowace Talata.	The Jibia market fills up with traders from Niger every Tuesday.	828	
jibiya	Mahaifina ya girma a Jibiya kafin ya ƙaura zuwa Kano don kasuwanci.	My father grew up in Jibia before he moved to Kano for trade.	828	
jibiya	Ina kewar Jibiya sosai, musamman ranar kasuwa lokacin da kowa ke murna.	I miss Jibia badly, especially on market day when everyone is in high spirits.	828	
sara	A gidanmu, yin ban kwana kafin fita sara ce da kowa ya gada.	In our house, saying goodbye before you go out is a custom everyone has inherited.	829	
sara	Shugaba ya gargaɗe mu cewa yawan makara sara ce marar kyau a ofis.	The boss warned us that turning up late all the time is a bad habit in an office.	829	
sara	Ban ji daɗin sara irin ta ɗan uwana ba, kullum yana katse magana.	I have never liked my brother's habit; he is forever cutting in on people.	829	
birjik	Lokacin damina ana samun mangwaro birjik a kasuwar garinmu.	In the rainy season there are mangoes in abundance at our town's market.	830	
birjik	Mutane sun taru birjik a filin, suna jiran jawabin gwamna.	People had gathered in crowds on the field, waiting for the governor's speech.	830	
birjik	Ban taɓa ganin taurari birjik haka ba sai da muka kwana a ƙauye.	I had never seen stars scattered so thickly until the night we spent in the village.	830	
aduwa	Kakata takan tafasa ganyen aduwa domin maganin ciwon ciki.	My grandmother boils desert date leaves to make medicine for a stomach ache.	831	
aduwa	Mun huta ƙarƙashin wata babbar aduwa har rana ta sassauta.	We rested under a big desert date tree until the sun let up.	831	
aduwa	Mahaifiyata takan sayar da aduwa a kasuwar Litinin don biyan kuɗin makaranta.	My mother sells desert dates at the Monday market to pay the school fees.	831	
kibiya	Kakana yakan ɗaure gashin tsuntsu a bayan kowace kibiya kafin farauta.	My grandfather ties a feather to the back of every arrow before a hunt.	832	
kibiya	Mafarauci ya harba kibiya, amma barewar ta tsere zuwa cikin daji.	The hunter loosed an arrow, but the gazelle escaped into the bush.	832	
kibiya	Maganarsa ta soke ni kamar kibiya, har ban iya amsawa ba.	His words went through me like an arrow, and I could not even answer.	832	
molo	Kawuna ya koya mini kaɗa molo tun ina ƙarami a ƙauyenmu.	My uncle taught me to play the molo back when I was small in our village.	833	
molo	Mawaƙin ya ɗauki molo ya fara waƙa a wajen bikin auren ƙanwata.	The singer picked up his molo and started to sing at my little sister's wedding.	833	
molo	Sautin molo da daddare yakan tuna mini ƙuruciyata a ƙauye.	The sound of a molo at night always reminds me of my childhood in the village.	833	
shirka	Mun yi shirka da ɗan uwana wajen sayar da shinkafa a kasuwa.	My cousin and I went into partnership selling rice at the market.	834	
shirka	Shirka tsakanina da Musa ta ƙare lokacin da ya ɓoye riba.	The partnership between Musa and me ended when he hid the profit.	834	
shirka	A huɗubar Jumaʼa malam ya tuna mana cewa shirka babban zunubi ne.	In the Friday sermon the malam reminded us that idolatry is a grave sin.	834	
ri	Wata ri ta shanu ta ratsa hanya, sai dukan motoci suka tsaya.	A moving herd of cattle cut across the road, and every car had to stop.	835	
ri	Da wasan ƙwallo ya ƙare, ri ta mutane ta malalo daga filin.	When the football match ended, a throng of people came streaming out of the ground.	835	
ri	Har yanzu ina tunawa da ri ta raƙuma da muka gani a hamada.	I still remember the train of camels we saw out in the desert.	835	
zikiri	Bayan sallar asuba kakana yakan zauna yana zikiri har rana ta fito.	After the dawn prayer my grandfather sits doing dhikr until the sun comes up.	837	
zikiri	A daren Jumaʼa maƙwabta kan taru a masallaci suna zikiri tare.	On Thursday nights the neighbours gather at the mosque and do dhikr together.	837	
zikiri	Duk lokacin da damuwa ta kama ni, ina zikiri har in natsu.	Whenever worry takes hold of me, I recite dhikr until I settle down.	837	
kwamanda	Kawuna kwamanda ne a rundunar ʼyan sanda, don haka yakan makara da dare.	My uncle is a commander in the police force, so he often gets home late at night.	838	
kwamanda	Sabon kwamanda ya ziyarci shingen bincike a hanyar Maiduguri jiya.	The new commander inspected the checkpoint on the Maiduguri road yesterday.	838	
kwamanda	Muryar kwamanda ta sa kowa ya yi shiru a filin atisaye.	The commander's voice made everyone fall silent on the parade ground.	838	
zau	Shayin da mahaifiyata ta zuba yana da zafi zau, sai na jira.	The tea my mother poured is piping hot, so I had to wait.	967	
zau	Ruwan zuma da muka saya a kasuwar Kano yana da zaƙi zau.	The honey we bought at the Kano market is unbelievably sweet.	967	
zau	Ban iya shan miyar ba, tana da zafi zau har hawaye suka zubo.	I couldn't get the stew down; it was so scalding hot my eyes watered.	967	
taswira	Na buɗe taswirar birnin a kan gado don neman hanyar asibiti.	I spread the city map out on the bed to find the road to the hospital.	968	
taswira	Malam ya rataya taswirar Afirka a bango kafin ya fara darasi.	The teacher hung the map of Africa on the wall before starting the lesson.	968	
taswira	Ban san inda muke ba, domin taswirar da nake da ita ta tsufa.	I have no idea where we are, because the map I'm carrying is out of date.	968	
nakiya	Maʼaikatan kamfanin sun yi amfani da nakiya wajen tsage duwatsun kan hanya.	The company's workmen used explosives to break up the rocks blocking the road.	969	
nakiya	Sojoji sun cire nakiya daga gonar kafin manoma su koma noma.	Soldiers cleared the explosives out of the field before the farmers went back to work.	969	
nakiya	Ƙarar nakiya a maʼadinan dutse ta tsorata yara, suka gudu gida.	The blast of explosives at the stone quarry frightened the children, and they ran home.	969	
kaca	Kacar kekena ta tsinke a hanya, sai na tura shi har gida.	My bicycle chain snapped on the way, so I pushed the bike the whole way home.	970	
kaca	Makanike ya shafa mai a kaca kafin ya mayar da ita wurinta.	The mechanic oiled the chain before slipping it back into place.	970	
kaca	Ba na son hawan wannan keken, domin kacarsa takan fita a kowane tudu.	I hate riding that bicycle, because its chain comes off on every slope.	970	
zulhajji	A watan Zulhajji ne mahaifina ya tafi aikin Hajji a Makka.	It was during Dhu al-Hijjah that my father left for the pilgrimage in Mecca.	971	
zulhajji	Kasuwar rago takan yi cunkoso ƙwarai kafin goman farko na Zulhajji.	The ram market gets packed just before the first ten days of Dhu al-Hijjah.	971	
zulhajji	Ina son watan Zulhajji, domin iyalinmu duka sukan taru don Babbar Sallah.	I love the month of Dhu al-Hijjah, because our whole family gathers for Eid al-Adha.	971	
alli	Malamin ya karya allin sau biyu yayin da yake rubutu a allo.	The teacher snapped the chalk twice while he was writing on the board.	973	
alli	Yara sun ɗauki alli suka zana gidaje a kan siminti a gaban ƙofa.	The children took chalk and drew houses on the concrete by the front door.	973	
alli	Likita ya ce yaron yana buƙatar alli, don haka mukan ba shi madara.	The doctor said the boy needs calcium, so we give him milk every day.	973	
samanja	Samanja ya tsaya gaban sojoji yana kirga su kafin darasin motsa jiki.	The sergeant major stood in front of the troops counting them before the drill.	974	
samanja	Kawuna ya yi ritaya a matsayin samanja, yanzu yana noma a ƙauye.	My uncle retired as a sergeant major; these days he farms out in the village.	974	
samanja	Muryar samanja tana da tsanani har sabbin sojoji sukan yi rawar jiki.	The sergeant major's voice is so harsh that the new recruits shake when they hear it.	974	
gitta	Kakata ta ɗauki gitta ta tsattsaga itace don girkin abincin dare.	My grandmother picked up the little axe and split firewood for the evening meal.	975	
gitta	Mafarauci yakan sa gitta a jakarsa kafin ya shiga cikin daji.	A hunter always packs a small axe in his bag before heading into the bush.	975	
gitta	Ban sami gitta ba a ɗakin kaya, sai na yanke rassan da wuƙa.	I couldn't find the little axe in the storeroom, so I cut the branches with a knife.	975	
gunki	A gidan tarihi na Jos mun ga gunkin dutse mai shekaru ɗari uku.	At the museum in Jos we saw a stone idol three hundred years old.	976	
gunki	Kakanninmu sun daina bautar gunki tun lokacin da Musulunci ya isa garin.	Our forefathers gave up worshipping idols back when Islam reached the town.	976	
gunki	Malamin ya ce kuɗi ya zama gunki a zukatan mutane da yawa.	The teacher said money has become an idol in the hearts of a great many people.	976	
boka	Mahaifiyata ta kai ɗanʼuwana wurin boka kafin mu tafi asibiti.	My mother took my brother to the traditional healer before we went to the hospital.	977	
boka	Bokan ƙauyen yana sayar da ganyaye da ɓawon itace a kasuwar Litinin.	The village herbalist sells leaves and tree bark at the Monday market.	977	
boka	Ban amince da boka ba, amma maganinsa na ganye ya rage mini zazzaɓi.	I don't trust the herbalist, but his leaf medicine did bring my fever down.	977	
hazo	Da safe hazo ya rufe hanya, har muka yi jinkirin tafiya gona.	In the morning the fog covered the road, so we set out late for the farm.	978	
hazo	Hazo ya rufe filin jirgin Kano, jirginmu bai tashi ba sai da rana.	Haze closed in over Kano airport, and our plane did not take off until midday.	978	
hazo	Tun da ya tsufa, hazo ya rufe idanunsa, ba ya ganin fuskata sosai.	Since he grew old a haze has covered his eyes, and he can no longer see my face clearly.	978	
akure	Mun shafe tsawon yini a mota kafin mu isa Akure da yamma.	We spent the whole day on the bus before we reached Akure in the evening.	979	
akure	Ɗan uwana ya bar Kano zuwa Akure domin karatun injiniya a jamiʼa.	My cousin left Kano for Akure to study engineering at the university there.	979	
akure	Ban taɓa ganin ruwan sama kamar na Akure ba, ko da watan Disamba.	I have never seen rain like the rain in Akure, not even in December.	979	
maiwa	Mahaifina ya shuka maiwa a gonar kudu, gero kuma a ta arewa.	My father planted late millet in the southern field and early millet in the northern one.	980	
maiwa	Mata sun kai maiwa kasuwar Dawanau, amma farashinta ya faɗi sosai.	The women took the late millet to Dawanau market, but its price had fallen badly.	980	
maiwa	Na fi son furar maiwa, domin tana da daɗi fiye da ta gero.	I prefer fura made with late millet, because it tastes better than the kind made with early millet.	980	
shifta	Kowace Alhamis malam yakan yi mana shifta kafin mu tashi daga aji.	Every Thursday the teacher gives us a dictation before we leave the classroom.	981	
shifta	Shifta ta jiya ta ba ni wahala, na yi kurakurai guda bakwai.	Yesterday's dictation gave me real trouble; I made seven mistakes in it.	981	
shifta	Shugabar makaranta ta ce shifta tana taimaka wa yara wajen inganta rubutu.	The headmistress says dictation helps the children improve their spelling.	981	
ganima	Sojoji sun dawo daga yaƙi da ganima mai yawa, suka raba ta a tsakaninsu.	The soldiers came back from the war with a great deal of loot and shared it out among themselves.	982	
ganima	Bayan hadari, yara sun tattara mangwaron da suka faɗi kamar ganima.	After the storm the children gathered up the fallen mangoes like spoils of war.	982	
ganima	Malam ya gargaɗe mu cewa dukiyar da aka sata ba ganima ba ce.	The teacher warned us that stolen property is not lawful booty.	982	
gam	Na sayi gam a kasuwa domin in manne shafukan littafin da suka tsage.	I bought glue at the market so I could stick back the torn pages of the book.	983	
gam	Yara suna liƙa hotuna da gam a bangon aji don bikin makaranta.	The children are sticking pictures on the classroom wall with glue for the school celebration.	983	
gam	Gam ɗin ya bushe a cikin kwalba, don haka kujerar ta sake karyewa.	The glue had dried up inside the bottle, so the chair came apart again.	983	
murjani	A ranar bikinta ta sa sarƙar murjani da mahaifiyarta ta ba ta.	On her wedding day she wore the coral necklace her mother had given her.	984	
murjani	Mahaifina yana sayar da murjani a kasuwar Kurmi tun kafin a haife ni.	My father has been selling coral in Kurmi market since before I was born.	984	
murjani	Murjani na gaskiya ya fi tsada, amma launinsa ba ya ɓacewa ko kaɗan.	Real coral costs more, but its colour does not fade in the least.	984	
almajiranci	Kakana ya yi almajiranci a Kano kafin ya koma gonar mahaifinsa.	My grandfather went through almajiri schooling in Kano before he went back to his father's farm.	985	
almajiranci	Gwamnati ta ce za ta gyara almajiranci, ba za ta hana shi ba.	The government says it will reform the almajiri system rather than ban it.	985	
almajiranci	Mutane da yawa suna zargin almajiranci, alhali matsalar ita ce rashin tallafi.	Many people blame the almajiri system, when the real problem is the lack of support for it.	985	
miskini	Kowace Jumaʼa mahaifiyata takan ba miskini abinci a ƙofar masallaci.	Every Friday my mother gives food to a poor man at the mosque gate.	986	
miskini	Wani miskini ya zauna a gaban shago yana roƙon kuɗin magani.	A pauper sat down in front of the shop, begging for money for medicine.	986	
miskini	Kada ka raina miskini, domin dukiya tana zuwa tana kuma tafiya.	Do not look down on a poor man, because wealth comes and wealth goes.	986	
jadawali	Malam ya sa mu haddace jadawalin ninkawa har zuwa goma sha biyu.	The teacher made us memorise the multiplication tables all the way up to twelve.	987	
jadawali	Da yamma nakan zauna da ɗana muna maimaita jadawali kafin cin abinci.	In the evenings I sit with my son and we go over the times tables before supper.	987	
jadawali	Tun ina ƙarami na haddace jadawali, har yau ba na buƙatar kalkuleta.	I learned the times tables by heart as a child, and to this day I need no calculator.	987	
mizani	Mahaifiyata ta ɗora shinkafa a kan mizanin kasuwa kafin ta biya.	My mother put the rice on the market scales before she paid.	910	
mizani	Mai sayar da nama ya ce mizaninsa ba ya yin ƙarya.	The butcher insists that his scales never lie.	910	
mizani	A ranar sakamako, malam yakan auna kowane ɗalibi da mizani ɗaya.	On results day the teacher measures every pupil by the same standard.	910	
ungozoma	Da tsakar dare muka tafi gidan ungozoma, saboda matata ta shiga naƙuda.	At midnight we went to the midwife's house, because my wife had gone into labour.	911	
ungozoma	Ungozomar ƙauyenmu ta taimaka wa ɗaruruwan mata a shekara talatin da suka wuce.	Our village midwife has helped hundreds of women over the past thirty years.	911	
ungozoma	Kowace mace a unguwar tana girmama ungozomar da ta karɓi ɗanta.	Every woman in the neighbourhood honours the midwife who delivered her child.	911	
amini	Aminina Sani yakan kawo mini fura duk lokacin da ya dawo daga gona.	My close friend Sani brings me fura every time he comes back from the farm.	912	
amini	Ya bar shagon a hannun amininsa lokacin da ya tafi aikin hajji.	He left the shop in the hands of his trusted friend when he went on the pilgrimage.	912	
amini	Amini na gaskiya ba ya yaɗa asirin da ka faɗa masa.	A true friend does not spread the secret you told him.	912	
alkyabba	Sarki ya sanya alkyabbar zinariya kafin ya fito wajen hawan sallah.	The emir put on his gold cloak before riding out for the Sallah procession.	913	
alkyabba	Kakana ya ajiye alkyabbarsa a akwati, yakan fitar da ita ranar biki.	My grandfather keeps his cloak in a trunk and brings it out on wedding days.	913	
alkyabba	Ina jin kunya in sanya alkyabba, don ban kai matsayin ba tukuna.	I would be embarrassed to wear the cloak, because I have not yet earned that rank.	913	
anini	Aninin rigar makarantar ɗana ya faɗi, sai na ɗinka shi da hannu.	The button on my son's school shirt came off, so I sewed it back on by hand.	914	
anini	Maɗinkin kasuwar Kurmi ya ɗinka mini anini a kan sabuwar rigata.	The tailor at Kurmi market sewed a button onto my new gown for me.	914	
anini	A lokacin hirar aiki, na riƙa jujjuya aninin rigata don tsoro.	During the job interview I kept twisting the button on my shirt out of nerves.	914	
fitila	Da wutar lantarki ta yanke, mahaifina ya kunna fitilar kananzir a tsakiyar ɗakin.	When the power went off, my father lit the kerosene lamp in the middle of the room.	915	
fitila	Ɗalibai suna karatu ƙarƙashin fitilar titi domin babu wuta a gida.	The students are studying under the street lamp because there is no electricity at home.	915	
fitila	Ina son fitilar da kakata takan kunna lokacin da ake ba da labari.	I love the lamp my grandmother lights when the storytelling begins.	915	
ringim	Motar da za ta Ringim tana tashi daga tasha ƙarfe bakwai.	The bus bound for Ringim leaves the motor park at seven.	916	
ringim	Mun sayi shanu a kasuwar Ringim, sannan muka koma Dutse da yamma.	We bought cattle at the Ringim market, then went back to Dutse in the evening.	916	
ringim	Duk lokacin da na koma Ringim, ina jin daɗin shiru da nake samu.	Every time I go back to Ringim, I relish the quiet I find there.	916	
dauro	Mun shuka dauro a farkon damina, ba za mu girbe shi ba sai Oktoba.	We planted late millet at the start of the rains; we will not harvest it until October.	917	
dauro	Kakata takan dama fura da garin dauro don mu sha da nono.	My grandmother mixes fura from late-millet flour so we can drink it with sour milk.	917	
dauro	Dauro yakan fi gero daɗi, amma yana jinkirin nunawa sosai.	Late millet tastes better than early millet, but it takes far longer to ripen.	917	
waliyyi	Mutane kan ziyarci kabarin waliyyin nan don neman albarka.	People visit that holy man's grave to seek a blessing.	918	
waliyyi	Malam ya ba mu labarin wani waliyyi da ya warkar da makaho a kasuwa.	The teacher told us the story of a saint who healed a blind man in the market.	918	
waliyyi	Tsohuwar ta rantse cewa waliyyi ne ya cece ta daga ambaliyar.	The old woman swore it was a holy man who saved her from the flood.	918	
cibi	Mahaifiyata tana juya tuwo da cibin itace har ya yi kauri.	My mother is stirring the tuwo with a wooden spoon until it thickens.	919	
cibi	Ba a cin tuwo da cibi a nan, da hannu ake ci.	People here do not eat tuwo with a spoon; they eat it with the hand.	919	
cibi	Yaron ya ƙi cin magani sai da na ba shi cibin zuma.	The boy refused his medicine until I gave him a spoonful of honey.	919	
bal	Yara sun jefa bal ɗin a cikin rijiyar makwabcinmu, yanzu suna kuka.	The children threw the ball down our neighbour's well, and now they're in tears.	931	
bal	Malamin wasanni ya ɗauko sabon bal daga kasuwar Kano ranar Litinin.	The sports teacher brought back a new ball from Kano market on Monday.	931	
bal	Ban ji daɗi ba lokacin da babban yayana ya karɓe mini bal ɗin.	I was hurt when my eldest brother snatched the ball away from me.	931	
sakarai	Kada ka zama sakarai wanda yake barin aikin gona ga ƙanensa.	Don't turn into a good-for-nothing who dumps the farm work on his little brother.	932	
sakarai	Maigidan ya ce masa sakarai ne, don ba ya iya rufe shago da kansa.	The boss called him a useless fellow, since he can't even lock up the shop on his own.	932	
sakarai	Na ji kunya sosai lokacin da mahaifina ya kira ni sakarai gaban baƙi.	I felt deeply ashamed when my father called me a useless person in front of guests.	932	
giginya	Mun huta a inuwar giginya har rana ta karkata yamma.	We rested in the shade of the deleb palm until the sun leaned towards the west.	933	
giginya	Kafinta ya yi amfani da katakon giginya wajen rufin sabon rumbunmu.	The carpenter used deleb-palm beams for the roof of our new grain store.	933	
giginya	Giginyar da kakana ya dasa a bayan gida ta fi kowace tsayi.	The deleb palm my grandfather planted behind the house is taller than any other.	933	
daddawa	Mahaifiyata takan sa daddawa a miyar kuka don ta yi ƙamshi.	My mother always puts locust-bean condiment in the baobab-leaf soup to give it its aroma.	934	
daddawa	Mun sayi daddawa a kasuwar Kurmi, amma farashinta ya tashi sosai.	We bought locust-bean condiment at Kurmi market, but its price has shot up.	934	
daddawa	Baƙon nan bai saba da ƙamshin daddawa ba, sai ya ƙi cin miyar.	The guest wasn't used to the smell of locust-bean condiment, so he refused the soup.	934	
basukur	Yayana yakan kai ni makaranta a kan basukur kowace safiya.	My older brother takes me to school on his bicycle every morning.	935	
basukur	Mai gyaran basukur ya gyara min taya cikin minti goma kacal.	The bicycle repairman fixed my tyre for me in barely ten minutes.	935	
basukur	An sace min basukur a gaban masallaci, har yanzu ina baƙin ciki.	My bicycle was stolen outside the mosque, and I'm still sick about it.	935	
balas	Na biya rabi yau, sauran balas ɗin zan kawo ranar Jumaʼa.	I paid half today; I'll bring the rest of what I owe on Friday.	937	
balas	Maginin ya ƙi ci gaba da aiki har sai mun biya balas ɗinsa.	The builder refused to carry on working until we paid him the money still owed.	937	
balas	Har yanzu ina jiran balas ɗin aikin da na yi wa kamfanin watan jiya.	I'm still waiting on the balance for the job I did for the company last month.	937	
sumul	Jaririn ya yi ƙiba sumul tun da mahaifiyarsa ta fara ba shi madara.	The baby has filled out and looks wonderfully well since his mother started giving him milk.	938	
sumul	Mai sayar da dabbobi ya ce raƙumin nan sumul ne, ba shi da cuta.	The livestock trader says this camel is in prime condition, with nothing wrong with it.	938	
sumul	Na yi farin ciki ganin ɗana ya dawo daga makarantar kwana sumul.	It gladdened me to see my son come home from boarding school looking so healthy.	938	
azzakari	Likitan ya bayyana wa ɗalibai yadda azzakari yake aiki a jikin namiji.	The doctor explained to the students how the penis functions in the male body.	939	
azzakari	Malamin lafiya ya koya wa maza tsaftar azzakari domin kariya daga cututtuka.	The health worker taught the men penile hygiene as a protection against disease.	939	
azzakari	Ya ji kunyar tambaya, amma ciwon azzakari ya tilasta masa zuwa asibiti.	He was too embarrassed to ask, but the pain in his penis forced him to the hospital.	939	
dinya	Da safe mun ga dinya biyu suna iyo a fadamar bayan gonarmu.	In the morning we saw two knob-billed ducks swimming in the marsh behind our farm.	940	
dinya	Mafarauci ya ɓoye a cikin ciyawa yana jiran dinya ta sauka kan ruwa.	The hunter crouched in the grass, waiting for a knob-billed duck to settle on the water.	940	
dinya	Kakana yakan ce tun da daɗewa dinya na cika fadamar nan lokacin damina.	My grandfather likes to say that long ago knob-billed ducks filled this marsh in the rainy season.	940	
katagum	Mun isa Katagum da misalin ƙarfe biyar, sai ruwan sama ya fara sauka.	We reached Katagum at about five o'clock, and then the rain started coming down.	941	
katagum	Sarkin Katagum ya buɗe sabon asibiti a Azare ranar Talata da yamma.	The Emir of Katagum opened the new hospital in Azare on Tuesday evening.	941	
katagum	Ina kewar Katagum, musamman kasuwar Litinin da ƙamshin waina da safe.	I miss Katagum, especially the Monday market and the smell of rice cakes in the morning.	941	
igwa	Da muka ji ƙarar igwa, sai muka san lokacin buɗa baki ya yi.	When we heard the cannon go off, we knew it was time to break the fast.	956	
igwa	Sojoji sun ja igwa zuwa bakin ƙofar birni kafin gari ya waye.	The soldiers dragged the cannon to the city gate before daybreak.	956	
igwa	Ƙarar igwa ta tsorata yara, don haka mahaifiyarsu ta rungume su.	The boom of the cannon terrified the children, so their mother pulled them into her arms.	956	
algaita	Masu busa algaita sun bi dokin sarki har ƙofar fada.	The algaita players followed the emir's horse all the way to the palace gate.	957	
algaita	Da yamma kakana yakan busa algaita a gaban gidanmu har dare ya yi.	In the evening my grandfather plays the algaita in front of our house until night falls.	957	
algaita	Duk lokacin da na ji algaita, sai in tuna bikin auren ʼyarʼuwata.	Every time I hear an algaita, I think back to my sister's wedding.	957	
kuge	A bikin sarauta, yaron nan yana bugun kuge da ƙaramin ƙaho.	At the coronation festival, that boy is beating the kuge with a little horn.	958	
kuge	Yaran unguwa sun aro kuge namu, amma ba su mayar da shi ba.	The neighbourhood boys borrowed our kuge and never brought it back.	958	
kuge	Ƙarar kuge ta fi ta ganga daɗi a kunnena, amma tana da tsanani.	The clang of the kuge pleases my ear more than the drum does, though it is harsh.	958	
badun	Motar da za ta Badun tana tashi daga tasha da misalin ƙarfe shida.	The bus for Ibadan pulls out of the station at around six o'clock.	959	
badun	Kanina yana sayar da kayan lambu a kasuwar Badun tun bara.	My younger brother has been selling vegetables in the Ibadan market since last year.	959	
badun	Ban taɓa zuwa Badun ba, amma abokina ya ce ana ruwa sosai a can.	I have never been to Ibadan, but my friend says it rains heavily there.	959	
sista	Sista ta ce mu jira a waje har sai an gama tiyata.	The nurse told us to wait outside until the operation was over.	960	
sista	Kowace safiya sista takan auna zafin jikin marasa lafiya sannan ta rubuta shi.	Every morning the nurse takes the patients' temperature and then writes it down.	960	
sista	Muna girmama sista da ke makarantar mishan fiye da kowane malami.	We respect the sister at the mission school more than any of the teachers.	960	
rawaya	Mahaifiyata takan tafasa saiwar rawaya domin mu sha idan an yi zazzaɓi.	My mother boils rawaya root for us to drink whenever someone comes down with a fever.	961	
rawaya	Marina suna sayen rawaya a kasuwar Kano don rina rigunan aure.	The dyers buy rawaya at the Kano market to dye wedding gowns.	961	
rawaya	Kakata tana cewa rawaya ta fi kowane magani, amma ban yarda ba.	My grandmother insists rawaya beats every other medicine, but I'm not convinced.	961	
isiyaku	Isiyaku ya kwana a gidanmu bayan motarsa ta lalace a kan hanya.	Isiyaku spent the night at our house after his car broke down on the road.	963	
isiyaku	Malamin ya karanta labarin Isiyaku da mahaifinsa a coci ranar Lahadi.	The teacher read the story of Isaac and his father at church on Sunday.	963	
isiyaku	Ina son yadda Isiyaku ke yin haƙuri, ko da yara sun bata masa rai.	I love how patient Isiyaku stays, even when the children get on his nerves.	963	
limam	Limam ya jinkirta sallar magariba har manoma suka dawo daga gona.	The imam held the sunset prayer back until the farmers got in from the fields.	964	
limam	Bayan sallar Jumaʼa, limam yakan zauna ya saurari matsalolin mutanen unguwa.	After Friday prayers the imam sits down and listens to the neighbourhood's troubles.	964	
limam	Ban gamsu da abin da limam ya faɗa game da auren wuri ba.	I wasn't convinced by what the imam said about marrying young.	964	
kindirmo	Da tsakar rana muna shan kindirmo da fura, don zafi ya yi yawa.	At midday we drink kindirmo with fura, because the heat is just too much.	965	
kindirmo	Matan Fulani sukan kawo kindirmo kasuwarmu kafin rana ta yi tsanani.	The Fulani women bring kindirmo to our market before the sun turns fierce.	965	
kindirmo	A gaskiya, kindirmo da Hadiza take yi ya fi na kowa daɗi.	Honestly, the kindirmo Hadiza makes tastes better than anyone else's.	965	
alif	An gina wannan makarantar a shekara ta alif ɗari tara da hamsin.	This school was built in the year nineteen fifty.	966	
alif	Takardar haihuwar mahaifina ta nuna an haife shi a alif ɗari tara da arbaʼin.	My father's birth certificate shows that he was born in nineteen forty.	966	
alif	Tsofaffi suna cewa zamanin alif ɗari tara da sittin ya fi na yanzu.	Old people say the nineteen-sixties were a better time than today.	966	
omo	Omo ya ƙare a gida, don haka ban wanke kayan yara ba.	The detergent ran out at home, so I didn't wash the children's clothes.	942	
omo	Mahaifiyata ta aike ni kasuwa in sayo omo da sabulu.	My mother sent me to the market to bring back detergent and soap.	942	
omo	Ban gamsu da wannan omo ba, domin ba ya cire ƙazantar riga.	I'm not happy with this detergent — it doesn't get the dirt out of a gown.	942	
umra	Kakata ta tara kuɗi shekaru uku kafin ta tafi umra a Makka.	My grandmother saved up for three years before she went on umrah in Mecca.	943	
umra	Malaminmu ya yi umra a watan Ramadan, sai muka tarbe shi a filin jirgi.	Our teacher performed umrah during Ramadan, and we went to meet him at the airport.	943	
umra	Umra ba wajibi ba ce kamar hajji, amma tana da lada mai yawa.	Umrah isn't obligatory the way the hajj is, but it carries a great reward.	943	
shirwa	Shirwa ta sauko cikin gida ta cafke ɗan tsako a gaban yara.	A kite dropped into the compound and snatched a chick right in front of the children.	944	
shirwa	A wurin suya, shirwa kan sauko ta ƙwace nama daga hannun mutane.	At the suya stand, kites swoop down and grab the meat out of people's hands.	944	
shirwa	Mutane suna ƙin shirwa, amma ita ma tana neman abincin ʼyaʼyanta ne.	People hate the kite, but it too is only hunting food for its chicks.	944	
akala	Yaron ya riƙe akala sosai kada raƙumin ya gudu cikin cunkoson kasuwa.	The boy gripped the lead rope tightly so the camel wouldn't bolt into the market crowd.	945	
akala	Fatake sun ɗaura akala a wuyan raƙuma kafin su kama hanyar Agadez.	The traders tied lead ropes round the camels' necks before setting out for Agadez.	945	
akala	Akala ta tsinke, sai raƙumin ya bar mu a tsakiyar hamada.	The lead rope snapped, and the camel left us stranded in the middle of the desert.	945	
mowa	Mowa ce ke dafa abincin bikin, sauran matan kuma suna taimakonta.	It's the favourite wife who cooks the wedding food, and the other wives help her.	946	
mowa	Kowa a unguwarmu ya san wace ce mowa saboda kyaututtukan da take samu.	Everyone in our neighbourhood knows which one is the favourite wife, from the gifts she gets.	946	
mowa	Uwargida ta ce ba ta jin haushin mowa, amma idonta ya nuna gaskiya.	The senior wife says she bears the favourite no grudge, but her eyes tell the truth.	946	
laya	Kakata ta ɗaura wa jaririn laya a hannu don kariya daga cuta.	My grandmother tied a Qur'anic charm on the baby's arm to protect him from illness.	947	
laya	Mafarautan unguwarmu suna sanya laya a wuya kafin su shiga daji.	The hunters in our neighbourhood wear a charm round the neck before they go into the bush.	947	
laya	Wasu na ganin laya tsafi ce, wasu kuma sun tabbata ayoyin Alƙurʼani ne.	Some regard the charm as juju; others are certain it is nothing but verses of the Qur'an.	947	
rimaye	Rimaye masu tsayi sun yi inuwa a hanyar da muke bi zuwa gona.	Tall silk-cotton trees shade the path we take out to the farm.	948	
rimaye	Dattawan ƙauyen sukan zauna ƙarƙashin rimaye su tattauna alʼamuran gari.	The village elders sit under the silk-cotton trees to talk over the town's affairs.	948	
rimaye	An sare rimaye da yawa a garinmu, yanzu babu inuwa a kasuwa.	Many silk-cotton trees have been felled in our town, and now there's no shade at the market.	948	
funkaso	Mahaifiyata takan soya funkaso da safe, mu ci shi da shayi mai zaƙi.	My mother fries funkaso in the morning and we eat it with sweet tea.	949	
funkaso	A lokacin azumi, muna sayen funkaso da ƙosai kafin lokacin buɗa baki.	During the fast we buy funkaso and bean cakes before it's time to break the fast.	949	
funkaso	Duk lokacin da na ji ƙamshin funkaso sai in tuna gidan kakata.	Every time I catch the smell of funkaso, I think of my grandmother's house.	949	
sarka	Mai ruwa ya ɗaura sarka a jakinsa, yana kai ruwa gida-gida.	The water seller straps the waterskin onto his donkey and delivers water house to house.	953	
sarka	Matafiya kan cika sarka da ruwan rijiya kafin su shiga hamada.	Travellers fill the waterskin from the well before they head into the desert.	953	
sarka	Sarka ta yi yoyo, ruwan ya zube, sai muka rasa abin sha.	The waterskin sprang a leak, the water drained away, and we were left with nothing to drink.	953	
kunama	Kunama ta ɓuya cikin takalmina, sai da na kaɗa shi kafin in sanya.	A scorpion was hiding in my shoe; I had to shake it out before putting it on.	955	
kunama	Yayin da muke tsintar gyaɗa, kunama ta harbi hannun ƙanena.	While we were picking groundnuts, a scorpion stung my little brother's hand.	955	
kunama	Tun da kunama ta harbe ni, nakan girgiza barguna kafin in kwanta.	Ever since a scorpion stung me, I shake out the blankets before I lie down.	955	
tattasai	Mahaifiyata ta niƙa tattasai da albasa don miyar da za mu ci yau.	My mother ground red peppers and onions for the stew we're eating today.	921	
tattasai	Farashin tattasai ya tashi a kasuwar Kurmi tun bayan ruwan sama.	The price of red peppers has climbed at Kurmi market ever since the rains came.	921	
tattasai	Miya ba tare da tattasai ba ba ta da daɗi, in ji kakata.	Stew without red peppers has no taste at all, so my grandmother says.	921	
taga	Iska ta buɗe tagar falo da ƙarfi, har gilashinta ya fashe.	The wind flung the sitting-room window open so hard that its glass broke.	922	
taga	A ofishinmu, ni kaɗai nake da tebur kusa da taga mai kallon titi.	At our office I'm the only one with a desk beside a window looking onto the street.	922	
taga	Ina kallon wata ta tagar ɗakina har sai barci ya ɗauke ni.	I watch the moon through my bedroom window until sleep finally carries me off.	922	
farisa	A ajin tarihi, malam ya ce Daular Farisa ta yi mulkin ƙasashe da yawa.	In history class the teacher said the Persian Empire ruled over a great many countries.	923	
farisa	Wani ɗan kasuwa daga Farisa ya sayar mana da kayan yaji a Kano.	A trader from Persia sold us spices here in Kano.	923	
farisa	Ina son karanta labarun tsofaffin sarakunan Farisa fiye da kowane littafi.	I would rather read stories about the old kings of Persia than any other book.	923	
kyaftin	Kyaftin ɗin ya umarci sojoji su tsaya a ƙofar barikin har safe.	The captain ordered the soldiers to stand at the barracks gate until morning.	924	
kyaftin	Kanena ya zama kyaftin bayan shekaru goma a rundunar sojin ƙasa.	My younger brother made captain after ten years in the army.	924	
kyaftin	Mun fi son sabon kyaftin ɗin, domin yana sauraron korafin sojoji.	We prefer the new captain, because he actually listens to the soldiers' complaints.	924	
kissa	Ɗana ya yi kissa da abokinsa don su fita ba tare da izina ba.	My son and his friend cooked up a scheme to slip out without my permission.	925	
kissa	Sun yi wa shugaban ƙungiyar kissa har aka kore shi daga muƙaminsa.	They schemed against the association's chairman until he was driven out of his post.	925	
kissa	Ya sami wannan aiki ne da kissa, ba don ya cancanta ba.	He got this job through underhand dealing, not because he deserved it.	925	
yalo	Mun shafa fenti mai launin yalo a bangon falo, sai ɗakin ya haskaka.	We painted the sitting-room wall yellow, and the whole room brightened up.	926	
yalo	Duk motocin haya na garinmu yalo ne, don haka baƙi ba sa ɓacewa.	Every taxi in our town is yellow, so visitors never get lost.	926	
yalo	Ba na son rigar yalo, amma ƙanwata ta ce tana ƙayatarwa.	I don't like the yellow gown, but my little sister says it's lovely.	926	
gandu	Kakanmu ya bar mana gandu mai faɗi a bayan ƙauyen, muna nomansa tare.	Our grandfather left us a wide family farm behind the village, and we work it together.	927	
gandu	Da sassafe mukan tafi gandu don shuka gero kafin rana ta yi zafi.	At first light we head out to the family farm to plant millet before the sun turns hot.	927	
gandu	A ganina, gandu ya fi aikin ofis daraja, domin abinci daga ƙasa yake.	To my mind a family farm is worth more than an office job, since food comes out of the ground.	927	
saratu	Saratu ta dafa tuwon shinkafa kafin mahaifinta ya dawo daga masallaci.	Sarah cooked rice tuwo before her father got back from the mosque.	928	
saratu	Saratu ce ta fi kowa maki a jarabawar lissafi a ajinmu.	It was Sarah who scored higher than anyone else in our class's maths exam.	928	
saratu	Ina mamakin yadda Saratu take yin haƙuri da surukarta duk da maganganu.	I'm amazed at how patiently Sarah puts up with her mother-in-law, whatever people say.	928	
shehi	Mun je wurin shehi don ya yi mana adduʼa kafin tafiyar hajji.	We went to the sheikh so that he would pray for us before the hajj journey.	929	
shehi	Kowace Alhamis, shehi yakan koyar da tafsiri a babban masallacin unguwarmu.	Every Thursday the sheikh teaches Qur'anic exegesis at our neighbourhood's main mosque.	929	
shehi	Maganar shehi ta kwantar min da hankali fiye da duk shawarar da na samu.	The sheikh's words settled my mind more than any advice I had been given.	929	
shaci	Manomin ya zana shaci a tsakanin gonarsa da ta maƙwabcinsa don gujewa husuma.	The farmer drew a boundary line between his field and his neighbour's to head off a quarrel.	930	
shaci	ʼYan sanda sun yi shaci a kan hanya don direbobi su rage gudu.	The police marked out a zone on the road so that drivers would slow down.	930	
shaci	Ruwan sama ya share shaci da muka yi, yanzu ba mu san iyaka ba.	The rain washed away the line we had marked, and now we don't know where the boundary runs.	930	
ayaba	Kowace safiya mahaifiyata takan sayi ayaba a kasuwar Sabon Gari.	Every morning my mother buys bananas at the Sabon Gari market.	898	
ayaba	Matan da ke sayar da ayaba a tashar mota sun ƙi rage farashi.	The women selling bananas at the motor park refused to bring the price down.	898	
ayaba	Ban taɓa cin ayaba mai zaƙi irin wannan ba tun ina yaro.	I have not eaten a banana this sweet since I was a boy.	898	
abeokuta	Yayata tana aiki a wani asibiti a Abeokuta tun bara.	My older sister has been working at a hospital in Abeokuta since last year.	899	
abeokuta	Mun sha wahalar hanya kwana biyu kafin mu isa Abeokuta daga Kano.	We endured two nights of hard travelling before we reached Abeokuta from Kano.	899	
abeokuta	Duk lokacin da na ziyarci Abeokuta, sai in ji daɗin sanyin safiyarta.	Whenever I visit Abeokuta, I savour the coolness of its mornings.	899	
iblis	Kafin ya fara karatu, malamin ya nemi tsari daga sharrin Iblis.	Before starting the lesson, the teacher sought protection from the evil of Satan.	900	
iblis	Kakata takan ce mana Iblis yana nan a duk inda ake yin husuma.	My grandmother used to tell us that Satan is present wherever people quarrel.	900	
iblis	Ba na jin Iblis ne ke da laifin kowane mugun aiki da muke yi.	I do not think Satan is to blame for every wicked thing we do.	900	
tsokana	Ƙanena yakan yi mini tsokana har sai na fusata, sannan ya gudu.	My little brother provokes me until I lose my temper, and then he runs off.	902	
tsokana	Na yi shiru a taron, don na san maganarsa tsokana ce kawai.	I kept quiet at the meeting, because I knew his remark was only a provocation.	902	
tsokana	Na yi haƙuri da yawa, amma tsokanar da yake yi mini ta wuce misali.	I have been very patient, but the way he provokes me has gone past all bounds.	902	
gum	Miyar da muka bari a kan tebur ta yi wari gum kafin safiya.	The soup we left out on the table had turned rank and foul by morning.	904	
gum	Direban ya buɗe tagogin motar don kifin da muke ɗauka yana wari gum.	The driver opened the car windows because the fish we were carrying stank.	904	
gum	Rigar da ya kwana da ita tana wari gum, na ƙi taɓa ta.	The shirt he slept in reeks of must, and I refused to touch it.	904	
gadara	Tun da ya gina babban gida, gadara ta shiga tsakaninsa da maƙwabta.	Ever since he built the big house, moneyed arrogance has come between him and the neighbours.	905	
gadara	Malamin ya yi huɗuba kan yadda gadara ke ɓata zumuncin ƴan uwa.	The preacher gave a sermon on how the arrogance of wealth destroys family ties.	905	
gadara	Ba na son zama da shi tun da arziki ya kawo masa gadara.	I no longer enjoy his company, now that wealth has made him haughty.	905	
barewa	Da sassafe mun ga barewa tana kiwo a gefen hanyar Gusau.	At first light we saw a gazelle grazing beside the Gusau road.	906	
barewa	Mafarauta sun ce barewa ta fi kowace dabba saurin gudu a jeji.	The hunters said the gazelle outruns every other animal in the bush.	906	
barewa	Kallon barewa tana tsalle a fili ya fi kowane hoto daɗi a gare ni.	Watching a gazelle bound across open ground pleases me more than any photograph.	906	
zomo	Zomo ya shiga gonarmu da dare, ya cinye kabejin da muka shuka.	A hare got into our farm at night and ate up the cabbage we had planted.	907	
zomo	A tatsuniyar Hausa, zomo yakan yaudari kura da wayonsa kafin ta cinye shi.	In Hausa folktales the hare outwits the hyena with his cunning before she can eat him.	907	
zomo	Yara sun yi ta dariya lokacin da zomo ya tsere daga hannun kakansu.	The children laughed and laughed when the hare wriggled out of their grandfather's hands.	907	
basakkwace	Sabon maƙwabcinmu Basakkwace ne, kuma karin harshensa ya bambanta da namu.	Our new neighbour is a Sokoto man, and his dialect is different from ours.	908	
basakkwace	Wani Basakkwace ne ya sayar mana da shanun nan a kasuwar Wurno.	It was a man from Sokoto who sold us these cattle at the Wurno market.	908	
basakkwace	Ni Basakkwace ne, amma tun shekara goma ina zaune a Legas ina kewar gida.	I am a Sokoto man, but I have lived in Lagos for ten years, missing home.	908	
yunan	Ɗan uwana ya kammala karatun likitanci a Yunan kafin ya dawo Kaduna.	My brother finished his medical studies in Greece before coming back to Kaduna.	909	
yunan	Malamin tarihi ya nuna mana yadda falsafar Yunan ta shafi ilimin Larabawa.	The history teacher showed us how Greek philosophy shaped Arab scholarship.	909	
yunan	Ina fatan wata rana zan ziyarci tsibiran Yunan da nake gani a talabijin.	I hope that one day I will visit the Greek islands I see on television.	909	
sadaki	Iyayen amarya sun rage sadaki domin ango ɗalibi ne mai ƙaramin albashi.	The bride's parents lowered the bride price because the groom is a student earning very little.	988	
sadaki	A ranar daurin aure, liman ya karɓi sadaki naira dubu hamsin a masallaci.	On the day the marriage was contracted, the imam received a bride price of fifty thousand naira at the mosque.	988	
sadaki	Ina ganin sadaki ya zama nauyi ga samari maimakon albarka ga iyalai.	I think the bride price has turned into a burden on young men instead of a blessing for families.	988	
mumbari	Ƙaramin yaro ya hau mumbari kafin salla, sai limami ya sauke shi.	A little boy climbed up onto the pulpit before the prayer, so the imam lifted him down.	989	
mumbari	A ranar Jumaʼa, limami ya hau mumbari ya yi huɗuba kan zaman lafiya.	On Friday the imam went up the minbar and preached a sermon about living in peace.	989	
mumbari	Duk lokacin da na tsaya kusa da mumbari, zuciyata takan yi sanyi.	Whenever I stand near the minbar, my heart settles and grows calm.	989	
sarara	Bayan makaranta, yaran sun shafe yini suna sarara a cikin unguwa.	After school the children spent the whole day drifting around the neighbourhood with nothing to do.	990	
sarara	Maimakon neman aiki, ɗan uwansa yana sarara a kasuwa kowace safiya.	Instead of looking for work, his brother wanders aimlessly around the market every morning.	990	
sarara	Mahaifina ya gargaɗe ni kan sarara, ya ce lokaci ba ya jiran kowa.	My father warned me about idling about, saying that time waits for nobody.	990	
maroko	Ɗan uwana yana karatun likitanci a Maroko, yana dawowa Kano kowace shekara.	My brother is studying medicine in Morocco, and he comes home to Kano every year.	991	
maroko	Innata ta dawo daga Maroko da shayin naʼana da wasu kayan ƙamshi.	My mother came back from Morocco with mint tea and some perfumes.	991	
maroko	Muna zaune a gidan shayi muna kallon Maroko, sai wutar lantarki ta tafi.	We were sitting in the tea shop watching Morocco play when the power went out.	991	
kurmi	Mun shiga cikin kurmi don neman itacen wuta kafin ruwa ya sauka.	We went into the forest to gather firewood before the rain came down.	993	
kurmi	Mafarauta sun ce birai sun bar kurmi tun da aka sare bishiyoyi.	The hunters say the monkeys abandoned the forest once the trees were cut down.	993	
kurmi	Ina tsoron shiga kurmi da daddare, domin muryar kuraye takan tsorata ni.	I am afraid to go into the forest at night, because the sound of hyenas frightens me.	993	
kukuma	A bikin auren ƙanwata, maroƙi ya kaɗa kukuma har tsakar dare.	At my younger sister's wedding a praise singer played the kukuma fiddle until midnight.	994	
kukuma	Kakana yakan kaɗa kukuma a farfajiya har yaran unguwa su taru.	My grandfather plays his one-stringed fiddle in the courtyard until the neighbourhood children gather round.	994	
kukuma	Sautin kukuma yana tuna min da bukukuwan ƙauye lokacin da nake yaro.	The sound of the kukuma reminds me of village celebrations back when I was a boy.	994	
ɗa	Bayan ʼyaʼya mata huɗu, Allah ya ba su ɗa namiji a bana.	After four daughters, they were finally granted a son this year.	995	
ɗa	A ƙauyenmu, ɗa ɗaya tilo yakan gaji gonar mahaifinsa gaba ɗaya.	In our village an only son inherits the whole of his father's farm.	995	
ɗa	Ba ni da ɗa namiji, amma ʼyata ta fi kowa kula da ni.	I have no son, but my daughter looks after me better than anyone else.	995	
manhaja	Sabuwar manhaja ta zo da darussan kwamfuta tun daga aji uku.	The new syllabus brings in computer lessons right from primary three.	996	
manhaja	Na duba manhaja kafin in sayi littattafan ɗana na sabuwar shekara.	I looked through the syllabus before buying my son's books for the new school year.	996	
manhaja	Malamai suna korafin cewa manhaja ta yi yawa, lokacin karatu kuma ya ƙaranta.	The teachers complain that the syllabus is overcrowded while teaching time has been cut short.	996	
sito	Ɗan kasuwa ya cika sito da buhunan shinkafa kafin farashin ya tashi.	The trader filled the storeroom with sacks of rice before the price went up.	997	
sito	Mahaifiyata ta ce in kwaso gero daga sito kafin ruwan sama ya sauka.	My mother told me to bring the millet in from the storeroom before the rain fell.	997	
sito	Beraye sun lalata hatsin da ke cikin sito, abin ya ɓata mana rai.	Rats ruined the grain inside the storeroom, and the whole thing left us heartsick.	997	
fanke	Kowace safiya mahaifiyata takan soya fanke mu ci kafin mu tafi makaranta.	Every morning my mother fries fanke cakes for us to eat before we leave for school.	998	
fanke	Matan unguwa suna sayar da fanke a gefen hanya kafin a karya azumi.	The neighbourhood women sell fanke by the roadside just before the fast is broken.	998	
fanke	Ban taɓa cin fanke mai zaƙi irin na kasuwar Sabon Gari ba.	I have never eaten fanke as sweet as the ones sold at Sabon Gari market.	998	
dogari	Kakana ya yi aikin dogari a fadar Kano tsawon shekara talatin.	My grandfather served as an emir's guard at the Kano palace for thirty years.	1055	
dogari	Dogarin sarki ya hana mu shiga har sai an gama majalisa.	The emir's guard would not let us in until the council had finished.	1055	
dogari	Kowane yaro a unguwarmu yana son ya zama dogari sa'ad da ya girma.	Every boy in our neighbourhood wants to be one of the emir's guards when he grows up.	1055	
katifa	Katifar da muka saya ta yi tsada, amma tana da laushi ƙwarai.	The mattress we bought was expensive, but it is wonderfully soft.	1056	
katifa	Mun ɗauki katifa zuwa rufin gida don mu kwana a sanyi.	We carried a mattress up to the roof so we could sleep in the cool air.	1056	
katifa	Ban iya barci ba domin tsohuwar katifa tana sa min ciwon baya.	I couldn't sleep, because the old mattress leaves me with a sore back.	1056	
jimina	Ƙwan jimina ɗaya ya ishe mu duka a karin kumallo.	A single ostrich egg was enough breakfast for all of us.	1057	
jimina	Malamin makaranta ya gaya mana cewa jimina ba ta iya tashi sama.	Our schoolteacher told us that an ostrich cannot fly.	1057	
jimina	Na yi mamaki lokacin da na ga girman ƙafafun jimina a gidan namun daji.	I was astonished when I saw how huge an ostrich's legs are at the wildlife park.	1057	
aidin	Mahaifiyata ta shafa mini aidin a raunin da na ji a gwiwa.	My mother dabbed iodine on the cut I got on my knee.	1058	
aidin	Likita ya ce mu sayi aidin da bandeji kafin mu koma gida.	The doctor told us to buy iodine and bandages before we headed home.	1058	
aidin	Aidin yana ƙuna sosai, amma ƙanwata ba ta yi kuka ba ko kaɗan.	Iodine stings badly, yet my little sister did not cry at all.	1058	
kanne	Ɗan'uwana ya kanne ido ɗaya kafin ya harbi tsuntsu da majajjawa.	My brother shut one eye before shooting at the bird with his slingshot.	1059	
kanne	Kawuna ya kanne mini ido, sai na san bai yarda da labarin ba.	My uncle winked at me, and I knew at once he didn't believe the story.	1059	
kanne	Ban so ya rinƙa kanne mini ido a gaban baƙi ba.	I didn't like him winking at me in front of the guests.	1059	
alabo	Mahaifiyata ta zuba alabo cikin ruwan zafi tana tuƙawa har tuwo ya nuna.	My mother poured the cassava flour into boiling water and stirred until the tuwo was done.	1061	
alabo	Mun sayi buhun alabo a kasuwa domin bikin aurenmu na gobe.	We bought a sack of cassava flour at the market for our wedding tomorrow.	1061	
alabo	Ba na son tuwon alabo, amma kakata ta ce yana da amfani.	I don't like tuwo made from cassava flour, but my grandmother says it does you good.	1061	
silin	Ruwan sama ya kwarara ta cikin silin har ya jiƙe katifarmu.	The rain leaked through the ceiling and soaked our mattress.	1062	
silin	Kafinta ya hau kan tebur don ya gyara silin ɗakin kwana.	The carpenter climbed onto the table to repair the bedroom ceiling.	1062	
silin	Na kwanta ina kallon ƙadangare yana tafiya a silin har barci ya ɗauke ni.	I lay watching a lizard cross the ceiling until sleep took me.	1062	
mashahuri	Wannan mawaƙi mashahuri ne har yara a ƙauyenmu suna rera waƙarsa.	This singer is so famous that even the children in our village sing his song.	1063	
mashahuri	Wani marubuci mashahuri zai ziyarci makarantarmu ranar Litinin mai zuwa.	A famous writer is coming to visit our school next Monday.	1063	
mashahuri	Ban damu da ya zama mashahuri ba, ina son ya ci gaba da karatu.	I don't care that he has become famous; I want him to stay in school.	1063	
gulbi	Kowace safiya matan ƙauyen sukan je gulbi domin wanke kaya.	Every morning the women of the village go down to the river to wash clothes.	1064	
gulbi	Gulbin ya cika har ya rufe hanyar da muke bi zuwa kasuwa.	The river rose until it swallowed the road we take to the market.	1064	
gulbi	Ina kewar wasanninmu a gulbi lokacin damina, kafin mu bar ƙauyen.	I miss the games we played at the river in the rainy season, before we left the village.	1064	
fam	Malami ya bayyana yadda Najeriya ta canza daga fam zuwa naira.	The teacher explained how Nigeria switched from the pound to the naira.	1065	
fam	Ɗan'uwana da ke Landan ya aiko mana fam ɗari biyu don gyaran rufi.	My brother in London sent us two hundred pounds to fix the roof.	1065	
fam	Na yi mamaki da ganin tsoffin kuɗin fam a cikin akwatin kakata.	I was amazed to find old pound notes inside my grandmother's chest.	1065	
sum	Kifin da muka manta a kicin ya yi wari sum tun da safe.	The fish we forgot in the kitchen has been stinking since morning.	1022	
sum	Bayan ruwan sama, magudanar ruwa a kasuwarmu tana wari sum.	After the rain, the drainage ditch in our market reeks.	1022	
sum	Na ƙi cin miyar, don ta yi wari sum tun jiya da yamma.	I refused to eat the stew, because it has smelled foul since yesterday evening.	1022	
haji	Kakata ta sayar da gonarta domin ta biya kuɗin haji bana.	My grandmother sold her farm so that she could pay for the hajj this year.	1023	
haji	Mun raka mahaifina zuwa filin jirgin sama sa'ad da ya tafi haji.	We saw my father off at the airport when he left for the hajj.	1023	
haji	Tun ina yaro nake mafarkin zuwa haji, amma har yanzu ban samu ba.	Since I was a boy I have dreamed of going on hajj, but I still have not managed it.	1023	
ayari	Kakana ya taɓa tafiya da ayari daga Kano zuwa Agadas domin sayar da gishiri.	My grandfather once travelled with a caravan from Kano to Agadez to sell salt.	1024	
ayari	Ayarin fatake ya sauka a garinmu da yamma, suka nemi masauki.	The traders' caravan halted in our town in the evening and looked for lodging.	1024	
ayari	Na fi son yin tafiya cikin ayari, don hanyarmu tana da 'yan fashi.	I would rather travel in a group, because our road has bandits on it.	1024	
haddi	Yaron nan ya wuce haddi, yana wa manyansa magana kamar tsara.	That boy has gone past the limit — he talks to his elders as if they were his age-mates.	1026	
haddi	Malamin ya ce ba a zartar da haddi sai shaidu huɗu sun tabbata.	The teacher said the prescribed punishment is not carried out unless four witnesses confirm it.	1026	
haddi	Ina jin tsoron ƙetare haddin Allah, don haka na bar wannan aikin.	I am afraid of overstepping God's limits, so I gave up that job.	1026	
mushe	Mushe Ibrahim ya zo daga Yamai, yana neman ɗakin haya kusa da kasuwa.	Mr Ibrahim has come from Niamey and is looking for a room to rent near the market.	1027	
mushe	Mai gadi ya tare ni yana cewa, Mushe, ka nuna takardar izininka.	The guard stopped me, saying: mister, show me your permit.	1027	
mushe	Ba na son a kira ni Mushe; sunana Sani, kuma ni ɗan gari ne.	I don't like being called mister; my name is Sani, and I'm a local.	1027	
muhammadiyya	Kowace safiya nakan kai 'ya'yana makarantar Muhammadiyya kafin in tafi aiki.	Every morning I drop my children at the Islamic school before I head to work.	1028	
muhammadiyya	Malamin Muhammadiyya ya raba wa yara allunan rubutu a ƙarƙashin bishiyar kuka.	The Islamic-studies teacher handed out writing boards to the children under the baobab tree.	1028	
muhammadiyya	Karatun Muhammadiyya ya fi sauƙi a gare ni fiye da lissafi na boko.	Islamic studies come easier to me than arithmetic at the Western school.	1028	
gusa	Da kyar na gusa gefe kafin babbar mota ta wuce a kunkuntar hanya.	I barely moved aside before the lorry went past on the narrow road.	1029	
gusa	Matar ta ce mini in gusa don ta samu wurin zama a bas.	The woman asked me to shift over so she could find a seat on the bus.	1029	
gusa	Duk lokacin da na zauna kusa da shi, sai ya gusa kamar ina wari.	Every time I sit down beside him he edges away, as though I smelled.	1029	
kwaram	Ina wanke kwano sai na ji kwaram, tukunyar ta faɗi daga kan tebur.	I was washing dishes when I heard a thud — the pot had fallen off the table.	1030	
kwaram	Muna cikin hira a majalisa sai wani baƙo ya shigo kwaram.	We were chatting out in the front room when a stranger suddenly walked straight in.	1030	
kwaram	Zuciyata ta yi tsalle sa'ad da iska ta buga ƙofar kwaram da tsakar dare.	My heart jumped when the wind banged the door shut at midnight.	1030	
dogarai	Dogarai sanye da jajayen riguna sun tsaya a ƙofar fadar Sarki.	The emir's guards, dressed in red gowns, were standing at the palace gate.	1032	
dogarai	Dogarai sun tare hanyarmu, muka jira har mahayan dawakai suka wuce.	The emir's guards blocked our road, and we waited until the horsemen had gone by.	1032	
dogarai	Kakana ya kasance ɗaya daga cikin dogarai, muna alfahari da shi har yau.	My grandfather was one of the emir's guards, and we are proud of him to this day.	1032	
tatul	Ɗana ya sha kunu har cikinsa ya cika tatul, bai ci abinci ba.	My son drank so much gruel that he was full to the brim and ate no food.	1034	
tatul	A wurin bikin aure, yara sun sha lemo har suka cika tatul.	At the wedding the children drank soft drinks until they were completely bloated.	1034	
tatul	Jiya na sha nono har na cika tatul, yau kuwa ina jin nadama.	Yesterday I drank sour milk until I was stuffed full, and today I regret it.	1034	
mariri	Mun kai yara gidan namun daji domin su ga mariri a karon farko.	We took the children to the zoo so they could see a scimitar-horned oryx for the first time.	1045	
mariri	Masu tsaron daji sun ce ba a ganin mariri a hamada tun shekaru talatin.	The forest rangers say no oryx has been sighted in the desert for thirty years.	1045	
mariri	Kakana yakan ba mu labarin mariri da ya gani a hamada tun yana yaro.	My grandfather likes to tell us about the oryx he saw out in the desert when he was a boy.	1045	
daftari	Malamin ya ce mu rubuta dukkan amsoshin a cikin sabon daftari kafin gobe.	The teacher told us to write all the answers in a new notebook before tomorrow.	1046	
daftari	Mai shagon ya buɗe daftari, ya nuna mini bashin da na yi watan jiya.	The shopkeeper opened his ledger and showed me the debt I ran up last month.	1046	
daftari	A ajinmu, ban taba ganin daftari mai tsafta kamar na Aisha ba.	In our class I have never seen a notebook as neat as Aisha's.	1046	
tire	Mahaifiyata ta kawo tire cike da shayi da biskit ga baƙinmu.	My mother brought in a tray loaded with tea and biscuits for our guests.	1047	
tire	Hauwa ta ɗora tire a kanta ta nufi kasuwa tana kiran masu saya.	Hauwa balanced the tray on her head and set off for the market, calling out to buyers.	1047	
tire	Yaron ya zubar da tire a bikin auren, kunya ta kama shi sosai.	The boy dropped the tray at the wedding and was overcome with embarrassment.	1047	
soba	Mun tashi da asuba domin mu kai kayan gona kasuwar Soba.	We set out at dawn to take the farm produce to the market at Soba.	1048	
soba	Yawancin mutanen Soba manoma ne da ke noman masara da dawa.	Most of the people of Soba are farmers who grow maize and guinea corn.	1048	
soba	Kawata ta koma Soba bayan aure, tun daga lokacin ban gan ta ba.	My friend moved to Soba after she married, and I haven't seen her since.	1048	
usaina	Usaina ta gama girki kafin mahaifinta ya dawo daga masallaci.	Usaina had finished the cooking before her father got back from the mosque.	1049	
usaina	Malamin ya yaba wa Usaina saboda ta fi kowa a jarrabawar lissafi.	The teacher praised Usaina because she outdid everyone in the maths exam.	1049	
usaina	Usaina tana fushi da ni har yau, saboda na yi mata dariya a bikin.	Usaina is still angry with me to this day because I laughed at her at the party.	1049	
tauna	Kakata ba ta iya tauna nama tun da haƙoranta suka fara zubewa.	My grandmother can't chew meat any more, now that her teeth have started falling out.	1050	
tauna	Tsofaffi suna zaune a ƙarƙashin bishiya suna tauna goro suna hira.	The old men sit under the tree chewing kola nuts and chatting.	1050	
tauna	Likita ya gargaɗe ni cewa in tauna abinci sannu-sannu don kada in shaƙe.	The doctor warned me to chew my food slowly so that I wouldn't choke.	1050	
acca	Yayata ta dafa acca da miyar kuka don baƙin da suka sauka jiya.	My elder sister cooked fonio with baobab-leaf soup for the guests who arrived yesterday.	1051	
acca	A kasuwar Jos, ana sayar da acca a buhu kamar shinkafa.	At the Jos market they sell fonio by the sack, just like rice.	1051	
acca	Ban taba jin daɗin acca ba sai da na ci ta a gidan kawuna.	I never liked fonio until the day I ate it at my uncle's house.	1051	
gajere	Wandon da aka saya mini gajere ne, sai da na mayar da shi shagon.	The trousers they bought me were short, so I had to take them back to the shop.	1052	
gajere	Ɗan uwana gajere ne, amma shi ne ya fi kowa ƙwarewa a ƙwallon kwando.	My brother is short, but he is the most skilful player on the basketball team.	1052	
gajere	Lokacin hutu ya yi gajere ƙwarai, ban ma isa gidan kakata ba.	The holiday was far too short — I didn't even make it to my grandmother's house.	1052	
tutu	Jaririn ya yi tutu a kan tabarma, sai mahaifiyarsa ta wanke shi nan take.	The baby pooped on the mat, so his mother washed him straight away.	1053	
tutu	Idan kana son yin tutu, ka gaya mini don kada ka ɓata kayanka.	If you need to poop, tell me, so that you don't soil your clothes.	1053	
tutu	Yaya ta yi fushi don ƙaramin yaron ya yi tutu a cikin sabuwar motarta.	My elder sister was furious because the little boy pooped inside her new car.	1053	
nahawu	Ban taba fahimtar nahawu sosai ba, shi ya sa na faɗi jarrabawar Larabci.	I never really understood grammar, and that is why I failed the Arabic exam.	1054	
nahawu	Malamin makarantar allo yana koya mana nahawu kowace safiya bayan sallar asuba.	The Qur'anic school teacher teaches us grammar every morning after the dawn prayer.	1054	
nahawu	Nahawu ya fi lissafi wahala a gare ni, amma ina ƙoƙarin koyonsa.	Grammar is harder for me than maths, but I keep trying to learn it.	1054	
kaidi	Mahaifina ya sanya kaidi kan lokacin da muke kallon talabijin da dare.	My father set a limit on how long we may watch television at night.	1035	
kaidi	Hukumar kasuwa ta kafa sabon kaidi kan farashin hatsi a Kano.	The market authority has imposed a new restriction on grain prices in Kano.	1035	
kaidi	Wannan kaidi ya wuce gona da iri, kuma ɗalibai da yawa suna yin korafi.	This restriction goes far too far, and a lot of students are complaining about it.	1035	
bado	Bayan ruwan sama, kandamin da ke bayan gidanmu ya cika da bado.	After the rains, the pond behind our house filled up with water lilies.	1036	
bado	Masunta suna fama da bado da ya toshe hanyar jirginsu a kogin Neja.	The fishermen are struggling with water lilies that have blocked their boat's way on the Niger.	1036	
bado	Furen bado yana da kyau sosai, amma sauro yana yawaita a wurin.	The water lily's flower is lovely, but mosquitoes multiply wherever it grows.	1036	
taska	Kakana ya kulle hatsin bara a taska, ba ya barin kowa ya shiga.	My grandfather has locked last year's grain in his private room, and he lets nobody in.	1037	
taska	Mahaifina yakan kira mu cikin taska duk lokacin da muka yi laifi.	My father calls us into his own room whenever we have done something wrong.	1037	
taska	Ban taɓa shiga taska ba tun bayan rasuwar mahaifina, kuma ina jin tsoro.	I have never set foot in his room since my father died, and it still frightens me.	1037	
satifiket	Na sa satifiket a cikin jaka don kada ruwan sama ya jiƙa shi.	I put the certificate inside a bag so that the rain would not soak it.	1038	
satifiket	Sun ce ba za su ɗauke ni aiki ba sai na kawo satifiket.	They said they would not hire me until I brought the certificate.	1038	
satifiket	Ina alfahari da satifiket ɗin da na samu bayan shekaru uku na wahala.	I am proud of the certificate I earned after three hard years.	1038	
lakwaja	Mun sauka a Lakwaja da tsakar dare saboda motar ta lalace a hanya.	We stopped in Lokoja in the middle of the night because the car broke down on the road.	1039	
lakwaja	Kogin Neja da Benuwai suna haɗuwa a Lakwaja, kuma jiragen ruwa na tsayawa can.	The Niger and the Benue meet at Lokoja, and the boats dock there.	1039	
lakwaja	Zafin Lakwaja ya fi na Kano, don haka ban daɗe a can ba.	The heat in Lokoja is worse than Kano's, so I did not stay there long.	1039	
ƙashi	Karen maƙwabcinmu ya sace ƙashi daga tukunyar da muka bari a waje.	Our neighbour's dog stole a bone out of the pot we had left outside.	1040	
ƙashi	Yaron ya faɗi daga bishiyar mangwaro, sai likita ya ce ƙashi ya karye.	The boy fell out of the mango tree, and the doctor said a bone was broken.	1040	
ƙashi	Naman nan duk ƙashi ne, na ji haushin kuɗin da na biya.	This meat is nothing but bone; I resent the money I paid for it.	1040	
bosniya	Kakana yakan saurari labarin yaƙin Bosniya a rediyo lokacin da nake ƙarami.	My grandfather used to listen to news of the Bosnian war on the radio when I was little.	1041	
bosniya	Ƙanena yana karatun likitanci a Bosniya, yana kiran mu ta waya duk mako.	My younger brother is studying medicine in Bosnia, and he phones us every week.	1041	
bosniya	Ban taɓa zuwa Bosniya ba, amma ina son ganin tsofaffin masallatan da ke can.	I have never been to Bosnia, but I would love to see the old mosques there.	1041	
akara	Kowace safiya mahaifiyata takan soya akara ta sayar wa maƙwabta a gaban gidanmu.	Every morning my mother fries bean cakes and sells them to the neighbours in front of our house.	1042	
akara	Muna sayen akara a kan hanya kafin mu shiga aji da safe.	We buy bean cakes on the way before we go into class in the morning.	1042	
akara	Ban ci akara ba tun da likita ya ce in guji soyayyen abinci.	I have not eaten a bean cake since the doctor told me to keep off fried food.	1042	
soso	Na sayi sabon soso a kasuwa a makon jiya domin tsohon ya tsage.	I bought a new loofah at the market last week because the old one had split.	1043	
soso	Kakata takan yi wa jikokinta wanka da soso mai laushi kowace maraice.	My grandmother bathes her grandchildren with a soft sponge every evening.	1043	
soso	Ba na jin jikina ya yi tsafta idan ban yi wanka da soso ba.	I never feel properly clean unless I have scrubbed myself with a loofah.	1043	
kyanwa	Kyanwa ta shiga kicin da dare ta zubar da miyar da muka ajiye.	The cat got into the kitchen at night and knocked over the stew we had put away.	1044	
kyanwa	Maƙwabciyarmu tana ciyar da kyanwa kifi duk lokacin da ta dawo daga kasuwa.	Our neighbour feeds the cat fish every time she gets back from the market.	1044	
kyanwa	Yarinyar tana kuka domin kyanwa ta ɓace tun ranar Asabar da safe.	The little girl is crying because the cat has been missing since Saturday morning.	1044	
hasafi	Duk lokacin da kakata ta dawo daga kasuwa, takan kawo mana hasafi.	Every time my grandmother comes back from the market she brings us a little gift.	999	
hasafi	Bayan direban ya kai mu gida cikin ruwan sama, mun ba shi hasafi.	After the driver got us home through the rain, we gave him a small gift.	999	
hasafi	Ko da hasafi ne kawai, na ajiye shi a kan teburina har yau.	Even though it was only a small gift, I have kept it on my desk to this day.	999	
rawani	Kakana yakan naɗa farin rawani duk ranar Jumaʼa kafin ya tafi masallaci.	My grandfather winds a white turban every Friday before he sets off for the mosque.	1000	
rawani	A ranar naɗin sarauta, sabon hakimi ya sa rawani mai launin shuɗi.	On the day of his installation the new district head wore a blue turban.	1000	
rawani	Ina ganin rawani ya fi kowace hula daraja a idon manyan gari.	To my mind a turban carries more dignity than any cap in the eyes of the town elders.	1000	
makiyayi	Makiyayi ya kori shanunsa zuwa rafi tun kafin rana ta fito.	The herder drove his cattle down to the stream before the sun was even up.	1001	
makiyayi	Alƙalin gari ya sasanta makiyayi da manomi bayan shanunsa sun shiga gonar dawa.	The town judge reconciled a herder and a farmer after the herder's cattle got into the sorghum field.	1001	
makiyayi	Na yi mamakin yadda makiyayi ya san kowace akuya a garkensa.	I was amazed at how the herder knew every single goat in his herd.	1001	
istihara	Kafin ta amince da auren, ta yi istihara har dare uku a jere.	Before she agreed to the marriage she prayed istikhara three nights running.	1002	
istihara	Malam ya shawarce ni da in yi istihara kafin in karɓi aikin Legas.	The malam advised me to pray istikhara before I accepted the job in Lagos.	1002	
istihara	Bayan na yi istihara, zuciyata ta kwanta kuma na daina jin tsoron tafiyar.	After I prayed istikhara my heart settled and I stopped dreading the journey.	1002	
alfadari	Alfadari ya ɗauki buhunan gishiri har ƙauyen da ke bayan tsauni.	The mule carried the sacks of salt all the way to the village behind the hill.	1003	
alfadari	A kasuwar Kano, na sayi alfadari mai ƙarfi don jigilar kayan gona.	At the Kano market I bought a strong mule for hauling produce from the farm.	1003	
alfadari	Alfadari ya fi doki haƙuri a hanya, amma taurin kansa yakan ba ni haushi.	A mule outlasts a horse on the road, but its stubbornness drives me mad.	1003	
tasku	Manajan ya nuna wa maʼaikatansa tasku har suka bar kamfanin gaba ɗaya.	The manager treated his workers with such cruelty that they all walked out of the company.	1004	
tasku	Kar ka yi wa jakinka tasku, don shi ma halitta ne mai jin zafi.	Don't be cruel to your donkey; it too is a creature that feels pain.	1004	
tasku	Tasku ba ya kawo albarka; sarkin da ya zalunci talakawansa ba ya daɗewa.	Cruelty brings no blessing; a ruler who oppresses his subjects does not last long.	1004	
guna	Kakata takan nika ƙwayar guna ta dafa miya mai daɗi ga jikokinta.	My grandmother grinds guna melon seeds and cooks a tasty soup for her grandchildren.	1005	
guna	Manoma sun kwaso guna daga gona suka kai kasuwar Gwarzo da safe.	The farmers gathered the guna melons from the field and took them to Gwarzo market at dawn.	1005	
guna	Na ciji guna ina tsammanin kankana ce, sai bakina ya cika da ɗaci.	I bit into a guna melon thinking it was a watermelon, and my mouth filled with bitterness.	1005	
attaura	Malamin ya bayyana cewa an saukar da Attaura ga Annabi Musa a Dutsen Sina.	The teacher explained that the Torah was sent down to the Prophet Musa on Mount Sinai.	1006	
attaura	A ɗakin karatun jamiʼa, na sami tsohuwar Attaura da aka rubuta da Ibrananci.	In the university library I came across an old Torah written in Hebrew.	1006	
attaura	Ina son karanta Attaura domin in fahimci labaran annabawa da muka koya tun ƙuruciya.	I want to read the Torah so that I can understand the prophets' stories we learned as children.	1006	
kos	Yara suna wasan karta a ƙarƙashin bishiya, sai Musa ya fitar da kos.	The children were playing cards under the tree when Musa brought out the trump.	1007	
kos	Lauyan ya ajiye shaidarsa ta ƙarshe kamar kos har ranar shariʼa ta zo.	The lawyer saved his last witness like a trump card until the day of the trial.	1007	
kos	Kullum ina ganin zan yi nasara, sai kakana ya buga kos ya ci wasan.	Every time I think I am about to win, my grandfather plays a trump and takes the game.	1007	
sila	Mantawa da kashe wutar lantarki ya zama sila ga gobarar da ta ci kicin.	Forgetting to switch off the electricity was the cause of the fire that gutted the kitchen.	1008	
sila	Rashin biyan albashi tsawon wata uku ya zama sila ta yajin aikin malamai.	Three months of unpaid salaries became the cause of the teachers' strike.	1008	
sila	Maƙwabciyata ce sila ta samun wannan aiki, ba zan taɓa mantawa ba.	My neighbour is the reason I got this job, and I will never forget it.	1008	
akushi	Kakata takan zuba tuwon masara a cikin akushi kafin mu zauna mu ci.	My grandmother ladles the maize tuwo into the wooden bowl before we sit down to eat.	1009	
akushi	Mai gidan cin abinci ya kawo mana tuwo a cikin baƙin akushi.	The restaurant owner brought us tuwo in a blackened wooden bowl.	1009	
akushi	Ina son akushin nan domin kakana ne ya sassaƙa shi da hannunsa.	I love this bowl because it was my grandfather who carved it with his own hands.	1009	
kifa	Bayan ta wanke kwanoni, sai ta kifa su a kan tebur don su bushe.	After she washed the bowls, she turned them upside down on the table to dry.	1010	
kifa	Iska mai ƙarfi ta kifa jirgin ruwan masunta a tafkin Chadi.	A strong wind capsized the fishermen's boat on Lake Chad.	1010	
kifa	Na damu sosai lokacin da ƙaramin yaro ya kifa tukunyar miya a ƙasa.	I was really upset when the little boy tipped the soup pot over onto the floor.	1010	
nim	Da safe nakan karya reshen nim in yi asawaki kafin in tafi makaranta.	In the morning I snap off a neem twig to clean my teeth before I leave for school.	1011	
nim	Mai magani yana sayar da ganyen nim ga masu fama da zazzaɓi.	The herbalist sells neem leaves to people who are suffering from fever.	1011	
nim	Na fi son inuwar nim da ke gaban masallaci fiye da kowace bishiya.	I prefer the shade of the neem tree in front of the mosque to that of any other tree.	1011	
hutsu	Kawuna hutsu ne ƙwarai, kowa a gida yana tsoron tayar masa da hankali.	My uncle is thoroughly cantankerous; everyone at home is afraid of setting him off.	1012	
hutsu	Direbanmu hutsu ne, yakan yi wa fasinjoji ihu a kowace tashar mota.	Our driver is a cranky man; he shouts at the passengers at every motor park.	1012	
hutsu	Tun da ya rasa aiki, ya zama hutsu, yana fushi kan kowane ƙaramin abu.	Since he lost his job he has turned cantankerous, flaring up over every little thing.	1012	
albarushi	Mafarauta sun sayi albarushi a kasuwa kafin su shiga daji da safe.	The hunters bought gunpowder at the market before heading into the bush at dawn.	1014	
albarushi	Kada ka ajiye albarushi kusa da wuta, domin zai iya tarwatsa gidan.	Don't keep gunpowder near a fire, because it could blow the house apart.	1014	
albarushi	Warin albarushi ya cika gari bayan an harba bindigogi don murnar sallah.	The smell of gunpowder hung over the town after guns were fired to celebrate the Sallah.	1014	
zarto	Kafinta ya ɗauki zarto ya yanke katako biyu don gyaran ƙofar shago.	The carpenter picked up a saw and cut two planks to repair the shop door.	1015	
zarto	Zarton da ke rataye a bango ya yi tsatsa saboda ruwan damina.	The saw hanging on the wall has rusted because of the rainy-season damp.	1015	
zarto	Yarinyar nan zarto ce, tana gama aikin gida kafin sauran su tashi.	That girl is a live wire; she finishes the housework before the others are even up.	1015	
laima	Mahaifiyata takan buɗe laima don kare kanta daga rana yayin tafiya kasuwa.	My mother opens an umbrella to shield herself from the sun on the walk to the market.	1016	
laima	Sun kafa babbar laima a farfajiya domin baƙin bikin auren su zauna.	They pitched a big tent in the courtyard so the wedding guests would have somewhere to sit.	1016	
laima	Ina jin daɗin sauraron ruwa yana bugun laima lokacin da muke tafiya makaranta.	I love listening to the rain drumming on the umbrella while we walk to school.	1016	
tunku	Tunku ya shiga garken kaji da dare ya kashe manyan kaji biyu.	A mongoose got into the chicken pen at night and killed two of the big hens.	1018	
tunku	Yara sun bi tunku har cikin ramin da ke bayan makarantar.	The children chased a mongoose all the way into the hole behind the school.	1018	
tunku	Ina mamakin yadda tunku yake kai wa maciji hari ba tare da tsoro ba.	It amazes me how a mongoose attacks a snake without the slightest fear.	1018	
cali	Ta ɗauko cali ta cika shi da albasa da tumatir daga kasuwa.	She fetched a mesh bag and filled it with onions and tomatoes from the market.	1019	
cali	Masuntan tafki sukan zuba kifi a cikin cali kafin su kai kasuwa.	The lake fishermen pour their fish into a mesh bag before taking it to the market.	1019	
cali	Kada ka dogara ga Musa, cali ne, kullum yana da wani uzuri.	Don't count on Musa; he is full of excuses and always has one ready.	1019	
ajali	Ajalin miƙa takardun neman aiki ya ƙare gobe, ban ma fara ba.	The deadline for handing in the job application papers ends tomorrow, and I haven't even started.	1021	
ajali	Kwamitin ya sanya ajali mai tsanani, wata biyu kacal don gama gina makarantar.	The committee set a harsh deadline: only two months to finish building the school.	1021	
ajali	Tsohon ya ce ajalin kowa na hannun Allah ne, don haka ba ya damuwa.	The old man said everyone's appointed span is in God's hands, so he does not worry.	1021	
tuntu	Tuntun hular kakana ya tsinke, sai mahaifiyata ta sake ɗinka shi.	The tassel on my grandfather's cap snapped off, so my mother stitched it back on.	1076	
tuntu	Ɗalibai sun sha alfahari da tuntun hulunansu a ranar kammala karatu.	The students were proud of the tassels on their caps on graduation day.	1076	
tuntu	Ban taɓa son hula mai tuntu ba, amma wannan ta yi mini kyau.	I never liked caps with a tassel, but this one actually suits me.	1076	
tanti	Za mu kafa tanti a bayan gida don baƙin da za su zo bikin.	We'll pitch a tent behind the house for the guests coming to the wedding.	1077	
tanti	Likitoci suna yin allurar rigakafi a cikin tanti kusa da babbar hanya.	The doctors are giving vaccinations in a tent beside the main road.	1077	
tanti	Ban ji daɗin kwana a tanti ba, saboda sauro ya hana ni barci.	I hated sleeping in the tent, because the mosquitoes kept me awake all night.	1077	
gwanda	Gwandar da ke gefen rijiya ta nuna, sai muka yanka ta bayan sallah.	The papaya by the well had ripened, so we cut it open after prayers.	1078	
gwanda	Mahaifiyata takan sayi gwanda a kasuwar Sabon Gari kafin ta koma gida.	My mother always buys papaya at Sabon Gari market before heading home.	1078	
gwanda	Ba na son gwanda sosai, amma ƙanwata takan ci ta kowace safiya.	I don't much care for papaya, but my little sister eats it every morning.	1078	
reza	Wanzami ya wanke rezarsa kafin ya fara aske mini gashi.	The barber rinsed his razorblade before he started cutting my hair.	1079	
reza	Kada ka bar reza a kan tebur, yara ƙanana suna wasa a nan.	Don't leave a razorblade on the table — small children play in here.	1079	
reza	Ina jin tsoron reza tun ranar da ta yanke mini yatsa a makaranta.	I've been afraid of razorblades ever since one sliced my finger at school.	1079	
santi	Kakata ta gargaɗe mu kada mu yi santi a gaban baƙi.	My grandmother warned us not to behave badly at table in front of guests.	1080	
santi	Yaron ya nuna santi a wurin biki, ya fara ci kafin a yi addu'a.	The boy disgraced himself at the party by starting to eat before the prayer.	1080	
santi	A gare ni, santi a teburin cin abinci ya fi kowane laifi kunya.	To my mind, bad manners at the dinner table are more shameful than any other fault.	1080	
gurasa	Da safe muna cin gurasa da miyar taushe kafin mu tafi aiki.	In the mornings we eat gurasa bread with pumpkin stew before we head off to work.	1081	
gurasa	Matan unguwarmu suna toya gurasa a tanda tun kafin gari ya waye.	The women of our neighbourhood are baking gurasa in the clay oven before daybreak.	1081	
gurasa	Gurasar Kano ta fi ta ko'ina daɗi, in ji kowane baƙo da ya dandana.	Kano's gurasa beats anyone else's, says every visitor who has ever tasted it.	1081	
darma	Bututun ruwan tsohon gidanmu na darma ne, sai muka sauya shi bara.	The water pipes in our old house were lead, so we replaced them last year.	1082	
darma	Masunta suna ɗaura darma a tarunsu don su nutse cikin ruwa.	The fishermen tie lead weights onto their nets so they sink into the water.	1082	
darma	Likita ya gargaɗe mu cewa darma na da guba ga ƙananan yara.	The doctor warned us that lead is poisonous to small children.	1082	
tsigi	Tsigi ya sauka a bishiyar mangwaro sannan ya fara waƙa da safe.	A warbler landed in the mango tree and started singing first thing in the morning.	1083	
tsigi	Yara sun kama tsigi da tarko, sai kakansu ya sa suka sake shi.	The children trapped a lark, but their grandfather made them let it go.	1083	
tsigi	Ina son jin muryar tsigi da sassafe fiye da ƙarar motoci a hanya.	I'd rather hear a lark at dawn than the racket of cars on the road.	1083	
mafari	Mafarin rashin lafiyarsa shi ne ruwan sanyi da ya sha jiya.	The whole illness started with the cold water he drank yesterday.	1084	
mafari	Malamin tarihi ya bayyana mana mafarin garin Kano da yadda ya girma.	The history teacher explained to us the origins of Kano and how it grew.	1084	
mafari	Ƙaramar magana ce ta zama mafarin gaba tsakanin iyalan biyu na unguwarmu.	One small remark became the beginning of a feud between two families in our neighbourhood.	1084	
tozali	Amarya tana shafa tozali a idanunta kafin a fito da ita.	The bride is lining her eyes with antimony kohl before she is brought out.	1085	
tozali	Mahaifiyata takan sa wa jariri tozali domin kare idanunsa daga ƙura.	My mother always puts kohl on the baby to shield his eyes from the dust.	1085	
tozali	Ban taɓa siyan tozali a kasuwa ba, na fi son wanda kakata ke niƙawa.	I've never bought kohl in the market; I prefer the kind my grandmother grinds herself.	1085	
bafilatani	Wani Bafilatani yakan kawo mana nono kowace safiya kafin kasuwa ta buɗe.	A certain Fulani man brings us fresh milk every morning before the market opens.	1086	
bafilatani	Bafilatani ne ya koya mini yadda ake kiwon shanu a lokacin damina.	It was a Fulani man who taught me how to herd cattle in the rainy season.	1086	
bafilatani	Kakana Bafilatani ne, don haka yana alfahari da harshen Fulfulde ƙwarai.	My grandfather is a Fulani, so he is deeply proud of the Fulfulde language.	1086	
cadi	Mun ketare iyakar Cadi da dare, muna jin tsoron ƴan fashi.	We crossed the border into Chad at night, afraid of bandits the whole way.	1087	
cadi	Fatake daga Cadi sukan zo kasuwar Maiduguri da shanu da rakuma.	Traders from Chad come to the Maiduguri market with cattle and camels.	1087	
cadi	Na damu ƙwarai da yadda tafkin Cadi ke bushewa saboda ƙarancin ruwan sama.	It worries me a great deal how Lake Chad is drying up for lack of rain.	1087	
amalanke	Yaron ya ɗora buhun shinkafa kan amalanke ya tura shi zuwa gida.	The boy loaded the sack of rice onto the pushcart and wheeled it home.	1088	
amalanke	Mai amalanke ya nemi naira ɗari biyu kafin ya kai kayana kasuwa.	The cart pusher asked for two hundred naira before he would take my goods to the market.	1088	
amalanke	Amalanke ɗin ya karye a tsakiyar hanya, sai muka ɗauki kaya a kanmu.	The pushcart broke down halfway along the road, so we carried the load on our heads.	1088	
alkarya	Iyayena suna zaune a wata alkarya mai nisan kilomita talatin daga Kano.	My parents live in a small town thirty kilometres out from Kano.	1089	
alkarya	Malamin ya bar birni ya koma alkarya domin ya koyar da yara.	The teacher left the city and went back to the village to teach the children.	1089	
alkarya	Ban taɓa mantawa da natsuwar rayuwa a alkarya ba, musamman lokacin girbi.	I have never forgotten how peaceful life in a country town is, especially at harvest time.	1089	
haɓe	Kakannina sun ce sarakunan Haɓe sun yi mulki kafin jihadin Usman ɗan Fodiyo.	My grandparents said the Habe kings ruled before Usman dan Fodio's jihad.	1090	
haɓe	Malamin tarihi ya bayyana bambanci tsakanin Haɓe da Fulani a cikin aji.	The history teacher explained the difference between the Habe and the Fulani in class.	1090	
haɓe	Wasu tsofaffi har yanzu suna kiran kansu Haɓe, ba Fulani ba, da alfahari.	Some old people still proudly call themselves Habe, not Fulani.	1090	
aradu	Aradu ta yi ƙara mai ƙarfi, sai jariri ya farka yana kuka.	Thunder cracked loudly, and the baby woke up crying.	1091	
aradu	Aradu ta buge itacen mangwaro a gonar kakana a bara.	Lightning struck the mango tree on my grandfather's farm last year.	1091	
aradu	Duk lokacin da na ji aradu, nakan tuna daren da rufin gidanmu ya tashi.	Every time I hear thunder, I remember the night the roof of our house blew off.	1091	
jahun	Mun sauka a Jahun da yamma domin mu kwana a gidan aboki.	We stopped in Jahun in the evening to spend the night at a friend's house.	1092	
jahun	Asibitin Jahun yana karɓar mata masu juna biyu daga dukan ƙauyukan Jigawa.	The hospital at Jahun takes in pregnant women from every village in Jigawa.	1092	
jahun	Ban san hanyar Jahun ba, don haka na biyo bayan babbar mota.	I did not know the road to Jahun, so I followed along behind a lorry.	1092	
latsa	Mahaifiyata takan latsa lemun tsami cikin ruwa kafin ta zuba sukari.	My mother squeezes a lime into the water before she stirs in the sugar.	1093	
latsa	Mai gyaran waya ya latsa maɓallin sau biyu kafin allon ya haskaka.	The phone repairer pressed the button twice before the screen lit up.	1093	
latsa	Cunkoson mutane a kasuwa ya kusa latsa wani yaro ƙarami har ya yi kuka.	The crush of people at the market nearly squashed a small boy until he burst into tears.	1093	
shuri	Yaran sun tona shuri a bayan gida suna neman gara don kaji.	The children dug open the termite mound behind the house, hunting termites for the chickens.	1094	
shuri	Manomi ya yi amfani da ƙasar shuri wajen gyara bangon rumbunsa.	The farmer used soil from the termite mound to repair the wall of his granary.	1094	
shuri	Shuri ɗin da ke gefen hanya ya fi ni tsayi, yana ba ni mamaki.	That termite mound by the roadside is taller than I am; it astonishes me.	1094	
kasko	Kakata takan zuba fura a kasko kafin ta kai wa baƙi.	My grandmother pours the fura into a clay bowl before carrying it out to the guests.	1095	
kasko	Mai tukwane ya sayar mini da kasko a kasuwar Wudil kan naira ɗari.	The potter sold me an earthenware bowl at the Wudil market for a hundred naira.	1095	
kasko	Na fi son shan koko a kasko domin yana sanyaya shi da sauri.	I prefer drinking koko out of a clay bowl, because it cools the drink quickly.	1095	
gwaiba	Kowace safiya nakan tsinka gwaiba biyu daga itaciyar bayan gidanmu.	Every morning I pick two guavas off the tree behind our house.	1066	
gwaiba	Matar da ke sayar da gwaiba a kasuwar Kurmi ta ƙi rage min kuɗi.	The woman selling guavas at Kurmi market refused to bring the price down for me.	1066	
gwaiba	Ban taɓa cin gwaiba mai zaƙi kamar wadda kakata ke shukawa ba.	I have never eaten a guava as sweet as the ones my grandmother grows.	1066	
maya	Maya ta shiga geron da muka ajiye a rumbu tun bara.	Weevils have got into the millet we put away in the granary last year.	1067	
maya	Manoma sukan zuba maganin maya a cikin buhunan masara kafin su ajiye su.	Farmers pour weevil powder into the maize sacks before they store them away.	1067	
maya	Na ji haushi ƙwarai da na ga maya ta lalata waken da na tanada.	I was furious when I saw that weevils had ruined the beans I had saved up.	1067	
taguwa	Babana yana da taguwa guda ɗaya da yake sawa duk ranar Jumaʼa.	My father owns just one gown, and he wears it every Friday.	1068	
taguwa	Maɗinki ya yi mini taguwa uku kafin Sallah, kowace da launi daban.	The tailor made me three gowns before Sallah, each one a different colour.	1068	
taguwa	Yana jin daɗin sanya farar taguwa duk lokacin da za a yi biki.	He loves putting on a white gown whenever there is a celebration.	1068	
saiwa	Da muka tona ƙasa, sai muka ga saiwa ta toshe bututun ruwan gida.	When we dug into the ground we found that a root had blocked the house's water pipe.	1069	
saiwa	Mai magani ya haƙa saiwa daga daji, sai ya daka ta don maganin zazzaɓi.	The herbalist dug a root out of the bush and pounded it into fever medicine.	1069	
saiwa	Ina ganin ilimi saiwa ce ta ci gaban kowace ƙasa.	To my mind, education is the root of any country's progress.	1069	
ladani	Muryar ladani ta tashe ni tun kafin agogon ƙararrawa ya buga.	The muezzin's voice woke me before my alarm clock had even gone off.	1070	
ladani	Ladani ya yi rashin lafiya, sai wani yaro ya hau ya yi kiran sallah.	The muezzin fell ill, so a boy climbed up and gave the call to prayer instead.	1070	
ladani	Kowa a unguwarmu yana girmama ladani saboda muryarsa mai daɗi da haƙurinsa.	Everyone in our neighbourhood respects the muezzin for his beautiful voice and his patience.	1070	
eka	Kakana ya bar mana gona mai eka uku a bayan ƙauyen.	My grandfather left us a three-acre farm on the far side of the village.	1071	
eka	Mun yi ta noma har muka gama eka biyu kafin ruwan sama ya sauko.	We kept hoeing until we had finished two acres before the rain came down.	1071	
eka	Rikicin eka ɗaya ya raba mahaifina da ɗanʼuwansa har shekara goma.	A quarrel over a single acre kept my father and his brother apart for ten years.	1071	
garwashi	Mahaifiyata ta zuba garwashi a murhu don ta dumama miyar da safe.	My mother put embers in the stove to warm up the soup in the morning.	1072	
garwashi	Mai suya yana busa garwashi da faifai domin naman ya gasu da sauri.	The suya seller fans the embers with a mat so the meat roasts quickly.	1072	
garwashi	Ka yi hankali, garwashi na iya ƙona ƙafarka duk da toka ta rufe shi.	Be careful — embers can still burn your foot even when ash has covered them.	1072	
ƙabila	A birnin Kano kowace ƙabila tana da unguwarta, amma kasuwa tana haɗa kowa.	In Kano city each ethnic group has its own quarter, but the market brings everyone together.	1073	
ƙabila	Iyayenmu sun fito daga ƙabila biyu, don haka muna jin harsuna biyu a gida.	Our parents come from two different ethnic groups, so we speak two languages at home.	1073	
ƙabila	Ina ganin bai kamata ƙabila ta hana mutum samun aiki ba.	I don't think a person's ethnic group should keep them from getting a job.	1073	
gula	Malamin kiɗa ya ba ni gula, ya nuna mini yadda ake bugun ganga.	The drumming teacher handed me a drumstick and showed me how the drum is beaten.	1074	
gula	Kawuna yakan sassaƙa gula daga itacen kirya sannan ya sayar wa maroƙa.	My uncle carves drumsticks out of kirya wood and then sells them to the praise-singers.	1074	
gula	Yaron ya karya gula a tsakiyar bikin, sai maroƙin ya yi fushi ƙwarai.	The boy broke the drumstick in the middle of the wedding, and the drummer was furious.	1074	
sage	Na daɗe ina zaune kan tabarma har ƙafata ta sage gaba ɗaya.	I sat on the mat so long that my leg went completely numb.	1075	
sage	Manomin ya yi noma har bayansa ya sage, sai ya kwanta a inuwa.	The farmer hoed until his back seized up, then he lay down in the shade.	1075	
sage	Tun bayan bugun jini, gefen jikin kakana ya sage, ba ya iya tafiya.	Ever since the stroke, one side of my grandfather's body has been paralysed and he cannot walk.	1075	
fis	Fis ɗin gidanmu ya ƙone da daddare, sai muka kwana cikin duhu.	The fuse in our house blew during the night, so we slept in darkness.	1096	
fis	Mai gyaran wutar lantarki ya sayo sabon fis a kasuwar Sabon Gari.	The electrician went and bought a new fuse at Sabon Gari market.	1096	
fis	Na gaji da yadda fis ke ƙonewa duk lokacin da aka kunna janareta.	I am tired of the way the fuse blows every time the generator is switched on.	1096	
yayyafi	Yayyafi ya fara sauka, sai mahaifiyata ta ce mu tattara tufafin da muka shanya.	A drizzle began to fall, so my mother told us to gather in the washing we had hung out.	1097	
yayyafi	Yayyafi ya sauka a kasuwa, sai ʼyan kasuwa suka rufe kayansu da leda.	Light rain came down on the market, so the traders covered their goods with plastic sheeting.	1097	
yayyafi	Ina son yayyafi na safe fiye da ruwan sama mai ƙarfi da tsawa.	I prefer a morning drizzle to heavy rain with thunder.	1097	
diga	Baba ya ɗauki diga ya fara tona rami don shuka itacen mangwaro.	Father picked up the pickaxe and started digging a hole to plant a mango tree.	1098	
diga	Maʼaikatan hanya suna fasa dutse da diga tun kafin rana ta yi zafi.	The road workers break the rock with a pickaxe well before the sun turns hot.	1098	
diga	Bayan saʼa ɗaya kawai ina aiki da diga, hannuwana sun fara ciwo.	After only one hour of working with the pickaxe, my hands began to hurt.	1098	
ashana	Kwalin ashana ya jiƙa da ruwan sama, sai muka kasa kunna fitila.	The box of matches got soaked by the rain, so we could not light the lamp.	1099	
ashana	Mai shayi ya kunna murhunsa da ashana kafin ʼyan achaba su iso.	The tea seller lit his stove with a match before the motorcycle-taxi riders arrived.	1099	
ashana	Kada ka bar ashana a hannun yara, don wuta ba wasa ba ce.	Don't leave matches in children's hands, because fire is no joke.	1099	
kaciya	An yi wa ƙanena kaciya a asibiti, bai ma yi kuka ba.	My little brother was circumcised at the hospital, and he did not even cry.	1100	
kaciya	Bikin kaciyar jikan Malam Sani ya tara maƙwabta duka a unguwarmu.	The celebration for the circumcision of Malam Sani's grandson brought together every neighbour in our quarter.	1100	
kaciya	Likita ya ce a yi kaciya tun yana jariri, don hakan ya fi sauƙi.	The doctor said the circumcision should be done while he is still a baby, since that is easier.	1100	
maryamu	Maryamu ta tashi da sassafe ta dafa koko ta soya ƙosai wa yara.	Maryamu got up at first light, cooked millet porridge and fried bean cakes for the children.	1101	
maryamu	Maryamu ce ta fi kowa maki a jarrabawar lissafi a ajinmu.	It was Maryamu who scored higher than anyone else on the maths exam in our class.	1101	
maryamu	Malamin makaranta ya karanta mana labarin Maryamu, sai ajin duka ya yi shiru.	The teacher read us the story of Maryamu, and the whole class fell silent.	1101	
bargo	Sanyin hunturu ya yi tsanani, sai na ƙara wani bargo a kan gado.	The harmattan cold turned bitter, so I put another blanket on the bed.	1102	
bargo	Ƙungiyar agaji ta ba kowane iyali bargo ɗaya bayan ambaliyar ruwa.	The relief organisation gave every family one blanket after the flood.	1102	
bargo	Bargon da kakata ta saƙa mini ya fi duk wanda na saya ɗumi.	The blanket my grandmother wove for me is warmer than any one I have bought.	1102	
garu	Ruwan sama ya rushe garun gidanmu, sai awakin maƙwabta suka shiga lambu.	The rain brought down our compound wall, and the neighbours' goats got into the garden.	1103	
garu	Masu yawon buɗe ido suna ɗaukar hoto a gaban tsohon garun birnin Kano.	Tourists are taking photographs in front of the old city wall of Kano.	1103	
garu	Mahaifina ya ce garu mai tsawo ba ya hana ɓarawo, sai kyakkyawan maƙwabci.	My father says a high wall does not keep a thief out — only a good neighbour does.	1103	
sakiya	Ɗinkin rigar bai yi mini ba, sai na koma wurin maɗinki don sakiya.	The gown was not sewn to fit me, so I went back to the tailor for an alteration.	1104	
sakiya	Kwamitin ya yi sakiya a dokokin ƙungiyar bayan muhawara ta kwana biyu.	The committee made an amendment to the association's rules after a two-day debate.	1104	
sakiya	Sakiyar da suka yi a jadawalin jirgi ta ɓata mini tafiyar bikin.	The change they made to the train timetable ruined my journey to the wedding.	1104	
mahalli	Ka mayar da kayan aiki a mahallinsu bayan kun gama gyaran rijiya.	Put the tools back where they belong once you have finished repairing the well.	1105	
mahalli	Malam ya ce maʼanar kalma takan sauya bisa ga mahallin jimlar da take ciki.	The teacher said a word's meaning shifts according to the context of the sentence it sits in.	1105	
mahalli	Ba na jin daɗin zama a wannan mahalli, domin hayaniya ba ta ƙarewa.	I do not enjoy living in this place, because the noise never stops.	1105	
hole	Bayan jarrabawar ƙarshe, mun hole a gidan kakata har dare ya yi.	After the last exam we relaxed at my grandmother's house until nightfall.	1129	
hole	Maʼaikatan kamfanin sun hole a Kano bayan sun kammala aikin watanni uku.	The company's workers unwound in Kano after finishing three months on the job.	1129	
hole	A ganina, ya kamata kowa ya hole kaɗan kafin ya koma aikinsa.	In my view everyone ought to enjoy themselves a little before going back to work.	1129	
fula	Kafin mu fita zuwa masallaci, mahaifina ya nemi fula tasa a ɗaki.	Before we set off for the mosque my father hunted for his cap in the bedroom.	1130	
fula	Mai sayar da fula a kasuwar Kano ya rage min kuɗi saboda na saba.	The cap seller in Kano market knocked something off the price because I'm a regular.	1130	
fula	Ina son wannan fula ja, amma farashinta ya fi ƙarfina.	I love this red fez, but the price is well beyond my means.	1130	
sahihi	Ban yarda da wannan labari ba sai na ji daga wani tushe sahihi.	I won't believe this story until I hear it from a reliable source.	1131	
sahihi	Malamin ya karanta mana hadisi sahihi kafin ya fara huɗubar Jumaʼa.	The teacher read us an authentic hadith before he began the Friday sermon.	1131	
sahihi	Masana sun ce hoton ba sahihi ba ne, an gyara shi da kwamfuta.	The experts said the photograph isn't genuine — it was doctored on a computer.	1131	
bajau	Yara sun shimfiɗa bajau a ƙarƙashin bishiyar mangwaro suka fara buga karta.	The lads spread the playing cloth out under the mango tree and started a game of cards.	1132	
bajau	Bayan an tashi daga wasa, Musa ya naɗe bajau ya sa a jaka.	Once the game broke up, Musa rolled the card cloth away and stuffed it in a bag.	1132	
bajau	Mahaifina ba ya son bajau a gidansa, yana cewa wasan karta banza ne.	My father won't have a card cloth in his house; he says card playing is a waste of time.	1132	
tsatsa	Ƙofar ƙarfe ta yi tsatsa saboda ruwan sama, yanzu ba ta buɗewa.	The iron gate has rusted from the rain, and now it won't open.	1133	
tsatsa	Makanike ya goge tsatsa daga injin motar kafin ya sa sabon fenti.	The mechanic scrubbed the rust off the car's engine before putting on fresh paint.	1133	
tsatsa	Ina jin haushin ganin tsatsa a kan sabuwar motata bayan wata uku kacal.	It infuriates me to see rust on my new car after barely three months.	1133	
shaihi	Mutane sun cika masallaci domin sauraron shaihi da ya dawo daga Makka.	People packed the mosque to hear the great scholar who had come back from Mecca.	1134	
shaihi	Kakana shaihi ne a garinmu, kowa yakan zo neman shawararsa da yamma.	My grandfather is a revered scholar in our town; everyone comes for his counsel in the evening.	1134	
shaihi	Kowane malami ba shaihi ba ne, sai wanda ya yi shekaru yana nazari.	Not every teacher is a true scholar — only one who has spent years at his studies.	1134	
asham	Bayan mun buɗa baki, muka tafi masallaci domin sallar asham tare da maƙwabta.	After we broke our fast we walked to the mosque for the tarawih prayers with the neighbours.	1135	
asham	Limamin garinmu yakan tsawaita asham a kwanaki goma na ƙarshe na Ramadan.	Our town's imam draws the tarawih out longer during the last ten nights of Ramadan.	1135	
asham	Na gaji sosai jiya, amma ban rasa asham ba domin ina son karatun limamin.	I was worn out yesterday, but I didn't miss the tarawih because I love the imam's recitation.	1135	
wasali	Malamar ta rubuta wasali a allo, ta nemi yara su maimaita sautinsa.	The teacher wrote a vowel on the blackboard and asked the children to repeat its sound.	1136	
wasali	A cikin harshen Hausa, kowace kalma tana buƙatar wasali tsakanin baƙaƙe biyu.	In Hausa every word needs a vowel between any two consonants.	1136	
wasali	Ina fama da wasali mai tsawo, saboda rubutun Hausa bai nuna tsawon sauti ba.	I struggle with the long vowel, because Hausa spelling gives no sign of vowel length.	1136	
sharifi	Mutanen unguwar suna girmama shi domin sharifi ne daga zuriyar Annabi.	The people of the neighbourhood hold him in honour because he is a sharif of the Prophet's line.	1137	
sharifi	Kakata takan ce mahaifinta sharifi ne wanda ya zo daga Madina.	My grandmother always says her father was a sharif who came from Medina.	1137	
sharifi	Ina mamakin yadda sharifi yake rayuwa cikin tawaliʼu duk da darajarsa.	It amazes me how humbly the sharif lives in spite of his standing.	1137	
makwanci	Bayan doguwar tafiya, muka nemi makwanci a gidan wani malami a ƙauyen.	After the long journey we looked for somewhere to sleep at a teacher's house in the village.	1138	
makwanci	Maʼaikatan gona sun shirya makwanci a rumfa domin ruwan sama ya kama su.	The farm hands rigged up a place to sleep in the shed because the rain caught them out.	1138	
makwanci	Allah ya sanya makwancinsa ya zama mai sanyi, in ji imamin a janaʼizar.	May God make his resting place cool, the imam said at the funeral.	1138	
ayu	Kakana ya ce ya taɓa ganin ayu a kogin Neja tun yana yaro.	My grandfather says he once saw a manatee in the River Niger when he was a boy.	1116	
ayu	Masuntan Yauri sun daina kama ayu tun da gwamnati ta haramta farautarsa.	The fishermen of Yauri stopped catching manatees once the government banned hunting them.	1116	
ayu	Yaran makaranta sun yi mamakin girman ayu a gidan namun daji na Jos.	The schoolchildren were astonished at how big the manatee was at the Jos wildlife park.	1116	
ƙanana	Yara ƙanana suna wasa a bayan gida har rana ta faɗi.	The little children play behind the house until the sun goes down.	1118	
ƙanana	Tumatir ɗin da yake sayarwa duk ƙanana ne, don haka na wuce.	The tomatoes he was selling were all small ones, so I walked on past.	1118	
ƙanana	Gidan yana da kyau, sai dai ɗakunansa ƙanana ne ƙwarai.	The house is nice enough, except that its rooms are really small.	1118	
magini	Magini ya ce dole mu jira sati biyu kafin bangon ya bushe.	The builder said we have to wait two weeks before the wall dries.	1119	
magini	Mun ɗauki magini daga Kano don ya gyara rufin makarantar kafin damina.	We brought in a builder from Kano to repair the school roof before the rains.	1119	
magini	Ina mamakin yadda magini ɗaya ya gina wannan katafaren gida cikin wata uku.	I am amazed that a single builder put up this huge house in three months.	1119	
bel	Direban ya ƙi tashi har sai kowa ya ɗaura bel ɗinsa.	The driver refused to set off until everyone had fastened their seatbelt.	1120	
bel	Bel ɗina ya yi tsawo, sai na huda masa wani rami.	My belt turned out too long, so I punched another hole in it.	1120	
bel	Na tsorata sosai lokacin da mota ta yi birki, amma bel ya riƙe ni.	I was badly frightened when the car braked hard, but the seatbelt held me.	1120	
dahir	Bayan kwana uku ana bincike, sai muka gane cewa jita-jitar ba dahir ba ne.	After three days of looking into it, we realised the rumour was not the truth.	1121	
dahir	Talaucin da muke ciki a ƙauye dahir ne, ba labarin da aka ƙaga ba.	The poverty we live in out in the village is a reality, not a made-up story.	1121	
dahir	Da farko ban gaskata ba, sai da na ga dahirin lamarin da idona.	At first I didn't believe it, not until I saw the truth of the matter with my own eyes.	1121	
ciyawa	Kowace safiya makiyayi yakan kai shanunsa inda ciyawa ta fi yawa.	Every morning the herdsman takes his cattle to where the grass is thickest.	1122	
ciyawa	Ciyawa ta cika farfajiyar gidan, sai na aro adda wajen maƙwabci.	Grass has taken over the compound yard, so I borrowed a machete from the neighbour.	1122	
ciyawa	Bayan ruwan sama, ƙanshin sabuwar ciyawa yakan tuna mini ƙuruciyata a ƙauye.	After rain, the smell of fresh grass always reminds me of my childhood in the village.	1122	
tabarau	Kakata ba ta iya karanta Alƙurʼani sai ta sanya tabarau mai kauri.	My grandmother can't read the Qur'an unless she puts on her thick glasses.	1124	
tabarau	Likita ya ce sai na sa tabarau idan ina karatu da dare.	The doctor said I must wear glasses whenever I read at night.	1124	
tabarau	Na yi ta neman tabarau na, ashe yana kan kaina tun farko.	I hunted everywhere for my glasses, and all along they were sitting on my head.	1124	
guru	Ɗan kokawa ya ɗaura guru a ƙugunsa kafin ya shiga dandali.	The wrestler tied his charm-belt around his waist before stepping into the arena.	1126	
guru	Wani tsoho yana sayar da guru a kasuwar Kurmi kowace Jumaʼa.	An old man sells charm-belts at Kurmi market every Friday.	1126	
guru	Kakana ya bar mini guru ɗinsa, amma mahaifina ya ce kada in sa shi.	My grandfather left me his charm-belt, but my father told me never to wear it.	1126	
addaba	Sauro sun yi mini addaba tsawon dare, don haka ban yi barci ba.	Mosquitoes tormented me the whole night, so I never got any sleep.	1127	
addaba	Shugaban aiki yana yi mata addaba har sai da ta yi murabus.	Her boss kept harassing her until she finally resigned.	1127	
addaba	Ban iya jure addaba daga maƙwabta ba, sai na ƙaura zuwa wata unguwa.	I couldn't put up with the harassment from the neighbours, so I moved to another neighbourhood.	1127	
zik	Zik ɗin jakata ya karye a hanya, sai littattafai suka fara zubowa.	The zip on my bag broke on the way, and the books started spilling out.	1128	
zik	Maɗinki ya ce zai sauya zik ɗin wandona kafin ranar Jumaʼa.	The tailor said he would replace the zip on my trousers before Friday.	1128	
zik	Yarinyar ta yi kuka domin ba ta iya rufe zik ɗin rigarta ita kaɗai.	The little girl cried because she couldn't do up the zip of her dress on her own.	1128	
wanwar	Yaron ya taka bawon ayaba ya faɗi wanwar a tsakiyar ɗaki.	The boy stepped on a banana peel and went flat on his back in the middle of the room.	1106	
wanwar	Da ya zame a kan laka, sai ya faɗi wanwar gaban mutanen kasuwa.	He slipped in the mud and went sprawling flat on his back in front of the whole market.	1106	
wanwar	Ban taɓa jin kunya ba kamar ranar da na faɗi wanwar a bikin.	I have never been so ashamed as the day I fell flat on my back at the wedding.	1106	
caka	Muna buga karta a bakin shago, sai Audu ya fitar da caka.	We were playing cards outside the shop when Audu brought out a club.	1107	
caka	Kowane katin da na ja daga tsibin ya zama caka.	Every single card I drew off the pile turned out to be a club.	1107	
caka	Kakana ya ce caka shi ne katin saʼa, amma ban yarda ba.	My grandfather says clubs is the lucky suit, but I don't believe it.	1107	
gunda	Kada ki tsinke gunda tukuna, bari kabewar ta nuna a gona.	Don't pick the young pumpkin yet — let it ripen out in the field.	1108	
gunda	Yaran gona sun cika kwando da gunda kafin ruwan sama ya sauka.	The farm boys filled a basket with young pumpkins before the rain came down.	1108	
gunda	Ba na son gunda ko kaɗan, amma kakata ta ce tana da amfani.	I don't like unripe pumpkin at all, but my grandmother says it does you good.	1108	
kurna	Mahaifiyata takan tafasa ganyen kurna don ta wanke gashin yara.	My mother boils thorn-tree leaves to wash the children's hair.	1109	
kurna	Ƙayar kurna ta huda min takalmi yayin da nake kiwon shanu.	A thorn-tree spike went straight through my shoe while I was herding the cattle.	1109	
kurna	Duk lokacin da na ga kurna, sai in tuna da gidan kakana.	Every time I see a thorn tree, I think of my grandfather's compound.	1109	
jidali	Kullum ana jidali a tashar mota kan kuɗin motar zuwa Kano.	There is always an argument at the motor park over the fare to Kano.	1110	
jidali	Jidali ya barke a taron ƙauyen kan wanda zai jagoranci aikin.	A dispute broke out at the village meeting over who would lead the work.	1110	
jidali	Na gaji da jidali tsakanin ʼyan uwana kan gadon mahaifinmu.	I am worn out by the wrangling among my siblings over our father's inheritance.	1110	
kife	Kaza ta kife kwanon shinkafa a ƙasa kafin mu gama cin abinci.	The hen knocked the bowl of rice over onto the ground before we had finished eating.	1111	
kife	Mai sayar da gyaɗa ya kife kwandonsa a kan tabarma don ya auna.	The groundnut seller tipped his basket out onto the mat so he could measure it.	1111	
kife	Zuciyata ta yi tsalle lokacin da kwale-kwalen ya kife a tsakiyar kogi.	My heart jumped when the canoe capsized in the middle of the river.	1111	
rumbu	Bayan girbi, mun cika rumbu da gero har bakinsa.	After the harvest we filled the granary with millet right up to its mouth.	1112	
rumbu	Sarki ya umarce mu da mu buɗe rumbu domin a raba hatsi.	The chief ordered us to open the granary so the grain could be shared out.	1112	
rumbu	Ina tsoron cewa rumbu zai zama fanko kafin damina ta dawo.	I am afraid the granary will stand empty before the rains come back.	1112	
bisimilla	Bisimilla, ku zauna ku ci tuwo kafin ya yi sanyi.	Come now, sit down and eat the tuwo before it goes cold.	1113	
bisimilla	Da baƙi suka iso, kakata ta miƙa musu kwano tana cewa bisimilla.	When the guests arrived, my grandmother handed them a bowl and said bisimilla — help yourselves.	1113	
bisimilla	A gidanmu, ba wanda zai taɓa abinci sai baba ya ce bisimilla.	In our house nobody touches the food until father says bisimilla.	1113	
kadari	Ban sani ba ko kadari ya yi yawa, don haka na tambayi maƙwabciyata.	I couldn't tell whether the price was too high, so I asked my neighbour.	1114	
kadari	A kasuwar dabbobi, kadari yakan sauka idan ruwan sama ya yi yawa.	At the livestock market the price usually drops when the rains have been heavy.	1114	
kadari	A ganina, kadari ba ya nuna soyayyar da ke cikin kyauta ba.	To my mind, the price of a gift says nothing about the love inside it.	1114	
biza	Na kwana biyu a ofishin jakadanci kafin su ba ni biza.	I spent two whole days at the embassy before they gave me a visa.	1115	
biza	Yayana ya aiko da kuɗin biza domin mu tafi aikin hajji.	My elder brother sent the visa money so that we could go on the hajj.	1115	
biza	Na yi baƙin ciki lokacin da suka ƙi ba ni biza karo na biyu.	I was heartbroken when they refused me a visa for the second time.	1115	
husufi	Yara sun fito daga gida su kalli husufin rana da tabarau masu duhu.	The children came out of the house to watch the solar eclipse through dark glasses.	1139	
husufi	Malamin makaranta ya zana a kan allo yadda husufin rana ke faruwa.	The schoolteacher drew on the blackboard how a solar eclipse happens.	1139	
husufi	Kakata ta ce husufi alama ce ta ikon Allah, ba abin tsoro ba.	My grandmother said an eclipse is a sign of God's power, not something to be afraid of.	1139	
duri	Ungozoma ta yi wa mata jawabi kan tsaftar duri bayan haihuwa.	The midwife gave the women a talk on vaginal hygiene after childbirth.	1140	
duri	Likita ya gaya mata cewa ciwon duri yakan warke da magani cikin mako guda.	The doctor told her that a vaginal infection usually clears up with medicine within a week.	1140	
duri	Mata da yawa suna jin kunyar ambaton duri, don haka ba sa zuwa asibiti.	Many women are too embarrassed to say the word vagina, so they never go to the clinic.	1140	
makari	Maciji ya sare yaron, mahaifinsa kuwa ya garzaya zuwa asibiti neman makari.	A snake bit the boy, and his father rushed off to the hospital to look for an antidote.	1141	
makari	Maʼaikatan asibitin sun ce babu makarin dafin kunama a duk garin nan.	The hospital staff said there is no antidote for scorpion venom anywhere in this town.	1141	
makari	Malaminmu ya ce haƙuri shi ne makarin fushi, ba ramuwa ba.	Our teacher said patience is the antidote to anger, not revenge.	1141	
gwaza	Mahaifiyata ta dafa gwaza, ta zuba mai da yaji a kai.	My mother boiled the taro and poured oil and pepper spice over it.	1142	
gwaza	A kasuwar Kurmi, mata suna sayar da gwaza da doya kusa da hanya.	At Kurmi market the women sell taro and yam right beside the road.	1142	
gwaza	Manoma sun koka cewa ambaliya ta lalata gwazar da suka shuka bana.	The farmers complained that the flood destroyed the taro they had planted this year.	1142	
tubarkalla	Da yaron ya fara tafiya, kakansa ya ɗaga hannu ya ce, “Tubarkalla!”	When the little boy took his first steps, his grandfather raised his hand and said, “Praise God!”	1143	
tubarkalla	Iyaye sun yi ta cewa “Tubarkalla!” saʼad da yaran suka sauke Alƙurʼani.	The parents kept calling out “Bravo!” as the children finished their recitation of the Qurʼan.	1143	
tubarkalla	Tubarkalla! Ban taɓa ganin an gina masallaci cikin wata biyu ba.	Praise God! I have never seen a mosque put up in two months.	1143	
ibilis	Kakata takan ce, “Ka nemi tsarin Allah daga ibilis kafin ka kwanta barci.”	My grandmother would always say, “Ask God to protect you from the devil before you lie down to sleep.”	1144	
ibilis	Limami ya gargaɗi mabiya cewa ibilis yakan haifar da rigima tsakanin maƙwabta.	The imam warned the congregation that the devil is forever stirring up quarrels between neighbours.	1144	
ibilis	Alƙali ya ce ba ibilis ne ya sace kuɗin ba, ƙwaɗayin ɓarawon ne.	The judge said it was not the devil who stole the money, but the thief's own greed.	1144	
tozo	Mahauci ya yanke tozon sa ya sayar da shi da tsada a kasuwa.	The butcher cut off the bull's hump and sold it at a high price in the market.	1145	
tozo	Raƙuma sun isa rijiyar, tozonsu ya ragu bayan doguwar tafiya a hamada.	The camels reached the well with their humps shrunken after the long journey across the desert.	1145	
tozo	Yaron ya tambaye ni ko ruwa ne ke cikin tozon raƙumi, na yi murmushi.	The boy asked me whether it is water that sits inside a camel's hump, and I smiled.	1145	
hakkan	Hakkan, ba zan taɓa mantawa da ranar da muka isa Makka ba.	Truly, I will never forget the day we arrived in Mecca.	1146	
hakkan	Shaidun sun tabbatar cewa hakkan mutumin bai kusanci shagon ba a daren satar.	The witnesses confirmed that the man really did not go near the shop on the night of the theft.	1146	
hakkan	Hakkan na gaji yau, tun safe nake wanki har rana ta faɗi.	I am truly worn out today; I have been washing clothes from morning until sundown.	1146	
ulu	Kakata tana saƙa wa jikanta hular ulu kafin hunturu ya kama.	My grandmother is knitting her grandson a wool cap before the harmattan cold sets in.	1147	
ulu	Ɗan kasuwa ya kawo zaren ulu daga Kano, mata suka yi ta sayayya.	A trader brought wool thread down from Kano, and the women kept buying it up.	1147	
ulu	Rigar ulu tana ɗumama ni sosai, amma tana sa min ƙaiƙayi.	The wool sweater keeps me really warm, but it makes me itch.	1147	
mulukiya	Malamin tarihi ya bayyana yadda mulukiya ta bambanta da mulkin dimokuraɗiyya.	The history teacher explained how a monarchy differs from democratic rule.	1148	
mulukiya	Kakana yakan ba mu labarin mulukiyar da ta yi mulki kafin zuwan Turawa.	My grandfather used to tell us about the monarchy that ruled here before the Europeans came.	1148	
mulukiya	Ban yarda ba, a mulukiya talakawa ba sa zaɓen shugabanninsu.	I don't agree: under a monarchy ordinary people never get to elect their leaders.	1148	
yi	Da sassafe na yi wanki, sannan na dafa wa yara kunu.	Early in the morning I did the laundry, then I made the children some kunu.	1162	
yi	Ya yi shekara goma yana aiki a bankin Kano kafin ya yi murabus.	He spent ten years working at the bank in Kano before he resigned.	1162	
yi	Abincin da mahaifiyata ta dafa jiya ya yi daɗi ƙwarai.	The food my mother cooked yesterday was absolutely delicious.	1162	
nan	Rigar nan da na saya a kasuwar Kurmi ba ta yi mini ba.	This gown I bought at Kurmi market doesn't fit me.	1163	
nan	Tun daga safe muke zaune a nan, amma likitan bai zo ba tukuna.	We have been sitting here since morning, but the doctor still hasn't come.	1163	
nan	Daga nan zuwa Kaduna tafiya ce ta awa uku, ina jin gajiya tuni.	From here to Kaduna is a three-hour journey, and I'm tired already.	1163	
sun	Yaran sun dawo daga makaranta, sun ci abinci, yanzu suna wasa a waje.	The children got back from school, ate, and now they're playing outside.	1165	
sun	Maƙwabtanmu sun ƙaura zuwa Kano tun watan da ya wuce.	Our neighbours moved away to Kano last month.	1165	
sun	Abin mamaki ne, sun gama gina masallacin cikin watanni uku kacal.	It's astonishing — they finished building the mosque in just three months.	1165	
tafi	Kowace safiya mahaifina yakan tafi gona kafin rana ta fito.	Every morning my father goes off to the farm before the sun comes up.	1167	
tafi	Mun tafi bikin auren ƙanwata a Zariya, muka dawo da daddare.	We went to my younger sister's wedding in Zaria and came back late at night.	1167	
tafi	Bai kamata ka tafi ba kafin mu warware wannan matsala tsakaninmu.	You shouldn't leave before we settle this problem between us.	1167	
sai	Idan ruwan sama ya tsaya, sai mu fita mu kama tasi.	Once the rain stops, then we'll go out and catch a taxi.	1168	
sai	A kasuwar nan ba a karɓar katin banki, sai kuɗi na hannu.	In this market they don't take bank cards, only cash.	1168	
sai	Ban gane darasin ba sai da malamin ya sake bayyana shi a hankali.	I didn't understand the lesson until the teacher explained it again slowly.	1168	
muna	Muna zaune a ƙarƙashin bishiyar mangwaro muna jiran motar Kaduna.	We're sitting under the mango tree waiting for the Kaduna bus.	1170	
muna	Muna gyara rufin makarantar kafin damina ta shigo gaba ɗaya.	We're repairing the school roof before the rainy season sets in properly.	1170	
muna	Muna da wata tsohuwar mota, amma tana lalacewa duk bayan mako biyu.	We have an old car, but it breaks down every couple of weeks.	1170	
mun	Mun sayi shinkafa da mai a kasuwa, amma mun manta da sukari.	We bought rice and oil at the market, but we forgot the sugar.	1171	
mun	Mun gama girbin gero kafin ruwan sama ya sake sauka a gonar.	We finished harvesting the millet before the rain came down on the farm again.	1171	
mun	Mun ji daɗin ziyarar ƙauyen kakanmu, har ba mu son komawa birni.	We enjoyed the visit to our grandfather's village so much we didn't want to go back to the city.	1171	
dafa	Mahaifiyata tana dafa miyar kuka a murhu tun kafin mu farka.	My mother has been cooking baobab-leaf soup on the stove since before we woke up.	1173	
dafa	A ranar Sallah muka dafa wa maƙwabta tuwo da naman rago.	On Sallah day we cooked tuwo and mutton for the neighbours.	1173	
dafa	Duk wanda ya dafa wannan shinkafar bai sa gishiri ba ko kaɗan.	Whoever cooked this rice didn't put in a grain of salt.	1173	
yara	Yara sun ɓata kwanukan da muka saya jiya, mahaifiyarsu ta yi fushi.	The children broke the bowls we bought yesterday, and their mother was furious.	1174	
yara	Malamin ya raba yara kashi biyu don su yi gasar karatu.	The teacher split the children into two groups for a reading contest.	1174	
yara	Ina jin daɗin sauraron yara suna dariya a farfajiya kowace maraice.	I love listening to the children laughing in the courtyard every evening.	1174	
zai	Ɗan uwana zai iso Kano da jirgin ƙasa gobe da safe.	My brother will get into Kano by train tomorrow morning.	1175	
zai	Shugaban ƙauyen ya ce zai buɗe rijiyar ruwa kafin watan Ramadan.	The village head said he will open the water well before the month of Ramadan.	1175	
zai	Ina tsoron farashin man fetur zai sake tashi kafin ƙarshen wata.	I'm afraid the price of petrol will go up again before the end of the month.	1175	
tukuf	Kakana tsoho tukuf ne, amma har yanzu yana noman gonarsa da kansa.	My grandfather is extremely old, but he still farms his field by himself.	1149	
tukuf	Motar da muka saya a kasuwar Kano tsohuwa tukuf ce, tana lalacewa kullum.	The car we bought at the Kano market is ancient — it breaks down every day.	1149	
tukuf	Malamin nan tsoho tukuf ne, amma muryarsa tana burge kowa a masallaci.	That teacher is very old indeed, yet his voice still moves everyone in the mosque.	1149	
alhudahuda	Da safe wani alhudahuda ya sauka a bishiyar mangwaro da ke bayan gidanmu.	This morning a hoopoe landed in the mango tree behind our house.	1150	
alhudahuda	Malam ya gaya mana labarin alhudahuda da ya kai saƙo wurin Sarki Sulaiman.	The teacher told us the story of the hoopoe that carried a message to King Solomon.	1150	
alhudahuda	Ina jin daɗin kallon alhudahuda a gonarmu, gashin kansa yana ba ni mamaki.	I love watching the hoopoe out in our field; the crest on its head always amazes me.	1150	
da	Ina zuwa kasuwa da ƙanwata don mu sayi kayan miya kafin ruwan sama.	I'm off to the market with my younger sister to buy soup ingredients before the rain comes.	1151	
da	Malaminmu yana da haƙuri, don haka ɗalibai ba sa jin tsoron tambaya.	Our teacher has patience, so the students aren't afraid to ask questions.	1151	
da	Da yamma ina jin kewar mahaifiyata, sai in kira ta ta wayar hannu.	In the evening I start missing my mother, so I ring her on the phone.	1151	
ya	Ɗan uwana ya karya tukunyar miya, sai mahaifiyarmu ta yi fushi sosai.	My brother broke the soup pot, and our mother got really angry.	1152	
ya	Malami ya rubuta tambayoyin jarabawa a allo kafin ɗalibai su shiga aji.	The teacher wrote the exam questions on the board before the students came into the classroom.	1152	
ya	Zuciyata ta kwanta lokacin da ya dawo gida lafiya daga Legas.	My heart settled the moment he got home safely from Lagos.	1152	
yana	Ƙanena yana wanke mota a bayan gida tun kafin rana ta fito.	My younger brother has been washing the car out back since before sunrise.	1154	
yana	Wani mai sayar da waina yana kiran abokan ciniki a gefen titin kasuwa.	A waina seller is calling out to customers at the edge of the market street.	1154	
yana	Sabon shugaban ƙauyen yana da gaskiya, shi ya sa mutane suke girmama shi.	The village's new leader is honest, and that is why people respect him.	1154	
na	Na tashi da sassafe don in dafa wa yara kunu kafin makaranta.	I got up at first light to cook gruel for the children before school.	1155	
na	Na sadu da tsohon abokina a tashar mota, muka yi hira sosai.	I ran into an old friend at the motor park, and we talked for ages.	1155	
na	Na yi nadamar sayar da gonar kakana, amma bashi ya matsa mini ƙwarai.	I regret selling my grandfather's farm, but the debt was pressing me hard.	1155	
ce	Wannan mota ta mahaifiyata ce, ni kawai na aro ta yau da safe.	This car is my mother's; I only borrowed it this morning.	1156	
ce	Likitar da ta duba ɗana jiya sabuwa ce a wannan asibiti.	The doctor who examined my son yesterday is new at this hospital.	1156	
ce	Ya ce mini zai zo da yamma, amma bai zo ba har yanzu.	He told me he would come in the evening, but he still hasn't turned up.	1156	
zo	Ka zo da wuri gobe, za mu tafi gonar kakanka tare.	Come early tomorrow — we're going to your grandfather's farm together.	1158	
zo	Baƙi sun zo daga Kano don bikin auren ƙanwata a ranar Asabar.	Guests came from Kano for my younger sister's wedding on Saturday.	1158	
zo	Na yi farin ciki lokacin da likita ya zo bayan mahaifiyata ta suma.	I was so relieved when the doctor arrived after my mother fainted.	1158	
ina	Ina wanke kayan yara a bayan gida lokacin da ruwan sama ya fara.	I was washing the children's clothes out back when the rain started.	1159	
ina	Ina kake tafiya da wuri haka, sanye da sabuwar riga?	Where are you off to so early, dressed in a new gown?	1159	
ina	Ina da ƙanwa guda ɗaya kawai, kuma ita ce amintacciyar abokiyata.	I have only one younger sister, and she is my most trusted friend.	1159	
ba	Ba mu sami ruwa ba a famfo yau, sai da muka je rijiya.	We got no water from the tap today, so we had to go to the well.	1161	
ba	Jiya ba ta zo aiki ba domin ɗanta yana da zazzaɓi mai tsanani.	She didn't come to work yesterday because her son had a bad fever.	1161	
ba	Ban taɓa ganin irin wannan kyautatawa ba tun da na koma unguwar nan.	I have never seen kindness like this since I moved to this neighbourhood.	1161	
akwai	Akwai koko da ƙosai a ɗakin girki, amma babu sukari.	There's koko and bean cakes in the kitchen, but there's no sugar.	1176	
akwai	A kasuwar Kurmi akwai mutane da yawa, don haka ka riƙe jakarka.	Kurmi market is packed with people, so keep a hand on your bag.	1176	
akwai	Akwai fata a raina cewa ɗana zai ci jarabawar shiga jamiʼa.	There is hope in my heart that my son will pass the university entrance exam.	1176	
fi	Ƙanwata ta fi ni ƙwarewa wajen dafa tuwo, amma ni ce babba.	My younger sister is better at cooking tuwo than I am, though I'm the elder one.	1177	
fi	Wannan kasuwa ta fi ta Sabon Gari araha, shi ya sa nake zuwa nan.	This market is cheaper than the one at Sabon Gari, which is why I come here.	1177	
fi	Na fi son karatu da daddare, domin gidanmu yakan yi tsit gaba ɗaya.	I prefer studying late at night, because our house goes completely quiet then.	1177	
sabuwa	Mahaifiyata ta sayo mini riga sabuwa don sallah, amma ta yi mini girma.	My mother bought me a new gown for Sallah, but it turned out too big for me.	1180	
sabuwa	Motar shugaban makaranta sabuwa ce, kuma yara duk suna kallonta da mamaki.	The headteacher's car is new, and the children all stare at it in wonder.	1180	
sabuwa	Sanaʼar nan sabuwa ce a gare ni, don haka ina jin tsoro kaɗan.	This trade is new to me, so I'm a little frightened.	1180	
jiya	Jiya da yamma wutar lantarki ta tafi, sai muka ci abinci cikin duhu.	Yesterday evening the power went out, so we ate our meal in the dark.	1181	
jiya	Jiya mun kwashe saʼoʼi uku a asibiti kafin likita ya zo.	Yesterday we spent three hours at the hospital before the doctor came.	1181	
jiya	Har yanzu ina jin haushin abin da ya faɗa mini jiya.	I'm still angry about what he said to me yesterday.	1181	
sosai	Ka wanke faranti sosai kafin ka ajiye su a kan tebur.	Wash the plates thoroughly before you set them down on the table.	1183	
sosai	Malamin ya yaba mana sosai bayan muka gama gyara ajin da yamma.	The teacher praised us warmly after we finished tidying the classroom that evening.	1183	
sosai	Ina son garin Kano sosai, amma hayaniyarsa takan gajiyar da ni.	I love the city of Kano very much, but its noise wears me out.	1183	
gobe	Gobe da safe za mu tashi da wuri mu je gonar kakana.	Tomorrow morning we'll get up early and go out to my grandfather's farm.	1184	
gobe	Ka tuna cewa gobe ne ranar biyan kuɗin haya, kada ka manta.	Remember that tomorrow is the day the rent is due — don't forget.	1184	
gobe	Zuciyata tana bugawa, domin gobe za a sanar da wanda ya samu aikin.	My heart is pounding, because tomorrow they announce who got the job.	1184	
gan	Na gan shi a tashar mota yana jiran bas zuwa Kaduna.	I saw him at the motor park waiting for the bus to Kaduna.	1185	
gan	Ban gan ta ba tun bikin ƙawata, ina jin ta koma ƙauye.	I haven't seen her since my friend's wedding; I think she's gone back to the village.	1185	
gan	Da muka gan su suna dariya, sai muka san komai ya daidaita.	When we saw them laughing, we knew everything had turned out fine.	1185	
kana	Kana da lokaci ka taimaka mini ɗaukar ruwa daga rijiya kafin magariba?	Do you have time to help me carry water from the well before sunset?	1192	
kana	Duk lokacin da na kira ka, kana aiki a shago har dare.	Every time I ring you, you're working at the shop right into the night.	1192	
kana	Kana da kirki ƙwarai, kuma kowa a unguwarmu yana girmama ka.	You are exceptionally kind, and everyone in our neighbourhood respects you.	1192	
dawo	Baba bai dawo daga masallaci ba tukuna, mu jira shi kafin mu ci.	Dad isn't back from the mosque yet; let's wait for him before we eat.	1193	
dawo	Ɗanʼuwana zai dawo Kano daga Legas bayan ya kammala kwantiragin aikinsa.	My brother will come back to Kano from Lagos once he finishes his work contract.	1193	
dawo	Na yi kewar mahaifiyata; zan dawo gida kafin watan azumi ya ƙare.	I miss my mother; I'll come home before the fasting month is over.	1193	
zaune	Kakata tana zaune a bakin ƙofa tana ba yara labari kowace maraice.	My grandmother sits by the doorway telling the children stories every evening.	1197	
zaune	Ina kake zaune a Kano, ko har yanzu kana gidan kawunka?	Whereabouts in Kano do you live, or are you still at your uncle's house?	1197	
zaune	Muna zaune a wannan unguwa shekara goma, kuma ba ma son ƙaura.	We've been living in this neighbourhood for ten years, and we don't want to move.	1197	
an	An gyara ƙofar ɗakina jiya, amma har yanzu tana yin ƙara.	The door of my room was repaired yesterday, but it still squeaks.	1199	
an	An gayyace mu zuwa taron malaman makaranta da ƙarfe takwas na safe.	We were invited to the school teachers' meeting at eight in the morning.	1199	
an	An sace kuɗin asibitin gari, sai mutanen unguwa suka ji haushi ƙwarai.	The town hospital's money was stolen, and the neighbourhood was furious.	1199	
kishiyar	Kishiyar mahaifiyata ta kawo mana tuwo, sai muka ci tare da murna.	My mother's co-wife brought us tuwo, and we ate it together happily.	1201	
kishiyar	A gasar makarantu, mun sha kashi a hannun kishiyar makarantarmu ta Kano.	In the schools' tournament, we were beaten by our school's rival from Kano.	1201	
kishiyar	Malam ya tunatar da mu cewa kishiyar haƙuri fushi ne, ba ƙarfi ba.	The teacher reminded us that the opposite of patience is anger, not strength.	1201	
aikin	Aikin gida ya ishe ni yau, don haka na kwanta da wuri.	The housework wore me out today, so I went to bed early.	1203	
aikin	Aikin ginin sabon asibiti ya tsaya tun watan jiya saboda rashin kuɗi.	Work on the new hospital has been stopped since last month for lack of money.	1203	
aikin	Ina son aikin koyarwa duk da ƙarancin albashi, domin yana faranta mini rai.	I love teaching in spite of the poor salary, because it makes me happy.	1203	
ban	Jiya da dare ban yi barci lafiya ba, sauro ya dame ni sosai.	Last night I didn't sleep well; the mosquitoes bothered me badly.	1205	
ban	Ban isa taron a kan lokaci ba, domin motarmu ta lalace a hanya.	I didn't get to the meeting on time, because our car broke down on the way.	1205	
ban	Ban taɓa mantawa da ranar da mahaifina ya sayo mini keke ba.	I have never forgotten the day my father bought me a bicycle.	1205	
nawa	Nawa ne kuɗin buhun shinkafa a kasuwar Sabon Gari yau?	How much does a sack of rice cost at Sabon Gari market today?	1206	
nawa	Direban motar haya ya tambaye mu fasinjoji nawa suka rage kafin tashi.	The taxi driver asked us how many passengers were still missing before we set off.	1206	
nawa	Littafin nan nawa ne, don haka ka mayar mini da shi yau.	This book is mine, so give it back to me today.	1206	
dare	Dare ya yi, sai muka zauna a farfajiya muna sauraron tatsuniyoyin kakarmu.	Night fell, and we sat in the courtyard listening to our grandmother's folktales.	1208	
dare	Likitan ya yi aiki dukan dare a asibiti, bai ma sami barci ba.	The doctor worked all night at the hospital and didn't even get any sleep.	1208	
dare	A cikin dare mai sanyi na hunturu, na ji kewar iyalina ƙwarai.	On a cold harmattan night, I missed my family terribly.	1208	
in	In ruwan sama ya sauka yau, ba za mu je gonar gero ba.	If it rains today, we won't go to the millet farm.	1209	
in	In ka isa kasuwa da wuri, za ka sami nama mai arha.	If you get to the market early, you'll find cheap meat.	1209	
in	Bari in gaya maka gaskiya kafin ka sayar da gonar kakanka.	Let me tell you the truth before you sell your grandfather's farm.	1209	
buƙatar	Muna buƙatar sabon famfo, domin wanda ke ɗakin wanka ya lalace.	We need a new tap, because the one in the bathroom is broken.	1211	
buƙatar	Kamfanin yana buƙatar maʼaikata biyar masu iya sarrafa kwamfuta kafin ƙarshen wata.	The company needs five staff who can use a computer before the end of the month.	1211	
buƙatar	Bayan rasuwar mahaifinsa, yaron yana buƙatar ƙauna fiye da kuɗin makaranta.	After his father's death, the boy needs affection more than he needs school fees.	1211	
yayi	Kayan lambu yayi tsada a kasuwa, don haka na sayi ƙanana kawai.	Vegetables have got expensive at the market, so I only bought small ones.	1212	
yayi	Lokaci yayi da za mu fara taro, amma shugaban bai zo ba tukuna.	It's time for us to start the meeting, but the chairman still hasn't arrived.	1212	
yayi	Rigar da kika ɗinka mini yayi kyau ƙwarai, kowa ya yaba a bikin.	The gown you sewed for me looked wonderful; everyone praised it at the wedding.	1212	
tamkar	Ƙaramin ɗana yana tafiya tamkar tsoho, tun bayan da ya faɗi daga bishiya.	My little son walks like an old man ever since he fell out of a tree.	1213	
tamkar	Sabon malamin nan yana kula da mu tamkar ʼyaʼyansa na ainihi.	This new teacher looks after us just as though we were his own children.	1213	
tamkar	Ranar da muka rasa shi, gidan ya yi shiru tamkar kabari.	The day we lost him, the house fell as silent as a grave.	1213	
kaɗan	Ruwan da ya rage a tulu kaɗan ne, don haka ban wanke faranti ba.	There was only a little water left in the pot, so I didn't wash the plates.	1250	
kaɗan	Malam ya ba mu lokaci kaɗan kafin jarrabawa, har muka firgita.	The teacher gave us very little time before the exam, so much that we panicked.	1250	
kaɗan	Ina jin sanyi kaɗan, amma ba zan sa hula a gaban abokaina ba.	I'm a bit cold, but I'm not going to put on a cap in front of my friends.	1250	
abincin	Da muka isa bikin, abincin ya ƙare, sai shayi kawai ya rage.	By the time we reached the wedding the food had run out; only tea was left.	1254	
abincin	Ban taɓa mantawa da abincin da muka ci a ranar Sallah ba.	I have never forgotten the food we ate on the day of the Sallah feast.	1254	
kuka	Kayan da kuka saya a kasuwa sun cika ɗakin, babu inda za a wuce.	The things you all bought at the market have filled the room; there's nowhere left to walk.	1255	
kuka	Me ya sa kuka bar taron kafin shugaba ya gama jawabinsa?	Why did you all leave the meeting before the chairman finished his speech?	1255	
kuka	Labarin da kuka kawo mini jiya ya sa ban yi barci ba.	The news you brought me yesterday kept me awake all night.	1255	
murna	Yara sun yi murna sosai lokacin da mahaifinsu ya dawo daga tafiya.	The children were overjoyed when their father came back from his journey.	1257	
murna	Malamai sun yi murna ƙwarai bayan gwamnati ta ƙara musu albashi.	The teachers celebrated wholeheartedly after the government raised their salaries.	1257	
murna	Tun da aka rufe makarantar, ban ga murna a fuskarta ba.	Since the school was closed, I haven't seen any joy on her face.	1257	
waƙar	Waƙar da mahaifiyata takan rera da dare har yanzu tana kwantar mini da hankali.	The song my mother used to sing at night still calms me down.	1259	
waƙar	Waƙar bikin ta yi ƙarfi sosai har ba mu ji juna ba.	The wedding music was so loud that we couldn't hear each other.	1259	
waƙar	Duk lokacin da na ji waƙar nan, sai in tuna da ƙauyenmu.	Every single time I hear that song, I end up remembering our village.	1259	
ɓarawo	Ɓarawo ya shiga gidanmu da dare ya saci kaji uku.	A thief got into our compound at night and stole three chickens.	1261	
ɓarawo	Mutanen unguwa sun kama ɓarawo a kasuwa, sai suka kai shi ofishin ʼyan sanda.	The people of the neighbourhood caught a thief at the market and took him to the police station.	1261	
ɓarawo	Ba na son a kira ni ɓarawo, ban taɓa satar kome ba.	I don't want to be called a thief; I have never stolen anything.	1261	
kama	Yaron ya yi ta bin kaza a farfajiya har ya kama ta da wahala.	The boy chased the hen round the yard until he finally caught it with difficulty.	1262	
kama	ʼYan sanda sun kama direban da ya bugi babur a kan hanya.	The police arrested the driver who hit a motorcycle out on the road.	1262	
kama	Muryarka tana kama da ta kawuna, sai na yi mamaki a waya.	Your voice sounds just like my uncle's; it startled me on the phone.	1262	
kyauta	Ya kawo wa ʼyarsa kyauta daga Kano, sai ta yi ta rawa.	He brought his daughter a present from Kano, and she danced and danced.	1266	
kyauta	Mun sayi kyauta ga malaminmu wanda zai yi ritaya mako mai zuwa.	We bought a gift for our teacher, who is retiring next week.	1266	
kyauta	Ban buƙaci kyauta ba, zaman lafiya a gidan nan ya ishe ni.	I don't need a present; peace in this house is enough for me.	1266	
komai	Da hadari ya sauka, komai da ke kan igiyar wanki ya jiƙe.	When the storm came down, everything on the washing line got soaked.	1268	
komai	Komai nisan ƙauyensu, zan kai musu gaisuwa kafin watan azumi ya ƙare.	However far their village is, I'll go and greet them before Ramadan ends.	1268	
komai	Ya yi alkawari zai gaya mana komai, amma sai ya ɓoye gaskiya.	He promised he would tell us everything, but in the end he hid the truth.	1268	
masa	Kakana ya gaji, sai na zuba masa ruwan sanyi a ƙarƙashin bishiya.	My grandfather was worn out, so I poured him some cold water under the tree.	1271	
masa	Direban ya ɓata hanya, sai muka nuna masa titin da zai bi.	The driver had lost his way, so we showed him the street he should take.	1271	
masa	Har yanzu ban gafarta masa ba, ko da yake ya nemi afuwa sau uku.	I still haven't forgiven him, even though he has apologised three times.	1271	
ʼyan	Da safe ʼyan makaranta sukan taru a gaban shago suna sayen ƙosai.	In the morning the schoolchildren gather in front of the shop to buy bean cakes.	1272	
ʼyan	Da muka isa shingen bincike, ʼyan sanda sun nemi takardun motarmu.	When we reached the checkpoint, the police asked for our car papers.	1272	
ʼyan	Ba na jin daɗin yadda ʼyan siyasa suke yin alkawari sannan su manta.	I hate the way politicians make promises and then forget them.	1272	
aikinka	Ka gama aikinka tukuna, sannan ka fita wasa ƙwallo da abokanka.	Finish your homework first, and then go out and play football with your friends.	1274	
aikinka	Shugabanmu ya ce aikinka ya fi na kowa kyau a wannan watan.	Our boss said your work has been better than anyone else's this month.	1274	
aikinka	Idan ba ka son aikinka, me ya sa ba ka neman wani?	If you don't like your job, why aren't you looking for another one?	1274	
jira	Mun jira motar Kano awa biyu a tasha kafin ta iso.	We waited two hours at the station for the Kano bus before it arrived.	1275	
jira	Likita ya ce mu jira a waje har sai ya kira sunanmu.	The doctor told us to wait outside until he calls our names.	1275	
jira	Ba zan ƙara jira ba, domin na gaji da alkawarinsa na ƙarya.	I'm not waiting any longer — I'm tired of his empty promises.	1275	
muhimmanci	Yin barci da wuri yana da muhimmanci ga yaran da ke makaranta.	Going to bed early matters a great deal for children who are in school.	1277	
muhimmanci	A wurin aiki, sadarwa tsakanin maʼaikata tana da muhimmanci fiye da kuɗi.	At work, communication between the staff counts for more than money does.	1277	
muhimmanci	A ganina, kuɗi ba shi da muhimmanci idan ka rasa lafiyar jikinka.	To my mind, money means nothing once you've lost your health.	1277	
kyakkyawan	Mahaifiyata ta shirya kyakkyawan abinci na Sallah, ƙamshinsa ya cika gidan.	My mother cooked a wonderful Sallah meal, and the smell filled the whole house.	1278	
kyakkyawan	Sabon likitan asibitinmu yana da kyakkyawan hali wajen sauraron marasa lafiya.	The new doctor at our hospital has a fine manner when he listens to patients.	1278	
kyakkyawan	Ina fatan wannan shekarar za ta kawo mana kyakkyawan sakamako a jarrabawa.	I hope this year brings us good results in the exams.	1278	
taɓa	Ban taɓa ganin ruwan sama irin wannan ba tun da aka haife ni.	I have never seen rain like this in all my life.	1281	
taɓa	Ka taɓa zuwa kasuwar Kurmi ranar Jumaʼa, lokacin da ta cika?	Have you ever been to Kurmi market on a Friday, when it's packed?	1281	
taɓa	Kada ka taɓa tukunyar da ke kan wuta, za ka ƙone hannunka.	Don't touch the pot on the fire — you'll burn your hand.	1281	
tsoron	Ƙaramin ɗana yana jin tsoron duhu, don haka nakan bar fitila a ɗakinsa.	My little son is afraid of the dark, so I leave a lamp on in his room.	1287	
tsoron	Manoma sun girbe gero da wuri saboda tsoron ruwan sama mai yawa.	The farmers harvested the millet early for fear of heavy rain.	1287	
tsoron	Tsoron kasawa ne ya sa ban shiga gasar rubutu ta bara ba.	It was the fear of failing that kept me out of last year's writing contest.	1287	
bada	Kakata takan bada labarin yaƙi kafin mu kwanta barci kowane dare.	My grandmother tells us stories of the war every night before we go to sleep.	1289	
bada	Shugaban ƙauyen ya bada umarni a gyara rijiyar kafin damina ta zo.	The village head gave orders for the well to be repaired before the rains came.	1289	
bada	Ba na son bada shawara ga wanda ba ya son a soki shi.	I don't like giving advice to someone who can't stand being criticised.	1289	
masomin	Wannan ƙaramin shago ya zama masomin kasuwancin mahaifina shekaru talatin da suka wuce.	This little shop became the start of my father's business thirty years ago.	1290	
masomin	Malamin ya ce sanin haruffa shi ne masomin karatu ga kowane ɗalibi.	The teacher said that knowing the letters is where reading begins for every pupil.	1290	
masomin	Ina ganin rashin haƙuri shi ne masomin duk rikicin da ya faru a gidanmu.	I think impatience is the root of every quarrel we've had in this house.	1290	
ɗalibi	Ɗana ɗalibi ne a Jamiʼar Bayero, yana zaune a masaukin ɗalibai.	My son is a student at Bayero University and lives in the student hostel.	1292	
ɗalibi	Kowane ɗalibi da ya makara zai share ajin kafin ya shiga.	Any student who turns up late will sweep the classroom before he goes in.	1292	
ɗalibi	Na fi son zama ɗalibi da yake tambaya fiye da wanda ke shiru.	I would rather be the student who asks questions than the one who sits in silence.	1292	
motar	Motar mahaifina ba ta tashi ba sai mun tura ta har ƙarshen titi.	My father's car wouldn't start until we had pushed it to the end of the street.	1215	
motar	Direban motar ya ƙi tashi sai fasinjoji sun cika kujeru duka.	The driver refused to set off until the passengers had filled every seat.	1215	
motar	Ban taɓa son motar kanwata ba domin kullum tana kwana a wurin makaniki.	I never liked my little sister's car, because it spends every night at the mechanic's.	1215	
gani	Ba na gani sosai da dare, don haka nakan kunna fitila da wuri.	I don't see well after dark, so I light the lamp early.	1219	
gani	Malam ya ɗaga littafin sama don kowa a aji ya gani.	The teacher held the book up high so that everyone in the class could see.	1219	
gani	Ka jira kaɗan, za ka gani da kanka yadda kasuwar take da cunkoso.	Wait a moment and you'll see for yourself just how packed the market gets.	1219	
musu	Idan jikoki suka zo hutu, kakata takan dafa musu koko kowace safiya.	When the grandchildren come for the holidays, my grandmother makes them millet gruel every morning.	1231	
musu	Shugaban ƙauyen ya bayyana musu dalilin da ya sa aka rufe kasuwa.	The village head explained to them why the market had been shut down.	1231	
musu	Na yi alkawari zan saya musu littattafai, amma ban sami kuɗi ba.	I promised I would buy them books, but I never came up with the money.	1231	
mana	Zo mana, abincin ya yi sanyi muna jiranka tun ƙarfe bakwai.	Do come — the food has gone cold and we've been waiting for you since seven.	1233	
mana	Kada ku yi hayaniya mana, jaririn yana barci a ɗakin gaba.	Please don't make a racket — the baby is asleep in the front room.	1233	
mana	Baba ya kawo mana goro da alewa bayan ya dawo daga Kano.	Father brought us kola nuts and sweets after he got back from Kano.	1233	
kin	Kin manta da kashe fitila kafin ki fita zuwa kasuwa.	You forgot to put out the lamp before you went off to the market.	1238	
kin	Kin gama wanke kwanoni ko har yanzu kina cikin girki?	Have you finished washing the dishes, or are you still in the middle of cooking?	1238	
kin	Kin taimake ni sosai a ranar aure, ban san yadda zan gode ba.	You helped me so much on the wedding day that I don't know how to thank you.	1238	
wa	Wa ya bar ƙofar gida a buɗe har dare ya yi?	Who left the front gate standing open right up until nightfall?	1241	
wa	Wa kuka zaɓa ya wakilci makarantar a gasar tambayoyi ta ƙasa?	Who did you pick to represent the school at the national quiz competition?	1241	
wa	Ban sani ba wa ya faɗa masa, amma yanzu unguwa duka ta sani.	I don't know who told him, but by now the whole neighbourhood knows.	1241	
motarsa	Motarsa ta ƙi tashi da safe, sai ya ɗauki babur zuwa aiki.	His car wouldn't start that morning, so he took a motorbike to work.	1244	
motarsa	Yakan wanke motarsa da safe kowace Jumaʼa kafin ya tafi masallaci.	He washes his car every Friday morning before heading to the mosque.	1244	
motarsa	Yana alfahari da motarsa sosai har ba ya barin kowa ya taɓa ta.	He is so proud of his car that he won't let anyone lay a hand on it.	1244	
sukan	Yara sukan yi wasa a gaban gida har rana ta faɗi.	The children usually play out in front of the house until the sun goes down.	1247	
sukan	Manoma sukan tashi da ƙarfe biyar don su isa gona kafin zafi.	Farmers normally get up at five so as to reach the fields before the heat.	1247	
sukan	Abokaina sukan yi mini dariya domin ba na iya tuƙi har yanzu.	My friends always laugh at me because I still can't drive.	1247	
kake	Me kake dafawa a kicin da ƙamshinsa ya cika gidan gaba ɗaya?	What are you cooking in the kitchen? The smell of it has filled the whole house.	1248	
kake	A ina kake aiki yanzu, tun da ka bar kamfanin?	Where are you working these days, now that you've left the company?	1248	
kake	Don me kake zaman shiru tun da muka dawo daga asibiti?	Why have you been so silent ever since we got back from the hospital?	1248	
waccan	Waccan tukunya ta fi girma, ki yi amfani da ita don tuwo.	That pot over there is bigger — use that one for the tuwo.	1249	
waccan	Waccan mace da ke sayar da ƙosai ita ce maƙwabciyarmu.	That woman over there selling bean cakes is our neighbour.	1249	
waccan	Ban amince da waccan hanya ba, tana da ramuka da yawa lokacin damina.	I don't trust that road over there; it is full of potholes in the rainy season.	1249	
zaƙi	Mahaifiyata takan zuba zuma a cikin shayi don ya ƙara zaƙi.	My mother usually stirs honey into the tea to give it more sweetness.	1325	
zaƙi	Mai sayar da mangwaro ya rantse cewa nasa ne mafi zaƙi a kasuwa.	The mango seller swore that his were the sweetest ones in the market.	1325	
zaƙi	Ba na son shayi mai zaƙi sosai, sai idan ina jin rashin lafiya.	I don't like very sweet tea, except when I'm feeling unwell.	1325	
kayan	Kafin biki, mun sayi kayan miya duka a kasuwar Kurmi.	Before the wedding we bought all the soup ingredients at Kurmi market.	1327	
kayan	Direban ya sauke kayan kasuwanci a gefen titi kafin rana ta yi zafi.	The driver unloaded the trade goods at the roadside before the sun got hot.	1327	
kayan	Na gaji da tara kayan yara daga ɗaki zuwa ɗaki kowace maraice.	I'm tired of gathering the children's things from room to room every evening.	1327	
kawai	Tun safe ban ci komai ba, sai koko kawai kafin in tafi aiki.	I haven't eaten anything since morning, just some koko before I left for work.	1329	
kawai	A jarrabawar, an ce mu amsa tambayoyi biyar kawai daga cikin goma.	In the exam we were told to answer only five of the ten questions.	1329	
kawai	Kada ka damu, ƙaramin rauni ne kawai, ba karaya ba.	Don't worry, it's only a small cut, not a broken bone.	1329	
kuke	Me kuke dafawa a bakin murhu har ƙamshinsa ya cika unguwarmu?	What are you cooking there on the fire, that the smell has filled our whole neighbourhood?	1330	
kuke	Ban san garin da kuke zama ba, amma zan ziyarce ku bayan Sallah.	I don't know the town you live in, but I'll come and visit you after Sallah.	1330	
kuke	Wasa kuke yi da lokacinmu, tun safe muke jira a nan.	You're playing games with our time — we've been waiting here since morning.	1330	
kiran	Muna cin abinci sai muka ji kiran sallah daga masallacin unguwa.	We were in the middle of eating when we heard the call to prayer from the neighbourhood mosque.	1331	
kiran	An gayyace mu zuwa kiran sunan ɗan Malam Sani ranar Lahadi.	We've been invited to the naming ceremony for Malam Sani's son on Sunday.	1331	
kiran	Na yi kiran waya sau uku, amma ba ta ɗaga ba har yanzu.	I called her three times on the phone, but she still hasn't picked up.	1331	
jiran	Mun daɗe muna jiran mota a tasha har rana ta faɗi.	We waited so long for a vehicle at the motor park that the sun went down.	1332	
jiran	Manoma duk suna jiran ruwan sama kafin su fara shuka.	The farmers are all waiting for the rains before they start planting.	1332	
jiran	Na gaji da jiran amsar aikin da na nema tun watan Ramadan.	I'm tired of waiting for an answer about the job I applied for back in Ramadan.	1332	
noman	Bana mahaifina ya bar noman gero ya koma noman shinkafa.	This year my father gave up growing millet and switched to rice.	1333	
noman	A Kano, noman rani yana buƙatar famfo da ruwan rijiya kowace rana.	In Kano, dry-season farming needs a pump and well water every single day.	1333	
noman	Matasa da yawa sun ƙi noman ƙasa, sun fi son aikin gwamnati.	Plenty of young people have turned their backs on farming the land; they'd rather have a government job.	1333	
tsayi	Ƙanena ya fi ni tsayi yanzu, ko da yake ni ne babba.	My younger brother is taller than me now, even though I'm the elder one.	1334	
tsayi	Mai gyaran rufi ya nemi tsani mai tsayi kafin ya hau rufin gida.	The roofer asked for a tall ladder before he climbed up onto the house.	1334	
tsayi	Ban samu shiga ƙungiyar ƙwallon kwando ba don ba ni da tsayi sosai.	I didn't get into the basketball team because I'm not very tall.	1334	
huta	Bayan mun dawo daga gona, sai mu huta a ƙarƙashin bishiyar mangwaro.	Once we're back from the farm, we rest under the mango tree.	1335	
huta	Direbobi sukan huta a tasha kafin su ci gaba zuwa Kaduna.	Drivers usually take a break at the motor park before carrying on to Kaduna.	1335	
huta	Tun da na fara wannan aikin, ban huta ko rana ɗaya ba.	Since I started this job, I haven't had a single day off.	1335	
yunwa	Yara sun dawo daga makaranta suna jin yunwa, amma babu abinci a gida.	The children came home from school hungry, but there was no food in the house.	1338	
yunwa	A watan Ramadan, yunwa takan kama ni kafin lokacin buda baki.	During Ramadan, hunger gets to me long before it's time to break the fast.	1338	
yunwa	Yunwa ta yi yawa a ƙauyuka bayan ambaliyar da ta lalata gonaki.	Hunger has spread through the villages since the flood destroyed the farms.	1338	
gidanka	Na kwana a gidanka jiya, amma ban ga mahaifinka ba.	I stayed the night at your house yesterday, but I never saw your father.	1295	
gidanka	Gidanka yana kusa da babbar kasuwa, shi ya sa baƙi ba sa ƙarewa.	Your house is right by the big market, which is why the visitors never stop coming.	1295	
gidanka	Ina son gidanka ƙwarai, domin kowane ɗaki yana da taga mai faɗi.	I really like your house, because every room has a wide window.	1295	
littafina	Littafina ya faɗi a cikin taɓo, yanzu shafukansa duk sun ƙazantu.	My book fell in the mud, and now every one of its pages is filthy.	1299	
littafina	Malam, na manta littafina a gida, ko zan iya karatu tare da Musa?	Teacher, I left my book at home — may I read along with Musa?	1299	
littafina	Wannan littafina ne, kuma ba na son kowa ya rubuta a cikinsa.	This is my book, and I don't want anyone writing in it.	1299	
yaranmu	Kowace safiya yaranmu sukan fita da wuri don su kama motar makaranta.	Every morning our children leave early to catch the school bus.	1302	
yaranmu	Mun tara kuɗi domin gyara makarantar da yaranmu ke karatu a cikinta.	We pooled our money to repair the school our children study in.	1302	
yaranmu	Ina fatan yaranmu za su fi mu saʼa a wannan duniya mai wahala.	I hope our children have better luck than we did in this hard world.	1302	
rigarki	Rigarki ta jiƙe da ruwan sama, sai ki sauya ta da sauri.	Your gown is soaked through from the rain — go and change it quickly.	1303	
rigarki	Maɗinki ya ce rigarki za ta shirya kafin ranar bikin ƙanwarki.	The tailor says your gown will be ready before your younger sister's wedding day.	1303	
rigarki	Rigarki ta fi tawa kyau, launin shuɗin nan ya dace da ke ƙwarai.	Your gown is nicer than mine; that shade of blue really suits you.	1303	
tsohuwa	Motarmu tsohuwa ce, amma har yanzu tana kai mu kasuwa kowace Jumaʼa.	Our car is old, but it still gets us to the market every Friday.	1304	
tsohuwa	Wata tsohuwa tana sayar da gyaɗa a ƙofar masallaci kowace safiya.	An old woman sells groundnuts at the mosque gate every morning.	1304	
tsohuwa	Kada ki yi dariyar tsohuwa, gobe ke ma za ki tsufa.	Don't laugh at an old woman — tomorrow you will be old yourself.	1304	
takan	Mahaifiyata takan tashi kafin asuba ta dafa koko da ƙosai.	My mother always gets up before dawn to cook koko and bean cakes.	1307	
takan	Aisha takan sayar da tumatir a kasuwar Kurmi duk ranar Talata.	Aisha sells tomatoes at Kurmi market every Tuesday.	1307	
takan	Idan ta yi fushi, takan yi shiru har sai fushinta ya huce.	When she gets angry she goes silent until her temper has cooled off.	1307	
mukan	Kowace shekara mukan koma ƙauye don mu taimaka wa kakata da noma.	Every year we go back to the village to help my grandmother with the farming.	1308	
mukan	Da yamma mukan taru a filin wasa mu buga ƙwallo har magariba.	In the evenings we gather at the pitch and play football until dusk.	1308	
mukan	Ko da ba mu da kuɗi, mukan raba abin da muke da shi.	Even when we have no money, we still share whatever we do have.	1308	
kakan	Kakan sha shayi da safe, ko kofi ka fi so?	Do you usually drink tea in the morning, or is it coffee you prefer?	1309	
kakan	A wurin aiki kakan gama da ƙarfe biyar, amma yau ka daɗe.	At work you normally finish at five o'clock, but today you stayed late.	1309	
kakan	Kakan yi alkawari sannan ka karya shi, shi ya sa na gaji.	You keep making promises and then breaking them — that is why I am fed up.	1309	
wadda	Wadda ta wanke tukunyar nan ba ta gama ba, ga ƙazanta a ciki.	Whoever washed this pot did not finish the job — there is still dirt inside.	1313	
wadda	Ita ce wadda ta lashe gasar rubutu a jamiʼar Bayero bara.	She is the one who won the writing competition at Bayero University last year.	1313	
wadda	Duk wadda take son zaman lafiya, ba za ta fara faɗa ba.	Any woman who genuinely wants peace will not be the one to start a quarrel.	1313	
suke	Ban san abin da yaran suke nema a ƙarƙashin gadona ba.	I have no idea what the children are looking for under my bed.	1321	
suke	Me ya sa ʼyan makaranta suke tsaye cikin rana tun safe?	Why have the schoolchildren been standing out in the sun since morning?	1321	
suke	Ina mamakin yadda suke jure zafin Kano ba tare da fanka ba.	I am amazed at how they put up with Kano's heat without a fan.	1321	
raba	Mahaifiyata ta raba kunun gero tsakanin yara biyar kafin su tafi makaranta.	My mother shared out the millet porridge among the five children before they left for school.	1423	
raba	A kasuwar Kano, mun raba kayan zuwa kashi uku don sayarwa.	At the Kano market we divided the goods into three lots to sell.	1423	
raba	Rikicin gado ya raba iyalinsu, kuma har yanzu ba su sasanta ba.	The inheritance quarrel split their family apart, and they still haven't made peace.	1423	
zamuyi	Idan ruwan sama ya tsaya, zamuyi wanki a bayan gida gobe.	If the rain lets up, we'll do the washing out back tomorrow.	1426	
zamuyi	Bayan sallar Jumaʼa, zamuyi taro a gidan sarki don tattauna batun ruwa.	After Friday prayers we'll hold a meeting at the chief's house to discuss the water problem.	1426	
zamuyi	Kada ka damu, zamuyi haƙuri har sai ya dawo daga Legas.	Don't worry — we'll be patient until he gets back from Lagos.	1426	
kaisu	Kowace safiya nakan kaisu makaranta da keke kafin in tafi aiki.	Every morning I take them to school on the bicycle before I go to work.	1430	
kaisu	Direban ya kaisu tashar mota, amma motar ta riga ta tashi.	The driver took them to the motor park, but the bus had already pulled out.	1430	
kaisu	Ina roƙonka ka kaisu asibiti da sauri, zazzaɓinsu bai sauka ba.	I'm begging you to get them to the hospital quickly — their fever hasn't come down.	1430	
basa	Yarana basa cin miyar kuka sai na sa kifi a ciki.	My children won't eat baobab-leaf soup unless I put fish in it.	1433	
basa	Maʼaikatan banki basa aiki ranar Lahadi, don haka sai ka dawo gobe.	Bank staff don't work on Sundays, so you'll have to come back tomorrow.	1433	
basa	Abin takaici, matasa da yawa basa son noma kamar yadda iyayensu suka yi.	Sadly, a lot of young people have no love for farming the way their parents did.	1433	
ƙazami	Ɗakin da muka sauka a ciki ƙazami ne sosai, sai muka wanke shi.	The room we moved into was truly filthy, so we scrubbed it out.	1434	
ƙazami	Rijiyar ƙauyen ta lalace, kuma ruwan da muke sha ƙazami ne.	The village well has fallen into ruin, and the water we drink is filthy.	1434	
ƙazami	Ya yi min ƙarya, sannan ya sace kuɗina — mutumin nan ƙazami ne.	He lied to me and then stole my money — that man is scum.	1434	
kunnena	Tun jiya kunnena yana ciwo, ban iya kwanciya ba da dare.	My ear has been aching since yesterday; I couldn't lie down all night.	1435	
kunnena	Ka ɗaga murya kaɗan, don kunnena ba ya ji sosai a cikin hayaniyar kasuwa.	Raise your voice a little, because my ear doesn't hear well in the din of the market.	1435	
kunnena	A bikin aure, sautin ganga ya cika kunnena har na kasa jin muryarka.	At the wedding the sound of the drums so filled my ear that I couldn't hear your voice.	1435	
kashe	Kowane dare mahaifina yakan kashe janareta kafin kowa ya kwanta barci.	Every night my father switches off the generator before everyone goes to bed.	1340	
kashe	Maƙwabta sun zo da guga suka kashe wutar da ta tashi a kasuwa.	The neighbours came running with buckets and put out the fire that had broken out in the market.	1340	
kashe	Na ji tsoro sosai lokacin da kakana ya kashe maciji a bayan gida.	I was terrified when my grandfather killed a snake behind the house.	1340	
canja	Yarinyar ta canja kayanta sau uku kafin ta fita zuwa bikin ƙawarta.	The girl changed her clothes three times before setting off for her friend's wedding.	1342	
canja	Bayan shekara uku a Kano, ya canja aikinsa ya koma Legas.	After three years in Kano he changed jobs and moved down to Lagos.	1342	
canja	Tun bayan rasuwar mahaifiyarsa, halinsa ya canja gaba ɗaya.	Ever since his mother died, his whole character has changed.	1342	
kuma	Ta dafa shinkafa, kuma ta yi miya mai yaji saboda baƙi sun iso.	She cooked rice, and she also made a peppery stew because guests had arrived.	1343	
kuma	Malamin ya yabi rubutunta, kuma ya ba ta lambar yabo a gaban ajin.	The teacher praised her writing, and on top of that gave her a prize in front of the class.	1343	
kuma	Ba na son wannan aikin, kuma albashin bai isa biyan haya ba.	I don't like this job, and besides, the pay isn't enough to cover the rent.	1343	
launin	Mahaifiyata ta zaɓi launin shuɗi domin a fenta ɗakin baƙi kafin sallah.	My mother chose blue so the guest room could be painted before the festival.	1349	
launin	A kasuwar Kurmi na nemi atamfa mai launin kore, amma duk sun ƙare.	At Kurmi market I looked for a wrapper cloth in green, but they had all sold out.	1349	
launin	Ban taɓa son launin ja a mota ba, yana jan hankalin ʼyan sanda.	I have never liked red on a car — it draws the attention of the police.	1349	
yau	Yau ba mu da wutar lantarki, don haka mun dafa abinci da itace.	There is no electricity today, so we cooked the food over firewood.	1353	
yau	Yau ne ranar kasuwa, saboda haka hanyar zuwa garin ta cika da mutane.	Today is market day, so the road into town is packed with people.	1353	
yau	Yau na gaji sosai, ba zan iya zuwa taron ba; ka yi haƙuri.	I am exhausted today — I won't be able to make the meeting; please forgive me.	1353	
rigarsa	Rigarsa ta yage a wuya, don haka ya kai ta wurin maɗinki.	His gown tore at the neck, so he took it round to the tailor.	1354	
rigarsa	A ranar sallah, Malam Sani ya sa sabuwar rigarsa ya nufi babban masallaci.	On the festival day Malam Sani put on his new gown and set off for the central mosque.	1354	
rigarsa	Rigarsa ta yi masa girma sosai, har yara suna masa dariya a kasuwa.	His gown is far too big for him — the children even laugh at him in the market.	1354	
ƙirin	Hayaƙin wuta ya sa bangon ɗakin girki ya yi baƙi ƙirin.	Smoke from the fire has turned the kitchen wall pitch black.	1355	
ƙirin	Da hadari ya taso, sararin sama ya yi baƙi ƙirin da tsakar rana.	When the storm blew up, the sky went pitch black in the middle of the day.	1355	
ƙirin	Ina son gashin jaririn nan, baƙi ƙirin kamar na mahaifiyarsa.	I love this baby's hair — jet black, just like his mother's.	1355	
gashinta	Kowace safiya ƙanwata takan shafa mai a gashinta kafin ta tafi makaranta.	Every morning my little sister rubs oil into her hair before she leaves for school.	1356	
gashinta	Matar ta biya dubu biyu don a kitsa gashinta kafin ranar bikin.	The woman paid two thousand to have her hair braided before the wedding day.	1356	
gashinta	Ta yi kuka lokacin da likita ya ce dole a aske gashinta.	She burst into tears when the doctor said her hair would have to be shaved off.	1356	
wur	Maƙerin ya cire ƙarfen daga wuta yana ja wur, sai ya fara bugunsa.	The blacksmith drew the iron out of the fire glowing red, then began hammering it.	1358	
wur	Bayan ya kwana yana karatu, idanunsa sun yi ja wur da safe.	After sitting up all night studying, his eyes were blazing red by morning.	1358	
wur	Lallen hannunta ya yi ja wur, har ƙawayenta suka yi kishi.	The henna on her hands came out a brilliant red — her friends were jealous.	1358	
ful	Ya sayo babur sabo ful, amma bai iya tuƙa shi ba tukuna.	He bought a brand-new motorbike, but he still can't ride it.	1359	
ful	A ranar farko ta makaranta, yaron ya zo da takalmi sabo ful.	On the first day of school the boy turned up in brand-new shoes.	1359	
ful	Mai sayarwa ya rantse wayar sabuwa ful ce, amma ban yarda ba.	The seller swore the phone was brand new, but I didn't believe him.	1359	
fal	Bayan ruwan sama, randar da ke bakin ƙofa ta cika fal.	After the rain, the water pot by the doorway was filled right to the brim.	1360	
fal	Kowace Jumaʼa masallacin unguwarmu yakan cika fal da masu sallah.	Every Friday our neighbourhood mosque fills up completely with worshippers.	1360	
fal	Ina jin haushi domin motar haya ta cika fal kafin in isa tasha.	I'm annoyed because the minibus was packed full before I even reached the stop.	1360	
tsohuwar	Tsohuwar motarmu ta tsaya a kan hanya, sai muka tura ta gida.	Our old car broke down on the road, so we pushed it home.	1363	
tsohuwar	Tsohuwar makarantar da na yi karatu a ciki ta rushe bara.	The old school I studied in collapsed last year.	1363	
tsohuwar	Ba na son a sayar da tsohuwar gonar kakanmu ko kaɗan.	I don't want our grandfather's old farm sold, not one bit.	1363	
koyar	Malam Sani yana koyar da lissafi a makarantar sakandare da ke garinmu.	Malam Sani teaches maths at the secondary school in our town.	1364	
koyar	Kakata ta koyar da ni yadda ake dafa miyar kuka tun ina ƙarama.	My grandmother taught me how to cook baobab-leaf soup when I was still little.	1364	
koyar	Ina ganin ya kamata a koyar da yara harshen Hausa tun suna ƙanana.	I think children should be taught Hausa while they are still young.	1364	
shinkafar	Shinkafar da na dafa jiya ta ƙone saboda na manta da ita.	The rice I cooked yesterday burned because I forgot all about it.	1365	
shinkafar	Mun sayar da shinkafar gonarmu duka a kasuwar Dawanau ranar Litinin.	We sold all the rice from our farm at Dawanau market on Monday.	1365	
shinkafar	Shinkafar Kano ta fi ta ƙasashen waje daɗi, in ji mahaifiyata.	Kano rice tastes better than the imported kind, according to my mother.	1365	
ginu	Gidan da muka saya bai ginu da kyau ba, ganuwar tana tsagewa.	The house we bought wasn't properly built — the wall is already cracking.	1368	
ginu	Rijiyar da ƙungiyar matasa suka haƙa ta ginu da siminti mai ƙarfi.	The well the youth association dug was lined with strong cement.	1368	
ginu	Mun yi farin ciki ƙwarai da asibitin ya ginu kafin damina ta zo.	We were delighted that the clinic got built before the rainy season arrived.	1368	
ʼyar	ʼYar ƙanwata tana zuwa makaranta da keke kowace safiya.	My younger sister's daughter rides a bicycle to school every morning.	1370	
ʼyar	ʼYar jaridar ta yi hira da manoma game da hauhawar farashin taki.	The journalist interviewed the farmers about the rising price of fertiliser.	1370	
ʼyar	Mahaifina yana alfahari da ni domin na zama ʼyar kasuwa mai nasara.	My father is proud of me because I have become a successful businesswoman.	1370	
ƙwallo	Yaran unguwa suna buga ƙwallo a filin da ke bayan masallaci.	The neighbourhood boys are playing football on the field behind the mosque.	1372	
ƙwallo	Kocin ya ce ba za mu buga ƙwallo ba sai mun gama jarabawa.	The coach said we would not play football until we had finished the exams.	1372	
ƙwallo	Ina son kallon ƙwallo, amma mahaifina ya fi son ganin ina karatu.	I love watching football, but my father would much rather see me studying.	1372	
maganin	Na sayo maganin zazzaɓi daga kantin magani da ke gaban asibiti.	I bought fever medicine from the pharmacy opposite the hospital.	1376	
maganin	Manoman ƙauyen sun haɗa kuɗi suka sayi maganin kashe kwari na gonakinsu.	The village farmers pooled their money and bought insecticide for their farms.	1376	
maganin	Ilimi kaɗai ne maganin jahilci, ba dukiya ba, in ji malaminmu.	Education alone is the cure for ignorance, not wealth, as our teacher says.	1376	
nisan	Nisan da ke tsakanin gidanmu da makaranta bai wuce kilomita biyu ba.	The distance between our house and the school is no more than two kilometres.	1377	
nisan	Direban ya gaya mana nisan hanyar Kano zuwa Sakkwato kafin mu tashi.	The driver told us the distance of the Kano to Sokoto road before we set off.	1377	
nisan	Duk da nisan tafiya, na kai wa kakata gaisuwa ranar Sallah.	Despite how far the journey was, I went to greet my grandmother on Sallah day.	1377	
faɗo	Mangwaro ya faɗo kan rufin ɗakinmu da tsakar dare, sai muka firgita.	A mango came down on our roof in the dead of night and we were startled.	1379	
faɗo	Buhun gyada ya faɗo daga motar dako, sai masu sayarwa suka taru.	A sack of groundnuts fell off the delivery truck and the traders gathered round.	1379	
faɗo	Ina jin tsoro duk lokacin da na tuna yadda na faɗo daga bene.	I still feel afraid whenever I remember falling from the upper floor.	1379	
rigakafi	Jiya da safe mahaifiyata ta kai jariri asibiti domin a yi masa rigakafi.	Yesterday morning my mother took the baby to the hospital to have him vaccinated.	1381	
rigakafi	Maʼaikatan lafiya sun zo ƙauyenmu ranar kasuwa domin su yi wa yara rigakafi.	The health workers came to our village on market day to vaccinate the children.	1381	
rigakafi	Kakana bai yarda da rigakafi ba sai da ya ga yadda ya taimaki jikokinsa.	My grandfather had no faith in vaccination until he saw how it helped his grandchildren.	1381	
daɗe	Kada ka daɗe a kasuwa, saboda abincin dare zai yi sanyi.	Don't be long at the market, or the evening meal will go cold.	1382	
daɗe	Mun daɗe muna jiran direba a tashar mota har rana ta faɗi.	We waited a long time for a driver at the motor park, right until sunset.	1382	
daɗe	Na daɗe ban ga abokaina na makarantar sakandare ba, ina jin kewarsu.	It has been ages since I saw my secondary-school friends, and I miss them.	1382	
ranka	Manomin ya sunkuya gaban alƙali ya ce, ‘Ranka ya daɗe, an sace mini shanu.’	The farmer bowed before the judge and said, ‘Long life to you — my cattle have been stolen.’	1383	
ranka	Ka kula da lafiyarka, ranka ya fi kuɗin duniya daraja.	Look after your health; your life is worth more than all the money in the world.	1383	
ranka	A gaban sarki, kowa yakan fara da ‘Ranka ya daɗe’ kafin ya yi magana.	Before the emir, everyone opens with ‘Long may you live’ before saying anything.	1383	
gode	Ka gode wa maƙwabciyarmu da ta kawo mana abinci jiya da yamma.	Thank our neighbour for bringing us food yesterday evening.	1385	
gode	Bayan aikin, ɗalibai sun gode wa malaminsu don haƙurin da ya yi.	After the work was done, the students thanked their teacher for his patience.	1385	
gode	Na gode ƙwarai; da ba don ku ba, da na kwana a hanya.	Thank you so much; if it weren't for you, I'd have spent the night on the road.	1385	
baƙonmu	Baƙonmu ya iso da daddare, sai muka shirya masa ɗaki da katifa.	Our guest arrived late at night, so we got a room and a mattress ready for him.	1386	
baƙonmu	Baƙonmu daga Sakkwato zai yi jawabi a bikin auren ɗan uwana gobe.	Our guest from Sokoto will give the speech at my brother's wedding tomorrow.	1386	
baƙonmu	A gidanmu, ba mu barin baƙonmu ya ci abinci shi kaɗai ba.	In our house we never let our guest eat by himself.	1386	
fa	Ni fa ban ci abinci ba tun safe, ku bar mini ɗan tuwo.	As for me, I haven't eaten since morning — leave me a little tuwo.	1388	
fa	Yau fa kasuwa ba za ta buɗe ba, don haka mu je gobe.	Today, mind you, the market won't open, so let's go tomorrow instead.	1388	
fa	Kai fa ka manta alkawarinka, tun makon jiya nake jiran kuɗina.	You, for your part, have forgotten your promise — I've been waiting for my money since last week.	1388	
san	Ban san inda na ajiye makullin gida ba, mun kwana muna nema.	I don't know where I put the house key; we spent the whole night looking for it.	1392	
san	Direban nan ya san kowace hanya a Kano tun kafin a gina sabuwar gada.	That driver has known every road in Kano since before the new bridge was built.	1392	
san	Na san ka gaji, amma ka ɗan ƙara haƙuri kafin mota ta zo.	I know you're tired, but be patient a little longer until the bus comes.	1392	
wayoyi	Yara sun ɓoye wayoyi a ƙarƙashin katifa don kada mahaifinsu ya gani.	The children hid their phones under the mattress so that their father wouldn't see them.	1393	
wayoyi	Bayan hadarin jiya, maʼaikatan NEPA suna gyara wayoyi a titinmu tun da sassafe.	After yesterday's storm, the electricity workers have been repairing wires on our street since dawn.	1393	
wayoyi	A ganina, wayoyi sun raba mutane da zaman tare a gidajenmu.	In my view, phones have robbed people of the togetherness we used to have at home.	1393	
kamshi	Da na shiga gida, sai na ji kamshi mai daɗi daga girkin mahaifiyata.	As I stepped into the house, a wonderful aroma reached me from my mother's cooking.	1397	
kamshi	A kasuwar turare, kowane shago yana da kamshi da ke jan abokan ciniki.	In the perfume market, every shop has a scent that pulls customers in.	1397	
kamshi	Bayan ruwan sama, ƙasa takan yi kamshi da nake so tun ina yaro.	After rain the earth gives off a smell I have loved since I was a boy.	1397	
bambanta	Tagwayen maƙwabcinmu sun bambanta sosai, ko da yake fuskokinsu ɗaya ne.	Our neighbour's twins are completely different from each other, even though their faces are identical.	1402	
bambanta	Malamin ya koya mana yadda za mu bambanta ƙaramin harafi da babban harafi.	The teacher taught us how to tell a small letter from a capital one.	1402	
bambanta	Rayuwa a Legas ta bambanta da ta ƙauyenmu, kuma har yanzu ban saba ba.	Life in Lagos is different from life in our village, and I still haven't got used to it.	1402	
fadi	Ɗakin girkinmu ba shi da fadi, don haka mahaifiyata takan dafa abinci a waje.	Our kitchen isn't wide, so my mother usually cooks outside.	1405	
fadi	Malam ya ce mu auna fadi da tsawon ajin kafin darasin lissafi.	The teacher told us to measure the width and length of the classroom before the maths lesson.	1405	
fadi	Na fi son sabon masallacin domin ya fi tsohon fadi da kyau.	I prefer the new mosque because it is wider and finer than the old one.	1405	
bakin	Kowace safiya kakana yakan sha bakin shayi ba tare da sukari ba.	Every morning my grandfather drinks his tea black, with no sugar.	1406	
bakin	Dokar makaranta ce kowane ɗalibi ya sa bakin takalma da farin kaya.	It is the school rule that every pupil wears black shoes and white clothes.	1406	
bakin	Bakin ciki ya kama ni lokacin da na ji labarin rasuwar maƙwabcinmu.	Grief took hold of me when I heard the news of our neighbour's death.	1406	
kiwon	Bayan makaranta ƙanena yakan je kiwon awaki har faɗuwar rana.	After school my younger brother goes out to graze the goats until sunset.	1409	
kiwon	Saboda ƙarancin ruwa, makiyaya sun koma kudu don neman wurin kiwon shanunsu.	Because of the water shortage, the herders moved south looking for grazing land for their cattle.	1409	
kiwon	A ganina, kiwon kaji ya fi noman gero sauƙi da riba a ƙauyenmu.	In my view, keeping chickens is easier and more profitable than growing millet in our village.	1409	
ikon	A gidanmu, mahaifiyata ce take da ikon yanke shawara kan kuɗin abinci.	In our house it is my mother who has the authority to decide about the food money.	1414	
ikon	Manaja kaɗai ne yake da ikon sallamar maʼaikaci a wannan kamfani.	Only the manager has the power to dismiss a worker in this company.	1414	
ikon	Likitoci sun yanke ƙauna, amma ikon Allah ya sa yaron ya warke.	The doctors had given up hope, but by God's power the boy recovered.	1414	
ari	Na ari baburin ɗan uwana don in kai mahaifiyata asibiti da dare.	I borrowed my cousin's motorbike to take my mother to the hospital at night.	1415	
ari	Ki ari littafin lissafi wurin Amina kafin jarrabawar gobe ta fara.	Borrow the maths book from Amina before tomorrow's exam begins.	1415	
ari	Na ƙi in ari kuɗi wurin maƙwabta, saboda haka na sayar da awakina.	I refused to borrow money from the neighbours, so I sold my goats instead.	1415	
gaisuwa	Kowace safiya yara sukan shiga ɗakin kaka don gaisuwa kafin su tafi makaranta.	Every morning the children go into grandmother's room to greet her before they leave for school.	1416	
gaisuwa	Ɗan uwana da ke Legas ya aiko da gaisuwa ga dukan mutanen ƙauyenmu.	My relative in Lagos has sent his greetings to everyone in our village.	1416	
gaisuwa	Na ji haushi domin ya wuce ni ba tare da gaisuwa ba.	I was annoyed because he walked straight past me without a greeting.	1416	
sonka	Ko na yi maka fushi, ka sani ina sonka fiye da kowa.	Even when I am angry with you, know that I love you more than anyone.	1417	
sonka	Yarinyar ta ce ba ta sonka domin ba ka da aikin yi.	The girl said she does not love you because you have no job.	1417	
sonka	Sonka ya sa na bar aikina a Kano, na bi ka Legas.	Loving you made me leave my job in Kano and follow you to Lagos.	1417	
shirya	Mahaifiyata ta tashi da ƙarfe biyar don ta shirya abincin sallah.	My mother got up at five o'clock to prepare the food for the festival.	1418	
shirya	Kwamitin ya shirya taron manoma a ƙarƙashin bishiya saboda babu wutar lantarki.	The committee arranged the farmers' meeting under a tree because there was no electricity.	1418	
shirya	Ban gama shirya kayana ba tukuna, alhali motar Kano za ta tashi yanzu.	I haven't finished packing my things yet, and the Kano bus is about to leave.	1418	
harbi	Kudan zuma ya yi masa harbi a wuya, sai fuskarsa ta kumbura.	A bee stung him on the neck, and his face swelled up.	1419	
harbi	Mun ji ƙarar harbi a kasuwa, sai kowa ya fara gudu.	We heard the sound of a gunshot in the market, and everyone started running.	1419	
harbi	Ina tsoron harbi tun ranar da ʼyan bindiga suka far wa ƙauyenmu.	I have been afraid of gunfire since the day bandits attacked our village.	1419	
kazamin	Yaron ya dawo daga wasa da kazamin kaya, mahaifiyarsa kuwa ta yi fushi.	The boy came back from playing in filthy clothes, and his mother was furious.	1420	
kazamin	Likita ya ce kazamin ruwa ne ya kawo cutar gudawa a ƙauyenmu.	The doctor said it was dirty water that brought the diarrhoea outbreak to our village.	1420	
kazamin	Na ƙi kwana a kazamin ɗakin da suka nuna mana a masaukin.	I refused to sleep in the filthy room they showed us at the guesthouse.	1420	
