rank	word	pos	en
1	그	det	that (of what has been already said or known)
2	우리	pron	"we, us; our — often where English says ""my"" (our house, our mom)"
3	당신	pron	second person singular plain pronoun; you
4	내가	pron	allomorph of 나 (na, “(informal) I”) before -가 (-ga, “nominative case marker”)
5	수	noun	can, be able to (in -(으)ㄹ 수 있다/없다); number, count
6	안	noun	inside; interior
7	난	pron	I, I'm (casual) — 나 with the topic marker 는, shortened
8	내	det	my (casual, short for 나의); I (in 내가)
9	이	det	this (before a noun); subject marker after a consonant; tooth
10	있다	verb	to stay, remain in a location
11	네	intj	yes; your (casual, short for 너의); four (before a counter)
12	그래	adv	like this, like that
13	거야	noun	last night, yesterday evening
14	좀	adv	a little, a bit (short for 조금); also the softener in a request or command, roughly just or please
15	제	det	my (polite, short for 저의); I (in 제가)
16	것	noun	thing; an object belonging to an owner
17	있어	verb	there is, there are; to have; to stay, be in a place (있다, intimate style)
18	나	pron	I, me; the first-person singular plain (non-polite) pronoun
19	왜	adv	"why, how come; on its own, a casual ""what is it?"" when answering someone calling you"
20	여기	pron	here
21	더	adv	more, -er (to a greater extent)
22	전	pron	I, I'm (polite, short for 저는); before, ago; former, ex-
23	그리고	adv	and, also, in addition (often used at the beginning of a sentence)
24	사람	noun	human being, person
25	지금	adv	now, right now, at the moment; the present time, the current moment
26	다	adv	all, completely
27	무슨	det	what, what kind of
28	잘	adv	well; often
29	한	num	one (as a determiner numeral before a noun or classifier)
30	하지만	adv	but, however
31	어떻게	adv	how, in what way; by what means; how come (in a surprised question)
32	할	noun	a tenth
33	정말	adv	really; truly
34	그럼	adv	then, in that case
35	그냥	adv	simply; just like that; just as it is.
36	말	noun	speech; language
37	게	noun	the fact that, the one that — 것이 contracted (거 plus the subject marker 이), after a -는/-은/-을 form: 가는 게 좋아요; a crab
38	거	noun	thing, one; the fact that (spoken form of 것; in 할 거예요 it marks the future)
39	없다	adj	to have none; (to be) lacking; (to be) nonexistent
40	해	verb	do, does, do it — 하다 in the intimate style (다시 해, do it again), and the base of 해요/했어요; the sun, sunlight
41	건	verb	the thing that, the fact that, as topic — 것은 contracted (거 plus the topic marker 은); also rich, fertile — 걸다 in the determiner form
42	저	det	that (distal determiner)
43	너	pron	you (intimate style, for close friends and juniors; never to an elder)
44	날	noun	day (twenty-four hours, a thirtieth of the month)
45	이제	noun	now, and now
46	넌	verb	past determiner of 널다 (neolda)
47	아니	adv	no; not
48	엄마	noun	mum, mummy
49	때	noun	time; occasion; opportunity
50	그게	pron	that thing (as the subject of the sentence or clause)
51	걸	noun	the fact that, the one that, as object — 것을 contracted (거 plus the object marker 를); also the guess ending -(으)ㄹ걸, I bet, probably; 3 points in the game of yut
52	일	noun	work (activity done for compensation or reward)
53	네가	pron	allomorph of 너 (neo, “(informal) you”) before -가 (-ga, “nominative case marker”)
54	돼	verb	infinitive of 되다 (doeda)
55	못	noun	nail, peg, spike
56	우린	noun	topic-marked form of 우리 (uri)
57	사람들	noun	plural of 사람 (saram): people, persons
58	좋아	adj	infinitive of 좋다 (jota, “to be good”)
59	그녀	pron	she
60	아	intj	ah; oh
61	다른	det	different, other
62	다시	adv	again, once more
63	그런	det	like that, such
64	그래서	adv	therefore, accordingly, because of that, because things are like that, thus.
65	너무	adv	too, excessively
66	그렇게	adv	so, so much; in that way, to that extent
67	아빠	noun	dad, papa
68	그들	pron	they
69	집	noun	home, house; household
70	이런	det	like this; such
71	오	num	five
72	모든	det	all, every, each
73	오늘	noun	today; this day
74	하다	verb	to do; used to vaguely refer to almost any action, in particular
75	모두	adv	all, wholly; altogether
76	하	noun	last, lowest (grade or class)
77	시간	noun	time; hour
78	어디	pron	where; somewhere (to refer to a place without saying exactly where you mean)
79	하고	verb	a conjunctive form of 하다 (hada)
80	하나	num	one (independently, without a classifier)
81	고마워	intj	thanks
82	나는	pron	topic-marked form of 나 (na): see -은 (-eun)
83	자네	pron	you
84	아냐	intj	contraction of 아니야 (aniya, “no”)
85	같이	adv	together with
86	아니야	intj	no
87	뭐	pron	contraction of 무어 (mueo): (interrogative) what
88	응	intj	yes
89	생각	noun	thought; idea
90	이게	pron	this thing (as the subject of the sentence or clause)
91	줄	noun	ability, method; how to
92	진짜	adv	really; actually
93	알다	verb	to know, understand
94	아직	adv	still; yet, not yet
95	어떤	det	what kind of; some, any
96	않다	adj	auxiliary adjective used to negate the clause to which the main adjective belongs
97	또	adv	also; again
98	널	noun	panel, board, plank
99	누가	pron	nominative of 누 (nu, “who”)
100	어서	adv	quickly; an expression hard to translate in English; usually used with 오다
101	여자	noun	woman
102	아주	adv	very
103	자	num	10²⁴
104	하지	noun	summer solstice (one of the solar terms, around June 21st)
105	가	noun	border, edge, end
106	마	noun	jinx; devil, demon; evil spirit / influence
107	같은	det	the same; like, -ish, -esque
108	일이	num	one or two
109	얘기	noun	contraction of 이야기 (iyagi): talk; story
110	제발	adv	please
111	같다	adj	the same; like or similar
112	위해	noun	harm; danger
113	해요	verb	to do; used to vaguely refer to almost any action, in particular
114	바로	adv	truly, without lie or deception
115	이렇게	adv	like this, this way
116	빨리	adv	quickly, without delay; often used when urging someone to hurry
117	이거	pron	this thing, this matter
118	이름	noun	name; full name
119	아버지	noun	father (parent)
120	근데	adv	however; but; by the way
121	친구	noun	friend; fellow, chap, guy
122	저기	pron	over there
123	어	intj	uh-huh, yes; ah!, oh!; conveys surprise, urgency, or strong emotion
124	아뇨	intj	contraction of 아니요 (aniyo, “no”)
125	계속	adv	continuously
126	얼마나	adv	how long, how much, how many
127	문제	noun	problem, issue, question
128	안녕	noun	peace; tranquility
129	좋아요	noun	like
130	니	syllable	More information
131	두	num	two (as a determiner before a noun or classifier)
132	남자	noun	man
133	때문에	adv	because of this, because of the aforementioned
134	만약	adv	if, in the event that.
135	자기	noun	oneself; the self; the ego
136	거기	pron	there
137	돈	noun	money; a don, a Korean unit of weight equivalent to about 4 g
138	몇	det	how many; which number
139	많이	adv	many, much, a lot, plenty, in abundance
140	괜찮다	adj	to be nice, good, passable, OK, all right
141	수도	noun	capital (of a country)
142	차	noun	vehicle (usually refers to car)
143	거지	noun	beggar, bum, vagrant, vagabond, hobo, panhandler
144	함께	adv	together
145	저는	pron	topic-marked form of 저 (jeo): see -은 (-eun)
146	그렇지	adv	yes; isn't it? aren't you?, etc. (seeking confirmation)
147	음	intj	hmm, umm, uh; indicating thinking or pondering, often with a sense of hesitation.
148	몰라	verb	to not know, to be ignorant of
149	선생님	noun	teacher; sir, mister, Ms (polite term of address for an elder male or female)
150	보고	noun	report, information
151	누구	pron	who; someone
152	필요	noun	need; necessity
153	아니다	adj	to not be (something)
154	잠깐	adv	for a short time, for a moment, awhile, briefly
155	항상	adv	always
156	그거	pron	it, that thing
157	중	noun	average; intermediate (grade or class)
158	가장	adv	most, -est
159	맞다	verb	to be correct, right
160	가자	name	Gaza (a city in Palestine)
161	죽	noun	in a manner arranged in a row; while arranging in a row
162	그것	pron	that (thing near the listener)
163	씨	noun	seed, kernel; sperm
164	와	verb	come, come here — 오다 in the intimate style; and, with (the particle after a vowel: 커피와 빵); wow (exclamation)
165	아무도	pron	anything; nothing (in a negative sentence)
166	둘	num	two
167	그만	adv	this much only; no more. often used in imperatives.
168	안녕하세요	phrase	How are you?; Hello
169	환자	noun	a medical patient
170	손	noun	hand (organ of humans and humanoid animals)
171	많은	adj	present determiner of 많다 (manta)
172	그러니까	adv	therefore, accordingly
173	아니라	adj	is not […] , but rather
174	다음	noun	the next, the following
175	큰	det	conjugative form of 크다 (keuda, “big”): big; grown up
176	아무것	noun	anything; something
177	사실	noun	fact, reality, truth
178	곳	noun	place
179	수술	noun	surgery
180	그런데	adv	but, however, on the other hand
181	젠장	intj	damn it!
182	예	intj	yes (affirms the truth of the question as stated)
183	밖	noun	outside
184	당장	noun	The exact location.
185	전부	noun	everything, all
186	야	intj	hey; whoa; used to convey excitement.
187	이미	adv	already
188	죄송하다	adj	to be sorry, to feel apologetic
189	마음	noun	mind, heart (i.e. one's emotions)
190	뭔	det	contraction of 무슨 (museun, “what, what kind of”)
191	온	det	all, whole, entire
192	아이	noun	child, kid; Used to refer to objects
193	한번	adv	sometime (when there is a chance)
194	아니면	adv	or; if not
195	세상에	noun	locative of 세상(世上) (sesang): on earth, in the world
196	자신	noun	one's body; oneself (as a reflexive pronoun, often in the intensive form 자기 자신)
197	방법	noun	way; means; manner; method
198	절대	adv	absolutely, totally, never
199	너희	pron	you; you guys; you all
200	잠깐만	intj	just a minute, just a moment
201	소리	noun	sound; voice
202	저희	pron	the first person plural polite pronoun; we
203	아들	noun	son
204	밤	noun	night
205	머리	noun	head; intelligence
206	그래도	adv	nevertheless
207	번	noun	occasion, time (as in first time, second time, etc.)
208	대한	noun	great khan (the emperor of the Mongol people)
209	가족	noun	household; family
210	참	adv	truly, really
211	하면	verb	if one does, when one does — 하다 with the conditional -(으)면 (어떻게 하면, how can I…); rarely, the underside, bottom surface
212	갈	noun	common reed
213	가지고	noun	with; by; by means of
214	사랑	noun	love; affection (emotion)
215	이리	adv	to this place, hither, here
216	이유	noun	reason; cause
217	눈	noun	eye (organ allowing animals to see)
218	도움	noun	help; assistance; favour, favor
219	누군가	pron	somebody; someone
220	이야기	noun	talk; story; anecdote
221	이상	noun	an amount more than
222	동안	noun	interval, period of time
223	세상	noun	world
224	아무	det	any
225	준비	noun	readiness, preparation
226	감사합니다	adj	formal indicative assertive of 감사하다 (gamsahada, “to be thankful”): is/am/are thankful
227	다들	adv	everyone
228	곧	adv	soon, at once, immediately, shortly, straightway
229	전화	noun	telephone, phone
230	마지막	noun	the end; the last thing
231	이젠	noun	now (as the topic of the sentence)
232	아마	adv	perhaps, maybe
233	싶다	adj	to be desirous of, to want
234	꼭	adv	absolutely; surely
235	내일	noun	tomorrow
236	후	noun	after
237	조금	adv	a little; a bit
238	먼저	adv	first in time or sequence
239	처음	noun	the first time; the beginning
240	아침	noun	morning; breakfast
241	기분	noun	feeling, mood
242	문	noun	door; phylum
243	혼자	noun	solitude; alone, (all) by oneself, (all) on one's own
244	미안하다	adj	to be ashamed of oneself
245	총	noun	gun; rifle; machine gun
246	방금	adv	just a moment ago; just now
247	경찰	noun	police; policing
248	짓	noun	a physical act or movement
249	그렇다	adj	to be thus, in that way; to be correct
250	이것	pron	this (thing)
251	완전	adv	absolutely, completely, totally
252	본	verb	seen, that one saw — 보다 in the past determiner form; also the -아/어 본 적 있다 pattern, to have ever done something; as a prefix (本), main, original
253	놈	noun	bastard; kid, boy (from an older perspective)
254	가지	noun	kind, sort; variety
255	여러분	noun	ladies and gentlemen; everyone (present)
256	적	noun	enemy; opponent; adversary
257	얼굴	noun	face; visage
258	상황	noun	conditions, the situation
259	새	det	new, fresh (before a noun: 새 차, a new car); a bird
260	부인	noun	(another person's) wife
261	되	noun	A unit of volume equivalent to about 1.8 L.
262	대체	noun	main principle; outline
263	애	noun	guy, person (usually rather young)
264	볼	verb	will see, to see — 보다 in the -(으)ㄹ determiner form (볼 수 있어요, can see); a cheek; a ball
265	언제	pron	when
266	뒤	noun	back, latter, rear
267	정도	noun	degree, extent; an approximate amount
268	서로	adv	mutually, with each other, with one another
269	절	noun	a verse, passage, paragraph
270	없이	adv	without, lacking
271	내게	pron	dative form of 나 (na); 내 (nae) + -게 (-ge)
272	아내	noun	wife, especially one's own
273	거의	noun	almost, nearly
274	물론	adv	of course, certainly, naturally
275	전혀	adv	at all, absolutely, completely
276	병원	noun	hospital; any facility for healing or treatment of people, animals, or things
277	방	noun	room
278	아기	noun	unweaned baby, child
279	사건	noun	a noteworthy or remarkable incident
280	그러면	adv	if so; in that case
281	길	noun	a road, a path, a street, a track; passage, thoroughfare
282	순	det	pure
283	가는	verb	present adnominal of 가다 (gada, “to go”): see -는 (-neun)
284	인생	noun	one's life; human life generally
285	맙소사	intj	oh my God!, good heavens!
286	입	noun	mouth; lips
287	좋다	adj	to be good; great; excellent (excellent and satisfactory in features and content)
288	남편	noun	husband
289	어머니	noun	mother
290	너는	pron	topic-marked form of 너 (neo): see -은 (-eun)
291	해서	noun	regular script
292	알	verb	will know, to know — 알다 in the -(으)ㄹ determiner form (알 것 같아요, I think I know; 알 바 아니다, none of my business); an egg, fish roe; a counter for small round things (계란 두 알)
293	되다	verb	to become; to come, to arrive
294	주	noun	week (unit of time)
295	속	noun	the interior or inside, especially that which is underneath or within a covering
296	아직도	adv	yet, still
297	몰라요	verb	to not know, to be ignorant of
298	작은	det	small
299	기억	noun	recall; the faculty of memory
300	혹시	adv	by chance
301	가요	noun	song
302	계획	noun	a plan
303	기회	noun	opportunity
304	학교	noun	school
305	해도	noun	chart (of the sea)
306	최고	noun	the peak, the pinnacle, the topmost point
307	직접	noun	immediateness; directness
308	걱정	noun	anxiety; worry
309	아니요	intj	no
310	배	noun	abdomen, belly (of a human or animal)
311	의사	noun	doctor
312	나랑	noun	country, nation, kingdom
313	필요하다	adj	to have a need; to be necessary, to be needed
314	지	noun	only used in -은 지 (-eun ji, “since”).
315	인간	noun	human, human being
316	나중	noun	the next time; a later time
317	당신들	pron	you (plural)
318	자리	noun	space, place, site (occupied by something or someone)
319	이곳	pron	here
320	신경	noun	nerves; one's feelings on a subject
321	오래	adv	long, for a long time or while
322	그저	adv	just (only); constantly
323	몸	noun	body (of a human or animal)
324	옷	noun	clothing; clothes
325	아이들	noun	plural of 아이 (ai): children
326	사진	noun	photograph, picture
327	왜냐면	adv	because; for the following reason.
328	막	noun	tent, hut, shack, shelter
329	생각하다	verb	to think
330	엄청	adv	very, really, awful
331	보	counter	step
332	정말로	adv	really; truly
333	피	noun	blood (bodily fluid)
334	언니	noun	older sister of a female
335	딸	noun	daughter (female child)
336	그때	noun	that time, the given time
337	제일	adv	most, -est; forms superlatives of adjectives
338	이해	noun	understanding, comprehension of something
339	잘못	noun	mistake; wrong
340	술	noun	alcoholic beverage; liquor
341	너희들	pron	you all, you people, you folks, you guys
342	살	noun	flesh; skin; meat / flesh (of fruits, animals, etc.)
343	정신	noun	mind; consciousness; pneuma; psyche
344	지난	verb	past determiner of 지나다 (jinada): last, past
345	스스로	adv	by oneself, on one's own, without assistance
346	물	noun	water; influence; taint
347	녀석	noun	dude, fellow; endearing term for usually young boys, similar to squirt or scamp
348	제대로	adv	properly, in the appropriate manner
349	미국	name	United States of America (a country in North America, also including Hawaii in Oceania)
350	거짓말	noun	a lie; a false statement
351	벌써	adv	already
352	걔	pron	that kid; he or she
353	이번	noun	this time; this occasion
354	와서	verb	to come (to move towards the speaker)
355	완전히	adv	completely, totally
356	심장	noun	heart (an organ)
357	아저씨	noun	middle-aged elder male
358	분	counter	bun, a unit of measure, equivalent to the Chinese fen
359	올	det	this year
360	사이	noun	gap; space between
361	뭔지	noun	what it is
362	잠시	noun	a moment, short time
363	질문	noun	a question
364	하루	noun	a day, 24 hours
365	개	noun	dog; someone who behaves badly
366	위	noun	above, upper, upside, top
367	전쟁	noun	war
368	저녁	noun	evening; evening meal; supper; dinner
369	여보	noun	darling, honey, sweetheart
370	파티	noun	party (social gathering)
371	약	noun	drug; medicine
372	노래	noun	song; an incessant request, repeated like the refrain of a song
373	들다	verb	to come in, go in, get in, enter
374	여보세요	intj	hello (when asking or answering the telephone)
375	미안	noun	shame; being sorry
376	첫	det	first; initial
377	매우	adv	very, extremely
378	사랑해	phrase	I love you
379	확실히	adv	surely, certainly, definitely, unquestionably, for certain, for sure, without doubt
380	아마도	adv	maybe
381	단지	adv	just, only; simply
382	데	noun	place; situation, case
383	죽음	noun	death, dying; Death (Tarot card)
384	이쪽	pron	This side; Our side; us or me
385	별로	adv	very (in a negative context)
386	힘	noun	strength; power
387	보다	verb	to see, to look at, to watch (to perceive with the eyes)
388	오빠	noun	elder brother of a female
389	영화	noun	movie, film
390	형	noun	older brother of a male
391	당연히	adv	naturally, of course
392	정보	noun	information
393	글쎄	intj	well; I'm not sure
394	나의	pron	genitive form of 나 (na)
395	대신	noun	substitution, replacement
396	여전히	adv	still, just as before
397	딱	noun	while colliding together
398	꿈	noun	dream
399	앞으로	adv	Used other than figuratively or idiomatically: see 앞 (ap), -으로 (-euro).
400	다리	noun	bridge
401	도시	noun	city; a village serving as the cultural or economic center of a region
402	어쩌면	adv	perhaps; how on earth
403	조지	name	a transliteration of the English male given name George
404	훨씬	adv	much more or less (than normal); a lot; long (before or after); far more
405	먹	noun	inkstick; pitch-black
406	회사	noun	a company
407	존	noun	zone
408	간	noun	salty seasonings
409	세계	noun	the world, the Earth
410	달	noun	moon; the Moon; month
411	어느	det	which; a certain, one, some
412	비밀	noun	secret
413	도대체	adv	on earth; the hell
414	세	num	three (before a noun or classifier)
415	가끔	adv	occasionally, from time to time, not frequently or regularly
416	남	noun	other person, other people; someone other than the self
417	결혼	noun	marriage
418	못하다	verb	cannot (do); to be unable, or impossible (to do)
419	삶	noun	life; living
420	책	noun	book
421	일단	adv	first and foremost
422	순간	noun	an instant; a moment
423	갑자기	adv	suddenly, all of a sudden
424	이봐요	intj	hi, hey, hello
425	가야	name	Gaya
426	상태	noun	condition, status
427	관심	noun	interest in, or inclination to, a topic or activity
428	어쨌든	adv	anyway; after all
429	동생	noun	younger sibling
430	쪽	noun	side; direction of approach or movement
431	어제	noun	yesterday
432	결국	adv	in the end, ultimately
433	매일	adv	every day
434	말다	verb	to not do something, to stop doing
435	늘	adv	always
436	모습	noun	the appearance of a person
437	분명히	adv	In an obvious manner.
438	맘	noun	contraction of 마음 (ma'eum, “mind, heart (i.e. one's emotions); intention, will”)
439	소식	noun	news
440	무엇	pron	what - used in questions
441	양	noun	quantity, amount
442	비행기	noun	airplane
443	마치	adv	exactly the same, as if, just like
444	그러다	verb	to do so; to do it
445	가면	noun	mask
446	원래	adv	originally; naturally, inherently, innately
447	가게	noun	store, shop
448	옆	noun	side, flank, vicinity
449	금방	adv	soon, shortly; just now, just
450	보지	noun	pussy, vulva, vagina
451	팀	noun	team
452	사는	verb	present adnominal of 사다 (sada, “to buy”): see -는 (-neun)
453	무기	noun	weapon, arms
454	음악	noun	music
455	감옥	noun	jail, prison
456	사고	noun	an accident
457	말씀	noun	word or speech
458	신	noun	god, deity; God
459	명	noun	(counter for people)
460	자식	noun	one's children, offspring
461	결과	adv	as a result of
462	게임	noun	game, especially computer games.
463	언제나	adv	always; at some point; eventually
464	평생	noun	one's entire life, lifetime
465	냄새	noun	a smell, whether fragrant or offensive; odour; scent
466	할머니	noun	grandmother; (by extension) elderly female
467	앞	noun	fore, front; the future; future events (especially with expressions denoting perception)
468	바람	noun	wind, air, draft
469	목숨	noun	life
470	고통	noun	pain
471	부모님	noun	honorific of 부모 (bumo, “parents”)
472	들	verb	will lift, hold, enter, or cost — 들다 in the -(으)ㄹ determiner form (돈이 들 거야, it will cost money; 예를 들 수 있어요, can give an example); also the plural marker -들 (사람들); a field, a plain
473	칼	noun	knife, sword
474	애가	noun	mournful song, elegy
475	이상한	det	strange, abnormal
476	아님	noun	substantive form of 아니다 (anida, “to be not”)
477	하세요	verb	subject honorific form of 하다 (hada, “to do”).
478	끝	noun	end, final
479	정확히	adv	exactly, accurately, correctly, precisely
480	하기	verb	to do; used to vaguely refer to almost any action, in particular
481	아래	noun	below, bottom, lower, underneath
482	아까	adv	just now; a little while ago, earlier today
483	진실	noun	the truth
484	물건	noun	item, article, thing, stuff
485	상처	noun	wound; injury; scar
486	위험	noun	danger
487	숨	noun	breath, breathing
488	마을	noun	village, hamlet, usually in rural surroundings
489	조용히	adv	silently, quietly
490	미친	verb	past adnominal of 미치다
491	년	noun	bitch, bastard
492	이다	particle	"For the Korean copula (""to be""), see the entry at -이다 (-ida)."
493	박사	noun	doctorate, Ph.D. (Doctor of Philosophy)
494	침대	noun	bed (furniture)
495	고맙습니다	verb	thank you; formal polite indicative non-past of 고맙다 (gomapda, “to be thankful”)
496	왜냐하면	adv	because; for the following reason.
497	위치	noun	location
498	연락	noun	contact, connection, liaison
499	선물	noun	gift; present
500	대로	noun	the same way as, the manner of
501	대화	noun	dialogue, conversation
502	게다가	adv	moreover; there; thereat
503	미래	noun	the future
504	음식	noun	food, including drink
505	얼른	adv	quickly, at once, without delay
506	이후	noun	the time following a given point in time; thenceforth
507	약간	noun	smallness, triviality (usually in the form of 약간의)
508	솔직히	adv	honestly
509	마이크	noun	mike; microphone
510	예전	noun	the old days, the old times, the past, long ago
511	밥	noun	cooked rice; meal
512	빌어먹을	intj	damn it!; shit!
513	범인	noun	criminal, offender, culprit, convict
514	요즘	noun	recent times; recently
515	거리	noun	road, street; a component ceremony of a gut ritual
516	바보	noun	fool, moron, idiot
517	할아버지	noun	grandfather; elderly male
518	아가씨	noun	Miss, girl, young lady
519	얘	pron	this kid; he, she, it, you, this one (who is near the speaker)
520	하자	noun	flaw; defect
521	역시	adv	too, also; just as expected
522	충분히	adv	sufficiently
523	말하다	verb	to speak, to talk
524	약속	noun	promise; appointment; engagement
525	나라	noun	country, nation
526	거래	noun	transaction; trade
527	분명	adv	clearly, certainly
528	감정	noun	emotion, feeling
529	서	noun	west
530	검사	noun	examination
531	천천히	adv	slowly
532	밑	noun	bottom, underneath; the lower/bottom part (of an object)
533	증거	noun	proof, evidence
534	살인	noun	murder, homicide
535	필	counter	A bolt or roll of cloth
536	부분	noun	portion; section; part
537	가슴	noun	chest, breast; breasts, bust, bosom
538	사무실	noun	office
539	불	noun	fire; flame; fire (as a disaster)
540	번째	noun	a dependent noun used to express the order or relative position of an object
541	적어도	adv	at least; to say the least
542	만큼	noun	the degree or extent to which
543	실수	noun	mistake
544	관계	noun	connection; relationship
545	그러나	adv	"but, however; ""like that, but;"" contraction of 그러하나 (geureohana)"
546	그렇지만	adv	nonetheless; however, but
547	별	noun	a star (celestial body)
548	하지마	verb	to do; used to vaguely refer to almost any action, in particular
549	행동	noun	action; behaviour
550	짐	noun	load, burden; package, parcel
551	대부분	noun	the majority, the better part
552	찾다	verb	to search, to look for
553	시체	noun	cadaver, corpse, (dead) body (of humans)
554	셋	num	three (independently, without a classifier)
555	새끼	noun	young animal; a contemptible person, usually male; a son of a bitch
556	법	noun	law; dharma
557	목소리	noun	voice
558	그대로	adv	just, exactly; just the way something is, without change
559	임무	noun	duty; task; mission
560	전체	noun	the whole
561	많다	adj	many, much, a lot, plentiful
562	산	noun	mountain; graveyard; mountainside cemetery
563	삼촌	noun	uncle; male sibling of a parent
564	가세	noun	siding with; supporting
565	아이가	adj	Plain informal interrogative of 아이다 (aida, “to not be”); isn't it?
566	군	noun	army
567	저게	pron	that thing (as the subject of the sentence or clause)
568	결정	noun	decision
569	능력	noun	capacity, ability (especially of a person)
570	장소	noun	place
571	영원히	adv	forever, eternally
572	목	noun	neck; head (especially when severed from the body)
573	죽다	verb	to die (to stop living)
574	바	noun	thing; what; way; method; how to do
575	커피	noun	coffee, especially the beverage
576	카메라	noun	camera (a device for taking still or moving pictures)
577	싫어요	noun	dislike
578	앞에서	adv	Used other than figuratively or idiomatically: see 앞 (ap), 에서 (eseo).
579	걸로	noun	form of 거 (geo), alternative form of 것으로 (geos-euro)
580	는	particle	See the entry at -는 (-neun).
581	제게	pron	dative form of 저 (jeo); 제 (je) + -게 (-ge)
582	근처	noun	neighborhood; vicinity; the nearby area
583	의미	noun	meaning (of words or deeds)
584	나무	noun	tree; wood
585	땅	noun	earth, land (as opposed to the sea or ocean)
586	가능성	noun	degree of possibility
587	명령	noun	order, command
588	고양이	noun	cat
589	지역	noun	area, district, particular geographic region
590	대통령	noun	president of a country
591	군대	noun	army
592	잔	noun	a drinking cup
593	잭	noun	a jack (surface mounted connector)
594	에	noun	e (the name of the Hangul jamo ‘ㅔ‘, one of the vowel letters in the Korean alphabet)
595	사랑하다	verb	to love
596	느낌	noun	feeling
597	팔	noun	arm
598	상관	noun	correlation
599	그쪽	pron	there, that way
600	준	verb	given: Past determiner form of 주다 (juda, “to give”).
601	받다	verb	to get, receive, take, obtain
602	가방	noun	bag; briefcase
603	정부	noun	national government, particularly the executive branch
604	발	noun	foot (of a human or amother animal)
605	시작	noun	start, beginning
606	단	noun	sheaf
607	그리	adv	so much; like that; so
608	멀리	adv	afar, at a distance
609	모르다	verb	to not know, to be ignorant of
610	요원	noun	personnel
611	현재	noun	the present; now
612	라	noun	la (musical note)
613	뉴욕	name	[~주(州)] New York (a state of the United States)
614	저런	det	such, that kind of; like that
615	얼마	noun	how much, how many
616	치료	noun	Treatment for a disease or injury, usually medical in nature.
617	조	noun	foxtail millet (Setaria italica)
618	씨발	intj	fuck! shit!
619	어이	intj	hey, yo (informal, mostly used between male close friends)
620	하늘	noun	sky; heaven
621	누나	noun	older sister of a male
622	가까이	adv	closely, close together; nearby
623	의	noun	righteousness; righteous conduct
624	실례하다	verb	to be rude
625	데이트	noun	date (pre-arranged social meeting, meeting with a lover or a potential lover)
626	보통	noun	averageness, normality, usuality, generality, commonness, ordinariness, regularness
627	잠	noun	sleep, nap
628	최선	noun	the best
629	악마	noun	a demon; a devil; a fiend
630	여행	noun	travel; journey, trip, voyage
631	신호	noun	signal; sign
632	섹스	noun	sex (act of sexual intercourse)
633	반	noun	half
634	마크	noun	mark
635	저리	adv	so, like that; to that place, in that direction, there (direction)
636	최근	noun	the latest, the most recent
637	타	verb	get in, get on, ride — 타다 in the intimate style (차에 타, get in the car; 모두 타, all aboard); 타다 also covers to burn, to mix into a drink (커피에 우유를 타다), and to win a prize; separately 타 (他) is a prefix meaning other, another (타 지역, other regions)
638	확인	noun	check; confirmation; verification; affirmation
639	보기	noun	seeing, looking, the sight of something — 보다 nominalized with -기 (보기 좋아요, it looks good; 보기 싫어, I can't stand the sight of it; 보기보다 힘들다, it's harder than it looks); also an example, or the answer choices given in a test question
640	호텔	noun	hotel (establishment providing accommodation)
641	우주	noun	space; outer space
642	어젯밤	noun	last night
643	이래	adj	"Infinitive of 이렇다 (ireota), thus often ""like this."""
644	지구	noun	Earth, the planet; also a district, zone, region
645	샘	noun	spring, fountain (source of water)
646	달러	noun	dollar
647	선택	noun	selection; choice; option
648	사실은	adv	as a matter of fact; actually
649	나이	noun	age of a person or other living thing
650	열쇠	noun	key; means
651	그곳	noun	there; that place, that part
652	공격	noun	attack; charge; accusation
653	열	num	ten
654	과거	noun	the past; one's past
655	건물	noun	building, construction, edifice
656	좋아하다	verb	to like something or someone; to prefer
657	마약	noun	drug, narcotic
658	바다	noun	sea, ocean
659	그치만	adv	contraction of 그렇지만 (geureochiman, “nonetheless; however; but”)
660	가다	verb	to go; Marks a continuous action that either stretches from the present into the future
661	어린	adj	present determiner of 어리다 (eorida)
662	옛날	noun	the past; long ago; once upon a time
663	가치	noun	value
664	기록	noun	a record (of something)
665	자유	noun	freedom, liberty
666	너네	pron	you; you guys; you all
667	잡	syllable	雜; 雜:
668	트럭	noun	truck
669	점점	noun	gradually, bit by bit
670	화장실	noun	bathroom; restroom; toilet
671	크게	adv	adverbial form of 크다 (keuda, “to be big, to be great”): greatly
672	나머지	noun	the rest, remainder, what is left over
673	경우	noun	conditions, circumstances
674	모두들	noun	everybody
675	주지	noun	being generally known; especially in the collocation 주지의 사실
676	없었다	adj	Past tense of 없다
677	척	noun	pretense; as if
678	언젠가	adv	at some time (in the past or future)
679	편지	noun	letter (written message)
680	영혼	noun	soul (the spirit or essence of a person)
681	생명	noun	life
682	왕	noun	king; monarch; king
683	주변	noun	the vicinity; the periphery
684	그분	noun	that gentleman, that lady, he, she
685	변호사	noun	lawyer, solicitor, counsel, attorney, barrister
686	을	noun	B; used to enumerate the second of a group of unnamed people or objects
687	벽	noun	wall; obstacle, hindrance
688	뇌	noun	brain
689	특히	adv	in particular, notably
690	결혼식	noun	wedding ceremony
691	지옥	noun	hell
692	쇼	noun	show
693	보이다	verb	to be seen; to be visible
694	믿다	verb	to trust, to believe
695	네게	pron	dative form of 너 (neo); 네 (ne) + -게 (-ge)
696	자주	adv	often, frequently
697	대학	noun	college, university
698	지도	noun	map
699	가만히	adv	still; not moving
700	고맙다	adj	thankful
701	저거	pron	that thing
702	캠	noun	cam (rotating or sliding piece in a mechanical linkage)
703	또한	adv	also, too, furthermore
704	되어	verb	infinitive of 되다 (doeda)
705	작전	noun	operation, mission
706	시스템	noun	system
707	쉽게	adv	adverbial form of 쉽다 (swipda, “to be easy”): easily
708	절대로	adv	absolutely, never
709	심지어	adv	even, what is worse/what was worse
710	열심히	adv	enthusiastically, fervently, with dedication
711	행운	noun	good luck
712	새로	adv	anew, newly, for the first time
713	죄	noun	fault; wrongdoing
714	드디어	adv	finally, at last
715	그림	noun	picture, drawing, painting, sketch
716	시작하다	verb	to begin
717	설마	adv	surely (in a negative context)
718	크리스마스	name	Christmas
719	그날	noun	that day; the day in question
720	곁	noun	the vicinity or side of something
721	일찍	adv	early
722	굉장히	adv	very, greatly
723	쟤	pron	that kid; he or she
724	노력	noun	striving, making an effort to accomplish something
725	출혈	noun	bleeding; haemorrhage
726	폭탄	noun	bomb (device filled with explosives)
727	괴물	noun	monster; freak
728	대	noun	something large; something great
729	만	num	ten thousand
730	생일	noun	birthday
731	자꾸	adv	repeatedly; incessantly
732	모	noun	mother; wool
733	와우	noun	synonym of 달팽이 (dalpaeng'i, “snail”)
734	손님	noun	guest, visitor; customer, client
735	바닥	noun	floor; bottom; a flat and usually low surface of a space or object
736	글쎄요	intj	well, let me see
737	엉덩이	noun	buttocks, bottom
738	오랫동안	noun	A long time.
739	희망	noun	hope, wish
740	아이고	intj	expression of surprise; oh, ouch
741	여성	noun	female, woman, womenfolk, womankind
742	컴퓨터	noun	computer
743	왼쪽	noun	left side
744	현장	noun	site, location, place (of an event)
745	상상	noun	imagination; speculation
746	만날	adv	every day; always; all the time
747	창문	noun	window
748	마법	noun	magic, sorcery, black art
749	기술	noun	technology; skill; technique
750	사업	noun	business; project
751	선생	noun	teacher
752	헨리	name	a transliteration of the English male given name Henry
753	방식	noun	a specified method or form
754	아니오	noun	misspelling of 아니요 (aniyo)
755	여러	det	several, various
756	존재	noun	existence; being
757	전하	noun	Highness (form of address)
758	아다	noun	virgin (someone who has never had sex; also attributive)
759	총알	noun	bullet, shot
760	겨우	adv	barely; with difficulty
761	식	noun	ceremony, ritual, expression, type (a standard way of doing things)
762	점심	noun	lunch, luncheon
763	뜻	noun	meaning, sense, significance
764	규칙	noun	rule; code
765	상대	noun	Facing or confronting.
766	영국	name	United Kingdom (a kingdom and country in Northern Europe)
767	책임	noun	responsibility, duty
768	비	noun	rain; the suit of rain or willow in hwatu playing cards, representing the month of December
769	써	adv	with; by means of
770	폐하	noun	His Majesty, Your Majesty
771	요	particle	For the verb-final particle, see the entry at -요 (-yo).
772	진심	noun	sincerity, earnestness
773	대답	noun	answer; response
774	은행	noun	a bank (financial institution)
775	싸움	noun	fighting, fight, quarrel, battle, contest
776	운명	noun	destiny, fate; fortune
777	일로	adv	over in this direction, hither
778	신발	noun	shoes, footwear, footgear
779	최대한	noun	maximum limit
780	오른쪽	noun	right-hand; the right side
781	저쪽	pron	over there; he, she, or they
782	하나님	name	God, creator
783	동물	noun	animal
784	어둠	noun	dark; darkness
785	딴	noun	another, other; different
786	리	noun	way, reason, sense
787	죽지	noun	shoulder blade; scapula
788	루시퍼	name	Lucifer
789	실제로	adv	in fact, in practice
790	여왕	noun	queen
791	효과	noun	result, effect; yuko
792	감사하다	adj	to be thankful
793	카드	noun	card
794	안전	noun	safety; security
795	조사	noun	investigation; examination
796	쿠키	noun	cookie (baked good)
797	점	noun	point, spot; dot, period, full stop
798	춤	noun	dance
799	숲	noun	a forest or grove
800	농담	noun	joke, jest
801	화가	noun	artist (painter)
802	장난	noun	mischief, fun, practical joke
803	귀	noun	ear, auricle; spout, lip (for pouring)
804	오후	noun	p.m.; afternoon
805	자격	noun	qualifications
806	아파트	noun	apartment building, block of flats
807	손가락	noun	finger
808	쓴	adj	realis adnominal of 쓰다 (sseuda)
809	한잔	noun	one drink (of liquor); one glass
810	런던	name	London (the capital city of England and the United Kingdom)
811	그대	pron	you, thou
812	그치	adv	contraction of 그렇지 (geureochi)
813	무언가	pron	something
814	어차피	adv	anyway, after all
815	연구	noun	research
816	기사	noun	an article, such as in a newspaper or magazine
817	키	noun	height of a person or animal
818	지내	noun	synonym of 너무, 지나치게 (neomu, jinachige, “too much, exessively”)
819	파리	noun	fly (insect)
820	어딘가	pron	somewhere; some place
821	직업	noun	job, work, occupation, career, vocation, profession, trade
822	예쁜	adj	Attributive form of 예쁘다 (yeppeuda) (“to be pretty, beautiful”).
823	며칠	noun	how many days?; which day?, what date?
824	시험	noun	test, exam; experimentation, as in 시험 운전 (siheom unjeon, “a test drive”)
825	속도	noun	speed
826	종양	noun	tumor
827	담배	noun	tobacco; cigarette
828	영웅	noun	hero (person of great bravery)
829	덕분	noun	feeling of gratitude, indebtedness, favour
830	흔적	noun	trace, evidence, vestige
831	병	noun	bottle; jar
832	위로	noun	consolation, comfort, solace
833	그동안	adv	since our last meeting or conversation
834	원	noun	won; the official currency of South Korea, sign = ₩ (KRW)
835	문자	noun	letter, character, alphabet
836	현실	noun	reality; the actual case
837	원하다	verb	to want (for), to hope (for)
838	내내	adv	throughout, through, all the time
839	가도	noun	highway
840	방향	noun	direction, orientation
841	여자친구	noun	girlfriend
842	키스	noun	romantic kiss (touch with the lips)
843	메시지	noun	message
844	형제	noun	brothers
845	번호	noun	number; roll call
846	아가	noun	Vocative of 아기 (agi, “baby”); hey, baby
847	반드시	adv	surely; certainly; without fail
848	아무리	adv	however much/many; no matter how much/many
849	적은	adj	present determiner of 적다 (jeokda)
850	오케이	noun	good
851	수업	noun	a class
852	닉	noun	nickname — short for 닉네임
853	범죄	noun	crime
854	버스	noun	bus
855	보스	noun	boss (criminal organization)
856	환영하다	verb	to welcome
857	부모	noun	parents
858	교회	noun	church
859	어쩌다	verb	to be inevitable
860	서류	noun	document
861	목적	noun	a goal; an objective
862	바라다	verb	to wish, to want, to desire, to hope for, to long for
863	식사	noun	meal
864	어째서	adv	why, for what reason, how come
865	일주일	noun	A week; seven days.
866	오직	adv	only, solely, alone, exclusively, but
867	갈래	noun	division, separation, split, strand, thread, fork
868	구멍	noun	hole, aperture, opening
869	최악	noun	the worst
870	설명	noun	explanation
871	직장	noun	workplace, job
872	살다	verb	to live; to dwell
873	전투	noun	battle; fighting
874	소녀	noun	girl (young female person)
875	권리	noun	right; privilege
876	조직	noun	organization, structure
877	작업	noun	work, working
878	긴	adj	attributive form of 길다 (gilda, “long”)
879	하느님	name	God, heaven; God, creator
880	안해	noun	wife
881	무릎	noun	knee; lap
882	영상	noun	picture, image, video
883	다섯	num	five
884	남자친구	noun	boyfriend
885	부탁	noun	request, favor
886	중국	name	China
887	모자	noun	hat, cap
888	실험	noun	experiment; implementation
889	프로그램	noun	a program (software application)
890	우선	adv	first, foremost
891	의견	noun	an opinion about something
892	등	noun	back of a person or animal
893	관련	noun	connection, relation
894	평화	noun	peace; harmony
895	동네	noun	neighborhood
896	장	noun	sauce; marmalade; jam; compote (stewed fruit); preserved vegetables; preserved fruit
897	반갑다	adj	to be glad, happy; pleasant; welcome
898	영향	noun	influence; effect
899	희생자	noun	victim, casualty
900	어머	intj	oh, my goodness
901	몰래	adv	secretly, in secret
902	이해하다	verb	to understand or comprehend
903	만들다	verb	to make; to establish (a law, club, etc.)
904	피해자	noun	victim, casualty
905	클럽	noun	nightclub; sports club
906	결코	adv	at all
907	안녕히	adv	peacefully, in peace
908	뿐	noun	"only, just; used with -을, the ""verbal irrealis adnominal suffix""."
909	보안	noun	preservation of public security
910	도로	noun	road, thoroughfare
911	자네들	pron	you (plural)
912	보트	noun	boat
913	성	noun	anger, rage, wrath
914	차라리	adv	preferably; rather (instead)
915	덜	adv	less
916	생활	noun	lifestyle, way of life
917	재미	noun	fun; enjoyment
918	강	noun	river
919	저렇게	adv	like that
920	크리스	name	a transliteration of the English unisex given name Chris
921	섬	noun	island, islet or insular
922	수정	noun	crystal
923	믿음	noun	faith, belief, acceptance, reliance
924	미리	adv	beforehand, in advance
925	갖다	verb	contraction of 가지다 (gajida)
926	경험	noun	experience
927	당연하다	adj	to be reasonable or natural
928	기계	noun	machine; machinery
929	주인	noun	master or owner
930	인터넷	noun	Internet (specific internet consisting of the global network of computers)
931	실은	adv	actually, in fact
932	도	noun	province (in both Koreas)
933	프랑스	name	France (a country located primarily in Western Europe)
934	공간	noun	space, room
935	한데	noun	outdoors
936	파트너	noun	partner
937	코	noun	nose; nasal fluid
938	미스터	noun	Mr, mister (title)
939	시	noun	hour (time); time
940	자막	noun	subtitle
941	맥주	noun	beer
942	꼬마	noun	kid
943	연기	noun	acting
944	제안	noun	suggestion, proposition, proposal, offer
945	의식	noun	consciousness; awareness
946	바이러스	noun	virus (disease-causing pseudo-organism)
947	전기	noun	electricity
948	경기	noun	a sporting or athletic competition or match
949	변화	noun	change; variation
950	주님	name	The Lord, the God of Abraham and the Hebrew Tanakh;
951	에서	name	at; in; from (action location)
952	인턴	noun	intern (student working to gain experience in a field)
953	가만	adv	quietly; without moving or speaking
954	러시아	name	Russia (a transcontinental country in Eastern Europe and North Asia)
955	안되다	verb	to fail, to not do/go well
956	카라	noun	collar
957	사과	noun	apple
958	용기	noun	container
959	소문	noun	rumour
960	목표	noun	goal, target, objective, aim, bullseye, eyemark
961	답	noun	answer, reply
962	일부	noun	part of a whole
963	마침내	adv	finally; in the end.
964	뉴스	noun	a news broadcast
965	검은	adj	realis adnominal of 검다 (geomda, “black”)
966	적도	noun	equator (circle around the earth)
967	신부님	noun	priest
968	따로	adv	differently; separately
969	아무튼	adv	in any case, anyway, anyhow, at any rate
970	독일	name	Germany (a country in Central Europe)
971	최소한	adv	at least
972	쓰레기	noun	trash, garbage
973	임마	noun	“Hey you!”; “Bro!” (sometimes, when referring to a socially equal or inferior friend)
974	그만하다	verb	to stop; to quit
975	우	noun	right side; right wing
976	공	noun	ball
977	루시	name	Rus (medieval East Slavic state)
978	기도	noun	prayer (practice of communicating with one's God)
979	선	verb	past determiner of 서다 (seoda, “to stand”)
980	북쪽	noun	north, northward
981	인사	noun	greeting; personnel matters, human resources
982	강한	adj	realis adnominal of 강하다 (ganghada, “strong, powerful”)
983	벌	noun	any kind of bee, wasp, or hornet
984	부	noun	father
985	잡다	verb	to take, to hold, to grab, to seize, to arrest
986	길이	noun	length; distance
987	역할	noun	a role or part
988	진정	noun	relaxation; tranquility
989	인류	noun	humankind, humanity
990	건배	intj	cheers!; bottoms up!
991	피해	noun	harm; damage
992	장치	noun	equipment; device
993	비디오	noun	video
994	공연	noun	a public performance
995	단어	noun	an individual word
996	아무래도	adv	no matter what; anyway
997	공원	noun	park
998	식당	noun	restaurant; dining room
999	주소	noun	address
1000	와인	noun	wine
1001	요리	noun	cooking; cuisine.
1002	역사	noun	history; history (the academic study of past events in human society)
1003	대가	noun	master, leading figure
1004	시계	noun	a clock, a watch, a timepiece
1005	회의	noun	a meeting
1006	똑같이	adv	equally, evenly; impartially
1007	시신	noun	dead body, corpse
1008	아무런	det	of any sort whatsoever; any
1009	리가	name	Riga (the capital city of Latvia)
1010	본인	noun	the person in question; the person concerned
1011	걸어	verb	infinitive of 걷다 (geotda, “to walk”)
1012	혈액	noun	blood
1013	핸드폰	noun	mobile phone
1014	즉시	adv	immediately, promptly
1015	종류	noun	type, kind
1016	몇몇	det	some, a few
1017	마리	counter	animals; head (of cattle); fish
1018	멋지다	adj	to be cool, splendid
1019	바지	noun	pants, trousers
1020	노	noun	string, cord (twisted hemp, paper, etc.)
1021	상자	noun	box; case
1022	되게	adv	very, extremely, terribly, awfully
1023	형님	noun	honorific of 형(兄) (hyeong, “older brother of a male”)
1024	복수	noun	plural
1025	일부러	adv	deliberately, intentionally, on purpose
1026	혹은	adv	or (if not); or else
1027	요새	noun	fortress
1028	똑바로	adv	straight, upright, even
1029	유령	noun	apparition; ghost
1030	워	intj	short for 우어 (ueo, “whoa, halt, whoa back”)
1031	코너	noun	corner; department of department store
1032	아버님	noun	honorific of 아버지 (abeoji, “father”)
1033	재능	noun	talent, aptitude
1034	여동생	noun	little sister, younger sister
1035	엘리자베스	name	a transliteration of the English female given name Elizabeth
1036	행성	noun	planet
1037	구역	noun	area, zone, precinct
1038	고향	noun	one's hometown or birthplace
1039	발사	noun	launch, discharge, fire, shoot
1040	가라	noun	cutting corners; lying or exaggerating to cut corners
1041	쉬	noun	pee-pee, wee-wee
1042	혈압	noun	blood pressure
1043	주말	noun	weekend
1044	우리들	pron	we, us
1045	원치	noun	winch (machine)
1046	은	noun	topic particle, after a consonant; also silver
1047	엔진	noun	engine
1048	선수	noun	athlete; sportsman; a person who participates in a sport
1049	표정	noun	an expression of feeling, especially a facial expression
1050	폐	noun	lung (organ)
1051	맨날	adv	daily, every day
1052	때문	noun	cause
1053	파일	noun	file
1054	무대	noun	a performance stage
1055	폴	noun	Gyeongsang, Hamgyong, and Jeolla dialect form of 팔 (pal, “arm”)
1056	촬영	noun	shooting, filming, photography
1057	운전	noun	driving
1058	캠프	noun	camp
1059	제기랄	intj	damn it!; shoot!
1060	드레스	noun	dress
1061	상	noun	top, best, first (grade or class)
1062	해변	noun	beach, seashore
1063	해라	verb	do, make, act
1064	자동차	noun	automobile, car
1065	여름	noun	summer
1066	반응	noun	reaction
1067	거란	name	Khitan (people)
1068	이상하다	adj	to be strange, to be unusual
1069	계단	noun	stairs, staircase, stairway; ladder
1070	화	noun	anger; rage
1071	로마	name	Rome; Rome (a metropolitan city of Lazio, Italy)
1072	위험하다	adj	dangerous
1073	찍	noun	Non-reduplicated form of 찍찍 (jjikjjik, “squeak”)
1074	말하기	noun	speech; speaking
1075	폭풍	noun	storm
1076	이동	noun	movement; migration
1077	훈련	noun	training, drill, discipline
1078	여지	noun	room; margin; scope; leeway
1079	간호사	noun	nurse
1080	종일	noun	the whole day
1081	아이구	intj	expression of surprise; oh, ouch
1082	진	noun	jeans, or jean fabric
1083	돼지	noun	pig, swine; fatty, pig
1084	감시	noun	surveillance
1085	이전	noun	the time before now; heretofore
1086	신부	noun	father, priest
1087	드리다	verb	humble form of 주다 (juda); to offer, to give, to present
1088	반지	noun	finger ring, ring
1089	개인	noun	an individual or individuals; a private person
1090	달리	adv	differently, unlike
1091	아줌마	noun	middle-aged elder female
1092	따위	noun	and the like
1093	지원	noun	support; aid
1094	의자	noun	chair, sofa
1095	편	noun	side; side of an argument
1096	감히	adv	boldly, fearlessly, daringly
1097	저의	pron	genitive form of 저 (jeo).
1098	명의	noun	name, title
1099	무척	adv	very, extremely, extraordinarily, exceedingly
1100	스트레스	noun	stress (psychological)
1101	졸라	adv	as fuck, fucking (vulgar intensifying adverb)
1102	집안	noun	a household
1103	감사	noun	gratitude; thanks
1104	각자	noun	each person, everyone
1105	주의	noun	attention; caution
1106	기차	noun	train
1107	피부	noun	skin
1108	열차	noun	train
1109	고	det	diminutive of 그 (geu, “that”): that little
1110	주위	noun	circumference; surroundings
1111	먼	adj	realis adnominal of 멀다 (meolda, “to be far, distant”)
1112	찰스	name	a transliteration of the English male given name Charles
1113	축하하다	verb	to congratulate, to celebrate, to felicitate
1114	꼴	noun	the shape or appearance of a thing
1115	시도	noun	attempt
1116	용의자	noun	suspect
1117	기지	noun	base (e.g. military, research), station
1118	조심하다	verb	to be careful, beware, watch
1119	공기	noun	air
1120	장비	noun	equipment
1121	소년	noun	boy (older than 6 years old and so on)
1122	저번	noun	last time
1123	테스트	noun	test, examination
1124	역	noun	(railway, subway) station
1125	기대	noun	expectation; hope
1126	로	syllable	More information
1127	밤새	noun	nocturnal bird
1128	숫자	noun	numeral; numbers; quantity
1129	오랜	det	longstanding; of long duration (of past time)
1130	안다	verb	to hug, to embrace
1131	빛	noun	light, gleam, glow
1132	이메일	noun	email
1133	사촌	noun	first cousin (either male or female)
1134	고객	noun	customer
1135	공포	noun	fear, terror, dread, fright, horror, panic
1136	구	num	nine
1137	시장	noun	hunger
1138	귀여운	adj	Attributive form of 귀엽다 (gwiyeopda).
1139	암	noun	cancer (illness)
1140	채	noun	a whip, a scourge
1141	국가	noun	political state, nation, country, polity
1142	분노	noun	rage, anger, indignation
1143	왕국	noun	kingdom
1144	인형	noun	doll, puppet, action figure, any small human form
1145	에너지	noun	energy
1146	재판	noun	trial
1147	맘대로	adv	contraction of 마음대로 (ma'eumdaero): as one pleases/likes
1148	영어	noun	the English language
1149	드릴	verb	to give, to offer (humble, to someone senior) — 드리다 in the -(으)ㄹ determiner form (드릴 말씀이 있어요, I have something to tell you; 도와 드릴 수 있어요, I can help you); 드리다 is the humble counterpart of 주다; also a drill, the power tool
1150	매번	adv	all the time
1151	글	noun	a piece of writing; a written work such as a book or article
1152	동시	noun	the same time; concurrently
1153	고등학교	noun	high school
1154	두려움	noun	fear, terror
1155	어찌	adv	How, in what way or for what purpose.
1156	실력	noun	skill, ability; force
1157	장면	noun	scene; situation
1158	뼈	noun	bone; frame (of a building, etc.)
1159	천국	noun	heaven, paradise
1160	개가	noun	remarriage (by a woman)
1161	번역	noun	translation
1162	꽃	noun	flower; flowering plant
1163	방송	noun	broadcasting; a specific broadcast; a radio or television program
1164	과정	noun	process, a course of events
1165	이따	adv	a little later; after a while; a short time later
1166	사	num	four
1167	낼	noun	Contraction of 내일(來日) (naeil, “tomorrow”)
1168	든	verb	past adnominal of 들다 (deulda, “to enter, etc.”)
1169	치료제	noun	medicine, medical drug, medical treatment
1170	걔네	pron	they
1171	깊은	adj	present determiner form of 깊다 (gipda)
1172	금지	noun	prohibition, ban
1173	또는	adv	if not; alternatively
1174	존나	adv	as fuck, fucking (vulgar intensifying adverb)
1175	일본	name	Japan (a country in East Asia)
1176	보호	noun	protection
1177	공부	noun	learning; study
1178	임신	noun	pregnancy
1179	싫다	adj	to be disagreeable; to disapprove
1180	휴가	noun	vacation, holiday
1181	정상	noun	normality
1182	코드	noun	code (system of principles, rules or regulations)
1183	남다	verb	to remain, to be left over
1184	가문	noun	one's family, clan
1185	비슷한	adj	Attributive form of 비슷하다 (biseuthada) (“to be similar”).
1186	겁	noun	fear, fright
1187	올해	noun	the current year, this year
1188	찾기	noun	verbal noun of 찾다 (chatda)
1189	대장	noun	general; admiral
1190	주문	noun	order (a request for some product or service)
1191	수사	noun	number; numeral
1192	행복	noun	happiness; good fortune
1193	듯	noun	as if; in a manner suggesting that
1194	노아	name	Noah
1195	고작	adv	at most; only
1196	도망	noun	escape, decampment
1197	충격	noun	A blow or impact, especially from an object or event.
1198	보고서	noun	report, paper
1199	질	verb	to set, to go down; to lose; to fall (of blossom) — 지다 in the -(으)ㄹ determiner form (해가 질 거야, the sun will set; 질 수 없어, I can't lose); also 질 (質), quality or a person's nature; and -질, the suffix for a repeated action (가위질, cutting with scissors)
1200	앤	adv	Gyeongsang form of 아니 (ani, “no, not”)
1201	자살	noun	suicide
1202	차량	noun	vehicle
1203	동료	noun	associate, colleague, coworker, comrade, brother
1204	계시다	verb	honorific of 있다 (itda); to stay
1205	내용	noun	that which is contained in a container
1206	무리	noun	group, crowd, gang, horde
1207	놀라운	adj	realis adnominal of 놀랍다 (nollapda)
1208	주머니	noun	pouch, sack, bag
1209	계약	noun	contract
1210	연습	noun	practice, exercise
1211	창고	noun	warehouse, storehouse
1212	제시	noun	presentation, showing
1213	택시	noun	taxi
1214	장군	noun	The leader or commander of an army.
1215	승리	noun	victory
1216	진정하다	verb	to relax, to soothe; to settle
1217	하시다	verb	subject honorific form of 하다 (hada, “to do”).
1218	폭발	noun	explosion
1219	하긴	adv	honestly, in fact, really, indeed
1220	확실하다	adj	to be certain or definite
1221	신문	noun	newspaper
1222	그이	noun	that person; he
1223	조건	noun	precondition or preconditions; terms
1224	공항	noun	airport
1225	응급실	noun	emergency room
1226	이식	noun	replanting; transplantation of organs
1227	이틀	noun	two days; the second day of the month
1228	새벽	noun	dawn; daybreak; cockcrow
1229	작품	noun	a creative work or product
1230	애기	noun	unweaned baby, child
1231	일종	noun	kind, sort, type
1232	맛	noun	taste, flavor; taste, relish, zest
1233	인터뷰	noun	interview
1234	위협	noun	threat, menace
1235	시절	noun	a period of time
1236	좀더	adv	a little more
1237	장기	noun	janggi (Korean chess)
1238	밴드	noun	band
1239	일하다	verb	to work, to do one's job; to labor
1240	술집	noun	bar, pub (establishment serving alcohol)
1241	접근	noun	approach; being friendly.
1242	당시	noun	the time in question
1243	한마디	noun	a brief statement; a few words
1244	테이블	noun	table (furniture)
1245	가짜	noun	fake; forgery; imitation; counterfeit
1246	메세지	noun	misspelling of 메시지 (mesiji)
1247	힘들다	adj	difficult; tired
1248	너무나	adv	far too much; excessively
1249	시대	noun	historical age or period
1250	마음대로	adv	as one pleases/likes
1251	엄만	noun	topic-marked form of 엄마 (eomma)
1252	빨간	adj	realis adnominal of 빨갛다 (ppalgata, “red”)
1253	작년	noun	last year; the year before
1254	확신	noun	conviction, confidence
1255	거울	noun	mirror (a reflecting surface)
1256	이모	noun	maternal aunt (one's mother's sister)
1257	미	noun	beauty
1258	자체	noun	the thing itself
1259	만세	intj	hurrah, hooray; long live
1260	상관없다	adj	to have nothing to do with something
1261	이대로	adv	as it is
1262	중요하다	adj	to be important
1263	공주님	noun	princess
1264	휴대폰	noun	mobile phone
1265	나다	verb	to be born; to appear, arise, occur, take place
1266	괜히	adv	for nothing
1267	서서	noun	gradually, slowly, steadily
1268	높이	noun	height
1269	별거	noun	a rarity; a curiosity; an oddity
1270	아빤	noun	topic-marked form of 아빠 (appa)
1271	살짝	adv	subtly, slightly
1272	조심	noun	caution, care
1273	분위기	noun	intellectual atmosphere or environment
1274	전화기	noun	telephone set
1275	해리	noun	nautical mile
1276	통화	noun	telephone call
1277	과학	noun	science
1278	차이	noun	distinction; difference
1279	대령	noun	waiting for an order; waiting for the command to fall
1280	헬기	noun	helicopter
1281	실험실	noun	laboratory, lab
1282	깜짝	noun	while blinking one's eyes (especially in shock)
1283	별일	noun	an unusual event; an odd thing, a strange thing
1284	긴장	noun	tension, nervousness, strain
1285	치즈	noun	cheese
1286	내부	noun	The interior or inside.
1287	포	noun	gun; cannon
1288	공주	noun	princess
1289	배우	noun	actor (person who performs in a theatrical play or film)
1290	의심	noun	doubt, distrust
1291	삶은	verb	past determiner of 삶다 (samda): see -은 (-eun)
1292	소설	noun	fictional literature; fictional story
1293	용서	noun	forgiveness, mercy
1294	그룹	noun	group (number of things or persons being in some relation to each other)
1295	즉	adv	that is to say, in other words, i.e.
1296	케이트	noun	a four/cater
1297	게이	noun	gay man (male homosexual)
1298	해군	noun	navy
1299	잘하다	verb	to do something well, to be good at
1300	정의	noun	justice; Justice (Tarot card)
1301	어머님	noun	honorific of 어머니 (eomeoni, “mother”)
1302	부상	noun	injury; wound
1303	미스	noun	mistake, error
1304	기꺼이	adv	readily; gladly; willingly
1305	차고	noun	garage
1306	고기	noun	meat; flesh; fish (animal)
1307	손상	noun	harm; damage; injury
1308	하시	noun	what time, when
1309	셔츠	noun	a shirt (article of clothing)
1310	날씨	noun	weather
1311	정체	noun	identity; true nature
1312	부부	noun	couple, husband and wife; marital
1313	맨	det	utmost, most
1314	가스	noun	gas; natural gas
1315	버튼	noun	button (a mechanical device meant to be pressed with a finger)
1316	상당히	adv	suitably; to an appropriate degree
1317	법정	noun	court, law court
1318	태양	noun	sun; the Sun; someone of extraordinary importance
1319	통신	noun	communication; the sending of information
1320	빈	verb	past determiner of 비다 (bida): empty
1321	혐의	noun	suspicion, charge, accusation
1322	기적	noun	miracle
1323	개자식	noun	bastard; son of a bitch
1324	예쁘다	adj	to be pretty, lovely, beautiful, comely
1325	사회	noun	society; a class, a world of a certain group
1326	건강	noun	health
1327	빵	noun	bread
1328	산소	noun	oxygen
1329	해결	noun	resolution (of a problem or conflict)
1330	늑대	noun	wolf, wolves
1331	성하	noun	A term of respectful address for a pope.
1332	사라	noun	plate
1333	감독	noun	direction, supervision
1334	시애틀	name	[~시(市)] Seattle (a city in Washington, United States)
1335	살인자	noun	murderer
1336	경	pron	In the Joseon Dynasty
1337	눈물	noun	tears
1338	오줌	noun	urine (liquid excrement)
1339	권한	noun	authority, jurisdiction
1340	완료	noun	completion
1341	곡	noun	valley
1342	사냥	noun	hunting
1343	이야	intj	wow, whoa
1344	대기	noun	air; atmosphere
1345	추적	noun	chase, pursuit; trace, track
1346	아이디어	noun	idea
1347	가능하다	adj	to be possible; able
1348	연구실	noun	laboratory; professor's office
1349	절반	noun	half; waza-ari
1350	비록	adv	even if; although
1351	주제	noun	topic; main idea
1352	마실	verb	to drink, (something) to drink — 마시다 in the -(으)ㄹ determiner form, always standing before a noun (마실 것 좀 주세요, please give me something to drink; 뭐 마실 거야?, what are you going to drink?); rarely, a country word for popping out to visit a neighbour, and a dialect form of 마을, village
1353	실제	adv	practically; in fact
1354	브라이언	name	Bryan
1355	기	noun	energy, spirit (of a person)
1356	따라서	adv	therefore; in accordance with
1357	필립	name	a transliteration of the English male given name Philip
1358	매	noun	hawk; the peregrine falcon (Falco peregrinus)
1359	형사	noun	detective
1360	집중	noun	concentration
1361	더욱	adv	more so, even more
1362	개인적	noun	personal, individual
1363	이사	noun	moving (from one residence to another)
1364	콜롬비아	name	Colombia (a country in South America)
1365	남쪽	noun	The South.; South Korea in relation to North Korea.
1366	시설	noun	facilities; establishment
1367	와봐	noun	c'mon, come here
1368	숙녀	noun	lady
1369	머피	name	a transliteration of the English surname Murphy
1370	루이스	name	a transliteration of the English male given name Louis
1371	잡지	noun	magazine
1372	약물	noun	drug
1373	돌	noun	rock, stone; pebble
1374	경비	noun	expenses; cost
1375	쥐	noun	rat, mouse, (in general) rodent
1376	어깨	noun	shoulders
1377	우주선	noun	spacecraft, spaceship
1378	에이	intj	oh, well, hmph (an exclamation of disappointment)
1379	가득	adv	full; fully
1380	한참	noun	A while; quite a while.
1381	경고	noun	warning
1382	스타	noun	star (person)
1383	이혼	noun	divorce (legal dissolution of a marriage)
1384	조언	noun	advice
1385	이분	noun	this gentleman, this lady, he, she, it
1386	데이터	noun	data
1387	사인	noun	signature; autograph
1388	및	adv	and, additionally
1389	라디오	noun	radio
1390	워싱턴	name	Washington — the US capital city, and the US state
1391	직원	noun	employee
1392	천사	noun	angel; emissary of the emperor
1393	아예	adv	Altogether; entirely.
1394	운	noun	luck, fortune, fate
1395	신고	noun	report, declaration
1396	호수	noun	lake
1397	누구세요	phrase	Who is ... ?; Who are you?
1398	굳이	adv	strongly, firmly, obstinately
1399	부대	noun	unit, troops, corps
1400	폭력	noun	violence
1401	얼음	noun	ice
1402	방해	noun	hindrance; obstacle
1403	복도	noun	corridor; hallway; passage
1404	공장	noun	factory
1405	입장	noun	standpoint; perspective
1406	발견하다	verb	to discover
1407	악몽	noun	nightmare (a very bad or frightening dream)
1408	조각	noun	a piece, scrap, slice (of an object); shard, sliver
1409	탈	noun	mask, especially those worn in traditional plays
1410	꼼짝	noun	with truly a slow and slight movement
1411	강아지	noun	puppy; dog, doggy
1412	비행	noun	flight; flying
1413	폰	noun	a phone, most commonly a cell phone
1414	죄책감	noun	feeling of culpability; guilty conscience
1415	재밌다	adj	contraction of 재미있다 (jaemiitda)
1416	활동	noun	activity
1417	상사	noun	trading company
1418	따님	noun	honorific of 딸 (ttal, “daughter”)
1419	왠지	adv	somehow; for some reason
1420	마리아	name	Mary
1421	저것	pron	that (far away from the speaker and the listener)
1422	통	noun	barrel, bucket, cask, pail, vat
1423	만나기	noun	meeting (action noun of the verb to meet)
1424	쳐	verb	Infinitive form of 치다 (chida, “to strike”)
1425	한대	noun	frigid zone
1426	양반	noun	civil nobility and military nobility
1427	멕시코	name	Mexico (a country in North America)
1428	앨범	noun	album
1429	명단	noun	list of names
1430	수영장	noun	swimming pool, swimming baths
1431	통증	noun	pain, ache
1432	오히려	adv	rather; on the contrary; unexpectedly
1433	꺼	noun	Possessed form of 거
1434	최대	noun	the greatest; the largest
1435	니들	noun	needle
1436	감염	noun	infection, contagion, infestation
1437	아름다워	adj	infinitive of 아름답다 (areumdapda)
1438	지하	noun	below ground; basement
1439	우리집	noun	Hanok; my house; my family's house
1440	교도소	noun	jail, prison
1441	그나저나	adv	by the way; anyway
1442	앉다	verb	to sit, to squat
1443	나치	noun	Nazi
1444	전원	noun	power supply
1445	모양	noun	surface appearance
1446	발견	noun	find; discovery
1447	멍청이	noun	jackass, foolish person
1448	아이스크림	noun	ice cream (dessert)
1449	군인	noun	military personnel; soldier
1450	사방	noun	four sides, (in) all directions, everywhere
1451	성공	noun	success
1452	자료	noun	data; documentation
1453	암호	noun	password, code
1454	만일	noun	if; perchance
1455	먹지	noun	carbon paper
1456	미사일	noun	missile (military rocket)
1457	신장	noun	height; stature
1458	무덤	noun	grave; tomb
1459	다니엘	name	Daniel
1460	서쪽	noun	west
1461	지붕	noun	roof (top of a building or other object one can enter)
1462	가격	noun	monetary price
1463	왕자	noun	prince
1464	덕	noun	virtue
1465	먹다	verb	to eat, drink, have, consume (food or liquid)
1466	운동	noun	exercise, physical activity; sport, sports
1467	허락	noun	consent; permission
1468	테이프	noun	adhesive tape; tape (storage medium)
1469	지점	noun	point on a map, spot, place, location
1470	확률	noun	probability
1471	얘기하다	verb	contraction of 이야기하다 (iyagihada): to talk, to converse, to have a conversation; to tell, to say
1472	대단하다	adj	to be great, huge, immense, enormous, tremendous
1473	로비	noun	lobby (entryway or waiting area; vestibule)
1474	통제	noun	control, regulation
1475	화성	name	Mars
1476	자세히	adv	in detail
1477	가시다	verb	to disappear, to fade away (of a condition or state)
1478	최초	noun	first; earliest
1479	포기	noun	a unit of a plant with root
1480	학생	noun	student, scholar, school pupil
1481	단계	noun	stage of progress
1482	옛	det	old; bygone
1483	테러	noun	act of terrorism
1484	깊이	adv	deeply; profoundly
1485	빚	noun	debt
1486	근무	noun	work, duty, service (at a company)
1487	바깥	noun	outside; outdoors
1488	머릿속	noun	inside one's mind
1489	소피아	name	Sofia (the capital of Bulgaria)
1490	아멘	intj	amen
1491	중에서	adv	between, among
1492	천	noun	cloth; fabric
1493	토마스	name	Thomas
1494	자전거	noun	bicycle
1495	외계인	noun	alien; extraterrestrial
1496	동쪽	noun	east
1497	병력	noun	troops; military power, military strength
1498	원인	noun	cause
1499	이사회	noun	board of directors
1500	제국	noun	empire
1501	여섯	num	six
1502	지난번	noun	last time
1503	연결	noun	connection, link
1504	안전하다	adj	to be safe
1505	날개	noun	wing (of a bird, insect, etc.)
1506	가정	noun	a household, a family
1507	평소	noun	the ordinary; ordinary conditions
1508	판	noun	board, plank; board, game board
1509	유리	noun	glass (substance)
1510	마누라	noun	wife (married woman)
1511	안가	noun	short for 안전가옥 (anjeon'gaok, “safehouse”)
1512	수치	noun	shame
1513	인도	noun	sidewalk, pavement, walkway
1514	작동	noun	operation
1515	약속하다	verb	to promise
1516	지시	noun	instructions, indication
1517	요점	noun	gist, main point
1518	반대	noun	oppositeness; opposing, opposition
1519	이집트	name	Egypt (a country in North Africa and West Asia)
1520	조카	noun	nephew, niece (child of a sibling)
1521	기쁘다	adj	to be happy, to be glad
1522	종이	noun	paper
1523	교육	noun	education
1524	전력	noun	electricity; electric power
1525	광산	noun	mine (place from which ore is extracted)
1526	백인	noun	white person (light-skinned person of European descent; a Caucasian)
1527	유전자	noun	gene
1528	서비스	noun	service; the act of giving away something or doing something for free
1529	다르다	adj	to be different
1530	헛소리	noun	nonsense, baloney, bullshit
1531	있음	noun	presence, being, having
1532	마디	noun	joint, knuckle; words
1533	오전	noun	a.m.; forenoon
1534	마무리	noun	finishing, completion, concluding
1535	불가능하다	adj	to be impossible
1536	표	noun	ticket; vote or ballot
1537	박스	noun	box
1538	현금	noun	cash
1539	수준	noun	a standard or criterion level
1540	이란	name	Iran (a country in West Asia)
1541	흑인	noun	black person (dark-skinned person of African or Australian Aboriginal descent)
1542	위성	noun	satellite
1543	그자	pron	that one; that person
1544	증상	noun	symptom (of a disease)
1545	애인	noun	lover; boyfriend, girlfriend
1546	제인	name	a transliteration of the English female given name Jane
1547	천만	num	ten million
1548	이빨	noun	tooth
1549	프로젝트	noun	project
1550	비용	noun	cost, expense
1551	농장	noun	farm (a place where agricultural activities take place)
1552	파는	verb	present adnominal of 파다 (pada, “to dig”): see -는 (-neun)
1553	사용	noun	usage in order to fulfill a purpose or role
1554	외과	noun	surgery
1555	눈치	noun	one's ability to sense what are the correct/wrong things to do in a situation
1556	시카고	name	Chicago (a large city in Illinois, United States)
1557	명예	noun	honor
1558	슬픔	noun	sadness, sorrow
1559	어머나	intj	oh, my!
1560	자연	noun	nature
1561	언론	noun	speech, public discourse
1562	웃음	noun	laughter; a smile
1563	일인	noun	one person; someone
1564	조용	root	Root of 조용하다 (joyonghada, “quiet”) / 조용히 (joyonghi, “quietly”). Rarely used alone.
1565	기억하다	verb	to remember
1566	여기다	verb	to consider (as)
1567	토끼	noun	leporid(hare, rabbit), bunny
1568	권력	noun	power; authority
1569	중간	noun	the middle; medium
1570	영광	noun	honor; glory
1571	엘리베이터	noun	an elevator (permanent construction)
1572	터널	noun	tunnel
1573	지문	noun	fingerprint
1574	출발	noun	departure
1575	원숭이	noun	monkey, ape
1576	여	noun	woman; female
1577	유럽	name	Europe (a continent located west of Asia and north of Africa)
1578	안경	noun	glasses, spectacles
1579	지갑	noun	wallet, purse
1580	정리	noun	arrangement; readjustment, liquidation
1581	연료	noun	fuel
1582	정원	noun	garden, vegetable garden, yard
1583	금요일	noun	Friday
1584	맥박	noun	pulse; pulsation
1585	본부	noun	headquarters
1586	대상	noun	caravan
1587	목이	noun	wood ear (Auricularia auricula-judae)
1588	님	noun	beloved (object of speaker's love)
1589	큰일	noun	important affair
1590	책상	noun	desk
1591	경력	noun	career, work experience
1592	북부	noun	northern part, northern area
1593	구경	noun	a viewing; a thing worth watching
1594	모임	noun	a gathering or meeting
1595	신사	noun	gentleman
1596	외상	noun	injury
1597	장벽	noun	barrier, obstacle, obstruction
1598	지하실	noun	basement, cellar (floor below ground level)
1599	어른	noun	grownup, adult, elder, senior
1600	협상	noun	negotiation
1601	아드님	noun	honorific of 아들 (adeul, “son”)
1602	단순히	adv	simply; straightforwardly
1603	안녕하십니까	phrase	How are you?; Hello
1604	처리	noun	processing; handling; dealing with
1605	초대	noun	invitation
1606	의무	noun	duty, obligation
1607	머리카락	noun	hair (on a person's head)
1608	다만	adv	however, nonetheless
1609	담당	noun	responsibility, charge
1610	허가	noun	permission
1611	조만간	adv	soon, shortly, sooner or later, in the near future
1612	애초	noun	beginning, start
1613	피자	noun	pizza (baked Italian dish)
1614	미국인	noun	American (person born in or citizen of the USA)
1615	오래전	noun	long ago, long before
1616	혀	noun	tongue
1617	기운	noun	strength, vigor
1618	의상	noun	clothes; costume; dress
1619	연설	noun	speech; address; oration
1620	탄	noun	a bird net used to catch birds
1621	쓸모	noun	use
1622	리스트	noun	list
1623	소송	noun	lawsuit
1624	사막	noun	desert (barren area)
1625	일곱	num	seven
1626	각하	noun	(Mr/Madame) President
1627	관	noun	pipe; tube; duct
1628	실패	noun	failure
1629	혈관	noun	blood vessel
1630	센터	noun	centre (place where some function or activity occurs)
1631	아주머니	noun	a woman of one's parents' age
1632	여태	adv	until now, so far
1633	고대	noun	antiquity; ancient times
1634	시기	noun	opportunity; chance; a time, especially a time for doing something
1635	틀림없이	adv	correctly, errorlessly
1636	토요일	noun	Saturday
1637	샌드위치	noun	sandwich (food)
1638	사자	noun	a messenger; an envoy; an emissary
1639	메이	noun	Hwanghae form of 모이 (moi, “feed for poultry”)
1640	원한	noun	grudge; rancour
1641	지나	name	China
1642	다행히	adv	fortunately; luckily
1643	제거	noun	removal
1644	기능	noun	function or functionality
1645	먹이	noun	food (often of animals); feed
1646	물질	noun	a substance; a material
1647	특별히	adv	especially, in particular, special, specially
1648	사망	noun	death
1649	맞고	verb	a conjunctive form of 맞다 (matda)
1650	론	noun	theory; hypothesis, claim, argument
1651	빼	verb	Infinitive form of 빼다 (ppaeda, “to remove”)
1652	관리	noun	administration, management, supervision
1653	복부	noun	abdomen, stomach, belly
1654	금고	noun	safe
1655	은하	name	Milky Way
1656	매년	adv	every year
1657	한동안	adv	for a while
1658	도리	noun	purlin
1659	상담	noun	advice, counsel, consultation; customer service
1660	위층	noun	upstairs
1661	장례식	noun	funeral (service)
1662	열정	noun	passion; ardour
1663	양이	noun	Western barbarian; Westerner
1664	우연히	adv	by chance, incidentally
1665	낮	noun	daytime; noon
1666	구조	noun	a structure
1667	선배	noun	a senior or elder in an organization
1668	옷장	noun	wardrobe, closet
1669	배터리	noun	battery (device to store electricity)
1670	경찰서	noun	police station
1671	과연	adv	indeed, really
1672	붉은	adj	realis adnominal of 붉다 (bukda, “red”)
1673	나리	noun	sir, your honour, my lord.
1674	가끔씩	adv	sometimes
1675	첫째	num	first (ordinal number)
1676	로봇	noun	robot (intelligent mechanical being)
1677	중심	noun	center, core; centre (place where some function or activity occurs)
1678	칠	num	seven
1679	대위	noun	captain
1680	신분증	noun	identity card, ID card
1681	압력	noun	pressure
1682	호	noun	number, issue, edition (of a model, publication, version, etc.)
1683	진행	noun	progress
1684	차트	noun	chart
1685	도저히	adv	"not at all, (with negative verb) possibly (as in ""couldn't possibly"")"
1686	무	noun	Korean radish, a variety of daikon commonly consumed in Korea
1687	추가	noun	addition
1688	창녀	noun	prostitute, hooker (a person having sex for profit)
1689	리더	noun	leader
1690	부엌	noun	kitchen
1691	대회	noun	a competition, contest or tournament
1692	탐정	noun	detective
1693	여유	noun	leeway; remainder; extra time or space
1694	인기	noun	popularity
1695	보험	noun	insurance
1696	오다	verb	to come (to move towards the speaker)
1697	카이사르	name	Caesar
1698	요청	noun	request, claim, appeal
1699	불구	noun	deformity
1700	실례	noun	rudeness
1701	신뢰	noun	trust; faith
1702	출신	noun	a native; someone native-born to a place
1703	의도	noun	intention
1704	종교	noun	religion
1705	소파	noun	sofa
1706	이웃	noun	neighbor (a person who lives nearby)
1707	잔뜩	adv	very, quite, heavily
1708	대충	adv	approximately
1709	잃다	verb	to lose
1710	도착하다	verb	to arrive
1711	아야	intj	ouch!, ow!
1712	피트	noun	foot (unit of length)
1713	텍사스	name	[~주(州)] Texas (a state in the south-central region of the United States)
1714	사기	noun	fraud; swindle; unfairly strong
1715	전설	noun	legend
1716	증인	noun	witness
1717	각	det	each
1718	성적	noun	achievements; accomplishments; (school) grade; (exam) result
1719	예수	name	Jesus
1720	대사	noun	ambassador
1721	겨울	noun	winter
1722	판단	noun	Judgment; decision
1723	스타일	noun	style
1724	절차	noun	procedures
1725	노예	noun	slave (person owned by another, forced to work for another or to perform sexual acts)
1726	때로	adv	on occasion; occasionally
1727	벨	noun	bell
1728	케이크	noun	cake
1729	김	noun	laver (nori, a type of edible seaweed in the genus Porphyra)
1730	그림자	noun	shadow; reflection on water
1731	표현	noun	expression (through words or actions)
1732	의지	noun	determination to accomplish something; steadfastness
1733	종종	adv	sometimes
1734	윌리엄	name	a transliteration of the English male given name William
1735	넷	num	four (as a noun)
1736	엉망	noun	mess; (in) bad shape; wreck
1737	아서	name	a transliteration of the English male given name Arthur
1738	훌륭하다	adj	excellent
1739	전화번호	noun	telephone number
1740	극장	noun	theater; movie theater, cinema
1741	연방	noun	federation, union, commonwealth
1742	사격	noun	shooting
1743	내면	noun	inner side
1744	파이	noun	pie
1745	독	noun	jar, jug (made of clay)
1746	시내	noun	downtown, city centre
1747	온갖	det	all; every; all kinds of
1748	특별	noun	The state or quality of being special.
1749	제작	noun	production, manufacture
1750	가운데	noun	center; the middle
1751	퀸	noun	a queen
1752	떠	verb	Infinitive of 뜨다 (tteuda)
1753	하룻밤	noun	one night
1754	마스크	noun	mask (covering for the face)
1755	강도	noun	robber
1756	시야	noun	older brother, older male
1757	부탁해요	adv	please
1758	허	noun	虛: falseness; worthlessness
1759	스파이	noun	spy
1760	위기	noun	crisis; impending danger
1761	주로	adv	chiefly, principally
1762	정신과	noun	psychiatry
1763	바라지	noun	window
1764	늦다	adj	to be late
1765	소용	noun	use; good
1766	어떡하다	verb	what is one supposed to do
1767	예상	noun	expectation, anticipation
1768	세금	noun	tax, duty
1769	고개	noun	nape of the neck
1770	미팅	noun	blind date; first date
1771	편히	adv	at ease
1772	쌍둥이	noun	twins
1773	선택권	noun	choice, option
1774	스카이	name	Seoul
1775	크기	noun	size
1776	홀로	adv	alone, by oneself
1777	우유	noun	cow's milk
1778	비명	noun	scream, shriek
1779	보안관	noun	sheriff
1780	청소	noun	cleaning
1781	호출	noun	call, summons
1782	샤워	noun	shower (device for bathing)
1783	저주	noun	curse
1784	발작	noun	paroxysm, fit, seizure
1785	판사	noun	judge; magistrate, Justice of the Peace
1786	식량	noun	food; provisions
1787	위원회	noun	committee
1788	긴급	noun	emergency
1789	싱크	noun	a five/cinque
1790	마이	noun	shirt jacket, especially of a school uniform
1791	싫어하다	verb	to detest, to loathe
1792	신세	noun	one's life experience
1793	자국	noun	mark, stain, smudge
1794	세월	noun	time
1795	침실	noun	bedroom
1796	의회	noun	parliament; congress
1797	언제든지	adv	anytime, whenever
1798	백	num	hundred
1799	검	noun	sword
1800	남성	noun	male, men
1801	각각	adv	each, every, respective
1802	모험	noun	adventure
1803	맛있다	adj	delicious, tasty, something that tastes good
1804	지식	noun	knowledge
1805	오해	noun	misunderstanding
1806	어렵다	adj	to be difficult, to be hard
1807	딱히	adv	pitifully; really, specially (in a negative context)
1808	애비	noun	father (parent)
1809	코트	noun	coat
1810	광고	noun	advertisement, advertising in general
1811	거시기	noun	dissatisfactory
1812	마저	adv	all, with no remainder
1813	하얀	adj	realis adnominal of 하얗다 (hayata, “white”)
1814	장난감	noun	toy, plaything
1815	재산	noun	public or private property
1816	미소	noun	a (bright) smile
1817	전문가	noun	expert; specialist
1818	확	noun	wind, gas, fire, or some kind of energy suddenly and strongly affecting or rising
1819	이러다	verb	to do this; to act in this way
1820	제니	name	a transliteration of the English female given name Jenny or Jennie
1821	페니	noun	penny
1822	도둑	noun	thief; robbery, thievery
1823	일자리	noun	job, work, occupation, employment
1824	작가	noun	an artist or artists, including singers, painters, writers, etc.
1825	보물	noun	treasure
1826	서명	noun	signature, autograph
1827	요구	noun	requirement, demand
1828	결론	noun	conclusion
1829	블랙홀	noun	black hole
1830	주방	noun	kitchen
1831	부서	noun	department; division
1832	도착	noun	arrival
1833	음성	noun	voice
1834	온라인	noun	being online
1835	화면	noun	screen; canvas
1836	마녀	noun	witch, sorceress
1837	레스토랑	noun	restaurant
1838	마법사	noun	wizard, magician, sorcerer
1839	표시	noun	expression
1840	이론	noun	theory
1841	혁명	noun	revolution
1842	나지	noun	any vacant land, regardless of private law
1843	악	noun	evil; wickedness
1844	금	noun	gold (Au) (in general and as an element); golden...
1845	소원	noun	wish, hope
1846	계산	noun	calculation, reckoning
1847	언어	noun	language
1848	주요	noun	importance, primacy
1849	천만에요	intj	you're welcome!
1850	풀	noun	herbaceous plants, particularly grass
1851	양쪽	noun	both sides, both parties
1852	유지	noun	maintenance; sustenance; upkeep
1853	베를린	name	Berlin (the capital city of Germany)
1854	후회	noun	regret
1855	이미지	noun	public image; image, image file
1856	환경	noun	environment, as a general concept
1857	의료	noun	medical treatment
1858	공식적	noun	official, formal
1859	살해	noun	murder
1860	불법	noun	illegality; the illegal
1861	자비	noun	mercy
1862	귀신	noun	ghost, spirit
1863	주기	noun	period, cycle
1864	날짜	noun	date, days
1865	목록	noun	list, catalogue, index, inventory
1866	교황	noun	the Pope; The Hierophant
1867	대단히	adv	very (much), so (much), extremely, exceedingly
1868	캘리포니아	name	[~주(州)] California (the most populous state of the United States)
1869	회복	noun	recovery or restoration
1870	어린애	noun	contraction of 어린아이 (eorinai, “child”)
1871	불만	noun	dissatisfaction; discontent
1872	마침	adv	just, just in time
1873	애리조나	name	[~주(州)] Arizona (a state in the southwestern United States, established 1912)
1874	아프리카	name	Africa (the continent south of Europe and between the Atlantic and Indian Oceans)
1875	아래층	noun	downstairs
1876	사탕	noun	candy (piece of candy)
1877	이에	adv	hereupon; hence; thereupon
1878	귀엽다	adj	cute; (to be) charming
1879	마찬가지	noun	being exactly the same; identical
1880	충분하다	adj	to be sufficient or adequate
1881	영감	noun	old man, elderly man
1882	기름	noun	oil; oil, petroleum
1883	수염	noun	mustache, beard, whiskers
1884	빌딩	noun	building (the structure)
1885	면	noun	cotton (both the fiber and the cloth)
1886	예의	noun	manners; etiquette; politeness
1887	일정	noun	schedule
1888	증언	noun	testimony
1889	예약	noun	reservation, booking, appointment
1890	숙제	noun	homework
1891	행사	noun	an event or observance.
1892	콜	noun	call
1893	참고	noun	reference; consultation
1894	공짜	noun	something which is free, which does not have to be paid for
1895	맹세하다	verb	to swear; to vow; to pledge; to take oath
1896	드라마	noun	drama; specifically, a television drama or soap opera
1897	두개골	noun	skull, cranium
1898	기쁨	noun	joy; happiness
1899	시합	noun	game, contest, match
1900	루이	name	a transliteration of the French male given name Louis
1901	국경	noun	border (between countries)
1902	투표	noun	vote
1903	히틀러	name	Hitler
1904	지도자	noun	leader
1905	조금씩	adv	incrementally; bit by bit
1906	무사히	adv	safely, intact
1907	킴	name	a transliteration of the Korean surname 김
1908	이탈리아	name	Italy (a country in Southern Europe)
1909	감각	noun	sensation; A sense for something.
1910	의학	noun	medicine (the academic discipline)
1911	자금	noun	fund, funds, capital
1912	주인공	noun	protagonist, leading character, hero, heroine
1913	인질	noun	hostage
1914	인물	noun	the physical figure of a person
1915	먹어요	verb	to eat, drink, have, consume (food or liquid)
1916	닭	noun	chicken; specifically the domestic chicken, Gallus gallus, sometimes Gallus gallus domesticus.
1917	약점	noun	weakness, weak point, shortcoming
1918	페이지	noun	page (of a book)
1919	소스	noun	sauce (liquid condiment)
1920	올림픽	name	Olympics, the Olympic Games
1921	포르노	noun	clipping of 포르노그래피 (porunogurafi, “pornography”): porn
1922	화재	noun	fire (as a disaster), blaze, conflagration
1923	겁쟁이	noun	coward (someone easily scared)
1924	걸다	verb	to hang, to suspend
1925	휴식	noun	rest; relaxation; break
1926	주먹	noun	fist
1927	층	noun	storey or floor
1928	애도	noun	condolence; sympathy
1929	정	noun	attachment
1930	핀	noun	pin
1931	고문	noun	torture (intentional causing of somebody's experiencing agony)
1932	움직임	noun	movement, motion
1933	주목	noun	Japanese yew
1934	모래	noun	sand
1935	따	verb	infinitive of 따다 (ttada, “to pluck, to win”)
1936	수영	noun	swimming
1937	분야	noun	sector; field of business or study
1938	함부로	adv	thoughtlessly, carelessly
1939	듯이	noun	as if; in a manner suggesting that
1940	승인	noun	approval, recognition
1941	놀이	noun	play; game; pastime; amusement, (formal) recreation
1942	주다	verb	to give; for someone; forms benefactive verbs.
1943	월요일	noun	Monday
1944	보상	noun	compensation
1945	숙청	noun	purge
1946	흥미	noun	interest (curiosity)
1947	법원	noun	court (of law)
1948	품	noun	chest, bosom, breast
1949	경계	noun	boundary
1950	그러자	adv	and then; and
1951	죄다	verb	to cinch; to tighten, to make tighter
1952	건너	noun	the opposite side
1953	소	noun	cow; bull; ox; cattle
1954	염소	noun	goat (horned domestic animal)
1955	해결책	noun	solution
1956	앨리스	name	a transliteration of the English female given name Alice
1957	둘째	num	second, next after the first; the ordinal number for two
1958	오토바이	noun	motorcycle
1959	외부	noun	exterior; outside, especially outside of an organization or group
1960	값	noun	price; value
1961	냉장고	noun	refrigerator
1962	점수	noun	score; grade
1963	란	noun	egg
1964	정지	noun	stop, halt; suspension, cessation
1965	열다	verb	to open; to hold (an event, meeting, etc.)
1966	자라	noun	Amur softshell turtle (Pelodiscus maackii)
1967	보석	noun	gemstone
1968	튜브	noun	tube
1969	성격	noun	character, temperament
1970	타겟	noun	target
1971	질병	noun	disease, sickness
1972	스튜디오	noun	studio
1973	울	noun	wall, fence; cage
1974	댄스	noun	dance
1975	수천	num	many thousands
1976	일과	noun	daily routine, daily task
1977	이기	pron	here
1978	댁	noun	house, home, residence
1979	밧줄	noun	rope
1980	계좌	noun	account
1981	희생	noun	sacrifice; life lost due to natural causes or accidents
1982	초	noun	the SI unit of time, second
1983	내리	adv	downwards; from top to bottom
1984	한때	noun	one time; the same time
1985	수색	noun	search
1986	업무	noun	business, work, task, duty, business operations, service
1987	사장	noun	CEO or director of a company
1988	병사	noun	soldier
1989	크다	adj	to be big, large (both physical and figurative)
1990	치는	verb	adnominal form of 치다 (chida)
1991	무조건	adv	unconditionally
1992	찬	det	conjugative form of 차다 (chada, “cold”)
1993	출처	noun	source, origin
1994	가나	noun	Ghana (a country in Africa)
1995	주사	noun	injection; shot
1996	부자	noun	a rich person
1997	문신	noun	tattoo (image made in the skin with ink and a needle)
1998	자신감	noun	self-confidence
1999	제정신	noun	sanity, right mind
2000	병신	noun	moron, imbecile, idiot, retard, fool
2001	도중	noun	on the way; along the way; en route
2002	당	noun	justice; this, that, something already mentioned
2003	구급차	noun	ambulance
2004	칩	noun	chips, crisps; chip, microchip
2005	법적	noun	legal (relating to law)
2006	출구	noun	exit
2007	탓	noun	cause, reason; defect, fault
2008	커	adj	Infinitive form of 크다 (keuda, “to be big”)
2009	요정	noun	fairy (mythical being)
2010	구름	noun	cloud
2011	자매	noun	sisters
2012	부하	noun	subordinate
2013	확인하다	verb	to confirm, to verify or check; to see; to ascertain; to affirm
2014	구석	noun	corner; a remote place
2015	타입	noun	type
2016	우정	noun	friendship
2017	때때로	adv	sometimes, occasionally
2018	고장	noun	breakdown (mechanical)
2019	데니스	name	a transliteration of the English male given name Dennis
2020	펜	noun	pen
2021	경보	noun	alarm, alert, warning
2022	취향	noun	taste, liking, fondness
2023	호흡	noun	breath; respiration
2024	도서관	noun	library
2025	목격자	noun	witness
2026	영장	noun	warrant (e.g. issued for an arrest)
2027	발목	noun	ankle (literally, “the neck of the foot”)
2028	함정	noun	trap
2029	중력	noun	gravity
2030	이따가	adv	a little later; after a while; a short time later
2031	스페인어	noun	the Spanish language
2032	축하	noun	congratulations, celebration, felicitations, rejoicing, festivities;
2033	코카인	noun	cocaine
2034	드론	noun	drone (unmanned aerial vehicle)
2035	전사	noun	warrior (person actively engaged in battle, conflict or warfare)
2036	규정	noun	a provision or rule
2037	무어	intj	An expression of surprise.
2038	무엇이든	pron	anything, whatever
2039	축구	noun	football, (US) soccer
2040	기자	noun	reporter, journalist, newsman, correspondent
2041	범죄자	noun	criminal, offender, convict
2042	창	noun	window
2043	골절	noun	fracture (in bone)
2044	아유	noun	flattery
2045	성함	noun	name
2046	감자	noun	potato
2047	좀비	noun	zombie
2048	화살	noun	arrow
2049	지상	noun	paper, (in) the newspaper
2050	짐승	noun	beast, animal; brute, barbarian
2051	부족	noun	insufficiency; inadequacy
2052	끔찍하다	adj	to be terrible; to be awful; to be horrible; to be atrocious
2053	사생활	noun	private life
2054	온통	noun	all, wholly, entirely, altogether
2055	충돌	noun	head-on collision
2056	지난주	noun	last week
2057	바늘	noun	needle, pin; hand
2058	파괴	noun	destruction
2059	압박	noun	pressure; oppression
2060	스케줄	noun	schedule
2061	해안	noun	seacoast, seashore
2062	욕망	noun	desire, lust, appetite, craving
2063	이자	noun	interest
2064	옥상	noun	rooftop
2065	작고	noun	death; passing away
2066	시동	noun	starting up (a computer, machine, engine, etc.)
2067	동의	noun	agreement, consent
2068	차례	noun	order; sequence
2069	척추	noun	spine, spinal column
2070	수표	noun	cheque, check (bank)
2071	감방	noun	prison cell
2072	그런지	noun	grunge
2073	초콜릿	noun	chocolate
2074	썩	noun	while cutting in one quite powerful stroke
2075	설탕	noun	sugar
2076	분석	noun	analysis; analyze
2077	언덕	noun	small hill
2078	낭비	noun	waste, extravagance
2079	샘플	noun	sample
2080	별명	noun	alias, nickname
2081	과장	noun	section manager; section chief
2082	준비하다	verb	to prepare
2083	동기	noun	same period, same time
2084	자세	noun	posture; carriage
2085	해주	name	Haeju (a city in South Hwanghae Province, North Korea)
2086	부동산	noun	real estate; any non-movable property, including land, buildings or portions thereof, and crops
2087	적의	noun	enmity; hostility
2088	그만큼	adv	to that extent, so much, that much
2089	치킨	noun	fried chicken, especially Korean fried chicken
2090	갖	noun	leather, hide.
2091	발생	noun	occurrence, incidence
2092	중앙	noun	center, middle; central, primary
2093	메스	noun	scalpel; surgical knife
2094	로리	noun	clipping of 로리타 (rorita, “sexually attractive young girl”)
2095	서울	noun	capital; large city
2096	속옷	noun	underwear, undergarment
2097	동굴	noun	cave, cavern
2098	파이프	noun	pipe (hollow tube)
2099	번개	noun	lightning; thunderbolt
2100	난리	noun	uproar; disturbance; war, revolt, disaster, etc.
2101	주장	noun	a claim or assertion
2102	후보	noun	candidate
2103	시각	noun	viewpoint; angle of vision
2104	재	noun	ash
2105	강제	noun	compulsion, coercion
2106	사모님	noun	(one's) teacher's wife
2107	완벽하다	adj	perfect, immaculate, flawless
2108	인정	noun	recognition, acknowledgment, authorisation
2109	악당	noun	villain
2110	발표	noun	presentation; exhibition; announcement; release; roll out
2111	뒤쪽	noun	back, the rear
2112	환상	noun	illusion; fantasy
2113	기관	noun	engine; machine
2114	차원	noun	a dimension
2115	최소	noun	minimum; the youngest
2116	여기저기	adv	here and there, everywhere
2117	시선	noun	one's gaze; the direction of one's vision
2118	경관	noun	landscape; scenery
2119	똑같다	adj	just the same, exactly equal, identical
2120	연주	noun	performance; recital
2121	옳다	adj	to be right, true, correct
2122	길거리	noun	a thoroughfare; a busy street
2123	네트워크	noun	network
2124	기다리다	verb	to wait for, to await
2125	물론입니다	phrase	of course
2126	불리	noun	disadvantage, drawback
2127	기타	noun	guitar
2128	그중	noun	among those; of those
2129	조명	noun	lighting
2130	산책	noun	walk, stroll
2131	문서	noun	document
2132	세트	noun	set
2133	너머	noun	beyond, the other side
2134	형태	noun	shape; form
2135	할로윈	noun	Halloween
2136	사람인	noun	a hanja name of the person radical: 人 (in)
2137	벨트	noun	belt
2138	감기	noun	a cold; common cold; influenza
2139	타워	noun	tower
2140	일요일	noun	Sunday
2141	전통	noun	full connection
2142	똑똑	noun	with a knocking sound; with a tapping sound
2143	인	noun	person; people; human, human being
2144	밀어	noun	The Amur goby, Rhinogobius brunneus
2145	부르다	verb	to name, to call, to call out
2146	인가	noun	permission, license
2147	동무	noun	friend, mate, pal
2148	축복	noun	blessing
2149	생존	noun	survival
2150	바위	noun	rock; boulder
2151	모델	noun	model (example)
2152	진단	noun	diagnosis
2153	사정	noun	condition or status of something, or the reason for that
2154	입다	verb	to wear, to put on (clothes)
2155	와이프	noun	wife
2156	우연	noun	coincidence; chance; accident; contingency
2157	경로	noun	course, route
2158	사항	noun	item, matter
2159	둔	noun	stationed camp; third hexagram of the I Ching
2160	슬슬	noun	subtly; discreetly
2161	부탁합니다	verb	formal polite present indicative form of 부탁하다 (butakhada, “to ask to do well”)
2162	꼬맹이	noun	rascal, small fry, brat
2163	채널	noun	channel (communications)
2164	의문	noun	Doubt.
2165	벌레	noun	bug, insect (any small arthropod such as insects, spiders, etc.)
2166	궁금하다	adj	to be curious; to be ravenous
2167	입술	noun	lips
2168	살인범	noun	murderer, killer
2169	부위	noun	region; site; location; position; place
2170	입구	noun	entrance
2171	친	syllable	by blood; of the paternal side of the family
2172	비상	noun	emergency
2173	감사드리다	verb	to be thankful; to feel or express a desire to repay
2174	양은	noun	nickel silver
2175	안부	noun	news; tidings; a person's day-to-day well-being
2176	애니	noun	short for 애니메이션 (aenimeisyeon, “animation”)
2177	생기	noun	liveliness, vitality, vigor
2178	짜증	noun	irritation, annoyance
2179	근육	noun	muscle
2180	황제	noun	emperor; The Emperor (Tarot card)
2181	옆으로	adv	to the side, sideways
2182	녹색	noun	green (color)
2183	놀	noun	glow, red sky (beginning and ending of daylight)
2184	한숨	noun	sigh
2185	다이아몬드	noun	diamond (uncountable: mineral)
2186	박수	noun	clap; applause
2187	고집	noun	stubbornness
2188	정보원	noun	informant
2189	동맥	noun	artery
2190	영	num	zero
2191	불어	noun	French
2192	당하다	verb	to suffer or undergo something
2193	티켓	noun	ticket
2194	신체	noun	human body
2195	환영	noun	welcome
2196	투어	noun	tour
2197	그릇	noun	bowl; vessel; caliber of a personality; one's capacity of forbearance
2198	주차장	noun	car park, parking lot
2199	담	noun	wall
2200	통로	noun	passage; way; path; passageway
2201	여인	noun	woman, lady
2202	빛나는	verb	present adnominal of 빛나다 (binnada, “to shine”): see -는 (-neun)
2203	직전	adv	directly in front, directly ahead
2204	필름	noun	film (photographic film)
2205	남자애	noun	baby boy, boy
2206	물고기	noun	fish (as living animals)
2207	커플	noun	couple
2208	여친	noun	syllabic abbreviation of 여자친구 (yeojachin'gu, “girlfriend”)
2209	색	noun	colour (UK), color (US)
2210	매력	noun	charm, attractiveness, (sex) appeal
2211	태도	noun	attitude, stance
2212	와라	verb	come, come over
2213	올리고	noun	oligo-
2214	과	noun	academic department (in universities)
2215	마다	verb	to smash
2216	수백만	num	millions
2217	이용	noun	use; utilization
2218	지지	noun	support
2219	정신적	noun	psychological, mental, emotional
2220	외국	noun	a foreign country
2221	확신하다	verb	to be convinced, to be sure, to be certain
2222	명성	noun	reputation, fame
2223	마이애미	name	Miami (a city in Florida, United States)
2224	월급	noun	monthly salary
2225	의원	noun	member of a parliament or assembly
2226	파란	adj	realis adnominal of 파랗다 (parata, “blue, green”)
2227	깨끗한	adj	present determiner of 깨끗하다 (kkaekkeuthada)
2228	위스키	noun	whisky (alcoholic drink)
2229	캐시	noun	cache
2230	맥	noun	blood vein; pulse
2231	거구	noun	huge, giant body
2232	시티	noun	city
2233	인상	noun	impression
2234	벗	noun	friend; companion
2235	선거	noun	election; any process to select an officer
2236	코치	noun	coach (trainer)
2237	자존심	noun	self-respect; self-esteem
2238	종족	noun	race; ethnicity
2239	쉬다	verb	to rest, to break, to relax, to take a rest
2240	중지	noun	stoppage; cessation
2241	심하다	adj	to be severe, to be extreme
2242	응급	noun	emergency
2243	아하	intj	aha!
2244	순식간	noun	the blink of an eye, an instant of time
2245	베이비	noun	baby, infant; baby (term of endearment)
2246	약한	adj	realis adnominal of 약하다 (yakhada, “weak”)
2247	교수	noun	instruction; professor
2248	트렁크	noun	trunk, suitcase
2249	여정	noun	itinerary; journey
2250	질투	noun	jealousy, envy
2251	패턴	noun	pattern
2252	그다지	adv	so much; to that extent
2253	일반	noun	general; common
2254	팔고	noun	eight Duḥkhas (the eight kinds of suffering)
2255	최후	noun	the final; the last
2256	함	noun	box
2257	비다	verb	to be empty (in general)
2258	개새끼	noun	son of a bitch, piece of shit, bastard
2259	소아과	noun	paediatrics (branch of medicine that deals with treatment of children)
2260	탈출	noun	escape
2261	조치	noun	measure; step; action
2262	백신	noun	vaccine
2263	고래	noun	whale; strong drinker
2264	넣다	verb	to put in, to include, to insert
2265	고생	noun	suffering
2266	안쪽	noun	inside
2267	작별	noun	farewell; goodbye
2268	초음파	noun	ultrasound (sound with a frequency greater than the upper limit of human hearing)
2269	읽다	verb	to read
2270	납치	noun	kidnapping; hijacking
2271	바퀴	noun	wheel
2272	균형	noun	balance; equilibrium
2273	외과의	noun	surgeon
2274	전화하다	verb	to call by telephone
2275	동맹	noun	alliance; union
2276	손목	noun	wrist
2277	주식	noun	stocks; shares
2278	피로	noun	fatigue, tiredness
2279	째	verb	infinitive of 째다 (jjaeda); see 째다 (jjaeda), -어 (-eo).
2280	억지	noun	the stubbornness of attempting to forcefully do something which would not naturally happen
2281	스페인	name	Spain (a country in Southern Europe, including most of the Iberian peninsula)
2282	체포	noun	arrest, apprehension
2283	방사선	noun	radiation
2284	이내	noun	within (in less than)
2285	시민	noun	citizens, citizenry
2286	관점	noun	standpoint, point of view
2287	호랑이	noun	tiger
2288	트롤	noun	troll
2289	눈빛	noun	the color of one's eyes, the expression of one's eyes, the glitter of one's eyes
2290	싸구려	noun	cheap good
2291	초기	noun	the initial period; the beginning
2292	유진	name	Yujin Point, a cape
2293	시골	noun	countryside, the country
2294	나름	noun	dependence, essence, nature
2295	가죽	noun	leather; skin
2296	사형	noun	death penalty, capital punishment
2297	외	noun	other things; the outside
2298	거짓	noun	falsehood; untruth
2299	잠자리	noun	dragonfly
2300	전국	noun	the whole land making up a country
2301	슈퍼맨	name	Superman (superhero)
2302	항구	noun	port, harbour
2303	워낙	adv	so, very; by nature, usually, always
2304	비니	noun	beanie (cap), tuque, knit cap
2305	앞서	adv	previously; foregoing
2306	빌다	verb	to wish, to pray for something
2307	아일랜드	name	Ireland (a country in northwestern Europe)
2308	싸	adj	Infinitive form of 싸다 (ssada, “to be cheap”)
2309	공통점	noun	commonality
2310	신분	noun	position, status
2311	변신	noun	transformation, metamorphosis
2312	사내	noun	a lad; a young man, especially a manly one
2313	대략	adv	approximately
2314	스튜	noun	stew
2315	내지	adv	from how many to how many (Sino-Korean manifestation of 얼마에서 얼마까지)
2316	부인과	noun	gynecology
2317	루	noun	rampart, military wall
2318	무료	noun	free, at no cost, free of charge
2319	졸업	noun	graduation
2320	범위	noun	A field, scope, or range.
2321	팬티	noun	briefs, underpants, panties, knickers, boxers, shorts
2322	소개	noun	introduction
2323	왕좌	noun	throne
2324	추억	noun	memory; recollection; reminiscence
2325	꼬리	noun	tail
2326	야수	noun	beast; brute
2327	색깔	noun	color
2328	인원	noun	staff; personnel; employee
2329	전세계	noun	the whole world
2330	협박	noun	threat, menace; blackmail (payment of money exacted by means of intimidation)
2331	양심	noun	conscience
2332	어째	adv	why, for what reason, how come
2333	하구	noun	estuary
2334	콩	noun	soybean; beans and legumes in general.
2335	이브	name	Eve
2336	조국	noun	motherland; homeland
2337	연극	noun	a public show or performance
2338	낫다	verb	to recover from an illness, to get better
2339	사태	noun	situation (especially negative); state of affairs; circumstances
2340	축제	noun	festival
2341	반대편	noun	the opposite side
2342	전선	noun	battlefront; front; alignment
2343	끊임없이	adv	continuously; ceaselessly
2344	실컷	adv	to one's heart's content, heartily
2345	먹기	noun	verbal noun of 먹다 (meokda, “to eat”); eating
2346	재수	noun	study for the following year's annual university entrance exams after failing
2347	클램프	noun	clamp (tool)
2348	금발	noun	blond hair
2349	수고	noun	effort, trouble
2350	화상	noun	portrait; picture, image
2351	티	noun	dirt; fault, defect
2352	코끼리	noun	elephant
2353	박	noun	gourd, calabash
2354	부담	noun	burden
2355	현상	noun	the evident condition or state
2356	멋대로	adv	as one pleases/likes
2357	킹	noun	a king
2358	드라이브	noun	driving (a car etc.)
2359	젊은이	noun	youth, a young person
2360	녹음	noun	recording
2361	눈앞	noun	nearby; The very near future; at hand
2362	공중	noun	the air, midair
2363	자궁	noun	a womb; a uterus
2364	놀다	verb	to play, to hang out
2365	표적	noun	target
2366	수백	noun	hundreds
2367	전문	noun	expertise; speciality; one's field of specialization
2368	살살	noun	while boiling slowly
2369	시드니	name	[~시(市)] Sydney (a major port city, the state capital of New South Wales, Australia)
2370	접속	noun	connection; access
2371	구하다	verb	to look for, to seek
2372	낚시	noun	angling, fishing with hook and line
2373	피아노	noun	piano
2374	광대	noun	clown, acrobat, entertainer, performer
2375	해킹	noun	hacking
2376	첫날	noun	first day, opening day
2377	세포	noun	cell
2378	피고	noun	defendant, the accused
2379	변명	noun	justification, excuse, apology
2380	나이트	noun	a knight (warrior)
2381	공식	noun	formula; formality, being formal
2382	모조리	adv	all, without exception, altogether, completely
2383	향	noun	incense; perfume (substance)
2384	두세	num	two or three; a few (as a determiner before nouns or classifiers)
2385	로켓	noun	rocket
2386	포스터	noun	poster (large printed notice)
2387	굴	noun	cave; tunnel
2388	동영상	noun	video
2389	내년	noun	next year
2390	장애	noun	obstruction, hindrance
2391	핵심	noun	Something which is central or of key importance.
2392	플로리다	name	[~주(州)] Florida (a state of the United States)
2393	여덟	num	eight
2394	아우	noun	younger brother
2395	매주	adv	every week
2396	오랜만	noun	long time; the first occurrence after a long absence
2397	소개하다	verb	to introduce
2398	이익	noun	profit
2399	착륙	noun	landing (of an airplane)
2400	깁스	noun	cast (supportive and immobilising device)
2401	요괴	noun	monster, goblin
2402	베트남	name	Vietnam (a country in Southeast Asia)
2403	타이	name	Thailand (a country in Southeast Asia)
2404	선장	noun	a sea captain
2405	태아	noun	embryo, fetus
2406	수갑	noun	handcuffs, manacles, shackles, irons, cuffs
2407	파도	noun	A wave of water or emotion.
2408	동의하다	verb	to agree
2409	고민	noun	agony, anguish, worry, trouble, woe
2410	도전	noun	challenge; difficulty
2411	메모	noun	memo, memorandum
2412	본능	noun	instinct
2413	알리바이	noun	alibi
2414	도구	noun	instrument, tool, kit
2415	정글	noun	jungle, rainforest
2416	등에	noun	horsefly, gadfly
2417	기본적	det	basic, fundamental
2418	적당히	adv	moderately; appropriately, suitably
2419	곧장	adv	straight away, right away
2420	엄	syllable	嚴; 嚴:
2421	계시	noun	revelation
2422	담요	noun	blanket
2423	분명하다	adj	to be obvious, clear, without doubt
2424	유죄	noun	guilt
2425	조종사	noun	pilot
2426	대사관	noun	an embassy
2427	음모	noun	conspiracy
2428	박물관	noun	museum
2429	성경	name	Bible (Christian holy book)
2430	잠수함	noun	submarine
2431	백만	det	million, 10⁶.
2432	디	syllable	See the relevant section at the entry for 지 (ji).
2433	백작	noun	count (ruler of a county m)
2434	옆집	noun	house next door
2435	안정	noun	stability (A consistent state kept, without being changed or shaken.)
2436	반면	noun	the other hand, the flip side
2437	망치	noun	hammer
2438	장갑	noun	glove
2439	결말	noun	conclusion, end
2440	쓰레기통	noun	garbage can, trash can, rubbish bin
2441	수수께끼	noun	riddle (puzzle), conundrum
2442	굉장하다	adj	wonderful, amazing, great, awesome
2443	세대	noun	age, generation, era
2444	아아	intj	Used when feeling deeply moved or sighing: ah, oh, aww, alas
2445	최종	noun	the last, the final
2446	방아쇠	noun	trigger of a gun
2447	휴	intj	phew, whew, whoa
2448	타임	suffix	Expresses a time segment for something
2449	걷	verb	Verb stem of 걷다
2450	아휴	intj	oh my!
2451	9월	noun	September
2452	곰	noun	bear (animal); a thick, dull fellow
2453	흉부	noun	thorax, chest
2454	자동	noun	automatic; intransitive
2455	칠면조	noun	turkey (bird); a capricious person
2456	타이밍	noun	timing (time when something happens)
2457	밴	noun	van
2458	전략	noun	strategy; tactics
2459	스위치	noun	switch
2460	중위	noun	first lieutenant
2461	불행히	adv	unfortunately; unluckily
2462	소령	noun	a major; a lieutenant commander
2463	조의	noun	condolence
2464	솜씨	noun	skill
2465	경비원	noun	watchman, guard, security guard
2466	로키	name	Loki
2467	자정	noun	midnight
2468	책임자	noun	person in charge, person responsible
2469	목적지	noun	destination
2470	하필	adv	of all things, why... (used to emphasize the question of why it must specifically be so)
2471	국제	noun	international, internationality
2472	설	noun	Korean New Year
2473	그나마	adv	at least; still
2474	샴페인	noun	champagne
2475	지랄	noun	commotion, hubbub, ruckus, misbehavior, uncouth activity
2476	대학교	noun	university (institution of higher education)
2477	행복하다	adj	to be happy
2478	충성	noun	loyalty; allegiance; fidelity; devotion
2479	돌연변이	noun	mutation
2480	케이블	noun	cable
2481	목걸이	noun	necklace (jewelry)
2482	저분	noun	that gentleman, that lady, he, she
2483	허리	noun	side of waist or hip
2484	욕조	noun	bath, bathtub
2485	혼란	noun	confusion; disorder; chaos
2486	일생	noun	(whole) life, lifetime
2487	고급	noun	seniority, high rank
2488	털	noun	hair; fur, wool, feather
2489	독수리	noun	An eagle or vulture.
2490	다수	noun	majority, many
2491	천재	noun	genius
2492	맹세	noun	pledge; oath; vow
2493	소련	name	(historical) Soviet Union
2494	규모	noun	scale or dimensions
2495	보스턴	name	Boston (the capital city of Massachusetts, United States)
2496	예산	noun	budget; budgeting
2497	속임수	noun	deceit, deception, trickery, chicanery
2498	심장마비	noun	heart attack
2499	비서	noun	secretary
2500	증오	noun	hatred
2501	사이트	noun	site, website
2502	자지	noun	penis, dick
2503	덩치	noun	frame, build (bulk or volume of a human body)
2504	마일	noun	mile
2505	용	noun	dragon
2506	배짱	noun	guts, courage, boldness
2507	방문	noun	visit; visiting
2508	방어	noun	defense
2509	토	noun	morphological marker(s) to Chinese text — e.g. gugyeol
2510	사서	noun	librarian
2511	실행	noun	practice; implementation; fulfilment; carrying out
2512	흥	intj	hum!; humph!; bah!; pah!; huh!
2513	아담	name	Adam (first man in the Bible and Qur’an)
2514	임시	noun	being temporary
2515	대형	noun	Large; on a large scale.
2516	미아	noun	missing child
2517	개리	noun	The swan goose, Anser cygnoides.
2518	풋볼	noun	football
2519	동전	noun	coin
2520	달걀	noun	a hen's egg
2521	진통제	noun	analgesic, painkiller
2522	칸	noun	room, chamber; synonym of 칸막이 (kanmagi, “partition, compartment”)
2523	먼지	noun	dust
2524	신념	noun	belief
2525	죄수	noun	prisoner
2526	이라크	name	Iraq (a country in Asia)
2527	불빛	noun	light, beam
2528	기간	noun	a set interval or period of time
2529	누이	noun	younger sister; older sister of a male
2530	간단히	adv	simply, easily
2531	프로	noun	percent
2532	무시	noun	purposeful ignoring; disdain, disregard, disrespect
2533	마술	noun	magic (performance magic, illusionary trick, unlike 마법)
2534	호의	noun	goodwill; favour
2535	여권	noun	passport
2536	턱	noun	chin, jaw, chops
2537	장미	noun	rose (plant or flower), rosebush
2538	부시	noun	steel to strike sparks from a flint
2539	성질	noun	temper, nature, quality
2540	치	noun	-'s worth of; person
2541	홀	noun	hall
2542	약혼자	noun	fiancé or fiancée (man or woman who is engaged to be married)
2543	심판	noun	judgement; referee; umpire
2544	만남	noun	meeting, encounter
2545	공룡	noun	a dinosaur (animal of the clade Dinosauria)
2546	대박	noun	big win, great success, big hit
2547	캐서린	name	a transliteration of the English female given name Catherine
2548	슈퍼	noun	super
2549	기밀	noun	secret
2550	똥	noun	dung, poop, shit, excrement
2551	결혼하다	verb	to marry, to get married
2552	지하철	noun	subway
2553	한계	noun	limit, boundary
2554	사다	verb	to buy, to purchase
2555	행위	noun	an act or behavior
2556	연인	noun	one's love; lover; boyfriend or girlfriend
2557	왕비	noun	queen
2558	거실	noun	living room, sitting room
2559	골프	noun	golf (sport)
2560	수학	noun	mathematics
2561	한나	num	dialectal form of 하나 (hana, “one”)
2562	계란	noun	chicken egg
2563	수상	noun	prime minister, premier, chancellor (e.g. Germany, Austria)
2564	발자국	noun	footprint; tracks
2565	도끼	noun	axe, hatchet
2566	오렌지	noun	orange (fruit); orange (color)
2567	해달	noun	sea otter
2568	커서	noun	cursor (part of scientific instruments that indicates position)
2569	간신히	adv	barely, narrowly
2570	이의	noun	objection
2571	볼일	noun	personal business/task
2572	소변	noun	urine
2573	안개	noun	fog, mist
2574	제자리	noun	one's place; one's position
2575	생	noun	life; ginger (plant, food)
2576	근거	noun	base; basis
2577	국민	noun	people of a nation
2578	뜻대로	adv	as one pleases
2579	곧바로	adv	immediately; straight away
2580	지구의	noun	globe (model of Earth)
2581	기저귀	noun	diaper
2582	한쪽	noun	One side or direction.
2583	들어가다	verb	to go into; to enter
2584	수건	noun	towel
2585	성인	noun	adult; grown-up
2586	목요일	noun	Thursday
2587	마당	noun	A yard, plaza, or courtyard.
2588	정식	noun	formality, proper manner
2589	답변	noun	response; answer
2590	일일	noun	everyday
2591	협조	noun	cooperation, collaboration
2592	시점	noun	point (in time)
2593	남친	noun	syllabic abbreviation of 남자친구 (namjachin'gu, “boyfriend”)
2594	증명	noun	proof
2595	접시	noun	plate, dish, saucer (flat tableware)
2596	병실	noun	ward, sickroom
2597	취미	noun	hobby
2598	앗	intj	oh
2599	또다시	noun	again, once more, once again
2600	다음날	noun	the next day
2601	깨끗이	adv	clean; in a clean fashion
2602	그지	noun	Gangwon, Gyeongsang, Seoul, Jeolla dialect, and Chungcheong form of 거지 (geoji, “beggar”)
2603	사귀	noun	devil; demon; imp
2604	스포츠	noun	sports; crew cut hairstyle
2605	차도	noun	street, road
2606	머	noun	contraction of 무어 (mueo): (interrogative) what
2607	6월	noun	June (month, South Korea)
2608	스톤	noun	curling stone
2609	드래곤	noun	dragon
2610	챔피언	noun	champion
2611	가수	noun	a singer, usually professional
2612	상의	noun	consultation; conference
2613	데다	verb	to burn / scald (oneself)
2614	아벨	name	Abel
2615	뱀	noun	snake, serpent
2616	휠체어	noun	wheelchair
2617	소유	noun	possession (ownership of something)
2618	수녀	noun	nun; sister
2619	흉터	noun	scar
2620	호스트	noun	host (computer attached to a network)
2621	경쟁	noun	competition
2622	화이트	noun	white-out; correction fluid, correction tape
2623	몹시	adv	Exceedingly; to the greatest possible extent.
2624	다가	noun	multivalent
2625	산타	noun	sanda
2626	슬퍼	adj	infinitive of 슬프다 (seulpeuda)
2627	합의	noun	agreement; consensus
2628	몫	noun	portion, share, allotment
2629	중독	noun	poisoning; addiction
2630	제품	noun	product, manufacture
2631	공급	noun	supply
2632	생존자	noun	survivor
2633	온도	noun	temperature (a measure of cold or hot)
2634	혹시나	adv	by chance
2635	하하	noun	ha-ha; while laughing
2636	갈색	noun	brown (color)
2637	짜리	noun	tsar, tzar
2638	자의	noun	one's own will/volition
2639	심해	noun	the non-photic zone of the ocean, beginning at 200 meters below sea level
2640	통과	noun	passage; pass
2641	목사님	noun	pastor; minister
2642	캐나다	name	Canada (a country in North America)
2643	요청하다	verb	to request, to claim
2644	들리다	verb	to be heard; to cause to hear
2645	짝	noun	pair; partner; mate
2646	수단	noun	procedure; method; way; a means (to an end)
2647	재주	noun	talent; skill; trick; way
2648	화장	noun	makeup
2649	유산	noun	property left (by a deceased person); an inheritance
2650	존경	noun	admiration, respect
2651	어쩐지	adv	somehow, for some reason
2652	노란	adj	realis adnominal of 노랗다 (norata, “yellow”)
2653	낡	noun	Gangwon form of 나루 (naru, “ferry crossing”)
2654	오역	noun	mistranslation
2655	공동	noun	commonality, sharedness (of assets or actions)
2656	힐	noun	high heels; heel
2657	거인	noun	giant (mythical human)
2658	지방	noun	a geographical region
2659	넥타이	noun	necktie
2660	승객	noun	passenger
2661	타이어	noun	Thai (language)
2662	종	noun	servant; slave
2663	연애	noun	dating, romantic relationship
2664	재킷	noun	jacket
2665	충고	noun	advice
2666	평가	noun	evaluation, assessment
2667	칭찬	noun	compliment, praise
2668	계약서	noun	contract
2669	비밀번호	noun	password
2670	접촉	noun	contact, touch; connection, association
2671	문화	noun	culture; civilization
2672	참으로	adv	truly; indeed
2673	내야	noun	infield
2674	구나	noun	act of catching a criminal
2675	기본	noun	basis, foundation
2676	무단	noun	without permission
2677	비숍	noun	a bishop
2678	구두	noun	dress shoes (Western-style footwear made of leather)
2679	마님	noun	Master, Madame
2680	위장	noun	camouflage, disguise
2681	리치	noun	lychee, Litchi chinensis
2682	서약	noun	vow; oath; pledge
2683	소금	noun	salt
2684	미친놈	noun	asshole
2685	탱크	noun	tank (container)
2686	높다	adj	to be high, to be tall, to be lofty (of an object, a place, a quantified statistic, etc.)
2687	예술	noun	art; fine art
2688	연락하다	verb	to notify; communicate; speak to
2689	초대장	noun	invitation card
2690	처벌	noun	punishment, penalty
2691	놀랍다	adj	to be surprising
2692	나오다	verb	to come out, come forth
2693	외과의사	noun	surgeon
2694	생물	noun	organism, living being, creature
2695	틈	noun	crack; gap; opportunity
2696	법칙	noun	A law or laws, either human or natural.
2697	시발	noun	first departure (of a train, car, etc.)
2698	몽땅	adv	all, entirely
2699	한글	noun	hangul; the Korean alphabet
2700	수록	noun	collection
2701	수십	noun	scores, dozens
2702	황금	noun	gold
2703	함장	noun	captain
2704	집단	noun	a group of people; body
2705	심호흡	noun	deep breathing, conscious breathing
2706	진정제	noun	tranquilizer
2707	익명	noun	anonymity
2708	운영	noun	management; administration; operation
2709	아름답다	adj	beautiful
2710	처녀	noun	unmarried woman
2711	결정하다	verb	to decide something, to make a decision
2712	뿌리	noun	root (of plants)
2713	연쇄	noun	chain, series
2714	화학	noun	chemistry
2715	핑크	noun	pink (color)
2716	이랴	intj	giddyup
2717	마사지	noun	massage
2718	남부	noun	the south
2719	에바	noun	something excessive, something that will not work
2720	암살	noun	assassination
2721	양말	noun	socks
2722	후드	noun	hood (headwear)
2723	사슴	noun	deer
2724	적응	noun	adaptation, adjustment
2725	발전기	noun	generator (machine that converts mechanical energy into electrical energy)
2726	화물	noun	freight, cargo, goods
2727	서버	noun	server
2728	각도	noun	angle (measure, figure)
2729	무얼	pron	contraction of 무엇을 (mueos-eul)
2730	뛰다	verb	to run; to jump, leap, rise abruptly
2731	오로지	adv	only; solely
2732	불타	name	Buddha
2733	판결	noun	A judgment, either of fact or of right and wrong.
2734	컵	noun	cup (utensil); cup (unit of measure)
2735	항생제	noun	antibiotic
2736	질서	noun	good order; public order; appropriate behavior
2737	궁전	noun	palace
2738	새들	noun	plural of 새 (sae): birds
2739	영향력	noun	influence
2740	마차	noun	horse-drawn carriage, horse-drawn wagon, horse-drawn cart
2741	기준	noun	a fundamental standard or criterion
2742	짧게	adv	short; briefly
2743	특정	noun	particular, specific, certain (attributive)
2744	맹세코	adv	under oath, I swear, upon my word
2745	거꾸로	adv	upside down, inside out
2746	한두	num	one or two (as a determiner numeral before nouns and classifiers)
2747	쌀	noun	uncooked rice; white hulled grains of barley, wheat, etc.
2748	스키	noun	ski, skis (a pair of long flat runners designed for gliding over snow)
2749	항로	noun	sea route, course
2750	교훈	noun	lesson, moral, lecture
2751	피워	noun	beer
2752	사망하다	verb	to die
2753	마음속	noun	one's heart, the bottom of one's heart, one's innermost thoughts
2754	해외	noun	overseas; foreign countries
2755	감	noun	feeling; sense
2756	제목	noun	A title of a book or other work.
2757	영역	noun	A sphere or field of activity or effect.
2758	직감	noun	intuition, gut feeling, hunch
2759	하도	adv	too much, so, very
2760	인공	noun	artificiality
2761	신랑	noun	groom, bridegroom
2762	잔소리	noun	nagging; scolding; small talk; idle talk;
2763	골치	noun	the head
2764	핵	noun	core, kernel; centre
2765	모세	name	Moses
2766	기어	intj	yes, yeah
2767	일년	noun	a one year
2768	진전	noun	advance, progress
2769	체스	noun	chess
2770	리허설	noun	rehearsal (practicing of performance to test or improve it)
2771	끊다	verb	to cut, to sever
2772	장인어른	noun	father-in-law (wife's father)
2773	사령관	noun	commanding officer, commander
2774	자켓	noun	jacket
2775	위쪽	noun	upper part
2776	꼭대기	noun	top, summit; highest place; boss, chief
2777	재앙	noun	disaster; catastrophe
2778	책임감	noun	a sense of responsibility
2779	좌석	noun	seat
2780	무도회	noun	ball, dance party
2781	아홉	num	nine
2782	어이구	intj	expression of surprise; oh, ouch
2783	크림	noun	cream (oily part of milk)
2784	하와이	name	[~주(州)] Hawaii (an insular state of the United States, formerly a territory)
2785	파운드	noun	pound (unit of weight, currency unit)
2786	대량	noun	large amounts
2787	부족하다	adj	to be insufficient; to be not enough
2788	주시	noun	attention; attentive look
2789	매니저	noun	manager
2790	잊다	verb	to forget; to leave behind
2791	찍다	verb	to chop; to stamp or mark
2792	연구소	noun	A research institute.
2793	깃발	noun	flag
2794	지구상	noun	in the world, on Earth
2795	암살자	noun	assassin; hitman, contract killer
2796	짐작	noun	guess, assumption, conjecture
2797	부친	noun	father
2798	일상	noun	daily life
2799	특수	noun	specialness
2800	린	noun	North Korea standard spelling of 인(燐) (in, “(chemistry) phosphorus (P)”)
2801	패티	noun	patty (portion of ground meat or vegetarian equivalent)
2802	켜	noun	layer
2803	보라	noun	purple, violet (an intermediate color between blue and red)
2804	팝	noun	pop, pop music, pop song
2805	스테이크	noun	steak
2806	전송	noun	delivery
2807	엑스레이	noun	synonym of X선 (ekseurei, “X-ray”)
2808	전장	noun	battlefield, battleground
2809	침	noun	spit, saliva
2810	노인	noun	an old person; the elderly
2811	내장	noun	viscera, internal organ
2812	체온	noun	body temperature
2813	무게	noun	weight
2814	투	noun	two
2815	강철	noun	steel (metal alloy)
2816	사지	noun	the (four) limbs, legs and arms.
2817	낮잠	noun	nap; sleeping during the daytime
2818	칵테일	noun	cocktail
2819	과일	noun	fruit
2820	스웨터	noun	sweater
2821	이마	noun	forehead, brow
2822	인정하다	verb	to affirm
2823	사전	noun	dictionary
2824	늙은이	noun	an old person; an aged person; an elder
2825	노릇	noun	role, part
2826	자원	noun	resource
2827	서랍	noun	drawer, cabinet
2828	덩어리	noun	lump, mass, chunk
2829	배신	noun	betrayal, treachery, treason
2830	아프다	adj	to be painful, to hurt
2831	가실	noun	Gyeongsang form of 가을 (ga'eul)
2832	저절로	adv	by itself, automatically, naturally
2833	나선	noun	spiral; helix
2834	요가	noun	yoga
2835	인제	adv	now, but late (overdue); finally
2836	모아	verb	infinitive of 모으다 (mo'euda, “to gather, to collect”)
2837	금속	noun	metal
2838	거대	noun	giant; gigantic
2839	무장	noun	arms, armaments
2840	방사능	noun	radioactivity
2841	체크	noun	check; an inspection
2842	거북이	noun	turtle, tortoise
2843	즐거움	noun	joy, happiness, delight
2844	수리	noun	a large eagle or vulture.
2845	대원	noun	team member
2846	경의	noun	reverence, respect
2847	랩	noun	rap
2848	깨	noun	sesame or perilla
2849	룸메이트	noun	roommate (US), flatmate (UK)
2850	삼	num	three
2851	예비	noun	reserves; preparation
2852	얼간	noun	salting lightly, pickling slightly with salt
2853	거짓말쟁이	noun	liar (someone who says falsehoods)
2854	알렉산더	name	Alexander, the Ancient Greek name most famously held by Alexander the Great
2855	이동하다	verb	to move; to shift; to transfer
2856	모니터	noun	monitor (computer display)
2857	땀	noun	sweat
2858	취소	noun	bromine (Br)
2859	친절	noun	kindness; gentleness
2860	브레이크	noun	brake (device used to slow or stop a vehicle)
2861	입자	noun	particle, grain
2862	대표	noun	something which is representative
2863	쇼핑	noun	shopping
2864	손자	noun	grandson, grandchild
2865	궤도	noun	track; orbit
2866	복장	noun	dress; costume
2867	부두	noun	wharf, dock, quay, pier
2868	경매	noun	auction
2869	수석	noun	premiere; head; top (e.g. of the class)
2870	화려한	adj	Attributive form of 화려하다 (hwaryeohada) (“gorgeous, splendid, resplendent”).
2871	10월	noun	October
2872	파이팅	intj	good luck!; go for it!, go!, come on!
2873	싼	adj	Attributive form of 싸다 (ssada) (“to be cheap, inexpensive”).
2874	암흑	noun	dark (a complete or partial absence of light)
2875	진술	noun	statement, declaration
2876	가시	noun	thorn; sting
2877	이중	noun	being duplicate; being double; there being two (of something)
2878	향수	noun	perfume, cologne (substance providing a pleasant smell)
2879	걸리다	verb	to hang; to be hung
2880	메일	noun	mail
2881	국장	noun	national emblem, (national) coat of arms
2882	스카프	noun	scarf, muffler
2883	식물	noun	plant
2884	불꽃	noun	a flame, flare; a spark
2885	지혜	noun	wisdom
2886	십자가	noun	cross (the cross on which Christ was crucified)
2887	배경	noun	background
2888	랑	syllable	浪: wave; 廊: aisle
2889	제법	adv	pretty, fairly, quite, considerably
2890	외계	noun	outer space; outside world, external world
2891	현	noun	string on a musical instrument
2892	곤경	noun	trouble, difficulty
2893	야구	noun	baseball (ball game)
2894	과자	noun	sweet; confection
2895	틀림없다	adj	to be precisely correct
2896	각본	noun	script; scenario; screenplay
2897	수요일	noun	Wednesday
2898	지나가다	verb	to pass, to go past
2899	카지노	noun	casino
2900	마비	noun	paralysis (loss of muscle control)
2901	카페	noun	coffee shop, café
2902	경찰관	noun	policeman, police officer
2903	헬리콥터	noun	helicopter
2904	프로토콜	noun	protocol
2905	욕실	noun	bathroom, bath
2906	경기장	noun	field, stadium, grounds
2907	마취	noun	anesthesia
2908	사실상	adv	in fact
2909	철저히	adv	thoroughly, exhaustively
2910	이쁜이	noun	sweetie, someone pretty
2911	주가	noun	stock/share price
2912	정치적	noun	political
2913	출입	noun	entrance and exit
2914	꿀	noun	honey (substance)
2915	대개	adv	for the most part; largely; generally
2916	화요일	noun	Tuesday
2917	밤낮	noun	day and night
2918	정확하다	adj	to be accurate, to be exact
2919	투자	noun	investment
2920	중령	noun	lieutenant colonel
2921	해답	noun	answer, solution
2922	그리스도	name	Christ
2923	비난	noun	criticism, reproach, condemnation, denunciation, blame
2924	변기	noun	toilet; urinal; bedpan
2925	함대	noun	fleet of naval vessels; armada
2926	저자	noun	market; store (in a market)
2927	기증자	noun	donor
2928	메뉴	noun	menu; collectively, the dishes listed on a menu
2929	법도	noun	custom, manners
2930	제외	noun	exclusion; exception
2931	일반적	det	general; overall
2932	오리	noun	duck (in general, especially domesticated)
2933	검색	noun	searching; browsing; surfing; looking up
2934	신청	noun	application
2935	두통	noun	headache
2936	신나	noun	thinner; paint thinner
2937	오두막	noun	hut; cabin; shack
2938	악어	noun	crocodilian (crocodile, alligator, gavial)
2939	내다	verb	to bring about, to pull forth
2940	센서	noun	sensor, detector
2941	폭동	noun	riot
2942	시나리오	noun	scenario (of a movie, etc.)
2943	정책	noun	policy
2944	보수	noun	reward; pay, wage
2945	몽고메리	name	Montgomery (the capital of Alabama, United States)
2946	전자	noun	electron
2947	참말로	adv	really
2948	생애	noun	a period when one is alive; a lifetime
2949	떡	noun	rice cake; tteok
2950	소질	noun	aptitude; knack; natural talent
2951	대접	noun	treat; reception
2952	케익	noun	cake
2953	강의	noun	lecture
2954	고도	noun	height, altitude
2955	자아	noun	ego; self
2956	멀다	adj	to be far
2957	야망	noun	ambition, aspiration
2958	지팡이	noun	stick, cane, wand
2959	참여	noun	participation
2960	환각	noun	hallucination, illusion
2961	회	noun	sliced raw meat or fish; sashimi
2962	컷	noun	haircut; shot
2963	탁	noun	with a sudden collision
2964	갈수록	adv	as time goes by, the more ... the more ...
2965	변태	noun	metamorphosis; sexual perversion
2966	예감	noun	premonition; hunch
2967	출산	noun	childbirth
2968	연속	noun	continuation; succession
2969	방송국	noun	broadcaster; station
2970	면접	noun	face-to-face meeting; meeting in person; personal interview
2971	콘서트	noun	concert
2972	거부	noun	refusal
2973	아시아	name	Asia (the largest continent, located between Europe and the Pacific Ocean)
2974	블로그	noun	blog
2975	천장	noun	ceiling
2976	토네이도	noun	tornado
2977	발톱	noun	toenail; claw, talon
2978	아따	intj	an interjection, used when making sarcastic remarks
2979	퍽	adv	quite, very much
2980	개소리	noun	bullshit, nonsense
2981	변한	name	Byeonhan confederacy
2982	젤	noun	gel (suspension of solid in liquid)
2983	데이	noun	day (in expressions taken from English)
2984	해고	noun	dismissal; discharge
2985	사면	noun	pardon; amnesty
2986	연	noun	year
2987	사기꾼	noun	a swindler, a cheat, con artist, fraud
2988	강간	noun	rape
2989	동작	noun	movement (of the body); action
2990	양복	noun	Western clothing; a suit; a dress
2991	알람	noun	mechanical alarm (e.g. to wake people up)
2992	좌표	noun	coordinates; location
2993	짜	verb	infinitive form of 짜다 (jjada, “to assemble or organize”)
2994	흉내	noun	imitation, mimicry
2995	서연	name	a female given name
2996	조종	noun	flying, piloting
2997	인구	noun	population; rumor; popular speech
2998	흐름	noun	flow, flowing
2999	연금	noun	pension; annuity
3000	탄약	noun	ammunition (articles used in charging firearms and ordnance of all kinds)
3001	불평	noun	gripe; discontent; complaint
3002	닫다	verb	to close, to shut
3003	봉투	noun	envelope (wrapper for mailing)
3004	뉴	det	the state of being new
3005	교통	noun	transportation; traffic
3006	샅샅이	adv	thoroughly, in every nook and corner, everywhere
3007	오빤	noun	topic-marked form of 오빠 (oppa)
3008	염려	noun	concern, worry, apprehension, anxiety
3009	싸게	adv	quickly
3010	바른	adj	realis adnominal of 바르다
3011	엄니	noun	mother — a colloquial, regional form of 어머니
3012	유다	name	Judah (first son of Jacob)
3013	분만	noun	childbirth
3014	레이저	noun	laser
3015	시작되다	verb	to start, to begin
3016	테러리스트	noun	terrorist
3017	제공	noun	provision
3018	불가능	noun	impossibility
3019	가위	noun	scissors
3020	고의	noun	intention; purpose
3021	라인	noun	line; lineage
3022	취급	noun	management; dealing (of a commodity)
3023	세기	noun	century (100 years)
3024	실	noun	thread, yarn, string
3025	풍선	noun	balloon
3026	출발하다	verb	to depart
3027	버릇	noun	habit (action done on a regular basis)
3028	성장	noun	growth, expansion
3029	흥분	noun	excitement, agitation, getting upset, losing one's cool
3030	가사	noun	lyrics
3031	숲속	noun	forest
3032	겸	noun	cum; as well as, in addition
3033	7월	noun	July
3034	노력하다	verb	to strive, to exert oneself; to make every effort
3035	이륙	noun	takeoff
3036	블록	noun	blocks of cement or stone
3037	끈	noun	string
3038	팬	noun	fan
3039	홍콩	noun	Hong Kong (a city, island and special administrative region in southeastern China)
3040	정면	noun	front, façade
3041	기념	noun	commemoration, memory
3042	나가다	verb	to go out; (contextually) to leave
3043	기업	noun	a business; business in general
3044	성과	noun	result; outcome; fruits; product.
3045	수입	noun	import
3046	자산	noun	assets
3047	과학자	noun	scientist
3048	수용소	noun	internment camp, concentration camp
3049	구리	noun	copper
3050	예외	noun	exception
3051	재미있다	adj	amusing; entertaining; funny; interesting
3052	억양	noun	intonation; accent
3053	아비	noun	Disrespectful term for another person's father.
3054	한밤중	noun	the middle of the night
3055	엿	noun	yeot: a kind of Korean traditional confectionery
3056	십	num	ten
3057	흰	adj	attributive form of 희다 (huida, “white”)
3058	왼발	noun	left foot
3059	가동	noun	operation (of a machine)
3060	마음껏	adv	to one's heart's content
3061	옥수수	noun	maize; corn (US)
3062	군사	noun	A soldier or soldiers.
3063	수면	noun	sleep
3064	애완동물	noun	pet (an animal kept as a companion)
3065	산산조각	noun	shattered pieces; smithereens
3066	판매	noun	selling; sale
3067	점프	noun	jump
3068	감당	noun	managing or coping (with a particular difficulty)
3069	가능	noun	possibility; potentiality
3070	쉽다	adj	to be easy; to be likely
3071	소름	noun	goosebumps, gooseflesh, goose pimples
3072	사회적	det	societal; social
3073	변하다	verb	to change
3074	대출	noun	loan
3075	뇌물	noun	bribe
3076	헬멧	noun	modern helmet (as sporting or occupational gear)
3077	욕	noun	abuse, insulting remark
3078	사이즈	noun	size (a specific set of dimensions for clothing)
3079	물다	verb	to bite; to hold between one's teeth, to hold in one's mouth
3080	남동생	noun	little brother, younger brother
3081	맡다	verb	to take on a task or job; to take charge of
3082	식탁	noun	dinner table
3083	응답	noun	answer
3084	답장	noun	answer; written reply
3085	교통사고	noun	road accident
3086	갑판	noun	deck (of a ship)
3087	침묵	noun	silence; reticence
3088	수익	noun	benefit; advantage
3089	물체	noun	object (physical)
3090	개념	noun	concept; general idea
3091	12월	noun	December
3092	니콜라스	name	a transliteration of the English male given name Nicholas
3093	한판	noun	single round, one game
3094	11월	noun	November
3095	철	noun	season (of the year)
3096	송	syllable	宋; 宋:
3097	말씀드리다	verb	to speak (talking about oneself)
3098	파란색	noun	blue (color)
3099	몬스터	noun	monster
3100	배신자	noun	betrayer; traitor
3101	조절	noun	adjustment; control
3102	시력	noun	sight; vision
3103	불알	noun	balls; testicles
3104	도박	noun	gambling
3105	장식	noun	decoration
3106	울타리	noun	fence; enclosure; hedge
3107	발전	noun	development; growth
3108	강하다	adj	strong, powerful
3109	일어	noun	Japanese language
3110	지면	noun	the surface of paper, the space (of a page, of paper)
3111	닐	syllable	昵; 昵:
3112	충전	noun	charging
3113	카우보이	noun	cowboy
3114	유대인	noun	Jew
3115	착	noun	calmly; limply
3116	도넛	noun	doughnut (deep-fried piece of dough or batter)
3117	박쥐	noun	bat; an opportunist
3118	집게	noun	tongs, pincers, tweezers, forceps
3119	미미	noun	good flavour
3120	파키스탄	name	Pakistan (a country in South Asia)
3121	장관	noun	a minister, a member of Cabinet
3122	글자	noun	letter, character (of a writing system)
3123	묻다	verb	to ask; to inquire
3124	정장	noun	suit, full dress, formal dress
3125	계집	noun	woman, girl; wife
3126	범행	noun	crime
3127	아래쪽	noun	lower part
3128	백악관	name	the White House (The official residence of the President of the United States of America)
3129	총통	noun	president, specifically the President of the Republic of China (Taiwan)
3130	처치	noun	treatment
3131	줄곧	adv	continuously, constantly, all the time
3132	폴란드	name	Poland (a country in Central Europe)
3133	베리	noun	Hamgyong form of 별 (byeol, “star”)
3134	개시	noun	start; beginning
3135	마른	verb	past determiner of 마르다 (mareuda): dried
3136	변	noun	jargon, argot, lingo
3137	발포	noun	promulgation; proclamation; publication
3138	8월	noun	August (month)
3139	어린이	noun	child
3140	산부인과	noun	obstetrics and gynaecology
3141	목욕	noun	bath, bathing
3142	당근	noun	carrot
3143	사울	name	Saul
3144	진료	noun	medical examination and treatment
3145	붕대	noun	bandage; dressing
3146	표식	noun	sign; notice
3147	섹시	noun	being sexy; someone who is sexy
3148	수프	noun	soup (dish, especially Western)
3149	습격	noun	attack; raid; incursion
3150	자랑	noun	pride; boast, boasting, gasconade
3151	과제	noun	task, (school) assignment, project, homework, problem
3152	포로	noun	captive; prisoner of war
3153	사용하다	verb	to use
3154	잡기	noun	gambling
3155	매달	noun	monthly
3156	젖은	adj	attributive form of 젖다 (jeotda): wet
3157	보조	noun	help, aid, assistance
3158	정치	noun	politics; governmental affairs
3159	음료수	noun	beverage, drink
3160	쓰다	verb	to wear, to put on (a hat, helmet, etc., on one's head; a mask, pair of glasses, etc.)
3161	페이스북	name	Facebook
3162	봄	noun	spring, springtime
3163	확보	noun	guarantee
3164	전방	noun	front side; frontline
3165	캐릭터	noun	a fictional character, in a story, film or game; also a person's distinctive persona
3166	전염병	noun	an infectious disease
3167	노출	noun	exposure; disclosure
3168	부품	noun	part, component
3169	심정	noun	feeling; motive
3170	당국	noun	authorities
3171	골목	noun	alley, alleyway
3172	이성	noun	opposite sex
3173	오너라	verb	come, come over
3174	탐	syllable	探; 探:
3175	트레이	noun	tray (object on which things are carried)
3176	새해	noun	new year
3177	비밀리	noun	secrecy, clandestineness
3178	심리	noun	psychology, mentality
3179	베이스	noun	bass (tone); bass (instrument)
3180	크리켓	noun	cricket (game)
3181	페인트	noun	paint
3182	독립	noun	independence (state or quality of being independent)
3183	안내	noun	guidance
3184	인내심	noun	patience; endurance; perseverance
3185	비타민	noun	vitamin
3186	발생하다	verb	to occur, to happen
3187	소속	noun	belonging to
3188	디저트	noun	dessert
3189	일루	noun	first base
3190	폭발물	noun	explosive material
3191	그다음	adv	next, after that
3192	탑	noun	a tower or similar tall structure
3193	구원	noun	relief; rescue; redemption
3194	베일	noun	veil; secrecy; mystery
3195	인연	noun	the ties between two people over the course of their lives
3196	온종일	noun	the whole day
3197	한꺼번에	adv	at the same time, simultaneously
3198	마구	adv	carelessly, recklessly, indiscriminately, at random
3199	영업	noun	business, trade, sales
3200	액션	noun	action (various senses)
3201	수로	noun	waterway, watercourse
3202	4월	noun	April
3203	샐러드	noun	salad (a food made primarily of a mixture of raw ingredients, typically vegetables)
3204	버섯	noun	mushroom (fruiting body of a fungus)
3205	3월	noun	March (the month)
3206	좌현	noun	port (left hand side of a vessel)
3207	깨끗하다	adj	to be clean
3208	온대	noun	temperate zone
3209	민간인	noun	civilian (non-military person)
3210	정맥	noun	vein
3211	계집애	noun	girl, chick
3212	빨래	noun	laundry
3213	치우	name	Chiyou (tribal leader of the ancient Nine Li tribe)
3214	심문	noun	interrogation
3215	클레오파트라	name	Cleopatra
3216	간단하다	adj	to be simple or straightforward
3217	북	noun	a generic term meaning drum
3218	차지	noun	winning, taking possession of
3219	얻다	verb	to obtain (to get hold of; to gain possession of, to procure; to acquire, in any way)
3220	부작용	noun	side effect
3221	웃기다	verb	to be funny; to make someone laugh
3222	체육관	noun	gym, gymnasium
3223	가루	noun	meal, flour (of wheat, etc.); powder
3224	대지	noun	earth; Mother Earth; firm ground
3225	영영	adv	forever, eternally
3226	버지니아	name	[~주(州)] Virginia (a state of the United States)
3227	정작	adv	really, actually
3228	죄송	root	Root of 죄송하다 (joesonghada). Rarely used alone.
3229	표범	noun	leopard (Panthera pardus); specifically the Amur leopard (Panthera pardus orientalis)
3230	크레인	noun	crane (machinery)
3231	곳곳	adv	here and there, everywhere
3232	생선	noun	fish (as food)
3233	가구	noun	family; household
3234	공작	noun	craft; maneuver
3235	지진	noun	earthquake (shaking of the surface of a planet)
3236	팔다	verb	to sell
3237	메기	noun	catfish, especially the Amur catfish (Silurus asotus).
3238	원격	noun	distant, remote (access or control)
3239	덫	noun	trap, snare, noose
3240	항복	noun	surrender; capitulation
3241	액체	noun	liquid (substance that is liquid)
3242	팔찌	noun	bracelet, bangle
3243	멋있다	adj	wonderful, nice, cool
3244	오류	noun	mistake, error, fallacy
3245	의미하다	verb	to mean; to signify
3246	파편	noun	fragment, chip, splinter
3247	버	adv	Gyeongsang form of 벌써 (beolsseo, “already”)
3248	5월	noun	May (month)
3249	카	noun	car
3250	상어	noun	shark
3251	건너편	noun	the opposite side, the other side
3252	커튼	noun	curtain
3253	지분	noun	share, holdings, stake (in)
3254	가운	noun	gown, dressing gown
3255	면역	noun	immunity (from disease)
3256	논문	noun	an academic publication (including papers, theses, articles, dissertations, etc.)
3257	호기심	noun	curiosity
3258	둥지	noun	nest
3259	은퇴	noun	retirement
3260	무전	noun	wireless telegraphy; radiotelegraphy
3261	말썽	noun	trouble
3262	저택	noun	mansion; residence
3263	햇빛	noun	sunlight, sunshine
3264	알리고	noun	aligot (a potato and cheese dish from Auvergne, France)
3265	월	noun	month
3266	유명	noun	famous, well-known
3267	하여간	adv	anyway
3268	브랜드	noun	brand (a specific product, service, or provider so distinguished)
3269	마르코	name	Mark
3270	사흘	noun	three days; the third day of the month
3271	등등	adv	et cetera
3272	십대	noun	one's teens
3273	어라	intj	huh, oh: an interjection used when one is lightly surprised or confused.
3274	비슷하다	adj	to be similar (but not identical)
3275	미사	noun	Mass
3276	할리우드	name	Hollywood (an area of Los Angeles, California, United States)
3277	주스	noun	juice (beverage made of juice)
3278	안전벨트	noun	seat belt
3279	사냥꾼	noun	hunter
3280	텐트	noun	tent
3281	뒷문	noun	back door
3282	양육권	noun	custody (the legal right to take care of something or somebody)
3283	들러리	noun	groomsman; bridesmaid
3284	헛간	noun	shed; barn
3285	관객	noun	member(s) of an audience
3286	햇살	noun	sunshine; sunbeam
3287	모퉁이	noun	corner
3288	바나나	noun	banana
3289	끌	noun	chisel (tool)
3290	최신	noun	the latest; the newest
3291	해제	noun	cancellation
3292	야간	noun	nighttime, night
3293	너머로	adv	beyond
3294	이어	adv	following; continuously
3295	후지	name	Fuji
3296	복	noun	fortune, blessing, luck
3297	시가	noun	poem
3298	지난밤	noun	last night
3299	발가락	noun	toe
3300	개발	noun	development
3301	호르몬	noun	hormone
3302	형편	noun	circumstances, conditions
3303	스피드	noun	Speed, especially of quick motion.
3304	지뢰	noun	land mine (explosive device)
3305	배지	noun	badge
3306	직후	noun	immediately after something
3307	모텔	noun	motel
3308	애정	noun	love, affection
3309	묘지	noun	graveyard, cemetery
3310	측면	noun	lateral side
3311	무섭다	adj	to be worried, scared or afraid of something
3312	집착	noun	obsession; fixation
3313	교실	noun	classroom
3314	순서	noun	order; sequence
3315	일명	noun	one person; an alternate name
3316	전직	noun	one's former post
3317	성공적	noun	the state or condition of being successful
3318	신음	noun	moan; groan
3319	하마	noun	hippopotamus
3320	잘못하다	verb	to err; to make a mistake; to do something improperly or incorrectly
3321	입양	noun	adoption (of a baby or child)
3322	베이컨	noun	bacon
3323	패스	noun	passage, passing, passing grade (of an examination, etc.)
3324	가망	noun	possibility, probability, likelihood, chance, prospect
3325	망토	noun	cape; cloak
3326	설치	noun	installation, establishment
3327	권총	noun	pistol, handgun
3328	체계	noun	system
3329	알레르기	noun	allergy
3330	동물원	noun	zoo
3331	유니폼	noun	uniform
3332	우리나라	name	Korea; my country; our country
3333	쇼핑몰	noun	shopping mall
3334	가브리엘	name	Gabriel, the Archangel.
3335	초록색	noun	green colour (of grass, grass-green)
3336	메인	noun	the state of being the main thing
3337	빙고	noun	bingo (game)
3338	표하다	verb	to express; to show
3339	헤로인	noun	heroin (drug)
3340	고모	noun	paternal aunt (one's father's sister)
3341	뱀파이어	noun	vampire
3342	음반	noun	record, album, disk
3343	나비	noun	butterfly
3344	레벨	noun	level
3345	룰	noun	rule
3346	경비대	noun	guard; garrison
3347	혼	noun	soul; spirit
3348	싸우다	verb	to fight or struggle
3349	눈썹	noun	eyebrow
3350	광경	noun	sight, scene
3351	선택하다	verb	to choose, to select
3352	제물	noun	sacrifice, offering
3353	경주	noun	race; run
3354	집사람	noun	wife, especially one's own
3355	죄악	noun	vice, crime, sin
3356	악한	noun	villain
3357	고스트	noun	ghost
3358	전날	noun	the day before, the previous day
3359	하여튼	adv	anyway, anyhow, in any case, at any rate
3360	역사가	noun	historian
3361	빅토리아	name	[~시(市)]; Victoria (a city, the capital of British Columbia)
3362	얼	noun	soul, spirit
3363	알바	noun	part-time job; side job
3364	오라	noun	a thick red cord used to bind thieves or criminals.
3365	깜둥이	noun	nickname for a black animal, especially a dog
3366	진입	noun	entry
3367	거절	noun	refusal, rejection, denial
3368	이득	noun	profit; gain
3369	망	noun	death, perishing
3370	결함	noun	defect; flaw; fault
3371	대가리	noun	head of an animal
3372	보모	noun	nurse, nanny
3373	앞뒤	noun	front and rear; consistency, coherence
3374	자녀	noun	Children; sons and daughters; offspring.
3375	버전	noun	version
3376	윈	name	Vienna (the capital city of Austria)
3377	성에	noun	frost
3378	토르	noun	torr
3379	하키	noun	hockey
3380	오른	det	right, right-hand
3381	그리스	noun	grease (for machines, etc.)
3382	수없이	adv	in large numbers, innumerably
3383	외출	noun	going out
3384	복잡하다	adj	to be complicated
3385	배달	noun	delivery; distribution
3386	뉴저지	name	[~주(州)] New Jersey (a state in the northeastern United States)
3387	안심	noun	relief, peacefulness
3388	조수	noun	assistant
3389	아브라함	name	Abraham
3390	보관	noun	safekeeping, storage
3391	아픔	noun	pain
3392	지휘	noun	command; direction
3393	사후	noun	after the fact, post-, subsequent, ex post facto
3394	고추	noun	The chili pepper
3395	말투	noun	manner of speaking
3396	만족	noun	satisfaction
3397	평판	noun	reputation
3398	두뇌	noun	brain
3399	경치	noun	scenery, scene, view
3400	떼	noun	group
3401	종료	noun	end, close, conclusion
3402	안면	noun	person's face; being acquaintanced
3403	기상	noun	weather
3404	급히	adv	hurriedly; hastily
3405	성은	noun	divine favor; royal grace, royal favor
3406	자랑스럽다	adj	to be proud
3407	출	syllable	出; 出:
3408	무선	noun	being wireless
3409	느그	pron	you; (plural, when talking to someone of the same age or younger) you
3410	플라스틱	noun	plastic
3411	그러므로	adv	accordingly, consequently
3412	약도	noun	rough sketch, rough map
3413	왕관	noun	crown (the headdress of a king or queen)
3414	소용없다	adj	to be useless, unavailing, vain, of no use
3415	행방	noun	one's whereabouts
3416	고치	noun	cocoon
3417	바이올린	noun	violin
3418	신입	noun	newcomer, new recruit
3419	버터	noun	butter
3420	모드	noun	mode, a state, a setting
3421	노크	noun	a knock (tapping on the door to alert of one's presence)
3422	순찰	noun	patrol
3423	아이다	adj	to not be (something)
3424	사제	noun	Catholic or Orthodox priest
3425	지다	verb	to become, to get: turns adjectives into processive verbs; expresses change in state.
3426	관리인	noun	keeper; janitor; custodian; caretaker
3427	목사	noun	pastor, minister
3428	손실	noun	loss
3429	갑옷	noun	armor
3430	손잡이	noun	handle; grip (in general)
3431	존중	noun	respect, esteem
3432	저승	noun	the other world; the world of the dead; the netherworld
3433	사탄	name	Satan (the Devil)
3434	숙소	noun	lodging; accommodation
3435	소위	noun	so-called (attributive)
3436	솔로	noun	a single person; a person without a romantic partner
3437	불과	adv	only, just
3438	라면	noun	instant noodle; ramen (soup noodles of wheat, with various ingredients; usually of Japanese cuisine)
3439	마시다	verb	to drink; to breathe in, to inhale
3440	한국	name	Korea (a region in East Asia consisting of North Korea and South Korea)
3441	젤리	noun	jelly (dessert)
3442	심각하다	adj	to be severe, profound
3443	가을	noun	autumn, fall
3444	전문의	noun	specialist
3445	악수	noun	handshake (grasping of hands by two people)
3446	신앙	noun	faith; (religious) belief
3447	벌이	noun	earnings; moneymaking
3448	연락처	noun	contact details, contact information
3449	흙	noun	earth, soil, dirt, ground
3450	요소	noun	element, component
3451	기반	noun	base, foundation
3452	보드	noun	board (a long piece of wood used in construction)
3453	사망자	noun	dead person; deceased person
3454	단체	noun	a group or organization of people
3455	불과하다	adj	to be no more than; to not be exceeding
3456	껍질	noun	skin (of fruit), rind
3457	소음	noun	noise; din
3458	상품	noun	merchandise, commodity; good(s)
3459	우물	noun	well (water source)
3460	책들	noun	plural of 책 (chaek): books
3461	전공	noun	major (area of study)
3462	정답	noun	correct answer; right answer
3463	일어나라	verb	formal non-polite imperative of 일어나다 (ireonada)
3464	10대	noun	one's teens
3465	두어	det	several, many; a couple of
3466	헬	noun	something hellishly difficult
3467	다소	adv	somewhat; to a certain extent
3468	현대	noun	contemporary (times); the modern age
3469	서부	noun	the western part, the west
3470	스위스	name	Switzerland (a country in Western Europe and Central Europe)
3471	주둥이	noun	muzzle, snout, mouth (of animals or of a jar)
3472	아부지	noun	Chungcheong, Gyeongsang, Gangwon, Hwanghae, Hamgyong, and Jeolla dialect form of 아버지
3473	헤더	noun	header
3474	인지	noun	cognition
3475	무지개	noun	rainbow
3476	추	noun	a (balance) weight (hanja:錘)
3477	오늘날	noun	these days; modern times
3478	방패	noun	shield
3479	시트	noun	seat
3480	사무라이	noun	samurai
3481	시뮬레이션	noun	simulation
3482	추락	noun	crash, fall
3483	우현	noun	starboard (right hand side of a vessel)
3484	독감	noun	bad cold; flu; influenza
3485	어려움	noun	difficulty
3486	약혼	noun	engagement (promise to marry)
3487	장님	noun	blind person
3488	막대	root	Root of 막대하다 (makdaehada, “vast, huge, tremendous”). Rarely used alone.
3489	충성심	noun	a sense of loyalty, faithfulness, allegiance, fidelity
3490	교신	noun	communication, telecommunication
3491	반란	noun	revolt, rebellion, uprising, riot
3492	아프가니스탄	name	Afghanistan
3493	자물쇠	noun	lock, padlock
3494	작자	noun	author; writer
3495	상공	noun	commerce and industry
3496	기억나다	verb	to recall
3497	옛말	noun	archaism; old proverb, saying, motto, old saw
3498	마리오	name	a transliteration of the Italian male given name Mario
3499	흔히	adv	commonly; often, frequently
3500	마마	noun	Your Highness, His Highness, Her Highness
3501	계속하다	verb	to continue or be continuous, without interruption
3502	가석방	noun	parole
3503	옳아	verb	infinitive of 옳다 (olta)
3504	한창	noun	the right time; prime
3505	항공	noun	aviation
3506	치마	noun	skirt; girlfriend
3507	서방님	noun	see 서방(書房) (seobang)
3508	대규모	noun	largeness in scale.
3509	하나하나	noun	every one
3510	까마귀	noun	crow, raven
3511	공유	noun	sharing
3512	링	noun	ring
3513	교사	noun	a teacher, the profession, especially in a primary or secondary school, of being a teacher
3514	위안	noun	solace
3515	수작	noun	having a drink together
3516	휴대전화	noun	mobile phone
3517	과부	noun	widow
3518	시리아	name	Syria (a country in Asia)
3519	사다리	noun	ladder (climbing tool)
3520	모스크바	name	Moscow (the capital city of Russia)
3521	보장	noun	guarantee; warranty
3522	크립톤	noun	krypton
3523	보호자	noun	guardian; protector, a person legally responsible for a minor
3524	예정	noun	prediction, expectation
3525	시청	noun	city hall
3526	원수	noun	enemy
3527	고리	noun	ring; loop; link
3528	척수	noun	spinal cord
3529	여우	noun	fox, vixen; a cunning and deceptive person
3530	심	noun	internal object crucial to something functioning
3531	회의실	noun	meeting room, conference room
3532	잔해	noun	wreckage
3533	립	syllable	More information
3534	주제가	noun	theme song
3535	힘껏	adv	with might and main, amain
3536	미터	noun	meter; metre (SI unit of length)
3537	언제까지나	adv	forever, eternally
3538	미니	verb	sequential form of 밀다 (milda, “to push”), 미다 (mida, “to fall out”).
3539	불공평하다	adj	unfair, unjust
3540	미라	noun	mummy (embalmed corpse)
3541	시드	name	Sid (personal name)
3542	군데	counter	place, spot
3543	미처	adv	yet
3544	노비	noun	slave, servant (in traditional East Asia)
3545	본드	noun	adhesive; strong glue
3546	주차	noun	parking
3547	귀염둥이	noun	a beloved child, sweetheart, darling
3548	철수	noun	withdrawal; evacuation
3549	아리아	noun	aria
3550	뭘	pron	what (interrogative direct object pronoun, mostly in spoken Korean)
3551	밤중	noun	midnight, dead of night
3552	다운	noun	being down; knockdown
3553	고위	noun	high rank
3554	중학교	noun	middle school
3555	해설자	noun	commentator
3556	웃다	verb	to laugh, to smile, to grin
3557	설사	adv	even if, even though
3558	전달	noun	last month; the month before
3559	간수	noun	bittern (salt water used to coagulate tofu)
3560	모금	counter	a mouthful (of liquid or gas)
3561	선반	noun	shelf, rack
3562	길다	adj	to be long
3563	음료	noun	drink, beverage
3564	중환자실	noun	intensive care unit; critical ward
3565	물속	noun	in the water, underwater
3566	전하다	verb	to pass along; to convey
3567	수컷	noun	male animal
3568	글씨	noun	character, letter
3569	검토	noun	examination, review
3570	자극	noun	stimulation; stimulus
3571	손바닥	noun	palm (inner, concave part of hand)
3572	조끼	noun	vest, waistcoat
3573	뚜껑	noun	lid
3574	풍경	noun	landscape, scenery, scene, view
3575	나사	noun	screw (fastener)
3576	웹사이트	noun	website
3577	노트	noun	notebook; notes
3578	티비	noun	TV, television
3579	스토리	noun	story (account of events)
3580	병동	noun	ward
3581	문도	noun	disciple
3582	서서히	adv	gradually, slowly, steadily
3583	피하	noun	under the skin; subcutaneous
3584	회색	noun	grey/gray (color)
3585	동부	noun	the eastern part; east
3586	하드	noun	ice cream bar; ice creams in general
3587	평균	noun	average; mean
3588	후퇴	noun	retreat
3589	어르신	noun	elder; the elderly
3590	골드	noun	gold
3591	예쁜이	noun	sweetie, someone pretty
3592	그토록	adv	so much, so, as much
3593	오니	noun	polluted soil
3594	방울	noun	drop; bell
3595	회전	noun	turn; rotation
3596	경사	noun	inclination; slant; slope
3597	우울증	noun	depression
3598	해적	noun	pirate
3599	수감자	noun	prisoner, (prison) inmate, convict
3600	간식	noun	snack, refreshments, nosh
3601	인자	noun	factor; divisor
3602	레코드	noun	record (e.g. LP)
3603	판막	noun	valve
3604	반역자	noun	rebel
3605	이불	noun	blanket; duvet
3606	일원	noun	a member
3607	울음	noun	crying, weeping
3608	상상력	noun	imagination (image-making power of the mind)
3609	임자	noun	owner; spouse
3610	귀족	noun	noble; aristocrat
3611	콘돔	noun	condom
3612	브라질	name	Brazil (a country in South America)
3613	도쿄	name	Tokyo (the capital city of Japan)
3614	과학적	noun	scientific (attributive)
3615	성령	noun	the Holy Spirit, the Spirit of God
3616	앞쪽	noun	front
3617	활주로	noun	runway
3618	해커	noun	hacker (one who uses a computer to gain unauthorized access to data)
3619	협정	noun	an agreement, an accord, a convention
3620	문장	noun	sentence; a writing style
3621	진동	noun	vibration
3622	전역	noun	military campaign
3623	절벽	noun	precipice; cliff
3624	수고하다	verb	to work hard, to take trouble
3625	감지	noun	perception
3626	서프라이즈	noun	surprise (event, present, etc.)
3627	앨빈	name	a transliteration of the English male given name Alvin
3628	전진	noun	advance; forward movement
3629	활짝	adv	wide open; brightly; in bloom; clearly
3630	바탕	noun	base, foundation
3631	레몬	noun	lemon (fruit); lemon (tree)
3632	장거리	noun	long distance; long range
3633	반경	noun	radius
3634	성의	noun	sincerity
3635	논	noun	paddy field (wet land for rice crop)
3636	푸	intj	whew, phew (whistling)
3637	진흙	noun	mud
3638	참다	verb	to bear; to endure
3639	제멋대로	adv	as one pleases/likes
3640	불은	noun	the grace, mercy, kindness, charity, or blessings of Buddha
3641	공군	noun	air force
3642	등록	noun	registration; enrollment
3643	차단	noun	block; blockade; obstruction
3644	은혜	noun	grace, benefit, blessing
3645	판다	noun	panda
3646	승무원	noun	crewman, crew member, flight attendant, cabin attendant
3647	개뿔	noun	bullshit
3648	대포	noun	cannon
3649	디자인	noun	design
3650	셰익스피어	name	Shakespeare
3651	와플	noun	waffle (flat pastry)
3652	뻔하다	adj	clear, obvious, evident
3653	거미	noun	spider
3654	귀환	noun	return home
3655	착하다	adj	to be good-hearted, to be kind, to be nice
3656	혼인	noun	marriage
3657	티셔츠	noun	T-shirt
3658	미녀	noun	beauty, beautiful woman
3659	바텐더	noun	bartender
3660	예언	noun	prophecy; prediction
3661	틀	noun	frame, framework
3662	전파	noun	radio wave
3663	어미	noun	mother; A casual way used by a father to address his wife in front of elders.
3664	불길	noun	flame; blaze
3665	재료	noun	ingredients, materials
3666	유혹	noun	temptation, enticement, allurement
3667	핑계	noun	excuse; pretext
3668	비교	noun	comparison
3669	육체	noun	human body (generally, otherwise as the opposite of the mind)
3670	보드카	noun	vodka
3671	델	adv	Hwanghae and Pyongan form of 젤 (jel, “contraction of 제일(第一) (jeil, “most”)”)
3672	포트	noun	pot (usually refers to teapot or coffeepot)
3673	하난	det	many
3674	흰색	noun	The color white.
3675	다이어트	noun	diet, weight-loss program
3676	그릴	noun	grill (cooking instrument)
3677	유태인	noun	Jew
3678	좆까	intj	eat a dick, fuck off.
3679	통째로	adv	entirely, altogether, bodily
3680	장사	noun	business, trade, commerce
3681	우승	noun	victory; championship
3682	폐쇄	noun	closure, shutdown
3683	퍼즐	noun	puzzle (type of game)
3684	팁	noun	tip; gratuity
3685	중요	noun	the state of being important; importance
3686	비극	noun	tragedy
3687	배후	noun	back, rear, behind, back side
3688	물품	noun	article, commodity
3689	표본	noun	sample; example; specimen
3690	조약	noun	treaty; pact
3691	왕위	noun	the throne, the crown, the title of the emperor
3692	너구리	noun	raccoon dog; raccoon (American procyonid)
3693	단추	noun	button (a knob or small disc serving as a fastener)
3694	씨앗	noun	seed, grain
3695	조용하다	adj	to be silent, quiet, still, calm, empty, sedate
3696	타인	noun	another person; other people
3697	대기실	noun	waiting room
3698	막다	verb	to stop up; to enclose, to fence, to screen off, to shield
3699	갈등	noun	discord, conflict
3700	몸매	noun	body shape, figure
3701	난장판	noun	mess, chaos, shambles
3702	운전자	noun	driver (of a vehicle)
3703	검정	noun	black
3704	게다	noun	geta, wooden clogs
3705	홍보	noun	promotion; publicization; publicity
3706	고정	noun	fixity; immobility
3707	앗싸	intj	yeah!, awesome!
3708	마고	name	Magu, an immortal woman
3709	박살	noun	something breaking into pieces, or the manner thereof
3710	야한	noun	coldness at night
3711	레즈비언	noun	lesbian (female homosexual)
3712	일등	noun	first place, number one (in a competition, in a class, etc.)
3713	꾼	noun	gambler, player, trickster, swindler
3714	제한	noun	limit, restriction
3715	주간	noun	week
3716	드림	verb	yours sincerely (typically in an email); used after the name in the same line
3717	갱	noun	pit, shaft
3718	뚱보	noun	fat person; fatso
3719	웹	noun	web (the World Wide Web)
3720	도난	noun	robbery; theft
3721	아악	noun	the ancient court ritual music of Korea, of Chinese origin
3722	에피네프린	noun	adrenaline
3723	소장	noun	small intestine
3724	수행	noun	accomplishment, execution
3725	노숙자	noun	homeless person
3726	농구	noun	basketball
3727	동지	noun	comrade
3728	연필	noun	a pencil (graphite writing instrument)
3729	보름달	noun	full moon
3730	노트북	noun	notebook (notebook computer)
3731	비둘기	noun	pigeon, dove
3732	고아	noun	orphan
3733	불륜	noun	affair, adultery, infidelity, liaison, unfaithfulness
3734	훈장	noun	order; medal; decoration
3735	협력	noun	collaboration or cooperation
3736	호흡기	noun	respiratory organ
3737	패	noun	defeat; loss
3738	포옹	noun	hug, embrace
3739	미로	noun	labyrinth, maze
3740	욕심	noun	greed
3741	논쟁	noun	dispute, controversy, contention
3742	원자로	noun	nuclear reactor
3743	지장	noun	hindrance; disruption
3744	거품	noun	bubble
3745	창자	noun	intestines, guts, bowels
3746	각오	noun	determination, resolution
3747	시멘트	noun	cement (a powdered substance)
3748	귀하	noun	Mr.; Ms.
3749	보라색	noun	violet, purple (color)
3750	편안히	adv	comfortably, easily
3751	1월	noun	January
3752	임상	noun	clinical
3753	차마	adv	possibly stand, possibly bear
3754	제로	noun	zero, nothing, nil
3755	잠자코	adv	quietly, implicitly, stilly, without speech or movement
3756	출장	noun	going out somewhere on business, a business trip
3757	쿠바	name	Cuba (a country, the largest island (based on land area) in the Caribbean)
3758	스케이트	noun	skate
3759	인식	noun	recognition
3760	똑똑하다	adj	smart, clever, intelligent
3761	제때	noun	right time, right moment
3762	잠재력	noun	potential
3763	치과	noun	dentistry; a dentist's office; a dental clinic
3764	항해	noun	sailing, voyage
3765	지휘관	noun	commander, commanding officer
3766	교환	noun	exchange, swap
3767	갤러리	noun	art gallery
3768	지난달	noun	last month
3769	아티스트	noun	artist
3770	기존	noun	existing (already); preexistence
3771	현관	noun	front door; porch; vestibule
3772	구덩이	noun	crater, hollow, pit
3773	육지	noun	dry land; shore
3774	마트	noun	mart; market; convenience store; shop/store; supermarket; mall/shopping centre
3775	배치	noun	placement
3776	암컷	noun	a female animal
3777	은신처	noun	hideout, hideaway, refuge, lair
3778	가다가	verb	A sequential form of 가다 (gada, “to go”): while going; [was] going, and then
3779	시방	adv	now
3780	돌격	noun	charge; attack
3781	피곤하다	adj	tired
3782	무려	adv	as many as, as much as, no less than (denoting an unexpectedly large number)
3783	정상적	noun	normal
3784	침입	noun	penetration; invasion
3785	빨리빨리	adv	quickly; fast
3786	경이	noun	surprise, wonder, marvel
3787	사연	noun	story; situation, circumstances
3788	아동	noun	child; minor, person(s) under age of 18 under the Korean Child Welfare Act (아동복지법)
3789	라이터	noun	lighter
3790	축	noun	axis
3791	셋째	num	third
3792	사나이	noun	a lad; a young man, especially a manly one
3793	제작자	noun	maker, manufacturer, producer
3794	자백	noun	confession
3795	기념일	noun	memorial day; anniversary
3796	사이렌	noun	siren (device for making a sound alarm)
3797	하트	noun	hearts; a heart (emotion; feeling).
3798	올리브	noun	olive
3799	야생	noun	the wild; wild
3800	단순	noun	simple
3801	포인트	noun	point, especially a key point in an explanation
3802	설정	noun	creation; setup; establishment; fixing
3803	공범	noun	complicity; accomplice
3804	탁자	noun	table
3805	유치원	noun	kindergarten
3806	터	noun	place, room, space
3807	적다	adj	to be little, to be few
3808	가상	noun	imaginary
3809	절친	noun	best friend
3810	눈동자	noun	pupil (of the eye)
3811	영주	noun	feudal lord
3812	다행	noun	good fortune
3813	구슬	noun	marble (small ball used in games)
3814	주유소	noun	gas station, petrol station
3815	정전	noun	ceasefire
3816	전쟁터	noun	battlefield
3817	비법	noun	secret; magic formula; know-how
3818	이글	root	Root of 이글거리다
3819	록	noun	rock; rock music
3820	취	noun	A species of aster eaten as a vegetable, Doellingeria scabra.
3821	아마추어	noun	amateur
3822	싱글	noun	while grinning once
3823	테	noun	something that goes around the outside of something else: frame, brim, rim
3824	경향	noun	a trend, tendency
3825	에잇	intj	damn, geez, o, eh
3826	펴	verb	Infinitive form of 피다 (pida, “to bloom”)
3827	민간	noun	private; non-governmental
3828	병장	noun	sergeant
3829	괴짜	noun	eccentric person, odd fish, screwball
3830	전환	noun	change, switch, changeover
3831	수류탄	noun	a hand grenade
3832	석	num	three (before certain classifiers)
3833	막상	adv	really, actually, when you get around to doing it
3834	후의	noun	kind thought; kindness
3835	디지털	noun	digital
3836	이만큼	adv	this much, that much; this, that; yay or yea
3837	링크	noun	link
3838	번호판	noun	licence plate/number plate (on a vehicle)
3839	손톱	noun	fingernail
3840	미합중국	name	United States of America (a country in North America) (formal and full name of the U.S.)
3841	추기경	noun	cardinal
3842	군복	noun	military uniform
3843	떠나다	verb	to leave
3844	주름	noun	wrinkles, lines, furrows
3845	세계적	noun	global
3846	존경하다	verb	to respect
3847	경제	noun	economy; economics
3848	발음	noun	pronunciation
3849	실시간	noun	real time
3850	지불	noun	payment
3851	잔돈	noun	change
3852	바비큐	noun	barbecue
3853	도둑질	noun	theft; stealing
3854	장교	noun	officer
3855	아드레날린	noun	adrenaline
3856	청년	noun	youth, youngster
3857	생전	noun	during one's lifetime, premortem
3858	느끼다	verb	to feel (emotion, sensation, etc.)
3859	빠	counter	-th
3860	피드백	noun	feedback (critical assessment of a process or activity or of their results)
3861	순수	noun	purity
3862	랭	syllable	冷: to be cold
3863	대중	noun	crowd; party; the masses; public
3864	남녀	noun	man and woman; men and women generally
3865	사적	noun	historic site
3866	딸애	noun	(my/our) young daughter (when talking to other people)
3867	편견	noun	prejudice; bias
3868	선박	noun	ship, vessel
3869	유모	noun	nanny, wet nurse
3870	언급	noun	mention
3871	관찰	noun	observation
3872	펌프	noun	pump (device for moving liquid or gas)
3873	적군	noun	enemy troops; hostile force
3874	싸인	noun	signature; autograph
3875	한편	adv	on the other hand, while
3876	분홍색	noun	pink (color)
3877	이리저리	adv	here and there, this way and that way, from place to place, back and forth
3878	체육	noun	physical education
3879	더불어	adv	together; with
3880	멀쩡하다	adj	to be flawless, faultless
3881	건의	noun	proposition, proposal
3882	머저리	noun	half-wit, dimwit, sluggard
3883	푸딩	noun	pudding
3884	업로드	noun	upload (transmit data to computers on a network, especially servers on the Internet)
3885	부리	noun	a beak; a pointed end like a beak or a tip
3886	개월	counter	months; used as a count word for months
3887	의용	noun	loyalty; volunteer
3888	빨간색	noun	red (color)
3889	시리즈	noun	a series, especially in sports or entertainment
3890	스무	det	twenty (of something)
3891	양식	noun	form; format; style
3892	다하다	verb	to run out, to be used up, to be finished, to come to an end
3893	제어	noun	control
3894	공화국	noun	republic
3895	부츠	noun	boot (footwear)
3896	방안	noun	a plan
3897	증세	noun	symptom (of a disease)
3898	교대	noun	rotation; relief; shift
3899	수면제	noun	a soporific; a sleeping pill
3900	성벽	noun	wall, rampart
3901	보내다	verb	to send, to dispatch
3902	감동	noun	sensation; touching by heart; moving by heart
3903	소프트웨어	noun	software (encoded computer instructions)
3904	활	noun	bow; bow (rod used for playing stringed instruments)
3905	향기	noun	fragrance, aroma, perfume
3906	사상자	noun	casualties
3907	신화	noun	A myth or legend.
3908	실망	noun	disappointment, letdown
3909	공격하다	verb	to attack
3910	폭격	noun	bombing, bombardment
3911	누리	noun	world
3912	오리지널	noun	an original
3913	신생아	noun	neonate (a recently born baby)
3914	긍정적	noun	positive, affirmative
3915	하버드	noun	Harvard
3916	사설	noun	editorial, leading article
3917	골	noun	gorge; gully; valley; alley
3918	공개	noun	Opening to the public.
3919	나이스	intj	nice
3920	원작	noun	the original work (such as the source of an adaptation or translation)
3921	몇일	noun	misspelling of 며칠 (myeochil, “how many days”)
3922	성모	name	Virgin Mary
3923	가르침	noun	teaching, instruction, study
3924	팬케이크	noun	pancake (thin batter cake)
3925	딱지	noun	scab; ddakji, a form of Korean papercraft used in games
3926	측	syllable	側; 側:
3927	계신데	noun	abode, dwelling place, palace
3928	계곡	noun	valley
3929	시집	noun	collection of poems
3930	마리화나	noun	marijuana
3931	쇼크	noun	shock (sudden emotional disturbance)
3932	자부심	noun	self-confidence; self-esteem; pride
3933	요양원	noun	sanatorium, sanitarium
3934	로그	noun	logarithm; log
3935	캠핑	noun	camping
3936	립스틱	noun	lipstick
3937	장담하다	verb	to guarantee; to assure
3938	모르핀	noun	morphine
3939	구실	noun	duty, role
3940	벌금	noun	fine for committing a crime or violating a contract
3941	손해	noun	loss; damage
3942	때다	verb	to make / light (a fire); to burn (firewood)
3943	장담	noun	guarantee, assurance; confident statement
3944	오븐	noun	oven
3945	비자	noun	visa (travel permit)
3946	게이트	noun	gate
3947	생방송	noun	live broadcast
3948	가깝다	adj	to be close, to be near (in distance, time, emotional rapport, kinship, etc.)
3949	요리사	noun	cook, chef
3950	전보	noun	a telegram
3951	망상	noun	delusion
3952	지능	noun	intelligence
3953	생사	noun	life and death
3954	이용하다	verb	to use; to utilize
3955	초등학교	noun	elementary school, primary school
3956	격리	noun	isolation; quarantine
3957	오염	noun	pollution; contamination
3958	땅콩	noun	peanut
3959	스	noun	the other name of siot, ㅅ (s).
3960	아싸	intj	yeah!, awesome!
3961	아메리카	name	America, the Americas
3962	장인	noun	father-in-law (wife's father)
3963	흥미롭다	adj	to be interesting
3964	최우선	noun	highest / top priority; first preference
3965	초점	noun	focus, focal point
3966	학위	noun	academic degree
3967	가정부	noun	housekeeper, maid
3968	업적	noun	performance, achievement, results
3969	삭제	noun	deletion
3970	앰뷸런스	noun	ambulance
3971	수다	noun	talkativeness; prattle
3972	벽장	noun	closet, cupboard
3973	어제밤	noun	last night
3974	육체적	noun	being physical, bodily, corporeal, physiological
3975	신혼여행	noun	honeymoon (trip taken by a newlywed married couple)
3976	도장	noun	stamp; seal
3977	동공	noun	pupil (a black hole located in the center of the iris)
3978	예술가	noun	artist
3979	피곤	noun	fatigue; weariness; tiredness
3980	공공	noun	public
3981	탄생	noun	birth; formation
3982	성기	noun	genitalia, sex organs
3983	친척	noun	kin, kinsmen, relatives
3984	장례	noun	funeral
3985	가보	noun	heirloom
3986	스틱	noun	stick
3987	달래	noun	Korean wild chive (Allium monanthum)
3988	단검	noun	dagger (a stabbing weapon)
3989	심박	noun	heart rate, heartbeat
3990	커터	noun	cutter (a tool used for cutting)
3991	돌아오다	verb	to return, to come back
3992	끼	noun	A meal
3993	조합	noun	association; union
3994	학살	noun	massacre; slaughter
3995	신기하다	adj	to be strange and amazing; to be mysterious, to be wondrous
3996	전등	noun	light, lamp
3997	목장	noun	farm, ranch, pasture
3998	가설	noun	conjecture
3999	독방	noun	room for one person
4000	난쟁이	noun	dwarf, midget
4001	수영복	noun	swimsuit
4002	아씨	noun	madam
4003	명백히	adv	clearly
4004	더욱더	adv	more and more
4005	요한	name	John
4006	테네시	name	[~주(州)] Tennessee (a state of the United States)
4007	해당	noun	being applicable, relevant
4008	그야말로	adv	really, indeed
4009	알코올	noun	alcohol; alcohol, spirit
4010	그러더니	adv	then; therefore
4011	설령	adv	even if
4012	어느정도	adv	to some degree, somewhat
4013	면도	noun	shave, shaving
4014	잉	noun	Conveys the buzzing of small flying insects.
4015	최	det	a surname, usually romanized as “Choi”.
4016	마주	adv	face to face; mutually
4017	타격	noun	blow; strike; damage
4018	학기	noun	semester, trimester, term
4019	한복판	noun	middle, centre
4020	국왕	noun	king
4021	본래	adv	originally
4022	영수증	noun	receipt (written acknowledgement)
4023	악취	noun	stink; stench
4024	단백질	noun	a protein
4025	몸값	noun	ransom; price of a body for sale
4026	설교	noun	sermon
4027	자다	verb	to sleep; to sleep (with)
4028	요트	noun	yacht
4029	처방	noun	recipe; prescription
4030	설득력	noun	persuasive power; credence
4031	눈알	noun	eyeball
4032	발진	noun	takeoff, liftoff
4033	부검	noun	autopsy
4034	죄인	noun	criminal, offender, culprit
4035	정찰	noun	reconnaissance
4036	자문	noun	consultation; inquiry
4037	짓거리	noun	ridiculous act
4038	낙태	noun	abortion
4039	서재	noun	study, library (room)
4040	만찬	noun	dinner, supper
4041	묵	noun	a non-sweetened jelly (substance)
4042	사원	noun	member of a company
4043	자격증	noun	certificate; license
4044	타이탄	name	Titan (moon of Saturn)
4045	기껏	adv	at most; at best
4046	이스트	noun	yeast
4047	법률	noun	A law.; An Act of Parliament.
4048	바뀌다	verb	to be changed or exchanged
4049	총각	noun	unmarried man
4050	체	noun	physical body; (by extension) gait or build
4051	좌회전	noun	left turn
4052	로사	noun	North Korea standard form of 노사(老師) (nosa, “an elderly monk; a sage; an elderly teacher or master”)
4053	수지	noun	income and expenditure
4054	새미	noun	The Taczanowski's gudgeon, Ladislavia taczanowskii.
4055	사무엘	name	Samuel
4056	미확인	noun	that which is not confirmed
4057	양자	noun	quantum
4058	보일러	noun	boiler
4059	배심원	noun	juror
4060	출근	noun	going to work
4061	얌마	noun	short for 야 임마 (ya imma, “hey dude”)
4062	정돈	noun	order; arrangement; putting in order
4063	구체적	det	concrete; not abstract
4064	저지	noun	obstruction; hindrance
4065	탐사	noun	exploration
4066	안와	noun	eye socket
4067	특권	noun	privilege
4068	소방관	noun	firefighter, fireman
4069	깨끗	root	Root of 깨끗하다 (kkaekkeuthada). Rarely used alone.
4070	보도	noun	news coverage; journalistic report; reporting
4071	팔자	noun	fortune, destiny, fate
4072	녹화	noun	recording (a video)
4073	일시적	noun	temporarily
4074	숨소리	noun	the sound of breathing
4075	청혼	noun	marriage proposal
4076	처리하다	verb	to handle, to deal with, to treat, to process
4077	전이	noun	transition; metastasis
4078	누	pron	synonym of 누구 (nugu, “who, someone”)
4079	헌법	noun	constitution
4080	지내다	verb	to spend (one's time)
4081	진화	noun	progress, development; (biology) evolution
4082	아가리	noun	opening of a container
4083	분리	noun	separation, segregation, division
4084	유	noun	existence, being (especially in contrast to the concept of nothingness or non-existence)
4085	코브라	noun	cobra
4086	폭파	noun	blow up, explosion
4087	염병	noun	typhoid fever; commotion, hubbub, ruckus, misbehavior, uncouth activity
4088	두부	noun	tofu, bean curd
4089	다람쥐	noun	chipmunk; squirrel; animal of the family Sciuridae, but normally excluding the 청설모
4090	맨손	noun	bare hands; being empty-handed, having nothing, freehand
4091	시리얼	noun	breakfast cereal (food)
4092	전용	noun	exclusive use; private use
4093	울면	noun	ulmyeon, a Sino-Korean cuisine
4094	음주	noun	consumption of alcohol
4095	지속적	noun	continuous (determiner)
4096	빈손	noun	empty hand
4097	실내	noun	indoor, within a room
4098	가이	noun	Hwanghae, Pyongan, Seoul, Gangwon, and Chungcheong form of 개 (gae, “dog”)
4099	터무니	noun	ground, cause, reason
4100	야호	intj	yahoo!, hurray! (interjection expressing joy)
4101	이랑	noun	ridge (a small hill or pile between two fields or paddies)
4102	업데이트	noun	update (action of making something up to date)
4103	학부모	noun	school parent
4104	전차	noun	streetcar, tram
4105	줄거리	noun	synopsis, summary, outline; plot, storyline
4106	제네바	name	Geneva (a canton of Switzerland)
4107	습관	noun	habit
4108	신임	noun	trust
4109	치아	noun	tooth
4110	연장	noun	tool, instrument
4111	조개	noun	molluscan shellfish
4112	정오	noun	noon, midday
4113	잉글랜드	name	England (a constituent country of the United Kingdom)
4114	작동하다	verb	to operate, to function, to run, to be on
4115	갈고리	noun	hook
4116	사나	name	Sanaa (the capital and largest city of Yemen)
4117	인력	noun	gravitation, gravity
4118	경련	noun	convulsions; spasms
4119	폭풍우	noun	rainstorm
4120	외로움	noun	loneliness, lonesomeness
4121	지위	noun	position (social or geographic)
4122	펀치	noun	a punch (a hit or a strike with one's fist)
4123	포도주	noun	wine
4124	기억력	noun	power of recall; memory (as opposed to what is remembered)
4125	카르텔	noun	cartel
4126	곰팡이	noun	mould, mold (such as penicillin etc)
4127	제복	noun	uniform
4128	비결	noun	secret
4129	광장	noun	square, plaza
4130	대비	noun	a queen dowager
4131	레	noun	re (second note in the solfège major scale)
4132	기소	noun	prosecution, indictment
4133	완벽	noun	perfection
4134	이이	pron	this person; he, his
4135	트랙	noun	track
4136	한눈	noun	one glance; one look
4137	약국	noun	pharmacy, drugstore
4138	집중력	noun	ability to concentrate; strength to concentrate
4139	해결하다	verb	to resolve a dispute or confusion
4140	제보	noun	provision of information
4141	자선	noun	charity
4142	용이	root	Root of 용이하다 (yong'ihada, “to be easy”). Rarely used alone.
4143	헤어	noun	hair
4144	가로	adv	across; horizontally
4145	소형	noun	small size; pocket size
4146	권투	noun	boxing (sport)
4147	이슬람	name	Islam
4148	할렐루야	noun	hallelujah (exclamation to praise God)
4149	무진장	noun	limitlessness
4150	차근차근	adv	step by step, in a calm and orderly way
4151	찰	syllable	More information
4152	즉각	adv	immediately; at once
4153	아웃	noun	out (removal from play in baseball, other games)
4154	파	noun	spring onion
4155	수년	noun	several years
4156	혹	noun	bump, wen, protuberance
4157	현지	noun	local
4158	하사	noun	staff sergeant; petty officer first class; technical sergeant
4159	팝콘	noun	popcorn (a snack food made from corn kernels popped by dry heating)
4160	임신하다	verb	to conceive, to get pregnant
4161	딸기	noun	strawberry
4162	무작위	noun	being random; randomness
4163	누님	noun	Honorific of 누나 (nuna, “older sister of a male”).
4164	보초	noun	barrier reef
4165	여럿	noun	many people; many
4166	사랑스러워	adj	infinitive of 사랑스럽다 (sarangseureopda)
4167	간격	noun	space, interval
4168	실패하다	verb	to fail (a task or action)
4169	금액	noun	sum (of money)
4170	어뢰	noun	torpedo (underwater weapon)
4171	플레이어	noun	player (device)
4172	안타깝다	adj	unfortunate, poor, pitiable, regrettable
4173	낙하산	noun	a parachute
4174	무렵	noun	the time when; around the time of (something)
4175	거물	noun	eminent figure
4176	역사적	noun	historic (attributive)
4177	선로	noun	railroad track
4178	일기	noun	diary, journal
4179	동력	noun	motive power; energy
4180	사례	noun	precedent; example
4181	온몸	noun	whole body, entire body
4182	메달	noun	medal
4183	봉쇄	noun	blockade
4184	아군	noun	our side's army; friendly forces
4185	간단	noun	a pause; a brief cessation
4186	울다	verb	to cry; to weep
4187	기숙사	noun	dormitory, dorm, hall of residence
4188	불안	noun	anxiety, uneasiness
4189	밸브	noun	valve
4190	자루	noun	bag, sack
4191	손녀	noun	granddaughter
4192	법안	noun	bill, a draft of a law
4193	알고리즘	noun	algorism, algorithm
4194	체력	noun	physical strength, physical power
4195	상대방	noun	A partner in conversation or other interaction.
4196	절도	noun	theft; larceny; burglary
4197	지게	noun	A traditional Korean carrying frame in the shape of the letter A.
4198	차렷	noun	attention
4199	변경	noun	change
4200	안드레아	name	Andrew
4201	뱅	noun	round; while circling a relatively small area once
4202	금융	noun	finance
4203	좆나	adv	as fuck, fucking (vulgar intensifying adverb)
4204	갈기갈기	adv	describes something being torn, ripped, or shredded into many small pieces or shreds
4205	필사적	noun	desperate
4206	동화	noun	fairy tale
4207	바싹	noun	dryly, aridly, parchedly
4208	유도	noun	judo
4209	미술	noun	visual art
4210	찾아보다	verb	to go and find someone
4211	엉터리	noun	nonsense; bullshit
4212	조지아	name	[~주(州)] (South Korea) Georgia (a state in the Southern United States)
4213	국내	noun	that which is within a country; domestic
4214	날마다	adv	every day, each day
4215	용감	noun	bravery, courage
4216	예측	noun	prediction
4217	햄버거	noun	hamburger (sandwich)
4218	풀다	verb	to untie; to loosen up
4219	룸	noun	room (especially that of hotels or restaurants)
4220	카트	noun	cart; go-cart (racing vehicle)
4221	위반	noun	violation, breach
4222	야채	noun	vegetable
4223	선고	noun	announcement; sentence
4224	포함	noun	inclusion
4225	일리	noun	sense to...
4226	강화	noun	strengthening, reinforcement, intensification
4227	부탁하다	verb	to request, to ask to do well, to ask to handle well
4228	세탁기	noun	washing machine
4229	복권	noun	lottery (ticket)
4230	협곡	noun	canyon, gorge
4231	셀카	noun	selfie
4232	첨	noun	first time, beginning
4233	교전	noun	battle; combat
4234	끝나다	verb	to come to an end; to become finished
4235	저항	noun	resistance
4236	매장	noun	shop; store
4237	움직이다	verb	to move
4238	내시경	noun	endoscope
4239	걱정하다	verb	to worry, to feel concerned
4240	성자	noun	God the Son, Jesus Christ
4241	막대기	noun	stick
4242	반짝	noun	with a sparkle; with a moment of clarity
4243	강력	noun	strength; intensity
4244	힌트	noun	hint, clue
4245	넘다	verb	to exceed, to surpass, to go beyond
4246	뒷마당	noun	backyard
4247	여편네	noun	wife, married woman
4248	트로피	noun	trophy
4249	초능력	noun	supernatural power
4250	계정	noun	account
4251	화해	noun	reconciliation, settlement
4252	외모	noun	appearance, look (outward)
4253	패치	noun	a patch (in Western or modern clothing)
4254	까	verb	Infinitive form of 까다 (kkada, “to diminish, peel, beat, or quibble”).
4255	깡패	noun	bully; gangster
4256	이병	noun	short for 이등병(二等兵) (ideungbyeong)
4257	폴이	noun	arm
4258	테니스	noun	tennis
4259	가의	name	Chiayi (a city located in the plains of southwestern Taiwan)
4260	스코틀랜드	name	Scotland (a constituent country of the United Kingdom)
4261	호박	noun	pumpkin (both plant and fruit)
4262	알콜	noun	alcohol; alcohol, spirit
4263	알리다	verb	to inform, to announce, to make known
4264	앙	noun	Conveys a baby's crying.
4265	실시	noun	implementation
4266	대머리	noun	a baldhead; being bald-headed
4267	트리	noun	tree; specifically, a Christmas tree
4268	바래다	verb	to fade, discolor, shade off, get washed out
4269	머리통	noun	the bulk, namely the circumference of one's head
4270	태평양	name	the Pacific Ocean
4271	은색	noun	silver (colour)
4272	지극히	adv	extremely
4273	핫도그	noun	hot dog
4274	비어	noun	obscenity; profanity; swear word
4275	배급	noun	rationing; distribution
4276	왕실	noun	royal family
4277	제공하다	verb	to provide or furnish
4278	트위터	name	Twitter (a social-networking website)
4279	씩	adv	with a grin
4280	뺨	noun	cheek; width (as of slim things)
4281	라벤더	noun	lavender (Lavandula)
4282	미용실	noun	beauty parlour, hairdresser's, hair salon
4283	명함	noun	business card, visiting card, calling card
4284	문명	noun	civilization
4285	소풍	noun	picnic, outing, excursion
4286	호주	noun	head of household
4287	작성	noun	production, creation
4288	이때	noun	now; (at) this time; right now
4289	표면	noun	surface, face
4290	반역	noun	revolt, rebellion
4291	심부름	noun	errand
4292	성분	noun	ingredient, component, constituent
4293	패배	noun	defeat
4294	금메달	noun	gold medal
4295	가시나	noun	girl; young girl
4296	리듬	noun	rhythm
4297	뒤통수	noun	back of one's head
4298	민주주의	noun	democracy
4299	상실	noun	loss
4300	화제	noun	topic of discussion
4301	루스	name	a transliteration of the English female given name Ruth
4302	행	noun	movement; going
4303	누난	noun	topic-marked of 누나 (nuna)
4304	재빨리	adv	quickly, rapidly, nimbly
4305	권	counter	(counter for books)
4306	걸음	noun	A step or steps.
4307	자꾸만	adv	repeatedly; incessantly
4308	기독교	noun	Christianity, especially Protestantism
4309	폭행	noun	assault; act of violence
4310	따뜻	root	Root of 따뜻하다 (ttatteuthada). Rarely used alone.
4311	현실적	det	actual
4312	하이파이브	noun	high five
4313	체리	noun	cherry
4314	람	syllable	More information
4315	서커스	noun	circus
4316	쓰리	noun	three
4317	펑	noun	with a popping sound
4318	우회전	noun	right turn
4319	토마토	noun	tomato
4320	몰	noun	died in...
4321	인종	noun	race; ethnicity
4322	돛	noun	sail; canvas
4323	맥도날드	name	McDonald's
4324	작작	adv	Properly, moderately, just enough
4325	해병	noun	a marine; a sailor in a navy
4326	공사	noun	construction
4327	심박수	noun	heart rate
4328	구글	name	Google (a particular Internet company; a search engine)
4329	걸레	noun	rag, mop (cloth used in cleaning, either with or without a handle)
4330	눈길	noun	gaze; The object of one's gaze.
4331	임금	noun	king; monarch
4332	반복	noun	repetition
4333	이방인	noun	foreigner, alien
4334	벤치	noun	bench
4335	계기	noun	chance, opportunity
4336	사업가	noun	businessman, entrepreneur
4337	타깃	noun	target
4338	사본	noun	copy; duplicate
4339	수혈	noun	blood transfusion
4340	장모님	noun	honorific of 장모 (jangmo, “mother-in-law, wife's mother”)
4341	일치하다	verb	agree (to resemble, coincide, correspond)
4342	승진	noun	promotion
4343	본명	noun	real name (as opposed to an alias or pseudonym)
4344	코스	noun	course
4345	매듭	noun	knot, tie; conclusion, end
4346	노인네	noun	old person, old folk
4347	버리다	verb	to throw away (a thing), to abandon (a person)
4348	망원경	noun	telescope
4349	추측	noun	supposition, guess
4350	시위	noun	demonstration; protest
4351	처방전	noun	medical prescription
4352	마드리드	name	Madrid (the capital city of Spain)
4353	후계자	noun	successor
4354	논리	noun	logic
4355	임산부	noun	pregnant woman
4356	콜라	noun	cola
4357	별말씀	noun	unexpected or strange word(s), nonsensical remark
4358	텐	noun	ten
4359	서른	num	thirty
4360	교장	noun	the principal or head teacher of a school
4361	뮤지컬	noun	musical
4362	임대	noun	lease, rent
4363	굿	noun	shamanic ritual
4364	오스틴	name	[~시(市)] Austin (The capital city of Texas, USA and the county seat of Travis County)
4365	만성	noun	chronicity, being chronic
4366	이반	noun	the LGBT community or a member thereof
4367	신용	noun	credit, credibility, confidence, trust
4368	가톨릭	name	Catholicism; the Catholic Church
4369	이스라엘	name	Israel
4370	신도	noun	believer, disciple, follower
4371	백화점	noun	department store
4372	캔자스	name	[~주(州)] Kansas (a state of the midwest United States)
4373	잔디	noun	lawn, turf, sod, grass
4374	추진	noun	promotion, thrust, driving force, propulsion
4375	대낮	noun	midday, the middle of the day; broad daylight
4376	사도	noun	apostle
4377	재생	noun	playback; play
4378	대체로	adv	on the whole
4379	원칙	noun	principle; rule
4380	변형	noun	metamorphosis; transformation
4381	니미	noun	your mother
4382	게으른	adj	Attributive form of 게으르다 (geeureuda) (“to be lazy, to be idle”).
4383	달리기	noun	run, race, relay
4384	입학	noun	admission or entrance to a school
4385	엔	noun	yen (currency of Japan)
4386	오메	intj	dialectal form of 어머 (eomeo, “oh my god”)
4387	본질	noun	essence, nature (intrinsic quality)
4388	복사본	noun	copy (as opposed to the original)
4389	손뼉	noun	the whole floor of the palm and fingers combined
4390	확장	noun	extension; expansion; enlargement
4391	달빛	noun	moonlight
4392	공습	noun	air raid; aerial strike
4393	경적	noun	car horn, hooter, klaxon
4394	관리자	noun	manager, administrator
4395	가발	noun	wig, toupee
4396	멤버	noun	a member
4397	기관총	noun	machine gun
4398	지경	noun	circumstances, situation
4399	배역	noun	casting; role
4400	지배	noun	rule, control, command
4401	노르웨이	name	Norway (a country in Scandinavia in Northern Europe)
4402	또래	noun	peers (people of roughly the same age or, less commonly, level)
4403	피라미드	noun	pyramid (ancient construction)
4404	마취제	noun	anaesthetic
4405	슬프다	adj	to be sad
4406	나침반	noun	compass
4407	독일어	noun	German (language)
4408	점심시간	noun	lunchbreak
4409	소총	noun	rifle
4410	바구니	noun	basket; a basketful (of apples)
4411	면허증	noun	license; driver's license
4412	취직	noun	finding employment, work
4413	고용	noun	employment; hire
4414	농부	noun	peasant, farmer
4415	왼손	noun	left hand
4416	설계도	noun	blueprint
4417	헌신	noun	dedication; devotion
4418	무당	noun	shaman; priest of Korean shamanism, the indigenous religion of the country
4419	오른손	noun	right hand
4420	정해	name	The twenty-fourth term of the Chinese sexagenary cycle
4421	콜린	noun	choline
4422	비로소	adv	For the first time; only after.
4423	스트라이크	noun	strike; strike (work stoppage)
4424	휴지	noun	waste paper; tissue, toilet paper
4425	케네디	name	Kennedy
4426	야옹	adv	with a meow
4427	미디어	noun	media
4428	세면	noun	washing one's face
4429	인근	noun	vicinity, environs
4430	떨어지다	verb	to fall; tumble; drop
4431	토스트	noun	toast (toasted bread)
4432	외교	noun	diplomacy
4433	해병대	noun	marine corps
4434	영리	noun	profit
4435	부정	noun	negation
4436	구식	noun	old style
4437	전술	noun	tactics
4438	재즈	noun	jazz
4439	절단	noun	amputation
4440	사이비	noun	pseudo; religious cult
4441	직접적	noun	Something direct or immediate
4442	일병	noun	short for 일등병(一等兵) (ildeungbyeong)
4443	한가운데	noun	middle, the centre
4444	구린내	noun	A disgusting smell.
4445	허세	noun	brag; bluff; showing off
4446	골반	noun	pelvis
4447	코코넛	noun	coconut (fruit of the coconut palm)
4448	고인	noun	the dead, the deceased
4449	중년	noun	middle age
4450	해치	noun	xiezhi
4451	진찰	noun	examination; checkup
4452	생기다	verb	to emerge; for something to appear where it had been absent
4453	포크	noun	fork (eating utensil with spikes)
4454	일어나다	verb	to arise, get up; to wake up
4455	충동	noun	impulse, compulsion, urge, drive, impulsion, feeling, instinct
4456	호감	noun	good feeling; goodwill; favor (as in, to be in favor with someone)
4457	이외	noun	apart from this
4458	가져오다	verb	to bring something
4459	얼룩	noun	stain, smear, blemish
4460	웨이터	noun	waiter
4461	채소	noun	vegetable
4462	치어리더	noun	cheerleader (person (usually female) who encourages applause)
4463	몸무게	noun	bodyweight
4464	유인원	noun	ape
4465	장애물	noun	obstacle
4466	선서	noun	oath
4467	시간여행	noun	time travel
4468	토론	noun	debate, controversy
4469	귀걸이	noun	earmuffs; earring
4470	시비	noun	right and wrong
4471	이벤트	noun	event
4472	혼돈	noun	chaos; confusion
4473	착각	noun	illusion, delusion
4474	추수	noun	autumn harvest
4475	근본적	noun	Something basic or fundamental.
4476	편집	noun	edit
4477	성냥	noun	match, matchstick
4478	왕창	adv	extremely a lot
4479	나뭇잎	noun	tree leaf
4480	플레이	noun	play in sports; gameplay
4481	만이	noun	In ancient China, indigenous tribes in what is now southern and eastern China
4482	오픈	noun	open
4483	서클	noun	club, society, group, circle
4484	멍	noun	bruise; the state of feeling tired after eating a lot; dopiness
4485	오하이오	name	[~주(州)] Ohio (a state of the United States)
4486	대전	noun	Daejeon (a city in South Korea)
4487	양파	noun	onion
4488	파스타	noun	pasta
4489	취하다	verb	to get drunk, to become intoxicated
4490	이태리	name	Italy (a country in Southern Europe)
4491	펑크	noun	punk rock
4492	슬쩍	adv	somewhat subtly; somewhat slightly
4493	캔	noun	can, tin, tin can
4494	집합	noun	gathering, meeting, assemblage
4495	겨	noun	bran, chaff, hull, husk (of grains)
4496	춰	verb	Infinitive form of 추다 (chuda, “to dance”)
4497	날로	adv	in a raw, uncooked state
4498	자서	noun	dictionary
4499	승산	noun	possibility of winning
4500	대책	noun	policy with regard to a particular issue
4501	싱크대	noun	sink (basin)
4502	프랑스어	noun	French (language)
4503	레이스	noun	lace (fabric)
4504	부상자	noun	wounded; injured
4505	유머	noun	humour/humor, wit
4506	마술사	noun	magician, conjurer
4507	안테나	noun	antenna, aerial
4508	우편	noun	mail, post
4509	죽이다	verb	to kill, to cause to die
4510	갈비뼈	noun	rib (bone)
4511	악기	noun	musical instrument
4512	이별	noun	farewell; parting
4513	펭귄	noun	penguin (flightless sea bird)
4514	성당	noun	Confucian temple
4515	식구	noun	mouth to feed; dependent
4516	행진	noun	march; parade
4517	부름	noun	summons; call
4518	들것	noun	stretcher (simple litter designed to carry a sick, injured, or dead person)
4519	매독	noun	syphilis
4520	면전	noun	in front (of one's face)
4521	전단지	noun	flyer (sheet), leaflet
4522	기금	noun	fund
4523	기도하다	verb	to pray (to petition a higher being)
4524	알렉산드리아	name	Alexandria (a city in Egypt)
4525	영토	noun	territory
4526	바닐라	noun	vanilla
4527	약하다	adj	to be weak
4528	천둥	noun	thunder
4529	2월	noun	February
4530	닮다	verb	to resemble, to look like
4531	타자	noun	batter
4532	무역	noun	trade; commerce
4533	육군	noun	army, military, troops
4534	홈	noun	groove
4535	국립	noun	national
4536	힙합	noun	hip-hop
4537	브랜디	noun	brandy
4538	중독자	noun	addict, junkie
4539	루비	noun	ruby (type of gem)
4540	동성	noun	same sex
4541	적색	noun	red (colour)
4542	만족하다	verb	to feel happy / satisfied
4543	집중하다	verb	to focus; to concentrate
4544	펜실베니아	name	[~주(州)] alternative form of 펜실베이니아
4545	모이	noun	feed for poultry
4546	로맨스	noun	romance
4547	두꺼운	adj	present determiner of 두껍다 (dukkeopda)
4548	빨갱이	noun	commie; The comb goby, Paratrypauchen microcephalus.
4549	골동품	noun	curio; antique
4550	실로	adv	really, truly, indeed, surely
4551	서고	noun	library (institution which holds books etc.)
4552	오호	intj	alas! (usually used with —라 (-ra), in the form of 오호라 (ohora))
4553	해산	noun	childbirth
4554	칭	noun	tune of the fifth sting to the left of a yanggeum
4555	다중	noun	multiple
4556	회계	noun	accounting
4557	불가	noun	being impossible
4558	스카우트	noun	scout (act of scouting)
4559	처지	noun	position, circumstances
4560	디제이	noun	disc jockey, DJ
4561	개방	noun	opening, especially of doors
4562	돌고래	noun	dolphin; short-beaked common dolphin, Delphinus delphis
4563	가령	adv	supposing (that)
4564	분자	noun	molecule; numerator
4565	고객님	noun	customer, client
4566	피하다	verb	to evade
4567	뜻밖	noun	unexpectedness, surprise
4568	오페라	noun	opera
4569	주민	noun	residents in a place
4570	우주인	noun	astronaut; alien (a life form from another planet)
4571	사이다	noun	lemon-lime soda
4572	닭고기	noun	chicken (meat)
4573	주지사	noun	premier / governor of a 주(州) (ju, “state, etc.”)
4574	노동	noun	labor, especially industrial
4575	게시판	noun	bulletin board; forum
4576	깃털	noun	feather, plume
4577	불꽃놀이	noun	fireworks show; fireworks display
4578	안심해	verb	Infinitive form of 안심하다 (ansimhada, “to be relieved”).
4579	양수	noun	positive number
4580	기구	noun	device; tool; mechanism
4581	돌아가다	verb	to return, to go back
4582	부근	noun	neighborhood, environs, vicinity
4583	기술자	noun	technician, engineer
4584	온천	noun	hot spring, thermal spring, onsen
4585	케잌	noun	cake
4586	발견되다	verb	to be discovered
4587	설득	noun	persuasion
4588	잉크	noun	ink
4589	요법	noun	therapy
4590	농사	noun	agriculture; farming
4591	약혼녀	noun	fiancée
4592	속보	noun	breaking news
4593	가득하다	adj	to be full
4594	겪다	verb	to suffer, to undergo, to experience
4595	소수	noun	prime number (natural number)
4596	뱃지	noun	badge
4597	클립	noun	paper clip
4598	꾸준히	adv	steadily, constantly
4599	식도	noun	oesophagus, esophagus; gullet
4600	과다	noun	excess, surfeit
4601	요셉	name	Joseph
4602	베개	noun	pillow
4603	위조	noun	counterfeit; forgery; fake
4604	간밤	noun	last night
4605	적극적	det	positive, active
4606	화이팅	intj	good luck!; go for it!, go!, come on!
4607	에이즈	noun	AIDS
4608	셈	noun	counting; thinking, plan, intention
4609	개요	noun	overview, synopsis
4610	나란히	adv	side by side
4611	빙빙	noun	round and round; while repeatedly circling a relatively large area
4612	체포하다	verb	to arrest, to apprehend
4613	첫눈	noun	first snow
4614	건설	noun	construction
4615	터키	noun	turkey
4616	입력	noun	input
4617	신혼	noun	being newly married
4618	개그	noun	joke; gag (device to restrain speech)
4619	패션	noun	fashion
4620	착오	noun	mistake, error
4621	휴대용	noun	portable
4622	급하다	adj	urgent, pressing
4623	청소년	noun	adolescent; teenager
4624	대대	noun	generation after generation
4625	초자연적	noun	supernatural; preternatural
4626	매트리스	noun	mattress
4627	기집애	noun	girl, chick
4628	제안하다	verb	to propose, to suggest, to offer (to suggest a plan or course of action)
4629	집행	noun	execution, implementation, carrying out
4630	신물	noun	acid reflux; sense of displeasure, disgust, weariness
4631	세력	noun	influence, power
4632	낙인	noun	brand, stamp
4633	다이빙	noun	diving
4634	듯하다	adj	to be regarded as; to appear to be
4635	대문	noun	gate, (front/main) entrance, door
4636	카펫	noun	carpet
4637	승부	noun	victory or defeat; the outcome
4638	헤드폰	noun	headphone
4639	운전대	noun	steering wheel
4640	철학	noun	philosophy
4641	진상	noun	the real facts, the true facts
4642	프로필	noun	profile (summary of information about a person)
4643	낮다	adj	to be low (in height, in value)
4644	오라버니	noun	"formal variant of 오빠 (oppa) (""elder brother of a female"")"
4645	절제	noun	moderation; temperance; self-control
4646	루트	noun	route, channel
4647	우표	noun	stamp
4648	다니다	verb	to go somewhere for a purpose; to attend
4649	호스	noun	hose (flexible tube)
4650	백조	noun	white bird; swan
4651	경호원	noun	guard; bodyguard
4652	대본	noun	screenplay, script (of a play)
4653	청소부	noun	cleaner (person)
4654	무죄	noun	innocence
4655	기침	noun	cough
4656	모니터링	noun	monitoring
4657	환	noun	A type of rasp used on non-metallic materials
4658	증후군	noun	syndrome
4659	컨트롤	noun	control; management; regulation
4660	미시시피	name	[~주(州)] Mississippi (a state of the United States)
4661	거즈	noun	gauze
4662	바베큐	noun	barbecue
4663	차차	adv	gradually, little by little
4664	노란색	noun	yellow (color)
4665	영차	intj	heave-ho
4666	핫	noun	hot
4667	재고	noun	inventory, stock
4668	라파엘	name	Raphael, the Archangel.
4669	지퍼	noun	zipper, zip fastener (a fastener used in clothing, bags)
4670	반년	noun	half a year; half-year
4671	접어	noun	clitic
4672	방귀	noun	fart, wind (from the bowels)
4673	퍼	verb	Infinitive form of 푸다 (puda, “to scoop out”).
4674	비즈니스	noun	business
4675	초대하다	verb	to invite
4676	큐	noun	cue
4677	빨강	noun	red (colour)
4678	젖	noun	breast; milk (of mammals)
4679	여하튼	adv	anyway, anyhow
4680	유골	noun	remains of a dead person, especially cremated remains
4681	탑승	noun	boarding
4682	아이스	noun	ice, iced
4683	십만	num	one hundred thousand
4684	전속력	noun	full speed
4685	클래식	noun	classic; classical music
4686	도청	noun	provincial government building
4687	부활절	name	Easter; Easter Day
4688	야외	noun	the outside; outdoors; the open air
4689	시즌	noun	season (part of year with something special)
4690	쓸데	noun	use; service
4691	감독관	noun	superintendent, inspector
4692	주택	noun	A residential building.
4693	정신병	noun	psychopathy, mental illness, psychosis
4694	네덜란드	name	Netherlands
4695	표준	noun	standard (level of quality)
4696	로자	name	North Korea standard form of 노자 (Noja)
4697	초콜렛	noun	chocolate
4698	걷기	noun	walking
4699	마샤	name	a transliteration of the English female given name Marsha
4700	영하	noun	temperature below zero
4701	극히	adv	very, extremely, greatly
4702	더구나	adv	also; furthermore
4703	회장	noun	the chairman or chairperson of a board, or the president of some organizations
4704	살림	noun	housekeeping
4705	만화	noun	comics, manga, manhwa, manhua
4706	시인	noun	poet
4707	잡담	noun	chat, chatter
4708	예루살렘	name	Jerusalem
4709	일행	noun	party, company, troupe
4710	절망	noun	despair
4711	우려	noun	concern; worry; reason to believe
4712	두다	verb	to put; to leave (behind), let there be
4713	매형	noun	brother-in-law
4714	하인	noun	servant
4715	핵폭탄	noun	nuclear bomb
4716	면허	noun	licence; permit
4717	자석	noun	magnet
4718	기자회견	noun	press conference
4719	관절	noun	joint of the bone
4720	참가	noun	participation
4721	간섭	noun	interference
4722	조깅	noun	jogging
4723	존재하다	verb	to exist
4724	후방	noun	rear; back; behind the frontline
4725	권위	noun	power and prestige; authority
4726	콧수염	noun	moustache, mustache
4727	기온	noun	air temperature
4728	타이틀	noun	title
4729	현찰	noun	cash
4730	일기장	noun	diary
4731	가장자리	noun	edge, verge, brink
4732	카운터	noun	counter (object used in counting)
4733	맹장	noun	caecum
4734	별것	noun	a rarity; a curiosity; an oddity
4735	원자력	noun	nuclear power
4736	스웨덴	name	Sweden (a country in Scandinavia in Northern Europe)
4737	완성	noun	completion
4738	금세	adv	soon, shortly; in a moment
4739	올라가다	verb	to go up, to rise, to ascend
4740	대우	noun	treatment; reception
4741	까다	verb	to peel; to hatch (eggs)
4742	미주리	name	[~주(州)] Missouri (a state in the Midwestern region of the United States)
4743	가인	name	Cain
4744	일류	noun	first class, first rate
4745	대처	noun	countermeasure; action taken to deal with something
4746	얇은	adj	present determiner of 얇다 (yalda)
4747	우크라이나	name	Ukraine (a country in Europe)
4748	구출	noun	rescue
4749	그네	noun	swing (hanging seat or foothold)
4750	졸업생	noun	graduate; alumnus
4751	각종	noun	every sort; all kinds
4752	스텝	noun	steppe
4753	수집	noun	collection, collecting
4754	양손	noun	both hands
4755	동성애	noun	homosexuality
4756	안색	noun	complexion
4757	블럭	noun	blocks of cement or stone
4758	금색	noun	golden color/colour
4759	서방	noun	west
4760	끝없이	adv	endlessly
4761	중사	noun	sergeant
4762	스토커	noun	a stalker
4763	속속들이	adv	to the core, thoroughly
4764	캔디	noun	candy
4765	와이파이	noun	Wi-Fi
4766	파이브	noun	five
4767	알아보다	verb	to recognize; to examine; to check; to look for
4768	갈고	noun	galgo
4769	검은색	noun	black (color)
4770	발리	name	Bali (an island of Indonesia)
4771	같잖다	adj	to be insignificant
4772	계산서	noun	check, bill
4773	레오	name	Leo
4774	샌프란시스코	name	San Francisco (a city in California, United States)
4775	논의	noun	discussion
4776	감자튀김	noun	french fries
4777	불행	noun	unhappiness, misfortune
4778	따르다	verb	to follow
4779	보너스	noun	bonus (extra amount of money given as a premium)
4780	딸아이	noun	(my/our) young daughter (when talking to other people)
4781	홍수	noun	flood, spate, deluge
4782	각국	noun	each country/nation
4783	매너	noun	manners (etiquette)
4784	산더미	noun	a pile (of), a mountain (of), heaps (of)
4785	핸들	noun	steering wheel; handle
4786	동반자	noun	companion; partner
4787	대피소	noun	shelter, refuge
4788	편의	noun	convenience
4789	다름없다	adj	to be as good as
4790	특징	noun	distinguishing characteristic
4791	문제점	noun	a problematic or controversial point
4792	젖꼭지	noun	nipple (projection of mammary gland)
4793	타투	noun	synonym of 문신(文身) (munsin, “image made in the skin with ink and a needle”)
4794	우두머리	noun	chief, leader
4795	첩보	noun	intelligence (secrets, espionage, etc.)
4796	이쁘다	adj	to be pretty, lovely, beautiful, comely
4797	초록	noun	green (colour)
4798	반도	noun	peninsula; Korean peninsula
4799	아폴로	noun	Apollo
4800	건축	noun	architecture; construction
4801	철도	noun	railway (transport system using these rails)
4802	취재	noun	gathering (news) materials; coverage
4803	상원	noun	senate; upper house
4804	영양	noun	nutrition
4805	축배	noun	toast (salutation)
4806	공산주의자	noun	communist
4807	부패	noun	decomposition; corruption
4808	기린	noun	a giraffe (mammal)
4809	땡큐	intj	thanks
4810	버거	noun	burger
4811	석유	noun	oil, petroleum
4812	재정	noun	finances; financial condition
4813	다물다	verb	to shut (mouth), to close (mouth)
4814	급격히	adv	rapidly, suddenly
4815	마니	noun	person; Mister; attached to surnames
4816	널리	adv	widely; magnanimously; generously
4817	끝장	noun	the final page; the very end, a final situation with nothing left
4818	일치	noun	agreement, harmony, unity
4819	덴마크	name	Denmark (a country in Northern Europe)
4820	동이	noun	jar
4821	어느새	adv	suddenly; already; before you know it
4822	들어오다	verb	to enter, to come in
4823	훗날	noun	future
4824	볼트	noun	bolt
4825	작다	adj	to be small
4826	정각	noun	sharp; on the dot
4827	독약	noun	poison
4828	경제적	noun	economical (attributive)
4829	바티칸	name	the Vatican, Vatican City
4830	최면	noun	hypnosis
4831	형수	noun	a man's older brother's wife; sister-in-law
4832	학대	noun	abuse
4833	침공	noun	invasion
4834	일거리	noun	work
4835	웃음거리	noun	laughing stock
4836	표지판	noun	sign, notice, signboard
4837	바가지	noun	gourd shell
4838	인격	noun	personality, character
4839	경례	noun	salute
4840	혜성	noun	comet
4841	라지	noun	large (used as noun)
4842	잿더미	noun	a pile of ash
4843	구축함	noun	a destroyer (type of warship)
4844	정복	noun	conquest
4845	증가	noun	growth, increase
4846	걷다	verb	to walk
4847	톱	noun	saw; covering
4848	정직	noun	honesty
4849	체인	noun	chain; bike chain
4850	영생	noun	eternal life; immortality
4851	군단	noun	corps; legion
4852	고아원	noun	orphanage
4853	출입구	noun	exit or entrance
4854	제자	noun	disciple; pupil
4855	자질	noun	nature, credentials, qualifications of a person
4856	세탁소	noun	laundry; dry cleaner
4857	전체적	noun	overall, general, on the whole
4858	시몬	name	Simon
4859	고려	noun	consideration; reflection
4860	예고	noun	advance notice, forewarning
4861	라틴	noun	Latin; Latino
4862	국토	noun	a country; national territory
4863	상승	noun	rise, increase
4864	소세지	noun	sausage
4865	라임	noun	lime (fruit)
4866	주연	noun	leading role; leading actor/actress
4867	스물	num	twenty (independently, without a classifier)
4868	불량	noun	misconduct; deficiency, defectiveness
4869	영감님	noun	sir
4870	얄	num	Hamgyong form of 열 (yeol, “ten”)
4871	대피	noun	evacuation, taking shelter
4872	비누	noun	soap
4873	방사성	noun	radioactivity
4874	복숭아	noun	peach (fruit)
4875	물리	noun	physics
4876	마케팅	noun	marketing
4877	반사	noun	reflection
4878	불로	noun	eternal youth
4879	기수	noun	jockey (one who rides racehorses competitively)
4880	바람둥이	noun	womaniser, playboy; flirt, a woman of easy virtue
4881	주라	noun	conch horn
4882	밀실	noun	hidden room; secret chamber
4883	치매	noun	dementia
4884	업그레이드	noun	upgrade (an improved component or replacement item)
4885	꿈쩍	noun	with truly a slow and slight movement
4886	칠레	name	Chile (a country in South America)
4887	백업	noun	backup (copy of file or record)
4888	독점	noun	monopoly
4889	메모리	noun	memory
4890	남아프리카	name	synonym of 남아프리카공화국 (Namapeurikagonghwaguk): South Africa (a country in Southern Africa)
4891	최적	noun	optimum
4892	명절	noun	festive day; holiday
4893	주자	noun	runner (athlete)
4894	신체적	noun	bodily, corporal, corporeal, physical
4895	이런저런	det	this and that
4896	개구리	noun	frog
4897	복구	noun	recovery; restoration
4898	생략	noun	omission, deletion
4899	사상	noun	history, historic
4900	필수	noun	essential, required, indispensable
4901	산업	noun	industry
4902	혈통	noun	bloodline, pedigree
4903	잡음	noun	noise; din; noise
4904	거부하다	verb	to refuse; to veto
4905	거만	noun	arrogance
4906	총독	noun	zongdu; governor-general; viceroy (of a Chinese province)
4907	전갈	noun	scorpion
4908	원본	noun	original
4909	지루하다	adj	to be boring, tedious, dull
4910	나팔	noun	trumpet, horn
4911	밭	noun	dry field, dry land for crops
4912	혈액형	noun	blood type
4913	극적	noun	dramatic (relating to theater)
4914	수법	noun	way, method, means, modus operandi
4915	우산	noun	umbrella
4916	섰다	noun	seotda (a Korean card game with betting and bluffing, played with hwatu cards)
4917	머리띠	noun	headband
4918	발언	noun	comment; statement
4919	벌다	verb	to earn (money)
4920	휴전	noun	ceasefire, truce
4921	분수	noun	fountain
4922	난소	noun	ovary (female organ)
4923	화약	noun	gunpowder
4924	페르시아	name	Persia
4925	잠수	noun	submergence, submersion
4926	기증	noun	donation
4927	꽂	noun	Gyeongsang, Hamgyong, Yukjin, and Russia form of 꽃 (kkot, “flower”)
4928	두렵다	adj	to be fearful, to be scared
4929	히드라	noun	hydra (any of several small freshwater polyps of the genus Hydra and related genera)
4930	범죄현장	noun	crime scene
4931	기둥	noun	pillar, column, post
4932	서장	name	Tibet (a geographic region in Central Asia, the homeland of the Tibetan people)
4933	찬장	noun	cupboard
4934	동정	noun	sympathy; compassion
4935	도시락	noun	lunchbox (a container for transporting meals)
4936	문어	noun	octopus; The giant Pacific octopus (Enteroctopus dofleini).
4937	포커	noun	poker
4938	다운로드	noun	download (file transfer to the local computer)
4939	우라질	intj	damn it!
4940	법무부	noun	the Department of Justice
4941	롤러	noun	roller (anything that rolls)
4942	엔터테인먼트	noun	entertainment
4943	만두	noun	mandu, a form of dumpling in Korean cuisine
4944	양과	noun	Western candies (as opposed to Korean candies)
4945	느린	adj	attributive form of 느리다 (neurida): slow
4946	성탄절	name	Christmas (Christian holiday)
4947	찌	noun	cork, float, bobber
4948	수송	noun	transportation, transport
4949	불도	noun	teaching of Buddha; Buddhist doctrines
4950	허허	noun	ha-ha; while laughing
4951	점차	adv	gradually; incrementally
4952	부잣집	noun	rich family
4953	제약	noun	restriction, limitation
4954	휴대	noun	to carry (in compounds); handheld
4955	아미타불	name	Amitābha
4956	애플	noun	an apple
4957	지명	noun	place name, toponym
4958	냉동	noun	freezing
4959	비트	noun	bit
4960	지각	noun	being / arriving late (for work, school, etc.)
4961	조정	noun	rowing
4962	적대적	noun	hostile
4963	스피커	noun	speaker; loudspeaker
4964	아놔	intj	used to express frustration or anger
4965	콘크리트	noun	concrete
4966	팩	noun	pack
4967	언닌	noun	topic-marked form of 언니 (eonni)
4968	심전도	noun	electrocardiogram
4969	프라이	noun	fried food
4970	항공기	noun	aircraft
4971	유전	noun	genetic; genetics
4972	전망	noun	Prospect: physical view or future outlook.
4973	락	syllable	落: fall; 樂: to enjoy; happiness; pleasure
4974	장애인	noun	the disabled
4975	얼만큼	pron	misspelling of 얼마큼 (eolmakeum)
4976	이를테면	adv	for example; so to speak; marks a figure of speech or a summary of what has been previously said.
4977	국수	noun	noodle (string or strip of pasta)
4978	물어보다	verb	to ask (about something)
4979	세례	noun	baptism (by sprinkling)
4980	미치광이	noun	lunatic; nutcase
4981	조작	noun	fabrication, invention, rigging
4982	여느	noun	usual, ordinary, common
4983	러시아어	noun	Russian (language)
4984	호소	noun	appeal; plea
4985	고무	noun	rubber (material)
4986	원고	noun	plaintiff
4987	생화학	noun	biochemistry
4988	내리다	verb	to come down; to disembark; to disembark from
4989	데이터베이스	noun	database
4990	박테리아	noun	bacteria
4991	고릴라	noun	gorilla
4992	방화벽	noun	firewall
4993	파멸	noun	destruction
4994	찬스	noun	chance, opportunity, possibility
4995	이발소	noun	barbershop, barber's, hairdresser's
4996	아르바이트	noun	part-time job; side job
4997	플러그	noun	plug (end of a power cord)
4998	불명	noun	being unknown or unidentified
4999	대모	noun	a hawksbill sea turtle
5000	스테로이드	noun	steroid
5001	삽	noun	shovel, spade
5002	운동장	noun	sports ground
5003	주사기	noun	syringe
5004	휴일	noun	holiday, day off
5005	이렇다	adj	like this; (to be) in this way
5006	파라오	noun	pharaoh
5007	상인	noun	trader, merchant
5008	가명	noun	alias; kana, the Japanese syllabary
5009	건축가	noun	architect
5010	배제	noun	exclusion; elimination
5011	드시다	verb	to eat, to drink, to consume: honorific of 먹다 (meokda)
5012	감수	noun	putting up with, enduring
5013	이도	noun	Ido (artificial language reformed from Esperanto)
5014	전면	noun	all sides, all aspects
5015	오크	noun	orc (evil, monstrous humanoid creature)
5016	무스	noun	moose (Alces alces)
5017	핸드백	noun	handbag (small bag used by women)
5018	배고프다	adj	to be hungry
5019	라틴어	noun	Latin (language)
5020	기념품	noun	souvenir, memento
5021	알라	name	Allah (God’s name in Islam)
5022	암호화	noun	encryption
5023	원장	noun	director
5024	배트맨	noun	batsman
5025	달링	noun	darling (term of endearment)
5026	텔레포트	noun	teleportation
5027	예방	noun	prevention
5028	까꿍	intj	peekaboo! (in the game for small children)
5029	켄트	name	[~주(州)] Kent (a county of England)
5030	일보	noun	daily newspaper
5031	햄	noun	ham (thigh of a hog cured for food)
5032	할멈	noun	an old woman
5033	해골	noun	skeleton
5034	문득	noun	suddenly, spontaneously
5035	용병	noun	hired soldier; mercenary
5036	뮤직	noun	music
5037	휴스턴	name	[~시(市)] Houston (The largest city in Texas, USA and the county seat of Harris County)
5038	조류	noun	birds
5039	무사	noun	warrior
5040	조선	noun	shipbuilding
5041	잠옷	noun	pyjamas, pajamas; any clothings for sleeping
5042	복귀	noun	return
5043	성공하다	verb	to succeed
5044	검정색	noun	The color black.
5045	방탄	noun	bulletproof; bulletproofing
5046	억	num	hundred million
5047	잔인	noun	being cruel; being ruthless
5048	반복하다	verb	to repeat, to reiterate
5049	만나다	verb	to meet; to see (someone)
5050	야생동물	noun	wild animal; wildlife
5051	옆방	noun	next room, adjacent room
5052	중국어	noun	The Chinese language, often specifically the written language.
5053	업	noun	work, job (especially lifelong work)
5054	라이벌	noun	rival, rivalry
5055	대답하다	verb	to answer or reply
5056	칫솔	noun	toothbrush
5057	넘어가다	verb	to collapse or tilt
5058	방지	noun	prevention
5059	약품	noun	medicine; drugs
5060	피차	noun	both sides, both parties
5061	프로듀서	noun	producer
5062	이하	noun	the following; hereinafter
5063	나체	noun	nude body
5064	바닷가	noun	seashore, seaside, beach
5065	포즈	noun	pose
5066	지평선	noun	horizon
5067	여신	noun	goddess; very beautiful woman, most beautiful woman
5068	춥다	adj	(to be) cold
5069	입맛	noun	taste; appetite
5070	들판	noun	field
5071	아인슈타인	name	Einstein
5072	운전사	noun	driver (person who drives a motorized vehicle, such as a car or a bus)
5073	나뭇가지	noun	twig, branch
5074	군주	noun	monarch
5075	식욕	noun	appetite, desire to eat
5076	멍청하다	adj	foolish, silly, stupid
5077	섹시하다	adj	to be sexy
5078	소매	noun	sleeve
5079	제우스	name	Zeus
5080	뒷통수	noun	misspelling of 뒤통수 (dwitongsu)
5081	빠르다	adj	to be fast, quick, soon, early
5082	무례	noun	impoliteness, rudeness, disrespect
5083	지원자	noun	supporter
5084	작살	noun	harpoon
5085	여관	noun	inn, motel, hotel
5086	체중	noun	weight
5087	고소	noun	accusation; complaint
5088	가마	noun	kiln; oven; cauldron
5089	스프레이	noun	spray (commercial product)
5090	90년대	noun	the nineties
5091	열리다	verb	to open, to be opened
5092	외국인	noun	foreigner
5093	그립다	adj	to be dear, beloved
5094	단속	noun	oppression, crackdown
5095	파시스트	noun	fascist
5096	스님	noun	Buddhist monk or priest, bhikkhu
5097	탐지	noun	detection
5098	시타	noun	batter role in ceremonial first pitch
5099	기초	noun	foundation, basis
5100	양동이	noun	bucket, pail (container)
5101	새우	noun	shrimp, prawn (in general)
5102	목격	noun	witnessing
5103	규율	noun	regulation or rules that enable discipline or order
5104	관제탑	noun	control tower
5105	동상	noun	frostbite
5106	년도	noun	year (administrative, fiscal, school, etc.)
5107	단번에	adv	immediately, at once
5108	아스피린	noun	aspirin
5109	허벅지	noun	upper thigh; thigh
5110	제왕	noun	emperor; king
5111	구분	noun	category; classification; division
5112	혜택	noun	benefit; advantage
5113	천연	noun	naturality, naturalness, unartificiality
5114	찬성	noun	agreement, consent
5115	저러다	verb	short for 저리하다 (jeorihada, “to behave that way; to say that”)
5116	우웩	noun	while vomiting; in a vomit-worthy manner, repulsively
5117	등신	noun	fool, idiot
5118	처	noun	wife
5119	숨다	verb	to hide, disappear
5120	고요	noun	calm, tranquility
5121	이루	adv	"possibly (only used with a negation, forming the sense of ""impossible"")"
5122	한낱	adv	just, only, merely
5123	아자	intj	An interjection expressing encouragement.
5124	출연	noun	appearance (for a performance)
5125	과소평가	noun	undervalue, underestimation
5126	백성	noun	the populace; the common people
5127	조기	noun	early; early period
5128	사운드	noun	sound
5129	참석	noun	attendance
5130	규제	noun	regulation; restriction
5131	묵고	noun	silent contemplation
5132	트레이너	noun	trainer (coach)
5133	지적	noun	Pointing out or to; indication.
5134	출생	noun	birth (process of childbearing)
5135	드럼	noun	drum
5136	판타지	noun	fantasy
5137	이기적	noun	selfish; egoistic
5138	불의	noun	injustice
5139	포장	noun	packaging
5140	이민	noun	immigration; emigration
5141	대학생	noun	college/university student
5142	보람	noun	fruitfulness, usefulness (state being of worthy for an action)
5143	방문자	noun	visitor
5144	탕	noun	hot water; soup
5145	상호	noun	mutual; common; reciprocal
5146	다그다	verb	to put (something) close to; to bring near
5147	모욕	noun	insult (action or speech deliberately intended to be rude)
5148	일리노이	name	[~주(州)] Illinois (a state of the United States, named for the people)
5149	잠들다	verb	to go to sleep
5150	등장	noun	appearance (e.g. on stage)
5151	골수	noun	bone marrow
5152	사체	noun	carcass (of an animal)
5153	교도관	noun	prison guard, jailer
5154	나쁘다	adj	to be bad (various meanings)
5155	순결	noun	purity, integrity
5156	놀이터	noun	playground
5157	옵션	noun	option, a choice freely available to one
5158	성별	noun	sex, gender
5159	논란	noun	controversy
5160	계급	noun	class (social division based on socio-economic status)
5161	항문	noun	anus
5162	방면	noun	direction
5163	대륙	noun	continent; Mainland China
5164	통역	noun	interpretation; interpreter
5165	비행사	noun	pilot (person in charge of the controls of an aircraft)
5166	쿵푸	noun	kung fu
5167	슈트	noun	a suit (of clothes)
5168	생일파티	noun	birthday party
5169	애미	noun	misspelling of 에미 (emi)
5170	자만	noun	conceit, pride, vanity
5171	유튜브	name	YouTube
5172	손수건	noun	handkerchief, hankie
5173	탐험	noun	exploration; expedition
5174	발코니	noun	balcony
5175	유해	noun	harmful
5176	소통	noun	communication
5177	쿠데타	noun	coup d'état
5178	거액	noun	immense sum, huge amount
5179	램프	noun	a lamp (device producing light)
5180	골칫거리	noun	trouble, headache (an inconvenient problem); nuisance; scourge
5181	꼬추	noun	dialectal form of 고추 (gochu)
5182	무기고	noun	armoury; arsenal
5183	제독	noun	admiral
5184	길가	noun	roadside
5185	저장	noun	preservation; storing
5186	생물학	noun	biology
5187	복잡	root	Root of 복잡하다 (bokjaphada). Rarely used alone.
5188	세척	noun	cleansing; rinsing
5189	하이킹	noun	hiking
5190	폴로	noun	polo
5191	아레스	name	Ares
5192	드라이버	noun	driver, a person who drives a vehicle
5193	바이오	noun	life
5194	무사하다	adj	intact, unharmed
5195	군도	noun	archipelago
5196	불쌍	noun	being pitiful; pathetic; poor
5197	신인	noun	new face; newcomer
5198	박동	noun	heartbeat, beat, pulse, pulsation
5199	씨팔	intj	fuck! shit!
5200	소시지	noun	sausage
5201	생쥐	noun	the house mouse, Mus musculus.
5202	점검	noun	check, inspection
5203	떠돌이	noun	wanderer, drifter, vagabond, itinerant
5204	퇴각	noun	retreat, withdrawal
5205	나으리	noun	sir, your honour, my lord.
5206	단숨에	adv	at a stretch; in a breathing spell
5207	브리핑	noun	briefing (a short and concise summary of a situation)
5208	테마	noun	topic, theme
5209	꼬박	noun	all, whole, full, entire
5210	생신	noun	birthday
5211	농담하다	verb	to joke
5212	만화책	noun	comic book
5213	트럼펫	noun	trumpet (instrument)
5214	신시아	name	Cynthia
5215	진한	name	Jinhan confederacy
5216	악명	noun	infamy
5217	내세	noun	afterlife
5218	닌자	noun	a ninja (person trained in stealth, espionage, assassination, and ninjutsu)
5219	창밖	noun	outside a window
5220	틱톡	name	TikTok
5221	시주	noun	donor; benefactor
5222	나트륨	noun	sodium (a reactive metal)
5223	훌쩍	noun	drinking, sipping, or sniffing (a large amount at once)
5224	심사	noun	screening, evaluation
5225	건강하다	adj	to be healthy
5226	리그	noun	league
5227	퍼레이드	noun	parade
5228	인명	noun	person's name
5229	정하다	verb	to designate, to specify, to decide, to determine
5230	식품	noun	groceries; foodstuffs
5231	수비	noun	defence
5232	모처럼	adv	especially; after a long time; long-awaited
5233	무명	noun	unknown (obscure)
5234	어떻다	adj	in what state; (to be) how
5235	연합	noun	federation; coalition; alliance; union; commonwealth
5236	커버	noun	cover (lid); cover (front and back of a book or a magazine)
5237	에미	noun	mother (parent)
5238	두리	noun	North Korea form of 둘레 (dulle, “circumference”)
5239	모레	noun	the day after tomorrow, overmorrow
5240	도처	noun	everywhere
5241	벽돌	noun	brick
5242	변환	noun	conversion, transformation
5243	영국인	noun	British (person)
5244	바치다	verb	to offer, present, give, dedicate
5245	사춘기	noun	puberty
5246	러시아인	noun	Russian (person)
5247	부치	noun	Buddha
5248	배관공	noun	plumber
5249	오바마	name	Obama (foreign surname)
5250	밀짚모자	noun	straw hat
5251	소재	noun	material; component; stuff
5252	초반	noun	the early phase; the opening part
5253	초인종	noun	doorbell
5254	크	noun	North Korean synonym of 키읔, ㅋ (k) in hangul
5255	핵무기	noun	nuclear weapon
5256	선체	noun	hull (of a ship)
5257	포위	noun	encirclement
5258	무늬	noun	pattern, design
5259	인민	noun	the people (of a country), citizens, citizenry
5260	초원	noun	grassland; grassy plain
5261	다이너마이트	noun	dynamite
5262	소지품	noun	effects, personal belongings
5263	방문객	noun	visitor, guest, caller
5264	사라지다	verb	to vanish; to disappear
5265	가져가다	verb	to take something (somewhere), to take away
5266	앞날	noun	future
5267	우편함	noun	mailbox
5268	보고타	name	Bogota (the capital city of Colombia)
5269	고해	noun	confession
5270	중대	noun	company
5271	경쟁자	noun	competitor; rival; contestant
5272	학원	noun	cram school
5273	에코	noun	echo (reflected sound)
5274	참치	noun	tuna (fish or meat)
5275	악령	noun	evil spirit, malspecter
5276	아치	noun	arch
5277	빗	noun	comb (toothed or serrated)
5278	포르투갈	name	Portugal (a country in Europe)
5279	미식축구	noun	American football
5280	효과음	noun	sound effect
5281	오른발	noun	right foot
5282	밟다	verb	to step (on), to tread, to trample
5283	침착하다	adj	calm, composed
5284	근접	noun	proximity; closeness; nearness
5285	기절	noun	fainting; loss of consciousness
5286	혈소판	noun	platelet, thrombocyte
5287	민트	noun	mint (plant of the genus Mentha)
5288	편집증	noun	paranoia
5289	생계	noun	livelihood
5290	80년대	noun	the eighties
5291	포도	noun	grape (fruit); grapevine (Vitis vinifera)
5292	여가	noun	leisure, free time (time that can be spent on one's own activities rather than work)
5293	수학여행	noun	field trip
5294	좆	noun	penis, dick, cock
5295	스토킹	noun	stocking
5296	아트	noun	art
5297	오디오	noun	audio
5298	불멸	noun	immortality; athanasia; indestructibility; imperishability
5299	막내	noun	the youngest son or daughter; the lastborn; the youngest of the family
5300	옛적	noun	old days; ancient times
5301	밀수	noun	smuggling
5302	조짐	noun	omen, sign, portent
5303	추적하다	verb	chase; run after
5304	결과적	noun	being as a result; being as a consequence
5305	쩔어	verb	Infinitive of 쩔다 (jjeolda).
5306	재미없다	adj	uninteresting, dull
5307	탁아소	noun	daycare; nursery
5308	코뿔소	noun	rhinoceros
5309	촛불	noun	candlelight
5310	중요성	noun	importance
5311	롱	adj	long
5312	게스트	noun	guest (invited visitor)
5313	선언하다	verb	to declare; to proclaim
5314	금새	adv	misspelling of 금세 (geumse, “soon, shortly; in a moment”)
5315	소비에트	noun	soviet, Soviet (form of government)
5316	씬	noun	god, deity; God
5317	곤	noun	swan
5318	담보	noun	security, mortgage, deposit, collateral
5319	네바다	name	[~주(州)] Nevada (a state in the western United States)
5320	태블릿	noun	tablet computer
5321	단기	noun	short-term
5322	무인	name	uninhabited, unmanned
5323	예기	name	The Book of Rites or Classic of Rites
5324	라마	noun	lama
5325	시범	noun	demonstration, exhibition
5326	집들이	noun	house warming
5327	경도	noun	longitude
5328	태국	name	Thailand (a country in Southeast Asia)
5329	풀이	noun	explanation; elucidation; interpretation
5330	확대	noun	expansion
5331	데모	noun	demo, demonstration (a public display of protest, etc.)
5332	베드로	name	Peter
5333	신데렐라	name	Cinderella
5334	팔도	name	the (historical) Eight Provinces of Korea
5335	매운	adj	realis adnominal of 맵다 (maepda, “to be spicy”)
5336	던지기	noun	throw, toss
5337	팔꿈치	noun	elbow
5338	양키	noun	Yankee
5339	월남	noun	crossing the 38th parallel into South Korea; coming south over the border
5340	가비	noun	widow
5341	부활	noun	revival; resurrection; resurgence
5342	상점	noun	store, shop
5343	순위	noun	ranking
5344	후보자	noun	applicant, candidate
5345	암시장	noun	black market
5346	성향	noun	inclination, tendency
5347	제도	noun	archipelago
5348	성전	noun	holy war
5349	발짝	noun	step, pace
5350	방광	noun	urinary bladder
5351	존중하다	verb	to respect, to esteem
5352	달력	noun	calendar
5353	견해	noun	opinion; interpretation
5354	체면	noun	face, dignity (in the sense of reputation)
5355	그물	noun	net, fishnet
5356	대변	noun	excrement, feces, stool
5357	강연	noun	lecture, speech
5358	개미	noun	ant; retail investor in the stock market
5359	인디아나	name	[~주(州)] alternative form of 인디애나 (Indiaena, “Indiana (a state of the United States)”)
5360	비닐	noun	vinyl (substance)
5361	복싱	noun	boxing (sport)
5362	에구	intj	abbreviation of 어이구 (eoigu)
5363	동	noun	dong (submunicipal administrative unit)
5364	해석	noun	interpretation; interpretation, translation
5365	건조기	noun	drying machine, dryer
5366	롤	noun	a hair roller; a roll, a roller (heavy cylinder in machinery)
5367	엊그제	noun	a few days ago
5368	소설가	noun	novelist (author of novels)
5369	동무들	pron	you (plural)
5370	금은	noun	gold and silver
5371	전학	noun	changing schools
5372	연대	noun	solidarity
5373	벗다	verb	to take off or remove something from oneself
5374	손전등	noun	flashlight, torch
5375	참조	noun	reference
5376	소다	noun	soda
5377	듬뿍	adv	much; plentifully
5378	말기	noun	final period; terminal period; last stage
5379	축소	noun	reduction
5380	합격	noun	pass, passing, success in taking an exam
5381	좀처럼	adv	seldom; rarely
5382	핑크색	noun	pink (color)
5383	캠퍼스	noun	campus (grounds or property of a school, etc)
5384	귀요미	noun	cutie
5385	논리적	noun	logical, reasonable
5386	후반	noun	second half
5387	마더	noun	mother
5388	스캔들	noun	scandal
5389	개비	noun	wood; split wood
5390	주황색	noun	orange (color)
5391	당일	noun	that day
5392	강력히	adv	strongly; firmly
5393	토대	noun	foundation
5394	접수	noun	receipt, reception (receiving applications or reports, etc., orally or in writing)
5395	본성	noun	one's inherent nature
5396	경영	noun	management; administration
5397	인도네시아	name	Indonesia (a country and archipelago in maritime Southeast Asia)
5398	파초	noun	plantain; Japanese banana (Musa basjoo)
5399	있으시다	verb	to have: honorific of 있다 (itda)
5400	떨	noun	marijuana
5401	핀치	noun	predicament
5402	선글라스	noun	sunglasses
5403	이성애자	noun	heterosexual (person)
5404	성관계	noun	sexual relations; sexual intercourse
5405	루저	noun	loser
5406	허리케인	noun	hurricane
5407	글고	adv	contraction of 그리고 (geurigo)
5408	인권	noun	human rights (the basic rights and freedoms that all humans should be guaranteed)
5409	본의	noun	original or true feelings
5410	변호인	noun	counsel, attorney, defender
5411	성문	noun	glottis
5412	서너	num	three or four, three to four (before a classifier)
5413	적혈구	noun	a red blood cell; an erythrocyte
5414	원자	noun	atom
5415	식료품	noun	foodstuffs, groceries, food
5416	퇴학	noun	withdrawing from school
5417	기대되다	verb	to be expected
5418	스페이스	noun	space, area, room
5419	벙어리	noun	mute, speech-impaired person
5420	발레	noun	ballet
5421	대부	noun	godfather
5422	유니콘	noun	a mythical horse with a single horn; a unicorn
5423	마피아	noun	mafia
5424	열흘	noun	ten days; tenth day of the month
5425	참을성	noun	patience; forbearance
5426	적지	noun	land made barren by severe drought or pests
5427	도망자	noun	fugitive
5428	선임	noun	seniority; predecessor
5429	굽	noun	hoof (as of horses, cows, etc.)
5430	인적	noun	trace of people, presence of people
5431	손아귀	noun	the space between the thumb and the other four fingers.
5432	텔레비전	noun	television
5433	고교	noun	high school
5434	광란	noun	frenzy, rampage
5435	분대	noun	squad
5436	아르헨티나	name	Argentina (a country in South America)
5437	카이로	name	Cairo (the capital of Egypt)
5438	등급	noun	class; grade; rating
5439	궁	noun	house, residence
5440	첼로	noun	cello
5441	휘파람	noun	whistle (shrill, high-pitched sound made by forcing air through the mouth)
5442	통찰력	noun	insight, discernment, vision, penetration
5443	탈출하다	verb	to get away, to escape
5444	이력서	noun	résumé, curriculum vitae (CV)
5445	기악	noun	instrumental music
5446	엄지	noun	thumb (digit)
5447	에스프레소	noun	espresso (coffee)
5448	어데	pron	dialectal form of 어디 (eodi, “where”)
5449	애완	noun	caring for (a pet or small object)
5450	포치	noun	porch
5451	분홍	noun	pink (color)
5452	살금살금	noun	secretly
5453	나단	name	Nathan
5454	후추	noun	pepper, black pepper
5455	비키니	noun	bikini (two-piece swimsuit)
5456	참말	noun	true remark, truth
5457	노벨	name	Nobel
5458	신어	noun	neologism (recently coined word)
5459	칼라	noun	color
5460	메이스	noun	mace
5461	이쁘네요	adj	(to be) cute
5462	면목	noun	one's honor, face
5463	모시	noun	ramie fabric, ramie cloth
5464	리무진	noun	limousine
5465	각기	adv	each, respectively, individually
5466	고르고	verb	a conjunctive form of 고르다 (goreuda, “to choose”): [one] choose[s], and...
5467	거세	noun	castration of an animal
5468	마라톤	noun	marathon (road race)
5469	사명	noun	mission, errand, calling
5470	대게	noun	The snow crab, Chionoecetes opilio.
5471	최강	noun	the strongest
5472	생산	noun	production
5473	판도라	name	Pandora (character in Greek mythology)
5474	이송	noun	To transfer (a patient, criminal, legal case, etc.)
5475	알몸	noun	naked body, bare body, nude
5476	소동	noun	commotion, disturbance, uproar
5477	곱하기	noun	multiplication; times (in arithmetic formulae)
5478	루터	name	Luther
5479	아낙	noun	synonym of 아낙네 (anangne, “woman”)
5480	장점	noun	advantage, strength, merit
5481	스파게티	noun	spaghetti (pasta)
5482	거저	adv	for free, for nothing, gratis
5483	관할	noun	jurisdiction
5484	코미디	noun	comedy
5485	붙다	verb	to stick to, adhere to, cling to, attach
5486	악성	noun	malignity
5487	삼십	num	thirty
5488	청바지	noun	jeans (denim trousers)
5489	상원의원	noun	member of the upper house, senator
5490	작	noun	作: a work by (someone)
5491	사령부	noun	headquarters
5492	나이지리아	name	Nigeria (a country in Africa)
5493	단위	noun	a unit; a counter
5494	포기하다	verb	to give up or abandon
5495	이웃집	noun	neighbour's house; neighbour
5496	영구	noun	permanence; perpetuity; everlasting durability
5497	협회	noun	association; society
5498	약효	noun	medicinal efficacy
5499	꼭두각시	noun	puppet, marionette
5500	초과	noun	excess, overabundance
5501	동성애자	noun	homosexual (person)
5502	추후	noun	later on; later time (with reference to some earlier event)
5503	배관	noun	plumbing, piping, pipeline
5504	염증	noun	inflammation
5505	ㆍ	character	Typographic substitution of ㅏ
5506	폭포	noun	waterfall
5507	레슬러	noun	wrestler
5508	설거지	noun	dishwashing, washing-up
5509	가이드	noun	guide
5510	편도	noun	almond
5511	구제	noun	help, relief, aid, salvation, rescue, succour, deliverance, redemption
5512	중지하다	verb	to cease, to suspend, to halt
5513	퇴근	noun	leaving work, finishing work, getting off from work
5514	대응	noun	action or maneuver
5515	냅킨	noun	napkin
5516	세탁	noun	doing laundry
5517	숨바꼭질	noun	hide and seek; appearing and disappearing; being sometimes visible and sometimes invisible
5518	매춘부	noun	prostitute, hooker, call girl
5519	기사도	noun	chivalry (ethical code)
5520	알라딘	name	Aladdin
5521	안절부절	noun	while being on tenterhooks, while being on pins and needles
5522	일동	adv	all; everyone
5523	백혈구	noun	leukocyte, white blood cell
5524	소고기	noun	beef
5525	에이스	noun	an ace (card with a single spot)
5526	중국인	noun	Chinese (person)
5527	운전하다	verb	to drive
5528	타월	noun	towel
5529	실화	noun	true story
5530	광선	noun	ray of light, light
5531	전투기	noun	fighter plane
5532	복제	noun	duplication; replication
5533	들어보다	verb	Jeolla dialect form of 주워듣다 (juwodeutda, “to pick up (information) by listening”)
5534	레아	noun	rhea (flightless bird)
5535	토지	noun	land, ground
5536	낳다	verb	to lay, to give birth to; (of a male) to sire
5537	70년대	noun	the seventies
5538	미시간	name	[~주(州)] Michigan (a state of the United States)
5539	왜곡	noun	distortion; falsification
5540	청구서	noun	bill; account; invoice
5541	뿔	noun	horn, antler; protrusion
5542	공황	noun	panic; state of panic
5543	보건	noun	preservation of health; health care
5544	교체	noun	change; replacement; substitution
5545	관상동맥	noun	coronary artery
5546	통하다	verb	to pass through, from one end to the other
5547	출력	noun	output
5548	받아들이다	verb	to accept something from someone
5549	하강	noun	descent; fall
5550	돼지고기	noun	pork (meat of a pig)
5551	외의	noun	outer garment, overcoat
5552	구석구석	adv	every nook and corner, everywhere
5553	인사하다	verb	to greet; to bow
5554	양성	noun	positivity; masculinity
5555	범죄인	noun	criminal, culprit, offender
5556	졸업식	noun	graduation ceremony
5557	위탁	noun	commission, consignment
5558	사양	noun	technical specifications
5559	루이지애나	name	[~주(州)] Louisiana
5560	스킵	noun	skip (passing over)
5561	더하기	noun	addition; plus (in arithmetic formulae)
5562	솔로몬	name	Solomon
5563	스프링	noun	spring (mechanical device)
5564	플러스	noun	plus symbol; a plus; a benefit
5565	법의학	noun	forensic science
5566	스트리밍	noun	streaming (music, video, etc.)
5567	합병	noun	merger
5568	할인	noun	discount; reduction
5569	장가	noun	wife's family; marriage (said of a man)
5570	도자기	noun	pottery
5571	그리하여	adv	And so...; and thus...
5572	결투	noun	duel
5573	공산당	noun	communist party
5574	치다	verb	to hit, to beat, to strike, to slap, to pound
5575	발굴	noun	exhumation
5576	검둥이	noun	nickname for a black animal, especially a dog, or a tanned person
5577	결심	noun	resolution, determination
5578	만담	noun	satire, lampoon; irony, sarcasm
5579	익숙하다	adj	skilled; familiar
5580	관광	noun	tourism
5581	노래방	noun	karaoke; noraebang
5582	비교적	det	comparative
5583	전시회	noun	exhibition
5584	리스본	name	Lisbon
5585	당연	adv	justly, naturally, of course
5586	곤란하다	adj	difficult, hard
5587	리비아	name	Libya (a country in North Africa)
5588	성폭행	noun	rape
5589	엄호	noun	cover, protection
5590	웨스턴	noun	western (film genre)
5591	프린터	noun	printer (device used to print text or images)
5592	늑대인간	noun	werewolf
5593	화신	noun	incarnation, embodiment
5594	부류	noun	kind
5595	악화	noun	deterioration, degeneration, aggravation, exacerbation
5596	종합	noun	integration, combination
5597	매력적	noun	charming; attractive
5598	도마뱀	noun	any lizard; the Tsushima ground skink, Scincella vandenburghi
5599	선의	noun	good intentions, goodwill
5600	치즈버거	noun	cheeseburger
5601	고물	noun	antiques, used item
5602	열도	noun	archipelago
5603	전화번호부	noun	telephone directory
5604	출전	noun	authority, source (of a quotation etc.)
5605	억만장자	noun	billionaire
5606	밀	noun	wheat
5607	홍차	noun	black tea
5608	교정	noun	proofreading
5609	명중	noun	hitting (the target)
5610	만하다	adj	to be worthy of; to be enough, to be sufficient
5611	에도	name	former name of Tokyo: the capital city of Japan
5612	불쌍하다	adj	pitiful; pathetic; poor
5613	캡슐	noun	capsule
5614	행동하다	verb	to behave; to act; to conduct
5615	바퀴벌레	noun	cockroach
5616	의외로	adv	unexpectedly, surprisingly
5617	물자	noun	goods, supplies, commodities
5618	윤리	noun	ethics
5619	교차로	noun	crossing, crossroad, crossway, intersection, junction
5620	계절	noun	season (of the year)
5621	실망하다	verb	to be disappointed
5622	불편	noun	inconvenience
5623	엘리트	noun	elite
5624	첫사랑	noun	first love
5625	은근히	adv	slowly and constantly
5626	소아	noun	child (as a minor)
5627	약자	noun	abbreviation, acronym
5628	뜨개질	noun	something knitted, the act of knitting
5629	물리학	noun	physics
5630	맨션	noun	condominium; apartment building
5631	해머	noun	hammer (tool); hammer
5632	밤늦게	adv	late at night
5633	의욕	noun	will, desire, ambition
5634	화산	noun	volcano
5635	나타나다	verb	to appear, to become manifest
5636	종교적	noun	religiosity, religiousness, being religious
5637	심폐소생술	noun	cardiopulmonary resuscitation
5638	위도	noun	latitude
5639	사물	noun	thing; object; matter
5640	정당	noun	political party
5641	출현	noun	appearance, entrance, revealing
5642	발표하다	verb	to give a presentation
5643	계속되다	verb	to continue
5644	팜	noun	palm
5645	플래그	noun	flag; omen; foreshadowing
5646	기부	noun	contribution, donation
5647	일본인	noun	Japanese (person)
5648	반하	noun	Pinellia ternata; crowdipper
5649	더욱이	adv	besides, further, moreover, furthermore (in addition to what has been said)
5650	옥새	noun	imperial jade seal
5651	강요	noun	coercion; pressure; extortion
5652	캡	noun	cap; lid
5653	독극물	noun	toxic chemicals
5654	가오	noun	face (as in to save face); reputation; dignity
5655	접선	noun	a tangent
5656	용돈	noun	pocket money
5657	말없이	adv	silently, without saying anything
5658	반기	noun	revolt
5659	이모티콘	noun	emoji
5660	때마침	adv	just, just in time
5661	얼씨구	intj	A traditional exclamation used to keep rhythm.
5662	반장	noun	class monitor, class president
5663	남학생	noun	schoolboy; a male student; a male pupil
5664	핸드볼	noun	handball
5665	치타	noun	cheetah (Acinonyx jubatus)
5666	서자	noun	child of a concubine
5667	상수	noun	constant
5668	삽입	noun	insertion
5669	음주운전	noun	drunk driving
5670	일대일	noun	one-to-one, single combat
5671	대공	noun	grand duke
5672	다이아	noun	clipping of 다이아몬드 (daiamondeu)
5673	미성년자	noun	minor; juvenile
5674	이교도	noun	pagan; heathen; heretic
5675	한물	noun	flood; prime, season (especially the flood of either green or sea food)
5676	머핀	noun	muffin
5677	수평	noun	level
5678	진지하다	adj	sincere, earnest
5679	문의	noun	inquiry
5680	구절	noun	phrases and clauses
5681	튀김	noun	fried food; various deep-fried snacks
5682	의향	noun	intention, inclination
5683	싱	name	Xingxian
5684	팀원	noun	team member
5685	방위	noun	bearing (point of the compass), direction
5686	수련	noun	water lily
5687	문학	noun	literature; the study of literature
5688	돌파	noun	breaking through; breakthrough
5689	노래하다	verb	to sing a song; to sing (of)
5690	거미줄	noun	spiderweb
5691	짝짓기	noun	mating (of animals), copulation
5692	빵집	noun	bakery (a shop in which bread and such is baked and sold)
5693	블라인드	noun	blind (covering for a window)
5694	땡땡	noun	very swellingly
5695	캐스팅	noun	casting (selection of performers)
5696	정자	noun	spermatozoon, sperm cell
5697	에어컨	noun	air conditioner
5698	안대	noun	eye patch
5699	지원군	noun	auxiliary troops
5700	주식회사	noun	a type of corporation under South Korean law
5701	세균	noun	bacteria, bacterium
5702	아라	name	a transliteration of the Armenian male given name Արա (Ara)
5703	오래간만	noun	the first occurrence after a long absence
5704	허공	noun	empty space, void
5705	코코아	noun	hot chocolate; cocoa (powder)
5706	비스킷	noun	biscuit
5707	알루미늄	noun	aluminium (a silvery metal)
5708	다스	counter	dozen (set of twelve)
5709	선율	noun	melody, tune
5710	로그인	noun	login
5711	의리	noun	loyalty; fidelity
5712	미켈란젤로	name	Michelangelo
5713	필리핀	name	Philippines (a country in Southeast Asia)
5714	프로덕션	noun	production
5715	하이힐	noun	high heels
5716	문과	noun	liberal arts
5717	살아남다	verb	to survive (after a hardship)
5718	포털	noun	portal (website)
5719	측정	noun	measurement, measure
5720	구세주	noun	savior, messiah
5721	중부	noun	central part, particularly of a geographical region
5722	굼벵이	noun	larva of a beetle or cicada
5723	쥬스	noun	juice (beverage made of juice)
5724	구매	noun	purchase
5725	가난	noun	poverty
5726	서기	noun	Christian era, AD
5727	동업자	noun	person in the same business or profession; colleague
5728	풋내기	noun	novice, new hand, beginner
5729	픽업	noun	pickup (choice or selection)
5730	이산화탄소	noun	carbon dioxide (CO₂)
5731	초상화	noun	portrait painting
5732	티타늄	noun	Titan
5733	하원	noun	lower house
5734	선원	noun	sailor; the crew
5735	친위대	noun	bodyguards
5736	슈퍼스타	noun	superstar
5737	이삭	noun	ear (of grain)
5738	다툼	noun	quarrel; dispute
5739	똥구멍	noun	anus
5740	파랑	noun	blue
5741	주석	noun	tin (element)
5742	불안하다	adj	uneasy, anxious
5743	영자	noun	game master, admin
5744	유난히	adv	particularly, especially, exceptionally, unusually
5745	피부과	noun	dermatology
5746	거주	noun	residence
5747	타이가	noun	taiga (subarctic zone of coniferous forest)
5748	피난	noun	refuge; shelter
5749	간판	noun	signboard; a person representing a group or organization
5750	볼륨	noun	volume (issues of a periodical over a period of one year)
5751	산티아고	name	Santiago (the capital of Chile)
5752	망신	noun	humiliation; disgrace; shame; dishonour
5753	복사	noun	copy
5754	독서	noun	reading
5755	위스콘신	name	[~주(州)] Wisconsin (a state in the Upper Midwest region of the United States)
5756	여배우	noun	female actor, actress
5757	야만인	noun	barbarian; savage
5758	징계	noun	discipline, disciplinary action
5759	맨해튼	name	Manhattan
5760	고용하다	verb	to employ; to hire
5761	식기	noun	tableware
5762	등반	noun	mountain climbing
5763	실현	noun	attainment; realization
5764	조타수	noun	helmsman
5765	드러머	noun	drummer
5766	아이돌	noun	idol (various senses)
5767	하녀	noun	maid; servant (girl)
5768	호출기	noun	pager, beeper
5769	타협	noun	compromise
5770	보유	noun	possession; retention
5771	설명하다	verb	to explain; to elucidate
5772	입원	noun	hospitalisation
5773	주사위	noun	die/dice
5774	망하다	verb	to fail, to go under; to go broke, to go bankrupt
5775	황소	noun	bull
5776	주류	noun	alcoholic drinks; liquor
5777	벨기에	name	Belgium
5778	사교	noun	cult, heresy, heretical religion
5779	재채기	noun	sneeze
5780	교과서	noun	a textbook
5781	급여	noun	allowance; grant; pay; wages
5782	불쌍히	adv	pitifully, miserably
5783	말라깽이	noun	a skinny person, a living skeleton
5784	대강	noun	outline; summary
5785	파산	noun	bankruptcy
5786	페어	noun	pair
5787	포가	noun	weapon, cannon mount
5788	미이라	noun	mummy (embalmed corpse)
5789	전자기	noun	electromagnetism
5790	팩스	noun	fax, facsimile
5791	염색	noun	dyeing
5792	꼼꼼히	adv	carefully, meticulously
5793	집사	noun	steward; butler
5794	일자	noun	date; days
5795	공통	noun	common
5796	배꼽	noun	navel (remnant of umbilical cord)
5797	자취	noun	mark; trace; legacy (what remains of a person or thing)
5798	대리	noun	deputy, proxy, substitute
5799	어따	intj	an interjection, used when making sarcastic remarks
5800	중고	noun	secondhand, used
5801	로안	noun	North Korea standard spelling of 노안 (noan)
5802	페루	name	Peru (a country in South America)
5803	운동화	noun	sneakers, trainers, athletic shoes
5804	질환	noun	disease, illness, sickness, disorder
5805	모나코	name	Monaco (a city-state in Western Europe)
5806	강물	noun	river water, river
5807	반역죄	noun	treason
5808	켄터키	name	[~주(州)] Kentucky (a state of the United States)
5809	동일	noun	identity, sameness
5810	성능	noun	performance
5811	복무	noun	service
5812	대요	noun	gist, summary, outline, main points
5813	적외선	noun	infrared radiation
5814	돌게	noun	Jeolla dialect form of 돌 (dol, “stone”)
5815	헬레나	name	a transliteration of the English female given name Helena
5816	똥꼬	noun	anus
5817	소화기	noun	fire extinguisher
5818	손가락질	noun	pointing with the finger, indicating
5819	제비	noun	swallow (bird); In particular, the barn swallow (Hirundo rustica).
5820	본격적	det	genuine, authentic
5821	래	syllable	More information
5822	메이크업	noun	makeup (cosmetics)
5823	엉망진창	noun	emphatic form of 엉망 (eongmang): complete mess
5824	그대들	pron	"you people, you guys (plural ""you"")"
5825	파다	verb	to dig, carve, excavate, burrow
5826	피난처	noun	shelter, refuge
5827	김치	noun	kimchi, a dish made with fermented, seasoned vegetables
5828	적극	noun	activity; positive engagement
5829	탄도	noun	trajectory
5830	필드	noun	field (especially sports and computing)
5831	허위	noun	falsehood; lie
5832	음향	noun	sound
5833	주도	noun	lead
5834	분해	noun	disassembly, dismantlement
5835	닫히다	verb	to be closed, to be shut
5836	부처	noun	a Buddha (an enlightened being in Buddhism)
5837	대야	noun	basin (bowl for washing)
5838	벽난로	noun	fireplace (an open hearth for holding a fire)
5839	필요성	noun	necessity, need
5840	가책	noun	blame, censure
5841	향하다	verb	to face; to make for, to go towards
5842	피크닉	noun	picnic
5843	볼링	noun	bowling
5844	통합	noun	unity; integration
5845	고백	noun	confession
5846	원샷	noun	one shot of a drink
5847	맞춤	noun	order; an article ordered; a thing made to order
5848	미상	noun	being unclear; being unknown
5849	사냥감	noun	game; prey
5850	차질	noun	setback; problem
5851	살펴보다	verb	to observe, to watch attentively
5852	성명	noun	name, surname and given name
5853	희생양	noun	scapegoat
5854	슬라이드	noun	slide (transparent image for projecting)
5855	불안정	noun	instability
5856	거위	noun	domestic goose unable to fly
5857	허니문	noun	honeymoon (period of time immediately following a marriage)
5858	파견	noun	deployment; dispatch
5859	지침	noun	guideline
5860	늘상	adv	always
5861	향후	noun	henceforth
5862	개입	noun	intervention
5863	무서워하다	verb	to be afraid, to fear
5864	한도	noun	limit; cap; ceiling
5865	익히	adv	well (known, aware, etc.)
5866	자판기	noun	clipping of 자동판매기(自動販賣機) (jadongpanmaegi, “vending machine”)
5867	델리	name	Delhi (a megacity and union territory of India, containing the national capital New Delhi)
5868	댐	noun	dam
5869	디스코	noun	disco, discotheque
5870	호러	noun	horror (as a genre or element of fiction)
5871	의제	noun	agenda; topic
5872	관장	noun	enema
5873	하루아침	noun	short amount of time
5874	라자냐	noun	lasagna
5875	오믈렛	noun	omelette
5876	우주비행사	noun	space; outer space
5877	방콕	noun	staying in one's room without going out
5878	공산주의	noun	communism
5879	이십	num	twenty
5880	비도	noun	injustice; cruelty, atrocity, inhumanity
5881	인쇄	noun	printing
5882	부적	noun	talisman; amulet
5883	내려가다	verb	to go down (e.g. a street); to descend (such as from one floor to another)
5884	사돈	noun	co-parent-in-law, parents of one's child-in-law.
5885	아리	noun	a leg; a foot
5886	아르메니아	name	Armenia
5887	뵙다	verb	to see a very respected person
5888	딸딸이	noun	masturbation; jerking off
5889	제트	noun	jet; jet plane
5890	해방	noun	liberation; independence
5891	예지	noun	precognition, foreknowledge
5892	부처님	noun	Buddha
5893	기원전	noun	BCE, Before Common Era
5894	성병	noun	a sexually transmitted disease; a venereal disease
5895	북위	noun	north latitude
5896	웨이트리스	noun	waitress
5897	벌기	noun	the period between logging of the same area, during which the trees recover
5898	말문	noun	mouth
5899	브라더	noun	brother (younger or older)
5900	절대적	noun	unconditional, absolute
5901	역자	noun	translator (of written texts)
5902	저만큼	adv	that much, that distance, some distance away
5903	은하계	noun	galaxy, galactic system
5904	통조림	noun	canned food
5905	도와드리다	verb	Humble form of 도와주다 (dowajuda, “to help (with), to assist”)
5906	집주인	noun	house owner; landlord or landlady
5907	역경	noun	adversity; hardship
5908	명인	noun	expert; master
5909	관계자	noun	a concerned, involved or interested party
5910	도파민	noun	dopamine
5911	시청자	noun	viewer (someone who watches television)
5912	아이러니	noun	irony; sarcasm
5913	연주가	noun	performer; artist; virtuoso
5914	결심하다	verb	to be determined to, to resolve to
5915	성부	noun	God the Father, Holy Father
5916	창가	noun	by the window
5917	쇼트	noun	synonym of 유격수(遊擊手) (yugyeoksu, “(baseball) shortstop”)
5918	광견병	noun	rabies
5919	갈피	noun	gap between pages or layers
5920	공화당	noun	republican party
5921	족제비	noun	weasel, specifically a Siberian weasel, Mustela sibirica.
5922	제조	noun	production, making, manufacturing
5923	궁극적	noun	ultimate, eventual
5924	에메랄드	noun	emerald (gemstone)
5925	평범	noun	commonness; commonplaceness; banality; platitude; mediocrity; homeliness
5926	밀레니엄	noun	a millennium
5927	전개	noun	development, spreading out
5928	모집	noun	recruitment
5929	사슬	noun	chain
5930	아쉽다	adj	sad, sorry; to miss; to feel absence; to be left longing for more; to not get one's fill
5931	도달하다	verb	to reach, to arrive
5932	벌게	adj	infinitive of 벌겋다 (beolgeota, “to be red”)
5933	운영하다	verb	to operate, to run
5934	신문사	noun	newspaper agency
5935	신형	noun	new style, new type
5936	레슬링	noun	wrestling
5937	줄기	noun	branch, trunk, stem, stalk, cane
5938	차림	noun	getup, clothes, attire, appearance, outfit
5939	망고	noun	mango
5940	케냐	name	Kenya (a country in Africa)
5941	체내	noun	the interior of the body
5942	정신병자	noun	mental patient
5943	방앗간	noun	mill (building)
5944	오스트리아	name	Austria (a country in Central Europe)
5945	빗자루	noun	broom
5946	거절하다	verb	to refuse; to reject; to deny; to turn down
5947	수호	noun	guard; protection
5948	케첩	noun	ketchup
5949	위선자	noun	hypocrite (person practising hypocrisy)
5950	보복	noun	revenge; reprisal; retaliation
5951	실전	noun	actual combat
5952	릴	noun	reel
5953	응답하다	verb	to respond; answer
5954	짭새	noun	police
5955	탄환	noun	bullet; pellet
5956	루머	noun	rumour
5957	파서	noun	parser
5958	단골	noun	the clientele of a shaman, who regularly consult the shaman for ritual purposes
5959	엘레베이터	noun	misspelling of 엘리베이터 (ellibeiteo)
5960	취업	noun	employment
5961	꽃다발	noun	a bunch of flowers; a bouquet
5962	경비병	noun	sentry, guard
5963	최우수	noun	best; ace
5964	성도	name	Chengdu (a subprovincial city, the provincial capital of Sichuan, in southwestern China)
5965	일진	noun	a group of soldiers
5966	콘	noun	corn
5967	버팔로	noun	buffalo
5968	나누기	noun	division; divided by (in arithmetic formulae)
5969	개장	noun	opening of a location, session, etc.
5970	하프	noun	harp
5971	야드	noun	yard (unit of length)
5972	징후	noun	omen, sign, symptom
5973	별반	adv	particularly
5974	파자마	noun	pajamas (clothes for wearing to bed and sleeping in)
5975	계산대	noun	counter; checkout
5976	깜빡하다	verb	to flicker, to waver
5977	머리칼	noun	short for 머리카락 (meorikarak)
5978	청각	noun	hearing (one's auditory sense)
5979	돌팔이	noun	a wandering salesman
5980	깨달음	noun	realisation, enlightenment, awakening
5981	횃불	noun	torch, torchlight, firebrand, flambeau
5982	구역질	noun	nausea
5983	크로켓	noun	croquette
5984	사료	noun	feed (food given to animals); fodder
5985	편의점	noun	convenience store
5986	킬	noun	kill
5987	심령	noun	spirit, soul; ghost
5988	으이구	intj	expression of surprise; oh, ouch
5989	구명	noun	saving a life; (in compounds) life-saving
5990	선약	noun	previous engagement; promise that was made in the past; previous promise
5991	엄청나다	adj	amazing, astonishing, remarkable, enormous, colossal, stupendous
5992	결합	noun	combination; fusion
5993	일레븐	noun	eleven
5994	스트레이트	noun	a straight
5995	어울리다	verb	to suit, to fit nicely, to match
5996	자유자재	noun	freedom
5997	낙타	noun	camel
5998	특수부대	noun	special forces
5999	생리	noun	physiology; nature, way of life
6000	퇴직	noun	retirement
6001	악착같이	adv	persistently, tenaciously, doggedly
6002	뛰어들다	verb	to run, to rush
6003	속히	adv	quickly
6004	오딘	name	Odin
6005	느껴지다	verb	to be felt or perceived
6006	췌장	noun	pancreas
6007	누드	noun	a nude body, a naked person
6008	말리	name	Mali (a country in Africa)
6009	갱단	noun	gang (of criminals)
6010	취소하다	verb	to cancel
6011	예상되다	verb	to be predicted or anticipated
6012	원형	noun	original form; dictionary form
6013	효과적	det	effective
6014	주둥아리	noun	piehole
6015	금일	noun	today
6016	콕	intj	(the sound of poking, knocking, piercing, puncturing, stamping)
6017	마이너스	noun	minus
6018	구매자	noun	purchaser, buyer
6019	주장하다	verb	to make a claim or assertion
6020	세일	noun	sale (sale of goods at reduced prices)
6021	딜	noun	dill; deal
6022	색시	noun	bride; newlywed
6023	노동자	noun	worker; manual laborer
6024	양아치	noun	thug, punk, bully, or anyone of poor morality
6025	청소기	noun	vacuum cleaner, hoover
6026	타도	noun	overthrow, defeat
6027	제대	noun	umbilical cord
6028	요르단	name	Jordan (a country in Asia)
6029	곧잘	adv	quite well; often; easily
6030	혼수	noun	coma
6031	연간	noun	the period of one year
6032	저격	noun	sniping; attacking a specific target
6033	조랑말	noun	pony
6034	설치하다	verb	to install, to set up
6035	신병	noun	rookie, new recruit
6036	종결	noun	end, conclusion
6037	항공사	noun	airline (company that flies airplanes)
6038	인간성	noun	humanity (the human condition or nature)
6039	캠페인	noun	campaign
6040	마늘	noun	garlic
6041	사위	noun	son-in-law
6042	콜레스테롤	noun	cholesterol
6043	평안	noun	peace
6044	코요테	noun	coyote
6045	파상풍	noun	tetanus
6046	소관	name	Shaoguan (a prefecture-level city of Guangdong, China)
6047	밀크	noun	milk
6048	편하다	adj	easygoing; comfortable
6049	영화관	noun	cinema (a film/movie theatre)
6050	남극	noun	south pole
6051	보급	noun	spread, diffusion, spreading
6052	감소	noun	reduction
6053	천식	noun	asthma
6054	항암	noun	being anticancer (treating cancer)
6055	생일선물	noun	birthday present, birthday gift
6056	스크린	noun	screen
6057	기후	noun	climate (long-term atmospheric conditions)
6058	악질	noun	bad quality; wickedness, viciousness, ill-naturedness
6059	걱정되다	verb	to be worried about
6060	채찍	noun	whip
6061	엘리사	name	Elisha
6062	뒷좌석	noun	back seat (seat at the back of a vehicle)
6063	깜빡	noun	while indeed darkening and then brightening in quick succession
6064	정황	noun	circumstances; conditions
6065	된장	noun	fermented soybean paste
6066	요금	noun	fee, charge, fare
6067	헌	det	old, worn or used
6068	출판	noun	publication; press; publish
6069	겉	noun	surface, the outside
6070	깡통	noun	can, tin; good-for-nothing
6071	구성	noun	configuration, arrangement, composition
6072	중반	noun	the middle stage(s)
6073	줄무늬	noun	stripe; band, bar, striation
6074	기습	noun	raid, surprise attack
6075	미드	noun	woman's breast
6076	퍼센트	noun	percent (a part or other object per hundred)
6077	모형	noun	model
6078	운송	noun	transportation, transport, shipping
6079	활기	noun	energy; vitality; life; vigor
6080	정육점	noun	butcher shop
6081	주정뱅이	noun	drunk; drunkard
6082	홀랑	adv	completely, entirely
6083	오징어	noun	squid, cuttlefish
6084	외삼촌	noun	maternal uncle
6085	미러	name	a city in Yunnan, China
6086	구미	noun	taste, palate
6087	중세	noun	Middle Ages; the medieval era
6088	합성	noun	synthesis
6089	추파	noun	any sort of romantic or suggestive move (now often with a negative nuance)
6090	멸종	noun	extinction (the action of making or becoming extinct)
6091	주일	noun	week
6092	두려워하다	verb	to be afraid, to fear
6093	비율	noun	ratio, percentage
6094	그래픽	noun	graphic; graphics
6095	램	noun	RAM (memory)
6096	중동	name	Middle East
6097	헤어스타일	noun	hairstyle
6098	객관적	noun	objective (attributive)
6099	조회	noun	inquiry
6100	배너	noun	banner advertisement
6101	나인	noun	nine
6102	아깝다	adj	to be a pity; to be a waste
6103	증권	noun	security (investment instrument)
6104	확실	noun	certainty, reliability, trustworthiness, authenticity
6105	동면	noun	hibernation
6106	미세	noun	tininess; minuteness
6107	붙잡다	verb	to seize, to grab
6108	타다	verb	to burn
6109	객실	noun	guest room; passenger room, cabin
6110	갈갈이	adv	to pieces; to shreds
6111	엄숙히	adv	solemnly
6112	유대	noun	a bond, tie
6113	그랴	intj	okay, really
6114	스케치	noun	sketch
6115	한껏	adv	at climax, to the limit
6116	기획	noun	plan, design, project
6117	하얀색	noun	white (colour)
6118	멸망	noun	annihilation; destruction
6119	일요	noun	the Sun; Sunday
6120	영사관	noun	a consulate
6121	실질적	noun	actual, real, practical
6122	자연히	adv	naturally, by itself
6123	금주	noun	this week
6124	저가	noun	low price
6125	멍멍이	noun	dog
6126	난관	noun	barrier; obstacle
6127	섹션	noun	section
6128	송아지	noun	calf
6129	아이오와	name	[~주(州)] Iowa (a state in the Midwestern region of the United States)
6130	직책	noun	duty, responsibility (at work)
6131	수의사	noun	veterinarian
6132	숨통	noun	trachea, windpipe, throat, gullet
6133	서양	noun	the global West, Euro-American culture
6134	간과	noun	overlooking; underestimating
6135	용도	noun	use
6136	미남	noun	handsome, good-looking, visually attractive man
6137	칠판	noun	blackboard, chalkboard
6138	유모차	noun	stroller, pram, perambulator (baby carriage)
6139	해마다	adv	every year
6140	사냥개	noun	hunting dog
6141	가로등	noun	streetlamp, streetlight
6142	두목	noun	chief of bandits; gang leader
6143	기드온	name	Gideon
6144	국방	noun	national defense
6145	조항	noun	clause, article, provision
6146	빔	noun	emptiness, void
6147	개똥	noun	dog dung (droppings)
6148	경찰차	noun	police car
6149	인스타그램	noun	Instagram
6150	늦잠	noun	oversleep
6151	종소리	noun	sound/peal of a bell
6152	피지	noun	Fiji (a country in Oceania)
6153	이주	noun	immigration
6154	건초	noun	hay; dry grass
6155	스푼	noun	spoon
6156	음식물	noun	food and drink
6157	로스앤젤레스	name	[~시(市)] Los Angeles (a large city in California, United States)
6158	알바니아	name	Albania
6159	고등학생	noun	high schooler, high school student
6160	매점	noun	cafeteria, canteen, snack bar, stand
6161	카라멜	noun	caramel
6162	이토록	adv	so much, so, like this
6163	반바지	noun	shorts
6164	브라	noun	clipping of 브래지어 (beuraejieo, “brassiere”); a bra
6165	세부	noun	details
6166	판정	noun	judgment, decision
6167	정숙	noun	chastity
6168	벌떡	noun	while suddenly standing up; while suddenly becoming erect
6169	소득	noun	income
6170	진주	noun	pearl (round shelly concretion from oysters)
6171	젊음	noun	youth, youthfulness
6172	나폴레옹	name	Napoleon
6173	애칭	noun	nickname, pet name
6174	군중	noun	crowd
6175	몰골	noun	a shabby or repulsive appearance (of a person or thing)
6176	샤	noun	shah
6177	미트볼	noun	meatball
6178	신청서	noun	application form, written application
6179	입찰	noun	bid, tender (in an auction, etc.)
6180	컨설팅	noun	consulting
6181	변수	noun	variable
6182	미수	noun	misu (a drink made from 미숫가루 (misutgaru, “grain powder”, literally “misu powder”))
6183	이혼하다	verb	to get a divorce
6184	첨단	noun	cutting-edge; state of the art
6185	블라우스	noun	blouse (an outer garment, usually loose, that is similar to a shirt)
6186	미신	noun	superstition
6187	형상	noun	form, shape, a figure, an appearance
6188	굴다	verb	to behave, to conduct oneself, to act
6189	글로벌	noun	being global
6190	남미	name	South America (the continent forming the southern part of the Americas)
6191	낫	noun	sickle, scythe
6192	북한	name	North Korea
6193	예언자	noun	prophet
6194	항아리	noun	crock, large pot
6195	착륙하다	verb	to land, to set down
6196	서문	noun	preface, foreword
6197	외투	noun	overcoat
6198	도우미	noun	helper
6199	수속	noun	procedure
6200	앵무새	noun	parrot (bird)
6201	탈락	noun	falling out; omission
6202	부다페스트	name	Budapest (the capital city of Hungary)
6203	셰프	noun	chef
6204	오만	noun	hubris, excessive pride
6205	타령	noun	taryong; same old words
6206	쉬리	noun	The Korean splendid dace, Coreoleuciscus splendidus.
6207	구토	noun	vomiting
6208	동요	noun	children's song
6209	행정	noun	public administration
6210	허용	noun	permission
6211	치명적	noun	fatal
6212	맨발	noun	barefoot
6213	시바	name	Shiva
6214	자외선	noun	ultraviolet radiation
6215	대성당	noun	cathedral
6216	별도	noun	special, separate
6217	전신	noun	telegraph; telecommunication
6218	항법	noun	navigation
6219	커밍아웃	noun	coming out of the closet
6220	스태프	noun	staff
6221	벨소리	noun	ringtone
6222	몰다	verb	to drive (an animal, a car, etc.)
6223	나락	noun	hell
6224	전생	noun	past life, previous life
6225	내심	noun	an incenter
6226	간지	noun	fashionable taste, zest
6227	술병	noun	hangover (illness caused by heavy drinking)
6228	열대	noun	tropics
6229	생강	noun	ginger (plant)
6230	공학	noun	engineering
6231	암만	name	Amman (the capital city of Jordan)
6232	스티커	noun	sticker
6233	퀴즈	noun	quiz
6234	헬스	noun	working out in the gym
6235	그저께	noun	the day before yesterday
6236	대마	noun	hemp (Cannabis sativa)
6237	시치미	noun	An attitude that pretends to have done anything.
6238	요거트	noun	yogurt (a milk-based product thickened by a bacterium-aided curdling process)
6239	숟가락	noun	spoon (eating utensil)
6240	째깍	noun	Conveys a clear or obvious clicking noise (e.g. ticking of a clock)
6241	댄서	noun	dancer
6242	엽서	noun	postcard
6243	결점	noun	flaw; defect; shortcoming
6244	반죽	noun	dough, batter
6245	급습	noun	raid; (surprise) attack
6246	블루베리	noun	blueberry
6247	자본	noun	capital
6248	대리인	noun	deputy, substitute, stand-in; proxy
6249	바느질	noun	sewing
6250	국회	noun	A national parliament or assembly.
6251	가지다	verb	to have, to possess
6252	평행	noun	parallel
6253	암스테르담	name	Amsterdam (the capital city of the Netherlands)
6254	한잔하다	verb	to have a drink
6255	아론	name	Aaron
6256	캥거루	noun	kangaroo (marsupial)
6257	벨벳	noun	velvet
6258	번영	noun	prosperity
6259	주전자	noun	kettle, teakettle
6260	분류	noun	classification, categorization
6261	사주	noun	fortune-telling, divination
6262	비행기표	noun	airplane ticket
6263	엔지니어링	noun	engineering
6264	이단	noun	heresy
6265	탐폰	noun	tampon
6266	저곳	noun	there, that place over there, yonder
6267	아카데미	noun	academy
6268	식민지	noun	colony, settlement
6269	태풍	noun	a typhoon
6270	우체국	noun	post office
6271	유지하다	verb	to maintain, to continue
6272	본사	noun	headquarters
6273	인디아	name	India (a country in Asia)
6274	응당	adv	rightly, deservedly
6275	회원	noun	member; members
6276	저작권	noun	copyright
6277	소방	noun	firefighting, fire prevention
6278	지형	noun	topography
6279	탐지기	noun	locator; detector
6280	다가오다	verb	To approach; to draw near.
6281	추격	noun	chase, pursuit
6282	아랍	noun	Arab
6283	구속	noun	arrest; detention
6284	해양	noun	ocean, sea
6285	지네	noun	centipede (a segmented arthropod of class Chilopoda)
6286	나이트클럽	noun	nightclub
6287	은근	noun	politeness, courtesy
6288	스펀지	noun	sponge (piece of porous material used for washing)
6289	요나	name	Jonah
6290	바둑	noun	the game of Go; go stone (the black-and-white stones used in the game of Go)
6291	사쿠라	noun	sakura; cherry blossoms, especially in Japan
6292	차별	noun	discrimination
6293	미카엘	name	Michael, the Archangel.
6294	베이비시터	noun	babysitter (baby or child caretaker)
6295	성직자	noun	cleric, clergyman
6296	반쪽	noun	half; semi-
6297	댈러스	name	Dallas (a city in Texas, United States)
6298	놓다	verb	to lay, put, set, place
6299	근사하다	adj	close; similar; nice; wonderful; marvellous; great; fabulous
6300	특성	noun	characteristic
6301	아쿠아리움	noun	aquarium
6302	뉘	pron	genitive of 누구 (nugu, “who; somebody”): whose, somebody's
6303	딜러	noun	dealer (both of goods, and of playing cards)
6304	시다	adj	to be sour
6305	감명	noun	deep impression
6306	속마음	noun	one's inmost heart/thoughts; the bottom of one's heart
6307	여자아이	noun	girl; baby girl
6308	유물	noun	relic, artifact
6309	연민	noun	sympathy; compassion; pity
6310	유정	noun	oil well
6311	봉지	noun	bag, sack
6312	럼	noun	rum (distilled spirit)
6313	독일인	noun	German (someone from Germany)
6314	닷새	noun	five days; the fifth day of the month
6315	며느리	noun	daughter-in-law
6316	대주교	noun	archbishop
6317	동독	name	East Germany
6318	샷건	noun	shotgun
6319	영예	noun	honour
6320	암초	noun	reef
6321	타이머	noun	timer (device used to measure time)
6322	간혹	adv	sometimes; occasionally
6323	디즈니	name	Disney
6324	요술	noun	sorcery, magic
6325	별자리	noun	constellation; astrological sign
6326	민주당	noun	democratic party
6327	오십	num	fifty
6328	마루	noun	floor's covering, especially for wood flooring
6329	모다	verb	contraction of 모으다 (mo'euda, “to gather, to collect”)
6330	단일	noun	singleness, unity
6331	부럽다	adj	enviable
6332	작용	noun	operation; effect
6333	리뷰	noun	review (account intended as a critical evaluation of a text or a piece of work)
6334	특기	noun	specialty (of a person)
6335	효소	noun	an enzyme
6336	발전소	noun	power station; power plant
6337	중개인	noun	broker, go-between
6338	반찬	noun	banchan, side dishes served with a meal.
6339	국	noun	soup
6340	블랙리스트	noun	blacklist
6341	지출	noun	expenditure
6342	녹음기	noun	recorder (e.g. tape recorder)
6343	똑똑이	noun	a smart kid
6344	간부	noun	executive; officer
6345	거짓말하다	verb	to lie; to tell a lie
6346	파일럿	noun	pilot (person in charge of the controls of an aircraft)
6347	사타구니	noun	groin, crotch
6348	함께하다	verb	to be (with); to share (with)
6349	사업차	noun	on business, for business purposes
6350	카메라맨	noun	cameraman; cameraperson; camera operator
6351	폭	noun	Breadth, width.
6352	방과후	noun	after school
6353	르네상스	name	Renaissance
6354	별별	det	of various and unusual sorts
6355	수산	noun	marine products
6356	진지	noun	honorific of 밥 (bap, “meal; food”)
6357	익	syllable	益: to add; to be more than
6358	루카	name	Luke
6359	승낙	noun	consent, agreement
6360	작곡가	noun	composer
6361	칼슘	noun	calcium
6362	절로	adv	short for 저절로 (jeojeollo, “by oneself; naturally”)
6363	연대기	noun	chronicle; annals
6364	흡혈귀	noun	vampire
6365	섭씨	noun	Celsius; centigrade
6366	기생충	noun	parasite
6367	꼬리표	noun	tag; label
6368	씹	noun	cunt (highly offensive term for a woman's vulva)
6369	천성	noun	by nature
6370	대나무	noun	bamboo
6371	맞선	noun	formal marriage interview, marriage meeting, blind date, miai/omiai
6372	더미	noun	pile, mound
6373	수퍼	noun	super
6374	사립	noun	private
6375	격납고	noun	hangar
6376	에테르	noun	ether
6377	난민	noun	refugee
6378	호칭	noun	one's name, title, form of address
6379	사법	noun	justice; jurisdiction
6380	베이글	noun	bagel
6381	전한	noun	Former Han (Western Han)
6382	진공	noun	vacuum
6383	가지가지	noun	various kinds, many kinds
6384	폐기물	noun	waste
6385	빈틈	noun	gap, opening; unpreparedness, oversight, inattention
6386	하루빨리	adv	as soon as possible
6387	미해결	noun	unsolved, unresolved
6388	정기	noun	fixed period; regular, periodical (attributive)
6389	기관사	noun	locomotive engineer; locomotiveman
6390	본색	noun	inherent qualities, true character
6391	앵커	noun	anchor (link target in a document)
6392	집집	noun	every house; every door
6393	고전	noun	classic
6394	헬스장	noun	health club, gym
6395	집안일	noun	housework; family/domestic affair, household affair
6396	숨쉬다	verb	to breathe
6397	변이	noun	variant
6398	승	noun	victory
6399	빙글빙글	noun	going round and round
6400	무슬림	noun	Muslim
6401	렌즈	noun	lens (object focusing or defocusing the light passing through it)
6402	식인	noun	cannibalism
6403	유인	noun	attraction; enticement
6404	이사하다	verb	to move, to move house
6405	스마트	noun	smart
6406	부재	noun	absence
6407	유람선	noun	cruise ship; excursion ship
6408	조화	noun	harmony; agreement
6409	참전	noun	entry into a war; intervention; participation in a war
6410	설립자	noun	founder
6411	불리다	verb	to be called
6412	입자가속기	noun	particle accelerator
6413	투쟁	noun	fight; struggle
6414	바쁘다	adj	busy; to be difficult, hard
6415	위생	noun	hygiene
6416	자살하다	verb	to commit suicide
6417	부산	noun	din; ruckus; commotion
6418	소나무	noun	pine, pine tree
6419	겨를	noun	leisure, spare time, appropriation, readiness (to do something else)
6420	새다	verb	to leak, to escape
6421	양배추	noun	cabbage
6422	배우자	noun	spouse
6423	크랜베리	noun	cranberry
6424	형벌	noun	punishment; penalty
6425	일등석	noun	first class
6426	매니큐어	noun	manicure
6427	당나귀	noun	donkey
6428	수시로	adv	sometimes; oftentimes
6429	늑골	noun	rib (bone)
6430	탐색	noun	search
6431	질소	noun	nitrogen
6432	양초	noun	candle; taper
6433	슈퍼마켓	noun	supermarket (a store)
6434	3차원	noun	three-dimensional, three dimension
6435	별빛	noun	starlight
6436	철거	noun	tearing down; demolition (of buildings)
6437	몸집	noun	build; physique
6438	오렌지색	noun	orange (color)
6439	봉	noun	plug or patch to prevent leakage
6440	무수히	adv	endlessly
6441	참기	noun	verbal noun of 참다 (chamda)
6442	보금자리	noun	nest; snug den; lovely home
6443	설계	noun	plan, design
6444	전철	noun	subway, underground, metro
6445	여호와	name	Jehovah
6446	냄비	noun	a cooking pot
6447	실적	noun	performance
6448	극복	noun	overcoming, conquest
6449	전구	noun	light bulb
6450	절정	noun	top, peak, summit, zenith
6451	주거	noun	dwelling; abode
6452	혈청	noun	serum
6453	막이	noun	damming (up), banking (up)
6454	보충	noun	supplement; replenishment
6455	땅돼지	noun	aardvark
6456	공포영화	noun	horror movie
6457	마흔	num	forty
6458	부수	noun	an element of a hanja character; a hanja radical
6459	난데없이	adv	out of the blue, out of thin air, all of a sudden
6460	납	noun	lead (metal)
6461	형부	noun	elder sister's husband, (one's) brother-in-law
6462	회수	noun	collection, withdrawal, retrieval
6463	스타킹	noun	stocking
6464	싫음	noun	dislike, disagreeableness, disrelish
6465	석방	noun	release
6466	허튼소리	noun	nonsense, drivel, gibberish
6467	연어	noun	salmon (fish); In particular, the chum salmon (Oncorhynchus keta).
6468	고등	noun	high class; high grade; advancedness
6469	충분	root	Root of 충분하다 (chungbunhada) / 충분히 (chungbunhi). Rarely used alone.
6470	맹목적	det	blind (love, passion, etc.); reckless
6471	삼각형	noun	triangle
6472	유언	noun	last words; testament
6473	감다	verb	to close one's eyes
6474	비영리	noun	non-profit
6475	처남	noun	one's wife's brother; one's brother-in-law
6476	사용자	noun	user
6477	샴푸	noun	shampoo (product for washing the hair)
6478	에피소드	noun	episode
6479	연말	noun	the end of the year; the year's end
6480	겨드랑이	noun	armpit
6481	초코	noun	chocolate
6482	투하	noun	dropping (from a height)
6483	선지자	noun	prophet
6484	정통	noun	authenticity, orthodoxy
6485	불편하다	adj	to be inconvenient, to be uncomfortable
6486	곰곰이	adv	deeply
6487	유로	noun	euro (currency unit of the European Monetary Union)
6488	형편없다	adj	terrible, awful (of a very poor quality)
6489	유형	noun	type; category
6490	지체	noun	delay
6491	디자이너	noun	designer
6492	추호	noun	something very small
6493	근심	noun	worry; anxiety
6494	잠꾸러기	noun	sleepyhead
6495	오타	noun	typo; typographical error
6496	매복	noun	ambush
6497	영문	noun	text in English
6498	등록증	noun	registration certificate
6499	어쩌고저쩌고	noun	blah blah blah; this and that
6500	시간대	noun	standard time; time slot
6501	고난	noun	hardship; suffering
6502	성형	noun	formation, cast, mould, figuration
6503	딱총나무	noun	dwarf elder
6504	프랑스인	noun	French (person)
6505	세리	noun	tax collector
6506	벼룩	noun	flea
6507	세븐	noun	seven
6508	바꾸다	verb	to change [something]; to replace [something] with something else
6509	발걸음	noun	step, pace, gait
6510	자동적	noun	automatic
6511	리모컨	noun	clipping of 리모트 컨트롤 (rimoteu keonteurol, “remote control”)
6512	실리콘	noun	silicon; silicone
6513	오프라인	noun	being offline
6514	찌꺼기	noun	dregs, remnants
6515	광부	noun	miner (a person who works in a mine)
6516	스무디	noun	smoothie
6517	괴사	noun	necrosis
6518	강가	noun	riverside
6519	전문적	noun	expert, special
6520	혈액검사	noun	blood test
6521	씨다	verb	to dig out
6522	구호	noun	relief; aid; rescue
6523	찬성하다	verb	to agree, to assent
6524	소용돌이	noun	vortex
6525	울음소리	noun	crying, sobbing (of humans); cry, chirping, call (of animals)
6526	자두	noun	plum (fruit)
6527	특별하다	adj	to be special or exceptional
6528	약과	noun	yakgwa (very greasy Korean dessert made of rice and ginger)
6529	울보	noun	crybaby
6530	망명	noun	asylum; exile
6531	사마	noun	an ancient office post in China and Korea
6532	급	noun	rank; level; grade
6533	조리	noun	logic, reason
6534	실체	noun	substance, entity
6535	톤	noun	ton
6536	꿀꺽	noun	with the sound of a gulp
6537	배낭	noun	backpack, knapsack, rucksack
6538	여론	noun	public opinion
6539	인조	noun	artificiality, manmade quality, syntheticism
6540	통제력	noun	controlling ability; control
6541	도미노	noun	domino (a block use in the game of dominoes)
6542	패배자	noun	defeated person; loser
6543	질주	noun	dash; sprint; running at full speed
6544	나누다	verb	to divide (into pieces); to split up
6545	박다	verb	to drive; to ram; to hammer
6546	점령	noun	occupation (control of a country or region by an external army)
6547	친히	adv	personally; intimately
6548	밥맛	noun	appetite
6549	숙취	noun	hangover (illness caused by heavy drinking)
6550	선전	noun	propaganda (concerted set of messages)
6551	가솔린	noun	gasoline, petrol
6552	국제적	noun	international
6553	결장	noun	The colon
6554	모가지	noun	neck, head; dismissal, discharge (from employment)
6555	유명하다	adj	to be famous
6556	고삐	noun	rein, bridle
6557	벼락	noun	lightning (stroke)
6558	남근	noun	penis, cock
6559	건국	noun	establishment of a nation
6560	파업	noun	strike, walkout (work stoppage)
6561	어마	intj	oh my, my goodness
6562	반격	noun	counter-attack
6563	밀가루	noun	flour
6564	깔끔	root	Root of 깔끔하다 (kkalkkeumhada). Rarely used alone.
6565	자수	noun	embroidery
6566	컴	noun	computer
6567	손오공	name	Sun Wukong
6568	애국자	noun	patriot
6569	투명	noun	transparency, the quality of being transparent
6570	패거리	noun	gang, clique
6571	결단	noun	decision
6572	댓글	noun	comment; reply
6573	파인애플	noun	pineapple (plant, fruit)
6574	고유	noun	characteristics, essence, uniqueness, inherence
6575	컵케이크	noun	a cupcake (small cake)
6576	활활	noun	in great flames
6577	함부르크	name	Hamburg (a state of Germany)
6578	소행성	noun	asteroid
6579	뛰기	noun	verbal noun of 뛰다 (ttwida)
6580	수사관	noun	detective, investigator
6581	우아	noun	Root of 우아하다
6582	이체	noun	transfer
6583	뺑소니	noun	abscondence, fleeing
6584	잘려	verb	infinitive of 잘리다 (jallida, “to be cut”)
6585	납득	noun	acceptance
6586	경보기	noun	siren, alarm (device for making a sound alarm)
6587	인체	noun	human body, organism
6588	해발	noun	height above sea level, elevation, altitude
6589	가라데	noun	karate
6590	침입하다	verb	to invade; to break in
6591	정신분열증	noun	schizophrenia
6592	우승자	noun	winner, champion
6593	순교자	noun	martyr
6594	해체	noun	The informal, non-polite speech level in Korean.
6595	배수	noun	multiple
6596	태그	noun	tag
6597	정비	noun	improvement; outfitting, being equipped for
6598	수요	noun	planet Mercury; Wednesday
6599	시상	noun	award
6600	교란	noun	disturbance; confusion
6601	뽀뽀	noun	smooch; a kiss, peck (non-romantic)
6602	신성	noun	holiness, sacredness
6603	순환	noun	circulation
6604	연못	noun	pond
6605	조폭	noun	A group of gangsters; a group of people who engage in organized violence.
6606	이탈	noun	secession; breakaway
6607	자제	noun	self-control
6608	천주	name	the Lord of Heaven; God
6609	블루스	noun	blues
6610	대출금	noun	loan
6611	사우디	name	short for 사우디아라비아 (Saudiarabia, “Saudi Arabia (a country in Asia)”)
6612	붉은색	noun	red (colour)
6613	장래	noun	the future
6614	데려가다	verb	to take someone away; to take someone with one
6615	한둘	num	one or two (as a nominal numeral)
6616	화장품	noun	cosmetics
6617	참가자	noun	participant
6618	쾌감	noun	pleasant feeling, pleasure
6619	라이플	noun	rifle
6620	송이	noun	a bunch of flowers, grapes, mushrooms; a flake of snow
6621	유방암	noun	breast cancer
6622	뒤뜰	noun	backyard
6623	핏줄	noun	blood vessel; bloodline
6624	할매	noun	dialectal form of 할머니 (halmeoni, “grandmother”)
6625	항체	noun	antibody
6626	칼날	noun	the edge of a sword; the blade of a knife
6627	쿠션	noun	cushion
6628	걸작	noun	masterpiece; idiot
6629	부끄럽다	adj	embarrassed; shy, coy
6630	에녹	name	Enoch
6631	맞은편	noun	other side
6632	이참	noun	this chance
6633	기절하다	verb	to faint
6634	에다	verb	to cut, to slice; (by extension) to greatly pain
6635	트레이닝	noun	training
6636	사족	noun	something superfluous, unnecessary
6637	골격	noun	skeleton; frame; framework
6638	의장	noun	chairperson; speaker (in a parliament)
6639	이점	noun	advantage, merit, benefit
6640	천벌	noun	divine punishment
6641	멘토	noun	mentor
6642	정치인	noun	politician
6643	친환경	noun	being environmentally friendly; eco-friendly
6644	일찌감치	adv	quite early; as soon as possible
6645	수명	noun	lifespan
6646	그래프	noun	chart; graph
6647	경위	noun	inspector
6648	앞면	noun	front side; obverse, heads
6649	기질	noun	temperament, disposition
6650	테크	noun	track, career path, development path
6651	해안경비대	noun	coast guard
6652	튀니지	name	Tunisia (a country in North Africa)
6653	십자군	noun	crusaders, crusades
6654	흐	intj	hum, hmm, huh
6655	에러	noun	error
6656	다락방	noun	attic; loft; garret
6657	오프닝	noun	opening
6658	기각	noun	dismissal, rejection
6659	사시	noun	squint; strabismus
6660	대관식	noun	coronation (ceremony), enthronement
6661	포주	noun	pimp
6662	역습	noun	counter-attack
6663	로션	noun	lotion (ointment that one rubs on the skin)
6664	나흘	noun	four days; the fourth day of the month
6665	태반	noun	placenta
6666	면담	noun	interview
6667	변동	noun	change, fluctuation
6668	시편	name	the Book of Psalms, the Psalm
6669	말일	noun	the last day of a month in the Korean calendar
6670	짝퉁	noun	fake; imitation
6671	쫄쫄	adv	describes trickling or dripping (liquid)
6672	뜨겁다	adj	to be hot (of the temperature of an object)
6673	아몬드	noun	almond
6674	올림	noun	A verbal noun of 올리다 (ollida, “to raise”)
6675	이달	noun	this month
6676	구강	noun	oral cavity
6677	-	punct	long vowel mark
6678	금화	noun	gold coin
6679	덤	noun	bonus, extra, supplement, freebie
6680	청춘	noun	youth; adolescence
6681	시너지	noun	synergy
6682	저질	noun	bad quality; mean, vulgar, disgusting
6683	헌팅	noun	pickup, flirting with a stranger
6684	향상	noun	improvement, progress
6685	돌돌	noun	while a small round object is rolling down
6686	파괴하다	verb	to destroy or demolish
6687	정액	noun	semen; sperm (a bodily fluid)
6688	말다툼	noun	quarrel, dispute
6689	전립선	noun	prostate
6690	과테말라	name	Guatemala (a country in northern Central America)
6691	증명서	noun	certificate
6692	신자	noun	believer
6693	모서리	noun	corner, edge
6694	굴뚝	noun	chimney; funnel; smokestack
6695	저마다	adv	each, respectively
6696	클릭	noun	click (the act of pressing a button on a computer mouse)
6697	마우스	noun	mouse (input device)
6698	촌뜨기	noun	country bumpkin, hick, hillbilly
6699	문지기	noun	gatekeeper, doorkeeper, doorman
6700	붕	syllable	朋; 朋:
6701	측은	noun	compassion; pity
6702	꽃잎	noun	petal
6703	응원	noun	cheering (for); rooting for
6704	닻	noun	anchor
6705	키보드	noun	keyboard (set of keys used to operate a typewriter, computer etc.)
6706	자그마치	adv	as much as
6707	4차원	noun	four-dimensional, four dimension
6708	산악	noun	mountains
6709	헤엄	noun	swimming
6710	제의	noun	suggestion, proposal
6711	안과	noun	ophthalmology
6712	턱수염	noun	beard
6713	금붕어	noun	goldfish
6714	등장인물	noun	character (in a story or a film)
6715	재갈	noun	gag (device to restrain speech)
6716	아날로그	noun	analog, analogue
6717	청문회	noun	hearing
6718	택배	noun	home delivery
6719	불화	noun	discord; disharmony
6720	지연	noun	delay
6721	야쿠자	noun	yakuza
6722	형광	noun	the light of a firefly
6723	갈아입다	verb	to change clothing
6724	콩나물	noun	bean sprout
6725	후원	noun	support
6726	동일하다	adj	the same, identical, equal
6727	작위	noun	peerage; title of nobility
6728	이윤	noun	profit
6729	천하	noun	the whole world, the earth, everything under heaven
6730	집들	noun	plural of 집 (jip): houses; homes
6731	장학금	noun	scholarship
6732	미술관	noun	art museum, art gallery
6733	추천서	noun	letter of recommendation, letter of reference
6734	마땅하다	adj	to be suitable, to be appropriate, to be right
6735	산모	noun	woman having recently given birth; puerpera
6736	사이보그	noun	cyborg
6737	차이나타운	noun	Chinatown
6738	올리다	verb	to raise, to increase
6739	숙박	noun	accommodation, lodging
6740	카불	name	Kabul (the capital city of Afghanistan)
6741	아리랑	name	(music) Arirang
6742	미화	noun	romanticization, idealization
6743	발끝	noun	tiptoe; tip of a toe
6744	실마리	noun	beginning of a thread
6745	복원	noun	restoration
6746	장작	noun	firewood
6747	소품	noun	essay, literary sketch
6748	시련	noun	trial
6749	액수	noun	sum (of money)
6750	인어	noun	merperson; merfolk
6751	매춘	noun	prostitution
6752	복합	noun	compound; complex; combination
6753	적절히	adv	appropriately
6754	거머리	noun	leech; nuisance
6755	일찍이	adv	early
6756	무한	noun	infinity, infinitude, unlimitedness, boundlessness
6757	운전수	noun	driver; chauffeur
6758	종신형	noun	life imprisonment; life sentence
6759	쓰니	noun	author of a post
6760	앱	noun	app (small computer application)
6761	고속	noun	high speed
6762	징역	noun	imprisonment (as punishment for a crime); prison sentence
6763	굴리	noun	Hamgyong form of 그네 (geune, “swings”)
6764	팔로워	noun	follower
6765	모시다	verb	to serve or wait on a higher-status person
6766	독사	noun	venomous snake
6767	연세	noun	age (of a person)
6768	분할	noun	division (the act of dividing)
6769	담낭	noun	gall bladder (pear-shaped organ that stores bile)
6770	몽골	name	Mongolia (a country in East Asia)
6771	조심스레	adv	carefully; gingerly; cautiously
6772	표지	noun	sign; notice
6773	목발	noun	crutches
6774	어렴풋이	adv	vaguely, dimly, indistinctly; slightly
6775	산과	noun	obstetrics
6776	이등병	noun	private
6777	패러디	noun	parody
6778	도달	noun	arrival, attainment
6779	솔직	noun	frankness, honesty, directness
6780	대걸레	noun	mop
6781	화분	noun	flowerpot
6782	말싸움	noun	quarrel, dispute
6783	억수로	adv	very, really
6784	코피	noun	nosebleed
6785	징조	noun	omen; sign
6786	아케이드	noun	arcade (row of arches)
6787	복지	noun	welfare; well-being
6788	검증	noun	verification
6789	무신	det	dialectal, Jeolla dialect, Gyeongsang, Chungcheong, Gangwon, and Seoul form of 무슨
6790	심술	noun	ill will, bad temper
6791	원시	noun	hyperopia
6792	관습	noun	custom, convention
6793	가축	noun	livestock
6794	평결	noun	verdict, decision
6795	삼일	name	3-1
6796	양탄자	noun	carpet, tapestry
6797	마시멜로	noun	marshmallow
6798	충치	noun	dental cavity; dental caries; rotten teeth
6799	볼리비아	name	Bolivia (a country in South America)
6800	석사	noun	master's degree
6801	주문하다	verb	to order; to place an order
6802	리포트	noun	report; essay (such as schoolwork)
6803	졸업하다	verb	to graduate
6804	음경	noun	penis
6805	후작	noun	marquess (a British nobleman)
6806	성서	name	scripture; bible
6807	대학원	noun	graduate school, postgraduate school
6808	골짜기	noun	valley, vale, ravine
6809	미스터리	noun	mystery (something secret or unexplainable)
6810	합류	noun	joining, merger, act of coming together
6811	불임	noun	infertility
6812	점호	noun	roll call
6813	신발끈	noun	shoelace, shoestring
6814	박람회	noun	exhibition, exposition, fair
6815	키치	noun	kitsch (art of questionable artistic value)
6816	광기	noun	madness; insanity
6817	포탈	noun	portal (website)
6818	주교	noun	bishop
6819	나이프	noun	knife
6820	자위	noun	masturbation; consoling oneself (often with a pathetic nuance)
6821	연고	noun	ointment, paste, salve
6822	전통적	noun	traditional
6823	황태자	noun	crown prince
6824	뭉치	noun	packet, package, wad, bale, block, clump, bundle, bunch
6825	양치질	noun	toothbrushing
6826	가필드	name	a transliteration of the English surname Garfield
6827	기원하다	verb	to originate
6828	섬유	noun	fibre
6829	창백	root	Root of 창백하다 (changbaekhada). Rarely used alone.
6830	밀도	noun	density
6831	역겹다	adj	sickening; revolting; nauseating
6832	호구	noun	the jaws of death; a very dangerous situation
6833	육상	noun	ashore, on land
6834	접이식	noun	foldable
6835	돌파구	noun	breakthrough
6836	흑흑	noun	while sobbing
6837	인간적	det	humane
6838	식료품점	noun	grocery, grocery shop/store
6839	청구	noun	request
6840	컨퍼런스	noun	conference
6841	등산	noun	mountain climbing, mountaineering; hiking
6842	인용	noun	quotation; citation
6843	나약	noun	weakness, lack of willpower
6844	채식주의자	noun	vegetarian (person who does not eat any animal flesh)
6845	전우	noun	comrade in arms
6846	베프	noun	clipping of 베스트 프렌드 (beseuteu peurendeu, “best friend”); bestie; BFF
6847	지라	noun	spleen, milt (organ)
6848	전례	noun	ceremony, ritual
6849	정성	noun	sincerity; wholeheartedness
6850	무의식	noun	unconsciousness
6851	기미	name	The fifty-sixth term of the Chinese sexagenary cycle
6852	분쟁	noun	dispute; conflict
6853	공포증	noun	phobia
6854	삼각	noun	triangle
6855	가히	adv	rightly (so); readily
6856	시럽	noun	syrup
6857	뽑다	verb	to extract, to pull out
6858	학비	noun	tuition, school expenses
6859	폭우	noun	downpour; heavy rain
6860	간호원	noun	nurse
6861	대천사	noun	an archangel
6862	번쩍	noun	with a blast, with a flash, with a glitter
6863	후회하다	verb	to regret
6864	목구멍	noun	throat, gorge, gullet (perhaps including windpipe, trachea)
6865	체코	name	Czech Republic (a country in Europe)
6866	십분	adv	thoroughly; sufficiently
6867	이토	name	a transliteration of the Japanese surname 伊藤 or 伊東 (“Ito”)
6868	대인	noun	an adult, a grown-up
6869	변함없이	adv	unchangingly, constantly, as ever
6870	결전	noun	decisive battle
6871	피크	noun	plectrum, pick
6872	장악	noun	domination; control
6873	석궁	noun	crossbow (weapon)
6874	급식	noun	school meal
6875	인형극	noun	puppet show
6876	멀쩡	root	Root of 멀쩡하다 (meoljjeonghada). Rarely used alone.
6877	넷째	num	fourth
6878	유동	noun	flow; Unregistered forum user or their IP address.
6879	아편	noun	opium
6880	펄	noun	mudflat, tideland
6881	보따리	noun	a bundle, a package
6882	우리말	noun	the Korean language
6883	주저	noun	hesitation
6884	고층	noun	something of high-rise, multistory
6885	평방	noun	the second power of a number etc., square
6886	연결하다	verb	to connect, to join, to attach, to link
6887	근원	noun	root, cause, source, origin
6888	동결	noun	freezing, congelation, congealment
6889	뉴턴	name	Newton
6890	역량	noun	ability, capacity, capability
6891	부정적	noun	Something which is negative.
6892	베니스	name	Venice (a city, the regional capital of Veneto, Italy)
6893	이르다	adj	to be early; to be premature
6894	찢	name	short for 찢재명 (Jjit-Jaemyeong, derogatory nickname for Lee Jae-myung)
6895	이맘	noun	imam
6896	말귀	noun	understanding, grasping of the meaning (of spoken words)
6897	탱고	noun	tango
6898	비뇨기과	noun	urology; department of urology
6899	머릿결	noun	hair texture; texture of one's hair
6900	지리	noun	geography
6901	그늘	noun	shade, shadow; protection, care
6902	홉	noun	a unit of volume equivalent to about 180 ml
6903	오사카	name	Osaka (a city in Honshū, Japan)
6904	야곱	name	Jacob
6905	침략	noun	aggression; invasion
6906	밀다	verb	to push
6907	윙크	noun	wink
6908	눈깔	noun	eye, eyeball
6909	송어	noun	The masu or masu salmon, Onchorhynchus masou masou.
6910	폭격기	noun	bomber (aircraft)
6911	스탈린	name	Joseph Stalin
6912	적용	noun	application
6913	모닥불	noun	balefire, bonfire
6914	배우다	verb	to learn (of); to teach
6915	서점	noun	bookshop (shop that sells books)
6916	추출	noun	extraction
6917	휴양지	noun	vacation spot, resort
6918	몸소	adv	personally, directly, in person
6919	해부	noun	dissection; autopsy
6920	기다	verb	to crawl, to creep, to grovel
6921	아울러	adv	in addition, furthermore, as well as
6922	속담	noun	proverb, adage, saying
6923	유방	noun	udder, breast
6924	잡히다	verb	to be caught
6925	햄스터	noun	hamster
6926	베이징	name	Beijing (the capital city of China)
6927	살사	noun	salsa (condiment)
6928	유감	noun	regret
6929	클래스	noun	class (group of students in a regularly scheduled meeting with a teacher)
6930	국선	noun	being chosen by the country
6931	웃음소리	noun	laughter, laughing voice
6932	수심	noun	orthocenter
6933	녹	noun	rust (result of oxidation)
6934	갖가지	det	abbreviation of 가지가지 (gajigaji, “various kinds of”)
6935	수줍어	adj	Infinitive form of 수줍다.
6936	어쭈	intj	Augmentative of 어주 (eoju). Used to deride or mock another’s boastful words or behavior.
6937	o형	noun	type O
6938	천지	noun	heaven and earth
6939	백마	noun	white horse; white woman (as an object of sexual desire)
6940	산장	noun	mountain chalet
6941	서경	name	the Book of Documents
6942	십억	num	billion, milliard
6943	롤리	name	[~시(市)] Raleigh (the capital city of North Carolina, United States)
6944	비만	noun	obesity
6945	당뇨병	noun	diabetes
6946	스테이지	noun	stage
6947	리튬	noun	lithium (chemical element)
6948	속셈	noun	internal thoughts, secret motivations
6949	화력	noun	heating power (of a stove, etc.)
6950	휴게실	noun	lounge
6951	한가	root	Root of 한가하다 (han'gahada). Rarely used alone.
6952	칠리	noun	chili
6953	명령어	noun	command
6954	사생아	noun	love child; illegitimate child; bastard
6955	탄창	noun	magazine (ammunition clip)
6956	대수	noun	a large number
6957	원조	noun	aid; assistance; support
6958	뇌졸중	noun	stroke
6959	유행	noun	fashion, vogue
6960	미덕	noun	virtue
6961	자장가	noun	lullaby (a soothing song to lull children to sleep)
6962	임명	noun	appointment
6963	추위	noun	cold
6964	뽑기	noun	synonym of 달고나 (dalgona, “dalgona”)
6965	황무지	noun	badlands; wastes, wastelands; moor; wilds
6966	가만있다	adj	still, gentle
6967	치약	noun	toothpaste
6968	여학생	noun	female student; schoolgirl
6969	지원서	noun	application
6970	초가	noun	thatched house
6971	하이퍼	noun	hyper
6972	매매	noun	buying and selling
6973	상하이	name	Shanghai (a city in China)
6974	배다	verb	to soak into; to penetrate
6975	맞이	noun	welcoming, receiving, greeting
6976	건달	noun	scoundrel; loafer
6977	묶다	verb	to tie up, to bind
6978	일제	noun	unison, simultaneity
6979	설비	noun	equipment; facilities
6980	새총	noun	slingshot
6981	구별	noun	A distinction; a differentiation
6982	배스	noun	The largemouth bass, Micropterus salmoides.
6983	입원하다	verb	to be hospitalized
6984	대단	root	Root of 대단하다 (daedanhada). Rarely used alone.
6985	함량	noun	amount that is contained
6986	눈가리개	noun	blindfold
6987	그램	noun	gram (unit)
6988	라벨	noun	label (small ticket or sign giving information)
6989	최후통첩	noun	ultimatum
6990	매직	noun	magic
6991	마치다	verb	to finish
6992	아테네	name	Athens (the capital of Greece)
6993	덕후	noun	fan, -holic
6994	상속	noun	inheritance; succession
6995	궁금	noun	hollow, empty
6996	고사	noun	examination, test
6997	소감	noun	feelings, impressions, thoughts, opinions
6998	승강기	noun	synonym of 엘리베이터 (ellibeiteo, “elevator”)
6999	처형	noun	execution (taking of life as punishment)
7000	공로	noun	contribution; merits; meritorious achievements
7001	공무	noun	official business; public duty
7002	정거장	noun	station, esp. (space) station
7003	바그다드	name	Baghdad (the capital city of Iraq)
7004	개조	noun	remodelling
7005	체조	noun	gymnastics
7006	일꾼	noun	worker
7007	면밀히	adv	closely; carefully
7008	인내	noun	patience; endurance, perseverance
7009	문구	noun	stationery
7010	마그네슘	noun	magnesium (chemical element)
7011	폭죽	noun	firework, firecracker, sparkler
7012	수습	noun	collection, act of collecting
7013	소주	noun	soju, Korean rice liquor
7014	효력	noun	effect
7015	땅바닥	noun	the ground
7016	갈가리	adv	to pieces; to shreds
7017	탐욕	noun	greediness, avarice (selfish desire for more than is needed)
7018	요령	noun	tip; trick
7019	꽁무니	noun	tail
7020	추천	noun	recommendation
7021	음악가	noun	musician (person who performs or writes music)
7022	신비	noun	mystery (something secret or unexplainable)
7023	탈옥	noun	jailbreak
7024	래퍼	noun	rapper
7025	멧돼지	noun	wild boar (Sus scrofa)
7026	프로그래밍	noun	programming
7027	수축	noun	contraction; shrinkage
7028	중립	noun	neutrality
7029	익사	noun	drowning
7030	찰흙	noun	clay
7031	한국어	noun	the Korean language
7032	악덕	noun	vice, immorality, corruption
7033	발자취	noun	footprint
7034	포함하다	verb	to include; to entail
7035	생각되다	verb	to occur or come to mind
7036	늙다리	noun	old beast (old animal)
7037	침몰	noun	sinking; going under
7038	킬로	noun	kilo (unit of weight), kilogram
7039	남김없이	adv	without reserve; entirely; wholly
7040	데뷔	noun	debut
7041	마카로니	noun	macaroni
7042	진료소	noun	clinic
7043	낱낱이	adv	one by one; entirely
7044	꼬꼬댁	noun	cock-a-doodle-doo; while crowing
7045	피부색	noun	skin color
7046	월세	noun	wolse (lease in which rent is paid monthly)
7047	의뢰	noun	request
7048	회계사	noun	accountant
7049	빈민가	noun	slum
7050	하이라이트	noun	highlight (strongly illuminated area in a drawing, painting, or photograph)
7051	신종	noun	new style, new type
7052	야광	noun	shining in the dark
7053	게릴라	noun	guerrilla (warfare or irregular soldier)
7054	큰소리	noun	big talk; loud voice
7055	생각나다	verb	to occur to someone, to come to mind
7056	구축	noun	construction, building
7057	족장	noun	clan leader; chieftain
7058	신청하다	verb	to apply for
7059	오죽	adv	how much
7060	계부	noun	stepfather
7061	소다수	noun	synonym of 탄산수(炭酸水) (tansansu, “carbonated water”); soda water
7062	흑사병	noun	Black Death
7063	환호	noun	cheer, acclaim; rejoicing, shouts of joy, jubilation
7064	사용되다	verb	to be used (for some purpose)
7065	루프	noun	loop
7066	리본	noun	ribbon
7067	천주교	noun	Catholic Church
7068	미네소타	name	[~주(州)] Minnesota (a state in the Upper Midwest region of the United States)
7069	안도	name	Antu (a county of Yanbian prefecture, Jilin, China)
7070	감금	noun	imprisonment, captivity, confinement, detention
7071	꽃미남	noun	kkonminam, bishonen, visually attractive man having somewhat androgynous aesthetic
7072	환불	noun	refund
7073	자책	noun	blaming oneself
7074	궁수	noun	archer; bowman
7075	칼륨	noun	potassium
7076	터전	noun	site (of living)
7077	기장	noun	pilot in command; plane captain
7078	돕다	verb	to help; to contribute
7079	콩고	name	Democratic Republic of the Congo
7080	시베리아	name	Siberia (the region of Russia in Asia)
7081	진출	noun	advancement
7082	흉기	noun	deadly weapon; lethal weapon
7083	오작동	noun	malfunction
7084	나타내다	verb	to indicate, represent, show
7085	광맥	noun	mineral vein
7086	블라디미르	name	a transliteration of the Russian male given name Влади́мир (Vladímir), Vladimir
7087	맘속	noun	contraction of 마음속 (ma'eumsok)
7088	기한	noun	time limit
7089	철제	noun	made of iron
7090	브리지	noun	bridge (card game)
7091	실습	noun	practice, training, drill
7092	구타	noun	beating; assault
7093	품질	noun	quality (of a product)
7094	히트	noun	hit (the act of being struck)
7095	앞마당	noun	front yard, front garden
7096	고비	noun	crisis, critical moment
7097	뜻하다	verb	to mean; to signify
7098	보탬	noun	help; support; aid
7099	소방서	noun	fire station, fire department, firehouse
7100	협력자	noun	collaborator, cooperator
7101	슬리퍼	noun	slippers
7102	스시	noun	sushi (usually seafood sushi)
7103	안방	noun	inner room
7104	술탄	noun	sultan (ruler)
7105	통치	noun	rule; reign
7106	운전석	noun	driver's seat
7107	긴장하다	verb	to be/become nervous, tense, strained
7108	호프	noun	bar or pub
7109	신고하다	verb	to report, to notify, to declare
7110	실탄	noun	live bullets, live ammunition, ball cartridge
7111	정신감응	noun	telepathy
7112	핏자국	noun	bloodstain
7113	차비	noun	fare (e.g. bus, train or taxi)
7114	만물	noun	all things; the world
7115	무책임	noun	irresponsibility
7116	타임머신	noun	time machine
7117	뭍	noun	land (in opposition to the sea)
7118	추다	verb	to dance
7119	조사하다	verb	to investigate, to examine; to conduct a survey
7120	관중	noun	spectators; audience
7121	섭취	noun	intake (of food, nutrients, etc.)
7122	요건	noun	agenda; important matter
7123	지루	root	Root of 지루하다 (jiruhada, “to be boring, tedious, dull”). Rarely used alone.
7124	미혼	noun	a single (not married) person, bachelor; being unmarried
7125	싹	noun	bud; shoot; sprout
7126	송두리째	adv	root and branch, all, completely
7127	공상	noun	fantasy, daydream
7128	위대	noun	great; greatness
7129	웜홀	noun	wormhole
7130	희귀	noun	rarity, uncommonness
7131	전지	noun	a battery (device producing electricity)
7132	기동	noun	manoeuvre
7133	보증	noun	assurance, guarantee
7134	펩시	name	Pepsi
7135	능금	noun	fruit of the Chinese pearleaf crabapple
7136	점원	noun	shop assistant, salesclerk, clerk, salesman, (saleswoman)
7137	목도	noun	wooden sword used for training
7138	조상	noun	One’s deceased ancestor or ancestors.
7139	해수	noun	cough
7140	빙	noun	round; while circling a relatively large area once
7141	지난해	noun	the previous year
7142	간장	noun	soy sauce made from soybean
7143	무력	noun	powerlessness; incompetence
7144	명분	noun	justification
7145	기여	noun	contribution
7146	유출	noun	outflow; leak
7147	떠오르다	verb	to rise, to arise
7148	온실	noun	greenhouse
7149	방망이	noun	a club, a bat
7150	향신료	noun	spice
7151	뛰어나다	adj	to excel; to be outstanding
7152	하드웨어	noun	hardware
7153	스리랑카	name	Sri Lanka (an island and country in South Asia, off the coast of India)
7154	덕택	noun	help, aid, assistance, support, backing
7155	방학	noun	school vacation; school holiday
7156	정시	noun	fixed time; regular time
7157	예상하다	verb	to expect, to anticipate, to predict
7158	영안실	noun	morgue, mortuary
7159	재떨이	noun	ashtray
7160	슈	name	Shu (Egyptian god)
7161	방탄복	noun	bulletproof vest
7162	변소	noun	toilet; WC
7163	엇	intj	Used to express mild surprise, usually at something undesirable.
7164	접근하다	verb	to approach, to come/get close
7165	호빵	noun	hoppang (Korean steamed bun with red bean paste filling)
7166	찬사	noun	praise, compliment
7167	다루다	verb	to handle; to deal with
7168	도관	noun	Daoist temple
7169	개혁	noun	reform
7170	카레	noun	curry
7171	모친	noun	mother
7172	스마일	noun	smile
7173	원리	noun	principle
7174	즐기다	verb	to enjoy
7175	미니밴	noun	minivan
7176	등록금	noun	tuition
7177	오케스트라	noun	orchestra
7178	주중	noun	weekday
7179	비단	noun	silk (fiber)
7180	독소	noun	toxin
7181	투자자	noun	investor
7182	신약	name	New Testament
7183	공동체	noun	community
7184	컴백	noun	comeback
7185	과외	noun	extracurricular work
7186	징집	noun	conscription, draft
7187	면도기	noun	razor; shaver
7188	따뜻하다	adj	warm
7189	병상	noun	sickbed, hospital bed
7190	북극	noun	north pole, Arctic
7191	고용주	noun	employer
7192	추방	noun	expulsion
7193	옴	noun	scab, scabies, (of a mammal) mange
7194	귀뚜라미	noun	cricket (insect)
7195	양로원	noun	a nursing home
7196	대만	name	Taiwan; Taiwan (an island between the Taiwan Strait and Philippine Sea in East Asia)
7197	의존	noun	dependence; dependence on a modifier
7198	자본주의	noun	capitalism
7199	채팅	noun	chat; chatting (exchange of text or voice messages in real time)
7200	침해	noun	violation, infringement (of rights, etc.)
7201	돌연	adv	suddenly; unexpectedly; abruptly; all of a sudden
7202	참호	noun	trench, foxhole, dugout
7203	교외	noun	suburb; outskirts
7204	콘도르	noun	a condor
7205	보관소	noun	archive, depository
7206	총질	noun	use of a gun; shooting
7207	심야	noun	midnight; late night
7208	겉모습	noun	appearance, look (outward)
7209	갈렙	name	Caleb
7210	재정적	noun	financial; economic
7211	스승	noun	mentor, instructor, guide (in life)
7212	예지몽	noun	predictive dream; dream that tells the future
7213	망나니	noun	yahoo, thug, ruffian
7214	낙엽	noun	fallen leaves; defoliation
