word	sentence	translation	difficulty_rank	gloss
e	Kia pai te mahi ki te hunga e kino ana ki a koutou.	Do good to those who hate you.	66	SBJV · good · the · work · to · the · people · PROG · bad · PROG · to · PERS · 2PL
te	Kia pai te mahi ki te hunga e kino ana ki a koutou.	Do good to those who hate you.	66	SBJV · good · the · work · to · the · people · PROG · bad · PROG · to · PERS · 2PL
kia	Kia pai te mahi ki te hunga e kino ana ki a koutou.	Do good to those who hate you.	66	SBJV · good · the · work · to · the · people · PROG · bad · PROG · to · PERS · 2PL
hunga	Kia pai te mahi ki te hunga e kino ana ki a koutou.	Do good to those who hate you.	66	SBJV · good · the · work · to · the · people · PROG · bad · PROG · to · PERS · 2PL
pai	Kia pai te mahi ki te hunga e kino ana ki a koutou.	Do good to those who hate you.	66	SBJV · good · the · work · to · the · people · PROG · bad · PROG · to · PERS · 2PL
ana	Kia pai te mahi ki te hunga e kino ana ki a koutou.	Do good to those who hate you.	66	SBJV · good · the · work · to · the · people · PROG · bad · PROG · to · PERS · 2PL
koutou	Kia pai te mahi ki te hunga e kino ana ki a koutou.	Do good to those who hate you.	66	SBJV · good · the · work · to · the · people · PROG · bad · PROG · to · PERS · 2PL
ki	Kia pai te mahi ki te hunga e kino ana ki a koutou.	Do good to those who hate you.	66	SBJV · good · the · work · to · the · people · PROG · bad · PROG · to · PERS · 2PL
mahi	Kia pai te mahi ki te hunga e kino ana ki a koutou.	Do good to those who hate you.	66	SBJV · good · the · work · to · the · people · PROG · bad · PROG · to · PERS · 2PL
kino	Kia pai te mahi ki te hunga e kino ana ki a koutou.	Do good to those who hate you.	66	SBJV · good · the · work · to · the · people · PROG · bad · PROG · to · PERS · 2PL
a	Kia pai te mahi ki te hunga e kino ana ki a koutou.	Do good to those who hate you.	66	SBJV · good · the · work · to · the · people · PROG · bad · PROG · to · PERS · 2PL
te	I te taha noa atu ahau.	I was just passing by.	86	PST · PROG · pass.by · just · thither · 1SG
taha	I te taha noa atu ahau.	I was just passing by.	86	PST · PROG · pass.by · just · thither · 1SG
noa	I te taha noa atu ahau.	I was just passing by.	86	PST · PROG · pass.by · just · thither · 1SG
i	I te taha noa atu ahau.	I was just passing by.	86	PST · PROG · pass.by · just · thither · 1SG
ahau	I te taha noa atu ahau.	I was just passing by.	86	PST · PROG · pass.by · just · thither · 1SG
atu	I te taha noa atu ahau.	I was just passing by.	86	PST · PROG · pass.by · just · thither · 1SG
e	E aroha ana ahau ki tāku wahine.	I love my wife.	102	PROG · love · PROG · 1SG · to · 1SG.POSS · woman
aroha	E aroha ana ahau ki tāku wahine.	I love my wife.	102	PROG · love · PROG · 1SG · to · 1SG.POSS · woman
ana	E aroha ana ahau ki tāku wahine.	I love my wife.	102	PROG · love · PROG · 1SG · to · 1SG.POSS · woman
tāku	E aroha ana ahau ki tāku wahine.	I love my wife.	102	PROG · love · PROG · 1SG · to · 1SG.POSS · woman
ki	E aroha ana ahau ki tāku wahine.	I love my wife.	102	PROG · love · PROG · 1SG · to · 1SG.POSS · woman
ahau	E aroha ana ahau ki tāku wahine.	I love my wife.	102	PROG · love · PROG · 1SG · to · 1SG.POSS · woman
wahine	E aroha ana ahau ki tāku wahine.	I love my wife.	102	PROG · love · PROG · 1SG · to · 1SG.POSS · woman
au	He pai ki a au.	I like it.	104	a · good · to · PERS · 1SG
pai	He pai ki a au.	I like it.	104	a · good · to · PERS · 1SG
he	He pai ki a au.	I like it.	104	a · good · to · PERS · 1SG
ki	He pai ki a au.	I like it.	104	a · good · to · PERS · 1SG
a	He pai ki a au.	I like it.	104	a · good · to · PERS · 1SG
au	Kei te aroha au ki a koe.	I love you.	104	PROG · PROG · love · 1SG · to · PERS · 2SG
aroha	Kei te aroha au ki a koe.	I love you.	104	PROG · PROG · love · 1SG · to · PERS · 2SG
koe	Kei te aroha au ki a koe.	I love you.	104	PROG · PROG · love · 1SG · to · PERS · 2SG
a	Kei te aroha au ki a koe.	I love you.	104	PROG · PROG · love · 1SG · to · PERS · 2SG
e	E rua tekau āna tamariki.	She has twenty children.	126	NUM · two · ten · 3SG.POSS.PL · children
āna	E rua tekau āna tamariki.	She has twenty children.	126	NUM · two · ten · 3SG.POSS.PL · children
tamariki	E rua tekau āna tamariki.	She has twenty children.	126	NUM · two · ten · 3SG.POSS.PL · children
rua	E rua tekau āna tamariki.	She has twenty children.	126	NUM · two · ten · 3SG.POSS.PL · children
tekau	E rua tekau āna tamariki.	She has twenty children.	126	NUM · two · ten · 3SG.POSS.PL · children
nui	He nui rawa te utu!	It's too expensive!	140	a · big · very · the · price
rawa	He nui rawa te utu!	It's too expensive!	140	a · big · very · the · price
utu	He nui rawa te utu!	It's too expensive!	140	a · big · very · the · price
kua	He maha ngā mea o te ao kua kitea e ia.	He has seen much of the world.	168	a · many · the.PL · thing · of · the · world · PERF · see.PASS · by · 3SG
o	He maha ngā mea o te ao kua kitea e ia.	He has seen much of the world.	168	a · many · the.PL · thing · of · the · world · PERF · see.PASS · by · 3SG
ao	He maha ngā mea o te ao kua kitea e ia.	He has seen much of the world.	168	a · many · the.PL · thing · of · the · world · PERF · see.PASS · by · 3SG
mea	He maha ngā mea o te ao kua kitea e ia.	He has seen much of the world.	168	a · many · the.PL · thing · of.O · the · world · PERF · see.PASS · by · 3SG
ngā	He maha ngā mea o te ao kua kitea e ia.	He has seen much of the world.	168	a · many · the.PL · thing · of.O · the · world · PERF · see.PASS · by · 3SG
kitea	He maha ngā mea o te ao kua kitea e ia.	He has seen much of the world.	168	a · many · the.PL · thing · of.O · the · world · PERF · see.PASS · by · 3SG
ia	He maha ngā mea o te ao kua kitea e ia.	He has seen much of the world.	168	a · many · the.PL · thing · of.O · the · world · PERF · see.PASS · by · 3SG
maha	He maha ngā mea o te ao kua kitea e ia.	He has seen much of the world.	168	a · many · the.PL · thing · of.O · the · world · PERF · see.PASS · by · 3SG
kua	Kua rua ngā rā kua kore au e moe.	I haven't slept for two days.	193	PERF · two · the.PL · day · PERF · NEG · 1SG · NPST · sleep
moe	Kua rua ngā rā kua kore au e moe.	I haven't slept for two days.	193	PERF · two · the.PL · day · PERF · NEG · 1SG · NPST · sleep
rua	Kua rua ngā rā kua kore au e moe.	I haven't slept for two days.	193	PERF · two · the.PL · day · PERF · NEG · 1SG · NPST · sleep
ngā	Kua rua ngā rā kua kore au e moe.	I haven't slept for two days.	193	PERF · two · the.PL · day · PERF · NEG · 1SG · NPST · sleep
kore	Kua rua ngā rā kua kore au e moe.	I haven't slept for two days.	193	PERF · two · the.PL · day · PERF · NEG · 1SG · NPST · sleep
rā	Kua rua ngā rā kua kore au e moe.	I haven't slept for two days.	193	PERF · two · the.PL · day · PERF · NEG · 1SG · NPST · sleep
ana	E hiahia ana ahau ki te hoki atu.	I want to go back.	214	PROG · want · PROG · 1SG · to · the · return · DIR.AWAY
hoki	E hiahia ana ahau ki te hoki atu.	I want to go back.	214	PROG · want · PROG · 1SG · to · the · return · DIR.AWAY
hiahia	E hiahia ana ahau ki te hoki atu.	I want to go back.	214	PROG · want · PROG · 1SG · to · the · return · DIR.AWAY
atu	E hiahia ana ahau ki te hoki atu.	I want to go back.	214	PROG · want · PROG · 1SG · to · the · return · DIR.AWAY
ai	He aha i kore ai koe e tuku i a ia kia whiriwhiri?	Why don't you let him decide?	260	a · what · PST · NEG · REL · 2SG · NPST · allow · OBJ · PERS · 3SG · SBJV · choose
kia	He aha i kore ai koe e tuku i a ia kia whiriwhiri?	Why don't you let him decide?	260	a · what · PST · NEG · REL · 2SG · NPST · allow · OBJ · PERS · 3SG · SBJV · choose
whiriwhiri	He aha i kore ai koe e tuku i a ia kia whiriwhiri?	Why don't you let him decide?	260	a · what · PST · NEG · REL · 2SG · NPST · allow · OBJ · PERS · 3SG · SBJV · choose
kore	He aha i kore ai koe e tuku i a ia kia whiriwhiri?	Why don't you let him decide?	260	a · what · PST · NEG · REL · 2SG · NPST · allow · OBJ · PERS · 3SG · SBJV · choose
aha	He aha i kore ai koe e tuku i a ia kia whiriwhiri?	Why don't you let him decide?	260	a · what · PST · NEG · REL · 2SG · NPST · allow · OBJ · PERS · 3SG · SBJV · choose
i	He aha i kore ai koe e tuku i a ia kia whiriwhiri?	Why don't you let him decide?	260	a · what · PST · NEG · REL · 2SG · NPST · allow · OBJ · PERS · 3SG · SBJV · choose
ia	He aha i kore ai koe e tuku i a ia kia whiriwhiri?	Why don't you let him decide?	260	a · what · PST · NEG · REL · 2SG · NPST · allow · OBJ · PERS · 3SG · SBJV · choose
tuku	He aha i kore ai koe e tuku i a ia kia whiriwhiri?	Why don't you let him decide?	260	a · what · PST · NEG · REL · 2SG · NPST · allow · OBJ · PERS · 3SG · SBJV · choose
wai	He tino reka te wai.	The water's really nice.	267	a · very · sweet · the · water
reka	He tino reka te wai.	The water's really nice.	267	a · very · sweet · the · water
tino	He tino reka te wai.	The water's really nice.	267	a · very · sweet · the · water
hapa	I kai hapa ahau i a ia.	I had dinner with him.	277	PST · eat · supper · 1SG · OBJ · PERS · 3SG
i	I kai hapa ahau i a ia.	I had dinner with him.	277	PST · eat · supper · 1SG · OBJ · PERS · 3SG
ia	I kai hapa ahau i a ia.	I had dinner with him.	277	PST · eat · supper · 1SG · OBJ · PERS · 3SG
kai	I kai hapa ahau i a ia.	I had dinner with him.	277	PST · eat · supper · 1SG · OBJ · PERS · 3SG
whakaahua	I paingia e koe taku whakaahua?	Did you like my picture?	410	PST · like.PASS · by · 2SG · 1SG.POSS · picture
paingia	I paingia e koe taku whakaahua?	Did you like my picture?	410	PST · like.PASS · by · 2SG · 1SG.POSS · picture
taku	I paingia e koe taku whakaahua?	Did you like my picture?	410	PST · like.PASS · by · 2SG · 1SG.POSS · picture
pene	Kei hea te pene nei?	Where was this pen?	421	at · where · the · pen · this
nei	Kei hea te pene nei?	Where was this pen?	421	at · where · the · pen · this
hea	Kei hea te pene nei?	Where was this pen?	421	at · where · the · pen · this
urunga	Kotahi anake te urunga.	There is only one pillow.	473	one · only · the · pillow
pereti	E hia ngā pereti, e hia ngā kapu?	How many plates and cups are there?	556	NUM · how.many · the.PL · plate · NUM · how.many · the.PL · cup
hia	E hia ngā pereti, e hia ngā kapu?	How many plates and cups are there?	556	NUM · how.many · the.PL · plate · NUM · how.many · the.PL · cup
kapu	E hia ngā pereti, e hia ngā kapu?	How many plates and cups are there?	556	NUM · how.many · the.PL · plate · NUM · how.many · the.PL · cup
ngā	E hia ngā pereti, e hia ngā kapu?	How many plates and cups are there?	556	NUM · how.many · the.PL · plate · NUM · how.many · the.PL · cup
akoranga	He pai te mahi akoranga ki a koe?	Do you enjoy studying?	584	a · good · the · work · learning · to · PERS · 2SG
mahi	He pai te mahi akoranga ki a koe?	Do you enjoy studying?	584	a · good · the · work · learning · to · PERS · 2SG
me	Me utu e koe āu nama.	You should pay back your debts.	585	OBLIG · pay · by · 2SG · 2SG.POSS.PL · debt
āu	Me utu e koe āu nama.	You should pay back your debts.	585	OBLIG · pay · by · 2SG · 2SG.POSS.PL · debt
nama	Me utu e koe āu nama.	You should pay back your debts.	585	OBLIG · pay · by · 2SG · 2SG.POSS.PL · debt
utu	Me utu e koe āu nama.	You should pay back your debts.	585	OBLIG · pay · by · 2SG · 2SG.POSS.PL · debt
taihoa	Taihoa ake.	Hang on a sec.	656	wait · shortly
hiahia	E hiahia noa ana au ki te tuku mihi atu ki a koe.	I just want to thank you.	800	PROG · want · just · PROG · 1SG · to · the · offer · greeting · away · to · PERS · 2SG
mihi	E hiahia noa ana au ki te tuku mihi atu ki a koe.	I just want to thank you.	800	PROG · want · just · PROG · 1SG · to · the · offer · greeting · away · to · PERS · 2SG
noa	E hiahia noa ana au ki te tuku mihi atu ki a koe.	I just want to thank you.	800	PROG · want · just · PROG · 1SG · to · the · offer · greeting · away · to · PERS · 2SG
tuku	E hiahia noa ana au ki te tuku mihi atu ki a koe.	I just want to thank you.	800	PROG · want · just · PROG · 1SG · to · the · offer · greeting · away · to · PERS · 2SG
atu	E hiahia noa ana au ki te tuku mihi atu ki a koe.	I just want to thank you.	800	PROG · want · just · PROG · 1SG · to · the · send · greeting · thither · to · PERS · 2SG
hou	Kāore te taro i te hou.	The bread is not fresh.	811	NEG · the · bread · PROG · the · fresh
kāore	Kāore te taro i te hou.	The bread is not fresh.	811	NEG · the · bread · PROG · the · fresh
taro	Kāore te taro i te hou.	The bread is not fresh.	811	NEG · the · bread · PROG · the · fresh
hiahia	Kāore au e hiahia ana ki te haere ki te kura.	I don't want to go to school.	811	NEG · 1SG · PROG · want · PROG · to · the · go · to · the · school
kāore	Kāore au e hiahia ana ki te haere ki te kura.	I don't want to go to school.	811	NEG · 1SG · PROG · want · PROG · to · the · go · to · the · school
kura	Kāore au e hiahia ana ki te haere ki te kura.	I don't want to go to school.	811	NEG · 1SG · PROG · want · PROG · to · the · go · to · the · school
haere	Kāore au e hiahia ana ki te haere ki te kura.	I don't want to go to school.	811	NEG · 1SG · PROG · want · PROG · to · the · go · to · the · school
paingia	Kāore e paingia ana e au te kai parai.	I don't like fried food.	811	NEG · PROG · like.PASS · PROG · by · 1SG · the · food · fried
parai	Kāore e paingia ana e au te kai parai.	I don't like fried food.	811	NEG · PROG · like.PASS · PROG · by · 1SG · the · food · fried
noho	Kāore koe i hiahia ki noho ki a au?	Don't you want to sit with me?	811	NEG · 2SG · PST · want · to · sit · to · PERS · 1SG
rangi	He tino makariri tēnei rangi.	It's really cold today.	812	a · very · cold · this · day
tēnei	He tino makariri tēnei rangi.	It's really cold today.	812	a · very · cold · this · day
makariri	He tino makariri tēnei rangi.	It's really cold today.	812	a · very · cold · this · day
tino	He tino makariri tēnei rangi.	It's really cold today.	812	a · very · cold · this · day
kua	Kua wera te āhua o te rangi i tēnei marama, hāunga tēnei rā.	It's been hot this month, but today's an exception.	812	PERF · hot · the · appearance · of · the · sky · at · this · month · except · this · day
marama	Kua wera te āhua o te rangi i tēnei marama, hāunga tēnei rā.	It's been hot this month, but today's an exception.	812	PERF · hot · the · appearance · of · the · sky · at · this · month · except · this · day
āhua	Kua wera te āhua o te rangi i tēnei marama, hāunga tēnei rā.	It's been hot this month, but today's an exception.	812	PERF · hot · the · appearance · of · the · sky · at · this · month · except · this · day
wera	Kua wera te āhua o te rangi i tēnei marama, hāunga tēnei rā.	It's been hot this month, but today's an exception.	812	PERF · hot · the · appearance · of · the · sky · at · this · month · except · this · day
rangi	Kua wera te āhua o te rangi i tēnei marama, hāunga tēnei rā.	It's been hot this month, but today's an exception.	812	PERF · hot · the · appearance · of · the · sky · at · this · month · except · this · day
o	Kua wera te āhua o te rangi i tēnei marama, hāunga tēnei rā.	It's been hot this month, but today's an exception.	812	PERF · hot · the · appearance · of · the · sky · at · this · month · except · this · day
tēnei	Kua wera te āhua o te rangi i tēnei marama, hāunga tēnei rā.	It's been hot this month, but today's an exception.	812	PERF · hot · the · appearance · of · the · sky · at · this · month · except · this · day
rā	Kua wera te āhua o te rangi i tēnei marama, hāunga tēnei rā.	It's been hot this month, but today's an exception.	812	PERF · hot · the · appearance · of · the · sky · at · this · month · except · this · day
kura	He aha koe i ako i te kura i tēnei rā?	What did you learn at school today?	812	a · what · 2SG · PST · learn · at · the · school · at · this · day
tēnei	He aha koe i ako i te kura i tēnei rā?	What did you learn at school today?	812	a · what · 2SG · PST · learn · at · the · school · at · this · day
rā	He aha koe i ako i te kura i tēnei rā?	What did you learn at school today?	812	a · what · 2SG · PST · learn · at · the · school · at · this · day
aha	He aha koe i ako i te kura i tēnei rā?	What did you learn at school today?	812	a · what · 2SG · PST · learn · at · the · school · at · this · day
ako	He aha koe i ako i te kura i tēnei rā?	What did you learn at school today?	812	a · what · 2SG · PST · learn · at · the · school · at · this · day
kī	Kī atu ki a rātou he mea nui.	Please tell them it's important.	813	say · thither · to · PERS · 3PL · a · thing · big
mea	Kī atu ki a rātou he mea nui.	Please tell them it's important.	813	say · thither · to · PERS · 3PL · a · thing · big
nui	Kī atu ki a rātou he mea nui.	Please tell them it's important.	813	say · thither · to · PERS · 3PL · a · thing · big
rātou	Kī atu ki a rātou he mea nui.	Please tell them it's important.	813	say · thither · to · PERS · 3PL · a · thing · big
mahi	He aha rātou e mahi ana?	What are the others doing?	813	a · what · 3PL · PROG · work · PROG
rātou	He aha rātou e mahi ana?	What are the others doing?	813	a · what · 3PL · PROG · work · PROG
runga	Kei runga noa atu rātou.	They are awesome.	813	at · top · just · thither · 3PL
noa	Kei runga noa atu rātou.	They are awesome.	813	at · top · just · thither · 3PL
rātou	Kei runga noa atu rātou.	They are awesome.	813	at · top · just · thither · 3PL
ai	He aha i kore ai koe e rata mai ki a mātou?	What didn't you like about us?	814	a · what · PST · NEG · ANAPH · 2SG · FUT · fond · hither · to · PERS · 1PL.EXCL
mai	He aha i kore ai koe e rata mai ki a mātou?	What didn't you like about us?	814	a · what · PST · NEG · ANAPH · 2SG · FUT · fond · hither · to · PERS · 1PL.EXCL
mātou	He aha i kore ai koe e rata mai ki a mātou?	What didn't you like about us?	814	a · what · PST · NEG · ANAPH · 2SG · FUT · fond · hither · to · PERS · 1PL.EXCL
kore	He aha i kore ai koe e rata mai ki a mātou?	What didn't you like about us?	814	a · what · PST · NEG · ANAPH · 2SG · FUT · fond · hither · to · PERS · 1PL.EXCL
rata	He aha i kore ai koe e rata mai ki a mātou?	What didn't you like about us?	814	a · what · PST · NEG · ANAPH · 2SG · FUT · fond · hither · to · PERS · 1PL.EXCL
puku	Kei te mamae tōku puku.	My stomach hurts.	815	PROG · PROG · hurt · 1SG.POSS · stomach
mamae	Kei te mamae tōku puku.	My stomach hurts.	815	PROG · PROG · hurt · 1SG.POSS · stomach
tōku	Kei te mamae tōku puku.	My stomach hurts.	815	PROG · PROG · hurt · 1SG.POSS · stomach
tō	He aha tō tino pepeha?	What's your favorite saying?	816	a · what · 2SG.POSS · main · saying
pepeha	He aha tō tino pepeha?	What's your favorite saying?	816	a · what · 2SG.POSS · main · saying
tino	He aha tō tino pepeha?	What's your favorite saying?	816	a · what · 2SG.POSS · main · saying
anō	Kāore au e kai i te mīti i a au anō.	I don't eat meat myself.	817	NEG · 1SG · FUT · eat · OBJ · the · meat · by · PERS · 1SG · self
mīti	Kāore au e kai i te mīti i a au anō.	I don't eat meat myself.	817	NEG · 1SG · FUT · eat · OBJ · the · meat · at · PERS · 1SG · self
kaupapa	He kaupapa pai tēnā.	That's a good plan.	818	a · plan · good · that.MED
tiaki	E kore e taea e au te tiaki i a ia.	I can't protect her.	819	FUT · NEG · FUT · can · by · 1SG · the · care.for · OBJ · PERS · 3SG
taea	E kore e taea e au te tiaki i a ia.	I can't protect her.	819	FUT · NEG · FUT · can · by · 1SG · the · care.for · OBJ · PERS · 3SG
whakamahi	Ka taea e koe te whakamahi i tāku.	You can use mine.	819	FUT · can · by · 2SG · the · use · OBJ · 1SG.POSS.A
taea	Ka taea e koe te whakamahi i tāku.	You can use mine.	819	FUT · can · by · 2SG · the · use · OBJ · 1SG.POSS.A
tāku	Ka taea e koe te whakamahi i tāku.	You can use mine.	819	FUT · can · by · 2SG · the · use · OBJ · 1SG.POSS.A
ka	Ka taea e koe te whakamahi i tāku.	You can use mine.	819	FUT · can · by · 2SG · the · use · OBJ · 1SG.POSS.A
pēhea	I pēhea koe i uru mai ai? He kī tāu?	How did you get in? Do you have a key?	820	PST · how · 2SG · PST · enter · hither · ANAPH · a · key · 2SG.POSS.A
ai	I pēhea koe i uru mai ai? He kī tāu?	How did you get in? Do you have a key?	820	PST · how · 2SG · PST · enter · hither · ANAPH · a · key · 2SG.POSS.A
kī	I pēhea koe i uru mai ai? He kī tāu?	How did you get in? Do you have a key?	820	PST · how · 2SG · PST · enter · hither · ANAPH · a · key · 2SG.POSS.A
mai	I pēhea koe i uru mai ai? He kī tāu?	How did you get in? Do you have a key?	820	PST · how · 2SG · PST · enter · hither · ANAPH · a · key · 2SG.POSS.A
uru	I pēhea koe i uru mai ai? He kī tāu?	How did you get in? Do you have a key?	820	PST · how · 2SG · PST · enter · hither · ANAPH · a · key · 2SG.POSS.A
tāu	I pēhea koe i uru mai ai? He kī tāu?	How did you get in? Do you have a key?	820	PST · how · 2SG · PST · enter · hither · ANAPH · a · key · 2SG.POSS.A
pēhea	Me pēhea koe e utu ai i āu nama?	How will you pay your debts?	820	OBLIG · how · 2SG · FUT · pay · ANAPH · OBJ · 2SG.POSS.A.PL · debt
me	Me pēhea koe e utu ai i āu nama?	How will you pay your debts?	820	OBLIG · how · 2SG · FUT · pay · ANAPH · OBJ · 2SG.POSS.A.PL · debt
āu	Me pēhea koe e utu ai i āu nama?	How will you pay your debts?	820	OBLIG · how · 2SG · FUT · pay · ANAPH · OBJ · 2SG.POSS.A.PL · debt
nama	Me pēhea koe e utu ai i āu nama?	How will you pay your debts?	820	OBLIG · how · 2SG · FUT · pay · ANAPH · OBJ · 2SG.POSS.A.PL · debt
utu	Me pēhea koe e utu ai i āu nama?	How will you pay your debts?	820	OBLIG · how · 2SG · FUT · pay · ANAPH · OBJ · 2SG.POSS.A.PL · debt
ko	Ko te rere huka taku tino tākaro.	Skiing is my favorite sport.	821	IDENT · the · fly · snow · 1SG.POSS · very · game
rere	Ko te rere huka taku tino tākaro.	Skiing is my favorite sport.	821	IDENT · the · fly · snow · 1SG.POSS · very · game
huka	Ko te rere huka taku tino tākaro.	Skiing is my favorite sport.	821	IDENT · the · fly · snow · 1SG.POSS · very · game
taku	Ko te rere huka taku tino tākaro.	Skiing is my favorite sport.	821	IDENT · the · fly · snow · 1SG.POSS · very · game
tākaro	Ko te rere huka taku tino tākaro.	Skiing is my favorite sport.	821	IDENT · the · fly · snow · 1SG.POSS · very · game
tērā	Kāore tērā i te pai ki a au.	I don't like the sound of that.	822	NEG · that.DIST · PROG · PROG · good · to · PERS · 1SG
tērā	Te haunga hoki o tērā!	That smells bad!	822	the · smelly · EMPH · of · that.DIST
hoki	Te haunga hoki o tērā!	That smells bad!	822	the · smelly · EMPH · of · that.DIST
haunga	Te haunga hoki o tērā!	That smells bad!	822	the · smelly · EMPH · of · that.DIST
o	Te haunga hoki o tērā!	That smells bad!	822	the · smelly · EMPH · of · that.DIST
tērā	I kitea ia e au e mahi ana i tērā mahi.	I saw him do it.	822	PST · see.PASS · 3SG · by · 1SG · PROG · work · PROG · OBJ · that.DIST · work
kitea	I kitea ia e au e mahi ana i tērā mahi.	I saw him do it.	822	PST · see.PASS · 3SG · by · 1SG · PROG · work · PROG · OBJ · that.DIST · work
nā	Nā te mea kāore ia i haere mai, kāore hoki au i haere atu.	Since he didn't come, I didn't go either.	823	because.of · the · thing · NEG · 3SG · PST · go · hither · NEG · also · 1SG · PST · go · thither
hoki	Nā te mea kāore ia i haere mai, kāore hoki au i haere atu.	Since he didn't come, I didn't go either.	823	because.of · the · thing · NEG · 3SG · PST · go · hither · NEG · also · 1SG · PST · go · thither
mai	Nā te mea kāore ia i haere mai, kāore hoki au i haere atu.	Since he didn't come, I didn't go either.	823	because.of · the · thing · NEG · 3SG · PST · go · hither · NEG · also · 1SG · PST · go · thither
haere	Nā te mea kāore ia i haere mai, kāore hoki au i haere atu.	Since he didn't come, I didn't go either.	823	because.of · the · thing · NEG · 3SG · PST · go · hither · NEG · also · 1SG · PST · go · thither
rata	E rata ana ngā tāngata katoa o konei ki a koe.	Everyone here likes you.	824	PROG · fond · PROG · the.PL · person.PL · all · of · here · to · PERS · 2SG
tāngata	E rata ana ngā tāngata katoa o konei ki a koe.	Everyone here likes you.	824	PROG · fond · PROG · the.PL · person.PL · all · of · here · to · PERS · 2SG
konei	E rata ana ngā tāngata katoa o konei ki a koe.	Everyone here likes you.	824	PROG · fond · PROG · the.PL · person.PL · all · of · here · to · PERS · 2SG
katoa	E rata ana ngā tāngata katoa o konei ki a koe.	Everyone here likes you.	824	PROG · fond · PROG · the.PL · person.PL · all · of · here · to · PERS · 2SG
iwa	Tahi, rua, toru, whā, rima, ono, whitu, waru, iwa, tekau.	One, two, three, four, five, six, seven, eight, nine, ten.	825	one · two · three · four · five · six · seven · eight · nine · ten
whā	Tahi, rua, toru, whā, rima, ono, whitu, waru, iwa, tekau.	One, two, three, four, five, six, seven, eight, nine, ten.	825	one · two · three · four · five · six · seven · eight · nine · ten
waru	Tahi, rua, toru, whā, rima, ono, whitu, waru, iwa, tekau.	One, two, three, four, five, six, seven, eight, nine, ten.	825	one · two · three · four · five · six · seven · eight · nine · ten
toru	Tahi, rua, toru, whā, rima, ono, whitu, waru, iwa, tekau.	One, two, three, four, five, six, seven, eight, nine, ten.	825	one · two · three · four · five · six · seven · eight · nine · ten
tahi	Tahi, rua, toru, whā, rima, ono, whitu, waru, iwa, tekau.	One, two, three, four, five, six, seven, eight, nine, ten.	825	one · two · three · four · five · six · seven · eight · nine · ten
ono	Tahi, rua, toru, whā, rima, ono, whitu, waru, iwa, tekau.	One, two, three, four, five, six, seven, eight, nine, ten.	825	one · two · three · four · five · six · seven · eight · nine · ten
whitu	Tahi, rua, toru, whā, rima, ono, whitu, waru, iwa, tekau.	One, two, three, four, five, six, seven, eight, nine, ten.	825	one · two · three · four · five · six · seven · eight · nine · ten
rua	Tahi, rua, toru, whā, rima, ono, whitu, waru, iwa, tekau.	One, two, three, four, five, six, seven, eight, nine, ten.	825	one · two · three · four · five · six · seven · eight · nine · ten
rima	Tahi, rua, toru, whā, rima, ono, whitu, waru, iwa, tekau.	One, two, three, four, five, six, seven, eight, nine, ten.	825	one · two · three · four · five · six · seven · eight · nine · ten
tekau	Tahi, rua, toru, whā, rima, ono, whitu, waru, iwa, tekau.	One, two, three, four, five, six, seven, eight, nine, ten.	825	one · two · three · four · five · six · seven · eight · nine · ten
ao	Kei te ātaahua te ao.	The earth is beautiful.	826	PROG · PROG · beautiful · the · world
ātaahua	Kei te ātaahua te ao.	The earth is beautiful.	826	PROG · PROG · beautiful · the · world
mō	E rua tāra te utu mō te pukapuka.	The price of the book was $5.	827	NUM · two · dollar · the · price · for · the · book
tāra	E rua tāra te utu mō te pukapuka.	The price of the book was $5.	827	NUM · two · dollar · the · price · for · the · book
pukapuka	E rua tāra te utu mō te pukapuka.	The price of the book was $5.	827	NUM · two · dollar · the · price · for · the · book
aroha	Ka aroha ahau ki a koe mō āke tonu	I'll love you forever.	827	FUT · love · 1SG · to · PERS · 2SG · for · onwards · always
tonu	Ka aroha ahau ki a koe mō āke tonu	I'll love you forever.	827	FUT · love · 1SG · to · PERS · 2SG · for · onwards · always
mō	Ka aroha ahau ki a koe mō āke tonu	I'll love you forever.	827	FUT · love · 1SG · to · PERS · 2SG · for · onwards · always
ka	Ka aroha ahau ki a koe mō āke tonu	I'll love you forever.	827	FUT · love · 1SG · to · PERS · 2SG · for · onwards · always
kaha	Kāore tōku matua i te tino kaha ki te kōrero.	My father doesn't really talk much.	831	NEG · 1SG.POSS · father · PROG · PROG · very · strong · to · the · talk
matua	Kāore tōku matua i te tino kaha ki te kōrero.	My father doesn't really talk much.	831	NEG · 1SG.POSS.O · father · PROG · PROG · very · strong · INF · INF · talk
tōku	Kāore tōku matua i te tino kaha ki te kōrero.	My father doesn't really talk much.	831	NEG · 1SG.POSS.O · father · PROG · PROG · very · strong · INF · INF · talk
kōrero	Kāore tōku matua i te tino kaha ki te kōrero.	My father doesn't really talk much.	831	NEG · 1SG.POSS.O · father · PROG · PROG · very · strong · INF · INF · talk
ko	He mārama ki a au ko tēnei te kōrero pono.	It's quite clear to me that this is the truth.	831	INDF · clear · to · PERS · 1SG · IDENT · this · the · talk · true
mārama	He mārama ki a au ko tēnei te kōrero pono.	It's quite clear to me that this is the truth.	831	INDF · clear · to · PERS · 1SG · IDENT · this · the · talk · true
pono	He mārama ki a au ko tēnei te kōrero pono.	It's quite clear to me that this is the truth.	831	INDF · clear · to · PERS · 1SG · IDENT · this · the · talk · true
kōrero	He mārama ki a au ko tēnei te kōrero pono.	It's quite clear to me that this is the truth.	831	INDF · clear · to · PERS · 1SG · IDENT · this · the · talk · true
taha	Kua tino rerekē te papa kāinga i ngā tau tekau kua taha atu.	That village has changed a lot from how it was 10 years ago.	832	PERF · very · different · the · ground · home · at · the.PL · year · ten · PERF · pass · away
tau	Kua tino rerekē te papa kāinga i ngā tau tekau kua taha atu.	That village has changed a lot from how it was 10 years ago.	832	PERF · very · different · the · ground · home · at · the.PL · year · ten · PERF · pass · away
rerekē	Kua tino rerekē te papa kāinga i ngā tau tekau kua taha atu.	That village has changed a lot from how it was 10 years ago.	832	PERF · very · different · the · ground · home · at · the.PL · year · ten · PERF · pass · away
kāinga	Kua tino rerekē te papa kāinga i ngā tau tekau kua taha atu.	That village has changed a lot from how it was 10 years ago.	832	PERF · very · different · the · ground · home · at · the.PL · year · ten · PERF · pass · away
papa	Kua tino rerekē te papa kāinga i ngā tau tekau kua taha atu.	That village has changed a lot from how it was 10 years ago.	832	PERF · very · different · the · ground · home · at · the.PL · year · ten · PERF · pass · away
tekau	Kua tino rerekē te papa kāinga i ngā tau tekau kua taha atu.	That village has changed a lot from how it was 10 years ago.	832	PERF · very · different · the · ground · home · at · the.PL · year · ten · PERF · pass · away
tau	E 15 ōna tau, i oma atu ia i te kāinga.	When he was 15, he ran away from home.	833	NUM · fifteen · 3SG.POSS.O.PL · year · PST · run · away · 3SG · from · the · home
ōna	E 15 ōna tau, i oma atu ia i te kāinga.	When he was 15, he ran away from home.	833	NUM · fifteen · 3SG.POSS.O.PL · year · PST · run · away · 3SG · from · the · home
kāinga	E 15 ōna tau, i oma atu ia i te kāinga.	When he was 15, he ran away from home.	833	NUM · fifteen · 3SG.POSS.O.PL · year · PST · run · away · 3SG · from · the · home
oma	E 15 ōna tau, i oma atu ia i te kāinga.	When he was 15, he ran away from home.	833	NUM · fifteen · 3SG.POSS.O.PL · year · PST · run · away · 3SG · from · the · home
tapahi	I tapahi ōna makawe.	She cut her hair.	833	PST · cut · 3SG.POSS.O.PL · hair
kurī	Ko tāku kurī tēnei.	This is my dog.	834	IDENT · 1SG.POSS.A · dog · this
auau	I auau ngā kurī.	The dogs barked.	834	PST · bark · the.PL · dog
kurī	I auau ngā kurī.	The dogs barked.	834	PST · bark · the.PL · dog
horoia	Horoia te kurī.	Wash the dog.	834	wash.PASS · the · dog
kurī	Horoia te kurī.	Wash the dog.	834	wash.PASS · the · dog
wai	E hiahia ana ahau ki te mōhio nā wai tērā mahi.	I want to know who did that.	837	PROG · want · PROG · 1SG · INF · INF · know · by · who · that.DIST · work
nā	E hiahia ana ahau ki te mōhio nā wai tērā mahi.	I want to know who did that.	837	PROG · want · PROG · 1SG · to · the · know · by · who · that · work
mōhio	E hiahia ana ahau ki te mōhio nā wai tērā mahi.	I want to know who did that.	837	PROG · want · PROG · 1SG · to · the · know · by · who · that · work
tātou	E mōhio ana tātou he nui ake te rā i te Ao nei.	We know that the sun is bigger than the earth.	837	PROG · know · PROG · 1PL.INCL · a · big · CMPR · the · sun · than · the · world · this
nei	E mōhio ana tātou he nui ake te rā i te Ao nei.	We know that the sun is bigger than the earth.	837	PROG · know · PROG · 1PL.INCL · a · big · CMPR · the · sun · than · the · world · this
ao	E mōhio ana tātou he nui ake te rā i te Ao nei.	We know that the sun is bigger than the earth.	837	PROG · know · PROG · 1PL.INCL · a · big · CMPR · the · sun · than · the · world · this
mōhio	E mōhio ana tātou he nui ake te rā i te Ao nei.	We know that the sun is bigger than the earth.	837	PROG · know · PROG · 1PL.INCL · a · big · CMPR · the · sun · than · the · world · this
ake	E mōhio ana tātou he nui ake te rā i te Ao nei.	We know that the sun is bigger than the earth.	837	PROG · know · PROG · 1PL.INCL · a · big · CMPR · the · sun · than · the · world · this
rangatira	E mōhio ana ahau ki te rangatira.	I know the owner.	837	PROG · know · PROG · 1SG · to · the · chief
mōhio	E mōhio ana ahau ki te rangatira.	I know the owner.	837	PROG · know · PROG · 1SG · to · the · chief
mātou	Kāore i wareware i a māua/mātou	We didn't forget.	841	NEG · PST · forget · by · PERS · 1DU.EXCL/1PL.EXCL
wareware	Kāore i wareware i a māua/mātou	We didn't forget.	841	NEG · PST · forget · by · PERS · 1DU.EXCL/1PL.EXCL
māua	Kāore i wareware i a māua/mātou	We didn't forget.	841	NEG · PST · forget · by · PERS · 1DU.EXCL/1PL.EXCL
rata	He aha i kore ai koe e rata mai ki a māua?	What didn't you like about us?	841	a · what · PST · NEG · ANAPH · 2SG · FUT · fond · hither · to · PERS · 1DU.EXCL
māua	He aha i kore ai koe e rata mai ki a māua?	What didn't you like about us?	841	a · what · PST · NEG · ANAPH · 2SG · FUT · fond · hither · to · PERS · 1DU.EXCL
moana	Kei te tāhoe au i roto ki te moana.	I'm swimming in the ocean.	844	PROG · PROG · swim · 1SG · at · inside · to · the · sea
tāhoe	Kei te tāhoe au i roto ki te moana.	I'm swimming in the ocean.	844	PROG · PROG · swim · 1SG · at · inside · to · the · sea
roto	Kei te tāhoe au i roto ki te moana.	I'm swimming in the ocean.	844	PROG · PROG · swim · 1SG · at · inside · to · the · sea
whakaaro	I te wā o te haerenga, i whakaaro au ki a koe.	During the entire trip my thoughts were of you.	845	at · the · time · of · the · journey · PST · think · 1SG · to · PERS · 2SG
haerenga	I te wā o te haerenga, i whakaaro au ki a koe.	During the entire trip my thoughts were of you.	845	at · the · time · of · the · journey · PST · think · 1SG · to · PERS · 2SG
wā	I te wā o te haerenga, i whakaaro au ki a koe.	During the entire trip my thoughts were of you.	845	at · the · time · of · the · journey · PST · think · 1SG · to · PERS · 2SG
karu	He koi ngā karu o te kārearea.	The falcon has keen eyes.	846	a · sharp · the.PL · eye · of · the · falcon
kārearea	He koi ngā karu o te kārearea.	The falcon has keen eyes.	846	a · sharp · the.PL · eye · of · the · falcon
koi	He koi ngā karu o te kārearea.	The falcon has keen eyes.	846	a · sharp · the.PL · eye · of · the · falcon
tūtaki	Te āhua nei i karo ia i te tūtaki mai ki a au.	I felt as if he shrank from meeting me.	847	the · appearance · this · PST · dodge · 3SG · OBJ · the · meet · hither · to · PERS · 1SG
nei	Te āhua nei i karo ia i te tūtaki mai ki a au.	I felt as if he shrank from meeting me.	847	the · appearance · this · PST · dodge · 3SG · OBJ · the · meet · hither · to · PERS · 1SG
āhua	Te āhua nei i karo ia i te tūtaki mai ki a au.	I felt as if he shrank from meeting me.	847	the · appearance · this · PST · dodge · 3SG · OBJ · the · meet · hither · to · PERS · 1SG
karo	Te āhua nei i karo ia i te tūtaki mai ki a au.	I felt as if he shrank from meeting me.	847	the · appearance · this · PST · dodge · 3SG · OBJ · the · meet · hither · to · PERS · 1SG
kitea	Ko tēnei te ngeru tino nui kua kitea e au.	This is the biggest cat that I've ever seen.	848	IDENT · this · the · cat · very · big · PERF · see.PASS · by · 1SG
ngeru	Ko tēnei te ngeru tino nui kua kitea e au.	This is the biggest cat that I've ever seen.	848	IDENT · this · the · cat · very · big · PERF · see.PASS · by · 1SG
me	Aroha mai, engari me haere koe.	I'm sorry, but you've got to go.	849	love · hither · but · OBLIG · go · 2SG
engari	Aroha mai, engari me haere koe.	I'm sorry, but you've got to go.	849	love · hither · but · OBLIG · go · 2SG
tauira	Ka hoatu au ki a koe he tauira.	I'll give you some examples.	851	FUT · give.thither · 1SG · to · PERS · 2SG · a · example
ka	Ka hoatu au ki a koe he tauira.	I'll give you some examples.	851	FUT · give.thither · 1SG · to · PERS · 2SG · a · example
hoatu	Ka hoatu au ki a koe he tauira.	I'll give you some examples.	851	FUT · give.thither · 1SG · to · PERS · 2SG · a · example
tāu	He iti tāu māra nei!	Your garden really is little.	853	a · small · 2SG.POSS · garden · this
iti	He iti tāu māra nei!	Your garden really is little.	853	a · small · 2SG.POSS · garden · this
haumanu	Kei hea tana whare haumanu?	Where is his clinic situated?	854	at · where · 3SG.POSS · house · healing
hea	Kei hea tana whare haumanu?	Where is his clinic situated?	854	at · where · 3SG.POSS · house · healing
tana	Kei hea tana whare haumanu?	Where is his clinic situated?	854	at · where · 3SG.POSS · house · healing
whare	Kei hea tana whare haumanu?	Where is his clinic situated?	854	at · where · 3SG.POSS · house · healing
whare	Me haere au ki te whare paku.	I have to use the restroom.	855	OBLIG · go · 1SG · to · the · house · small
paku	Me haere au ki te whare paku.	I have to use the restroom.	855	OBLIG · go · 1SG · to · the · house · small
kē	I hea kē koe i tērā pō ?	Where the fuck were you last night?	860	
hea	I hea kē koe i tērā pō ?	Where the fuck were you last night?	860	
pō	I hea kē koe i tērā pō ?	Where the fuck were you last night?	860	
tāngata	E pānui ana ngā tāngata katoa.	Everyone's reading.	862	PROG · read · PROG · the.PL · people · all
pānui	E pānui ana ngā tāngata katoa.	Everyone's reading.	862	PROG · read · PROG · the.PL · people · all
katoa	E pānui ana ngā tāngata katoa.	Everyone's reading.	862	PROG · read · PROG · the.PL · people · all
tū	E tū ana au kei mua i a koe	I'm standing here before you.	863	PROG · stand · PROG · 1SG · at · front · at · PERS · 2SG
mua	E tū ana au kei mua i a koe	I'm standing here before you.	863	PROG · stand · PROG · 1SG · at · front · at · PERS · 2SG
whero	He whero te pōtae.	A red hat.	864	a · red · the · hat
tīkina	Tīkina ia hei roto.	Bring her in.	865	fetch.PASS · 3SG · at · inside
tokorua	Tokorua ōku tuākana.	I have two older sisters.	869	two.people · 1SG.POSS.PL.O · older.sibling.PL
tokorua	Tokorua āku tamāhine.	I have two daughters.	869	two.people · 1SG.POSS.PL.A · daughter.PL
tokorua	Tokorua āku tama.	I have two sons.	869	two.people · 1SG.POSS.PL.A · son
pōtae	Kāore ia i te mau pōtae.	He doesn't have a hat on.	874	NEG · 3SG · PROG · PROG · wear · hat
mau	Kāore ia i te mau pōtae.	He doesn't have a hat on.	874	NEG · 3SG · PROG · PROG · wear · hat
tepe	I kai au i te miraka tepe.	I ate the yoghurt.	875	PST · eat · 1SG · OBJ · the · milk · congealed
miraka	I kai au i te miraka tepe.	I ate the yoghurt.	875	PST · eat · 1SG · OBJ · the · milk · congealed
hiahiatia	He peita kikorangi e hiahiatia ana e au.	I need some blue paint.	877	a · paint · light.blue · PROG · want.PASS · PROG · by · 1SG
kikorangi	He peita kikorangi e hiahiatia ana e au.	I need some blue paint.	877	a · paint · light.blue · PROG · want.PASS · PROG · by · 1SG
peita	He peita kikorangi e hiahiatia ana e au.	I need some blue paint.	877	a · paint · light.blue · PROG · want.PASS · PROG · by · 1SG
tiakarete	Kāore e pai ki a au te tiakarete.	I don't like chocolate.	878	NEG · FUT · good · to · PERS · 1SG · the · chocolate
hoko	E hia ngā tiakarete i hoko koe?	How much chocolate did you buy?	878	NUM · how.many · the.PL · chocolate · PST · buy · 2SG
hia	E hia ngā tiakarete i hoko koe?	How much chocolate did you buy?	878	NUM · how.many · the.PL · chocolate · PST · buy · 2SG
tiakarete	E hia ngā tiakarete i hoko koe?	How much chocolate did you buy?	878	NUM · how.many · the.PL · chocolate · PST · buy · 2SG
tomo	I tomo ia i te arapoka.	He entered the tunnel.	879	PST · enter · 3SG · OBJ · the · tunnel
arapoka	I tomo ia i te arapoka.	He entered the tunnel.	879	PST · enter · 3SG · OBJ · the · tunnel
arapoka	I haere ia i roto i te arapoka.	He went into the tunnel.	879	PST · go · 3SG · at · inside · at · the · tunnel
roto	I haere ia i roto i te arapoka.	He went into the tunnel.	879	PST · go · 3SG · at · inside · at · the · tunnel
āporo	I kai ahau i tērā āporo.	I ate that apple.	881	PST · eat · 1SG · OBJ · that · apple
tōu	Kua kore ahau i tōu kaiako.	I'm not your teacher anymore.	886	PERF · NEG · 1SG · PRED · 2SG.POSS.O · teacher
kaiako	Kua kore ahau i tōu kaiako.	I'm not your teacher anymore.	886	PERF · NEG · 1SG · PRED · 2SG.POSS.O · teacher
tama	I āwhinatia te tama e ahau.	The boy was helped by me.	888	PST · help.PASS · the · boy · by · 1SG
āwhinatia	I āwhinatia te tama e ahau.	The boy was helped by me.	888	PST · help.PASS · the · boy · by · 1SG
ēnei	He tino nui ēnei āporo.	These apples are very big.	890	a · very · big · these · apple
āporo	He tino nui ēnei āporo.	These apples are very big.	890	a · very · big · these · apple
ināianei	Haere mai i a au ināianei.	Come with me now.	891	go · hither · at · PERS · 1SG · now
kī	Kī atu ki a rāua he mea nui.	Please tell them it's important.	894	say · away · to · PERS · 3DU · a · thing · big
rāua	Kī atu ki a rāua he mea nui.	Please tell them it's important.	894	say · away · to · PERS · 3DU · a · thing · big
kia	Kia ora mō tō whakamōhio mai i a au.	Thanks for the heads-up.	896	SBJV · well · for · 2SG.POSS.O · CAUS.know · hither · OBJ · PERS · 1SG
tō	Kia ora mō tō whakamōhio mai i a au.	Thanks for the heads-up.	896	SBJV · well · for · 2SG.POSS.O · CAUS.know · hither · OBJ · PERS · 1SG
mō	Kia ora mō tō whakamōhio mai i a au.	Thanks for the heads-up.	896	SBJV · well · for · 2SG.POSS.O · CAUS.know · hither · OBJ · PERS · 1SG
whakamōhio	Kia ora mō tō whakamōhio mai i a au.	Thanks for the heads-up.	896	SBJV · well · for · 2SG.POSS.O · CAUS.know · hither · OBJ · PERS · 1SG
ora	Kia ora mō tō whakamōhio mai i a au.	Thanks for the heads-up.	896	SBJV · well · for · 2SG.POSS.O · CAUS.know · hither · OBJ · PERS · 1SG
tāua	He aha te wā me whakamōhio atu tāua ki a ia?	When should we tell him?	896	a · what · the · time · OBLIG · CAUS.know · away · 1DU.INCL · to · PERS · 3SG
whakamōhio	He aha te wā me whakamōhio atu tāua ki a ia?	When should we tell him?	896	a · what · the · time · OBLIG · CAUS.know · away · 1DU.INCL · to · PERS · 3SG
wā	He aha te wā me whakamōhio atu tāua ki a ia?	When should we tell him?	896	a · what · the · time · OBLIG · CAUS.know · away · 1DU.INCL · to · PERS · 3SG
ngutu	Kei te aroha ahau i ōu ngutu	I love your lips.	907	PROG · PROG · love · 1SG · OBJ · 2SG.POSS.O.PL · lip
ōu	Kei te aroha ahau i ōu ngutu	I love your lips.	907	PROG · PROG · love · 1SG · OBJ · 2SG.POSS.O.PL · lip
āhua	He ātaahua i āhua ōu makawe.	Your hair looks beautiful.	907	a · beautiful · at · appearance · 2SG.POSS.O.PL · hair
makawe	He ātaahua i āhua ōu makawe.	Your hair looks beautiful.	907	a · beautiful · at · appearance · 2SG.POSS.O.PL · hair
ōu	He ātaahua i āhua ōu makawe.	Your hair looks beautiful.	907	a · beautiful · at · appearance · 2SG.POSS.O.PL · hair
ātaahua	He ātaahua i āhua ōu makawe.	Your hair looks beautiful.	907	a · beautiful · at · appearance · 2SG.POSS.O.PL · hair
wā	I hāmūmū mō tētahi wā.	There was silence for a moment.	909	PST · murmur · for · a.certain · time
tētahi	I hāmūmū mō tētahi wā.	There was silence for a moment.	909	PST · murmur · for · a.certain · time
riri	Kāore kau ahau i kite i tētahi tangata pērā rawa te riri i tōku oranga.	I've never seen anyone look so angry like that in my life.	909	NEG · at.all · 1SG · PST · see · OBJ · a.certain · person · like.that · very · the · anger · at · 1SG.POSS.O · life
oranga	Kāore kau ahau i kite i tētahi tangata pērā rawa te riri i tōku oranga.	I've never seen anyone look so angry like that in my life.	909	NEG · at.all · 1SG · PST · see · OBJ · a.certain · person · like.that · very · the · anger · at · 1SG.POSS.O · life
kite	Kāore kau ahau i kite i tētahi tangata pērā rawa te riri i tōku oranga.	I've never seen anyone look so angry like that in my life.	909	NEG · at.all · 1SG · PST · see · OBJ · a.certain · person · like.that · very · the · anger · at · 1SG.POSS · life
kau	Kāore kau ahau i kite i tētahi tangata pērā rawa te riri i tōku oranga.	I've never seen anyone look so angry like that in my life.	909	NEG · at.all · 1SG · PST · see · OBJ · a.certain · person · like.that · very · the · anger · at · 1SG.POSS · life
tētahi	Kāore kau ahau i kite i tētahi tangata pērā rawa te riri i tōku oranga.	I've never seen anyone look so angry like that in my life.	909	NEG · at.all · 1SG · PST · see · OBJ · a.certain · person · like.that · very · the · anger · at · 1SG.POSS · life
tangata	Kāore kau ahau i kite i tētahi tangata pērā rawa te riri i tōku oranga.	I've never seen anyone look so angry like that in my life.	909	NEG · at.all · 1SG · PST · see · OBJ · a.certain · person · like.that · very · the · anger · at · 1SG.POSS · life
rawa	Kāore kau ahau i kite i tētahi tangata pērā rawa te riri i tōku oranga.	I've never seen anyone look so angry like that in my life.	909	NEG · at.all · 1SG · PST · see · OBJ · a.certain · person · like.that · very · the · anger · at · 1SG.POSS · life
konei	Kei hea tētahi whare kai pai i konei?	Where's a good restaurant around here?	909	at · where · a.certain · house · food · good · at · here
tētahi	Kei hea tētahi whare kai pai i konei?	Where's a good restaurant around here?	909	at · where · a.certain · house · food · good · at · here
hē	I mea ahau i tētahi mea hē?	Did I say something I shouldn't have?	909	PST · say · 1SG · OBJ · a.certain · thing · wrong
hoko	He aha kē tāu e hoko ana i tētahi whare pērā rawa te nui o te utu?	What are you doing buying a house that expensive?	909	a · what · actually · 2SG.POSS · PROG · buy · PROG · OBJ · a.certain · house · like.that · very · the · big · of · the · price
kē	He aha kē tāu e hoko ana i tētahi whare pērā rawa te nui o te utu?	What are you doing buying a house that expensive?	909	a · what · actually · 2SG.POSS · PROG · buy · PROG · OBJ · a.certain · house · like.that · very · the · big · of · the · price
rawa	He aha kē tāu e hoko ana i tētahi whare pērā rawa te nui o te utu?	What are you doing buying a house that expensive?	909	a · what · actually · 2SG.POSS · PROG · buy · PROG · OBJ · a.certain · house · like.that · very · the · big · of · the · price
wai	Ko wai te ingoa o tēnei rākau?	What is the name of that tree?	910	IDENT · who · the · name · of · this · tree
ingoa	Ko wai te ingoa o tēnei rākau?	What is the name of that tree?	910	IDENT · who · the · name · of · this · tree
rākau	Ko wai te ingoa o tēnei rākau?	What is the name of that tree?	910	IDENT · who · the · name · of · this · tree
parāikete	E whitu ngā parāikete?	Are there seven blankets?	912	NUM · seven · the.PL · blanket
parāikete	E whitu ōu parāikete.	You have seven blankets.	912	NUM · seven · 2SG.POSS.PL · blanket
mōkai	He kiore te mōkai a tāku tamāhine.	My daughter's pet is a rat.	913	a · rat · the · pet · of · 1SG.POSS · daughter
kiore	He kiore te mōkai a tāku tamāhine.	My daughter's pet is a rat.	913	a · rat · the · pet · of · 1SG.POSS · daughter
moe	I te moe hōhonu ia.	He was fast asleep.	914	PST · PROG · sleep · deep · 3SG
hōhonu	I te moe hōhonu ia.	He was fast asleep.	914	PST · PROG · sleep · deep · 3SG
ākene	Ākene pea kei te hē koe.	You are probably wrong.	915	perhaps · perhaps · PROG · PROG · wrong · 2SG
pea	Ākene pea kei te hē koe.	You are probably wrong.	915	perhaps · perhaps · PROG · PROG · wrong · 2SG
hē	Ākene pea kei te hē koe.	You are probably wrong.	915	perhaps · perhaps · PROG · PROG · wrong · 2SG
pūngāwerewere	He whakamataku te pūngāwerewere ki a au.	Spiders scare me.	916	a · frightening · the · spider · to · PERS · 1SG
whakamataku	He whakamataku te pūngāwerewere ki a au.	Spiders scare me.	916	a · frightening · the · spider · to · PERS · 1SG
tokowhā	Tokowhā āku tamariki.	I have four children.	917	four.people · 1SG.POSS.A.PL · children
pīkau	I wareware koe i tāku pīkau.	You forgot your backpack.	918	PST · forget · 2SG · OBJ · 1SG.POSS.A · backpack
wareware	I wareware koe i tāku pīkau.	You forgot your backpack.	918	PST · forget · 2SG · OBJ · 1SG.POSS.A · backpack
tīkina	Tīkina tāku pīkau.	Go grab your backpack.	918	fetch.PASS · 1SG.POSS.A · backpack
homai	Homai te pīkau.	Give me the backpack.	918	give.hither · the · backpack
tāhae	I tāhae ia tāku pene.	He stole my pen.	919	PST · steal · 3SG · 1SG.POSS.A · pen
pene	I tāhae ia tāku pene.	He stole my pen.	919	PST · steal · 3SG · 1SG.POSS.A · pen
kaiako	Ehara ahau i tōu kaiako.	I'm not your teacher.	925	NEG.COP · 1SG · PRED · 2SG.POSS.O · teacher
tōu	Ehara ahau i tōu kaiako.	I'm not your teacher.	925	NEG.COP · 1SG · PRED · 2SG.POSS.O · teacher
ehara	Ehara ahau i tōu kaiako.	I'm not your teacher.	925	NEG.COP · 1SG · PRED · 2SG.POSS.O · teacher
ehara	Ehara ahau i te rata.	I'm not a doctor.	925	NEG.COP · 1SG · PRED · the · doctor
ehara	Ehara tēnei i te pōtae.	This is not a hat.	925	NEG.COP · this · PRED · the · hat
kaua	Kaua e katia te kūaha.	Don't close the door.	947	NEG.IMP · IMP · close.PASS · the · door
katia	Kaua e katia te kūaha.	Don't close the door.	947	NEG.IMP · IMP · close.PASS · the · door
kūaha	Kaua e katia te kūaha.	Don't close the door.	947	NEG.IMP · IMP · close.PASS · the · door
tokotoru	Tokotoru āu tamariki?	Have you got three children?	958	three.people · 2SG.POSS.A.PL · children
auahi	I mare ia i te auahi.	She coughed from smoking.	959	PST · cough · 3SG · from · the · smoke
mare	I mare ia i te auahi.	She coughed from smoking.	959	PST · cough · 3SG · from · the · smoke
pukapuka	I hokona e au te pukapuka.	I bought the book.	960	PST · buy.PASS · by · 1SG · the · book
hokona	I hokona e au te pukapuka.	I bought the book.	960	PST · buy.PASS · by · 1SG · the · book
uta	I te haere atu te kaipuke ki uta.	The ship made for the shore.	961	PST · PROG · go · thither · the · ship · to · shore
kaipuke	I te haere atu te kaipuke ki uta.	The ship made for the shore.	961	PST · PROG · go · thither · the · ship · to · shore
āpōpō	Kei te wātea koe āpōpō?	Are you free tomorrow?	19999	PRES · PROG · free · 2SG · tomorrow
kaua	Kaua e wareware ki te tīketi.	Don't forget the ticket.	19999	NEG.IMP · IMP · forget · to · the · ticket
wareware	Kaua e wareware ki te tīketi.	Don't forget the ticket.	19999	NEG.IMP · IMP · forget · to · the · ticket
tāne	He tāne mārena ahau.	I am a married man.	19999	INDEF · man · married · 1SG
tokohia	Tokohia ā koutou ākonga?	How many students have you?	19999	how.many.people · POSS.PL · 2PL · students
marae	Kotahi rau ngā marae o tēnei rohe.	There are one hundred marae in this area.	19999	one · hundred · the.PL · marae · of · this · area
kotahi	Kotahi rau ngā marae o tēnei rohe.	There are one hundred marae in this area.	19999	one · hundred · the.PL · marae · of · this · area
rau	Kotahi rau ngā marae o tēnei rohe.	There are one hundred marae in this area.	19999	one · hundred · the.PL · marae · of · this · area
tātou	E whā tekau mā whā ō tātou manuhiri.	We have forty-four guests.	19999	NUM · four · ten · and · four · POSS.PL · 1PL.INCL · guests
whā	E whā tekau mā whā ō tātou manuhiri.	We have forty-four guests.	19999	NUM · four · ten · and · four · POSS.PL · 1PL.INCL · guests
ō	E whā tekau mā whā ō tātou manuhiri.	We have forty-four guests.	19999	NUM · four · ten · and · four · POSS.PL · 1PL.INCL · guests
manuhiri	E whā tekau mā whā ō tātou manuhiri.	We have forty-four guests.	19999	NUM · four · ten · and · four · POSS.PL · 1PL.INCL · guests
kuihi	Ka kite mātou i tāna kāhui kuihi.	We saw his flock of geese.	19999	T/A · see · 1PL.EXCL · OBJ · 3SG.POSS · flock · geese
kite	Ka kite mātou i tāna kāhui kuihi.	We saw his flock of geese.	19999	T/A · see · 1PL.EXCL · OBJ · 3SG.POSS · flock · geese
tāna	Ka kite mātou i tāna kāhui kuihi.	We saw his flock of geese.	19999	T/A · see · 1PL.EXCL · OBJ · 3SG.POSS · flock · geese
moenga	Whakapaitia tō moenga.	Make your bed.	19999	tidy.PASS · 2SG.POSS · bed
kaua	Kaua e whakararuraru i a au!	Don't disturb me!	19999	NEG.IMP · IMP · disturb · OBJ · PERS · 1SG
mahia	I mahia e māua/mātou he panikeke mō te parakuihi.	We made pancakes for breakfast.	19999	PST · make.PASS · by · 1DU.EXCL/1PL.EXCL · INDEF · pancakes · for · the · breakfast
parakuihi	I mahia e māua/mātou he panikeke mō te parakuihi.	We made pancakes for breakfast.	19999	PST · make.PASS · by · 1DU.EXCL/1PL.EXCL · INDEF · pancakes · for · the · breakfast
tēnā	Ka tuarihia tēnā e koe?	Are you going to share that?	19999	T/A · share.PASS · that.MED · by · 2SG
pākehā	I haere ia ki Rānana ako ai i te reo Pākehā.	He went to London to learn English.	19999	PST · go · 3SG · to · London · learn · ANAPH · OBJ · the · language · European
reo	I haere ia ki Rānana ako ai i te reo Pākehā.	He went to London to learn English.	19999	PST · go · 3SG · to · London · learn · ANAPH · OBJ · the · language · European
ako	I haere ia ki Rānana ako ai i te reo Pākehā.	He went to London to learn English.	19999	PST · go · 3SG · to · London · learn · ANAPH · OBJ · the · language · European
oranga	He rerekē ngā āhuatanga o te oranga.	Life is strange.	19999	INDEF · different · the.PL · aspects · of · the · life
rerekē	He rerekē ngā āhuatanga o te oranga.	Life is strange.	19999	INDEF · different · the.PL · aspects · of · the · life
pōuri	Pōuri atu, kei pūhia koe e au.	Out of my way or I shoot you.	19999	sad · thither · lest · shoot.PASS · 2SG · by · 1SG
tika	E tika ana kia whakatutukia tēnei mahi ā te āpōpō.	The work must be completed by tomorrow.	19999	PROG · correct · PROG · SBJV · complete.PASS · this · work · at · the · tomorrow
ā	E tika ana kia whakatutukia tēnei mahi ā te āpōpō.	The work must be completed by tomorrow.	19999	PROG · correct · PROG · SBJV · complete.PASS · this · work · at · the · tomorrow
āpōpō	E tika ana kia whakatutukia tēnei mahi ā te āpōpō.	The work must be completed by tomorrow.	19999	PROG · correct · PROG · SBJV · complete.PASS · this · work · at · the · tomorrow
hia	E hia anō ngā whare ā Tom?	How many other houses does Tom own?	19999	NUM · how.many · besides · the.PL · house · of · Tom
ā	E hia anō ngā whare ā Tom?	How many other houses does Tom own?	19999	NUM · how.many · besides · the.PL · house · of · Tom
kiri	He kiri māia ahau ia rā, ia rā.	I am an adventurer each day.	19999	a · skin · brave · 1SG · every · day · every · day
nama	E 3,000 yen e nama ana au ki a koe.	I owe you 3,000 yen.	19999	NUM · 3,000 · yen · PROG · owe · PROG · 1SG · to · PERS · 2SG
runga	He mea tāhae nā rāua/rātou tana kopa i runga i te tereina.	They stole his wallet on the train.	19999	a · thing · steal · by · 3DU/3PL · 3SG.POSS · wallet · at · top · at · the · train
tāhae	He mea tāhae nā rāua/rātou tana kopa i runga i te tereina.	They stole his wallet on the train.	19999	a · thing · steal · by · 3DU/3PL · 3SG.POSS · wallet · at · top · at · the · train
kopa	He mea tāhae nā rāua/rātou tana kopa i runga i te tereina.	They stole his wallet on the train.	19999	a · thing · steal · by · 3DU/3PL · 3SG.POSS · wallet · at · top · at · the · train
nā	He mea tāhae nā rāua/rātou tana kopa i runga i te tereina.	They stole his wallet on the train.	19999	a · thing · steal · by · 3DU/3PL · 3SG.POSS · wallet · at · top · at · the · train
rāua	He mea tāhae nā rāua/rātou tana kopa i runga i te tereina.	They stole his wallet on the train.	19999	a · thing · steal · by · 3DU/3PL · 3SG.POSS · wallet · at · top · at · the · train
mate	Kotahi rau e rima tekau hoki ngā tāngata i mate i te rū whenua.	This earthquake took a hundred and fifty lives, as well.	19999	one · hundred · NUM · five · ten · also · the.PL · people · PST · die · from · the · quake · land
tāngata	Kotahi rau e rima tekau hoki ngā tāngata i mate i te rū whenua.	This earthquake took a hundred and fifty lives, as well.	19999	one · hundred · NUM · five · ten · also · the.PL · people · PST · die · from · the · quake · land
whenua	Kotahi rau e rima tekau hoki ngā tāngata i mate i te rū whenua.	This earthquake took a hundred and fifty lives, as well.	19999	one · hundred · NUM · five · ten · also · the.PL · people · PST · die · from · the · quake · land
rima	Kotahi rau e rima tekau hoki ngā tāngata i mate i te rū whenua.	This earthquake took a hundred and fifty lives, as well.	19999	one · hundred · NUM · five · ten · also · the.PL · people · PST · die · from · the · quake · land
rau	Kotahi rau e rima tekau hoki ngā tāngata i mate i te rū whenua.	This earthquake took a hundred and fifty lives, as well.	19999	one · hundred · NUM · five · ten · also · the.PL · people · PST · die · from · the · quake · land
āpōpō	Maharatia ki te kite i a ia āpōpō.	Remember to see him tomorrow.	19999	remember.PASS · to · the · see · OBJ · PERS · 3SG · tomorrow
kite	Maharatia ki te kite i a ia āpōpō.	Remember to see him tomorrow.	19999	remember.PASS · to · the · see · OBJ · PERS · 3SG · tomorrow
ināianei	Kāore he kōwhiringa kē atu. Me mahi au i tēnei ināianei.	I don't have a choice. I have to do this now.	19999	NEG · a · choice · other · away · OBLIG · do · 1SG · OBJ · this · now
kē	Kāore he kōwhiringa kē atu. Me mahi au i tēnei ināianei.	I don't have a choice. I have to do this now.	19999	NEG · a · choice · other · away · OBLIG · do · 1SG · OBJ · this · now
whaea	Kāore au i te hiahia kia āwangawanga tōku whaea.	I don't want my mother to worry.	19999	NEG · 1SG · PROG · PROG · want · SBJV · worry · 1SG.POSS · mother
whakamōhio	Ka mahue pea taku whakamōhio atu ki a ia.	Maybe I should've told her.	19999	FUT · omitted · perhaps · 1SG.POSS · inform · away · to · PERS · 3SG
taku	Ka mahue pea taku whakamōhio atu ki a ia.	Maybe I should've told her.	19999	FUT · omitted · perhaps · 1SG.POSS · inform · away · to · PERS · 3SG
pea	Ka mahue pea taku whakamōhio atu ki a ia.	Maybe I should've told her.	19999	FUT · omitted · perhaps · 1SG.POSS · inform · away · to · PERS · 3SG
tonu	He uaua tonu te hanga i tētahi wati.	It is rather difficult to assemble a watch.	19999	a · difficult · still · the · make · OBJ · a.certain · watch
uaua	He uaua tonu te hanga i tētahi wati.	It is rather difficult to assemble a watch.	19999	a · difficult · quite · the · make · OBJ · a.certain · watch
hanga	He uaua tonu te hanga i tētahi wati.	It is rather difficult to assemble a watch.	19999	a · difficult · quite · the · make · OBJ · a.certain · watch
tao	I okaina ia e ia ki tētahi tao kōura.	She stabbed him with a golden trident.	19999	PST · stab.PASS · 3SG · by · 3SG · with · a.certain · spear · gold
ngaro	I te ngaro au mō te rima mēneti.	I was away for five minutes.	19999	PST · PROG · gone · 1SG · for · the · five · minute
rima	I te ngaro au mō te rima mēneti.	I was away for five minutes.	19999	PST · PROG · gone · 1SG · for · the · five · minute
pēhea	I pēhea rāua i whakamatea ai?	How were they killed?	19999	PST · how · 3DU · PST · kill.PASS · ANAPH
rāua	I pēhea rāua i whakamatea ai?	How were they killed?	19999	PST · how · 3DU · PST · kill.PASS · ANAPH
katoa	Kātahi anō a ia ka kai. E kai ana au i ngā wā katoa.	He just ate. I'm always eating.	19999	then · just · PERS · 3SG · INCEP · eat · PROG · eat · PROG · 1SG · at · the.PL · time · all
ngaro	I ngaro i a Tom ngā mea katoa.	Tom lost everything.	19999	PST · gone · by · PERS · Tom · the.PL · thing · all
hoa	He tokomaha ōku hoa hei āwhina mai i ahau.	I have a lot of friends to help me.	19999	a · many.people · 1SG.POSS.PL · friend · PURP · help · hither · OBJ · 1SG
hei	He tokomaha ōku hoa hei āwhina mai i ahau.	I have a lot of friends to help me.	19999	a · many.people · 1SG.POSS.PL · friend · PURP · help · hither · OBJ · 1SG
ōku	He tokomaha ōku hoa hei āwhina mai i ahau.	I have a lot of friends to help me.	19999	a · many.people · 1SG.POSS.PL · friend · PURP · help · hither · OBJ · 1SG
āwhina	He tokomaha ōku hoa hei āwhina mai i ahau.	I have a lot of friends to help me.	19999	a · many.people · 1SG.POSS.PL · friend · PURP · help · hither · OBJ · 1SG
whakamahi	Whakamahi ai au i te Firefox.	I use Firefox.	19999	use · ANAPH · 1SG · OBJ · the · Firefox
ētahi	I ētahi wā, he pai ki a au te eke hōiho.	I like to ride a horse now and then.	19999	at · some · time · a · good · to · PERS · 1SG · the · ride · horse
eke	I ētahi wā, he pai ki a au te eke hōiho.	I like to ride a horse now and then.	19999	at · some · time · a · good · to · PERS · 1SG · the · ride · horse
ara	Ko te ara o te whaiāipo tēnei.	This is the lover's lane.	19999	IDENT · the · path · of · the · sweetheart · this
hoko	Kāore ahau i hoko i ērā mea.	I didn't buy them.	19999	NEG · 1SG · PST · buy · OBJ · those.DIST · thing
tae	Ka tata ahau te haere, ka tae mai koe.	I was about to leave when you came in.	19999	INCEP · near · 1SG · the · go · INCEP · arrive · hither · 2SG
rongo	I rongo kōrero koe mō te ahi o nanahi?	Did you hear about yesterday's fire?	19999	PST · hear · talk · 2SG · about · the · fire · of · yesterday
ahi	I rongo kōrero koe mō te ahi o nanahi?	Did you hear about yesterday's fire?	19999	PST · hear · talk · 2SG · about · the · fire · of · yesterday
noho	He pai kē ki a au te noho ki te kāinga i te haere ki te hī ika.	I would rather stay at home than go fishing.	19999	a · good · instead · to · PERS · 1SG · the · stay · to · the · home · than · the · go · to · the · catch · fish
ika	He pai kē ki a au te noho ki te kāinga i te haere ki te hī ika.	I would rather stay at home than go fishing.	19999	a · good · instead · to · PERS · 1SG · the · stay · to · the · home · than · the · go · to · the · catch · fish
kāinga	He pai kē ki a au te noho ki te kāinga i te haere ki te hī ika.	I would rather stay at home than go fishing.	19999	a · good · instead · to · PERS · 1SG · the · stay · to · the · home · than · the · go · to · the · catch · fish
tuhia	Kua tuhia e au tana nama waea.	I have written down his phone number.	19999	PERF · write.PASS · by · 1SG · 3SG.POSS · number · phone
puta	I te noho noa a Tom i reira, kāore he aha i puta i tōna waha.	Tom just sat there and didn't say anything.	19999	PST · PROG · stay · just · PERS · Tom · at · there · NEG · a · what · PST · emerge · from · 3SG.POSS · mouth
tōna	I te noho noa a Tom i reira, kāore he aha i puta i tōna waha.	Tom just sat there and didn't say anything.	19999	PST · PROG · stay · just · PERS · Tom · at · there · NEG · a · what · PST · emerge · from · 3SG.POSS · mouth
waha	I te noho noa a Tom i reira, kāore he aha i puta i tōna waha.	Tom just sat there and didn't say anything.	19999	PST · PROG · stay · just · PERS · Tom · at · there · NEG · a · what · PST · emerge · from · 3SG.POSS · mouth
reira	I te noho noa a Tom i reira, kāore he aha i puta i tōna waha.	Tom just sat there and didn't say anything.	19999	PST · PROG · stay · just · PERS · Tom · at · there · NEG · a · what · PST · emerge · from · 3SG.POSS · mouth
rawe	He tino rawe a Tom.	Tom is fabulous.	19999	a · very · wonderful · PERS · Tom
ō	He whakaaro tino pai ō Tom.	Tom has some very good ideas.	19999	a · thought · very · good · of.PL · Tom
whakaaro	He whakaaro tino pai ō Tom.	Tom has some very good ideas.	19999	a · thought · very · good · of.PL · Tom
ngaro	I uru atu ia ki te ngahere ki te kimi i tana tamariki e ngaro ana.	She went into the woods in search of her lost child.	19999	PST · enter · thither · 3SG · to · the · forest · to · the · seek · OBJ · 3SG.POSS · children · PROG · missing · PROG
uru	I uru atu ia ki te ngahere ki te kimi i tana tamariki e ngaro ana.	She went into the woods in search of her lost child.	19999	PST · enter · thither · 3SG · to · the · forest · to · the · seek · OBJ · 3SG.POSS · children · PROG · missing · PROG
ngahere	I uru atu ia ki te ngahere ki te kimi i tana tamariki e ngaro ana.	She went into the woods in search of her lost child.	19999	PST · enter · thither · 3SG · to · the · forest · to · the · seek · OBJ · 3SG.POSS · children · PROG · missing · PROG
taea	Ka whakamaioha ahau ki te taea e koe te mahi i tērā mahi.	I'd appreciate it if you could do that.	19999	FUT · appreciate · 1SG · to · the · able.PASS · by · 2SG · the · do · OBJ · that · work
paingia	E paingia ana a Bob ki te kura.	Bob is popular at school.	19999	PROG · like.PASS · PROG · PERS · Bob · at · the · school
kura	E paingia ana a Bob ki te kura.	Bob is popular at school.	19999	PROG · like.PASS · PROG · PERS · Bob · at · the · school
rīhi	Ehara nā Tom ngā rīhi i horoi.	Tom didn't do the dishes.	19999	NEG · by · Tom · the.PL · dishes · PST · wash
horoi	Ehara nā Tom ngā rīhi i horoi.	Tom didn't do the dishes.	19999	NEG · by · Tom · the.PL · dishes · PST · wash
mua	I kitea e koe te whitinga o te rā i mua nei? I tino ātaahua.	Did you see the sunrise earlier? It was really beautiful.	19999	PST · see.PASS · by · 2SG · the · rising · of · the · sun · at · before · this · PST · very · beautiful
ātaahua	I kitea e koe te whitinga o te rā i mua nei? I tino ātaahua.	Did you see the sunrise earlier? It was really beautiful.	19999	PST · see.PASS · by · 2SG · the · rising · of · the · sun · at · before · this · PST · very · beautiful
tuakana	I te tuatahi, i pōhēhē ahau ko koe tō tuakana.	At first, I mistook you for your brother.	19999	at · the · first · PST · mistaken · 1SG · IDENT · 2SG · 2SG.POSS · elder.sibling
tuatahi	I te tuatahi, i pōhēhē ahau ko koe tō tuakana.	At first, I mistook you for your brother.	19999	at · the · first · PST · mistaken · 1SG · IDENT · 2SG · 2SG.POSS · elder.sibling
teina	I te tuatahi, i pōhēhē ahau ko koe tō teina.	At first, I mistook you for your brother.	19999	at · the · first · PST · mistaken · 1SG · IDENT · 2SG · 2SG.POSS · younger.sibling
tuatahi	I te tuatahi, i pōhēhē ahau ko koe tō teina.	At first, I mistook you for your brother.	19999	at · the · first · PST · mistaken · 1SG · IDENT · 2SG · 2SG.POSS · younger.sibling
toru	Kua toru ngā rā a Tom e ngaro ana i te kura.	Tom has been absent from school for three days.	19999	PERF · three · the.PL · day · PERS · Tom · PROG · missing · PROG · at · the · school
roa	Kua roa ahau e tatari ana ki a Tom.	I've been waiting for Tom for a long time.	19999	PERF · long · 1SG · PROG · wait · PROG · to · PERS · Tom
tatari	Kua roa ahau e tatari ana ki a Tom.	I've been waiting for Tom for a long time.	19999	PERF · long · 1SG · PROG · wait · PROG · to · PERS · Tom
tātou	Tuatahi, kia kōrero tātou mō ngā mahi i mahia e Tom.	First, let's talk about what Tom did.	19999	first · SBJV · talk · 1PL.INCL · about · the.PL · work · PST · do.PASS · by · Tom
tuatahi	Tuatahi, kia kōrero tātou mō ngā mahi i mahia e Tom.	First, let's talk about what Tom did.	19999	first · SBJV · talk · 1PL.INCL · about · the.PL · work · PST · do.PASS · by · Tom
mahia	Tuatahi, kia kōrero tātou mō ngā mahi i mahia e Tom.	First, let's talk about what Tom did.	19999	first · SBJV · talk · 1PL.INCL · about · the.PL · work · PST · do.PASS · by · Tom
roa	I tatari ahau ki a Tom mō te wā roa.	I waited for Tom for a long time.	19999	PST · wait · 1SG · to · PERS · Tom · for · the · time · long
tatari	I tatari ahau ki a Tom mō te wā roa.	I waited for Tom for a long time.	19999	PST · wait · 1SG · to · PERS · Tom · for · the · time · long
mahia	I mahia e Tom ngā mea katoa i taea e ia te mahi.	Tom did everything he could.	19999	PST · do.PASS · by · Tom · the.PL · thing · all · PST · able.PASS · by · 3SG · the · do
hoa	Ko koe te hoa kotahi o Tom i mua.	You were Tom's only friend.	19999	IDENT · 2SG · the · friend · one · of · Tom · at · before
mua	Ko koe te hoa kotahi o Tom i mua.	You were Tom's only friend.	19999	IDENT · 2SG · the · friend · one · of · Tom · at · before
ora	Ka roa te wā kia ora rā anō ahau i tēnei rewharewha.	It'll take me a long time to get over this cold.	19999	FUT · long · the · time · SBJV · well · EMPH · again · 1SG · from · this · flu
hua	E hua ana ahau me aha ahau ki te kimi i tētahi mahi.	I wonder what I need to do to find a job.	19999	PROG · suppose · PROG · 1SG · OBLIG · what · 1SG · to · the · seek · OBJ · a.certain · work
māu	"""He kaputī anō māu?"" ""Kāore."""	"""Would you like some more tea?"" ""No, thanks."""	19999	a · cup.of.tea · again · for.2SG · NEG
waiata	E whakahāwea ana tēnei waiata i te wahine.	This song is degrading to women.	19999	PROG · despise · PROG · this · song · OBJ · the · woman
wahine	E whakahāwea ana tēnei waiata i te wahine.	This song is degrading to women.	19999	PROG · despise · PROG · this · song · OBJ · the · woman
taha	Ka mahue taku noho i reira, i tō taha.	I should've been there with you.	19999	FUT · left.behind · 1SG.POSS · stay · at · there · at · 2SG.POSS · side
reira	Ka mahue taku noho i reira, i tō taha.	I should've been there with you.	19999	FUT · left.behind · 1SG.POSS · stay · at · there · at · 2SG.POSS · side
pono	Kia pono taku kōrero, he tawhito rawa tō āhua whakaaro.	Frankly speaking, your way of thinking is out of date.	19999	SBJV · true · 1SG.POSS · talk · a · old · very · 2SG.POSS · manner · thought
ngenge	Kāore koe i te ngenge, nē?	You're not sleepy, are you?	19999	NEG · 2SG · PROG · PROG · tired · TAG
konei	Nō reira kāore ahau i konei.	I wasn't here then.	19999	from · there · NEG · 1SG · at · here
reira	Nō reira kāore ahau i konei.	I wasn't here then.	19999	from · there · NEG · 1SG · at · here
nau	Nau mai ki Tatoeba!	Welcome to Tatoeba!	19999	come · hither · to · Tatoeba
tāhae	I ngana ngā makimaki ki te tāhae i ā mātou kai.	The monkeys tried to steal our food.	19999	PST · try · the.PL · monkey · to · the · steal · OBJ · POSS · 1PL.EXCL · food
makimaki	I ngana ngā makimaki ki te tāhae i ā mātou kai.	The monkeys tried to steal our food.	19999	PST · try · the.PL · monkey · to · the · steal · OBJ · POSS · 1PL.EXCL · food
whānau	Āhea tō rā whānau?	When is your birthday?	19999	when · 2SG.POSS · day · birth
kōrua	Katia tā kōrua waha	Shut up, both of you.	19999	shut.PASS · POSS · 2DU · mouth
ētahi	Kei te hiahia a Yanni ētahi wā e mahi ana.	Yanni needs some time to do this work.	19999	PROG · PROG · want · PERS · Yanni · some · time · PROG · work · PROG
mate	He mate kē a Tom pea.	Tom may already be dead.	19999	a · dead · already · PERS · Tom · perhaps
pea	He mate kē a Tom pea.	Tom may already be dead.	19999	a · dead · already · PERS · Tom · perhaps
toro	I toro a Tom i tētahi hoa.	Tom visited a friend.	19999	PST · visit · PERS · Tom · OBJ · a.certain · friend
hoa	I toro a Tom i tētahi hoa.	Tom visited a friend.	19999	PST · visit · PERS · Tom · OBJ · a.certain · friend
kari	I tīmata a Yanni ki kari.	Yanni began to dig.	19999	PST · begin · PERS · Yanni · to · dig
engari	He pai te wāhi engari kāore au i hiahia ki noho ki kōnei.	This is a nice place, but I don't want to live here.	19999	a · good · the · place · but · NEG · 1SG · PST · want · to · live · to · here
tāna	Kei te whakamomori au i tāna āwhina.	I desperately need his help.	19999	PROG · PROG · be.desperate · 1SG · OBJ · 3SG.POSS · help
āwhina	Kei te whakamomori au i tāna āwhina.	I desperately need his help.	19999	PROG · PROG · be.desperate · 1SG · OBJ · 3SG.POSS · help
whakaari	I mārena ia ki tētahi kaiako o whakaari.	She was married to a drama teacher.	19999	PST · marry · 3SG · to · a.certain · teacher · of · drama
kaiako	I mārena ia ki tētahi kaiako o whakaari.	She was married to a drama teacher.	19999	PST · marry · 3SG · to · a.certain · teacher · of · drama
tikanga	Tōna tikanga kia tūtaki ia ki a ia ki ngā kiriata.	He was supposed to meet her at the movies.	19999	3SG.POSS · proper.way · SBJV · meet · 3SG · to · PERS · 3SG · to · the.PL · movie
tūtaki	Tōna tikanga kia tūtaki ia ki a ia ki ngā kiriata.	He was supposed to meet her at the movies.	19999	3SG.POSS · proper.way · SBJV · meet · 3SG · to · PERS · 3SG · to · the.PL · movie
tōna	Tōna tikanga kia tūtaki ia ki a ia ki ngā kiriata.	He was supposed to meet her at the movies.	19999	3SG.POSS · proper.way · SBJV · meet · 3SG · to · PERS · 3SG · to · the.PL · movie
tiakarete	E hia ngā tiakarete i kai a Tom?	How much chocolate did Tom eat?	19999	NUM · how.many · the.PL · chocolate · PST · eat · PERS · Tom
āna	Kei te mōhio i āna rārangi	He knows his lines.	19999	PROG · PROG · know · OBJ · 3SG.POSS.PL · line
riri	E hia ngā whakawai riri nāu?	How many push-ups did you do?	19999	NUM · how.many · the.PL · train · fight · by.2SG
ata	Ka aha a Jane ā te ata?	What is Jane going to do tomorrow morning?	19999	FUT · what · PERS · Jane · at · the · morning
pukapuka	He tokomaha ngā tāngata i te whare pukapuka i ngā wā katoa.	There are always many people in the library.	19999	a · many.people · the.PL · people · at · the · house · book · at · the.PL · time · all
karu	He pai tōku karu inaianei.	My eye is fine now.	19999	a · good · 1SG.POSS · eye · now
waewae	He pai tōku waewae inaianei.	My leg is fine now.	19999	a · good · 1SG.POSS · leg · now
ki	Kei te aroha au ki a koe.	I love you.	92	PROG · PROG · love · 1SG · to · PERS · 2SG
kei	Kei te aroha au ki a koe.	I love you.	92	PROG · PROG · love · 1SG · to · PERS · 2SG
e	He maha ngā mea o te ao kua kitea e ia.	He has seen much of the world.	151	a · many · the.PL · thing · of · the · world · PERF · see.PASS · by · 3SG
i	I paingia e koe taku whakaahua?	Did you like my picture?	389	PST · like.PASS · by · 2SG · 1SG.POSS · picture
ana	E hiahia noa ana au ki te tuku mihi atu ki a koe.	I just want to thank you.	772	PROG · want · just · PROG · 1SG · to · the · send · greeting · thither · to · PERS · 2SG
i	Kei te tāhoe au i roto ki te moana.	I'm swimming in the ocean.	19999	PROG · PROG · swim · 1SG · at · inside · to · the · sea
kai	I kai au i te miraka tepe.	I ate the yoghurt.	19999	PST · eat · 1SG · OBJ · the · milk · congealed
utu	E rua tāra te utu mō te pukapuka.	The price of the book was $5.	19999	NUM · two · dollar · the · price · for · the · book
o	I te wā o te haerenga, i whakaaro au ki a koe.	During the entire trip my thoughts were of you.	19999	at · the · time · of · the · journey · PST · think · 1SG · to · PERS · 2SG
kore	E kore e taea e au te tiaki i a ia.	I can't protect her.	19999	FUT · NEG · FUT · able.PASS · by · 1SG · the · care.for · OBJ · PERS · 3SG
me	Me haere au ki te whare paku.	I have to use the restroom.	19999	OBLIG · go · 1SG · to · the · house · small
haere	Me haere au ki te whare paku.	I have to use the restroom.	19999	OBLIG · go · 1SG · to · the · house · small
tekau	Kotahi rau e rima tekau hoki ngā tāngata i mate i te rū whenua.	This earthquake took a hundred and fifty lives, as well.	19999	one · hundred · NUM · five · ten · also · the.PL · people · PST · die · from · the · shake · land
hoki	Kotahi rau e rima tekau hoki ngā tāngata i mate i te rū whenua.	This earthquake took a hundred and fifty lives, as well.	19999	one · hundred · NUM · five · ten · also · the.PL · people · PST · die · from · the · shake · land
kotahi	Kotahi rau e rima tekau hoki ngā tāngata i mate i te rū whenua.	This earthquake took a hundred and fifty lives, as well.	19999	one · hundred · NUM · five · ten · also · the.PL · people · PST · die · from · the · shake · land
o	He koi ngā karu o te kārearea.	The falcon has keen eyes.	19999	a · sharp · the.PL · eye · of · the · falcon
mai	Te āhua nei i karo ia i te tūtaki mai ki a au.	I felt as if he shrank from meeting me.	19999	the · appearance · this · PST · dodge · 3SG · OBJ · the · meet · hither · to · PERS · 1SG
aha	He aha tō tino pepeha?	What's your favorite saying?	19999	a · what · 2SG.POSS.O · main · saying
atu	Kua tino rerekē te papa kāinga i ngā tau tekau kua taha atu.	That village has changed a lot from how it was 10 years ago.	19999	PERF · very · different · the · ground · home · at · the.PL · year · ten · PERF · pass · thither
kua	Kua tino rerekē te papa kāinga i ngā tau tekau kua taha atu.	That village has changed a lot from how it was 10 years ago.	19999	PERF · very · different · the · ground · home · at · the.PL · year · ten · PERF · pass · thither
katoa	I ngaro i a Tom ngā mea katoa.	Tom lost everything.	19999	PST · missing · by · PERS · Tom · the.PL · thing · all
mea	I ngaro i a Tom ngā mea katoa.	Tom lost everything.	19999	PST · missing · by · PERS · Tom · the.PL · thing · all
aroha	Aroha mai, engari me haere koe.	I'm sorry, but you've got to go.	19999	love · hither · but · OBLIG · go · 2SG
mahi	I kitea ia e au e mahi ana i tērā mahi.	I saw him do it.	19999	PST · see.PASS · 3SG · by · 1SG · PROG · work · PROG · OBJ · that.DIST · work
ngaro	Kua toru ngā rā a Tom e ngaro ana i te kura.	Tom has been absent from school for three days.	19999	PERF · three · the.PL · day · of · Tom · PROG · missing · PROG · at · the · school
kura	Kua toru ngā rā a Tom e ngaro ana i te kura.	Tom has been absent from school for three days.	19999	PERF · three · the.PL · day · of · Tom · PROG · missing · PROG · at · the · school
rā	Kua toru ngā rā a Tom e ngaro ana i te kura.	Tom has been absent from school for three days.	19999	PERF · three · the.PL · day · of · Tom · PROG · missing · PROG · at · the · school
ko	Ko koe te hoa kotahi o Tom i mua.	You were Tom's only friend.	19999	EQ · 2SG · the · friend · one · of · Tom · at · front
kotahi	Ko koe te hoa kotahi o Tom i mua.	You were Tom's only friend.	19999	EQ · 2SG · the · friend · one · of · Tom · at · front
nei	He iti tāu māra nei!	Your garden really is little.	19999	a · small · 2SG.POSS.A · garden · this
ka	Ka aha a Jane ā te ata?	What is Jane going to do tomorrow morning?	19999	FUT · what · PERS · Jane · at · the · morning
kā	I te ahiahi ka kā te ahi, ā, ka mahana te whare katoa.	In the evening the fire catches, and the whole house warms up.	11	
kā	Kua kā kē te ahi mō te hāngī, e tatari ana ngā manuhiri.	The fire is already burning for the hāngī, and the guests are waiting.	11	
kā	Ka ora tōku ngākau ina kā ngā rama o te whare i te pō.	My heart lifts whenever the lights of the house come on at night.	11	
he	He kai reka kei runga i te tēpu, engari kua kai kē ngā tamariki.	There's good food on the table, but the children have already eaten.	15	
he	He kaiako au i te kura, ā, he uaua ngā tamariki i tēnei tau.	I'm a teacher at the school, and the children are a handful this year.	15	
he	He mamae tōku ngākau, nā te mea kua wehe atu tōku hoa ki Ahitereiria.	My heart aches, because my friend has gone off to Australia.	15	
āna	Kua oti i tāku tama āna mahi kāinga, nō reira ka tākaro ia.	My boy has finished his homework, so now he gets to play.	18	
āna	I whakaatu te kaiako i āna pikitia ki ngā mātua i te pō whakanui.	The teacher showed her pictures to the parents on celebration night.	18	
āna	He whakamīharo āna kōrero i te hui, i tangi ai te nuinga o mātou.	His speeches at the meeting were so moving that most of us wept.	18	
tama	Kei te tangi te tama a tōku tuahine, kāore anō ia kia moe.	My sister's boy is crying; he still hasn't had any sleep.	35	
tama	I riro i te tama a Hēmi te tohu tuatahi i te whakataetae waiata.	Hēmi's son took first prize at the singing competition.	35	
tama	He māia tērā tama; ahakoa te wehi, i eke ia ki te hōiho nanakia.	That child is brave — despite his fear, he got up on the wild horse.	35	
atua	Ia ata, ka karakia tōku kuia ki te atua i mua i te kai.	Every morning my grandmother prays to God before the meal.	38	
atua	I kōrero te kaumātua mō ngā atua Māori ki ngā ākonga i te wharenui.	The elder talked to the students about the Māori gods in the meeting house.	38	
atua	Ki ahau nei, ko Tāwhirimātea te atua tino kaha o ngā tamariki a Rangi.	To my mind, Tāwhirimātea is the most powerful god among Rangi's children.	38	
iwi	I whati te iwi o tōku ringa i taku hinganga mai i te rākau.	The bone in my arm broke when I fell out of the tree.	45	
iwi	I huihui te iwi katoa ki te marae mō te tangihanga o te kuia.	The whole tribe gathered at the marae for the old woman's funeral.	45	
iwi	He kaha tonu tō mātou iwi, ahakoa ngā tau maha o te ngaro whenua.	Our people are still strong, despite the many years of losing land.	45	
tana	Kua ngaro anō tana pōtae, kei te rapu ia i raro i te moenga.	His hat has gone missing again, and he's hunting for it under the bed.	47	
tana	I mahue tana pēke ki te tari, nō reira ka hoki mai ia.	He left his bag behind at the office, so he's coming back for it.	47	
tana	He tino rawe tana waiata hou, ka tangi tonu au ina rongo au.	Her new song is wonderful; I still cry whenever I hear it.	47	
kupu	Ia pō, ka ako mātou i ētahi kupu hou i mua i te moe.	Every night we learn a few new words before going to sleep.	53	
kupu	Kāore te kaikōrero i mōhio ki te kupu Māori mō tēnei taputapu hou.	The speaker didn't know the Māori word for this new device.	53	
kupu	Kotahi noa te kupu i puta mai i tōna waha, i mataku ai mātou.	Only one word came out of his mouth, and it frightened the lot of us.	53	
rite	He rite tonu tāu tama ki tōna pāpā, arā te kata me te hīkoi.	Your boy is the image of his father — the laugh and the walk.	57	
rite	I te hui, he rite ngā whakaaro o ngā kaimahi mō te utu hou.	At the meeting the workers' views on the new pay were all alike.	57	
rite	Kāore rawa i rite te kai o te tāone ki tā tōku kuia.	The food in town is nothing at all like my grandmother's.	57	
ringa	Horoia ō ringa i mua i te noho ki te tēpu, e tama!	Wash your hands before you sit down at the table, son!	59	
ringa	I hiki te tamaiti i tōna ringa ki te pātai ki te kaiako.	The child raised his hand to ask the teacher a question.	59	
ringa	I mamae ōku ringa i te roa o te hoe waka i te awa.	My arms ached from the long paddle up the river.	59	
ariki	Ka kōrero tōku koroua mō te ariki nāna i ārahi te iwi ki Tāmaki.	My grandfather tells stories about the paramount chief who led the tribe to Auckland.	66	
ariki	I tū te ariki ki te whaikōrero i mua i te whare tupuna.	The paramount chief stood to deliver the formal speech in front of the ancestral house.	66	
ariki	Kāore te ariki i whakaae kia hokona te whenua, nā reira i harikoa mātou.	The paramount chief refused to let the land be sold, so we were overjoyed.	66	
wāhine	Kei te tunu kai ngā wāhine i te kīhini mō te hui āpōpō.	The women are cooking in the kitchen for tomorrow's gathering.	70	
wāhine	I karanga ngā wāhine o te marae ki ngā manuhiri i te ata.	The women of the marae called the visitors on in the morning.	70	
wāhine	Kāore ngā wāhine o tō mātou hapū e mataku ki te moana nui.	The women of our sub-tribe are not afraid of the open sea.	70	
aroaro	Kua takoto te kai i tōku aroaro, engari kāore anō au kia hiakai.	The food is laid out in front of me, but I'm not hungry yet.	74	
aroaro	I tū te kaikōrero i te aroaro o ngā manuhiri, ka tīmata tāna whaikōrero.	The speaker stood in the presence of the visitors, and his formal speech began.	74	
aroaro	I whakamā au i tāku kōrero i te aroaro o te whānau katoa.	I was mortified at having spoken in front of the whole family.	74	
wairua	Ka rongo au i te wairua o tōku kuia ina waiata mātou.	I feel my grandmother's spirit whenever we sing.	83	
wairua	Ka hoki te wairua ki Hawaiki, koinā te kōrero a ngā kaumātua.	The soul returns to Hawaiki — that is what the elders say.	83	
wairua	Kua ngoikore tōku wairua i te roa o te mahi, me okioki au.	My spirit has worn thin from the long stretch of work; I need to rest.	83	
nana	Nana! Kua pakaru te matapihi i te pōro a ngā tamariki.	Look! The window has been smashed by the children's ball.	84	
nana	Nana, kei te heke mai te waka o ngā manuhiri ki te marae.	Look, the visitors' canoe is coming down to the marae.	84	
nana	Nana! Kua tipu tāu tama, kua teitei ake ia i a au.	Look at that! Your boy has grown — he's taller than me now.	84	
tapu	Kaua e kai i konei, he wāhi tapu tēnei mō ngā tūpuna.	Don't eat here — this is a sacred place set aside for the ancestors.	86	
tapu	I muri i te tangihanga, ka tapu te whare mō ngā rā e toru.	After the funeral the house stays under tapu for three days.	86	
tapu	Ki ahau nei, he tino tapu te maunga, nō reira kāore au e piki.	To my mind the mountain is deeply sacred, so I will not climb it.	86	
mano	Kotahi mano tāra te utu o tōku pahikara, ā, kua pakaru kē.	My bike cost a thousand dollars, and it has already fallen apart.	90	
mano	Neke atu i te rua mano ngā tāngata i tae ki te hui nui.	More than two thousand people turned up to the big gathering.	90	
mano	Ahakoa e toru mano ngā kilomita, ka hoki au ki te kāinga ia tau.	Even though it's three thousand kilometres, I go home every year.	90	
whai	I hopu tōku pāpā i tētahi whai nui i te wahapū o te awa.	My father caught a huge stingray at the mouth of the river.	92	
whai	I whakaatu te kaiako i te hiku o te whai ki ngā ākonga.	The teacher showed the students the stingray's tail.	92	
whai	Kia tūpato! Kei raro i te onepū tētahi whai e moe ana.	Careful! There's a stingray lying asleep under the sand.	92	
tohunga	He tohunga tōku whaea ki te tunu parāoa rewena i ia Rātapu.	My mother is an expert at baking rewena bread every Sunday.	93	
tohunga	I karangatia te tohunga ki te whakawātea i te whare hou i te ata.	The expert was called in to lift the tapu from the new house that morning.	93	
tohunga	Ki tōku whakaaro, he tohunga rawa atu ia ki te whakairo rākau.	In my opinion he is an absolute master of wood carving.	93	
hara	Kua hara au, nā te mea i kai au i runga i te tēpu.	I have broken tapu, because I ate sitting up on the table.	94	
hara	Ki tā ngā kaumātua, kua hara te hunga i takahi i te urupā.	According to the elders, the group who walked over the burial ground have violated tapu.	94	
hara	Mēnā ka takahi koe i te tapu o te wāhi nei, kua hara koe.	If you trample the tapu of this place, you have committed a transgression.	94	
muri	I muri i te kai, ka horoia ngā rīhi katoa e ngā tamariki.	After the meal, the children washed every one of the dishes.	95	
muri	I te pōwhiri, ka noho ngā taitamariki i muri i ngā kaumātua.	At the pōwhiri the young people sat behind the elders.	95	
muri	Ā muri ake nei, ka mihi koe ki a au mō tēnei tohutohu.	Some day down the track you'll thank me for this advice.	95	
ihu	Ka pupuri te tamaiti i tōna ihu i te haunga o te ika pirau.	The child held his nose against the stink of the rotting fish.	96	
ihu	I te pōwhiri ka hongi māua, ka pā tōku ihu ki tōna ihu.	At the pōwhiri we pressed noses, my nose against his.	96	
ihu	I te hōtoke, ka whero tōku ihu i te makariri, ka kata ngā tamariki.	In winter my nose goes red with the cold and the children laugh.	96	
hura	Ka hura te whānau i te hāngī, ka puta te kohu ki te rangi.	The family uncovered the hāngī and the steam rose into the sky.	100	
hura	Ā te Rāhoroi ka hura te whānau i te kōhatu o tō mātou koroua.	On Saturday the family will unveil our grandfather's headstone.	100	
hura	Nā te āwhā i hura te tuanui o te whare, ka mataku ngā tamariki.	The storm stripped the roof off the house and the children were terrified.	100	
mohi	Kei te whakatika a Mohi i te taiapa o te kāinga i tēnei ata.	Mohi is out mending the fence at home this morning.	106	
mohi	I te hui, ka whakamārama a Mohi i te take ki ngā kaumātua.	At the meeting, Mohi explained the matter to the elders.	106	
mohi	Nā Mohi i arahi tōna iwi puta noa i te koraha, ahakoa te ngenge.	Moses led his people right across the desert, weary as they were.	106	
matau	Ka whakapaia e Pāpā ngā matau me te aho mō te hī ika āpōpō.	Dad got the hooks and the line ready for tomorrow's fishing.	107	
matau	Kei te whakairo taku tuakana i tētahi matau kōiwi hei taonga mō tāna tama.	My older brother is carving a bone fishhook as a treasure for his son.	107	
matau	Ka motu te aho, ka riro taku matau i te ika, ka pōuri au.	The line snapped, the fish made off with my hook, and my heart sank.	107	
oti	Kua oti i a au te horoi kākahu i mua i te ua.	I got the washing finished before the rain came.	109	
oti	Kāore anō te mahi kia oti, nō reira ka noho mātou i te tari.	The job isn't done yet, so we're staying on at the office.	109	
oti	Ka oti ngā whakamātautau, ka rere te koa i roto i ngā ākonga katoa.	When the exams were over, joy ran through all the students.	109	
pera	I te wā o ōku tūpuna, ka whakarewaina te pera hei hinu rama.	In my ancestors' day the blubber was rendered down into lamp oil.	112	
pera	Ka tapahia e te hapū te pera o te tohorā i pae ki uta.	The hapū cut the blubber from the whale that had stranded on the shore.	112	
pera	He kawa te haunga o te pera e kōhuatia ana i te tāhuna.	The stench of blubber being boiled down on the beach is bitter.	112	
mana	Kei tōku kuia te mana i tō mātou kāinga, ka whakarongo mātou katoa.	My grandmother holds the mana in our house, and we all listen to her.	114	
mana	Nā ngā kōrero a te kaumātua, ka piki te mana o te marae.	The elder's speech lifted the standing of the marae.	114	
mana	Ehara te mana i te mea hoko; he mea hōmai kē nā te iwi.	Mana is not something you buy; the people are the ones who confer it.	114	
kanohi	I te ata makariri, ka horoia e au tōku kanohi ki te wai mātaotao.	On a cold morning I washed my face in the freezing water.	117	
kanohi	Ka huri ngā kanohi katoa ki te kaikōrero i tōna tūnga ki te paepae.	Every face turned to the speaker as he rose at the paepae.	117	
kanohi	Ki ahau, he pai ake te kōrero kanohi ki te kanohi i te waea.	To my mind, talking face to face beats a phone call.	117	
wehi	Ka kaha te wehi o taku teina i te whatitiri, ka piri mai ia.	My little brother's dread of the thunder was so great that he clung to me.	119	
wehi	Ka tū te haka, ka rere te wehi ki roto i ngā manuhiri katoa.	The haka began, and awe swept through all the visitors.	119	
wehi	He tika te wehi ki te moana, he tohu whakaute ki a Tangaroa.	Fear of the sea is right; it is a mark of respect for Tangaroa.	119	
taonga	Kei roto i te pouaka o tōku kuia ngā taonga o te whānau.	The family treasures are kept inside my grandmother's box.	138	
taonga	Ka whakaatuhia e ngā kaumātua ngā taonga whakairo ki ngā manuhiri i te marae.	The elders show the carved treasures to the visitors at the marae.	138	
taonga	Ahakoa he iti, he taonga tērā pounamu nā tōku koroua i tuku mai.	Small as it is, that greenstone my grandfather handed down is a treasure.	138	
tinana	Kua ngenge katoa tōku tinana i muri i te mahi i te māra.	My whole body is worn out after working in the garden.	141	
tinana	Me whakamahana koe i tō tinana i mua i te tākaro whutupōro.	You need to warm your body up before the rugby game.	141	
tinana	Ahakoa kua ruhi tōku tinana, kei te kaha tonu tōku wairua.	My body may be worn down, but my spirit is still strong.	141	
ture	E ai ki te ture, kāore e āhei te hī ika i tēnei awa.	According to the law, fishing is not allowed in this river.	142	
ture	Kei te ako tāku tamahine i te ture i te whare wānanga o Pōneke.	My daughter is studying law at the university in Wellington.	142	
ture	He ture tika tērā, engari kāore ngā tāngata o te kāinga e whakarongo ana.	That's a fair law, but the people back home take no notice of it.	142	
tamahine	Kei te ako tāku tamahine ki te tunu parāoa me tōna kuia.	My daughter is learning to bake bread with her grandmother.	143	
tamahine	Ka tū te tamahine a Hēmi ki te whakataetae kapa haka ā te Rāhoroi.	Hēmi's daughter is performing at the kapa haka competition on Saturday.	143	
tamahine	Kua rua tekau ngā tau o tāku tamahine, he pēpi tonu ia ki ahau.	My daughter has turned twenty, but to me she is still a baby.	143	
āta	Kia āta haere i te huarahi i te ata nei, he hukapapa kei reira.	Take the road carefully this morning — there is frost out there.	149	
āta	I āta whakarongo te kaiako ki te tamaiti i mua i tāna whakautu.	The teacher listened carefully to the child before she gave her answer.	149	
āta	Me āta titiro ki ngā whakairo, kei ngaro te kōrero i a koe.	Look at the carvings slowly, or their story will be lost on you.	149	
hipi	I pakaru te taiapa, nā reira i puta ngā hipi ki te rori.	The fence broke, so the sheep got out onto the road.	150	
hipi	Ka kutikuti mātou i ngā hipi i mua i te ua o te ahiahi.	We'll shear the sheep before this afternoon's rain comes in.	150	
hipi	He mea whakamārie ki te ngākau te titiro ki ngā hipi i te puke.	Watching the sheep up on the hill settles the heart.	150	
koura	I hokona e tōku matua he mōwhiti koura i mua i tō rāua mārenatanga.	My father bought a gold ring before the two of them were married.	151	
koura	I haere ngā tini tāngata ki Ōtākou ki te keri koura i ngā awa.	Crowds of people went to Otago to dig for gold in the rivers.	151	
koura	I riro te koura i ngā kamupene, ka mahue he awa paruparu.	The companies took the gold and left a filthy river behind.	151	
tangi	I oho au i te tangi o te pēpi i waenganui pō.	The baby's crying woke me in the middle of the night.	152	
tangi	Ka haere mātou ki te tangi o tō mātou kaumātua ā te Rāhoroi.	We're going to our elder's funeral on Saturday.	152	
tangi	Kāore e mutu te tangi o tōku whaea mō tōna tuakana i mate.	My mother's grieving for her late elder sister has never eased.	152	
toto	I motu tōku ringa i te maripi, ka heke te toto ki te papa.	I cut my hand on the knife and blood ran down onto the floor.	153	
toto	I haere ia ki te hōhipera ki te tuku toto i tēnei ata.	She went to the hospital this morning to donate blood.	153	
toto	Kotahi anō te toto e rere ana i roto i a tātou.	One and the same blood runs through all of us.	153	
inoi	Kua ako tāku tamaiti i tētahi inoi hou i te kura i tēnei wiki.	My child learned a new prayer at school this week.	154	
inoi	Ka tīmata ngā hui katoa o te marae ki tētahi inoi me tētahi waiata.	Every gathering at the marae opens with a prayer and a song.	154	
inoi	I ia pō, ka tuku inoi tōku whaea mō ōna mokopuna kei tāwāhi.	Every night my mother offers a prayer for her grandchildren overseas.	154	
inu	Kua pau ngā inu i te kāinga, nō reira me haere ki te toa.	The drinks at home have all run out, so someone had better go to the shop.	196	
inu	I muri i te pōwhiri, ka tukuna ngā inu wera ki ngā manuhiri.	After the pōwhiri, hot drinks were handed round to the visitors.	196	
inu	Kāore he inu e rite ana ki te wai mātao o te puna.	There is no drink that can match the cold water from the spring.	196	
whakaatu	I te ata o Matariki, ka whakaatu a Pāpā i ngā whetū ki ahau.	On the morning of Matariki, Dad showed me the stars.	197	
whakaatu	Ka whakaatu te whare taonga i ngā korowai o ō mātou tūpuna āpōpō.	Tomorrow the museum will put our ancestors' cloaks on display.	197	
whakaatu	I te tangihanga, kāore ia i hiahia ki te whakaatu i ōna roimata.	At the tangihanga he did not want to let his tears show.	197	
ahua	Ka ahua te māra kūmara e ngā kuia i ia ata o te raumati.	The kūmara garden was tended by the old women every morning of the summer.	198	
ahua	I ahua ngā mokopuna e ō rātou kaumātua i te ngaro o ngā mātua.	The grandchildren were looked after by their elders while the parents were away.	198	
ahua	Mehemea kāore te urupā i ahua e te hapū, kua ngaro ngā kōhatu.	If the urupā had not been cared for by the hapū, the headstones would have been lost.	198	
raro	Kua oma te ngeru ki raro i te moenga i te whaitiri.	The cat has bolted under the bed because of the thunder.	124	
raro	I noho ngā manuhiri ki raro i te whakairo nui i te wharenui.	The visitors sat down beneath the big carving inside the meeting house.	124	
raro	He pai ki ahau te noho i raro i ngā whetū i te raumati.	I love sitting out under the stars in the summer.	124	
tamariki	I whāngai ngā tamariki i ngā heihei i mua i te kura.	The children fed the chickens before school.	125	
tamariki	Kei te ako ngā tamariki i te haka mō te whakataetae ā tērā marama.	The children are learning the haka for next month's competition.	125	
tamariki	Ki taku whakaaro, he māia ngā tamariki o tēnei kura ki te kōrero Māori.	In my view, the children at this school are bold about speaking Māori.	125	
whawhai	I whawhai ngā kurī e rua mō te wheua i waho i te whare.	The two dogs fought over the bone outside the house.	128	
whawhai	I whawhai ō tātou tīpuna ki te pupuri i tō tātou whenua.	Our ancestors fought to hold on to our land.	128	
whawhai	Kua ngenge au i te whawhai ki taku tuakana mō ngā mahi kāinga.	I'm worn out from fighting with my older sister about the housework.	128	
whakarongo	Ka whakarongo tōku pāpā ki te reo irirangi i a ia e taraiwa ana.	My father listens to the radio while he is driving.	129	
whakarongo	Me whakarongo tātou ki ngā kōrero a te kaumātua i mua i te kai.	We should listen to the elder's speech before we eat.	129	
whakarongo	Kāore ia i whakarongo ki aku tohutohu, nā reira i ngaro ai ia.	He didn't listen to my directions, and that's why he got lost.	129	
aku	Kua pakaru aku hū i te hīkoi roa i te ngahere inanahi.	My shoes fell apart on that long walk in the bush yesterday.	130	
aku	Ka haere aku mātua ki te marae ā te Rāhoroi ki te āwhina.	My parents are going to the marae on Saturday to help out.	130	
aku	Kāore aku hoa e mōhio ana ki te take i riri ai au inapō.	My friends have no idea why I lost my temper last night.	130	
āku	I horoia ngā rīhi e āku tamariki i mua i te kura.	The dishes were washed by my children before school.	131	
āku	Ka whakaatu au i āku mahi toi ki te whare taonga ā tērā wiki.	I'm showing my artworks at the museum next week.	131	
āku	Kāore āku kupu i tika i te hui, ā, e whakamā tonu ana au.	My words came out wrong at the meeting, and I'm still embarrassed.	131	
kainga	Kua kainga ngā keke katoa e ngā tamariki i mua i te tina.	All the cakes have been eaten by the children before lunch.	132	
kainga	I kainga te hāngī e ngā manuhiri i muri i te pōwhiri.	The hāngī was eaten by the visitors after the welcome ceremony.	132	
kainga	Kainga ō kai i te wā e wera tonu ana, e tama!	Eat your food while it's still hot, son!	132	
tino	He tino makariri te whare i te hōtoke, nō reira ka tahuna te ahi.	The house is freezing in winter, so the fire gets lit.	135	
tino	Kāore te kaiwhakahaere i whakamārama i te tino take o te hui.	The manager never explained what the real point of the meeting was.	135	
tino	He tino pai ki ahau te kaukau i te awa i ngā rā wera.	I really love swimming in the river on hot days.	135	
maunga	I piki mātou i te maunga i te ata, ka kite i te hukarere.	We climbed the mountain in the morning and saw the snow.	136	
maunga	Ka mihi ia ki tōna maunga, ki tōna awa, i mua i tōna ingoa.	He acknowledges his mountain and his river before he gives his own name.	136	
maunga	Ka mokemoke au ki tōku maunga ina noho au ki tāwāhi.	I get homesick for my mountain whenever I'm living overseas.	136	
aua	I hopu mātou i ngā aua ki te kupenga i te wahapū.	We caught yellow-eye mullet with the net at the river mouth.	137	
aua	Ka whakamarokehia ngā aua e ngā koroua hei kai mā te hui.	The old men dry the mullet as food for the gathering.	137	
aua	He reka ake ngā aua i ngā ika o te toa, ki tāku titiro.	Mullet tastes better than shop-bought fish, if you ask me.	137	
hoari	I kite mātou i tētahi hoari tawhito i te whare taonga o Pōneke.	We saw an old sword at the museum in Wellington.	155	
hoari	Kei te pupuri te kaiwhakaari i tētahi hoari rākau i runga i te atamira.	The actor is holding a wooden sword up on the stage.	155	
hoari	Ki ahau nei, he ātaahua ake te taiaha i te hoari a te Pākehā.	To my mind the taiaha is a finer thing than the Pākehā sword.	155	
ahakoa	Ahakoa te makariri o te ata, ka kaukau tonu ia i te moana.	Cold as the morning is, she still swims in the sea.	156	
ahakoa	Ahakoa kāore ia i mōhio ki te reo, ka tū ia ki te mihi.	Even though he didn't know the language, he stood up to greet everyone.	156	
ahakoa	Ahakoa i hinga tō mātou kapa, i harikoa tonu mātou i te mutunga.	Although our team lost, we were happy anyway by the end.	156	
hoariri	Ko te ngata te hoariri nui o te māra kai a tōku whaea.	The snail is the great enemy of my mother's vegetable garden.	157	
hoariri	He hoariri ngā iwi e rua i mua, engari kua hohou te rongo ināianei.	The two tribes were enemies long ago, but peace has been made now.	157	
hoariri	Ahakoa he hoariri māua i te kura, he hoa piripono māua ināianei.	Although the two of us were enemies at school, we are loyal friends now.	157	
whakahoki	I whakahoki au i te koti ki te toa, he iti rawa mōku.	I took the coat back to the shop — it was far too small for me.	158	
whakahoki	Māku e whakahoki ngā tūru ki te wharekai i muri i te hui.	I'll put the chairs back in the dining hall after the meeting.	158	
whakahoki	Kāore e taea te whakahoki mai i ngā rā o tōku tamarikitanga.	The days of my childhood can never be brought back.	158	
mahara	Kei te mahara tonu au ki ngā parāoa parai a tōku kuia.	I still think about my grandmother's fry bread.	159	
mahara	I mahara au ki tōna ingoa i tana tūnga ake i te hui.	I remembered his name the moment he rose to his feet at the meeting.	159	
mahara	E mahara ana au ki tōku pāpā ina rongo au i tērā waiata.	I think of my father whenever I hear that song.	159	
mata	Kua ngenge ōku mata i te pānui pukapuka i raro i te rama.	My eyes are tired from reading books under the lamp.	160	
mata	I tirohia ōku mata e te rata, ā, ka mau mōhiti au ināianei.	The doctor examined my eyes, and now I wear glasses.	160	
mata	Kua mākū ōna mata i te tangi i te tangihanga o tōna koroua.	His eyes were wet with weeping at his grandfather's tangi.	160	
taro	I whakatō mātou i te taro ki te māra i muri i te ua.	We planted the taro in the garden once the rain had passed.	162	
taro	Ka tunua ngā taro me ngā kūmara i te hāngī mō te hui.	The taro and the kūmara are cooked in the hāngī for the gathering.	162	
taro	He iti te taro i toe, engari i tohatohatia e ia ki ngā tamariki.	Only a little bread was left, but she shared it out among the children.	162	
waewae	Horoia ō waewae i mua i tō kuhunga mai ki roto i te whare.	Wash your feet before you come inside the house.	163	
waewae	Kia kaha te takahi o ō waewae i te wā o te haka.	Stamp your feet hard when the haka is being performed.	163	
waewae	I wiri ōku waewae i taku tūnga ki te kōrero i te marae.	My legs shook as I stood up to speak on the marae.	163	
kikokiko	I motu te kikokiko o tōku matimati i te maripi hou a Māmā.	I cut the flesh of my finger open on Mum's new knife.	164	
kikokiko	Ka tapahia e ngā ringawera te kikokiko mō te hākari o āpōpō.	The kitchen crew cut up the meat for tomorrow's feast.	164	
kikokiko	Kāore au e kai i te kikokiko, he huawhenua anake tāku kai.	I don't eat meat; vegetables alone are what I eat.	164	
patu	I patu au i te waeroa i te pō, kātahi anō ka moe au.	I killed the mosquito during the night, and only then did I sleep.	165	
patu	Ka patu ngā tāne i ngā tuna i te taha o te awa.	The men kill the eels down beside the river.	165	
patu	Kaua e patu i te tamaiti; he nui ake te mana o te kōrero.	Never strike a child — talking with them carries far greater weight.	165	
teka	Kua pakaru te teka o te arawhata, nō reira kāore au i piki.	The rung of the ladder has broken, so I didn't climb up.	166	
teka	Kei runga tōku matua i te teka whakamutunga, e whakatika ana i te tuanui.	My father is up on the top rung, fixing the roof.	166	
teka	Ka wiri ōku waewae ina eke au ki te teka tuatoru o te arawhata.	My legs start shaking whenever I get up to the third rung of the ladder.	166	
poke	Kua poke katoa ōku ringaringa i te oneone o te māra kūmara.	My hands are completely grimy from the soil of the kūmara garden.	168	
poke	He poke ngā matapihi o te kura, nō reira ka horoia e mātou āpōpō.	The school windows are grimy, so we'll wash them tomorrow.	168	
poke	E whakamā ana au, he poke tonu ōku hū i te paru.	I'm embarrassed — my shoes are still grimy with mud.	168	
mou	Ka hoe mātou ki tērā mou iti ki te hī ika ia Rāhoroi.	We paddle out to that little island to fish every Saturday.	169	
mou	E noho ana ngā kaitiaki i taua mou, e tiaki ana i ngā manu.	The rangers live out on that island, looking after the birds.	169	
mou	He ātaahua taua mou, engari kāore he wai māori i reira.	That islet is beautiful, but there's no fresh water on it.	169	
tupu	Kua tupu ngā kūmara i te māra a tōku kuia, kāore anō kia keria.	The kūmara have grown in my grandmother's garden, but they haven't been dug up yet.	171	
tupu	Kei te tupu te tokomaha o ngā ākonga i tō mātou kura reo Māori.	The number of students at our Māori-language school keeps growing.	171	
tupu	I tupu ake au i Te Tai Tokerau, engari kua ngaro aku hoa katoa.	I grew up in the Far North, but all my friends have scattered since.	171	
whakaora	I whakaora tōku pāpā i te manu i taka mai i te kōhanga.	My father revived the bird that had fallen out of the nest.	172	
whakaora	Nā ngā tāngata o te hapū i whakaora te tohorā i pae ki uta.	It was the people of the hapū who revived the whale stranded on the shore.	172	
whakaora	E ngana ana mātou ki te whakaora i te reo o ō mātou tīpuna.	We are striving to bring the language of our ancestors back to life.	172	
toa	He toa tāku tamaiti, kāore ia i tangi i te wā i werohia ai.	My child is brave — he didn't cry at all when he got his injection.	173	
toa	He toa taua kōtiro, i tū ia ki te kōrero i te hui.	That girl is brave — she stood up to speak at the meeting.	173	
toa	Kāore au i te tino toa, engari i kauhoe tonu au ki tērā taha.	I'm not especially brave, but I swam across to the far bank anyway.	173	
tuākana	Ka āwhina ōku tuākana i a au ki te whakapai i te whare.	My older siblings help me tidy up the house.	175	
tuākana	Ko ōku tuākana ngā kaikaranga o te rā, nā rātou mātou i ārahi.	My older sisters were the callers that day, and it was they who led us in.	175	
tuākana	Kua kaumātua kē ōku tuākana, engari kei te tiaki tonu rātou i a au.	My older siblings are elderly now, yet they still look after me.	175	
hari	Ka hari ngā tamariki i te taha o te ahi i te pō.	The children dance beside the fire at night.	176	
hari	I hari te katoa i te wharekai i muri i te mārena.	Everyone danced in the dining hall after the wedding.	176	
hari	Kei te hiahia au ki te hari, engari kua mamae tōku waewae.	I want to dance, but my leg has started hurting.	176	
mara	Kua mara ngā kānga i te wai o te awa, kua kaha te kakara.	The corn has softened in the river water, and the smell of it is strong now.	177	
mara	Ia tau, ka tukuna e tōku kuia ngā kānga ki te awa kia mara.	Every year my grandmother puts the corn into the river to steep until it softens.	177	
mara	Kāore aku tamariki e pai ki te kānga mara, he kaha rawa te haunga.	My children don't like steeped corn — the smell is far too strong for them.	177	
anake	Ko au anake i noho ki te kāinga i te rā o te hui.	I was the only one who stayed at home on the day of the gathering.	178	
anake	Kotahi anake te kaiako reo Māori i tō mātou kura, kua tino ngenge ia.	There is only one Māori-language teacher at our school, and she is exhausted.	178	
anake	Kāore au e mataku ki te haere anake ki te ngahere i te pō.	I'm not afraid of going into the forest alone at night.	178	
hiriwa	Kei te horoi ngā kuia i ngā pune hiriwa mō te hui nui āpōpō.	The kuia are cleaning the silver spoons for tomorrow's big gathering.	180	
hiriwa	I riro i a Rāwiri te mētara hiriwa i te whakataetae oma i Rotorua.	Rāwiri took the silver medal at the running championships in Rotorua.	180	
hiriwa	Ka mau tonu tōku whaea i ngā whakakai hiriwa o tōna māmā hei whakamaharatanga.	My mother still wears her own mum's silver earrings as a keepsake.	180	
awa	Ka kaukau mātou i te awa ia ahiahi raumati, i muri i te kura.	We swim in the river every summer afternoon, once school is out.	182	
awa	Kua waipuke te awa i te ua, kua kati te huarahi ki te marae.	The river has flooded from the rain, and the road to the marae is closed.	182	
awa	Ahakoa kei tāwāhi ia, ka mihi tonu ia ki tōna awa, ki Whanganui.	Even though he lives overseas, he still pays tribute to his river, the Whanganui.	182	
anga	I kohia e ngā tamariki ngā anga pipi hei whakapaipai i te māra.	The children gathered up pipi shells to decorate the garden with.	183	
anga	Kua tū te anga o te whare hou, kāore anō te tuanui kia oti.	The frame of the new house is standing, but the roof still isn't finished.	183	
anga	He ātaahua ki a au te anga pāua, he kanapa moana kei roto.	I think a pāua shell is beautiful — there's a whole shimmering sea inside it.	183	
tatau	Ka tatau a Māmā i ngā kākahu mākū i mua i te whakairi.	Mum wrings out the wet clothes before she hangs them on the line.	184	
tatau	I muri i te ruku pāua, ka tatau ngā tāne i ō rātou kākahu.	After diving for pāua, the men wring the water out of their clothes.	184	
tatau	Kua ngenge ōku ringa i te tatau i ngā paraikete nunui o te wharepuni.	My hands are worn out from wringing the heavy blankets from the sleeping house.	184	
taka	Ka taka te pōtaka i runga i te papa, ka katakata ngā tamariki.	The spinning top whirls across the floor and the children fall about laughing.	185	
taka	E taka noa ana te wīra i te paru, kāore te motukā e neke.	The wheel just spins uselessly in the mud and the car won't budge.	185	
taka	Ka taka haere te wā, ka nui haere taku aroha ki tōku kāinga tupu.	As the years wheel by, my longing for the place I grew up only grows.	185	
whakahokia	Whakahokia mai taku pukapuka, kua roa au e tatari ana ki a koe.	Give me my book back — I've been waiting on you for ages.	187	
whakahokia	Ka whakahokia ngā taonga ki te whare taonga i muri i te whakaaturanga.	The treasures will be returned to the museum once the exhibition is over.	187	
whakahokia	Kua whakahokia ngā kōiwi tūpuna ki te urupā, ā, kua tau te ngākau.	The ancestral remains have been returned to the burial ground, and hearts have settled at last.	187	
maka	Ka maka taku tama i ngā toenga kai ki ngā heihei i ia ata.	My son throws the leftover food out to the chickens every morning.	189	
maka	Ka maka a Tama i te pōro ki tōna hoa, kātahi ka piro rātou.	Tama threw the ball out to his teammate, and then they scored.	189	
maka	I te riri, ka maka a Hēmi i tōna pōtae ki te whenua.	In a rage, Hēmi flung his hat down onto the ground.	189	
anahera	I mua i te moe, ka inoi te tamaiti kia tiakina e ngā anahera.	Before bed, the child prays to be watched over by the angels.	191	
anahera	Ki tā tōku kuia, he anahera te nēhi i tiaki i a ia.	My grandmother reckons the nurse who looked after her was an angel.	191	
anahera	Kua whakairohia ngā anahera ki ngā pou o te whare karakia o te pā.	Angels have been carved into the pillars of the church at the village.	191	
tauiwi	He maha ngā tauiwi e ako ana i te reo Māori i te wānanga.	Plenty of non-Māori are studying the Māori language at the wānanga.	194	
tauiwi	Ka pōwhiritia ngā tauiwi ki te marae, ka akona rātou ki ngā tikanga.	The outsiders are formally welcomed onto the marae and taught the protocols.	194	
tauiwi	I te taenga mai o ngā tauiwi, ka riro te whenua o ngā tūpuna.	When the colonists arrived, the land of the ancestors was lost.	194	
hinga	I hinga te rākau nui ki runga i te taiapa i te tupuhi inapō.	The big tree came down across the fence in last night's storm.	195	
hinga	I hinga tō mātou kapa i te whiringa toa, engari i pai te tākaro.	Our team went down in the final, but they played well.	195	
