rank	word	pos	en
1	ik	pron	I; first-person singular subjective personal pronoun
2	je	pron	you (informal); your; yourself; and impersonal one, people in general
3	het	article	the (with neuter nouns); it (as subject, as object, or impersonal)
4	de	article	the; definite article, masculine and feminine singular, plural
5	dat	conj	that (introducing a clause); that, that one; that, which (after a het-word)
6	is	verb	is; he/she/it is (present of zijn, to be)
7	een	article	a, an; one (the number, written één when stressed)
8	niet	adv	not (negates a verb or a whole sentence; use geen before an indefinite noun)
9	en	conj	and; well, so
10	van	prep	of (possession); from (origin, starting point); by (a creator)
11	wat	pron	what? (question); that, which (after iets, alles, niets); some, a bit
12	we	pron	we (the everyday unstressed form; wij when emphasised)
13	in	prep	in, inside (place); in, during (months, years); into (with motion)
14	ze	pron	she; they; them (everyday unstressed form; zij/hen when stressed)
15	hij	pron	he; third-person singular masculine subjective personal pronoun
16	te	prep	to (with an infinitive, often after om); too, excessively
17	zijn	verb	to be, to exist
18	op	prep	on, on top of; at, in (op school, op kantoor); up; finished, all gone
19	maar	adv	only, just; as long as; only
20	er	adv	there; there (used in more constructions than in English, often not translated)
21	voor	prep	for; before (in time); in front of
22	met	prep	with, along with (another person)
23	die	det	that; referring to a thing or a person further away.
24	heb	verb	have: I have; you have in heb je / heb jij; also the auxiliary in perfect tenses
25	me	pron	myself; first-person singular reflexive pronoun
26	als	conj	if, when; when, as soon as
27	was	verb	singular past indicative of zijn
28	ben	verb	am: I am; also are in ben je…? (present of zijn, to be)
29	om	prep	around, about; at (a time)
30	dit	det	this; this one (used with neuter nouns; deze with de-words)
31	mijn	det	my; first-person singular possessive determiner
32	aan	prep	on (positioned at the outer surface of; attached to)
33	u	pron	you (polite); thee (dialectal)
34	dan	adv	then, at that time (in the future)
35	n	noun	abbreviation of noord; north
36	naar	prep	to, towards in time, space, consequence, purpose etc.
37	weet	verb	know: I know; you know in weet je; he/she/it knows (present of weten); as a noun, awareness (geen weet hebben van)
38	hier	adv	here
39	zo	adv	so, thus, like that/this
40	jij	pron	you; second-person singular subjective personal pronoun
41	kan	verb	can, to be able to: I can; he/she/it can; you can in kan je (present of kunnen); also a noun, jug, pot
42	geen	det	no, not a, not an, not any
43	nog	adv	still, as before
44	ja	intj	yes; yeah, that's right (agreeing); well (softening the start of a reply)
45	hem	pron	him; third-person singular masculine objective personal pronoun
46	heeft	verb	has: he/she/it has; you have (polite u); also the auxiliary in perfect tenses
47	wel	adv	the opposite of not
48	moet	verb	must, have to; need to (I/you/he must — present of moeten)
49	wil	verb	want: I want; he/she/it wants; you want in wil je (present of willen); also a noun, will, willpower
50	hebben	verb	to have, to possess, own, hold
51	goed	adj	good (not bad); correct, right (factually or morally)
52	haar	pron	her; third-person singular feminine objective personal pronoun
53	nee	intj	no
54	hoe	adv	how
55	nu	adv	now, at the present moment
56	waar	adv	where, in which place (waar is hij?); true (dat is niet waar — that's not true); where, the place that
57	over	adv	over, above; over (implying motion)
58	ook	adv	also, too, moreover
59	doen	verb	to do; to put
60	uit	adv	out, from the inside to the outside
61	zou	verb	singular past indicative of zullen
62	ga	verb	first-person singular present indicative
63	of	conj	or; whether, if
64	gaan	verb	to go, to move from one place to another
65	bent	verb	second-person singular present indicative of zijn; are
66	mij	pron	me; first-person singular objective personal pronoun
67	bij	prep	at, with; by, close to
68	al	det	all, all of
69	ons	pron	us; first-person plural objective personal pronoun
70	had	verb	singular past indicative of hebben
71	iets	pron	something; anything
72	daar	adv	there
73	jullie	pron	you; second-person plural subjective personal pronoun
74	gaat	verb	second/third-person singular present indicative
75	zal	verb	first/second/third-person singular present indicative of zullen
76	m	pron	nonstandard form of 'm
77	hebt	verb	second-person singular present indicative
78	kom	verb	come: I come; come! (present and imperative of komen); also a noun, bowl, basin
79	waarom	adv	why, because of what
80	meer	det	more (comparative of veel); niet meer — not anymore, no longer; also a noun, lake
81	deze	det	this; referring to a thing or a person closer by.
82	moeten	verb	to be necessary, to be required
83	t	pron	nonstandard form of 't
84	laat	adj	late (not early); also let, leave: I let; let…! (present and imperative of laten — laat maar, laat zien)
85	kunnen	verb	can, to be able to
86	dus	adv	so, therefore, thus, ergo
87	jou	pron	you; second-person singular objective personal pronoun
88	denk	verb	first-person singular present indicative
89	wie	pron	who, whom; who, whom; the one who, whoever
90	alles	pron	everything
91	echt	adj	authentic, true, genuine, real
92	doe	verb	first-person singular present indicative
93	door	prep	through; across, around (within a certain space)
94	alleen	adj	alone, by oneself
95	toch	adv	still, nevertheless, anyway
96	zien	verb	to see
97	weg	noun	way, road; manner, way (figuratively)
98	eens	adv	once, one time; sometime; a softening particle in requests and imperatives (kijk eens, wacht eens even); nog eens — again; het eens zijn met — to agree with
99	man	noun	man, human male, either adult or age-irrespective
100	misschien	adv	perhaps, maybe
101	laten	verb	to let, to allow; to have something done (ik laat het zien — I'll show it); laten we… — let's…; to leave (as it is)
102	nooit	adv	never
103	nou	adv	come on; modal particle expressing a certain contrast or disjuncture
104	zei	verb	singular past indicative of zeggen
105	terug	adv	backwards, back (in the opposite direction)
106	oké	adj	okay, correct, acceptable, satisfactory
107	mee	adv	along, together (i.e. with one)
108	niets	pron	nothing
109	iemand	pron	someone; anyone
110	komt	verb	second/third-person singular present indicative
111	toen	adv	then, subsequently (at a time in the past)
112	veel	det	many, much, a lot of
113	even	adv	shortly, briefly
114	onze	det	masculine/feminine singular attributive of ons
115	gewoon	adj	regular, ordinary, usual
116	weten	verb	to know (knowledge), to be aware of something
117	komen	verb	to come; to happen, to arise, to come to be, to be caused
118	nodig	adj	necessary, needed
119	mensen	noun	plural of mens; genitive singular of mens
120	tot	prep	to, up to; until
121	worden	verb	to become, to get, to grow, to turn
122	zeggen	verb	to say, tell
123	tijd	noun	time; tense
124	weer	adv	again, once more
125	leven	verb	to live
126	twee	num	two
127	net	noun	net (mesh); net (device for catching and trapping)
128	tegen	prep	against; to, towards
129	maken	verb	to make, create, prepare
130	uw	det	your; second-person singular and plural possessive determiner
131	zeg	verb	first-person singular present indicative
132	omdat	conj	because
133	zit	verb	sit; be (located, contained): I sit; he/she/it sits (present of zitten); as a noun, a sitting
134	wordt	verb	second/third-person singular present indicative
135	z	adv	abbreviation of zuid; south
136	hou	verb	keep, hold: I keep, I hold (present of houden); ik hou van je — I love you (houden van); hou op! — stop it!
137	heel	adj	complete, full, whole
138	kijk	verb	look, watch: I look; look! (present and imperative of kijken); also a noun, view, outlook (kijk op iets)
139	wij	pron	we; first-person plural subjective personal pronoun
140	altijd	adv	always
141	mag	verb	first/second/third-person singular present indicative
142	gedaan	verb	past participle of doen
143	dood	adj	dead
144	zeker	adj	certain, sure; confident, secure
145	af	adv	off; off, from (implying motion)
146	jaar	noun	year (the time it takes the Earth to circle the Sun; its equivalent on other planets)
147	hun	pron	dative case of the third-person plural personal pronoun: them, to them
148	wilde	adj	masculine/feminine singular attributive
149	dag	noun	day (period of 24 hours)
150	allemaal	pron	all, everyone
151	jouw	det	your; second-person singular possessive determiner
152	huis	noun	a house, home; residence
153	dacht	verb	singular past indicative of denken
154	doet	verb	second/third-person singular present indicative
155	vader	noun	father, male parent
156	kunt	verb	second-person singular present indicative
157	wacht	verb	wait: wait! (imperative of wachten); I wait, he/she/it waits; also a noun, guard duty, watch
158	zie	verb	first-person singular present indicative
159	vrouw	noun	woman; wife
160	keer	noun	time (occasion, instance)
161	andere	adj	masculine/feminine singular attributive
162	zoals	conj	like, such as; as, just like, just as, the way that
163	zij	pron	she; they (the stressed forms, used for emphasis or contrast; ze when unstressed)
164	dank	noun	gratitude, thanks
165	anders	adj	predicative of ander
166	geef	verb	give: I give; give! (present and imperative of geven)
167	waren	verb	were: we/you/they were (plural past of zijn); as a noun, goods, wares (plural of waar)
168	willen	verb	to want, desire
169	zich	pron	Third person singular and plural reflexive pronoun
170	bedankt	intj	thanks
171	één	num	one
172	erg	adj	serious, considerable, severe
173	wilt	verb	second-person singular present indicative
174	praten	verb	to talk
175	spijt	noun	regret
176	geld	noun	money
177	kon	verb	singular past indicative of kunnen
178	werk	noun	work, labor; profession, job, employment, line of work
179	oh	intj	oh
180	iedereen	pron	everyone
181	beter	adj	better (comparative of goed); well again, recovered from illness (ik ben weer beter)
182	werd	verb	singular past indicative of worden
183	moeder	noun	mother, female parent
184	niemand	pron	nobody, no one
185	vinden	verb	to find (after searching)
186	staat	verb	stands: he/she/it stands, you stand (jij staat); is located, is situated (present of staan); also a noun: state, condition (in staat zijn — to be able to), and the State
187	gezien	verb	past participle of zien
188	niks	pron	nothing
189	binnen	adv	inside, indoors
190	zitten	verb	to sit; to be, to be placed or located
191	zullen	verb	used to form the future tense of a verb, together with an infinitive; will, going to
192	na	prep	after; bar
193	helpen	verb	to help; to provide, to supply
194	wist	verb	singular past indicative of weten
195	vind	verb	first-person singular present indicative
196	genoeg	det	enough; plenty
197	sorry	intj	sorry (expressing regret)
198	vast	adj	firm, fast, tight
199	elkaar	pron	each other, one another
200	ging	verb	singular past indicative of gaan
201	uur	noun	an hour, a period of time
202	klaar	adj	ready; finished, done (of a task)
203	hele	adj	masculine/feminine singular attributive
204	neem	verb	first-person singular present indicative
205	leuk	adj	nice, pleasant, enjoyable
206	natuurlijk	adv	naturally; of course
207	alle	det	masculine/feminine singular attributive
208	god	noun	god, deity
209	maak	verb	first-person singular present indicative
210	lang	adj	long; tall
211	kwam	verb	singular past indicative of komen
212	graag	adv	willingly, gladly (meaning that the subject enjoys doing the action of the verb)
213	hé	intj	hey
214	toe	adv	to, towards — the form tot takes in ertoe, waartoe and in separable verbs (toegeven, toedoen); aan iets toe zijn — to be ready for, due for; shut, closed (de deur is toe); toe maar! — go on!
215	drie	num	three
216	zegt	verb	second/third-person singular present indicative
217	bedoel	verb	first-person singular present indicative
218	deed	verb	singular past indicative of doen
219	dingen	noun	things (plural of ding); rarely a verb, dingen naar — to vie for, compete for
220	maakt	verb	second/third-person singular present indicative
221	alsjeblieft	adv	please; here you are
222	eerste	adj	first
223	krijgen	verb	to get, to receive, to come into possession of
224	zonder	prep	without
225	steeds	adv	always, continually, all the time, every time, each time
226	hallo	intj	hello (a general greeting used when meeting somebody)
227	houden	verb	to keep, preserve
228	vertellen	verb	to tell; to miscount
229	ziet	verb	second/third-person singular present indicative
230	idee	noun	idea
231	geven	verb	to give; to have a negative effect
232	achter	prep	behind; beyond
233	geweest	verb	past participle of zijn
234	blijven	verb	to stay, to remain
235	helemaal	adv	completely; all the way, the whole way
236	mooi	adj	beautiful, pretty, handsome
237	onder	adv	under, downwards
238	kijken	verb	to look; to watch (e.g. a film), to observe
239	zag	verb	singular past indicative of zien
240	goede	adj	good — the -e form of goed (een goede vader, het goede boek); het goede — what is good, the good
241	naam	noun	name; reputation
242	moest	verb	singular past indicative of moeten
243	blijf	verb	first-person singular present indicative
244	kun	verb	second-person singular present indicative of kunnen
245	auto	noun	car, automobile
246	luister	verb	first-person singular present indicative
247	grote	adj	masculine/feminine singular attributive
248	lijkt	verb	second/third-person singular present indicative
249	snel	adj	fast, quick, rapid
250	ooit	adv	sometime (in the future), someday, at some point
251	vragen	verb	to ask (a question)
252	paar	noun	pair, couple; a few, a couple, some
253	wanneer	adv	when
254	want	conj	for, because, as
255	meneer	noun	sir, mister
256	nieuwe	adj	masculine/feminine singular attributive
257	gebeurd	verb	past participle of gebeuren
258	zorgen	noun	worries, cares (plural of zorg — maak je geen zorgen, don't worry); to look after, take care of (zorgen voor); to see to it, make sure (zorgen dat)
259	vriend	noun	friend; boyfriend (romantic partner)
260	beetje	adv	a bit, a little bit, somewhat
261	kinderen	noun	plural of kind
262	gek	adj	crazy, mad; ludicrous, farcical
263	hand	noun	a hand of a human, other simian or other animal with fingers
264	vraag	noun	question, query; demand (for goods); also I ask / ask! from vragen — ik vraag me af, I wonder
265	laatste	adj	masculine/feminine singular attributive
266	geweldig	adj	tremendous, enormous
267	hadden	verb	plural past indicative
268	zelfs	adv	even (extreme example)
269	enige	pron	only one; only thing
270	bang	adj	scared, frightened
271	nemen	verb	to take, to take hold of, to grasp or grab
272	samen	adv	together
273	eten	verb	to eat
274	o	intj	oh
275	zelf	adv	oneself; oneself, by oneself, alone
276	hoor	verb	I hear (ik hoor iets; hoor je mij? — from horen); ik hoor te … — I am supposed to, I ought to; also the softening particle: sure, all right (ja hoor, nee hoor)
277	geleden	adv	ago
278	staan	verb	to stand, to be upright
279	gevonden	verb	past participle of vinden
280	jongen	noun	a boy, any male child
281	denken	verb	to think
282	vandaag	adv	today
283	denkt	verb	second/third-person singular present indicative
284	beste	adj	masculine/feminine singular attributive
285	gezegd	verb	past participle of zeggen
286	thuis	adv	at home (at one's dwelling or in one's home area)
287	wereld	noun	world
288	jongens	noun	guys
289	heen	adv	away; to, towards
290	ken	verb	first-person singular present indicative
291	eerst	adv	first, at first, before something else
292	hen	pron	them; third-person plural objective personal pronoun
293	eigen	adj	own, private (not shared)
294	zoon	noun	son
295	gelijk	adj	equal, like, alike
296	buiten	adv	outside
297	vertel	verb	first-person singular present indicative
298	morgen	adv	tomorrow
299	meisje	noun	diminutive of meid
300	probleem	noun	problem
301	alsof	conj	as if
302	geloof	verb	I believe, I think (ik geloof van wel); believe! (from geloven — geloof me); as a noun: belief, faith, religion
303	halen	verb	to fetch, to get
304	familie	noun	relatives (extended kin)
305	elke	det	indefinite masculine/feminine singular attributive
306	zouden	verb	plural past indicative
307	hoop	noun	hope, aspiration, wish
308	politie	noun	police
309	mannen	noun	plural of man
310	bijna	adv	almost; soon
311	vermoord	verb	first-person singular present indicative
312	eigenlijk	adj	actual
313	werken	verb	to work, labour
314	verdomme	intj	dammit; clipping of godverdomme (“goddammit”)
315	horen	verb	to hear; to belong
316	manier	noun	way, manner; manner, good behaviour
317	zat	verb	sat, was sitting (past singular of zitten — ze zat naast me, she sat next to me; ik zat vast, I was stuck); fed up with, sick of (iets zat zijn); drunk (informal)
318	vrienden	noun	plural of vriend
319	precies	adj	exact, precise; accurate, careful
320	kind	noun	child, kid, non-adult human
321	hè	intj	huh; said when surprised or puzzled.
322	kleine	adj	masculine/feminine singular attributive
323	begrijp	verb	first-person singular present indicative
324	wou	verb	singular past indicative of willen
325	geeft	verb	second/third-person singular present indicative
326	orde	noun	order; state of being ordered, arranged, in line with rules
327	houdt	verb	second/third-person singular present indicative
328	verder	adj	comparative degree of ver
329	vroeg	verb	asked (past singular of vragen — ik vroeg hem naar zijn naam); early (te vroeg; vroeg of laat, sooner or later)
330	stop	verb	stop!, quit! (imperative of stoppen, usually stop met … — stop met praten); I stop; as a noun: a plug, a stopper; a fuse
331	wachten	verb	to wait
332	rustig	adj	calm, tranquil, quiet
333	hoofd	noun	head; head (of an organisation), chief, boss
334	krijg	verb	I get, I receive (ik krijg wat ik wil); get! (imperative of krijgen); (archaic) war
335	daarom	adv	therefore, so, that's why
336	gebeurt	verb	second/third-person singular present indicative
337	soms	adv	sometimes; maybe, perhaps
338	volgens	prep	according to
339	dagen	noun	days (plural of dag — drie dagen geleden); to show up, turn up (op komen dagen); to summon to court
340	vond	verb	singular past indicative of vinden
341	krijgt	verb	second/third-person singular present indicative
342	gemaakt	verb	made, done (past participle of maken — ik heb het zelf gemaakt; van hout gemaakt, made of wood); as an adjective: artificial, affected
343	kant	noun	side, face (of an object)
344	werkt	verb	second/third-person singular present indicative
345	open	adj	open, not closed
346	gehad	verb	past participle of hebben
347	voel	verb	first-person singular present indicative
348	zaak	noun	a thing, matter (general term with for a concept other than animate beings)
349	blij	adj	happy; momentarily. For generally in life, see gelukkig.
350	volgende	adj	masculine/feminine singular attributive
351	zoek	verb	I look for, I am searching (ik zoek mijn vrienden); look for!, seek! (from zoeken — zoek dekking, take cover); op zoek naar — in search of, looking for; as an adjective: lost, missing
352	kans	noun	chance; opportunity
353	vanavond	adv	tonight, this evening, the evening of the current day (in the future or past)
354	bel	verb	I call, I phone (ik bel je later terug); call! (imperative of bellen — bel de politie); as a noun: bell, doorbell
355	probeer	verb	first-person singular present indicative
356	zoeken	verb	to search; to look for, to seek
357	oude	adj	masculine/feminine singular attributive
358	ding	noun	matter, thing; thing (popular assembly or judicial council in early Germanic society)
359	moment	noun	moment (very brief period of time)
360	best	adj	best (superlative of goed — je best doen, to do one's best); quite, rather (het is best koud vandaag); dear (beste …, in an address)
361	tussen	prep	between; among, amidst
362	plaats	noun	place, position
363	pas	adv	just, recently; hardly
364	gehoord	verb	past participle of horen
365	vijf	num	five
366	verteld	verb	past participle of vertellen
367	zet	noun	shove, push; move, turn (e.g. in a game)
368	prima	adj	excellent; OK, satisfactory, reasonably good; not exceptional
369	hulp	noun	help, assistance, rescue
370	stad	noun	city, town; the town/city centre
371	vindt	verb	second/third-person singular present indicative
372	brengen	verb	to bring, to carry
373	pijn	noun	pain, ache (physical)
374	slecht	adj	bad; ordinary, simple, common, mean
375	geloven	verb	to believe, to hold a belief
376	eruit	adv	out of it, out of there (er + uit — haal de stekker eruit); eruitzien: to look, to appear (hoe ziet zij eruit?); as a shout: out! get out!
377	minuten	noun	plural of minuut
378	school	noun	a school; a thematic educational institute within a larger one
379	plan	noun	a set of intended actions, through which one expects to achieve a goal: plan, plot, scheme
380	broer	noun	brother (male sibling)
381	pak	noun	pack, package; suit (set of clothes); also grab!, take! (imperative of pakken — pak je spullen, pak 'm)
382	jezelf	pron	yourself
383	hoeveel	det	how much, how many
384	kamer	noun	a room, physical chamber in a building
385	betekent	verb	second/third-person singular present indicative
386	spreken	verb	to speak
387	juist	adj	right, correct; just
388	heet	adj	hot (very warm)
389	soort	noun	sort, kind
390	haal	verb	first-person singular present indicative
391	ergens	adv	somewhere, anywhere
392	vier	num	four
393	gebruiken	verb	to use; to consume, to eat or drink (food or drink)
394	ligt	verb	second/third-person singular present indicative
395	blijft	verb	second/third-person singular present indicative
396	welke	det	masculine/feminine singular attributive
397	proberen	verb	to try, to attempt
398	dokter	noun	doctor (physician, medical doctor)
399	agent	noun	a police officer
400	help	verb	I help; help me!, help out! (imperative of helpen — help me deze lading uit te laden); also the cry help!
401	voordat	conj	before
402	later	adv	later, afterwards (comparative of laat — ik bel je later terug; drie uur later); when I'm grown up (als ik later groot ben); as an adjective: later, subsequent
403	ogen	verb	to look, to appear
404	vrij	adj	free; not imprisoned or enslaved.
405	klopt	verb	second/third-person singular present indicative
406	gaf	verb	singular past indicative of geven
407	foto	noun	photo, photograph
408	word	verb	first-person singular present indicative
409	zodat	conj	such that (indicating result or consequence)
410	dochter	noun	daughter (female offspring)
411	problemen	noun	plural of probleem
412	plek	noun	spot, place; bruise
413	water	noun	water (H₂O); body of water (such as a lake, ditch or stream)
414	kent	verb	second/third-person singular present indicative
415	week	noun	week, period of seven days
416	beginnen	verb	to begin
417	praat	verb	talk, speak — the present tense of praten (je praat te veel; praat niet zo tegen hem); as a noun: talk, chatter
418	eerder	adj	earlier, former
419	mis	noun	mass (service in a Catholic church)
420	handen	noun	plural of hand
421	deur	noun	door
422	baby	noun	baby (infant)
423	echte	adj	masculine/feminine singular attributive
424	bellen	verb	to call, to phone (ik moet bellen — I have to make a call); to ring (a bell)
425	boven	adv	above; upstairs
426	groot	adj	big, large, great
427	hoeft	verb	second/third-person singular present indicative
428	ie	pron	unstressed form of hij (“he”)
429	doden	verb	to kill
430	stoppen	verb	to stop, to halt
431	moeilijk	adj	hard, difficult
432	dr	pron	Contracted form of haar
433	sinds	conj	since
434	land	noun	land, country, realm, territory
435	spelen	verb	to play; to play (a game)
436	zoveel	det	so many, so much
437	hetzelfde	det	neuter singular of dezelfde (“the same”)
438	mevrouw	noun	madam, miss
439	snap	verb	first-person singular present indicative
440	breng	verb	first-person singular present indicative
441	pakken	verb	to grab, to take
442	druk	noun	pressure; edition, printing (of a publication)
443	verhaal	noun	story; redress, reparation, remedy
444	lekker	adj	having a nice taste, tasty, delectable
445	vrouwen	noun	plural of vrouw
446	schat	noun	a treasure, amassed valuables
447	vergeten	verb	to forget (lose remembrance of)
448	gebeuren	verb	to happen
449	ervan	adv	pronominal adverb form of van + het
450	kreeg	verb	singular past indicative of krijgen
451	waarschijnlijk	adv	probably
452	hoi	intj	A greeting acknowledging someone’s arrival or presence, comparable to English hey, hi
453	mogelijk	adj	possible
454	mooie	adj	masculine/feminine singular attributive
455	bloed	noun	blood; a grave consequence, a high price
456	wees	verb	be! (imperative of zijn — wees niet bang, don't be afraid; wees voorzichtig, be careful); pointed, turned down (past of wijzen); as a noun: an orphan
457	nacht	noun	night
458	nieuws	noun	news
459	bed	noun	bed (furniture for sleeping)
460	liet	verb	singular past indicative of laten
461	lopen	verb	to run, go fast on one's own legs
462	gelukkig	adj	happy; generally in life. For momentarily, see blij.
463	waarheid	noun	truth
464	reden	noun	reason, ground
465	papa	noun	dad (term of address for one’s father, especially used by young children)
466	hoorde	verb	singular past indicative
467	klinkt	verb	second/third-person singular present indicative
468	maanden	noun	plural of maand
469	vermoorden	verb	to murder
470	zorg	verb	make sure!, see to it! (zorg dat …, zorg ervoor dat …); take care of! (zorg voor …, from zorgen); as a noun: care, concern; healthcare
471	dollar	noun	dollar (currency, especially the US dollar)
472	bezig	adj	busy, occupied; in progress, on
473	voorbij	adv	past; just beyond
474	terwijl	conj	while, during the same time that
475	sta	verb	first-person singular present indicative
476	zaken	noun	things, matters, affairs (plural of zaak — dat soort zaken, stand van zaken); business (zaken doen; bemoei je met je eigen zaken); Affairs, in ministry names (Buitenlandse Zaken)
477	avond	noun	evening, night
478	tien	num	ten
479	schuld	noun	debt, account payable
480	veilig	adj	safe
481	redden	verb	to save, rescue
482	hart	noun	heart, main muscle pumping blood through the body
483	zult	verb	second-person singular present indicative of zullen
484	duidelijk	adj	clear, precise; obvious, clear
485	stel	noun	couple, pair; group, set, collection
486	schiet	verb	first/second/third-person singular present indicative
487	eraan	adv	pronominal adverb form of aan + het
488	zes	num	six
489	begin	noun	start, beginning
490	gekomen	verb	past participle of komen
491	vol	adj	full, replete; complete
492	vriendin	noun	female friend; girlfriend (unmarried female romantic partner)
493	rond	adj	round, circular
494	voelt	verb	second/third-person singular present indicative
495	baas	noun	boss, chief, superior
496	moord	noun	murder, a type of killing legally in a more severe degree than homicide
497	ander	adj	other; different
498	klein	adj	small, little; almost
499	fijn	adj	nice, pleasant; fine, thin
500	jaren	noun	plural of jaar
501	mam	noun	mother (mum)
502	lichaam	noun	body; corpse, dead body
503	eerlijk	adj	honest; fair, just
504	gezicht	noun	seeing, the ability to observe visually, vision, sight
505	ver	adv	far
506	wakker	adj	awake
507	ouders	noun	plural of ouder
508	zoiets	pron	something like that, such a thing
509	leren	verb	to learn, to study
510	telefoon	noun	telephone (device)
511	los	adj	loose; separate, individual
512	per	prep	for each; for every; per
513	mama	noun	mama, mother
514	nummer	noun	number used as a means of identification
515	fout	noun	error, mistake; fault, defect
516	mogen	verb	to be allowed; may, can, be allowed to
517	meteen	adv	immediately; at once
518	slapen	verb	to sleep
519	zeer	adj	sore, painful; painful, grieving
520	dezelfde	det	the same
521	liefde	noun	love
522	alstublieft	intj	please; here you are (when handing something to someone else)
523	deel	noun	part, piece; volume (of a book or album)
524	liggen	verb	to lie; to be lying down
525	erop	adv	on it, on top of it (the pronominal adverb er + op — het lijkt erop dat, it seems that; hij staat erop, he insists on it; duw erop, push it); also following, next in de dag erop — the day after
526	vaak	adv	often
527	vallen	verb	to fall, to tumble
528	belangrijk	adj	important
529	sterven	verb	to die
530	oud	adj	old (having existed for a relatively long period of time)
531	neer	adv	down, downwards
532	buurt	noun	neighborhood, part of town
533	langs	prep	along, alongside (implying motion)
534	houd	verb	first-person singular present indicative
535	rest	noun	rest (that which remains)
536	stond	noun	time; point in time, moment
537	begrepen	verb	plural past indicative
538	drinken	verb	to drink, consume a liquid
539	team	noun	team (group of people)
540	vertelde	verb	singular past indicative
541	beneden	adv	below; downstairs
542	vergeet	verb	first/second/third-person singular present indicative
543	vooruit	adv	ahead, onward
544	hoort	verb	second/third-person singular present indicative
545	oke	intj	okay, correct, acceptable, satisfactory
546	baan	noun	a road, way, path
547	dicht	adj	closed, shut; thick, tight, dense
548	inderdaad	adv	indeed
549	geval	noun	case, situation, instance
550	zetten	verb	to set, to put; to typeset
551	oorlog	noun	war
552	mezelf	pron	myself
553	tijdens	prep	during
554	maakte	verb	singular past indicative
555	kennen	verb	to know; to know, experience
556	gebruikt	verb	second/third-person singular present indicative
557	geluk	noun	luck, good luck
558	hield	verb	singular past indicative of houden
559	wapen	noun	weapon; coat of arms
560	kop	noun	cup (for drinking)
561	vertrouwen	verb	to trust
562	rust	noun	rest, calm, peace
563	mond	noun	mouth; any mouthlike opening
564	weken	noun	weeks (plural of week — drie weken geleden, three weeks ago; de deadline is over drie weken, the deadline is three weeks from now); rarely a verb, to soak, to soften
565	elk	det	each; every
566	betalen	verb	to pay; to pay for, suffer the consequences of
567	anderen	noun	plural of ander; others
568	neemt	verb	second/third-person singular present indicative
569	recht	noun	a right, entitlement (het recht om te zwijgen — the right to remain silent; recht hebben op, to be entitled to); law, justice; also straight, upright (zit recht — sit up straight; recht vooruit, straight ahead)
570	nam	verb	singular past indicative of nemen
571	jack	noun	jacket
572	kantoor	noun	office; cabinet
573	gegeven	verb	past participle of geven
574	ermee	adv	pronominal adverb form of met + het (“with it”)
575	overal	adv	everywhere, anywhere
576	daarna	adv	pronominal adverb form of na + dat; thereafter, afterwards
577	tweede	adj	second, number two
578	onderzoek	noun	research, experiment, study, trial, test, survey
579	welkom	adj	welcome
580	hard	adj	hard, strong; strong, not easily devalued
581	liever	adj	comparative degree of lief
582	bewijs	noun	proof; evidence
583	vanaf	prep	starting from, from onwards, as of, as from
584	aardig	adj	friendly, nice; nice
585	klootzak	noun	a ball sack; a bawbag; a scrotum
586	stuk	noun	a piece, part, share (of a whole)
587	woord	noun	word
588	veranderen	verb	to change
589	zin	noun	meaning, significance
590	straks	adv	later today, shortly, in a moment
591	vent	noun	chap, fellow
592	zus	noun	sister
593	haat	noun	hatred
594	vandaan	adv	from, away
595	miss	noun	a winner of a beauty contest
596	lieverd	noun	a person who is kind or sweet; a sweetheart
597	zichzelf	pron	oneself; himself/herself/themselves
598	nieuw	adj	new
599	ontmoeten	verb	to meet; to encounter, come across
600	werden	verb	plural past indicative
601	allebei	det	both
602	minder	det	comparative degree of weinig; less; fewer
603	pap	noun	mush; porridge
604	nergens	adv	nowhere
605	kwaad	adj	angry, furious; bad, evil, crooked
606	sam	name	a male given name
607	erin	adv	pronominal adverb form of in + het
608	ervoor	adv	pronominal adverb form of voor + het
609	kerel	noun	lad, fellow, bloke
610	gisteren	adv	yesterday
611	ontmoet	verb	first/second/third-person singular present indicative
612	miljoen	noun	a million, 10⁶
613	ok	noun	abbreviation of operatiekamer
614	film	noun	a film, thin layer or membrane; especially the physical medium film
615	verloren	verb	plural past indicative
616	probeerde	verb	singular past indicative
617	gebeld	verb	past participle of bellen
618	antwoord	noun	answer, reply
619	noemen	verb	to call, to name
620	informatie	noun	information
621	boek	noun	book
622	stil	adj	still, not moving
623	kapitein	noun	captain (person in command of a ship)
624	kwijt	adj	Translated into English with lose or be rid of.
625	enkel	adj	single; only, sole
626	valt	verb	second/third-person singular present indicative
627	boos	adj	mad, angry; upset, frustrated
628	licht	adj	light, of little weight
629	geworden	verb	past participle of worden
630	pa	noun	pa, dad
631	persoon	noun	person, individual
632	konden	verb	plural past indicative
633	beschermen	verb	to protect
634	slechte	adj	bad, poor — the -e form of slecht (het slechte nieuws, the bad news; slechte vrienden; een slechte vertaling); as a noun, de slechte — the bad one, the bad guys
635	ziekenhuis	noun	a hospital, medical care facility
636	gevoel	noun	feeling, emotion
637	gegaan	verb	past participle of gaan
638	voorzichtig	adj	careful
639	hond	noun	dog (Canis lupus familiaris)
640	rijden	verb	to ride; to drive
641	eindelijk	adv	at last, finally
642	gesproken	verb	past participle of spreken
643	meisjes	noun	plural of meisje
644	aarde	noun	earth, soil, ground
645	ten	contraction	to the, at the (followed by a masculine or neuter word)
646	normaal	adj	normal, usual, in accordance with what is common
647	grappig	adj	funny
648	heren	noun	plural of heer; genitive singular of heer
649	voelen	verb	to feel, to have sensation of
650	moordenaar	noun	murderer
651	mens	noun	human, any member of the species Homo sapiens
652	president	noun	president
653	nogal	adv	rather, quite
654	gevangenis	noun	a jail, a prison
655	loopt	verb	second/third-person singular present indicative
656	degene	pron	the one (who)
657	prachtig	adj	splendid, marvelous
658	hoezo	adv	in what way, in what respect
659	kopen	verb	to buy, purchase
660	vechten	verb	to fight
661	punt	noun	point (a position, place, or spot)
662	vreemd	adj	strange, weird, odd
663	trouwen	verb	to marry
664	contact	noun	physical contact, touching
665	verkeerd	adj	wrong; distorted
666	meen	verb	first-person singular present indicative
667	koffie	noun	coffee (beverage)
668	verwacht	verb	first/second/third-person singular present indicative
669	schip	noun	ship (a large, water borne vessel)
670	ziek	adj	sick, ill; excellent
671	plezier	noun	fun, leisure; pleasure
672	einde	noun	end; a (short) length of something, particularly rope
673	stap	noun	step
674	advocaat	noun	attorney, lawyer
675	begint	verb	second/third-person singular present indicative
676	begon	verb	singular past indicative of beginnen
677	enkele	pron	a few, some
678	erbij	adv	pronominal adverb form of bij + het
679	gang	noun	passageway, alley
680	gebeurde	verb	singular past indicative
681	heer	noun	a lord; master; a gentleman
682	herinner	verb	first-person singular present indicative
683	jezus	intj	Jesus
684	opnieuw	adv	again
685	serieus	adj	serious
686	zomaar	adv	just because; for no reason, out of the blue
687	pardon	intj	I'm sorry, pardon
688	gevraagd	verb	past participle of vragen
689	controle	noun	checkup, investigation
690	getrouwd	adj	married
691	daarmee	adv	pronominal adverb form of met + dat; therewith
692	spel	noun	game; playing (e.g. of a musical instrument)
693	bedoelt	verb	second/third-person singular present indicative
694	perfect	adj	perfect
695	stellen	verb	to ask, to pose: een vraag stellen — to ask a question; to state, to put forward (wij stellen dat, we hold that); to position, to place; also plural of stel — couples, sets
696	juiste	adj	masculine/feminine singular attributive
697	koning	noun	a king, monarch
698	beloof	verb	first-person singular present indicative
699	grond	noun	ground, dirt, soil
700	waard	noun	an innkeeper, a publican
701	winnen	verb	to win, to triumph, to be victorious (in)
702	nadat	conj	after, after which
703	gebruik	verb	use: I use; use! (present and imperative of gebruiken — gebruik je hersenen, use your brain; ik gebruik geen drugs); as a noun, use, custom, practice (buiten gebruik — out of order; gebruik maken van, to make use of)
704	naartoe	circumpos	to, towards (an end point or destination)
705	begrijpen	verb	to understand (concepts, ideas), to comprehend, to grasp
706	veranderd	verb	past participle of veranderen
707	acht	num	eight
708	gingen	verb	plural past indicative
709	kwamen	verb	plural past indicative
710	leeft	verb	second/third-person singular present indicative
711	leg	verb	put, lay: I put, I lay; put!, lay! (present and imperative of leggen — leg dat boek neer, put that book down; leg het uit, explain it); also a noun, the laying of eggs
712	gekregen	verb	past participle of krijgen
713	langer	adj	comparative degree of lang
714	verliezen	verb	to lose (possession)
715	vroeger	adv	formerly, in the past, in the old days — used to (vroeger was alles beter, everything used to be better; Tom was vroeger een slaaf, Tom used to be a slave; net als vroeger, just like before); also earlier (comparative of vroeg) and former, of former times (in vroeger dagen, in days gone by)
716	lucht	noun	air (mixture of gases)
717	wapens	noun	plural of wapen
718	verlaten	verb	to leave; to abandon
719	probeert	verb	second/third-person singular present indicative
720	dames	noun	plural of dame
721	seks	noun	sex (sexual intercourse)
722	schieten	verb	to shoot, fire; to shoot, to kill (especially game)
723	toekomst	noun	future
724	behalve	prep	except
725	slim	adj	intelligent, bright
726	meest	det	most; superlative degree of veel
727	stuur	verb	send: I send; send! (present and imperative of sturen — stuur mij een foto, send me a photo; stuur versterking, send reinforcements); also I steer, I drive; as a noun, het stuur — steering wheel, handlebars
728	leger	noun	army, armed forces
729	woorden	noun	plural of woord
730	zeven	num	seven
731	brengt	verb	second/third-person singular present indicative
732	half	adj	half; half before the next whole
733	hierheen	adv	hither, towards here
734	trots	noun	pride
735	spullen	noun	plural of spul
736	geheim	noun	secret
737	helpt	verb	second/third-person singular present indicative
738	vraagt	verb	second/third-person singular present indicative
739	weinig	det	little, few, not much, not many
740	ongeveer	adv	about, roughly, approximately
741	schatje	noun	diminutive of schat
742	sommige	det	indefinite masculine/feminine singular attributive
743	makkelijk	adj	easy; complacent
744	kracht	noun	power, force, strength
745	gedood	verb	past participle of doden
746	gestolen	verb	past participle of stelen
747	tenminste	adv	at least
748	lange	adj	masculine/feminine singular attributive
749	ongeluk	noun	unhappiness, misery
750	frank	adj	frank, candid, blunt, open-hearted
751	zodra	conj	as soon as
752	werkte	verb	singular past indicative
753	wilden	verb	plural past indicative
754	eet	verb	first/second/third-person singular present indicative
755	slechts	adv	only, just
756	lief	adj	nice, sweet, lovely
757	nietwaar	intj	Used to form tag questions
758	relatie	noun	relation; relationship
759	trek	noun	appetite, hunger (ik heb geen trek — I'm not hungry; trek hebben in, to fancy); also I pull; pull! (present and imperative of trekken — trek de stekker eruit, unplug it); a migration, a trek; a feature, a trait
760	afgelopen	adj	last, past; finished, ended
761	val	verb	fall: I fall; fall! (present and imperative of vallen — val dood, drop dead; val aan, attack; val me niet lastig, don't bother me); as a noun, a trap, a snare (het is een val — it's a trap), and a fall
762	volgen	verb	to follow (go after)
763	ter	contraction	for, for the (followed by a feminine singular noun, e.g., one ending in -ing)
764	voelde	verb	singular past indicative
765	bekend	adj	known; familiar, trusted
766	bewijzen	verb	to prove; to confer (a favor)
767	hoef	verb	need, have to: I need; you need in hoef je (present of hoeven, used mainly with niet — ik hoef niet met je te praten, I don't need to talk to you; je hoeft niet te komen); also a noun, hoof
768	via	prep	via, through, by way of
769	oom	noun	uncle
770	eentje	noun	diminutive of een
771	loop	verb	walk, run: I walk; walk! (present and imperative of lopen — loop niet zo snel, don't walk so fast; loop jij naar school?); also a noun, course, duration (in de loop van de dag — in the course of the day), and the barrel of a gun
772	belde	verb	singular past indicative
773	lijken	verb	to seem, appear
774	sturen	verb	to send (het boek naar mij te sturen — to send me the book; kun je dat per e-mail sturen?); also to steer, to drive, to guide
775	men	pron	one, you, they, everyone; humanity, (the) people, the public opinion
776	slachtoffer	noun	victim; sacrificial victim, usually an animal
777	genomen	verb	past participle of nemen
778	maand	noun	a month
779	onzin	noun	nonsense
780	meid	noun	girl, lass; maid
781	erger	adj	comparative degree of erg
782	idioot	noun	an idiot; someone with the mental age of a young child, an idiot
783	ziens	noun	genitive singular of zien
784	dienst	noun	service; draft
785	erover	adv	pronominal adverb form of over + het
786	feest	noun	party; feast
787	leek	verb	seemed, looked (like): I/he/she/it seemed (singular past of lijken — ze leek niet blij, she did not seem happy; het leek erop dat, it seemed that; leek hij op een dokter?, did he look like a doctor?); also a noun, layman, non-expert
788	vreselijk	adj	terrible
789	gevaar	noun	danger, peril
790	wonen	verb	to live (in a certain place)
791	grootste	adj	masculine/feminine singular attributive
792	succes	noun	success
793	vertrekken	verb	to depart, to leave
794	jawel	adv	an emphatic yes
795	muziek	noun	music (sound; art)
796	mocht	verb	singular past indicative of mogen
797	raar	adj	strange, odd, weird, unusual
798	slaap	noun	sleep; sleepiness
799	joe	intj	bye; okay, sure
800	absoluut	adj	absolute, complete, perfect
801	vorige	adj	indefinite masculine and feminine singular
802	ruimte	noun	space, room (for a physical object to occupy)
803	ieder	det	each; any
804	schuldig	adj	guilty
805	goeie	adj	inflection of goed
806	begonnen	verb	plural past indicative
807	luisteren	verb	to listen; to listen, to obey, comply with
808	sterk	adj	strong, having physical strength
809	omhoog	adv	upwards; on high
810	totdat	conj	until, till
811	afspraak	noun	arrangement, agreement, understanding
812	lezen	verb	to read; to gather (esp. fruits)
813	ene	pron	one (contrasting with another)
814	zwarte	adj	masculine/feminine singular attributive
815	vanwege	prep	because of, due to
816	hemel	noun	sky, heavens (visible sky)
817	tenzij	conj	unless
818	gisteravond	adv	yesterday evening
819	begrijpt	verb	second/third-person singular present indicative
820	lag	verb	singular past indicative of liggen
821	naast	prep	beside, next to
822	vooral	adv	especially, above all
823	fantastisch	adj	fantastic, great
824	gered	verb	past participle of redden
825	viel	verb	singular past indicative of vallen
826	trouwens	adv	besides; by the way
827	uh	intj	er, uh
828	bank	noun	bench; couch, sofa
829	pistool	noun	pistol
830	noem	verb	first-person singular present indicative
831	bedrijf	noun	business, economic activity
832	camera	noun	camera
833	blijkbaar	adv	apparently
834	woont	verb	second/third-person singular present indicative
835	verkopen	verb	to sell; to sell, to be sold, to be saleable
836	beide	det	both
837	zolang	adv	as long as, so long as
838	straat	noun	street, paved way
839	geest	noun	ghost, spirit, immaterial being
840	david	name	David; a male given name from Hebrew, equivalent to English David
841	vuur	noun	fire; heater
842	peter	noun	a godfather
843	verkeerde	adj	masculine/feminine singular attributive
844	moesten	verb	plural past indicative
845	lieve	adj	masculine/feminine singular attributive
846	tom	name	a male given name
847	geprobeerd	verb	past participle of proberen
848	meeste	adj	masculine/feminine singular attributive
849	kijkt	verb	second/third-person singular present indicative
850	stierf	verb	singular past indicative of sterven
851	hotel	noun	hotel
852	droom	noun	dream
853	verliefd	adj	in love
854	jammer	intj	too bad, unfortunately
855	gedacht	verb	thought (past participle of denken): dat had ik nooit gedacht — I'd never have thought that; ik heb erover gedacht — I've thought about it; also a rare noun, opinion
856	let	verb	first/second/third-person singular present indicative
857	rug	noun	back, backside; ridge
858	vertaling	noun	translation
859	slaan	verb	to hit, to slap
860	gaten	noun	plural of gat
861	doel	noun	aim, purpose; destination
862	meter	noun	meter (device that measures things or indicates a physical quantity)
863	drugs	noun	recreational drugs
864	gevaarlijk	adj	dangerous
865	geweldige	adj	indefinite masculine and feminine singular
866	lijst	noun	list
867	namen	verb	plural past indicative
868	deden	verb	plural past indicative
869	jonge	adj	masculine/feminine singular attributive
870	schelen	verb	to ail (cause to suffer)
871	goedemorgen	intj	good morning
872	dragen	verb	to carry; to wear (clothes)
873	iedere	det	indefinite masculine/feminine singular attributive
874	excuseer	verb	first-person singular present indicative
875	stom	adj	mute, unable to speak, as medical condition or species-determined
876	jong	adj	young; new
877	zover	adv	so far, as far as (often written zo ver)
878	betaald	verb	past participle of betalen
879	kende	verb	singular past indicative
880	kleren	noun	clothes
881	gesprek	noun	talk, verbal conversation
882	lukt	verb	second/third-person singular present indicative
883	welk	det	which, what
884	vertelt	verb	second/third-person singular present indicative
885	prijs	noun	price, fare, charge
886	voorstellen	verb	to present, to put forth, to introduce
887	huwelijk	noun	marriage
888	tv	noun	abbreviation of televisie
889	missen	verb	to miss (not hit)
890	schrijven	verb	to write; to write (data)
891	groep	noun	group; circuit in an electrical installation, protected by a circuit breaker
892	herinneren	verb	to remind, prompt
893	regels	noun	plural of regel
894	vonden	verb	plural past indicative
895	vliegtuig	noun	aeroplane, winged aircraft
896	onderweg	adv	en route, on the way
897	delen	verb	to share: je werk met anderen delen — to share your work with others; also to divide, to split up (delen door — to divide by); and the plural of deel — parts
898	geleerd	verb	learned, studied (past participle of leren): ik heb veel van je geleerd — I learned a lot from you; jong geleerd is oud gedaan; also an adjective, erudite, scholarly, educated
899	stomme	adj	masculine/feminine singular attributive
900	bestaat	verb	second/third-person singular present indicative
901	vertrouw	verb	first-person singular present indicative
902	daarvoor	adv	pronominal adverb form of voor + dat
903	shit	intj	shit, darn
904	trekken	verb	to pull, to draw
905	zak	noun	sack or sack-like container, such as a bag, sachet, pouch
906	vanuit	prep	from (inside), (from) out of
907	gebracht	verb	past participle of brengen
908	stem	noun	voice, sound made by the mouth using airflow
909	gezin	noun	immediate family or nuclear family
910	keuze	noun	choice, whether already made or not
911	raken	verb	to touch; to hit (to not miss)
912	direct	adj	direct, immediate
913	verdomde	verb	singular past indicative
914	boot	noun	boat
915	dom	adj	dumb, brainless
916	verleden	noun	the past
917	gemist	verb	past participle of missen
918	duurt	verb	second/third-person singular present indicative
919	gedachten	noun	plural of gedachte
920	situatie	noun	situation, circumstance
921	moe	adj	tired, weary
922	deal	noun	deal, a transaction or arrangement
923	tafel	noun	table (item of furniture)
924	band	noun	bond, connection, relationship, liaison, tie (attachment, as in a relation)
925	generaal	adj	general
926	reis	noun	travel; trip, tour
927	partner	noun	partner, love interest, romantic and/or sexual companion
928	leuke	adj	masculine/feminine singular attributive
929	raad	noun	advice, counsel (de raad): hij vroeg om mijn raad — he asked for my advice; also a council, board (gemeenteraad — town council); and I advise; guess! (present and imperative of raden) — raad eens, guess what
930	honger	noun	hunger
931	geraakt	verb	second/third-person singular present indicative
932	gebouw	noun	building, structure, construction
933	zwaar	adj	heavy, hefty; strong, potent
934	gast	noun	guest; knave, worker, apprentice, delivery boy
935	gestuurd	verb	past participle of sturen
936	geboren	adj	born
937	bracht	verb	singular past indicative of brengen
938	rechter	noun	judge
939	agenten	noun	plural of agent
940	bureau	noun	desk; office, office building
941	macht	noun	political power, control
942	spreek	verb	first-person singular present indicative
943	derde	adj	third
944	regel	noun	line of writing, verse; (pre-printed) straight line to write it on
945	kolonel	noun	colonel, the military rank
946	ruzie	noun	quarrel, row, conflict, dispute
947	oma	noun	grandma, granny, nan
948	zeiden	verb	plural past indicative
949	speelt	verb	second/third-person singular present indicative
950	dronken	adj	drunk, drunken, in a state of intoxication after drinking alcohol beverages
951	vliegen	verb	to fly; to steer an aircraft, to fly
952	luitenant	noun	lieutenant
953	gelooft	verb	second/third-person singular present indicative
954	arme	adj	masculine/feminine singular attributive
955	seconden	noun	plural of seconde
956	liep	verb	singular past indicative of lopen
957	tuurlijk	adv	of course; yeah, right, sure, as if
958	red	verb	first-person singular present indicative
959	gefeliciteerd	verb	past participle of feliciteren
960	koud	adj	cold (temperature)
961	regelen	verb	to arrange, to sort out, to see to: dat zal ik voor je regelen — I'll arrange that for you; also to regulate, to control
962	bericht	noun	message; news
963	vlucht	noun	flight (the act of flying, an instance thereof)
964	moeite	noun	effort; difficulty
965	hel	noun	hell, an infernal afterlife
966	dame	noun	lady; noblewoman
967	oog	noun	eye; pip (of dice)
968	ma	noun	mother
969	dansen	verb	to dance
970	teken	noun	sign, indication, mark
971	onmogelijk	adj	impossible
972	gewerkt	verb	past participle of werken
973	helaas	adv	unfortunately
974	grapje	noun	diminutive of grap
975	arm	noun	arm; branch (especially of streams and organisations)
976	show	noun	a show (entertainment)
977	lachen	verb	to laugh
978	leggen	verb	to lay (to place in a lying position)
979	sleutel	noun	a key; a wrench, a spanner
980	wet	noun	law (rule); law (body of rules declared and/or enforced by a government)
981	liefje	noun	diminutive of lief
982	keek	verb	singular past indicative of kijken
983	paul	name	a male given name, equivalent to English Paul
984	alex	name	a male given name
985	aantal	noun	countable amount
986	zoekt	verb	second/third-person singular present indicative
987	extra	adv	extra
988	zweer	noun	a purulent boil, skin injury containing pus, ulcer
989	leiden	verb	to lead, to take the lead
990	lijk	noun	the dead but otherwise
991	kapot	adj	broken, defective, kaput
992	bleef	verb	singular past indicative of blijven
993	sneller	adj	comparative degree of snel
994	gebroken	verb	past participle of breken
995	uiteindelijk	adj	eventual; final
996	verdwenen	verb	plural past indicative
997	kaart	noun	map (of an area): ik heb een kaart van de wereld — I have a map of the world; also a card — playing card, postcard, bank card; and a menu (of a restaurant)
998	kerk	noun	church, house of Christian worship
999	mijne	pron	non-attributive form of mijn; mine
1000	dode	adj	dead (inflected form of the adjective dood): een dode vogel — a dead bird; ik zie dode mensen — I see dead people; as a noun, de dode — a dead person, a fatality
1001	brand	noun	destructive, catastrophic fire (such as a house fire)
1002	max	name	a male given name
1003	betrokken	adj	involved; clouded
1004	wegwezen	verb	to go away, to be gone
1005	plannen	verb	to plan
1006	volg	verb	first-person singular present indicative
1007	lastig	adj	tough, difficult
1008	tijdje	noun	diminutive of tijd
1009	negen	num	nine
1010	gebied	noun	area, region; domain, subject area
1011	beiden	pron	personal plural of beide (“both”)
1012	eind	noun	end; a (short) length of something, particularly rope
1013	operatie	noun	operation; operation, procedure, surgery
1014	diep	adj	deep, down low; profound
1015	persoonlijk	adj	personal
1016	liegen	verb	to lie (to tell lies)
1017	zwanger	adj	pregnant; expecting a baby together
1018	club	noun	club; club (an implement to hit the ball in certain ball games, such as golf)
1019	respect	noun	respect
1020	steek	verb	I stab, I stick; stab!, stick!, put! (present and imperative of steken): steek je hand op — raise your hand; steek de straat over — cross the street; also a noun, de steek — a sting, a stab, a stitch, as in iemand in de steek laten, to let someone down
1021	waarvoor	adv	what for
1022	missie	noun	mission, task; mission (proselytisation)
1023	cool	adj	cool, fashionable
1024	amerika	name	America, the Americas
1025	zon	noun	sun, Sun
1026	kost	verb	costs: it costs; he/she/it costs (present of kosten) — hoeveel kost het? how much does it cost?; also a noun, de kost — board, keep, livelihood, as in de kost verdienen, to earn a living
1027	paard	noun	horse (Equus caballus or Equus ferus)
1028	waarop	adv	on which, to which (relative): de manier waarop hij praat — the way he talks; een vraag waarop er geen antwoord is — a question there's no answer to; what … on/for (question) — waarop wacht je? what are you waiting for?; also whereupon, after which
1029	maat	noun	measure, size; measure, bar
1030	brief	noun	letter (written message)
1031	raak	verb	I hit, I touch; hit!, touch! (present and imperative of raken): raak dit niet aan — don't touch this; also an adjective, on target, well-aimed — een rake opmerking, a telling remark
1032	rijk	adj	rich; wealthy
1033	rij	noun	row, line; row (entries in a table going left to right)
1034	risico	noun	risk
1035	meestal	adv	most of the time, in most cases, usually
1036	witte	adj	masculine/feminine singular attributive
1037	getuige	noun	a witness, person who observed
1038	kwalijk	adj	bad, undesirable
1039	rechercheur	noun	police detective, police investigator
1040	a	noun	the first letter of the Dutch alphabet: wie a zegt, moet ook b zeggen — in for a penny, in for a pound; also in abbreviations such as a.u.b. (alstublieft) — please; and a rare noun, de a — a small stream, chiefly in place names like de Aa
1041	schoenen	noun	plural of schoen
1042	bar	noun	a bar, counter, drink cabinet
1043	hoeven	verb	to be necessary
1044	midden	noun	middle, centre
1045	hopelijk	adv	hopefully
1046	lijn	noun	a line; any line or curve
1047	eer	noun	honour
1048	gezet	verb	put, placed, set (past participle of zetten): ik heb het in uw kamer gezet — I put it in your room; also an adjective, stout, stocky, and (of a term or date) fixed, set
1049	zuster	noun	sister (female sibling)
1050	bal	noun	a ball or any object with such a shape
1051	sprak	verb	singular past indicative of spreken
1052	aanval	noun	an act of aggression; assault, attack
1053	aandacht	noun	attention; respect
1054	kiezen	verb	to choose, decide
1055	komaan	intj	come on!
1056	rode	adj	masculine/feminine singular attributive
1057	meiden	noun	plural of meid
1058	amerikaanse	adj	masculine/feminine singular attributive
1059	adres	noun	address (direction for letters)
1060	zee	noun	sea; sea (a vast mass, expanse; multitude)
1061	hoog	adj	high
1062	feestje	noun	diminutive of feest
1063	gekocht	verb	past participle of kopen
1064	bevel	noun	order, command
1065	wedstrijd	noun	race, competition
1066	sluiten	verb	to close; to make, to affirm (a pact, friendship etc.)
1067	daarvan	adv	pronominal adverb form of van + dat
1068	volledig	adj	complete
1069	rot	adj	rotten, spoiled, decayed, putrid
1070	les	noun	course, lesson
1071	ziel	noun	soul (animate principle in non-materialist anthropologies)
1072	interessant	adj	interesting, arousing or holding the attention of; fascinating
1073	slag	noun	a blow, knock, strike
1074	sluit	verb	first/second/third-person singular present indicative
1075	zelfmoord	noun	suicide; self-destruction, self-destructive behaviour
1076	computer	noun	computer
1077	planeet	noun	a planet
1078	bereiken	verb	to arrive at, to reach, to get to
1079	verdachte	noun	defendant, suspect
1080	sarah	name	Sarah; a female given name from Hebrew
1081	gelezen	verb	past participle of lezen
1082	uitleggen	verb	to explain; to interpret
1083	beloofd	verb	past participle of beloven
1084	laatst	adj	last, most recent (superlative of laat): voor het laatst — for the last time; as an adverb, recently, the other day — laatst dacht ik aan je, the other day I thought of you
1085	winkel	noun	shop, store (establishment that sells goods to the public)
1086	zul	verb	second-person singular present indicative of zullen
1087	wagen	noun	a wagon, carriage
1088	angst	noun	fear, fright, anxiety
1089	muur	noun	wall; wall (figuratively, any barrier which limits access)
1090	leeg	adj	empty, hollow; listless, lethargic
1091	bezoek	noun	visit; visitors
1092	stelen	verb	to steal
1093	gewonnen	verb	past participle of winnen
1094	positie	noun	position, posture
1095	wisten	verb	plural past indicative
1096	sheriff	noun	sheriff
1097	bekijken	verb	to look at, to view
1098	helft	noun	half
1099	warm	adj	warm, hot; 20 °C or more
1100	keus	noun	plural of keu
1101	vanmorgen	adv	this morning, the morning at the beginning of the current day (in the past)
1102	park	noun	park
1103	zulke	det	masculine/feminine singular attributive
1104	heerlijk	adj	wonderful (when referring to a sensation), great
1105	gevallen	verb	fallen (past participle of vallen): ik ben in het water gevallen — I fell into the water; in slaap gevallen — fallen asleep; also the plural of geval — cases, instances
1106	zaten	verb	plural past indicative
1107	rennen	verb	to run, to move fast
1108	gewond	verb	past participle of wonden
1109	sergeant	noun	sergeant (non-commissioned officer in several armed forces)
1110	volk	noun	people, nation; tribe
1111	dieren	noun	plural of dier
1112	kort	adj	short
1113	spreekt	verb	second/third-person singular present indicative
1114	ah	intj	ah (expressing understanding or surprise)
1115	allen	pron	personal plural of alle (“all”)
1116	verdient	verb	second/third-person singular present indicative
1117	onderzoeken	verb	to investigate; to (do) research
1118	haast	noun	hurry, haste
1119	dromen	verb	to dream; also the plural of droom — dreams: het meisje van mijn dromen, the girl of my dreams
1120	systeem	noun	system
1121	meester	noun	a master, boss, superior
1122	kont	noun	butt, bum, arse
1123	enig	det	some; any
1124	ontdekt	verb	second/third-person singular present indicative
1125	verkocht	verb	singular past indicative of verkopen
1126	tante	noun	aunt (sister or sister-in-law of a parent)
1127	bewegen	verb	to move, to be in motion
1128	geschreven	verb	past participle of schrijven
1129	groter	adj	comparative degree of groot
1130	neus	noun	nose; smell, bouquet, nose
1131	ach	intj	oh (expression of compassion, surprise and dismay)
1132	verklaring	noun	declaration, statement
1133	broek	noun	a pair of trousers, pair of pants
1134	verdienen	verb	to earn, get paid, have an income
1135	speel	verb	first-person singular present indicative
1136	hangt	verb	second/third-person singular present indicative
1137	vijand	noun	enemy
1138	gelukt	verb	past participle of lukken
1139	verschillende	adj	masculine/feminine singular attributive
1140	speciale	adj	masculine/feminine singular attributive
1141	verrassing	noun	surprise
1142	vreemde	adj	masculine/feminine singular attributive
1143	sla	verb	I hit, I strike; hit!, strike! (present and imperative of slaan): sla me niet — don't hit me; sla linksaf, sla rechtsaf — turn left, turn right; also a noun, de sla — lettuce, salad
1144	geschiedenis	noun	history; history, historical science (the scientific study thereof)
1145	erachter	adv	pronominal adverb form of achter + het
1146	lul	noun	cock, prick (slang for penis)
1147	bezorgd	adj	concerned, anxious
1148	hoogte	noun	height
1149	vrede	noun	peace; peace treaty
1150	meegenomen	verb	past participle of meenemen
1151	zagen	verb	we/they saw (past plural of zien): we zagen hem nergens — we didn't see him anywhere; also a verb, to saw, and colloquially to nag, to go on
1152	liegt	verb	second/third-person singular present indicative
1153	bus	noun	bus, omnibus (vehicle)
1154	belachelijk	adj	ridiculous, risible
1155	betere	adj	masculine/feminine singular attributive
1156	raam	noun	window; frame, framework, context
1157	wijn	noun	wine
1158	mes	noun	knife, cleaver; blade
1159	ontslagen	verb	past participle of ontslaan
1160	geheime	adj	masculine/feminine singular attributive
1161	gehouden	verb	past participle of houden
1162	weggaan	verb	to go away, to leave
1163	weekend	noun	weekend
1164	eh	intj	er, uh (confusion; space filling)
1165	excuses	noun	plural of excuus (“apology”)
1166	getuigen	verb	to testify, bear witness, give testimony, especially in court
1167	bom	noun	bomb (explosive)
1168	inspecteur	noun	inspector
1169	gehaald	verb	past participle of halen
1170	spoor	noun	track; railway track
1171	held	noun	hero
1172	benen	noun	legs (plural of het been): hij heeft lange benen — he has long legs; also bones, since been is both leg and bone; as an adjective, made of bone
1173	dachten	verb	plural past indicative
1174	waarvan	adv	pronominal adverb form of van + wat; of which
1175	tas	noun	bag
1176	thee	noun	tea; tea-time, tea break, meeting in which tea is served
1177	overleven	verb	to survive (to remain alive)
1178	belt	noun	a heap, hill; a dumpsite, notably for waste products
1179	meenemen	verb	to take along, take away, carry off/along
1180	nek	noun	nape of the neck
1181	gevecht	noun	fight, combat, battle, struggle
1182	bestaan	verb	to exist, to be
1183	ongelooflijk	adj	unbelievable
1184	slachtoffers	noun	plural of slachtoffer
1185	drink	verb	drink: I drink; drink! (present and imperative of drinken): Ik drink geen koffie — I don't drink coffee; also a noun, a drink, a beverage, and in Belgium a drinks reception
1186	ring	noun	ring, hollow circular object
1187	donker	adj	dark
1188	links	adv	on the left; to the left
1189	dichtbij	adj	close, nearby
1190	bereid	adj	ready, prepared
1191	feit	noun	fact
1192	vriendje	noun	diminutive of vriend
1193	professor	noun	professor
1194	verschil	noun	difference
1195	collega	noun	colleague
1196	spul	noun	stuff; junk
1197	boeken	noun	books (plural of boek); also a verb, to book, to reserve, to record; vooruitgang boeken — to make progress
1198	slaat	verb	second/third-person singular present indicative
1199	alweer	adv	once again, once more
1200	rekening	noun	a calculation; a mathematically consistent set of data in accounting
1201	gooi	verb	first-person singular present indicative
1202	beslissing	noun	decision
1203	verlies	noun	loss, defeat; losing someone or something
1204	been	noun	leg, limb of a person, horse
1205	verjaardag	noun	birthday
1206	lift	noun	a lift, an elevator
1207	bob	noun	designated driver
1208	koningin	noun	queen; female monarchic ruler of a kingdom
1209	teveel	noun	excess
1210	levend	adj	living, alive
1211	waarmee	adv	pronominal adverb form of met + wat
1212	raakt	verb	second/third-person singular present indicative
1213	draagt	verb	second/third-person singular present indicative
1214	verandert	verb	second/third-person singular present indicative
1215	trein	noun	train (railway vehicle)
1216	monster	noun	a monster, terrifying and dangerous creature
1217	raakte	verb	singular past indicative
1218	sporen	noun	tracks, traces; railway tracks (plural of spoor): Steek de sporen niet over — don't cross the tracks; also a verb, to spur; to travel by train; to be consistent, to add up
1219	opa	noun	granddad, grandpa, pops
1220	zingen	verb	to sing; to sing, to blab to the police, to confess under interrogation
1221	voeten	noun	plural of voet
1222	lot	noun	destiny, fate, lot
1223	richting	noun	direction; movement, tendency
1224	knap	adj	attractive, handsome, pretty
1225	duren	verb	to take, last (a certain time)
1226	speciaal	adj	special; served with mayonnaise (or a similar sauce), curry ketchup and chopped onions
1227	gebruikte	verb	singular past indicative of gebruiken
1228	gestopt	verb	past participle of stoppen
1229	hoge	adj	masculine/feminine singular attributive
1230	gesloten	adj	closed
1231	boord	noun	border, boundary
1232	bedoelde	verb	singular past indicative
1233	gepakt	verb	past participle of pakken
1234	draai	verb	turn: I turn; turn! (present and imperative of draaien); draai je om — turn around; also a noun, a turn, a bend, a rotation
1235	vannacht	adv	tonight, this night, the night at the end of the current day
1236	ijs	noun	ice (frozen liquid, notably water)
1237	enorme	adj	masculine/feminine singular attributive
1238	reed	verb	singular past indicative of rijden
1239	beurt	noun	turn (a chance to use (something) shared in sequence with others)
1240	koop	verb	buy: I buy; buy! (present and imperative of kopen); as a noun, a purchase, a deal; te koop — for sale
1241	appartement	noun	an apartment
1242	cel	noun	cell (a compartment)
1243	d	noun	abbreviation of dame (“queen”)
1244	begraven	verb	to bury
1245	indruk	noun	impression
1246	vlees	noun	meat; flesh
1247	strijd	noun	conflict, strife
1248	ochtend	noun	morning
1249	keuken	noun	kitchen; cuisine
1250	energie	noun	energy
1251	vernietigen	verb	to destroy
1252	geregeld	verb	arranged, sorted out, taken care of (past participle of regelen); also an adjective and adverb, regular, regularly
1253	plaatsen	noun	places, spots, seats (plural of plaats); also a verb, to place, to put; to qualify (in sports)
1254	gevoelens	noun	plural of gevoel
1255	last	noun	load, weight; burden
1256	la	noun	drawer
1257	bedanken	verb	to thank; to decline, to reject [with voor] (with connotations of politeness)
1258	ophouden	verb	to finish, end (to come to an end)
1259	hangen	verb	to hang
1260	kennis	noun	knowledge
1261	patiënt	noun	patient, someone who receives therapeutic treatment
1262	zware	adj	masculine/feminine singular attributive
1263	basis	noun	basis (principle, foundation, that which is elementary)
1264	kat	noun	domestic cat, pussy, Felis silvestris catus
1265	glas	noun	glass (material)
1266	sloeg	verb	singular past indicative of slaan
1267	dankzij	prep	thanks to
1268	dader	noun	doer, perpetrator
1269	gasten	noun	plural of gast
1270	zwart	adj	black; dark, black
1271	betaal	verb	first-person singular present indicative
1272	adem	noun	breath
1273	hoek	noun	corner; angle
1274	boodschap	noun	message; errand
1275	grap	noun	joke; an adverse event or unnecessary item that incurs a considerable cost
1276	bos	noun	wood, forest; jungle, tropical rainforest
1277	geholpen	verb	past participle of helpen
1278	godsnaam	noun	the name of a god; a divine name, particularly that of the Abrahamic God
1279	prachtige	adj	masculine/feminine singular attributive
1280	neergeschoten	verb	past participle of neerschieten
1281	werkelijk	adj	real, actual
1282	gestorven	verb	past participle of sterven
1283	huilen	verb	to cry, to weep
1284	commandant	noun	commander
1285	soldaten	noun	plural of soldaat
1286	jurk	noun	dress
1287	gevangen	adj	caught, captive
1288	veiligheid	noun	safety, security
1289	hiermee	adv	pronominal adverb form of met + dit
1290	afstand	noun	distance; offset
1291	kilometer	noun	kilometre
1292	regering	noun	governing (act of; ruling a state or similar political entity)
1293	stoel	noun	a chair, a piece of furniture used for sitting, normally portable and having four legs
1294	onschuldig	adj	innocent
1295	kogel	noun	projectile: bullet, shot (heavy iron ball used for the shot put)
1296	londen	name	London (the capital city of the United Kingdom; the capital city of England)
1297	vlak	adj	flat, plane
1298	stuurde	verb	singular past indicative
1299	fijne	adj	masculine/feminine singular attributive
1300	waarin	adv	pronominal adverb form of in + wat
1301	voet	noun	foot (lowest part of the legs)
1302	haalt	verb	second/third-person singular present indicative
1303	ontsnappen	verb	to escape
1304	gooien	verb	to throw
1305	rechts	adv	on the right; to the right
1306	ineens	adv	suddenly
1307	ouwe	adj	masculine/feminine singular attributive
1308	test	noun	test
1309	toestemming	noun	permission, authorization
1310	wraak	noun	revenge
1311	breken	verb	to break
1312	rol	noun	role, function (as in actions or tasks that a person or a group is expected to perform)
1313	opschieten	verb	to hasten, hurry
1314	kalm	adj	calm, tranquil, free of noise and disturbance
1315	goud	noun	gold; or, gold
1316	verantwoordelijk	adj	responsible
1317	enorm	adj	enormous
1318	bespreken	verb	to discuss
1319	noemt	verb	second/third-person singular present indicative
1320	verdorie	intj	darn it, blast, rats
1321	ervaring	noun	experience (act of experiencing, something that is experienced)
1322	soldaat	noun	soldier, private
1323	gepraat	verb	past participle of praten
1324	mark	noun	a march, a mark (border region)
1325	totaal	adv	totally
1326	gratis	adj	free, without charge
1327	overleden	adj	deceased
1328	moorden	noun	murders (plural of moord); also a verb, to kill, to murder — the everyday transitive verb is vermoorden
1329	eiland	noun	island
1330	beeld	noun	image; statue, sculpture
1331	passen	verb	to fit (have the right size)
1332	leeftijd	noun	age (amount of time a being or object has lived or existed)
1333	noemde	verb	singular past indicative
1334	tekenen	verb	to draw (by pencil)
1335	doorgaan	verb	to go through (with), to proceed, continue
1336	boom	noun	tree; any solid, pole-shaped, usually wooden object
1337	uitzoeken	verb	to pick out, to choose, to select
1338	dak	noun	roof
1339	besloten	adj	private; agreed, decided
1340	eenmaal	adv	once
1341	lunch	noun	a lunch, a meal eaten around noon
1342	vele	pron	many
1343	schoon	adj	beautiful; clean; cleansed
1344	controleren	verb	to check; to control
1345	gearresteerd	verb	past participle of arresteren
1346	schoot	verb	shot: I/he/she shot (singular past of schieten); iets schoot me te binnen — something came to mind; also a noun, the lap (op schoot — on someone's lap)
1347	eraf	adv	pronominal adverb form of af + het
1348	achteruit	adv	backwards
1349	belangrijke	adj	masculine/feminine singular attributive
1350	lees	verb	first-person singular present indicative
1351	perfecte	adj	masculine/feminine singular attributive
1352	dorp	noun	village, small settlement
1353	eikel	noun	acorn; glans penis
1354	dossier	noun	dossier; file, physical collection of documentation
1355	past	verb	second/third-person singular present indicative
1356	code	noun	book or body of laws, code of laws, lawbook
1357	vieren	verb	to celebrate
1358	geluid	noun	sound
1359	homo	noun	gay, homosexual
1360	verschrikkelijk	adj	awful, terrible
1361	stelt	noun	stilt
1362	slaapt	verb	second/third-person singular present indicative
1363	bier	noun	beer (alcoholic drink brewed from grains or other starch material)
1364	dna	noun	initialism of desoxyribonucleïnezuur (“deoxyribonucleic acid”)
1365	hoelang	adv	how
1366	simpel	adj	simple
1367	zocht	verb	singular past indicative of zoeken
1368	blauwe	adj	masculine/feminine singular attributive
1369	stukje	noun	diminutive of stuk
1370	vermist	adj	missing, lost
1371	zorgt	verb	second/third-person singular present indicative
1372	gat	noun	gap, hole; godforsaken place, hamlet
1373	ouder	adj	older (comparative of oud): drie jaar ouder dan ik — three years older than me; ouder worden — to grow older; also a noun, a parent (usually plural, ouders)
1374	schrijf	verb	first-person singular present indicative
1375	schreef	verb	wrote: I/he/she wrote (singular past of schrijven): Wie schreef dit boek? — Who wrote this book?; also a noun, a line, a stroke of the pen; a serif; over de schreef gaan — to go too far
1376	wens	noun	wish
1377	geslagen	verb	past participle of slaan
1378	parijs	adj	Parisian
1379	toevallig	adj	by chance, accidental, coincidental, fortuitous
1380	leiding	noun	lead (act of leading), control
1381	edelachtbare	noun	honourable one, Your Honour
1382	bouwen	verb	to build, to construct
1383	geweten	verb	known (past participle of weten): had ik dat geweten — had I known that; also a noun, conscience (het geweten)
1384	heilige	adj	masculine/feminine singular attributive
1385	restaurant	noun	restaurant
1386	sterft	verb	second/third-person singular present indicative
1387	toegang	noun	access, entrance
1388	verbergen	verb	to hide
1389	draait	verb	second/third-person singular present indicative
1390	leidt	verb	second/third-person singular present indicative
1391	armen	noun	plural of arm; plural of arme
1392	taak	noun	task
1393	ware	adj	masculine/feminine singular attributive
1394	lab	noun	lab
1395	misdaad	noun	felony
1396	nadenken	verb	to ponder, reflect upon or think about something, muse, get lost in thought
1397	vakantie	noun	a holiday, vacation
1398	behoorlijk	adj	reasonable, fitting, proper
1399	sleutels	noun	plural of sleutel
1400	video	noun	video, movie (regardless of medium)
1401	levens	noun	plural of leven
1402	geniet	verb	first/second/third-person singular present indicative
1403	draaien	verb	to turn, to turn round
1404	vertrek	verb	leave, depart: I leave; leave! (present and imperative of vertrekken): Ik vertrek morgen — I leave tomorrow; also a noun, departure, and a room, quarters
1405	betreft	verb	second/third-person singular present indicative
1406	slot	noun	lock (something used for fastening)
1407	verpest	verb	first/second/third-person singular present indicative
1408	proces	noun	a process, sequential proceeding
1409	opdracht	noun	task, assignment, an action that one is required to do
1410	programma	noun	program
1411	klote	intj	balls, dammit, fuck
1412	leider	noun	leader, head, chief
1413	actie	noun	action, activity, movement; especially (without article) a fast-paced activity
1414	waardoor	adv	pronominal adverb form of door + wat
1415	antwoorden	noun	answers (plural of antwoord); also a verb, to answer, to reply
1416	gezeten	verb	past participle of zitten
1417	bruiloft	noun	wedding reception, wedding feast
1418	vorm	noun	a form, shape; a format
1419	woon	verb	live, reside: I live, you live (present of wonen): Ik woon hier — I live here; Waar woon je? — Where do you live?; as a noun only inside compounds (woonplaats — place of residence)
1420	directeur	noun	director, manager
1421	cliënt	noun	client, customer (of a service provider)
1422	goedenavond	intj	good evening
1423	advies	noun	advice
1424	hoewel	conj	though, although
1425	chris	name	a male given name
1426	uren	noun	plural of uur
1427	welterusten	intj	good night; sleep well
1428	tijden	noun	plural of tijd
1429	volwassen	adj	adult, full-grown
1430	vuile	adj	masculine/feminine singular attributive
1431	majoor	noun	major, a rank above captain
1432	radio	noun	radio, tuner
1433	aangenaam	adj	nice, pleasant, friendly
1434	drankje	noun	diminutive of drank
1435	maan	noun	moon
1436	kregen	verb	plural past indicative
1437	gemakkelijk	adj	easy
1438	vergeef	verb	first-person singular present indicative
1439	klas	noun	a school class; a classroom
1440	krant	noun	newspaper
1441	langzaam	adj	slow
1442	kosten	verb	to cost; to take, require (time, effort); also the plural of kost — costs, expenses
1443	procent	noun	percent
1444	mist	noun	fog, mist (de mist); also he/she/it misses, is missing (present of missen): Tom mist een tand — Tom is missing a tooth
1445	pad	noun	path (narrow road, usually unpaved)
1446	vrijheid	noun	freedom
1447	verdwijnen	verb	to disappear; to dwindle
1448	gelogen	verb	past participle of liegen
1449	beweging	noun	movement, motion (act of physically moving)
1450	twijfel	noun	doubt, uncertainty
1451	neef	noun	male cousin; nephew
1452	gemeen	adj	mean, hurtful; intense, extreme
1453	fles	noun	bottle
1454	dol	adj	crazy, silly, mad
1455	draag	verb	first-person singular present indicative
1456	vis	noun	fish (aquatic organism)
1457	waarover	adv	pronominal adverb form of over + wat
1458	rood	adj	red; left, socialist, labor
1459	hersenen	noun	brain
1460	der	det	of the (genitive of de, surviving in fixed and formal phrases): de koning der dieren — the king of the animals; de loop der tijd — the course of time; de som der delen — the sum of the parts
1461	verloor	verb	singular past indicative of verliezen
1462	taxi	noun	a taxi
1463	voorkomen	verb	to exist, to occur
1464	medicijnen	noun	plural of medicijn
1465	binnenkort	adv	soon
1466	doos	noun	box; vagina, cunt, twat
1467	terecht	adj	just, right, for good reason
1468	mening	noun	an opinion
1469	geweer	noun	rifle; gun, in particular a long-barrelled one
1470	bezit	noun	possession; possession, belonging
1471	top	noun	top (uppermost part)
1472	wonder	noun	wonder, miracle
1473	vergeven	verb	to forgive
1474	stopt	verb	second/third-person singular present indicative
1475	hopen	verb	to hope for, to wish for
1476	thomas	name	Thomas (biblical figure)
1477	ophalen	verb	to haul up, to raise
1478	wind	noun	wind (movement of air)
1479	oplossen	verb	to dissolve; to solve
1480	jaloers	adj	jealous, envious (bitterly or enviously competitive)
1481	onmiddellijk	adj	immediate, instant
1482	gedrag	noun	behaviour, conduct
1483	stemmen	verb	to vote (to cast a vote)
1484	ontbijt	noun	a breakfast, first meal of the day, usually in the morning
1485	lol	noun	fun
1486	honden	noun	plural of hond
1487	ontvangen	verb	to receive
1488	verhalen	noun	stories, tales (plural of verhaal); also a verb, to recount, and to recover (costs) from someone
1489	rivier	noun	a river
1490	twaalf	num	twelve
1491	voedsel	noun	food; nutrient
1492	gauw	adv	quickly; soon
1493	volgt	verb	second/third-person singular present indicative
1494	vaker	adv	more often (comparative degree of vaak)
1495	adam	name	Adam (Biblical character, mythological first man)
1496	keren	noun	times, occasions (plural of keer): verschillende keren — several times; meerdere keren — several times over; also a verb, to turn, to turn over, and terugkeren — to return
1497	klanten	noun	plural of klant
1498	chef	noun	a boss, chief, head, leader
1499	wint	verb	second/third-person singular present indicative
1500	minuut	noun	minute (unit of time)
1501	anna	name	a female given name, equivalent to English Ann
1502	detective	noun	private detective
1503	verraden	verb	to betray; to give away, to spoil (a secret)
1504	don	name	Don
1505	geweld	noun	violence; strong or violent force; ferocity
1506	akkoord	noun	chord; agreement, accord
1507	tonen	verb	to show, to demonstrate
1508	genoemd	verb	called, named (past participle of noemen): hij wordt Tom genoemd — he is called Tom; genoemd naar — named after; as an adjective, aforementioned, said
1509	gewone	adj	masculine/feminine singular attributive
1510	papieren	adj	paper (made of paper)
1511	verband	noun	a bandage; a link or relation
1512	hoopte	verb	singular past indicative
1513	rare	adj	strange, weird, odd (inflected form of raar): een rare vraag — a strange question; rare streken — funny business; as a noun, de rare — the odd one, the weirdo
1514	brug	noun	bridge (construction)
1515	jas	noun	a coat (outer garment)
1516	bloemen	noun	plural of bloem
1517	daniel	name	a village in Curaçao
1518	trap	noun	stairs, staircase
1519	mijnheer	noun	sir, mister
1520	aanvallen	verb	to attack
1521	leer	verb	learn, teach: I learn; learn! (present and imperative of leren): Leer deze namen uit het hoofd — learn these names by heart; also a noun, leather (het leer), and doctrine, teachings (de leer)
1522	opnemen	verb	to pick up, to raise
1523	robert	name	a male given name
1524	schade	noun	damage, detrimental effect
1525	blijkt	verb	second/third-person singular present indicative
1526	bijzonder	adj	special; unusual
1527	huid	noun	skin; hide
1528	krachten	noun	plural of kracht
1529	zakken	noun	bags, pockets, sacks (plural of zak): Maak je zakken leeg — empty your pockets; also a verb, to sink, to drop, to lower, and to fail (an exam)
1530	openen	verb	to open
1531	arts	noun	physician, doctor
1532	hoer	noun	whore, prostitute
1533	gestoord	verb	past participle of storen
1534	gegeten	verb	past participle of eten
1535	echtgenoot	noun	husband (male partner in a marriage)
1536	bedoeling	noun	intention (goal, purpose)
1537	durf	noun	valor/valour, courage, daring, braveness
1538	trouw	noun	loyalty, faithfulness
1539	bedenken	verb	to bethink; to think of, to make up
1540	ergste	adj	masculine/feminine singular attributive
1541	bedacht	verb	singular past indicative of bedenken
1542	tegenhouden	verb	to stop, to inhibit
1543	vermoordde	verb	singular past indicative
1544	nachts	noun	genitive singular of nacht
1545	vertrokken	verb	plural past indicative
1546	knul	noun	a crude boor, lout, sull; the diminutive often lacks the derogatory connotation
1547	engels	adj	English
1548	start	noun	start
1549	favoriete	adj	masculine/feminine singular attributive
1550	persoonlijke	adj	indefinite masculine and feminine singular
1551	bepaalde	adj	masculine/feminine singular attributive
1552	sommigen	pron	personal plural of sommige (“some”)
1553	momentje	noun	diminutive of moment
1554	medische	adj	masculine/feminine singular attributive
1555	sexy	adj	sexy
1556	burgemeester	noun	mayor, burgomaster (head of a city or municipality)
1557	officier	noun	officer
1558	kussen	verb	to kiss (ik zou je graag kussen — I'd like to kiss you); as a noun, het kussen — pillow, cushion (ik ben geen kussen!, I'm not a pillow); also kisses, the plural of kus
1559	date	noun	a date (romantic outing)
1560	ster	noun	star (celestial body)
1561	gezocht	verb	searched, looked for — past participle of zoeken (ik heb overal gezocht, I've looked everywhere; het boek waar ik naar heb gezocht); as an adjective: wanted, sought-after (een gezochte crimineel)
1562	wezen	verb	het wezen — a being, creature (elk levend wezen bestaat uit cellen; een buitenaards wezen, an alien); in wezen — essentially, in essence (de oorlog is in wezen voorbij, the war is essentially over); to be — an older, informal infinitive of zijn (dat kan wel wezen, that may well be), and ben wezen + infinitive: went and did something (ik ben bloed wezen geven, I went to give blood); also orphans (plural of wees)
1563	roep	verb	call!, shout! — imperative of roepen (roep de politie!, call the police; roep me om zes uur, call me at six); I call, I shout; as a noun, de roep — a call, a cry; a call for, a demand (de roep om verandering, the call for change); reputation, renown
1564	details	noun	plural of detail
1565	zomer	noun	summer
1566	dikke	adj	masculine/feminine singular attributive
1567	ruikt	verb	second/third-person singular present indicative
1568	eigenaar	noun	owner
1569	motor	noun	engine (mechanical device)
1570	universiteit	noun	university, (university) college (especially in the United States)
1571	hielp	verb	singular past indicative of helpen
1572	kus	noun	kiss; kiss of peace (Christian greeting)
1573	luistert	verb	second/third-person singular present indicative
1574	gegevens	noun	data, information
1575	beveiliging	noun	protection, security
1576	nagedacht	verb	past participle of nadenken
1577	lisa	name	a female given name
1578	gekozen	verb	past participle of kiezen
1579	betaalt	verb	second/third-person singular present indicative
1580	betekenen	verb	to mean, to signify
1581	verborgen	adj	hidden
1582	publiek	noun	audience
1583	carrière	noun	career, a person's occupation(s)
1584	tanden	noun	plural of tand
1585	rapport	noun	a report; a report card
1586	super	adv	very, extremely, super
1587	vrije	adj	masculine/feminine singular attributive
1588	geheimen	noun	plural of geheim
1589	opeens	adv	suddenly, all of a sudden
1590	beest	noun	an animal, a beast
1591	afgesproken	verb	past participle of afspreken
1592	halve	adj	masculine/feminine singular attributive
1593	rijdt	verb	second/third-person singular present indicative
1594	belangrijkste	adj	masculine/feminine singular attributive
1595	kamp	noun	camp; a political or social fraction or group
1596	leef	verb	first-person singular present indicative
1597	washington	name	a neighbourhood of Noord, Aruba
1598	steun	noun	support; backup
1599	afdeling	noun	department, branch
1600	honderd	num	hundred
1601	vorig	adj	previous
1602	rook	noun	de rook — smoke (waar rook is, is vuur, no smoke without fire); also I smoke (ik rook niet, present of roken) and smelled (past of ruiken — ik rook gas)
1603	boel	noun	a lot, bunch; mess, disorderly heap
1604	vecht	verb	first/second/third-person singular present indicative
1605	strand	noun	beach, strand
1606	magie	noun	magic, sorcery; a magical, surprising, fascinating feat
1607	oplossing	noun	solution (e.g. to a mathematical problem)
1608	type	noun	type: a class
1609	rusten	verb	to rest; to lie, be supported (by something)
1610	droeg	verb	singular past indicative of dragen
1611	wellicht	adv	possibly, perhaps
1612	beelden	noun	images, pictures; footage (plural of het beeld — Sami zette de beelden op het internet, Sami posted the pictures online); also statues, sculptures
1613	genaamd	adj	named
1614	terugkomen	verb	to come back, to return
1615	voeren	verb	to guide, lead; to wage (war)
1616	waardeer	verb	first-person singular present indicative
1617	nauwelijks	adv	hardly, barely
1618	bad	noun	bath (object); the act or process of bathing
1619	bieden	verb	to offer; to bid
1620	geïnteresseerd	adj	interested
1621	verlaat	verb	first/second/third-person singular present indicative
1622	duivel	noun	devil
1623	overkomen	verb	to come across, seem
1624	speelde	verb	singular past indicative
1625	pond	noun	unit of mass, often broadly similar to 500 grams
1626	ballen	noun	balls (plural of de bal — ballen zijn rond); balls, testicles (informal); also a verb: to clench into a fist (de vuisten ballen), to play ball
1627	duizenden	noun	plural of duizend
1628	gedoe	noun	fuss, ado, hassle
1629	nerveus	adj	nervous, anxious, jumpy
1630	locatie	noun	location
1631	blik	noun	a glance; a manner of looking
1632	doelwit	noun	target (something or someone at which one aims), prey
1633	gekke	adj	masculine/feminine singular attributive
1634	meegemaakt	verb	past participle of meemaken
1635	twintig	num	twenty
1636	klant	noun	customer, client
1637	kerels	noun	plural of kerel
1638	loog	verb	lied: I/he/she lied — past singular of liegen (hij loog tegen ons, he lied to us; je loog tegen me!, you lied to me!); also a noun: lye, caustic solution
1639	post	noun	mail; a mail office, a post office
1640	aangevallen	verb	past participle of aanvallen
1641	oren	noun	plural of oor
1642	emma	name	a female given name
1643	springen	verb	to jump, to leap
1644	gevolgd	verb	past participle of volgen
1645	lach	verb	laugh: I laugh; laugh! — present and imperative of lachen (lach me niet uit, don't laugh at me; wat lach je nou?, what are you laughing at?); as a noun, de lach — a laugh, a smile
1646	ontmoette	verb	singular past indicative
1647	zwak	adj	weak; shabby
1648	engeland	name	England (a constituent country of the United Kingdom)
1649	ziekte	noun	the state of sickness
1650	sterren	noun	plural of ster
1651	trekt	verb	second/third-person singular present indicative
1652	toilet	noun	toilet, bathroom (room containing a lavatory)
1653	steen	noun	stone (small rock)
1654	logisch	adj	logical
1655	landen	verb	to (arrive on) land from the air (for birds, airplanes)
1656	geloofde	verb	singular past indicative
1657	maria	name	Mary (Biblical character, mother of Jesus)
1658	fouten	noun	plural of fout
1659	verwachten	verb	to expect, await
1660	leo	name	a male given name, equivalent to English Leo
1661	dankbaar	adj	thankful, grateful
1662	veroorzaakt	verb	second/third-person singular present indicative
1663	duizend	num	thousand
1664	wow	intj	wow (exclaims surprise or amazement)
1665	aangedaan	verb	turned on, switched on; done to someone — past participle of aandoen (zij heeft het licht aangedaan, she turned the light on; wie heeft je dit aangedaan?, who did this to you?); as an adjective: moved, touched (emotionally)
1666	jury	noun	jury
1667	verslaan	verb	to defeat; to report on, cover
1668	vangen	verb	to catch
1669	christus	name	Christ, Messiah (Christian title for Jesus of Nazareth)
1670	testen	verb	to test, to try out
1671	grens	noun	physical, territorial border, frontier
1672	paniek	noun	panic
1673	nogmaals	adv	once again
1674	telefoontje	noun	diminutive of telefoon
1675	steken	verb	to sting, prick, stab (een wesp steekt, a wasp stings); to put, stick, insert (dingen in een doos steken, to put things in a box); oversteken — to cross (de straat oversteken); as a noun, stitches, stabs (plural of de steek)
1676	jesse	name	a male given name
1677	ontsnapt	verb	second/third-person singular present indicative
1678	herinnert	verb	second/third-person singular present indicative
1679	paarden	noun	plural of paard
1680	vaders	noun	plural of vader
1681	theorie	noun	theory
1682	kleur	noun	a color, colour
1683	prins	noun	prince
1684	vissen	noun	fish (plural of de vis — vissen leven in het water, fish live in the water); also a verb: to fish, to angle; to fish for information
1685	bron	noun	source; spring (in fountain)
1686	lid	noun	member (of a group)
1687	drank	noun	beverage, drink
1688	vergadering	noun	meeting, gathering
1689	gebleven	verb	past participle of blijven
1690	meerdere	det	more, several, multiple
1691	ondanks	prep	despite, in spite of
1692	machine	noun	machine (mechanical or electrical device)
1693	moeders	noun	plural of moeder
1694	signaal	noun	signal (sign made to give notice)
1695	geslapen	verb	past participle of slapen
1696	lijden	verb	to undergo, endure, suffer
1697	stappen	verb	to step, to walk (te moe om verder te stappen, too tired to walk any further); to go out on the town (we gaan stappen); also steps (plural of de stap — de eerste stappen); to march
1698	eeuwig	adj	eternal
1699	vreselijke	adj	masculine/feminine singular attributive
1700	doodde	verb	singular past indicative
1701	dik	adj	thick; fat
1702	verkoop	verb	I sell — present of verkopen (ik verkoop bloemen, I sell flowers; ik verkoop mijn auto met verlies); as a noun, de verkoop — sale, sales (de verkoop van het huis)
1703	rechtbank	noun	court of first instance
1704	harde	noun	a hard one, e.g. a hard hit, a tough guy
1705	genezen	verb	to heal
1706	begrafenis	noun	burial, funeral
1707	veld	noun	field, open country
1708	straf	noun	a punishment, penalty, sanction
1709	uitgenodigd	verb	past participle of uitnodigen
1710	laag	adj	low
1711	kies	verb	choose!, pick! — imperative of kiezen (kies één persoon, choose one person); I choose; also to elect (een president kiezen); as a noun, de kies — a molar (tooth)
1712	wiens	det	whose
1713	schattig	adj	cute, adorable
1714	dr.	noun	abbreviation of doctor (“doctor”)
1715	schot	noun	shot, act of shooting
1716	vijanden	noun	plural of vijand
1717	neuken	verb	to fuck, to screw
1718	broers	noun	plural of broer
1719	jagen	verb	to hunt; to tug (a boat) (not by other vessels)
1720	tevreden	adj	content, satisfied
1721	gaven	noun	plural of gave
1722	taart	noun	a pie, large cake, or cobbler
1723	domme	adj	masculine/feminine singular attributive
1724	flat	noun	flat, apartment
1725	manieren	noun	ways, methods (plural of de manier — op verschillende manieren, in different ways); manners, good behaviour (waar zijn je manieren?)
1726	afmaken	verb	to finish; to kill, to finish off
1727	vriendelijk	adj	friendly, kind
1728	san	noun	san (archaic Greek letter)
1729	sterker	adj	comparative degree of sterk
1730	vluchten	verb	to flee
1731	pers	noun	a press, mechanical device to exert pression
1732	project	noun	project (planned endeavor)
1733	vertrekt	verb	second/third-person singular present indicative
1734	belang	noun	interest, concern
1735	frankrijk	name	France (a country located primarily in Western Europe)
1736	lukken	verb	to succeed, to work, to go right
1737	geschoten	verb	past participle of schieten
1738	prinses	noun	princess
1739	zwaard	noun	a sword, heavy blade weapon
1740	aandoen	verb	to turn on (e.g. a light)
1741	arthur	name	a male given name from English
1742	annie	name	a female given name
1743	makkelijker	adj	comparative degree of makkelijk
1744	gedragen	verb	to behave, to behave oneself
1745	bende	noun	gang, squad
1746	ernstig	adj	serious
1747	gezond	adj	healthy, being in good health
1748	jouwe	pron	non-attributive form of jouw; yours
1749	vingers	noun	plural of vinger
1750	las	verb	read: I/he/she read — past singular of lezen (gisteren las ik een interessant verhaal, yesterday I read an interesting story); also I weld (present of lassen), and a noun, de las — a weld, a joint
1751	arresteren	verb	to arrest
1752	tuin	noun	a garden, yard; an enclosure, fence or hedge
1753	ideeën	noun	plural of idee
1754	korte	adj	masculine/feminine singular attributive
1755	gelaten	noun	plural of gelaat
1756	duitse	noun	German woman
1757	vrijdag	noun	Friday
1758	opstaan	verb	to stand up; to get up, to rise
1759	kunst	noun	art; prowess, ability
1760	sterke	adj	masculine/feminine singular attributive
1761	afscheid	noun	farewell
1762	menselijke	adj	masculine/feminine singular attributive
1763	minister	noun	minister (a politician who heads a ministry)
1764	coach	noun	trainer, instructor, tutor, coach
1765	verboden	adj	forbidden, prohibited
1766	kelder	noun	cellar, basement
1767	gezelschap	noun	company, business
1768	bijvoorbeeld	adv	for example
1769	achtergelaten	verb	past participle of achterlaten
1770	duur	adj	expensive, dear
1771	compleet	adv	completely, thoroughly
1772	eng	adj	scary, creepy; narrow
1773	toeval	noun	accident, chance
1774	snapt	verb	second/third-person singular present indicative
1775	hiervan	adv	pronominal adverb form of van + dit
1776	miljoenen	noun	plural of miljoen
1777	war	noun	confusion, disarray
1778	melk	noun	milk (nutritious liquid produced by a lactating mammalian mother)
1779	kelly	name	a unisex given name
1780	lui	adj	lazy
1781	genieten	verb	to enjoy oneself, to have a pleasant experience
1782	aannemen	verb	to take; to accept
1783	uitstekend	adj	outstanding, excellent
1784	tegenover	prep	opposite; against, versus
1785	dichterbij	adj	comparative degree of dichtbij
1786	chicago	name	Chicago (a large city in Illinois, United States)
1787	kocht	verb	singular past indicative of kopen
1788	stuurt	verb	second/third-person singular present indicative
1789	volle	adj	masculine/feminine singular attributive
1790	schijnt	verb	second/third-person singular present indicative
1791	lenen	verb	to borrow; to lend
1792	moed	noun	courage, bravery, daring
1793	vergissing	noun	mistake
1794	patiënten	noun	plural of patiënt
1795	toon	verb	show!, show me — imperative of tonen (toon me je papieren!, show me your papers); I show; as a noun, de toon — tone, note (op een boze toon; de toon zetten)
1796	normale	adj	masculine/feminine singular attributive
1797	broeder	noun	brother, male sibling
1798	kaarten	noun	cards; tickets; maps (plural of de kaart — ik heb kaarten voor rij 15, I have tickets for row 15; de kaarten delen, to deal the cards); also a verb: to play cards
1799	films	noun	plural of film
1800	reizen	verb	to travel
1801	ruim	adj	spacious, roomy
1802	herinneringen	noun	plural of herinnering
1803	gedachte	noun	thought, idea
1804	saai	adj	boring, tedious
1805	roken	verb	to smoke (a tobacco product, another drug, a surrogate, a foodstuff)
1806	truck	noun	truck, lorry (heavy motor vehicle designed to carry goods)
1807	gaaf	adj	whole, complete, not injured
1808	tegenwoordig	adj	present (in time), current
1809	kwestie	noun	question, matter (a topic under discussion)
1810	zette	verb	singular past indicative
1811	opzij	adv	aside, to the side
1812	gaande	verb	amazing, lit
1813	omgeving	noun	surroundings, area, environment, environs
1814	kip	noun	a chicken, Gallus gallus domesticus
1815	verstopt	verb	second/third-person singular present indicative
1816	leerde	verb	singular past indicative
1817	vanochtend	adv	this morning, the morning at the beginning of the current day (in the past)
1818	kast	noun	cupboard, closet, wardrobe
1819	officieel	adj	official
1820	aanbod	noun	offer; supply
1821	sms	noun	SMS, a service for sending text messages on a cellular telephone system
1822	vernietigd	adj	destroyed
1823	verliest	verb	second/third-person singular present indicative
1824	menselijk	adj	human; humane
1825	contract	noun	contract
1826	mooiste	adj	masculine/feminine singular attributive
1827	flink	adj	large, considerable
1828	majesteit	noun	majesty
1829	sukkel	noun	dummy, idiot, twerp, dork
1830	stopte	verb	singular past indicative
1831	haalde	verb	singular past indicative
1832	verdiend	verb	past participle of verdienen
1833	genoegen	noun	satisfaction; pleasure, delight
1834	senator	noun	senator
1835	buren	noun	plural of buur
1836	internet	noun	Internet (specific internet consisting of the global network of computers)
1837	vloer	noun	a floor; any ground, surface
1838	zwemmen	verb	to swim
1839	bedoeld	verb	past participle of bedoelen
1840	opgesloten	verb	past participle of opsluiten
1841	ontslag	noun	discharge; resignation
1842	bekijk	verb	first-person singular present indicative
1843	borst	noun	chest, thorax; breast
1844	schreeuwen	verb	to yell; to bellow; to shout; to talk loudly
1845	bevalt	verb	second/third-person singular present indicative
1846	hoger	adj	comparative degree of hoog
1847	blanke	noun	a white person, someone with a light skin colour
1848	redenen	noun	plural of reden
1849	harder	adj	harder; louder; faster — comparative of hard (zet de radio harder, turn the radio up; ik zou harder leren, I'd study harder); also a noun: a mullet, the fish
1850	ontvoerd	verb	past participle of ontvoeren
1851	vasthouden	verb	to hold (onto), to retain
1852	behandelen	verb	to handle, to treat
1853	berg	noun	mountain, hill; a large amount, a pile; a stock, reserve; a surplus
1854	noorden	noun	north
1855	opgeven	verb	to give up, relinquish
1856	bepaald	adj	certain; specific
1857	spelletje	noun	diminutive of spel
1858	maatje	noun	buddy, mate, pal — het maatje (Tom is mijn maatje, Tom is my buddy); a size, a notch (een maatje groter, a size bigger); also maatjesharing, young salted herring
1859	daardoor	adv	pronominal adverb form of door + dat
1860	omstandigheden	noun	plural of omstandigheid
1861	opgelost	verb	past participle of oplossen
1862	heus	adj	friendly, polite
1863	koken	verb	to cook, boil; to seethe, boil with anger
1864	vingerafdrukken	noun	plural of vingerafdruk
1865	trut	noun	bitch (pejorative term for a woman)
1866	eenvoudig	adj	simple; plain (not elaborate or embellished)
1867	hiervoor	adv	pronominal adverb form of voor + dit
1868	stukken	noun	plural of stuk
1869	tent	noun	tent (for camping, special occasions, etc.)
1870	pauze	noun	pause, break
1871	raden	verb	to guess; to advise
1872	roepen	verb	to cry, shout; to call, summon, invite etc.
1873	leugenaar	noun	liar
1874	bek	noun	a bird's beak; any animal's mouth (such as a snout)
1875	vervangen	verb	to replace, substitute
1876	alarm	noun	alarm
1877	interesse	noun	interest (e.g. in a subject)
1878	talent	noun	talent (gift, quality, capability)
1879	bereikt	verb	second/third-person singular present indicative
1880	amerikanen	noun	plural of Amerikaan
1881	kanker	noun	cancer; cancer, something harmful that festers and spreads elsewhere
1882	aangezien	conj	since, because, seeing as
1883	beslissen	verb	to decide, to determine
1884	des	det	des te + comparative — all the more, the …er (hoe eerder, des te beter, the sooner the better); the old genitive of de/dat, 'of the' (de heer des huizes, the master of the house; des avonds, in the evening); also D-flat in music
1885	cadeau	noun	present; gift
1886	mexico	name	Mexico (a country in North America)
1887	kerst	noun	Christmas, the major Christian feast commemorating the birth of Jesus Christ
1888	louis	name	a male given name, variant of Lodewijk
1889	invloed	noun	influence
1890	geheugen	noun	memory (ability to remember)
1891	station	noun	station (place for vehicles to stop)
1892	doorheen	prep	through, during
1893	vogel	noun	bird, any member of the class Aves
1894	verantwoordelijkheid	noun	responsibility; accountability
1895	pillen	noun	plural of pil
1896	rome	name	Rome; Rome (a metropolitan city of Lazio, Italy)
1897	diner	noun	dinner, supper
1898	besluit	noun	decision (e.g. after consideration of alternatives)
1899	vlug	adj	quick, fast
1900	deuren	noun	plural of deur
1901	woonde	verb	singular past indicative
1902	west	adv	west; westwards
1903	huh	intj	huh (an exclamation indicating puzzlement)
1904	verstand	noun	reason, mind, intellect, brains, wit
1905	moeilijke	adj	masculine/feminine singular attributive
1906	juffrouw	noun	young woman, normally unmarried
1907	bescherming	noun	protection (state or quality of being protected)
1908	stilte	noun	silence
1909	bak	noun	container, such as a box, a crate, a tray or a tub
1910	papier	noun	paper; a piece of paper
1911	erom	adv	pronominal adverb form of om + het
1912	volledige	adj	masculine/feminine singular attributive
1913	zojuist	adv	just now, just a moment ago
1914	kilo	noun	abbreviation of kilogram
1915	vormen	verb	to form, mold; to make up, constitute
1916	vaarwel	intj	goodbye, farewell (connotation is somewhat sad, almost poetic)
1917	storm	noun	storm; a wind scale for very strong wind, stronger than a gale, less than a hurricane
1918	hoed	noun	a hat, worn on the head
1919	leugen	noun	a lie
1920	ambulance	noun	ambulance (emergency vehicle)
1921	opgenomen	verb	past participle of opnemen
1922	beslist	verb	decides; decided — present and past participle of beslissen (wanneer je beslist, when you decide; hij heeft beslist dat hij gaat, he has decided he's going); as an adverb: definitely, absolutely (dat is beslist waar; beslist niet)
1923	pizza	noun	pizza (Italian dish)
1924	verdween	verb	singular past indicative of verdwijnen
1925	ontdekken	verb	to discover
1926	eenheid	noun	unity; unit (measure)
1927	verzoek	noun	request (act of requesting), friendly demand, petition
1928	overtuigen	verb	to convince, persuade
1929	militaire	adj	masculine/feminine singular attributive
1930	kogels	noun	plural of kogel
1931	toegeven	verb	to admit; to concede
1932	gedronken	verb	past participle of drinken
1933	high	adj	high (intoxicated with a drug other than alcohol)
1934	gekeken	verb	past participle of kijken
1935	cent	noun	cent, a subunit of currency equal to one-hundredth of the main unit of the Dutch guilder
1936	punten	noun	plural of punt
1937	reet	noun	a ripped-up spot, tear; cleft, crack, crevice
1938	garage	noun	a garage (repair shop for motorised vehicles)
1939	vrees	noun	fear, apprehension, angst
1940	big	noun	piglet, little pig
1941	kluis	noun	a safe; a cashbox
1942	slaapkamer	noun	bedroom
1943	vandoor	adv	only used in ervandoor
1944	wit	adj	white; legally obtained by having paid the appropriate taxes
1945	bezoeken	verb	to visit
1946	politiek	noun	politics
1947	mogelijkheid	noun	possibility
1948	vertrok	verb	singular past indicative of vertrekken
1949	verdomd	adj	damned
1950	vervelend	adj	boring, uninteresting
1951	vs	name	initialism of Verenigde Staten (= United States): a country in North America: US
1952	rekenen	verb	to calculate, to do arithmetic
1953	klap	noun	bang (a sudden percussive noise)
1954	aanbieden	verb	to offer; to offer oneself, to volunteer, (in sexual contexts) to solicit
1955	abby	name	a female given name
1956	streek	noun	region; stroke (movement e.g. with a paintbrush)
1957	zaterdag	noun	Saturday
1958	uwe	pron	non-attributive form of uw; yours
1959	zicht	noun	sight, view, vision
1960	elf	num	eleven
1961	gewend	verb	past participle of wenden
1962	reactie	noun	reaction (action in response to an event)
1963	jazeker	adv	certainly, for sure
1964	blauw	adj	blue; visibly bruised
1965	herken	verb	first-person singular present indicative
1966	verbonden	noun	plural of verbond
1967	reken	verb	first-person singular present indicative
1968	schoonheid	noun	beauty; beautiful person or object
1969	hank	name	a village in Altena, North Brabant, Netherlands
1970	klus	noun	task; odd job
1971	verandering	noun	change
1972	vermoordt	verb	second/third-person singular present indicative
1973	accepteren	verb	to accept
1974	biertje	noun	diminutive of bier
1975	helen	verb	to heal
1976	ha	intj	ha
1977	gebouwd	verb	past participle of bouwen
1978	aankomen	verb	to arrive; to depend
1979	trok	verb	pulled, drew: I/he/she pulled — past singular of trekken (ze trok de deur open, she pulled the door open); wegtrekken — to drain away, to fade (alle kleur trok weg uit zijn gezicht)
1980	verhuizen	verb	to move house (to move from one residence to another)
1981	waarde	noun	value, monetary or figurative worth
1982	troep	noun	group of people or animals (such as a pride of lions or a herd of cows)
1983	kust	noun	de kust — coast, shoreline, seaside (drie kilometer naar de kust; we gaan naar de kust); also you kiss, he/she kisses (present of kussen — ik wil dat je me kust)
1984	graf	noun	grave
1985	dans	verb	I dance; dance! — present and imperative of dansen (ik dans graag, I love to dance; dans met haar!, dance with her); as a noun, de dans — a dance (de dans ontspringen, to have a narrow escape)
1986	verdediging	noun	defense, defence
1987	bleek	adj	pale; bleak
1988	taal	noun	language (form of communication consisting of vocabulary and grammar)
1989	grotere	adj	masculine/feminine singular attributive
1990	dier	noun	animal (any member of the kingdom Animalia)
1991	aanklacht	noun	indictment, charge against a crime
1992	overheid	noun	the government, the authorities
1993	wed	verb	first-person singular present indicative
1994	lossen	verb	to unload; to dump
1995	huizen	verb	to live (have permanent residence)
1996	uiteraard	adv	of course
1997	gerust	adj	at ease; free of anxiety, without fear or worry
1998	manager	noun	a manager, someone in management
1999	verdedigen	verb	to defend
2000	valse	adj	masculine/feminine singular attributive
2001	lieten	verb	plural past indicative
2002	westen	noun	the West
2003	amper	adv	scarcely, barely
2004	bekeken	verb	plural past indicative
2005	stal	noun	a stable, a place to keep hoofed animals
2006	job	noun	job
2007	maakten	verb	plural past indicative
2008	niveau	noun	level
2009	binnenkomen	verb	to enter, to come inside
2010	poging	noun	attempt
2011	behandeld	verb	past participle of behandelen
2012	overtuigd	verb	past participle of overtuigen
2013	gewacht	noun	waiting
2014	stroom	noun	a flow, current or flush, as of moving water or other liquid
2015	wetenschap	noun	knowledge; science, scholarly knowledge, scholarship
2016	momenteel	adv	at the moment, currently
2017	wauw	intj	wow (exclaims surprise or amazement)
2018	liedje	noun	diminutive of lied
2019	vals	adj	fake, false; off-key, out of tune
2020	onderzocht	verb	singular past indicative of onderzoeken
2021	duurde	verb	singular past indicative
2022	keel	noun	throat
2023	schepen	noun	alderman
2024	gouden	adj	golden, made of gold
2025	blind	adj	blind (unable to see)
2026	achterlaten	verb	to leave behind, to abandon
2027	gevangene	noun	a prisoner
2028	robin	name	a unisex given name, equivalent to English Robin
2029	voordeel	noun	advantage; front part
2030	gevangenen	noun	plural of gevangene
2031	eieren	noun	plural of ei
2032	verbrand	verb	first-person singular present indicative
2033	geduld	noun	patience
2034	eeuw	noun	a century, 100 years
2035	europa	name	Europe (a continent located west of Asia and north of Africa)
2036	gescheiden	adj	physically separated, detached, severed
2037	snelheid	noun	speed, velocity
2038	aardige	adj	masculine/feminine singular attributive
2039	rotzooi	noun	mess; rubbish, garbage
2040	heette	verb	singular past indicative
2041	brak	adj	brackish; bad
2042	lichamen	noun	plural of lichaam
2043	bidden	verb	to pray; to pray to (often with a preposition phrase)
2044	natuur	noun	nature; character
2045	wijs	adj	wise; nice, fun (see usage notes)
2046	buik	noun	belly; paunch (referring euphemistically to a protrusive belly)
2047	vinger	noun	finger
2048	gespeeld	verb	past participle of spelen
2049	feiten	noun	plural of feit
2050	virus	noun	virus; virus (computer virus)
2051	plus	prep	plus; plus (having in addition)
2052	groene	adj	masculine/feminine singular attributive
2053	bomen	verb	to close/shut with a beam
2054	personeel	noun	staff (employees)
2055	pakt	verb	second/third-person singular present indicative
2056	plekken	noun	plural of plek
2057	commissaris	noun	commissioner
2058	sara	name	Sarah; a female given name from Hebrew
2059	zuiden	noun	south; southern, from the south
2060	rechten	verb	to seek justice, notably
2061	veranderde	verb	singular past indicative
2062	stof	noun	dust
2063	badkamer	noun	bathroom
2064	leugens	noun	plural of leugen
2065	zondag	noun	Sunday
2066	erheen	adv	thither, to there
2067	smaak	noun	taste, sense of taste
2068	aanwezig	adj	present (not absent)
2069	leraar	noun	a teacher, a person who gives lessons
2070	maandag	noun	Monday
2071	verliet	verb	singular past indicative of verlaten
2072	leefde	verb	singular past indicative
2073	it	noun	initialism of informatietechnologie (“information technology”)
2074	pakte	verb	singular past indicative
2075	franse	adj	masculine/feminine singular attributive
2076	bergen	verb	to store, to stash away
2077	duitsers	noun	plural of Duitser
2078	woede	noun	anger, wrath, outrage
2079	studeren	verb	to study (to take part in organized education)
2080	sliep	verb	singular past indicative of slapen
2081	kleding	noun	clothing
2082	stonden	noun	plural of stond
2083	troepen	noun	plural of troep
2084	eindigen	verb	to end, to finish, to conclude, to come to an end
2085	feite	noun	dative singular of feit
2086	hemelsnaam	noun	only used in in hemelsnaam
2087	groeien	verb	to grow physically
2088	piloot	noun	pilot
2089	geesten	noun	plural of geest
2090	controleer	verb	first-person singular present indicative
2091	verslag	noun	report
2092	ex	noun	ex (former partner)
2093	julia	name	a female given name
2094	heks	noun	witch (sorceress)
2095	daarbij	adv	pronominal adverb form of bij + dat
2096	waarschuwen	verb	to warn, to let someone know, to notify about a threat or consequences
2097	melden	verb	to report, to communicate; let know
2098	oceaan	noun	ocean
2099	gas	noun	gas; liquefied petroleum gas
2100	goden	noun	plural of god
2101	mogelijke	adj	indefinite masculine and feminine singular
2102	voorlopig	adj	provisional, temporary
2103	verslagen	noun	plural of verslag
2104	gepland	verb	past participle of plannen
2105	verdacht	adj	suspicious, suspect
2106	opgepakt	verb	past participle of oppakken
2107	privé	adj	private
2108	voren	noun	plural of voor; plural of vore
2109	knappe	adj	masculine/feminine singular attributive
2110	koffer	noun	a suitcase; a luggage compartment in a small vehicle; a trunk, a boot
2111	zonde	noun	sin (offence against moral and/or divine law)
2112	naakt	adj	nude, not wearing any clothing; can also apply to part of the body with exposed hide
2113	neen	intj	no; stressed or formal form of nee
2114	plegen	verb	to do (something) habitually, customarily
2115	excuus	noun	an excuse, apology, explanation to avoid or alleviate guilt or negative judgement
2116	verrast	verb	second/third-person singular present indicative
2117	dienen	verb	to serve; to ought to, to be to, be expected to
2118	graden	noun	plural of graad
2119	ongelofelijk	adj	unbelievable
2120	haten	verb	to hate
2121	ervandoor	adv	off (far away)
2122	opgewonden	adj	excited; agitated
2123	sterf	verb	first-person singular present indicative
2124	dubbele	adj	masculine/feminine singular attributive
2125	tim	name	a male given name
2126	boerderij	noun	a farm
2127	rijke	adj	masculine/feminine singular attributive
2128	bord	noun	plate, dish (cutlery)
2129	honderden	noun	plural of honderd
2130	klootzakken	noun	plural of klootzak
2131	herstellen	verb	to restore, repair
2132	schrijft	verb	second/third-person singular present indicative
2133	wc	noun	toilet (bathroom with toilet)
2134	ernaar	adv	pronominal adverb form of naar + het
2135	besloot	verb	singular past indicative of besluiten
2136	behandeling	noun	medical or therapeutic treatment, therapy
2137	morgenochtend	adv	tomorrow morning
2138	tong	noun	tongue
2139	hitler	name	Hitler (Adolf Hitler, German dictator)
2140	vanmiddag	adv	this afternoon, the afternoon of the current day (in the future or past)
2141	redt	verb	second/third-person singular present indicative
2142	ruil	noun	swap, exchange
2143	verklaren	verb	to declare, state
2144	lieg	verb	first-person singular present indicative
2145	kim	noun	horizon
2146	leert	verb	second/third-person singular present indicative
2147	tegelijk	adv	simultaneously, at the same time
2148	marine	noun	a navy; an armed navy (naval branch of armed forces)
2149	champagne	noun	the sparkling wine champagne from the French region Champagne
2150	liefste	adj	masculine/feminine singular attributive
2151	genade	noun	mercy; grace (free and undeserved favour, especially of God)
2152	chauffeur	noun	driver
2153	wensen	verb	to wish
2154	verdien	verb	first-person singular present indicative
2155	godverdomme	intj	Goddamn!; fuck!
2156	eenzaam	adj	lonely, lonesome
2157	wegens	prep	because of, for
2158	voorstel	noun	proposal
2159	gouverneur	noun	governor (e.g. of a province)
2160	graven	verb	to dig physically
2161	terrein	noun	grounds, terrain, area
2162	ontmoeting	noun	a meeting (an encounter between people)
2163	telt	verb	second/third-person singular present indicative
2164	handel	noun	trade (activity of trading)
2165	zwijgen	verb	to be silent, to shut one's mouth
2166	ademen	verb	to breathe
2167	koos	verb	singular past indicative of kiezen
2168	um	intj	um (expressing hesitation)
2169	horloge	noun	watch (wearable timepiece)
2170	staten	noun	plural of staat
2171	ronde	noun	round, iteration
2172	daarover	adv	pronominal adverb form of over + dat
2173	verloofde	noun	a betrothed, a fiancée or fiancé
2174	pot	noun	jar, pot, solid container
2175	donkere	adj	masculine/feminine singular attributive
2176	afspraakje	noun	diminutive of afspraak
2177	pensioen	noun	pension (annuity paid regularly as benefit due to a retired employee)
2178	vrolijk	adj	cheerful, merry, gleeful
2179	poort	noun	gate; nutmeg (passing a ball between opponent's legs)
2180	hoefde	verb	singular past indicative
2181	gunst	noun	favour
2182	artikel	noun	article (report)
2183	overval	noun	robbery, hold-up
2184	belangrijker	adj	comparative degree of belangrijk
2185	netjes	adj	tidy, neat; decent, proper
2186	knieën	noun	plural of knie
2187	slimme	adj	masculine/feminine singular attributive
2188	aanraken	verb	to touch
2189	reputatie	noun	reputation
2190	ontdekte	verb	singular past indicative
2191	ruik	verb	first-person singular present indicative
2192	brood	noun	bread; a loaf of bread
2193	russische	adj	masculine/feminine singular attributive
2194	vogels	noun	plural of vogel
2195	partij	noun	party, quantity
2196	verstoppen	verb	to hide, conceal. Also reflexive
2197	komst	noun	arrival
2198	verdieping	noun	deepening; floor, storey
2199	dief	noun	a thief, one who steals
2200	voorbeeld	noun	example; role model
2201	geur	noun	a scent, smell, odour, odor
2202	dichter	noun	poet
2203	vliegveld	noun	airfield; airport
2204	markt	noun	a physical market place, usually a public square
2205	burgers	noun	plural of burger
2206	centrum	noun	the centre, middle of focal part (e.g. of activity)
2207	volgde	verb	singular past indicative
2208	ontzettend	adj	offputting, appalling
2209	beer	noun	a bear, any member of the family Ursidae
2210	alibi	noun	alibi
2211	terugkomt	verb	second/third-person singular dependent-clause present indicative of terugkomen
2212	brieven	noun	plural of brief
2213	minstens	adv	at least
2214	whisky	noun	whisky, whiskey
2215	onschuldige	adj	indefinite masculine and feminine singular
2216	stenen	adj	stonen, made of stone
2217	universum	noun	universe
2218	gezondheid	noun	health
2219	daarheen	adv	thither, to there
2220	wijze	noun	manner, mode, way, method
2221	britse	adj	masculine/feminine singular attributive
2222	komende	verb	masculine/feminine singular attributive
2223	kerstmis	noun	Christmas mass
2224	haven	noun	harbour; port
2225	huur	noun	renting, hiring
2226	plicht	noun	duty, obligation
2227	assistent	noun	assistant, person who assists, aid
2228	omgaan	verb	to go around; to pass
2229	fan	noun	fan (admirer)
2230	materiaal	noun	material (matter)
2231	laura	name	a female given name
2232	hartelijk	adj	cordial; hearty
2233	online	adv	online (on, via or connected to the Internet or another network)
2234	onszelf	pron	ourselves
2235	stelde	verb	singular past indicative
2236	shirt	noun	a T-shirt or other shirt, typically including undershirts
2237	bevelen	verb	to order, to command
2238	vergat	verb	singular past indicative of vergeten
2239	priester	noun	male priest, clergyman, religious officiant
2240	meent	noun	communal pasture, common land for grazing
2241	zelfde	det	same; like, alike
2242	dossiers	noun	plural of dossier
2243	proost	intj	cheers (toast when drinking)
2244	kloppen	verb	to knock or beat audibly
2245	gekend	verb	past participle of kennen
2246	vierde	adj	fourth
2247	kaas	noun	cheese
2248	opzoeken	verb	to visit; to seek, look for
2249	schrikken	verb	to be startled, to get a scare
2250	gepleegd	verb	past participle of plegen
2251	daarin	adv	pronominal adverb form of in + dat
2252	optreden	verb	to act, perform (for others to view)
2253	april	noun	the month of April
2254	veilige	adj	masculine/feminine singular attributive
2255	marcus	name	Mark (book of the Bible)
2256	beroep	noun	profession, vocation
2257	motief	noun	a motive; a motif, a pattern
2258	betaalde	verb	singular past indicative
2259	lucas	name	Luke (book of the Bible)
2260	verderop	adv	further on
2261	jacht	noun	hunt, hunting; chase, pursuit
2262	scheiden	verb	to separate; to divorce
2263	jeugd	noun	youth; young age, early stage of life
2264	lokale	adj	masculine/feminine singular attributive
2265	engel	noun	angel
2266	kerstman	noun	Father Christmas, Santa Claus
2267	doei	intj	bye, goodbye
2268	toestand	noun	situation, condition
2269	technologie	noun	technology
2270	gebaseerd	verb	past participle of baseren
2271	lichten	verb	to raise, to lift up
2272	mars	noun	march
2273	bovendien	adv	moreover, furthermore
2274	cijfers	noun	plural of cijfer
2275	bewaren	verb	to preserve, keep
2276	belofte	noun	promise, vow, pledge
2277	vertaald	verb	past participle of vertalen
2278	teleurgesteld	adj	disappointed
2279	vriendschap	noun	friendship
2280	medelijden	noun	compassion, sympathy for the suffering of another
2281	ramp	noun	disaster, catastrophe
2282	ren	noun	a run; an enclosed area where small or mid-sized livestock such as poultry are kept
2283	verzet	noun	resistance; resistance movement
2284	richten	verb	to direct, aim
2285	steunen	verb	to support, keep up, back up, assist
2286	wolf	noun	wolf (Canis lupus; the largest wild member of the canine subfamily)
2287	advocaten	noun	plural of advocaat
2288	dwars	adj	in a crosswise direction, transverse, at right angles
2289	oefenen	verb	to practice, train
2290	bezwaar	noun	objection; difficulty, obstacle
2291	bevestigen	verb	to fasten, attach
2292	wijzen	verb	to point; to point out, indicate
2293	china	name	China (a country in eastern Asia)
2294	nachtmerrie	noun	nightmare (bad dream)
2295	groen	adj	green; pertaining to terrestrial nature
2296	minst	adj	superlative degree of weinig
2297	eindigt	verb	second/third-person singular present indicative
2298	verkoopt	verb	second/third-person singular present indicative
2299	zwembad	noun	swimming pool
2300	verdriet	noun	grief, sadness, sorrow
2301	winter	noun	winter
2302	afgesloten	verb	past participle of afsluiten
2303	geheel	adj	whole, entire
2304	min	prep	minus
2305	verwijderd	verb	past participle of verwijderen
2306	donder	noun	thunder (sound produced by a thunderstorm)
2307	mobiel	adj	mobile
2308	monsters	noun	plural of monster
2309	interesseert	verb	second/third-person singular present indicative
2310	leden	noun	plural of lid
2311	gooide	verb	singular past indicative
2312	muren	noun	plural of muur
2313	koers	noun	a course of action, approach
2314	nat	adj	wet
2315	bekende	noun	an acquaintance
2316	waarheen	adv	whither, to where (separable)
2317	hierin	adv	pronominal adverb form of in + dit
2318	uniform	noun	uniform; a distinctive outfit
2319	voorbereid	verb	first-person singular dependent-clause present indicative of voorbereiden
2320	wild	adj	wild
2321	regen	noun	rain
2322	drinkt	verb	second/third-person singular present indicative
2323	studenten	noun	plural of student
2324	bepalen	verb	to determine, to figure out
2325	briefje	noun	diminutive of brief
2326	fuck	intj	fuck!
2327	berichten	verb	to report, inform
2328	gok	noun	gamble, guess; hooter, schnozzle (nose, esp. if big)
2329	voldoende	det	sufficient
2330	samenwerken	verb	to cooperate, collaborate
2331	lekkere	adj	masculine/feminine singular attributive
2332	ruiken	verb	to smell (i.e. to perceive a smell)
2333	klok	noun	clock; watch, wristwatch
2334	duitsland	name	Germany (a country in Central Europe)
2335	gemeenschap	noun	community; commonality
2336	redelijk	adj	reasonable
2337	wezens	noun	plural of wezen
2338	echter	adv	however
2339	getekend	adj	full of both physical and emotional scars
2340	overwinning	noun	victory, triumph
2341	rebecca	name	a female given name from Hebrew
2342	klonk	verb	singular past indicative of klinken
2343	onderwerp	noun	subject, topic; subject (of a sentence)
2344	verklaart	verb	second/third-person singular present indicative
2345	olie	noun	any natural or industrial oil
2346	bewust	adj	conscious, aware
2347	bemanning	noun	crew
2348	tellen	verb	to count, to enumerate
2349	degenen	pron	personal plural of degene; those
2350	overkomt	verb	second/third-person singular dependent-clause present indicative of overkomen
2351	vertrouwt	verb	second/third-person singular present indicative
2352	hang	noun	a support for hanging objects, such as a nail for a picture frame
2353	schoten	noun	plural of schot
2354	seconde	noun	second (a unit of time)
2355	geldt	verb	second/third-person singular present indicative
2356	delict	noun	crime, wrong
2357	groeten	verb	to greet; to salute
2358	maag	noun	stomach, gut
2359	beantwoorden	verb	to answer, reply to
2360	allerlei	det	all kinds of; various
2361	wandelen	verb	to stroll, be on a walk (‘to go for a walk’ = ‘gaan wandelen’)
2362	waarschuwing	noun	warning
2363	gewaarschuwd	verb	past participle of waarschuwen
2364	begreep	verb	singular past indicative of begrijpen
2365	kist	noun	a box, chest; a coffin
2366	middelbare	adj	masculine/feminine singular attributive
2367	training	noun	training; a training session
2368	texas	name	Texas (a state in the south-central region of the United States)
2369	pik	noun	penis; a down
2370	race	noun	a speed contest, a race
2371	geliefde	noun	loved one
2372	nationale	adj	masculine/feminine singular attributive
2373	gedeelte	noun	part, section
2374	wassen	verb	to wash, to clean
2375	verwachtte	verb	singular past indicative
2376	scheelt	verb	second/third-person singular present indicative
2377	ophangen	verb	to hang up (to append or suspend)
2378	douche	noun	shower
2379	reageren	verb	to react, to respond
2380	zwijg	verb	first-person singular present indicative
2381	alcohol	noun	alcohol (class of compounds)
2382	stoor	verb	first-person singular present indicative
2383	verdiende	verb	singular past indicative
2384	gave	noun	a gift, donation, present
2385	sprong	noun	jump, leap
2386	bewakers	noun	plural of bewaker
2387	aangenomen	verb	past participle of aannemen
2388	model	noun	model (type, design)
2389	data	noun	data, information
2390	oor	noun	ear; handle (of cup, mug)
2391	jeetje	intj	an expression of surprise: gosh, golly, gee
2392	spelletjes	noun	plural of spelletje
2393	noch	conj	neither...nor
2394	wedden	verb	to wager, to bet, to accept a gamble
2395	meedoen	verb	to take part, participate
2396	winst	noun	profit; gain, act or process of gaining
2397	gereed	adj	ready, prepared
2398	middag	noun	midday, noon; afternoon (period from 12 PM to 6 PM)
2399	lijf	noun	a body; a corsage
2400	onthouden	verb	to keep in mind, to remember
2401	daarop	adv	thereupon, following that
2402	identiteit	noun	identity
2403	crimineel	adj	criminal, contrary to enforceable legal rules
2404	openbaar	adj	public; non-affiliated (e.g. neither Catholic, Protestant, nor socialist)
2405	verpesten	verb	to infect, poison
2406	moordenaars	noun	plural of moordenaar
2407	bewaker	noun	guard (person who protects something)
2408	beloofde	verb	singular past indicative
2409	gods	noun	genitive singular of god
2410	zowel	conj	both, as well as
2411	media	noun	plural of medium
2412	letten	verb	to pay attention, to mind
2413	breekt	verb	second/third-person singular present indicative
2414	sprake	noun	dative singular of spraak
2415	kansen	noun	plural of kans
2416	explosie	noun	explosion
2417	indrukwekkend	adj	impressive, imposing
2418	plotseling	adv	suddenly
2419	schutter	noun	marksman, shooter
2420	hekel	noun	a hatred; hackle, hatchel
2421	fort	noun	castle; fort
2422	ingewikkeld	adj	complicated
2423	lied	noun	song
2424	vriendinnen	noun	plural of vriendin
2425	besef	noun	realisation, awareness, sense
2426	spiegel	noun	mirror (reflective surface that shows an image of what is in front of it)
2427	gevochten	verb	past participle of vechten
2428	lege	adj	masculine/feminine singular attributive
2429	onlangs	adv	recently
2430	stand	noun	posture, position, bearing
2431	woestijn	noun	desert (environmental area with very little precipitation)
2432	gedwongen	adj	forced, unnatural, artificial
2433	russen	noun	plural of Rus
2434	idioten	noun	plural of idioot
2435	gezellig	adj	having an inviting and friendly ambiance; cozy, nice, pleasant, sociable, convivial
2436	lunchen	verb	to (have) lunch
2437	hielden	verb	plural past indicative
2438	seizoen	noun	a season, major part of the year
2439	resultaten	noun	plural of resultaat
2440	pagina	noun	page
2441	frans	adj	French
2442	vlieg	noun	a fly
2443	bril	noun	a pair of glasses or goggles
2444	spannend	adj	tensive; exciting
2445	doodt	verb	second/third-person singular present indicative
2446	mensheid	noun	humanity, mankind (totality of humans, all members of the genus Homo)
2447	botten	verb	to bump, to collide
2448	busje	noun	diminutive of bus
2449	herinnering	noun	a memory, something that one remembers
2450	kaartje	noun	diminutive of kaart
2451	pop	noun	cocoon, pupa; doll
2452	verschuldigd	adj	owed, indebted, liable
2453	gesteld	verb	past participle of stellen
2454	hee	intj	hey
2455	tweeën	noun	plural of twee; dative singular of twee
2456	zielig	adj	sad, pitiful; pathetic
2457	my	pron	me; first-person singular objective personal pronoun
2458	hal	noun	hall, hallway
2459	letterlijk	adv	literally
2460	banden	verb	plural past indicative
2461	route	noun	route, course, way (particular pathway or direction one travels)
2462	vliegt	verb	second/third-person singular present indicative
2463	walgelijk	adj	noisome, disgusting, revolting, nausea inducing
2464	gegooid	verb	past participle of gooien
2465	smerig	adj	dirty, filthy, grubby
2466	verwijderen	verb	to remove
2467	uitzien	verb	to look forward to
2468	beweegt	verb	second/third-person singular present indicative
2469	hierover	adv	pronominal adverb form of over + dit
2470	mannetje	noun	diminutive of man: short adult male person
2471	genie	noun	genius, mental brilliance
2472	burger	noun	citizen, civilian
2473	bedreiging	noun	threat, menace (something that poses a risk)
2474	lef	noun	courage, bravery, daring
2475	vlakbij	adv	very near
2476	gevolgen	noun	plural of gevolg
2477	gedag	noun	a goodbye, adieu, farewell
2478	ontslaan	verb	to discharge, to let go, to free of one's duties
2479	nummers	noun	plural of nummer
2480	verzamelen	verb	to collect, to gather
2481	jongeman	noun	a young man
2482	huiswerk	noun	homework (educational assignment to be done in one's own time)
2483	house	noun	house music, house (a genre of music)
2484	koude	adj	masculine/feminine singular attributive
2485	verontschuldigen	verb	to excuse, to forgive
2486	gevaarlijke	adj	masculine/feminine singular attributive
2487	lelijk	adj	ugly
2488	verbaasd	adj	astonished, surprised
2489	vuil	adj	foul, dirty, filthy
2490	ondertussen	adv	meanwhile, in the meantime
2491	gelukkige	adj	masculine/feminine singular attributive
2492	leest	noun	last (form on which shoes are made or repaired)
2493	at	verb	singular past indicative of eten
2494	verplaatsen	verb	to move, transfer – from one place (A) to another (B)
2495	starten	verb	to start, begin
2496	gerechtigheid	noun	justice, righteousness
2497	onderdeel	noun	component
2498	wijst	verb	second/third-person singular present indicative
2499	afrika	name	Africa (the continent south of Europe and between the Atlantic and Indian Oceans)
2500	scheiding	noun	separation; a divorce
2501	linda	name	a female given name
2502	welnee	intj	of course not
2503	partners	noun	plural of partner
2504	hoogste	adj	masculine/feminine singular attributive
2505	snijden	verb	to cut
2506	soorten	noun	plural of soort
2507	touw	noun	rope; string
2508	zijde	noun	side, face (of an object)
2509	ellende	noun	misery
2510	nep	noun	imitation, fake
2511	joden	noun	plural of jood
2512	klagen	verb	to complain; to sue
2513	zacht	adj	soft; gentle
2514	aap	noun	monkey, ape, simian; any member of the infraorder Simiiformes
2515	won	verb	singular past indicative of winnen
2516	dringend	adj	urgent
2517	teruggaan	verb	to return, go back
2518	eisen	verb	to demand; to claim
2519	veroordeeld	adj	condemned
2520	neerschieten	verb	to shoot down (to down with a projectile)
2521	vloek	noun	curse
2522	stijl	noun	style, fashion; style of a pistil
2523	smeek	verb	first-person singular present indicative
2524	rand	noun	edge, brink, rim
2525	verrader	noun	traitor, betrayer
2526	tel	noun	count; second
2527	romantisch	adj	romantic
2528	zorgde	verb	singular past indicative
2529	stelletje	noun	diminutive of stel
2530	hersens	noun	brain
2531	verdwijnt	verb	second/third-person singular present indicative
2532	middelen	verb	to take the average of
2533	roept	verb	second/third-person singular present indicative
2534	leveren	verb	to supply; to deliver
2535	dekking	noun	cover; mating (of animals)
2536	onthoud	verb	first-person singular present indicative
2537	hof	noun	court, residence of a monarch or other high-placed person
2538	politieke	adj	masculine/feminine singular attributive
2539	cheque	noun	check, cheque (a note promising to pay money to a named person or entity)
2540	schaduw	noun	shade; shadow
2541	kasteel	noun	castle, either palatial or fortified
2542	lagen	noun	plural of laag
2543	dertig	num	thirty
2544	branden	verb	to burn, to set aflame, to be alight
2545	leidde	verb	singular past indicative
2546	resultaat	noun	result
2547	aangekomen	verb	past participle of aankomen
2548	constant	adj	constant, invariable
2549	hannah	name	Hannah (Biblical character)
2550	waarbij	adv	pronominal adverb form of bij + wat; whereby
2551	wanhopig	adj	hopeless, desperate
2552	verkracht	verb	first/second/third-person singular present indicative
2553	winnaar	noun	winner, one who has won or often wins
2554	waardeloos	adj	worthless
2555	merken	verb	to mark; to notice
2556	californië	name	California (the most populous state of the United States)
2557	doctor	noun	doctor (person who has attained a doctorate)
2558	ongerust	adj	worried
2559	snelle	adj	masculine/feminine singular attributive
2560	slet	noun	slut; rag, cloth
2561	fiets	noun	bicycle; motorbike
2562	vocht	noun	dampness, moisture
2563	opruimen	verb	to clean (something) up,
2564	daaraan	adv	pronominal adverb form of aan + dat
2565	gsm	noun	mobile phone, cellphone
2566	gewild	verb	past participle of willen
2567	overeenkomst	noun	similarity; agreement
2568	spring	verb	first-person singular present indicative
2569	schilderij	noun	painting
2570	middernacht	noun	midnight
2571	brein	noun	brain; mastermind
2572	richt	verb	first/second/third-person singular present indicative
2573	onbekende	adj	masculine/feminine singular attributive
2574	vervolgens	adv	subsequently
2575	iemands	det	someone's, one's
2576	fabriek	noun	factory
2577	geschikt	adj	adequate, suitable, appropriate
2578	ontspannen	verb	to relax; to relax, untense
2579	anne	name	a female given name, equivalent to English Ann or Anne
2580	win	verb	first-person singular present indicative
2581	broertje	noun	diminutive of broer
2582	gelopen	verb	past participle of lopen
2583	apparaat	noun	apparatus, device
2584	storen	verb	to disturb, to bother
2585	handelen	verb	to trade, do business
2586	dwingen	verb	to force, coerce (someone)
2587	optie	noun	option
2588	slang	noun	snake, squamate of the suborder Serpentes
2589	amen	intj	amen, so be it (at the end of a religious prayer)
2590	student	noun	a student at an institute for academic tertiary education
2591	hoorden	verb	plural past indicative
2592	opdagen	verb	to show up, to appear
2593	volkomen	adj	complete, total
2594	makker	noun	a mate, comrade, colleague, fellow, companion, (not very close) friend, ally etc.
2595	duisternis	noun	darkness
2596	briljant	adj	brilliant (genius, excellent)
2597	schouder	noun	shoulder
2598	godzijdank	intj	thank God
2599	lacht	verb	second/third-person singular present indicative
2600	dwaas	adj	foolish, stupid
2601	wachtte	verb	singular past indicative
2602	verdrietig	adj	sad (chiefly in relation to the emotions of human and animals)
2603	bereik	noun	reach (a continuous extent of water)
2604	gozer	noun	guy, dude, bloke
2605	gezorgd	verb	past participle of zorgen
2606	spion	noun	spy, person who secretly gathers information
2607	wond	noun	wound
2608	campagne	noun	campaign
2609	boston	name	Boston (the capital and largest city of Massachusetts, United States)
2610	mogelijkheden	noun	plural of mogelijkheid
2611	dinsdag	noun	Tuesday
2612	lever	noun	liver; edible animal liver as a dish or culinary ingredient
2613	avonds	noun	genitive singular of avond
2614	weggegaan	verb	past participle of weggaan
2615	verbinding	noun	connection, link
2616	dek	noun	a deck; a cover
2617	meegaan	verb	to go along; to continue functioning after a lot of use
2618	nieuwsgierig	adj	curious, inquisitive
2619	helder	adj	clear, bright; clear, lucid, obvious
2620	omlaag	adv	downwards
2621	borsten	noun	plural of borst
2622	oosten	noun	east (cardinal direction)
2623	namelijk	adv	namely; Used to indicate that a statement explains an earlier one.
2624	schande	noun	shame, disgrace
2625	ondertiteling	noun	the subtitles to a video in a particular language (see usage note); sub
2626	overeen	adv	equal, matching (often used with komen...met)
2627	kanten	adj	made or consisting of lace
2628	warme	adj	masculine/feminine singular attributive
2629	gewicht	noun	weight
2630	bedrijven	verb	to do, to perform, to carry out
2631	stront	noun	a huge shit, dung
2632	vet	adj	fat; greasy
2633	geschenk	noun	gift, present
2634	negeren	verb	to ignore
2635	goeds	adj	partitive of goed
2636	justitie	noun	justice (the branch of government that holds the power of jurisdiction)
2637	sneeuw	noun	snow (frozen precipitation)
2638	aanklager	noun	accuser; prosecutor
2639	zand	noun	sand
2640	sport	noun	a sport; (uncountable) sports
2641	besefte	verb	singular past indicative
2642	versie	noun	version
2643	minste	adj	masculine/feminine singular attributive
2644	hartaanval	noun	heart attack
2645	bo	noun	sandwich
2646	as	noun	ash; ashes
2647	illegaal	adj	illegal
2648	vertrouwde	verb	singular past indicative
2649	voort	adv	forth, forwards
2650	varken	noun	pig (Sus scrofa domesticus)
2651	prettig	adj	merry, enjoyable
2652	jacob	name	a male given name from Hebrew, equivalent to English Jacob or James
2653	moge	verb	singular present subjunctive of mogen
2654	donderdag	noun	Thursday
2655	straten	noun	plural of straat
2656	hout	noun	wood (material)
2657	bovenop	adv	on top, above; in addition, over and above
2658	etentje	noun	diminutive of eten
2659	sindsdien	adv	since then
2660	vaste	noun	single crochet (US sense)
2661	moeilijker	adj	comparative degree of moeilijk
2662	merk	noun	mark; logo
2663	verdachten	noun	plural of verdachte
2664	durft	verb	second/third-person singular present indicative
2665	opgegeven	verb	past participle of opgeven
2666	weggaat	verb	second/third-person singular dependent-clause present indicative of weggaan
2667	truc	noun	trick
2668	el	noun	a unit of length corresponding to about 69 cm: ell, cubit
2669	wegen	verb	to weigh (to determine the weight or be of a specified weight)
2670	planten	verb	to plant; to plant an inanimated object in the soil or a hard surface, e.g. a banner
2671	pen	noun	a long feather of a bird
2672	aanwezigheid	noun	presence; attendance
2673	stemming	noun	mood, atmosphere
2674	bravo	intj	bravo!
2675	overleefd	verb	past participle of overleven
2676	gedurende	prep	during
2677	magische	adj	masculine/feminine singular attributive
2678	levende	adj	masculine/feminine singular attributive
2679	therapie	noun	therapy
2680	geplaatst	verb	past participle of plaatsen
2681	grijp	verb	first-person singular present indicative
2682	gericht	adj	targeted, focused
2683	voorafging	verb	singular dependent-clause past indicative of voorafgaan
2684	duwen	verb	to push
2685	tip	noun	tip, extreme end of something
2686	sociale	adj	masculine/feminine singular attributive
2687	euh	intj	er, erm, um, uh; used as a space filler or pause during conversation
2688	opeten	verb	to eat up, to devour
2689	daarbinnen	adv	pronominal adverb form of binnen + dat
2690	beloning	noun	reward
2691	dapper	adj	brave, courageous
2692	concentreren	verb	to concentrate; to concentrate (the mind), to focus
2693	heleboel	num	(a) lot
2694	beschikbaar	adj	available
2695	seksuele	adj	masculine/feminine singular attributive
2696	bezorgen	verb	to deliver (hand over)
2697	koopt	verb	second/third-person singular present indicative
2698	hek	noun	fence; stern
2699	bied	verb	first-person singular present indicative
2700	huidige	adj	masculine/feminine singular attributive
2701	on	adv	rarely used as shorthand for oneven
2702	achterna	adv	after, behind, following (in movement)
2703	verenigde	adj	masculine/feminine singular attributive
2704	golf	noun	wave; gulf
2705	café	noun	café; coffee shop
2706	suiker	noun	sugar
2707	lippen	noun	plural of lip
2708	zuurstof	noun	oxygen, O (chemical element)
2709	gevoelig	adj	sensitive; prone, predisposed, inclined (to usually undesirable quality)
2710	herhaal	verb	first-person singular present indicative
2711	gras	noun	grass
2712	gekwetst	verb	past participle of kwetsen
2713	smerige	adj	masculine/feminine singular attributive
2714	filmen	verb	to film, to capture on a video medium (originally film reels)
2715	tunnel	noun	tunnel
2716	rock	noun	rock (style of music)
2717	verstandig	adj	sensible, wise, able-minded
2718	organisatie	noun	an organization (institution)
2719	voorgoed	adv	for good
2720	families	noun	plural of familie
2721	betwijfel	verb	first-person singular present indicative
2722	meekomen	verb	to come along with; accompany; join
2723	geruchten	noun	plural of gerucht
2724	redde	verb	singular past indicative
2725	doorbrengen	verb	to spend (time)
2726	puur	adj	pure; neat, free from contaminants; unadulterated, undiluted
2727	stak	verb	singular past indicative of steken
2728	diamanten	noun	plural of diamant
2729	lading	noun	cargo; charge, tension
2730	bevestigd	verb	past participle of bevestigen
2731	stinkt	verb	second/third-person singular present indicative
2732	inclusief	adj	inclusive
2733	oudere	noun	elderly person, senior citizen
2734	verraad	noun	betrayal, treason
2735	interview	noun	interview (conversation intended for recording statements for publication)
2736	middel	noun	means; medicine, cure
2737	geboorte	noun	birth
2738	nicht	noun	female cousin; daughter of someone's uncle or aunt
2739	momenten	noun	plural of moment
2740	podium	noun	stage; podium
2741	effect	noun	effect; security, notably bond or stock
2742	vijftien	num	fifteen
2743	houding	noun	attitude; stance
2744	veroorzaken	verb	to cause
2745	verpleegster	noun	nurse, sister (senior nurse)
2746	lig	verb	first-person singular present indicative
2747	bibliotheek	noun	library
2748	schrijver	noun	writer, author; scribe, clerk
2749	beloven	verb	to promise
2750	identificeren	verb	to identify
2751	hut	noun	a small wooden shed, hut
2752	goedenacht	intj	good night
2753	volgend	adj	following, next, subsequent
2754	gecontroleerd	adj	controlled
2755	beroemd	adj	famous, renowned
2756	masker	noun	mask
2757	scherp	adj	sharp, able to cut easily
2758	trainen	verb	to train (teach, practice skills) an animal, especially for use at hunting
2759	kamers	noun	plural of kamer
2760	kampioen	noun	champion
2761	graaf	noun	earl, count
2762	oproep	noun	appeal, entreaty
2763	achterin	adv	in the back/rear
2764	beters	adj	partitive of beter, the comparative degree of goed
2765	veroorloven	verb	to afford, allow oneself
2766	helikopter	noun	helicopter
2767	zekere	adj	masculine/feminine singular attributive
2768	gelegd	verb	past participle of leggen
2769	miljard	noun	a billion, a milliard, 10⁹
2770	vies	adj	dirty (not clean)
2771	geintje	noun	a prank, a joke
2772	uitgaan	verb	to go out (to go to public places for leisure)
2773	weleens	adv	the opposite of not
2774	bruid	noun	bride
2775	voer	noun	fodder, grub, animal food, feed, (for humans) inferior food
2776	praatte	verb	singular past indicative
2777	aanwijzingen	noun	plural of aanwijzing
2778	rusland	name	Russia (a transcontinental country in Eastern Europe and North Asia)
2779	eva	noun	a half-apron
2780	benzine	noun	petrol, gas, gasoline (fuel containing alkanes)
2781	wegging	verb	singular dependent-clause past indicative of weggaan
2782	keizer	noun	emperor
2783	vrouwelijke	adj	masculine/feminine singular attributive
2784	marie	name	a female given name, equivalent to English Mary
2785	voeden	verb	to feed
2786	studio	noun	a studio flat/apartment
2787	gif	noun	poison, venom, toxin
2788	uitnodiging	noun	invitation; the act of inviting; solicitation, the requesting of a person's company
2789	probeerden	verb	plural past indicative
2790	ketting	noun	chain (a series of interconnected rings or links)
2791	schitterend	adj	amazing, wonderful
2792	velen	verb	to endure, to bear
2793	zekerheid	noun	certainty; collateral
2794	kliniek	noun	a clinic, type of hospital or other medical facility for outpatient treatment
2795	museum	noun	museum
2796	handtekening	noun	signature, autograph
2797	bevrijden	verb	to liberate, to free
2798	ramen	verb	to make an estimate
2799	rechtszaak	noun	lawsuit
2800	dokters	noun	plural of dokter
2801	rijd	verb	first-person singular present indicative
2802	kopie	noun	copy (replication)
2803	rende	verb	singular past indicative
2804	vampier	noun	a vampire (folkloric blood-sucking monster)
2805	personen	noun	plural of persoon
2806	tieten	noun	plural of tiet
2807	expert	noun	expert
2808	feesten	verb	to party, to celebrate
2809	zegen	noun	blessing, benediction
2810	rommel	noun	junk, low-quality stuff
2811	mijl	noun	English or American mile, a unit of length equivalent to about 1.6 km
2812	daarbuiten	adv	pronominal adverb form of buiten + dat
2813	opleiding	noun	education, training, instruction
2814	bedenk	verb	first-person singular present indicative
2815	live	adj	live, being broadcast as it happens.
2816	beschermd	verb	past participle of beschermen
2817	roze	adj	pink, rosy
2818	legt	verb	second/third-person singular present indicative
2819	flauw	adj	boring, tasteless, uninspired
2820	gewoonlijk	adv	usually, normally
2821	telefoontjes	noun	plural of telefoontje
2822	pech	noun	bad luck; misfortune
2823	grootvader	noun	grandfather
2824	junior	noun	junior (younger or lower-ranked person, for example in job titles)
2825	voorzitter	noun	chairperson, president
2826	miste	verb	singular past indicative
2827	bodem	noun	bottom (e.g. of a box or of the sea)
2828	gevoeld	verb	past participle of voelen
2829	repareren	verb	to repair
2830	bewusteloos	adj	unconscious (not awake and unaware of one's surroundings)
2831	bommen	noun	plural of bom
2832	zusje	noun	diminutive of zus
2833	opname	noun	the act of absorbing or assimilating, uptake, absorption
2834	pols	noun	wrist
2835	herkennen	verb	to recognize
2836	hartslag	noun	a heartbeat; the heart rate, the rhythm of a beating heart
2837	hete	adj	masculine/feminine singular attributive
2838	behoefte	noun	a need; defecation
2839	oorzaak	noun	cause
2840	kiest	verb	second/third-person singular present indicative
2841	hill	name	a hamlet in Altena, North Brabant, Netherlands
2842	centrale	noun	hub, central; plant, factory
2843	dochters	noun	plural of dochter
2844	bewezen	verb	plural past indicative
2845	danken	verb	to thank
2846	gestoken	verb	past participle of steken
2847	rat	noun	a rat; any of the numerous
2848	koekjes	noun	plural of koekje
2849	weglopen	verb	to walk away, to walk off
2850	leuker	adj	comparative degree of leuk
2851	medisch	adj	medical
2852	kopje	noun	diminutive of kop
2853	gelegenheid	noun	occasion, opportunity
2854	zijne	pron	non-attributive form of zijn (English: his)
2855	grenzen	verb	to border
2856	betrapt	verb	second/third-person singular present indicative
2857	achteren	adv	behind; beyond
2858	bijeenkomst	noun	meeting
2859	uitdaging	noun	challenge (something challenging)
2860	onderhandelen	verb	to negotiate
2861	overvallen	verb	to raid; to rob, mug
2862	triest	adj	pitiful; sad
2863	slagen	verb	to succeed (obtaining what was desired)
2864	kruis	noun	cross (X-shape)
2865	technisch	adj	technical
2866	gooit	verb	second/third-person singular present indicative
2867	fantastische	adj	masculine/feminine singular attributive
2868	beschermt	verb	second/third-person singular present indicative
2869	beantwoord	verb	first-person singular present indicative
2870	positief	adj	positive
2871	vieze	adj	masculine/feminine singular attributive
2872	bewijst	verb	second/third-person singular present indicative
2873	brigadier	noun	constable (police officer of some seniority)
2874	ogenblik	noun	moment, blink of an eye (instant of time)
2875	kalmeer	verb	first-person singular present indicative
2876	hoogheid	noun	majesty, highness (title of respect for a monarch)
2877	droog	adj	dry (not wet); arid (getting little precipitation)
2878	admiraal	noun	admiral (naval officer)
2879	schaam	verb	first-person singular present indicative
2880	excuseren	verb	to excuse, to pardon, to forgive
2881	vroegen	verb	plural past indicative
2882	kleed	noun	cloth; long cloth garment, notably
2883	leid	verb	first-person singular present indicative
2884	blake	verb	singular present subjunctive of blaken
2885	maaltijd	noun	meal
2886	gereden	verb	past participle of rijden
2887	interessante	adj	masculine/feminine singular attributive
2888	chinese	noun	woman from China
2889	vuren	verb	to fire, to shoot (a weapon)
2890	gezichten	noun	plural of gezicht
2891	fantasie	noun	fantasy, imagination (capacity for imagining and thinking up things)
2892	aanpakken	verb	to take, to hold, to take over (when something is handed over)
2893	namens	prep	on behalf of
2894	afhandelen	verb	to argue out, settle
2895	stress	noun	stress
2896	waarschuw	verb	first-person singular present indicative
2897	bijbel	noun	bible (copy of the Bible)
2898	studie	noun	the activity of studying (mental effort to learn or acquire knowledge)
2899	ofwel	conj	or, or also, or just as well
2900	kaartjes	noun	plural of kaartje
2901	schema	noun	visualisation, diagram
2902	gelul	noun	bullshit, empty talk
2903	vers	adj	fresh
2904	biedt	verb	second/third-person singular present indicative
2905	aangeraakt	verb	past participle of aanraken
2906	besteld	verb	past participle of bestellen
2907	overnemen	verb	to take over
2908	waarderen	verb	to appreciate, to value
2909	tranen	verb	to tear, to shed tears
2910	ontspan	verb	first-person singular present indicative
2911	geopend	verb	past participle of openen
2912	documenten	noun	plural of document
2913	mammie	noun	mommy, mummy
2914	groots	adj	grand, grandiose
2915	eventjes	adv	diminutive of even; momentarily, in a moment
2916	boeten	verb	to pay for something as punishment; to suffer consequences
2917	staart	noun	a tail on an animal
2918	prettige	adj	masculine/feminine singular attributive
2919	ondervragen	verb	to interrogate, to question
2920	schedel	noun	skull; death's-head
2921	tijdelijk	adj	temporal; temporary
2922	overleed	verb	singular past indicative of overlijden
2923	klinken	verb	to sound; to clink glasses
2924	demon	noun	genius, lar; demon
2925	morgenavond	adv	tomorrow evening
2926	vergist	verb	second/third-person singular present indicative
2927	aanslag	noun	deposit (substance layered on a surface)
2928	florida	name	Florida (a state of the United States)
2929	proef	noun	test, exam; trial, experiment
2930	steven	noun	one of the two ends of a ship's hull; the bow or the stern
2931	ontstaan	verb	to arise, to come into being
2932	kennelijk	adj	apparent
2933	beslissingen	noun	plural of beslissing
2934	smaakt	verb	second/third-person singular present indicative
2935	soep	noun	soup, liquid dish
2936	nul	num	zero, nought
2937	green	noun	green, putting green
2938	oordeel	noun	opinion, judgement (conclusion of an act of deciding)
2939	bloeddruk	noun	blood pressure
2940	wegkomt	verb	second/third-person singular dependent-clause present indicative of wegkomen
2941	hoofdpijn	noun	headache
2942	vijfde	adj	fifth
2943	hieruit	adv	pronominal adverb form of uit + dit
2944	terroristen	noun	plural of terrorist
2945	rekeningen	noun	plural of rekening
2946	pijnlijk	adj	painful (physically)
2947	fase	noun	phase, stage; phase (of a wave)
2948	blazen	verb	to blow; to hiss (like a cat)
2949	teef	noun	a bitch, a female dog: a female dog or other canine
2950	jo	intj	hi; bye
2951	bot	adj	not sharp, blunt, dull
2952	ei	noun	egg
2953	mr.	noun	abbreviation of meester (“LL.M., Master of Laws”), used by lawyers and notaries.
2954	beroemde	adj	masculine/feminine singular attributive
2955	chaos	noun	chaos (disorder)
2956	verbaast	verb	second/third-person singular present indicative
2957	gedumpt	verb	past participle of dumpen
2958	tekst	noun	text; lyrics
2959	scène	noun	scene, stage; fuss, scene
2960	uitzicht	noun	outlook, view (panorama)
2961	vooruitgang	noun	progress
2962	maagd	noun	a maiden, a (female) virgin
2963	bijzondere	adj	masculine/feminine singular attributive
2964	sex	noun	sex (sexual intercourse)
2965	e-mail	noun	e-mail
2966	lafaard	noun	coward, wuss
2967	mei	noun	May
2968	dodelijk	adj	deadly, lethal, mortal, fatal (causing death)
2969	geleid	verb	first-person singular present indicative
2970	bestellen	verb	to order, demand delivery
2971	plassen	verb	to urinate; to secrete (something) in urine
2972	opgegroeid	verb	past participle of opgroeien
2973	ontvoering	noun	kidnapping, abduction (act of carrying off of a human being)
2974	boze	adj	masculine/feminine singular attributive
2975	affaire	noun	matter, issue; political scandal or controversy
2976	kreng	noun	a cadaver, carcass, corpse, especially when in a state of decay
2977	verzinnen	verb	to invent, to make up
2978	sigaret	noun	cigarette
2979	vat	noun	barrel, tank; vessel
2980	dennis	name	a male given name, equivalent to English Dennis
2981	verspreiden	verb	to spread around
2982	vullen	verb	to fill; to be filling
2983	vermogen	noun	ability, power, capacity
2984	realiteit	noun	reality
2985	doodgaan	verb	to die
2986	diegene	pron	he who, she who
2987	betekend	verb	past participle of betekenen
2988	pakje	noun	diminutive of pak
2989	buitenlandse	adj	masculine/feminine singular attributive
2990	telkens	adv	in each case, each time
2991	slechter	adj	comparative degree of slecht
2992	verander	verb	first-person singular present indicative
2993	promotie	noun	promotion
2994	overstuur	adj	emotionally affected
2995	dominee	noun	minister, pastor in several Protestant denominations
2996	keuzes	noun	plural of keuze
2997	bekennen	verb	to acknowledge, confess
2998	levert	verb	second/third-person singular present indicative
2999	verdwaald	adj	lost
3000	federale	adj	indefinite masculine and feminine singular
3001	kranten	noun	plural of krant
3002	patroon	noun	patron saint; patron, protector, Maecenas
3003	relaties	noun	plural of relatie
3004	bedreigd	verb	past participle of bedreigen
3005	wetten	verb	to whet, hone or rub on with something for the purpose of sharpening an object
3006	herkent	verb	second/third-person singular present indicative
3007	boodschappen	noun	shopping, groceries
3008	zenuwachtig	adj	nervous
3009	koninkrijk	noun	kingdom; relating to the quasi-federal structure of the Kingdom of the Netherlands
3010	aanwijzing	noun	indication, sign (something that indicates)
3011	breek	verb	first-person singular present indicative
3012	chinees	adj	Chinese
3013	uitvoeren	verb	to execute, carry out; perform
3014	haatte	verb	singular past indicative
3015	vrachtwagen	noun	truck, lorry; freightwagon, cart for transporting loads
3016	tank	noun	tank (storage reservoir)
3017	vanzelf	adv	automatically
3018	francis	name	a male given name
3019	schone	adj	masculine/feminine singular attributive
3020	beschadigd	verb	past participle of beschadigen
3021	realiseerde	verb	singular past indicative
3022	verbranden	verb	to burn, consume/kill in fire
3023	klasse	noun	quality, class; social class
3024	riep	verb	singular past indicative of roepen
3025	onbekend	adj	unknown; anonymous
3026	humor	noun	humour (sense of amusement)
3027	theater	noun	theater
3028	koorts	noun	fever, illness or symptom
3029	overheen	circumpos	across, over
3030	ingang	noun	entrance; input
3031	stabiel	adj	stable, (relatively) unchanging
3032	openbare	adj	masculine/feminine singular attributive
3033	dure	adj	masculine/feminine singular attributive
3034	maya	noun	a Maya; a member of the Maya people
3035	noodgeval	noun	emergency, emergency case
3036	reageert	verb	second/third-person singular present indicative
3037	uitweg	noun	an exit; a way out
3038	psychiater	noun	psychiatrist (doctor specializing in psychiatry)
3039	gedraagt	verb	second/third-person singular present indicative
3040	datum	noun	date (point in time)
3041	correct	adj	correct
3042	gedraag	verb	first-person singular present indicative
3043	nood	noun	emergency, crisis, distress (often used in compounds)
3044	wiet	noun	weed, marijuana
3045	woning	noun	house, abode, residence, dwelling
3046	caroline	name	a female given name of French origin
3047	betekende	verb	singular past indicative
3048	instructies	noun	plural of instructie
3049	natuurlijke	adj	masculine/feminine singular attributive
3050	ali	name	a male given name from Arabic, equivalent to English Ali
3051	wonden	verb	to wound, hurt
3052	afdrukken	verb	to print from a computer printer
3053	netwerk	noun	network (system of interconnected narrow elements)
3054	info	noun	info, information
3055	periode	noun	period (of time)
3056	uitziet	verb	second/third-person singular dependent-clause present indicative of uitzien
3057	meende	verb	singular past indicative
3058	doorlopen	verb	to go through, to go from start to end
3059	simpele	adj	masculine/feminine singular attributive
3060	achtergrond	noun	background
3061	bijzonders	adj	partitive of bijzonder
3062	broeders	noun	plural of broeder
3063	dubbel	adj	double, twofold
3064	afgewezen	verb	past participle of afwijzen
3065	kerstfeest	noun	Christmas
3066	hartstikke	adv	very, freaking, hella
3067	schuur	noun	barn; shed
3068	veronderstel	verb	first-person singular present indicative
3069	emoties	noun	plural of emotie
3070	achterkant	noun	the backside, rear-end of an object etc.
3071	schudden	verb	to shake, to tremble, to waver
3072	beschuldigd	verb	past participle of beschuldigen
3073	kwetsen	verb	to offend, to insult
3074	negatief	adj	negative
3075	engelse	adj	masculine/feminine singular attributive
3076	arrestatie	noun	arrest (the act of arresting a criminal, suspect etc.)
3077	communicatie	noun	communication
3078	vloog	verb	singular past indicative of vliegen
3079	nachten	noun	plural of nacht
3080	uitmaken	verb	to matter (only in third-person singular)
3081	vermiste	noun	missing person
3082	hierbij	adv	pronominal adverb form of bij + dit; hereby
3083	hebbes	intj	gotcha (captured or apprehended)
3084	allang	adv	for a long time already
3085	trappen	verb	to step, to tread
3086	langskomen	verb	to pass by, to come past
3087	coma	noun	coma (state of unconsciousness)
3088	daad	noun	deed, act, action
3089	kut	noun	vulva, especially the vagina; cunt, pussy
3090	knop	noun	a knob, roundish handle, ornament etc.
3091	bevriend	adj	friendly, befriended
3092	geraken	verb	to reach, to attain
3093	creëren	verb	to create, make, put into existence
3094	beslag	noun	arrest, detention
3095	artsen	noun	plural of arts
3096	japan	name	Japan (a country in East Asia)
3097	beet	noun	bite
3098	doodsbang	adj	fearing death, scared of dying
3099	bewaar	verb	first-person singular present indicative
3100	casino	noun	casino, gambling house
3101	afschuwelijk	adj	heinous, horrible
3102	diefstal	noun	theft
3103	legende	noun	legend (fictional story based on oral tradition, possibly with a kernel of truth)
3104	grot	noun	cave, cavern
3105	proeven	verb	to taste (something), to test or detect by tasting
3106	gesprekken	noun	plural of gesprek
3107	grijpen	verb	to grab
3108	oppakken	verb	to pick up; to take up, to take into consideration, to do something with
3109	terugtrekken	verb	to withdraw, to pull back
3110	bart	name	a male given name
3111	applaus	noun	applause
3112	zoenen	verb	to kiss; to reconcile
3113	toren	noun	a tower; a rook
3114	eeuwen	noun	plural of eeuw
3115	eigendom	noun	property, possession
3116	verschrikkelijke	adj	masculine/feminine singular attributive
3117	criminelen	noun	plural of crimineel
3118	bood	verb	singular past indicative of bieden
3119	verplicht	adj	compulsory, necessary, required
3120	zieke	noun	patient, sick person
3121	beweert	verb	second/third-person singular present indicative
3122	strafblad	noun	a criminal record
3123	voorbereiden	verb	to prepare
3124	vijftig	num	fifty
3125	zone	noun	zone
3126	loslaten	verb	to let go; to free, release
3127	portemonnee	noun	wallet; purse, coin purse
3128	longen	noun	plural of long
3129	ingehuurd	verb	past participle of inhuren
3130	meegebracht	verb	past participle of meebrengen
3131	gebrek	noun	lack (deficiency, need)
3132	ruilen	verb	to swap, to exchange
3133	mankeert	verb	second/third-person singular present indicative
3134	zwakke	adj	masculine/feminine singular attributive
3135	aantrekkelijk	adj	attractive, beautiful
3136	verplaatst	verb	second/third-person singular present indicative
3137	albert	name	a male given name, equivalent to English Albert
3138	no	noun	initialism of noordoost; NE
3139	uitgeschakeld	verb	past participle of uitschakelen
3140	vliegtuigen	noun	plural of vliegtuig
3141	spencer	name	a male given name from English
3142	tja	intj	Used to express thinking or pondering; hmm, yeah well
3143	dronk	noun	drink; draught
3144	riskeren	verb	to risk
3145	weghalen	verb	to take away, remove
3146	passie	noun	passion (emotion)
3147	kandidaat	noun	candidate
3148	smeerlap	noun	asshole, bastard
3149	sigaretten	noun	plural of sigaret
3150	toont	verb	second/third-person singular present indicative
3151	serie	noun	series
3152	status	noun	status (condition)
3153	voorzien	verb	to provide, to supply (optionally [with van ‘with’])
3154	mooier	adj	comparative degree of mooi
3155	rit	noun	a ride on a mount (animal) or man-powered vehicle
3156	bescherm	verb	first-person singular present indicative
3157	discussie	noun	discussion, debate
3158	medicijn	noun	medicine, cure, medication (substance)
3159	rijbewijs	noun	driver's license
3160	televisie	noun	television
3161	meld	verb	first-person singular present indicative
3162	verzonnen	verb	plural past indicative
3163	aangeboden	verb	past participle of aanbieden
3164	ellen	noun	plural of el
3165	ministerie	noun	ministry (government department under the authority of a minister)
3166	daden	noun	plural of daad
3167	krankzinnig	adj	insane
3168	populair	adj	popular
3169	indianen	noun	plural of indiaan
3170	verzekering	noun	insurance; life insurance
3171	koelkast	noun	a refrigerator, a fridge
3172	duistere	adj	indefinite masculine and feminine singular
3173	pest	noun	a plague, pest, pestilence
3174	overgeven	verb	to hand over, to give over
3175	arresteer	verb	first-person singular present indicative
3176	nut	noun	use, point, utility, sense
3177	stervende	verb	masculine/feminine singular attributive
3178	ondergoed	noun	underwear
3179	euro	noun	euro (currency)
3180	incident	noun	an incident
3181	zing	verb	first-person singular present indicative
3182	mijzelf	pron	myself
3183	commentaar	noun	commentary, comment (act or result of commenting)
3184	ervaren	verb	to experience, to undergo
3185	doorzoeken	verb	to search through
3186	vak	noun	a compartment (e.g. a shelf, a section)
3187	vriendjes	noun	plural of vriendje
3188	dorst	noun	thirst, physical need/desire to drink
3189	koe	noun	cow; a female of certain mammals, in particular bovines
3190	tenslotte	adv	in the end, finally, in conclusion, after all
3191	vandaar	adv	thence; hence, therefore
3192	jonger	adj	comparative degree of jong
3193	flinke	adj	masculine/feminine singular attributive
3194	check	noun	check (inspection or examination)
3195	titel	noun	title
3196	privacy	noun	privacy
3197	heelal	noun	universe
3198	verspillen	verb	to waste
3199	speelgoed	noun	toys
3200	dagboek	noun	diary
3201	voorwaarden	noun	plural of voorwaarde
3202	gemerkt	verb	past participle of merken
3203	tape	noun	tape
3204	hol	noun	a hole, hollow, cavity
3205	bewustzijn	noun	consciousness
3206	vlag	noun	flag
3207	werkten	verb	plural past indicative
3208	moderne	adj	masculine/feminine singular attributive
3209	rollen	verb	to roll; to dupe, cheat on
3210	angel	noun	sting, dart (insect's organ)
3211	gespannen	adj	tense
3212	terugkeren	verb	to return; to recur
3213	crisis	noun	crisis; financial crisis
3214	zoektocht	noun	search, quest
3215	emotioneel	adj	emotional, sentimental
3216	overkant	noun	the other side, the opposite side, the far side
3217	premier	noun	prime minister
3218	greep	noun	grasp, clutches
3219	eenheden	noun	plural of eenheid
3220	beseft	verb	second/third-person singular present indicative
3221	rechtstreeks	adj	direct
3222	love	verb	singular present subjunctive of loven
3223	weigeren	verb	to refuse, to deny (not to allow)
3224	avontuur	noun	adventure (remarkable, exciting or challenging experience)
3225	lust	noun	lust, desire (especially sexual, but also more generally)
3226	tevoorschijn	adv	visible, at sight
3227	roman	noun	a novel (work of fiction)
3228	glimlach	noun	smile
3229	groeit	verb	second/third-person singular present indicative
3230	ras	noun	race, breed
3231	amerikaan	noun	an American (person born in or citizen of the USA or the Americas)
3232	plat	adj	flat; of soft consistency
3233	goedkoop	adj	cheap, inexpensive, affordable
3234	strak	adj	tight; tense (showing stress or strain)
3235	spanning	noun	tension, suspense
3236	inbraak	noun	break-in
3237	karakter	noun	a character; a character; a role, often conventionalised, in theatre
3238	opzet	noun	design, plan (concept)
3239	lessen	verb	to quench (thirst)
3240	college	noun	a collegial board, either advisory (committee) or as an authority
3241	boy	noun	a male domestic servant, especially one with a darker skin in a colony
3242	ernstige	adj	masculine/feminine singular attributive
3243	geweren	noun	plural of geweer
3244	verlegen	adj	shy, bashful, timid
3245	toestaan	verb	to permit, allow
3246	paspoort	noun	passport, official document, notably granting right of passage
3247	vleugels	noun	plural of vleugel
3248	juni	noun	June (month)
3249	snoep	noun	sweets, candy
3250	apart	adj	separate; unusual
3251	italië	name	Italy (a country in Southern Europe)
3252	oudste	adj	masculine/feminine singular attributive
3253	uitschakelen	verb	to switch off, to turn off, to disable
3254	voertuig	noun	vehicle
3255	kostte	verb	singular past indicative
3256	september	noun	September
3257	jochie	noun	diminutive of joch
3258	link	adj	dangerous; sly, cunning
3259	puinhoop	noun	a pile of rubble; a ruin
3260	agenda	noun	a calendar; an agenda (list of matters at a meeting)
3261	steekt	verb	second/third-person singular present indicative
3262	nazi	noun	Nazi, member of the NSDAP
3263	spraken	verb	plural past indicative
3264	chirurg	noun	surgeon
3265	jee	intj	an expression of surprise: gosh, golly, gee
3266	mochten	verb	plural past indicative
3267	misdaden	noun	plural of misdaad
3268	brachten	verb	plural past indicative
3269	bekentenis	noun	confession; acknowledgement
3270	laptop	noun	laptop (computer with a clamshell design, portable and foldable)
3271	vergeleken	verb	plural past indicative
3272	diepe	adj	masculine/feminine singular attributive
3273	stukjes	noun	plural of stukje
3274	robot	noun	robot
3275	nuttig	adj	useful, handy
3276	uitslag	noun	result; score in a competition or test
3277	zout	noun	salt
3278	ratten	noun	plural of rat
3279	slimmer	adj	comparative degree of slim
3280	afval	noun	rubbish, garbage, trash
3281	gebeurtenissen	noun	plural of gebeurtenis
3282	temperatuur	noun	temperature, (measure of cold or heat)
3283	bemoei	verb	first-person singular present indicative
3284	ongelukkig	adj	unfortunate; unhappy
3285	bezocht	verb	singular past indicative of bezoeken
3286	financiële	adj	masculine/feminine singular attributive
3287	tijdstip	noun	moment in time, point in time, time of day
3288	overste	noun	senior (boss); abbot, prior
3289	verbergt	verb	second/third-person singular present indicative
3290	drukken	verb	to press; to print
3291	snappen	verb	to get, to understand
3292	knuffel	noun	a hug, cuddle; a cuddly animal or other stuffed toy, plushie, soft toy
3293	diensten	noun	plural of dienst
3294	erdoor	adv	pronominal adverb form of door + het
3295	betekenis	noun	meaning; significance, importance
3296	veiliger	adj	comparative degree of veilig
3297	aard	noun	nature, character, disposition
3298	opgegeten	verb	past participle of opeten
3299	gevolg	noun	consequence, result
3300	moedig	adj	brave
3301	teruggekomen	verb	past participle of terugkomen
3302	loon	noun	wage, pay, reward
3303	frisse	adj	masculine/feminine singular attributive
3304	daarboven	adv	pronominal adverb form of boven + dat
3305	herkende	verb	singular past indicative
3306	lelijke	adj	masculine/feminine singular attributive
3307	ruth	name	Ruth (Moabite woman, Biblical character)
3308	woensdag	noun	Wednesday
3309	handig	adj	handy, convenient, practical
3310	fortuin	noun	luck; fortune (riches)
3311	vrijgelaten	verb	past participle of vrijlaten
3312	journalist	noun	press journalist
3313	vielen	verb	plural past indicative
3314	wennen	verb	to get used (to), to become accustomed
3315	bleven	verb	plural past indicative
3316	ambassadeur	noun	ambassador
3317	acteur	noun	actor (person who performs in a theatrical play or film)
3318	geslaagd	adj	successful
3319	hing	verb	singular past indicative of hangen
3320	computers	noun	plural of computer
3321	schoonmaken	verb	to clean
3322	snelweg	noun	highway (major thoroughfare road)
3323	plastic	noun	plastic (synthetic polymer substance)
3324	experiment	noun	experiment
3325	monica	name	a female given name
3326	morgenvroeg	adv	early tomorrow
3327	undercover	adj	undercover
3328	commando	noun	military command
3329	gekleed	verb	past participle of kleden
3330	star	adj	stiff, frozen; rigid
3331	gemak	noun	convenience; ease, comfort
3332	overleeft	verb	second/third-person singular present indicative
3333	eerwaarde	adj	masculine/feminine singular attributive
3334	motel	noun	a motel (roadside hotel for motorists)
3335	long	noun	lung
3336	tweeling	noun	a pair of twins; said of people and other mammals
3337	draak	noun	dragon (a legendary large winged serpentine creature)
3338	schakel	noun	shackle (chain shackle)
3339	favoriet	adj	favourite, preferred
3340	heten	verb	to be named; to have as name; to be called
3341	officiële	adj	masculine/feminine singular attributive
3342	legde	verb	singular past indicative
3343	zusters	noun	plural of zuster
3344	kooi	noun	cage; bunk
3345	opgehangen	verb	past participle of ophangen
3346	beheersen	verb	to control, to master
3347	demonen	noun	plural of demon
3348	drankjes	noun	plural of drankje
3349	wetenschappers	noun	plural of wetenschapper
3350	concert	noun	concert (musical entertainment)
3351	vermijden	verb	to avoid
3352	irak	name	Iraq (a country in West Asia in the Middle East)
3353	katten	verb	to slate, to criticise heavily, in a snide manner
3354	kwetsbaar	adj	vulnerable
3355	kleuren	verb	to color, paint
3356	raket	noun	rocket, missile
3357	straffen	verb	to punish; to sentence
3358	bestuur	noun	management; governing board
3359	verloofd	verb	past participle of verloven
3360	zonden	noun	plural of zonde
3361	verspreid	verb	first-person singular present indicative
3362	draaide	verb	singular past indicative
3363	heerlijke	adj	masculine/feminine singular attributive
3364	india	name	India (a country in South Asia)
3365	augustus	noun	August (month)
3366	cadeautje	noun	diminutive of cadeau
3367	centimeter	noun	centimetre, one-hundredth of a metre
3368	contant	adj	in cash
3369	testament	noun	testament (document containing a person's will)
3370	meesten	adj	masculine/feminine singular attributive
3371	juli	noun	July
3372	waanzin	noun	delusion; insanity, lunacy
3373	gedroomd	verb	past participle of dromen
3374	handschoenen	noun	plural of handschoen
3375	zender	noun	sender, a person who sends
3376	wreed	adj	cruel, callous; wicked, cool, awesome
3377	pappa	noun	dad (term of address for one’s father, especially used by young children)
3378	eerlijke	adj	masculine/feminine singular attributive
3379	rotzak	noun	scumbag, fiend; Eurasian jay (Garrulus glandarius)
3380	mysterie	noun	mystery
3381	symbool	noun	a symbol, sign, character, glyph or anything of symbolic value
3382	profiel	noun	profile (such as an online profile)
3383	opties	noun	plural of optie
3384	traditie	noun	tradition
3385	schulden	noun	plural of schuld
3386	hup	intj	synonym of hoppa (“let's go, hey presto, alley-oop”)
3387	waag	noun	weighing scales
3388	go	noun	go
3389	massa	noun	mass; mass, large amount
3390	gewonden	noun	plural of gewonde
3391	ontkennen	verb	to deny (to assert to be false)
3392	getrokken	verb	past participle of trekken
3393	bezet	verb	first/second/third-person singular present indicative
3394	opgevoed	verb	past participle of opvoeden
3395	verkeer	noun	traffic; intercourse, exchange, dealings
3396	knie	noun	a knee; a kneeing, a prod or blow with the knee
3397	heuvel	noun	hill
3398	bid	verb	first-person singular present indicative
3399	verdwijn	verb	first-person singular present indicative
3400	accepteer	verb	first-person singular present indicative
3401	timing	noun	timing (synchronisation; regulation of pace or time)
3402	slechtste	adj	masculine/feminine singular attributive
3403	penis	noun	penis
3404	benieuwd	adj	longing to see, hear or understand, curious
3405	steden	noun	plural of stad
3406	aangeven	verb	to hand, to pass
3407	uitkomen	verb	to be able to figure out or find a solution for
3408	glazen	adj	made of glass; glassy, resembling glass
3409	hitte	noun	heat (extreme warmth)
3410	set	noun	a set (collection of objects belonging together)
3411	maling	noun	the direction towards which, or space in which, something is milled or ground
3412	wade	noun	popliteus
3413	ton	noun	barrel; ton (1000 kilograms)
3414	chocolade	noun	chocolate
3415	bedrogen	verb	plural past indicative
3416	brandstof	noun	fuel
3417	verwoest	verb	first/second/third-person singular present indicative
3418	verf	noun	paint
3419	k	pron	nonstandard form of 'k
3420	hector	name	Hector (hero from the Iliad)
3421	munitie	noun	ammunition, munition
3422	paleis	noun	palace
3423	werkelijkheid	noun	reality
3424	yo	intj	yo (informal greeting, interjection similar to hey)
3425	gewapend	adj	armed; reinforced, strengthened
3426	gekost	verb	past participle of kosten
3427	toespraak	noun	a speech, an address
3428	recept	noun	recipe; prescription
3429	helden	noun	plural of held
3430	enthousiast	adj	enthusiastic
3431	scherm	noun	screen, protection
3432	goedemiddag	intj	good afternoon
3433	gele	adj	masculine/feminine singular attributive
3434	actief	adj	active
3435	politieagent	noun	police officer
3436	kleiner	adj	comparative degree of klein
3437	joch	noun	a young boy
3438	lokken	verb	to attract, lure, bait
3439	oefening	noun	practice; exercise (activity or problem to train a skill, e.g. exercises in educational material)
3440	varen	verb	to sail, to go by boat, to navigate
3441	kwart	noun	a quarter, one of four (equal) parts
3442	commissie	noun	commission
3443	stiekem	adv	secretly, sneakily
3444	afsluiten	verb	to close off, seal
3445	inpakken	verb	to pack up, to load things into a package
3446	bewaard	verb	past participle of bewaren
3447	winkelen	verb	to shop, to go shopping
3448	beesten	noun	plural of beest
3449	vrijen	verb	to make love, to have sex
3450	techniek	noun	technique, technical skill
3451	brandt	verb	second/third-person singular present indicative
3452	mobiele	adj	masculine/feminine singular attributive
3453	luisterde	verb	singular past indicative
3454	interne	adj	indefinite masculine and feminine singular
3455	toegestaan	adj	allowed, permitted
3456	hall	name	a village in Brummen, Gelderland, Netherlands
3457	beleefd	adj	polite (well-mannered)
3458	blok	noun	a block (e.g. wood)
3459	zielen	noun	plural of ziel
3460	generatie	noun	generation, age
3461	verlangen	verb	to long for, desire, yearn
3462	revolutie	noun	revolution (sudden change; upheaval, putsch)
3463	pastoor	noun	parish priest; pastor, one who provides spiritual guidance
3464	drama	noun	drama (theatrical work; anything involving play acting)
3465	maal	noun	meal
3466	laden	verb	to load (cargo, a weapon, data)
3467	moeilijkheden	noun	plural of moeilijkheid
3468	bedrag	noun	amount of money
3469	aandelen	noun	plural of aandeel
3470	bevallen	verb	to please, satisfy
3471	schoft	noun	withers; bastard, trash, a person with no moral
3472	lawaai	noun	racket, noise
3473	eeuwige	adj	masculine/feminine singular attributive
3474	uzelf	pron	yourself
3475	attentie	noun	attention, attentiveness
3476	plant	noun	plant, any member of the kingdom Plantae
3477	staren	verb	to gaze, stare
3478	konijn	noun	a rabbit, a bunny; any non-hare lagomorph of the family Leporidae
3479	beroofd	verb	past participle of beroven
3480	zussen	noun	plural of zus
3481	huren	verb	to rent, hire
3482	misdrijf	noun	felony; crime
3483	overlijden	verb	to die
3484	doodgeschoten	verb	past participle of doodschieten
3485	toekomstige	adj	masculine/feminine singular attributive
3486	procedure	noun	procedure
3487	trouwde	verb	singular past indicative
3488	douchen	verb	to shower, to take a shower
3489	stierven	verb	plural past indicative
3490	jongetje	noun	diminutive of jongen
3491	gokken	verb	to gamble; to guess, hazard a guess
3492	thanksgiving	noun	Thanksgiving
3493	beweeg	verb	first-person singular present indicative
3494	duiken	verb	to dive
3495	kindje	noun	diminutive of kind
3496	fruit	noun	fruit (produced by trees or bushes, or any sweet vegetable; only literal sense)
3497	bevroren	verb	plural past indicative
3498	erbuiten	adv	pronominal adverb form of buiten + het
3499	sloot	noun	ditch, trench
3500	steelt	verb	second/third-person singular present indicative
3501	berlijn	name	Berlin (the capital and largest city of Germany)
3502	grappen	noun	plural of grap
3503	vloot	noun	fleet
3504	uiterlijk	noun	appearance
3505	verhuisd	verb	past participle of verhuizen
3506	spanje	name	Spain (a country in Southern Europe, including most of the Iberian peninsula)
3507	doof	adj	deaf
3508	alexander	name	a male given name from Ancient Greek, equivalent to English Alexander
3509	terugbrengen	verb	to bring back, return
3510	schamen	verb	to be ashamed
3511	machtige	verb	singular present subjunctive of machtigen
3512	tempel	noun	a temple, building destined as place of worship; specifically
3513	volwassenen	noun	plural of volwassene
3514	wetenschapper	noun	scientist (one whose activities make use of the scientific method)
3515	weduwe	noun	widow, surviving wife
3516	kanaal	noun	canal (artificial waterway)
3517	gemeld	adj	mentioned
3518	watje	noun	a piece of cotton wool
3519	dient	verb	second/third-person singular present indicative
3520	speech	noun	speech, oration (oral monologic address of some length)
3521	goedendag	intj	hello, good day (greeting used during daytime)
3522	versterking	noun	strengthening; amplification
3523	voorraad	noun	stock (inventory), provision
3524	legaal	adj	legal, lawful, licit
3525	bevat	verb	first/second/third-person singular present indicative
3526	dollars	noun	plural of dollar
3527	korporaal	noun	a corporal, low (para)military rank, below sergeant
3528	overwegen	verb	to consider (think about doing)
3529	vee	noun	livestock, cattle
3530	metro	noun	an underground railway or underground-railway system, a subway, a metro
3531	afhankelijk	adj	dependent (on other for help or support)
3532	weigerde	verb	singular past indicative
3533	speler	noun	a player, someone who plays a game
3534	gereedschap	noun	tool; tools
3535	misbruik	noun	abuse
3536	besproken	verb	past participle of bespreken
3537	aflevering	noun	delivery; episode, instalment (e.g. of a series)
3538	chip	noun	a chip (one-piece circuit or hybrid device containing a circuit and another device)
3539	barbara	name	a female given name, equivalent to English Barbara
3540	mobieltje	noun	diminutive of mobiel
3541	japanse	adj	masculine/feminine singular attributive
3542	reclame	noun	publicity; advertisement or ads
3543	combinatie	noun	combination; the act, process or outcome of combining
3544	behouden	verb	to save, keep; to preserve
3545	durven	verb	to dare (do), to not be afraid (to do)
3546	gebouwen	noun	plural of gebouw
3547	goedmaken	verb	expiate, to redress (to make amends)
3548	verkrachting	noun	rape
3549	pure	adj	indefinite masculine and feminine singular
3550	weggelopen	verb	past participle of weglopen
3551	opgeblazen	verb	past participle of opblazen
3552	getraind	verb	past participle of trainen
3553	illegale	adj	indefinite masculine and feminine singular
3554	website	noun	web site
3555	firma	noun	a large-scale company, a firm
3556	bloeden	verb	to bleed
3557	schop	noun	a shovel, a spade, a digging tool
3558	wiskunde	noun	mathematics
3559	originele	adj	indefinite masculine and feminine singular
3560	verwondingen	noun	plural of verwonding
3561	nest	noun	a nest (place to hatch young, especially bird structure)
3562	kostuum	noun	a costume, especially
3563	hoofdinspecteur	noun	chief inspector
3564	standaard	adj	standard
3565	zochten	verb	plural past indicative
3566	stok	noun	stick, natural (wood) or artificial
3567	blaas	noun	bladder
3568	weigert	verb	second/third-person singular present indicative
3569	afspreken	verb	to agree, to make an agreement
3570	hoofdkwartier	noun	headquarters
3571	heroïne	noun	heroin
3572	bossen	noun	plural of bos
3573	verzeker	verb	first-person singular present indicative
3574	zenuwen	noun	plural of zenuw
3575	vermoeden	verb	to suppose; to suspect
3576	hoofdstuk	noun	chapter (in a book, film etc.)
3577	symptomen	noun	plural of symptoom
3578	plekje	noun	diminutive of plek
3579	bemoeien	verb	to interfere, to meddle
3580	kern	noun	nucleus, physical core
3581	behandelt	verb	second/third-person singular present indicative
3582	bagage	noun	baggage; luggage
3583	gehele	adj	masculine/feminine singular attributive
3584	voorgesteld	verb	past participle of voorstellen
3585	jasje	noun	diminutive of jas
3586	begrip	noun	understanding, comprehension
3587	sowieso	adv	anyhow, in any case, anyway
3588	braaf	adj	well-behaved, obedient
3589	opsluiten	verb	to lock in; to lock up, imprison, incarcerate
3590	gij	pron	you; thou, ye
3591	misverstand	noun	misunderstanding
3592	laarzen	noun	plural of laars
3593	uitgevoerd	verb	past participle of uitvoeren
3594	borg	noun	surety, bail; guarantor
3595	doodsoorzaak	noun	cause of death
3596	bevrijd	verb	first-person singular present indicative
3597	gewoonte	noun	wont, habit, custom
3598	nederlandse	adj	masculine/feminine singular attributive
3599	cirkel	noun	circle
3600	moordwapen	noun	a murder weapon
3601	telefoons	noun	plural of telefoon
3602	boeren	verb	to farm, practice agriculture
3603	gerucht	noun	rumor; sound, clamour
3604	bijten	verb	to bite
3605	explosieven	noun	plural of explosief
3606	motoren	noun	plural of motor
3607	miranda	name	Miranda
3608	opzetten	verb	to set up, to install
3609	trekker	noun	puller, (someone or something that pulls)
3610	vermoed	verb	first-person singular present indicative
3611	internationale	adj	masculine/feminine singular attributive
3612	lesje	noun	diminutive of les
3613	wegkomen	verb	to get away, make oneself scarce
3614	flikker	noun	a mender, fixer, someone who mends or fixes
3615	lager	noun	bearing (a metal block or other construction holding a rotating axis in position)
3616	schoppen	verb	kick (strike with or raise the foot or leg)
3617	fans	noun	plural of fan
3618	opereren	verb	to operate (perform surgery)
3619	borrel	noun	a shot of an alcoholic drink such as rum or gin; a tot
3620	noemden	verb	plural past indicative
3621	kok	noun	cook, chef
3622	dozen	noun	plural of doos
3623	hoeren	noun	plural of hoer
3624	broodje	noun	diminutive of brood
3625	zingt	verb	second/third-person singular present indicative
3626	dieper	adj	comparative degree of diep
3627	halloween	noun	Halloween (October 31st)
3628	toestel	noun	device, appliance
3629	belangrijks	adj	partitive of belangrijk
3630	hogere	adj	masculine/feminine singular attributive
3631	stevig	adj	firm, sturdy; sizeable, considerable
3632	hoeveelheid	noun	quantity, amount
3633	waaraan	adv	pronominal adverb form of aan + wat
3634	hufter	noun	(Male) jerk, asshole
3635	ontworpen	verb	past participle of ontwerpen
3636	dankjewel	intj	gratitude, thanks
3637	mamma	noun	mamma, breast
3638	rots	noun	a rock
3639	boer	noun	a (male) farmer, peasant
3640	buurman	noun	neighbour (male)
3641	bouw	noun	construction of buildings
3642	versieren	verb	to decorate; to seduce
3643	ontploffen	verb	to explode
3644	ochtends	noun	genitive singular of ochtend
3645	make-up	noun	makeup (cosmetics)
3646	dumpen	verb	to dump; to dump, to sell at excessively low price
3647	gisterenavond	adv	last evening
3648	gevuld	adj	filled; stuffed
3649	klacht	noun	complaint (general, also physical)
3650	bestond	verb	singular past indicative of bestaan
3651	dodelijke	adj	indefinite masculine and feminine singular
3652	strategie	noun	strategy
3653	volhouden	verb	to continue, persevere
3654	begaan	verb	to walk upon, to tread on
3655	das	noun	A badger, various species of genera Meles and Taxidea.
3656	informant	noun	informer, informant
3657	verwerken	verb	to process; to assimilate, to cope with, to come to terms with
3658	trouwt	verb	second/third-person singular present indicative
3659	halt	intj	stop! freeze!
3660	auditie	noun	audition
3661	lijdt	verb	second/third-person singular present indicative
3662	canada	name	Canada (a country in North America)
3663	draad	noun	thread; wire
3664	ertoe	adv	pronominal adverb form of tot + het
3665	uitgeput	verb	past participle of uitputten
3666	pikken	verb	to peck (as with a bird's beak), hammer
3667	ruimen	verb	to make more spacious
3668	inzet	noun	commitment, effort
3669	haren	noun	plural of haar
3670	slaaf	noun	slave
3671	schreeuw	noun	scream
3672	koninklijke	adj	masculine/feminine singular attributive
3673	lage	adj	masculine/feminine singular attributive
3674	liepen	verb	plural past indicative
3675	bewerkt	verb	second/third-person singular present indicative
3676	concentreer	verb	first-person singular present indicative
3677	zaal	noun	room, hall; ward in a hospital or similar medical or caregiving institute
3678	jarig	adj	having one's birthday
3679	grapjes	noun	plural of grapje
3680	piano	noun	piano
3681	ontwikkeld	verb	past participle of ontwikkelen
3682	kou	noun	cold (low temperature)
3683	vaardigheden	noun	plural of vaardigheid
3684	gestraft	verb	past participle of straffen
3685	omdraaien	verb	to turn around, turn over, flip
3686	besmet	verb	first/second/third-person singular present indicative
3687	spoedig	adj	imminent, arriving or occurring soon, soon
3688	beurs	noun	a purse, both as object or capital
3689	schietpartij	noun	shooting, shootout
3690	opblazen	verb	to blow up, to inflate, to upblow
3691	vergiftigd	verb	past participle of vergiftigen
3692	leerling	noun	a learner, someone who learns
3693	algemeen	adj	general; common
3694	zonen	noun	plural of zone; plural of zoon
3695	ongemakkelijk	adj	uncomfortable, awkward
3696	indien	conj	if
3697	prooi	noun	prey, catch
3698	bevindt	verb	second/third-person singular present indicative
3699	aankomt	verb	second/third-person singular dependent-clause present indicative of aankomen
3700	uitgang	noun	exit, outgang; output
3701	jongedame	noun	miss, young lady
3702	goedkope	adj	masculine/feminine singular attributive
3703	bewaking	noun	surveillance, watch
3704	by	prep	at, with; by, close to
3705	huil	verb	first-person singular present indicative
3706	klimmen	verb	to climb
3707	november	noun	November
3708	uitkomt	verb	second/third-person singular dependent-clause present indicative of uitkomen
3709	spelers	noun	plural of speler
3710	bijt	noun	a man-made ice hole
3711	schreeuwde	verb	singular past indicative
3712	professionele	adj	masculine/feminine singular attributive
3713	bestanden	noun	plural of bestand
3714	voordeur	noun	front door
3715	slaven	noun	plural of Slaaf
3716	regelmatig	adj	regular
3717	mysterieuze	adj	masculine/feminine singular attributive
3718	doorgeven	verb	to pass on; to relay (a message)
3719	modder	noun	mud
3720	kroon	noun	crown; regal headgear
3721	maffia	noun	mafia
3722	functie	noun	job, position; function, purpose
3723	verward	adj	confused
3724	veranderingen	noun	plural of verandering
3725	sectie	noun	dissection, autopsy
3726	vreugde	noun	joy
3727	serieuze	adj	masculine/feminine singular attributive
3728	nuchter	adj	empty; having neither eaten nor drunk anything
3729	typisch	adj	typical
3730	rechtszaal	noun	courtroom
3731	overdreven	adj	excessive, exaggerated
3732	beu	adj	fed up, having had enough
3733	buitenaardse	adj	masculine/feminine singular attributive
3734	vergelijken	verb	to compare
3735	nagels	noun	plural of nagel
3736	louise	name	a female given name
3737	telefoonnummer	noun	telephone number
3738	snij	verb	first-person singular present indicative
3739	droomde	verb	singular past indicative
3740	zeep	noun	soap
3741	accent	noun	accent; a notably deviant or disprivileged pronunciation of a language
3742	gefaald	verb	past participle of falen
3743	drieën	num	plural of drie; masculine accusative/dative singular
3744	werknemers	noun	plural of werknemer
3745	krachtig	adj	powerful, strong
3746	cliënten	noun	plural of cliënt
3747	geneukt	verb	past participle of neuken
3748	bronnen	noun	plural of bron
3749	zelden	adv	rarely, seldom
3750	falen	verb	to fail; to default (a payment)
3751	congres	noun	congress, large consultative and/or legislative body
3752	verlof	noun	furlough, leave of absence
3753	stefan	name	a male given name, equivalent to English Stephen
3754	secretaresse	noun	secretary (a person keeping records and handling clerical work)
3755	schouders	noun	plural of schouder
3756	afleiding	noun	distraction; derivation (process by which a word has been derived)
3757	schakelen	verb	to switch; to change gear
3758	gestoorde	verb	indefinite masculine and feminine singular
3759	jungle	noun	jungle, dense tropical rainforest
3760	juwelen	noun	plural of juweel
3761	riem	noun	belt, strap, thong, collar
3762	geleefd	verb	past participle of leven
3763	oproepen	verb	to call, invoke
3764	schoen	noun	shoe (footwear)
3765	opgevallen	verb	past participle of opvallen
3766	herhalen	verb	to repeat
3767	exact	adj	exact, precise
3768	enge	adj	masculine/feminine singular attributive
3769	troost	noun	a comfort, consolation
3770	aangeklaagd	verb	past participle of aanklagen
3771	verre	adj	masculine/feminine singular attributive
3772	hakken	verb	to hack, chop
3773	gewapende	adj	masculine/feminine singular attributive
3774	oktober	noun	October
3775	uniek	adj	unique
3776	professioneel	adj	professional
3777	recente	adj	masculine/feminine singular attributive
3778	duw	noun	a push
3779	cocaïne	noun	cocaine (narcotic derived from coca plants)
3780	opsporen	verb	to trace, identify
3781	lek	adj	leaky
3782	cellen	noun	plural of cel
3783	teams	noun	plural of team
3784	allemachtig	intj	An expression of surprise or excitement: oh my God!, holy macaroni, God Almighty!
3785	kenden	verb	plural past indicative
3786	voetbal	noun	football, soccer (association football)
3787	achternaam	noun	surname
3788	levenslang	adj	lifelong
3789	defensie	noun	defence, defense
3790	bond	noun	society, fellowship
3791	turner	noun	gymnast
3792	afghanistan	name	Afghanistan (a landlocked country between Central Asia and South Asia)
3793	opent	verb	second/third-person singular present indicative
3794	parkeerplaats	noun	a parking space (space for one vehicle)
3795	grazen	verb	to graze (to eat grass from a pasture)
3796	ambassade	noun	an embassy, diplomatic legation to permanently represent a foreign state at
3797	verdragen	verb	to tolerate; to endure, bear
3798	bloem	noun	flower, bloom of flowering plant
3799	vrijwillig	adj	voluntary, of one's own accord, of one's own free will
3800	geobsedeerd	verb	past participle of obsederen
3801	pleegde	verb	singular past indicative
3802	bloedt	verb	second/third-person singular present indicative
3803	lets	adj	Latvian
3804	regelt	verb	second/third-person singular present indicative
3805	aanvaard	verb	first-person singular present indicative
3806	kalmeren	verb	to become calm, to calm down
3807	hersteld	verb	past participle of herstellen
3808	tijger	noun	tiger (Panthera tigris)
3809	overeind	adv	standing; into a standing state
3810	klop	noun	a knock, an audible blow
3811	wenst	verb	second/third-person singular present indicative
3812	stille	noun	silent person, who rarely speaks
3813	spaans	adj	Spanish
3814	terugkwam	verb	singular dependent-clause past indicative of terugkomen
3815	pet	noun	cap (headwear with a peak at the front)
3816	kleintje	noun	little one; child
3817	kwartier	noun	a quarter of an hour, i.e. 15 minutes
3818	amerikaans	adj	American; pertaining to the Americas
3819	doorgaat	verb	second/third-person singular dependent-clause present indicative of doorgaan
3820	verblijf	noun	a stay; a place where a stay is possible; a home, residence
3821	script	noun	script (written text of a dramatic performance)
3822	sandra	name	a female given name
3823	innemen	verb	to take, swallow (a medicine, (dated also) food and drink)
3824	tekort	noun	shortage, deficit
3825	ritje	noun	diminutive of rit
3826	porno	noun	porn
3827	vrouwtje	noun	diminutive of vrouw
3828	tof	adj	cool (objects); nice (persons)
3829	streng	adj	strict, severe, rigorous, unbending, cruel
3830	grootmoeder	noun	grandmother
3831	britten	noun	plural of Brit
3832	clown	noun	clown (entertainer)
3833	loyaliteit	noun	loyalty, allegiance
3834	zweet	noun	sweat
3835	cultuur	noun	culture (practices and beliefs particular to a society or group)
3836	tiener	noun	teenager
3837	wijf	noun	woman, potentially being as pejorative as bitch
3838	doorstaan	verb	to endure, to weather, to withstand
3839	drijven	verb	to float; to drive, to push (cattle e.g.)
3840	plots	adv	suddenly
3841	verhouding	noun	proportion; ratio, proportion
3842	geladen	adj	charged up; electrically charged
3843	totale	adj	masculine/feminine singular attributive
3844	fransen	noun	a surname
3845	respecteren	verb	to respect
3846	doorzocht	verb	singular past indicative of doorzoeken (“to search through”)
3847	beledigd	verb	past participle of beledigen
3848	gebeten	verb	past participle of bijten
3849	verstop	verb	first-person singular present indicative
3850	coördinaten	noun	personal data
3851	complete	adj	indefinite masculine and feminine singular
3852	beleid	noun	policy, strategy, course of action
3853	detail	noun	detail
3854	apparatuur	noun	equipment, esp. a set of devices
3855	achterhalen	verb	to overtake, to hunt down
3856	voortdurend	adj	continuous, incessant
3857	scholen	verb	to school, give formal/organized training
3858	traceren	verb	to trace out, draw an outline
3859	praktijk	noun	practice; application of theory
3860	bewijsmateriaal	noun	(piece of) evidence
3861	smeris	noun	synonym of politieagent
3862	seksueel	adj	sexual, of or relating to sexuality in the wide sense
3863	klappen	verb	to clap (make sound or music with the hands)
3864	keken	verb	plural past indicative
3865	verstaan	verb	to understand (language, words), to hear clearly
3866	troon	noun	throne (ornamental seat)
3867	elkaars	det	each other's
3868	verrassen	verb	to surprise, to amaze, to awe
3869	bedank	verb	first-person singular present indicative
3870	kwijtgeraakt	verb	past participle of kwijtraken
3871	warren	noun	plural of war
3872	liefst	adj	superlative degree of lief
3873	bevolking	noun	population (the actual group of residents of an area; not the number/statistic thereof)
3874	verbeteren	verb	to improve; to correct
3875	trauma	noun	trauma
3876	elektrische	adj	masculine/feminine singular attributive
3877	cowboy	noun	cowboy
3878	engelen	noun	plural of engel
3879	bitch	noun	bitch; bitch (person in a submissive or low-placed position)
3880	salaris	noun	salary
3881	voortaan	adv	henceforth, from now on
3882	bruin	adj	brown
3883	emotionele	adj	masculine/feminine singular attributive
3884	blank	adj	white, pale; white (having a light skin tone)
3885	lamp	noun	lamp; vacuum tube, thermionic valve
3886	district	noun	district
3887	vermoorde	verb	singular present subjunctive of vermoorden
3888	arrest	noun	sentence passed by a higher court
3889	stoer	adj	firm, robust, sturdy, butch
3890	verklaar	verb	first-person singular present indicative
3891	banen	verb	to make way, to clear
3892	lente	noun	spring: the season between winter and summer
3893	geniaal	adj	brilliant, genius, genial
3894	beëindigen	verb	to end, to finish, to conclude
3895	achteraan	adv	in the back
3896	dekken	verb	to cover; to set (the table)
3897	lake	verb	singular present subjunctive of laken
3898	onbeleefd	adj	uncivil, rude
3899	bestand	noun	archive, file; file
3900	machines	noun	plural of machine
3901	radar	noun	radar (detection system operating by means of radio waves)
3902	extreem	adj	extreme
3903	ingebroken	verb	past participle of inbreken
3904	militair	noun	soldier
3905	gebruikten	verb	plural past indicative
3906	morgens	noun	genitive singular of morgen
3907	getuigenis	noun	hence also other proof
3908	bod	noun	order; offer
3909	gebakken	verb	past participle of bakken
3910	stapel	noun	pile; basis, foundation, pedestal
3911	misselijk	adj	nauseous, nauseated, having the urge to vomit
3912	front	noun	front
3913	bingo	noun	bingo (a game of chance)
3914	wolven	noun	plural of wolf
3915	plaat	noun	board, sheet, plate
3916	rob	noun	seal, any member of the family Phocidae
3917	paus	noun	pope
3918	overdag	adv	by day, during daytime, in the daytime
3919	beschuldigen	verb	to accuse, blame
3920	getest	verb	past participle of testen
3921	treffen	verb	to hit, strike; to find (by chance), hit upon, to encounter
3922	succesvol	adj	successful
3923	opening	noun	opening, gap; the act or process of being opened
3924	terrorist	noun	a terrorist; a supporter of the French Reign of Terror
3925	dale	verb	singular present subjunctive of dalen
3926	heksen	verb	to employ witchcraft; to hex, bewitch
3927	politiebureau	noun	police station
3928	beroven	verb	to rob [with van ‘of’], to steal from
3929	schaal	noun	shell (of an egg or a nut)
3930	reageerde	verb	singular past indicative
3931	ontsnapte	verb	singular past indicative
3932	verschijnen	verb	to appear, show up
3933	janet	noun	an effeminate man
3934	maart	noun	March
3935	insecten	noun	plural of insect
3936	schok	noun	shock
3937	zeldzaam	adj	scarce, rare
3938	kritiek	adj	critical (pertaining to a crisis or pivotal moment)
3939	smeken	verb	to beg, implore, urge
3940	put	noun	pit, well; drain
3941	ontbreekt	verb	second/third-person singular present indicative
3942	vietnam	name	Vietnam (a country in Southeast Asia)
3943	bijeen	adv	together
3944	besparen	verb	to spare, save from
3945	naaien	verb	to sew; to screw, to fuck, to have sex
3946	offer	noun	sacrifice, offering
3947	mia	name	a female given name
3948	naomi	name	Naomi (Biblical figure)
3949	autopsie	noun	dissection, autopsy
3950	zowat	adv	just about; nearly
3951	verse	adj	masculine/feminine singular attributive
3952	zwaartekracht	noun	force of gravity: gravitation
3953	vanwaar	adv	from where, whence
3954	helm	noun	helmet, protective headwear
3955	gesneden	verb	past participle of snijden
3956	regent	noun	regent, acting head of state in a monarch's place
3957	verhoor	noun	interrogation
3958	riskant	adj	risky, daring
3959	dieven	noun	plural of dief
3960	leerlingen	noun	plural of leerling
3961	natalie	name	a female given name
3962	inzetten	verb	to insert; to start off
3963	opstand	noun	rebellion, insurrection
3964	schild	noun	shield; shell, carapace, cuttlebone or scale
3965	sukkels	noun	plural of sukkel
3966	zinloos	adj	pointless, senseless
3967	versta	verb	first-person singular present indicative
3968	mannelijke	adj	masculine/feminine singular attributive
3969	verkiezingen	noun	plural of verkiezing
3970	fysiek	adj	physical (in the sense of Physical Education)
3971	paradijs	noun	a paradise, wonderland, place to be
3972	actrice	noun	actress
3973	jager	noun	hunter; destroyer (type of warship)
3974	leiders	noun	plural of leider
3975	staf	noun	staff (stick); staff (employees)
3976	aanklagen	verb	to denounce, accuse, indict, sue
3977	toezicht	noun	supervision, oversight
3978	geluisterd	verb	past participle of luisteren
3979	lichte	adj	masculine/feminine singular attributive
3980	activiteiten	noun	plural of activiteit
3981	nutteloos	adj	useless, pointless
3982	apen	noun	plural of aap
3983	moskou	name	Moscow (a federal city, the capital of Russia)
3984	sokken	noun	plural of sok
3985	opgezet	verb	past participle of opzetten
3986	onzichtbaar	adj	invisible (not visible)
3987	echo	noun	echo
3988	wonderen	noun	plural of wonder
3989	luid	adj	loud
3990	straling	noun	radiation
3991	beseffen	verb	to realize
3992	nichtje	noun	diminutive of nicht
3993	boeien	verb	to tie down, tie up, bind, shackle
3994	behoort	verb	second/third-person singular present indicative
3995	charmant	adj	charming, agreeable, nice
3996	planeten	noun	plural of planeet
3997	daag	noun	plural of dag, used after numerals, particularly veertien
3998	verslaafd	adj	depending on (drugs or medications)
3999	voorkeur	noun	preference
4000	genaaid	verb	past participle of naaien
4001	vredesnaam	noun	only used in in vredesnaam
4002	kwade	adj	masculine/feminine singular attributive
4003	noodzakelijk	adj	necessary
4004	gebeden	noun	plural of gebed
4005	tovenaar	noun	wizard, sorcerer
4006	prijzen	verb	to praise
4007	gemene	adj	masculine/feminine singular attributive
4008	ontwikkelen	verb	to develop
4009	ademt	verb	second/third-person singular present indicative
4010	stapte	verb	singular past indicative
4011	technische	adj	masculine/feminine singular attributive
4012	praktisch	adj	practical
4013	circus	noun	circus (company of performers; place where this company performs)
4014	ongeval	noun	accident
4015	teruggeven	verb	to return, give something back
4016	protocol	noun	protocol (collection of rules and procedures)
4017	schut	noun	a dam or lock gate
4018	biologische	adj	masculine/feminine singular attributive
4019	duidelijkheid	noun	clarity, clearness
4020	rondje	noun	diminutive of ronde
4021	checken	verb	to check (up), to inspect, examine
4022	ai	intj	expression of pain, grief or pity: ay
4023	doordat	conj	because (implying an external cause)
4024	bruine	adj	masculine/feminine singular attributive
4025	klaarmaken	verb	to prepare, to make ready
4026	leed	noun	grief, sorrow, anguish
4027	marge	noun	margin
4028	schijn	noun	a shine, glimmering
4029	infectie	noun	infection
4030	dagelijks	adj	daily
4031	voert	verb	second-person (gij) singular past indicative of varen
4032	mislukt	adj	failed
4033	duits	adj	German; Dutch
4034	stapt	verb	second/third-person singular present indicative
4035	daarnet	adv	just now, a moment ago
4036	bedekt	verb	second/third-person singular present indicative
4037	opwindend	adj	exciting, thrilling, exhilarating
4038	zogenaamde	adj	masculine/feminine singular attributive
4039	baker	noun	a midwife; one who helps women in childbirth with deliveries
4040	ogenblikje	noun	diminutive of ogenblik
4041	amber	noun	amber (colour of fossil resin)
4042	autoriteiten	noun	plural of autoriteit
4043	medicatie	noun	medication, medical treatment
4044	ontploft	verb	second/third-person singular present indicative
4045	contacten	noun	plural of contact
4046	operaties	noun	plural of operatie
4047	manhattan	noun	Manhattan (cocktail)
4048	raketten	noun	plural of raket
4049	prioriteit	noun	priority
4050	special	noun	a special broadcast episode
4051	intelligent	adj	intelligent, bright, smart
4052	therapeut	noun	therapist (one who provides therapy)
4053	huilt	verb	second/third-person singular present indicative
4054	koper	noun	copper (metal, element)
4055	vervloekt	verb	past participle of vervloeken
4056	tegenstander	noun	adversary, opponent
4057	au	intj	ouch!
4058	satelliet	noun	satellite (natural: e.g. Phobos and Deimos)
4059	afnemen	verb	to decrease; to take off, to remove
4060	uitleg	noun	explanation; expansion, esp. the expansion of a city outside its previous walls
4061	kofferbak	noun	a luggage compartment in a car; trunk, boot
4062	fascinerend	adj	fascinating
4063	service	noun	service; after-sales
4064	schuilplaats	noun	shelter
4065	schilderen	verb	to paint
4066	mekaar	pron	each other
4067	boekje	noun	diminutive of boek
4068	hope	verb	singular present subjunctive of hopen
4069	kruipen	verb	to crawl; to creep
4070	tempo	noun	tempo (pace, relative speed)
4071	depressief	adj	depressed
4072	huisje	noun	diminutive of huis
4073	joodse	adj	masculine/feminine singular attributive
4074	afgeleid	verb	past participle of afleiden
4075	product	noun	product
4076	passagiers	noun	plural of passagier
4077	aanpassen	verb	to change, adjust
4078	paranoïde	adj	paranoid
4079	uitmaakt	verb	second/third-person singular dependent-clause present indicative of uitmaken
4080	ongetwijfeld	adv	undoubtedly, surely
4081	aankwam	verb	singular dependent-clause past indicative of aankomen
4082	overlevenden	noun	plural of overlevende
4083	bestemming	noun	purpose, future function of something
4084	gewelddadig	adj	violent
4085	winkelcentrum	noun	shopping centre, mall
4086	sparen	verb	to spare, leave untouched
4087	spreuk	noun	proverb, adage, saying
4088	papierwerk	noun	paperwork
4089	tandarts	noun	dentist
4090	analyse	noun	analysis (action of taking something apart to study it)
4091	menigte	noun	crowd; multitude
4092	baard	noun	beard (mass of facial hair that includes chin hair)
4093	oppas	noun	babysitter
4094	goeiemorgen	intj	good morning
4095	ceremonie	noun	ceremony, a formal ritual
4096	omgekomen	verb	past participle of omkomen
4097	bakken	verb	to bake; to pan-fry
4098	officieren	noun	plural of officier
4099	verknald	verb	past participle of verknallen
4100	vrijwel	adv	almost
4101	hanna	name	Hannah (Biblical character)
4102	vergif	noun	poison
4103	mariniers	noun	plural of marinier
4104	scan	noun	scan (result or output of a scanning process)
4105	tenen	noun	plural of teen
4106	tegelijkertijd	adv	simultaneously, at the same time
4107	gene	pron	one, person (preceded by a definite article or demonstrative)
4108	beschrijven	verb	to write on; to write (a letter) to
4109	daphne	name	a female given name
4110	eenzame	adj	masculine/feminine singular attributive
4111	chips	noun	potato chips, crisps
4112	grootte	noun	size
4113	verrot	verb	first/second/third-person singular present indicative
4114	gezonde	adj	masculine/feminine singular attributive
4115	luxe	noun	luxury
4116	pijp	noun	pipe; tube
4117	afgenomen	verb	past participle of afnemen
4118	huilde	verb	singular past indicative
4119	vampiers	noun	plural of vampier
4120	speelden	verb	plural past indicative
4121	bekijkt	verb	second/third-person singular present indicative
4122	veertig	num	forty
4123	terugkeer	noun	return
4124	oprecht	adj	sincere, honest, upright, upstanding
4125	maten	noun	plural of maat
4126	gelegen	verb	past participle of liggen
4127	verzekeren	verb	to assure; to insure
4128	vergunning	noun	a permit
4129	geschorst	verb	past participle of schorsen
4130	werelden	noun	plural of wereld
4131	geleend	verb	past participle of lenen
4132	alvast	adv	already; in advance (to do something before an ensuing event)
4133	pil	noun	a pill, a usually ball- or oval-shaped, coated portion of a drug to be taken orally
4134	beschermde	verb	singular past indicative
4135	oppassen	verb	to watch out, beware
4136	egoïstisch	adj	egoistic, selfish
4137	uitnodigen	verb	to invite
4138	nucleaire	adj	indefinite masculine and feminine singular
4139	verklaard	verb	past participle of verklaren
4140	ofzo	intj	misspelling of of zo
4141	minuutje	noun	diminutive of minuut
4142	uitstappen	verb	to get off (a vehicle or a vessel)
4143	dadelijk	adv	presently, very soon, at once
4144	noord	adv	north; northwards
4145	vastgebonden	verb	past participle of vastbinden
4146	italiaanse	adj	masculine/feminine singular attributive
4147	eikels	noun	plural of eikel
4148	gijzelaars	noun	plural of gijzelaar
4149	mazzel	noun	luck
4150	blinde	noun	blind person
4151	lost	verb	second/third-person singular present indicative
4152	lijkschouwer	noun	coroner
4153	naald	noun	a needle, a pin (for sewing, injections, tattooing etc.)
4154	vreemden	noun	plural of vreemde
4155	koeien	noun	plural of koe
4156	pan	noun	pan, especially for cooking
4157	heilig	adj	holy; sacred
4158	sterkste	adj	masculine/feminine singular attributive
4159	lukte	verb	singular past indicative
4160	wachtwoord	noun	password
4161	instinct	noun	instinct (innate response, impulse or behaviour)
4162	beperkt	adj	restricted, limited
4163	hamer	noun	hammer
4164	bewaken	verb	to watch over, to guard
4165	slaag	noun	a beating
4166	leeuw	noun	lion
4167	wisselen	verb	to swap, to exchange
4168	metaal	noun	metal; metal (light tincture)
4169	creditcard	noun	credit card
4170	jarenlang	adj	lasting for years, yearslong
4171	staal	noun	steel
4172	chemische	adj	masculine/feminine singular attributive
4173	x	noun	abbreviation of keer (“time”)
4174	zeuren	verb	to whine, to complain in an unpleasant manner
4175	sector	noun	sector
4176	vreemds	adj	partitive of vreemd
4177	rondlopen	verb	to walk about; to run about
4178	gênant	adj	embarrassing
4179	acties	noun	plural of actie
4180	tuig	noun	thing; physical device, contraption
4181	genoten	noun	plural of genoot
4182	toast	noun	Melba toast
4183	getroffen	verb	past participle of treffen
4184	herinnerde	verb	singular past indicative
4185	reeds	adv	already
4186	tegenstelling	noun	opposition, opposite
4187	gekken	noun	plural of gek
4188	transport	noun	transport
4189	communiceren	verb	to communicate
4190	koppig	adj	stubborn, obstinate
4191	deken	noun	a blanket, warm textile cover
4192	doelen	verb	to aim; to allude, hint
4193	hobby	noun	hobby (activity)
4194	lening	noun	a loan, credit
4195	vroege	adj	masculine/feminine singular attributive
4196	rebellen	noun	plural of rebel
4197	natie	noun	nation; guild
4198	figuur	noun	figure, shape; figure, person
4199	nakijken	verb	to check, to review
4200	redding	noun	rescue, rescuing
4201	alhoewel	conj	although, albeit
4202	verbazingwekkend	adj	amazing
4203	beschouw	verb	first-person singular present indicative
4204	atmosfeer	noun	atmosphere (gases surrounding an astronomical body)
4205	lachte	verb	singular past indicative
4206	twijfelen	verb	to doubt
4207	examen	noun	exam, examination, major test
4208	aantrekken	verb	to attract, exert a pulling force (on an object) such as gravity
4209	jagers	noun	plural of jager
4210	kalkoen	noun	a turkey; any bird of genus Meleagris, particularly Meleagris gallopavo
4211	huwelijksreis	noun	honeymoon (wedding trip)
4212	elektriciteit	noun	electricity
4213	steeg	noun	an alleyway; a lane (between walls, fencing, etc.); a bystreet
4214	wodka	noun	vodka (clear distilled alcoholic liquor made from grain mash)
4215	warmte	noun	physical warmth, thermal energy, from moderate to heat
4216	verdere	adj	indefinite masculine and feminine singular comparative degree
4217	kwaliteit	noun	quality
4218	uitstekende	adj	masculine/feminine singular attributive
4219	rotsen	noun	plural of rots
4220	tragedie	noun	tragedy
4221	doorgebracht	verb	past participle of doorbrengen
4222	pat	noun	tie, draw, stalemate
4223	politieman	noun	synonym of politieagent
4224	koppel	noun	couple (pair, duo)
4225	tumor	noun	tumour, swelling
4226	appel	noun	apple (Malus domestica, fruit or tree)
4227	jan	noun	abbreviation of januari (“January”)
4228	christine	name	a female given name
4229	treden	verb	to tread, step
4230	wolken	noun	plural of wolk
4231	gevlucht	noun	a sail cross; the sail beams of a windmill, connecting the sweeps to the windshaft
4232	stam	noun	trunk of a tree
4233	straal	noun	ray (a beam of light or radiation)
4234	liedjes	noun	plural of liedje
4235	dwong	verb	singular past indicative of dwingen
4236	poten	verb	to set; to release young fish or - eggs to regulate the population for fishers' benefit
4237	afvragen	verb	to wonder
4238	uitgevonden	verb	past participle of uitvinden
4239	gitaar	noun	guitar
4240	verzin	verb	first-person singular present indicative
4241	terugbellen	verb	to ring back, to return call
4242	kletsen	verb	to chat; to smack, to slap
4243	december	noun	December
4244	uitzondering	noun	exception
4245	plaatselijke	adj	masculine/feminine singular attributive
4246	trui	noun	jumper, sweater
4247	organiseren	verb	to organise (UK); organize (US)
4248	compliment	noun	compliment
4249	minnaar	noun	lover
4250	kudde	noun	herd; collective noun for cows,
4251	hierna	adv	pronominal adverb form of na + dit
4252	neuk	verb	first-person singular present indicative
4253	nora	name	a female given name
4254	adviseur	noun	an adviser; someone who gives advice, counsels
4255	opgehaald	verb	past participle of ophalen
4256	zesde	adj	sixth
4257	aankan	verb	first/third-person singular dependent-clause present indicative of aankunnen
4258	muis	noun	mouse (rodent); mouse (an input device to operate a computer by steering a cursor and clicking)
4259	lieveling	noun	favorite; darling
4260	respecteer	verb	first-person singular present indicative
4261	spieren	noun	plural of spier
4262	haak	noun	hook; bracket (for enclosing text or mathematical symbols)
4263	aangetrokken	verb	past participle of aantrekken
4264	violet	noun	violet, a purplish colour
4265	wijsheid	noun	wisdom; maxim, saying, adage, concise nugget of wisdom
4266	herstel	noun	recovery; restoration, repair
4267	nachtmerries	noun	plural of nachtmerrie
4268	connectie	noun	connection (between people)
4269	gehoopt	verb	past participle of hopen
4270	ticket	noun	ticket or voucher
4271	eenvoudige	adj	masculine/feminine singular attributive
4272	blanken	verb	to glow in a white or pallid colour
4273	harten	noun	plural of hart
4274	verzorgen	verb	to take care of, to look after, to nurse
4275	gedicht	noun	poem
4276	inzien	verb	to realise (UK); realize (US)
4277	kap	noun	cap; cover
4278	knal	noun	bang, short loud sound, crash
4279	intussen	adv	meanwhile, in the meantime
4280	kleinzoon	noun	grandson (son of someone's child)
4281	verzetten	verb	to move, to shift to another position
4282	jaagt	verb	second/third-person singular present indicative
4283	eis	noun	requirement; demand
4284	buitenland	noun	all foreign countries, collectively; anything abroad
4285	ongeacht	prep	regardless of
4286	g	noun	a unit of gravitational acceleration
4287	krijt	noun	chalk; a piece of chalk (in the diminutive form)
4288	oven	noun	oven, furnace
4289	gps	noun	global positioning system (as a system)
4290	januari	noun	January
4291	benjamin	name	Benjamin (Biblical character, mythological son of Jacob)
4292	roos	noun	rose, ornamental plant of the genus Rosa
4293	leuks	adj	partitive of leuk
4294	denise	name	a female given name, equivalent to English Denise
4295	zachte	adj	masculine/feminine singular attributive
4296	air	noun	air, pretension or pretentious attitude
4297	grondig	adj	thorough
4298	bestuurder	noun	driver; manager
4299	vallei	noun	valley
4300	aanvaarden	verb	to accept
4301	heden	adv	today; presently
4302	hieraan	adv	pronominal adverb form of aan + dit
4303	achtervolgen	verb	to pursue
4304	database	noun	database
4305	weddenschap	noun	wager, bet
4306	dc	noun	initialism of districtscommissaris (“district commissioner”)
4307	australië	name	Australia
4308	achterlijk	adj	backwards, idiotic, stupid, moronic
4309	vereerd	verb	past participle of vereren
4310	receptie	noun	reception (front desk)
4311	stoort	verb	second/third-person singular present indicative
4312	menu	noun	menu
4313	opende	verb	singular past indicative
4314	klere	noun	cholera
4315	klooster	noun	cloister, monastery
4316	oogje	noun	diminutive of oog
4317	voorstelling	noun	show, performance
4318	gestaan	verb	past participle of staan
4319	gebeurtenis	noun	event, occasion, occurrence
4320	hoofden	noun	plural of hoofd
4321	balans	noun	balance, scales for weighing
4322	uitspraak	noun	pronunciation; judgment, decision
4323	l	noun	Short for lul or any other word starting with an l.
4324	logeren	verb	to stay (board, lodge)
4325	schrik	noun	shock, sudden fear or dread
4326	medewerkers	noun	plural of medewerker
4327	tatoeage	noun	tattoo
4328	visioen	noun	vision (something dreamlike or imaginary thought to be seen; mystical experience)
4329	dealer	noun	dealer (seller of automobiles)
4330	nieuwste	adj	masculine/feminine singular attributive
4331	dekmantel	noun	coverup (only used figuratively), guise, facade
4332	scheppen	verb	to create
4333	guy	noun	guy
4334	overtuigend	verb	present participle of overtuigen
4335	specifiek	adj	specific
4336	knopen	verb	to tie with a knot
4337	ranch	noun	ranch
4338	boter	noun	butter, a spread made from churned milk
4339	golven	verb	to wave, to move like a wave or in waves, to undulate
4340	belasting	noun	strain, burden, load
4341	ridder	noun	knight; a champion
4342	tanks	noun	plural of tank
4343	bezoekers	noun	plural of bezoeker
4344	waaronder	adv	pronominal adverb form of onder + wat
4345	gewoond	verb	past participle of wonen
4346	speciaals	adj	partitive of speciaal
4347	diploma	noun	diploma
4348	liter	noun	litre
4349	ontwikkeling	noun	development
4350	wandeling	noun	walk, ramble; hike, long walk
4351	handboeien	noun	plural of handboei
4352	zielige	adj	indefinite masculine and feminine singular
4353	inwoners	noun	plural of inwoner
4354	stoere	adj	indefinite masculine and feminine singular
4355	rechterhand	noun	right hand, part of the arm
4356	geluiden	noun	plural of geluid
4357	achterdeur	noun	back door
4358	mode	noun	fashion, trend
4359	afspraken	noun	plural of afspraak
4360	groepen	noun	plural of groep
4361	teleur	adv	to a loss, to waste
4362	behandel	verb	first-person singular present indicative
4363	banken	noun	plural of bank
4364	hecht	adj	tight, close-knit
4365	springt	verb	second/third-person singular present indicative
4366	blonde	adj	masculine/feminine singular attributive
4367	ex-vrouw	noun	ex-wife
4368	unieke	adj	masculine/feminine singular attributive
4369	litteken	noun	scar
4370	tapijt	noun	carpet (a fabric used as a floor covering)
4371	kunstenaar	noun	artist
4372	flessen	verb	to scam, to con
4373	blond	adj	blond, fair; of light color
4374	systemen	noun	plural of systeem
4375	schurk	noun	scoundrel, villain
4376	claudia	name	a female given name
4377	teleurstellen	verb	to disappoint
4378	termijn	noun	term, period; deadline
4379	eindigde	verb	singular past indicative
4380	beschrijving	noun	description
4381	onderschat	verb	first/second/third-person singular present indicative
4382	kloten	verb	to mess, to screw around (to waste time)
4383	slangen	noun	plural of slang
4384	nader	adj	closer, more nearby
4385	rent	verb	second/third-person singular present indicative
4386	gebieden	verb	to command, order
4387	publieke	adj	indefinite masculine and feminine singular
4388	maatschappij	noun	company; society
4389	opletten	verb	to pay attention
4390	positieve	adj	masculine/feminine singular attributive
4391	vette	adj	masculine/feminine singular attributive
4392	romantische	adj	masculine/feminine singular attributive
4393	organen	noun	plural of orgaan
4394	beledigen	verb	to offend
4395	loser	noun	loser
4396	cake	noun	pound cake
4397	bestuderen	verb	to study, investigate
4398	stort	noun	a place where waste or garbage is left, a dump
4399	stalen	adj	steel, made of steel
4400	varkens	noun	plural of varken
4401	verberg	verb	first-person singular present indicative
4402	spook	noun	phantom, ghost; spectre, horror, terror
4403	hierop	adv	subsequently, following this
4404	ezel	noun	donkey, ass (Equus asinus or Equus asinus asinus)
4405	jongeren	noun	plural of jongere
4406	geïdentificeerd	verb	past participle of identificeren
4407	diagnose	noun	diagnosis
4408	geroepen	verb	past participle of roepen
4409	kijkje	noun	diminutive of kijk
4410	spijtig	adj	regrettable
4411	duim	noun	thumb, the innermost finger
4412	vertelden	verb	plural past indicative
4413	tientallen	noun	plural of tiental
4414	economie	noun	economics; economy
4415	weerstaan	verb	to resist, withstand
4416	gebruikelijke	adj	masculine/feminine singular attributive
4417	gigantische	adj	masculine/feminine singular attributive
4418	finale	noun	a final, e.g. the end-round in a competition
4419	gezegend	verb	past participle of zegenen
4420	directe	adj	masculine/feminine singular attributive
4421	gewist	verb	past participle of wissen
4422	beweren	verb	to claim, to assert, to allege
4423	hechtenis	noun	custody, detention
4424	raadsel	noun	riddle; mystery
4425	langzamer	adj	comparative degree of langzaam
4426	waardeloze	adj	masculine/feminine singular attributive
4427	spionnen	noun	plural of spion
4428	stoelen	verb	To rest, be based/ founded, on something (such as an argumentation)
4429	beschaving	noun	civilization (organised culture encompassing many communities)
4430	erna	adv	pronominal adverb form of na + het
4431	bedriegen	verb	to deceive; to cheat on one's significant other
4432	foute	adj	masculine/feminine singular attributive
4433	oranje	adj	orange
4434	verbind	verb	first-person singular present indicative
4435	wijk	noun	neighborhood; district
4436	traag	adj	slow
4437	eeuwigheid	noun	eternity
4438	eerlijkheid	noun	honesty; fairness, justness
4439	woonkamer	noun	living room
4440	hot	adj	right, on the right side
4441	bereiden	verb	to prepare (particularly of food and drink)
4442	vreemdeling	noun	stranger (unfamiliar person hailing from elsewhere)
4443	goedgekeurd	verb	past participle of goedkeuren
4444	serveerster	noun	waitress
4445	fysieke	adj	masculine/feminine singular attributive
4446	dappere	adj	masculine/feminine singular attributive
4447	omkleden	verb	to get changed, to change clothes, to reclothe
4448	sire	noun	sire, lofty form of address for a ruling Monarch
4449	haai	noun	a shark, fish of the superorder Selachimorpha
4450	ademhalen	verb	to breathe
4451	zakenman	noun	a businessman, a man in business, one involved in commercial enterprise
4452	geopereerd	verb	past participle of opereren
4453	grijze	adj	masculine/feminine singular attributive
4454	daten	verb	to date
4455	kwijtraken	verb	to lose, to cause (something) to cease to be in one's possession or capability
4456	lengte	noun	length; height (of a person)
4457	vereist	verb	second/third-person singular present indicative
4458	lijnen	verb	to draw lines; to form a line, to be on (a) line(s)
4459	ontwerp	noun	design, plan, draft
4460	betrekken	verb	to involve, to implicate
4461	ongewoon	adj	unusual
4462	elders	adv	elsewhere
4463	duister	adj	dark; bleak; gloomy
4464	bepaalt	verb	second/third-person singular present indicative
4465	zilveren	adj	silvern, silver; made of silver
4466	ondervraagd	verb	past participle of ondervragen
4467	handdoek	noun	a towel, a cloth used for drying (sometimes for cleaning) one's hands
4468	expres	adv	on purpose, deliberately
4469	luchthaven	noun	airport
4470	coke	noun	coke (type of processed carbon used as fuel)
4471	lerares	noun	female teacher
4472	origineel	adj	original
4473	dosis	noun	dose
4474	e-mails	noun	plural of e-mail
4475	machtig	adj	powerful (having or capable of exerting power potency or influence)
4476	voegen	verb	to place, to put
4477	mietje	noun	male homosexual
4478	gekust	verb	past participle of kussen
4479	inhoud	noun	content; contents
4480	ego	noun	ego, self
4481	nare	adj	masculine/feminine singular attributive
4482	waardevol	adj	valuable, useful
4483	voorkant	noun	front
4484	hopeloos	adj	hopeless
4485	afgemaakt	verb	past participle of afmaken
4486	avondeten	noun	supper, dinner, evening meal
4487	uiterste	adj	masculine/feminine singular attributive
4488	spaanse	noun	female Spanish person
4489	realiseer	verb	first-person singular present indicative
4490	blad	noun	a leaf (of a plant)
4491	geel	adj	yellow
4492	bewaakt	verb	second/third-person singular present indicative
4493	negeer	verb	first-person singular present indicative
4494	snor	noun	moustache
4495	eed	noun	oath
4496	klopte	verb	singular past indicative
4497	academie	noun	academy
4498	afzetten	verb	to take off (an item of clothing)
4499	gewassen	verb	past participle of wassen
4500	verlopen	verb	to proceed, to go by
4501	voorouders	noun	plural of voorouder
4502	dreiging	noun	threat
4503	linker	adj	left
4504	record	noun	a record, a best achievement
4505	vertrouwd	adj	familiar
4506	dieet	noun	diet
4507	hoorzitting	noun	hearing (proceeding for hearing arguments and discussion)
4508	bliksem	noun	lightning
4509	knoop	noun	button (knob or small disc serving as a fastener)
4510	duwde	verb	singular past indicative
4511	revolver	noun	revolver
4512	wissen	verb	to erase
4513	supermarkt	noun	supermarket
4514	gevechten	noun	plural of gevecht
4515	ploeg	noun	plough; team; crew
4516	voormalige	adj	masculine/feminine singular attributive
4517	samenzwering	noun	conspiracy
4518	kappen	verb	to chop, as with an axe
4519	zachtjes	adv	diminutive of zacht; softly, gently, quietly
4520	handje	noun	diminutive of hand
4521	stadje	noun	diminutive of stad
4522	lakens	noun	plural of laken
4523	tieners	noun	plural of tiener
4524	vrijgezel	noun	a bachelor, unmarried (adult or adolescent) male
4525	beschoten	verb	plural past indicative
4526	boeit	verb	second/third-person singular present indicative
4527	voorwaarde	noun	condition, requirement
4528	carmen	name	a female given name
4529	hiernaast	adv	pronominal adverb form of naast + dit
4530	instappen	verb	to get in
4531	geweigerd	verb	past participle of weigeren
4532	schilderijen	noun	plural of schilderij
4533	gestudeerd	verb	past participle of studeren
4534	activiteit	noun	activity (state of being active)
4535	opgeroepen	verb	past participle of oproepen
4536	uurtje	noun	diminutive of uur
4537	zilver	noun	silver; argent, i.e. white
4538	medaille	noun	a medal (stamped metal disc awarded as a prize)
4539	stoute	adj	masculine/feminine singular attributive
4540	weetje	noun	tip; a fun fact, an interesting bit of trivia
4541	letters	noun	plural of letter
4542	pappie	noun	daddy, dad
4543	doodstraf	noun	death sentence, capital punishment
4544	herrie	noun	racket, loud noise (usually unwanted)
4545	principe	noun	principle
4546	leve	verb	singular present subjunctive of leven
4547	cd	noun	CD, compact disc
4548	samenwerking	noun	cooperation, working together, collaboration
4549	microfoon	noun	microphone
4550	bewonder	verb	first-person singular present indicative
4551	pissen	verb	to piss
4552	fris	adj	fresh, refreshing
4553	sperma	noun	sperm, semen (fluid animal seed)
4554	reeks	noun	a series, a sequence
4555	oneerlijk	adj	dishonest; unfair, unjust
4556	dergelijke	det	masculine/feminine singular attributive
4557	boten	verb	to hit; to knock the seeds out of a flax plant
4558	mol	noun	a mole, any insectivore of the family Talpidae
4559	zonsondergang	noun	sunset
4560	opera	noun	opera
4561	afwachten	verb	to wait (for), to await
4562	saus	noun	sauce (liquid condiment, usually of more than watery consistency)
4563	borden	noun	plural of bord
4564	campus	noun	campus
4565	seriemoordenaar	noun	serial killer
4566	olifant	noun	elephant
4567	grof	adj	rough, coarse; rude, very blunt
4568	bevatten	verb	to contain; to comprehend
4569	t-shirt	noun	T-shirt
4570	geboekt	verb	past participle of boeken
4571	verrassingen	noun	plural of verrassing
4572	munt	noun	coin; currency
4573	blut	adj	without money, broke, bankrupt
4574	geschokt	verb	past participle of schokken
4575	agressief	adj	aggressive
4576	vest	noun	fortified wall, city wall
4577	rondhangen	verb	to hang around, to loiter
4578	merkte	verb	singular past indicative
4579	vrezen	verb	to fear
4580	psychopaat	noun	psychopath
4581	aanpak	noun	an approach, the manner in which a problem is analyzed and solved or policy is made
4582	hemd	noun	a shirt (article of clothing)
4583	overdosis	noun	overdose
4584	bonen	noun	plural of boon
4585	stella	name	a female given name from Latin
4586	geleverd	verb	past participle of leveren
4587	belooft	verb	second/third-person singular present indicative
4588	schapen	noun	plural of schaap
4589	uitgelegd	verb	past participle of uitleggen
4590	vrijuit	adv	frankly, freely
4591	boem	intj	boom
4592	saaie	adj	masculine/feminine singular attributive
4593	geregistreerd	verb	past participle of registreren
4594	visie	noun	vision
4595	eronder	adv	pronominal adverb form of onder + het
4596	hare	pron	non-attributive form of haar; hers
4597	grappige	adj	masculine/feminine singular attributive
4598	tegenovergestelde	noun	opposite (something contrary, antonym)
4599	pakhuis	noun	warehouse
4600	invasie	noun	military invasion
4601	koste	verb	singular present subjunctive of kosten
4602	kroeg	noun	a pub
4603	honkbal	noun	baseball (sport)
4604	opslag	noun	storage; raise (in wages)
4605	puppy	noun	puppy (young dog)
4606	voordelen	noun	plural of voordeel
4607	halverwege	adv	halfway through
4608	tand	noun	natural tooth, more specifically incisor
4609	vaag	adj	vague, hazy; odd, weird
4610	geland	verb	past participle of landen
4611	ontmoetten	verb	plural past indicative
4612	kraken	verb	to crack, break open (a shell)
4613	comfortabel	adj	comfortable
4614	ongelijk	adj	unequal, different
4615	overhoop	adv	upside down (in great disorder)
4616	geil	adj	voluptuous, lusty
4617	verscheen	verb	singular past indicative of verschijnen
4618	gezag	noun	authority
4619	naderen	verb	to approach
4620	butler	noun	a butler (chief male servant of a household; valet; booze manservant)
4621	schijf	noun	disk; a slice
4622	jonas	name	Jonah; a male given name
4623	jarige	noun	person whose birthday it is; birthday girl, birthday boy; birthday kid
4624	verbroken	verb	past participle of verbreken
4625	shuttle	noun	a space shuttle
4626	twijfels	noun	plural of twijfel
4627	jood	noun	Jew (adherent of Judaism)
4628	geloofd	verb	past participle of loven
4629	cash	noun	cash
4630	ladder	noun	a ladder; a ladder, a run (length of unravelled fabric)
4631	onderdelen	noun	plural of onderdeel
4632	allergisch	adj	allergic
4633	gemakkelijker	adj	comparative degree of gemakkelijk
4634	zakelijk	adj	to the point, succinct
4635	goedkeuring	noun	approval
4636	uitgemaakt	verb	past participle of uitmaken
4637	beschuldigingen	noun	plural of beschuldiging
4638	trip	noun	a trip, a short excursion, a vacation, travelling
4639	hetgeen	pron	that which, which, what
4640	verontschuldig	verb	first-person singular present indicative
4641	sloten	noun	plural of slot; plural of sloot
4642	blote	adj	masculine/feminine singular attributive
4643	bloot	adj	bare, naked, nude
4644	uitkijken	verb	to watch (something) until the end
4645	anonieme	adj	masculine/feminine singular attributive
4646	losse	noun	chain stitch
4647	verbannen	verb	to banish, exile
4648	aangepast	adj	adapted; modified, edited
4649	wrak	noun	wreck, wreckage (remains of a vehicle, vessel, aircraft or other piece of machinery)
4650	raakten	verb	plural past indicative
4651	potje	noun	diminutive of pot
4652	beren	noun	plural of beer
4653	poesje	noun	diminutive of poes
4654	bewegingen	noun	plural of beweging
4655	diverse	adj	masculine/feminine singular attributive
4656	voorwerp	noun	a physical object
4657	bezittingen	noun	plural of bezitting
4658	klassieke	adj	masculine/feminine singular attributive
4659	omheen	circumpos	around
4660	ontdekking	noun	discovery
4661	document	noun	document
4662	verschijnt	verb	second/third-person singular present indicative
4663	klem	noun	clamp
4664	zombie	noun	zombie
4665	oordelen	verb	to judge
4666	zweren	verb	to swear, pledge, declare under oath
4667	criminele	adj	masculine/feminine singular attributive
4668	ingetrokken	verb	past participle of intrekken
4669	rugzak	noun	rucksack, backpack
4670	alfa	noun	Historically used in educational contexts to denote a humanistic orientation.
4671	tests	noun	plural of test
4672	bukken	verb	to duck, to bend down
4673	jongere	adj	masculine/feminine singular attributive
4674	parfum	noun	a perfume, a luxury product providing a fragrant scent
4675	begeleiden	verb	to accompany; to guide, oversee
4676	dj	noun	DJ, disc jockey
4677	plaatje	noun	diminutive of plaat
4678	party	noun	party; a social gathering for celebration or fun, often in a nightlife setting.
4679	verdwijning	noun	disappearance
4680	weefsel	noun	tissue (e.g. living tissue)
4681	keert	verb	second/third-person singular present indicative
4682	absurd	adj	absurd
4683	ultieme	adj	masculine/feminine singular attributive
4684	erica	name	a village in Emmen, Drenthe, Netherlands
4685	v	adj	abbreviation of vrouwelijk (“feminine”)
4686	verbinden	verb	to connect, link up
4687	ingezet	adj	encrusted
4688	nabij	prep	near
4689	toegewezen	verb	past participle of toewijzen
4690	zake	noun	dative singular of zaak
4691	dozijn	noun	dozen, twelve
4692	parkeren	verb	to park, halt and leave a vehicle in a spot
4693	tegemoet	adv	towards; towards, heading for
4694	koffers	noun	plural of koffer
4695	bewoners	noun	plural of bewoner
4696	intelligentie	noun	intelligence (capacity of mind)
4697	hierdoor	adv	pronominal adverb form of door + dit
4698	m.	noun	abbreviation of mark
4699	kleden	verb	to dress; to fit someone, to suit someone (of a piece of clothing)
4700	heftig	adj	intense, heavy
4701	gil	noun	scream
4702	rapporten	noun	plural of rapport
4703	rozen	noun	plural of roos
4704	gastheer	noun	host (someone who receives guests)
4705	ontvoeren	verb	to kidnap, to abduct (to seize and detain a person unlawfully)
4706	verondersteld	verb	past participle of veronderstellen
4707	hans	name	a diminutive of the male given name Johannes
4708	feestjes	noun	plural of feestje
4709	geactiveerd	verb	past participle of activeren
4710	hoopt	verb	second/third-person singular present indicative
4711	erfenis	noun	estate, inheritance
4712	bovenste	adj	masculine/feminine singular attributive
4713	rechercheurs	noun	plural of rechercheur
4714	plank	noun	shelf; plank
4715	dun	adj	thin, slender; sparse
4716	anderhalf	num	one and a half
4717	boete	noun	fine, financial penalty
4718	alfred	name	a male given name
4719	assistente	noun	female equivalent of assistent
4720	vernietig	verb	first-person singular present indicative
4721	opgeruimd	verb	past participle of opruimen
4722	regisseur	noun	director (of film, TV, or theater)
4723	zooi	noun	mess, chaos; things, a huge quantity of stuff
4724	platen	noun	plural of plaat
4725	logboek	noun	logbook, journal
4726	zestien	num	sixteen
4727	zuiver	adj	pure; clean, tidy
4728	executie	noun	execution (act, process or manner of putting something into practice)
4729	vrouwe	noun	noblewoman; esteemed woman
4730	zuur	adj	sour; acidic
4731	geluisd	verb	past participle of luizen
4732	forensisch	adj	legal, pertaining to courts or trials
4733	lucifer	noun	match (device to make fire)
4734	kuste	verb	singular past indicative
4735	piloten	noun	plural of piloot
4736	kippen	noun	plural of kip
4737	bon	noun	receipt; ticket, fine (e.g. for speeding)
4738	slepen	verb	to drag, tow; to slide
4739	stijgen	verb	to climb, to go up, to rise
4740	krijger	noun	warrior
4741	vera	name	a female given name
4742	freak	noun	freak (oddball)
4743	gejat	verb	past participle of jatten
4744	leefden	verb	plural past indicative
4745	magazijn	noun	storeroom, storehouse, depot, now especially of a store or workshop
4746	buit	noun	the spoil, booty taken by violence, as in war
4747	onschuld	noun	innocence
4748	omgaat	verb	second/third-person singular dependent-clause present indicative of omgaan
4749	buitengewoon	adj	extraordinary
4750	uitgeven	verb	to spend; to publish
4751	andersom	adv	the other way around
4752	bedrog	noun	deception, fraud
4753	sociaal	adj	social
4754	pijpen	verb	to fellate, to blow, to suck
4755	haaien	noun	plural of haai
4756	glorie	noun	glory, great beauty, renown or splendour
4757	ouderwets	adj	old-fashioned
4758	bezitten	verb	to own, to possess
4759	deelt	verb	second/third-person singular present indicative
4760	breuk	noun	fracture, break
4761	huiszoekingsbevel	noun	a search warrant
4762	kenteken	noun	license plate number
4763	marinier	noun	marine
4764	onderzoekt	verb	second/third-person singular present indicative
4765	merkt	verb	second/third-person singular present indicative
4766	schreeuwt	verb	second/third-person singular present indicative
4767	meemaken	verb	to participate in, attend
4768	aandeel	noun	contribution, part
4769	weiger	verb	first-person singular present indicative
4770	kabel	noun	cable; cable television
4771	scoren	verb	to score (a certain amount of points)
4772	beïnvloeden	verb	to influence; to manipulate, to interact
4773	overtreding	noun	transgression, violation
4774	bescheiden	adj	modest, humble, unassuming
4775	financiën	noun	finances
4776	synchronisatie	noun	synchronization
4777	gold	verb	singular past indicative of gelden
4778	vluchtte	verb	singular past indicative
4779	koppen	verb	to strike with the head; as in soccer, to head (the ball)
4780	krachtige	adj	masculine/feminine singular attributive
4781	groeide	verb	singular past indicative
4782	artiest	noun	artist
4783	vernietiging	noun	destruction
4784	wagens	noun	plural of wagen
4785	voorlezen	verb	to read aloud
4786	aanklachten	noun	plural of aanklacht
4787	jongste	adj	masculine/feminine singular attributive
4788	italiaans	adj	Italian
4789	bizar	adj	bizarre
4790	gelijke	noun	an equal, e.g. in rank, experience, prestige
4791	brandweer	noun	firefighting, fire department, fire brigade
4792	vochten	verb	plural past indicative
4793	tijdperk	noun	age, era
4794	divisie	noun	division (specific senses)
4795	overhalen	verb	to talk over, talk into, persuade
4796	drukke	adj	masculine/feminine singular attributive
4797	ingenomen	verb	past participle of innemen
4798	meenam	verb	singular dependent-clause past indicative of meenemen
4799	zuid	adv	south; southwards
4800	steel	noun	stem (of a plant)
4801	besturen	verb	to steer; to operate
4802	rolstoel	noun	wheelchair
4803	geliefden	verb	plural past indicative
4804	zoet	adj	sweet-tasting; sweet, pleasant
4805	vliegende	verb	masculine/feminine singular attributive
4806	uitgegeven	verb	past participle of uitgeven
4807	sessie	noun	session
4808	spuit	noun	spout; syringe
4809	theo	name	a male given name, equivalent to English Theo
4810	schotland	name	Scotland (a constituent country of the United Kingdom)
4811	ruimteschip	noun	spaceship
4812	zonsopgang	noun	sunrise
4813	rijkdom	noun	wealth; prosperity
4814	overtreden	verb	to break, to transgress, to violate
4815	complex	adj	complex (composite)
4816	gevlogen	verb	past participle of vliegen
4817	conditie	noun	condition, state
4818	samenleving	noun	society; cohabitation
4819	verzekerd	verb	past participle of verzekeren
4820	herkend	verb	past participle of herkennen
4821	steunt	verb	second/third-person singular present indicative
4822	khan	noun	a khan (Turkic, Tatar or Mongolic ruler)
4823	resten	noun	plural of rest
4824	veroordelen	verb	to condemn, convict
4825	betrouwbaar	adj	trustworthy, reliable
4826	vlam	noun	flame; love interest, partner
4827	werknemer	noun	an employee
4828	chinezen	noun	plural of Chinees
4829	tweemaal	adv	twice, two times
4830	rang	noun	rank
4831	mille	noun	grand (sum of the value of 1,000 monetary units)
4832	tekening	noun	drawing
4833	idiote	adj	indefinite masculine/feminine singular
4834	zelfverdediging	noun	self-defense (US), self-defence (Commonwealth)
4835	losgeld	noun	ransom, ransom money
4836	vervoer	noun	the act or process of transporting; transportation
4837	aas	noun	bait; carrion
4838	moois	adj	partitive of mooi
4839	bijnaam	noun	nickname
4840	lola	name	a female given name from Spanish
4841	binnenkwam	verb	singular dependent-clause past indicative of binnenkomen
4842	uiterst	adj	extreme, utmost
4843	verzamel	verb	first-person singular present indicative
4844	persoonlijkheid	noun	personality, character (distinctive psychological traits of a person)
4845	ritueel	adj	ritual
4846	nadert	verb	second/third-person singular present indicative
4847	salade	noun	salad (a food made primarily of a mixture of raw ingredients, typically vegetables)
4848	ringen	noun	plural of ring
4849	obsessie	noun	obsession
4850	stank	noun	stench
4851	vermoedelijk	adj	presumable, probable
4852	zinken	verb	to sink
4853	bestrijden	verb	to combat, suppress, fight against
4854	inzicht	noun	insight, understanding, intuition
4855	gids	noun	guide (person guiding others)
4856	zong	verb	singular past indicative of zingen
4857	delta	noun	the Greek letter delta
4858	menen	verb	to think; to have an opinion or assumption
4859	single	noun	a single; a single (person without a romantic partner)
4860	hoede	noun	heed, guard, alertness
4861	bezeten	adj	possessed; obsessed
4862	tragisch	adj	tragic
4863	opnames	noun	plural of opname
4864	gemiddelde	noun	average, mean
4865	eend	noun	A duck, waterfowl of the family Anatidae excluding the subfamily Anserinae
4866	uitdrukking	noun	expression, act or process of expressing something
4867	anoniem	adj	anonymous, without an (acknowledged) name
4868	martelen	verb	to torture, to torment
4869	re	noun	re (second note of a major scale)
4870	kane	verb	singular present subjunctive of kanen
4871	vastgehouden	verb	past participle of vasthouden
4872	leken	noun	plural of leek
4873	gebonden	adj	tied-up, having no freedom, bound, constrained
4874	site	noun	web site; archaeological site
4875	stijgt	verb	second/third-person singular present indicative
4876	verrassend	adj	surprising
4877	afdruk	noun	print (something printed with a printer or printing press)
4878	ziezo	intj	voilà
4879	verschillen	verb	to differ
4880	huurde	verb	singular past indicative
4881	dog	noun	a large dog, especially one of certain breeds
4882	egypte	name	Egypt (a country in North Africa and West Asia)
4883	signalen	noun	plural of signaal
4884	bladeren	verb	to leaf, to grow leaves
4885	bedreigde	verb	singular past indicative
4886	phoenix	name	Phoenix
4887	droge	adj	masculine/feminine singular attributive
4888	stoot	noun	a jab, punch, blow
4889	diamant	noun	diamond (substance)
4890	conclusie	noun	conclusion; opinion
4891	verbeelding	noun	imagination (image-making faculty of the mind)
4892	sneed	verb	singular past indicative of snijden
4893	druppel	noun	drop, dribble, droplet
4894	armband	noun	bracelet
4895	ham	noun	ham (cured pork from the thigh of a swine)
4896	proficiat	intj	congratulations!
4897	beland	verb	first-person singular present indicative
4898	scenario	noun	scenario (screenplay, plot outline)
4899	schatten	verb	to estimate; to appraise
4900	schrok	verb	singular past indicative of schrikken
4901	ironisch	adj	ironic, ironical
4902	polen	noun	plural of pool
4903	fooi	noun	a gift of money (often for people such as artists and beggars in places like city centers)
4904	afgezet	verb	past participle of afzetten
4905	verdrinken	verb	to drown (to (cause to) die of suffocation while submerged)
4906	bestelling	noun	order
4907	vuilnis	noun	rubbish, trash, garbage; (especially) waste products (to be) disposed off
4908	betaling	noun	payment
4909	gevoelige	adj	indefinite masculine and feminine singular
4910	voormalig	adj	former
4911	brutaal	adj	impudent, insolent, brazen
4912	identificatie	noun	identification
4913	verdronken	verb	plural past indicative
4914	rechte	adj	masculine/feminine singular attributive
4915	schuldgevoel	noun	feeling of guilt
4916	vooraf	adv	beforehand
4917	ontvangt	verb	second/third-person singular present indicative
4918	meewerken	verb	to cooperate
4919	opgeschreven	verb	past participle of opschrijven
4920	bloeding	noun	bleeding
4921	onthullen	verb	to reveal, to uncover
4922	beoordelen	verb	to evaluate, to assess, to judge
4923	gezworen	verb	past participle of zweren
4924	zachter	adj	comparative degree of zacht
4925	lastige	adj	masculine/feminine singular attributive
4926	zoons	noun	plural of zoon
4927	uitzending	noun	broadcast, also programme or episode
4928	wang	noun	cheek
4929	ziekenboeg	noun	sick bay
4930	metalen	adj	metallic, metal -, made of metal or resembling it in color or other properties
4931	instituut	noun	institute (establishment serving a particular purpose)
4932	afleggen	verb	to cover (e.g. a distance)
4933	gedreven	verb	past participle of drijven
4934	winkels	noun	plural of winkel
4935	verschillend	adj	different; various
4936	persen	verb	to press tight, to squeeze
4937	kameraad	noun	comrade; friend
4938	mishandeling	noun	physical abuse, mistreatment
4939	vormt	verb	second/third-person singular present indicative
4940	doorbraak	noun	breakthrough (act of breeching or breaking through something)
4941	patrouille	noun	patrol (going of the rounds)
4942	aanraakt	verb	second/third-person singular dependent-clause present indicative of aanraken
4943	persconferentie	noun	press conference
4944	februari	noun	February
4945	klachten	noun	plural of klacht
4946	rijst	noun	rice
4947	ongepast	adj	inappropriate
4948	uitrusting	noun	equipment
4949	danst	verb	second/third-person singular present indicative
4950	hap	noun	bite; chunk
4951	bastaard	noun	a bastard, person born to unmarried parents
4952	durfde	verb	singular past indicative
4953	koekje	noun	diminutive of koek
4954	wekken	verb	to wake, to wake up
4955	tickets	noun	plural of ticket
4956	regio	noun	region
4957	beker	noun	beaker, cup, chalice
4958	cola	noun	cola (drink)
4959	georgia	name	Georgia (a state in the Southern United States)
4960	verhogen	verb	to heighten; to increase
4961	budget	noun	a budget
4962	aliens	noun	plural of alien
4963	rustiger	adj	comparative degree of rustig
4964	fraude	noun	fraud
4965	specifieke	adj	masculine/feminine singular attributive
4966	neukt	verb	second/third-person singular present indicative
4967	voornamelijk	adv	mainly, mostly; predominantly
4968	uitgekozen	verb	past participle of uitkiezen
4969	aanzien	verb	to watch, to view
4970	ontbijten	verb	to breakfast, have breakfast
4971	ober	noun	waiter
4972	kilometers	noun	plural of kilometer
4973	bevestiging	noun	confirmation; attachment
4974	failliet	adj	bankrupt
4975	stikken	verb	to choke, suffocate
4976	buigen	verb	to bend; to bow
4977	verleiden	verb	to tempt; to seduce
4978	veroorzaakte	verb	singular past indicative
4979	toneel	noun	stage, scene, place for a performance in front of an assembled audience
4980	vang	noun	the brake wheel of a windmill, a brake
4981	kapper	noun	barber, hairdresser
4982	schuif	noun	drawer; bolt, to lock a door etc.
4983	object	noun	object, item; object
4984	geit	noun	goat, any member of the genus Capra
4985	aantekeningen	noun	plural of aantekening
4986	zeldzame	adj	masculine/feminine singular attributive
4987	hals	noun	the neck; the front side of the neck; throat
4988	baron	noun	baron, a specific aristocratic title
4989	smeren	verb	to smear, to rub a substance
4990	duidelijke	adj	indefinite masculine and feminine singular
4991	plafond	noun	ceiling; maximum, upper limit
4992	dien	det	masculine accusative/dative singular
4993	verkloot	verb	first/second/third-person singular present indicative
4994	album	noun	album (book of photographs, stamps, or autographs)
4995	gillen	verb	to yell, scream
4996	dvd	noun	DVD
4997	voorwaarts	adj	forward
4998	hinderlaag	noun	ambush
4999	mexicaanse	noun	female equivalent of Mexicaan (“Mexican”)
5000	drukte	noun	busyness; upheaval
5001	waardevolle	adj	masculine/feminine singular attributive
5002	zegene	verb	singular present subjunctive of zegenen
5003	zinnen	verb	to contemplate, to plot
5004	weggooien	verb	to throw away, discard
5005	woonden	verb	plural past indicative
5006	joods	adj	Jewish (concerning the Jewish religion)
5007	rustige	adj	masculine/feminine singular attributive
5008	trouwdag	noun	the wedding day, date when a couple weds each other, starting marriage
5009	bijl	noun	axe
5010	verwarring	noun	confusion
5011	woedend	verb	present participle of woeden
5012	meegaat	verb	second/third-person singular dependent-clause present indicative of meegaan
5013	zoete	verb	singular present subjunctive of zoeten
5014	toekijken	verb	to look on, to watch expecting something to occur
5015	connecties	noun	plural of connectie
5016	toppers	noun	plural of topper
5017	baantje	noun	diminutive of baan
5018	voicemail	noun	voicemail, voice mailbox (system)
5019	basketbal	noun	basketball (the sport)
5020	order	noun	order (command)
5021	ziekenhuizen	noun	plural of ziekenhuis
5022	piraten	noun	plural of piraat
5023	keertje	noun	diminutive of keer
5024	trakteer	verb	first-person singular present indicative
5025	magisch	adj	magical, controlled or determined by supernatural magic (not illusionism)
5026	toevoegen	verb	to add
5027	collectie	noun	collection
5028	den	noun	pine, pine tree
5029	storing	noun	malfunction; disruption
5030	tjonge	intj	An exclamation of (mild) surprise, wonder or amazement.
5031	romeo	noun	plainclothes or undercover police officer
5032	rondleiding	noun	guided tour
5033	routine	noun	routine
5034	oplichter	noun	imposter, fraud
5035	game	noun	a video game, an electronic game
5036	onderbreken	verb	to interrupt, disrupt, butt in
5037	gebaar	noun	gesture (act of gesticulating)
5038	eren	verb	to honor/honour, to pay homage/respects
5039	zuigen	verb	suck; vacuum, hoover
5040	zichtbaar	adj	visible
5041	non	noun	nun
5042	dankje	intj	gratitude, thanks
5043	knippen	verb	to cut with scissors
5044	room	noun	cream (of milk)
5045	duizelig	adj	dizzy, experiencing equilibrium-trouble
5046	rondom	prep	around, round, in the vicinity of
5047	spoken	verb	to haunt; to be stormy and wild
5048	ergs	adj	partitive of erg
5049	dertien	num	thirteen
5050	volwassene	noun	an adult, a full-grown human or animal
5051	tralies	noun	plural of tralie
5052	barst	noun	a crack, rip, tear
5053	methode	noun	method
5054	zitting	noun	meeting, session
5055	gekund	verb	past participle of kunnen
5056	ingelicht	verb	past participle of inlichten
5057	ingediend	verb	past participle of indienen
5058	dreigde	verb	singular past indicative
5059	voorsprong	noun	lead (e.g., in a race or in the polls)
5060	messen	noun	plural of mes
5061	probleempje	noun	diminutive of probleem
5062	afleiden	verb	to infer, deduce
5063	kikker	noun	a frog, relatively smooth amphibian of the order Anura
5064	afgaan	verb	to go off; to go down
5065	smeekte	verb	singular past indicative
5066	naakte	noun	naked person
5067	vriendelijke	adj	masculine/feminine singular attributive
5068	andermans	pron	someone else's
5069	opgemerkt	verb	past participle of opmerken
5070	samuel	name	Samuel (a Biblical figure; one of two books of the Bible)
5071	ontsnapping	noun	escape (act of leaving)
5072	klaag	verb	first-person singular present indicative
5073	opluchting	noun	relief
5074	indienen	verb	to offer, to hand in
5075	intact	adj	intact
5076	cadeaus	noun	plural of cadeau
5077	vrijlating	noun	release (act of letting free)
5078	auto-ongeluk	noun	car accident
5079	bol	noun	a sphere; a ball, globe or bulb
5080	republiek	noun	republic (type of state)
5081	close	adj	close (intimate or immediate in personal relationship)
5082	irritant	adj	annoying, causing irritation or annoyance; vexatious
5083	bevestigt	verb	second/third-person singular present indicative
5084	vervelende	adj	masculine/feminine singular attributive
5085	russisch	adj	Russian, referring to Russia
5086	veertien	num	fourteen
5087	kerkhof	noun	churchyard, a Christian cemetery
5088	generaties	noun	plural of generatie
5089	relevant	adj	relevant
5090	helena	name	a female given name, a Latinate variant of Heleen (=Helen)
5091	suite	noun	suite (group of interconnected rooms)
5092	vernield	verb	past participle of vernielen
5093	sfeer	noun	sphere, round object
5094	iris	noun	iris (coloured part of the eye)
5095	nesten	noun	plural of nest
5096	landing	noun	landing, touchdown of an airplane or any other airborne object
5097	goederen	noun	plural of goed
5098	luizen	verb	to pick the lice (from ...)
5099	alternatief	adj	alternative; alternative, deviant
5100	reist	verb	second/third-person singular present indicative
5101	vermaak	noun	entertainment, amusement
5102	gevormd	verb	past participle of vormen
5103	plaag	noun	plague
5104	term	noun	term; a word or phrase, especially one from a specialised area of knowledge
5105	lancering	noun	launch
5106	houten	adj	wooden, made of wood
5107	verkennen	verb	to explore
5108	ehm	intj	er, uh (expressing hesitation)
5109	ongedeerd	adj	unharmed, unhurt, unscathed
5110	rookt	verb	second-person (gij) singular past indicative of ruiken
5111	dutje	noun	a nap, a doze, a light sleep
5112	religie	noun	faith, religion, a system of beliefs dealing with soul, deity and/or life after death
5113	taken	verb	to take, to grasp
5114	verwarrend	adj	confusing
5115	vul	verb	first-person singular present indicative
5116	omwille	adv	only used in omwille van
5117	acteurs	noun	plural of acteur
5118	moeras	noun	swamp, morass
5119	werking	noun	working, functioning
5120	verbazen	verb	to amaze, befuddle
5121	ontvangst	noun	reception, welcome
5122	beleven	verb	to experience, live through, go through
5123	toonde	verb	singular past indicative
5124	ideale	adj	masculine/feminine singular attributive
5125	gezinnen	noun	plural of gezin
5126	medewerking	noun	cooperation (working together)
5127	pijl	noun	arrow, projectile
5128	trouwe	verb	singular present subjunctive of trouwen
5129	scheren	verb	to shave (reflexive pronouns are used for self-directed actions)
5130	schilden	verb	plural past indicative
5131	overgenomen	verb	past participle of overnemen
5132	geduwd	verb	past participle of duwen
5133	opgelucht	adj	relieved
5134	bedreigen	verb	to threaten (to pose a risk to)
5135	zwakte	noun	weakness
5136	tussentijd	noun	time in-between two events; meantime
5137	luchtmacht	noun	airforce
5138	uitzetten	verb	to expand; to turn off, switch off
5139	edgar	name	a male given name, equivalent to English Edgar
5140	echtgenote	noun	wife
5141	experimenten	noun	plural of experiment
5142	overduidelijk	adj	obvious
5143	littekens	noun	plural of litteken
5144	late	adj	masculine/feminine singular attributive
5145	stuurden	verb	plural past indicative
5146	hapje	noun	diminutive of hap
5147	zolder	noun	attic (space, often unfinished and with sloped walls, directly below the roof)
5148	bediende	noun	servant, low-ranking employee (any gender)
5149	recent	adj	recent
5150	tijdschrift	noun	magazine (periodical of which print instalments appear)
5151	gordel	noun	belt, a (typically leather) band worn around the waist
5152	voorspellen	verb	to predict, foresee, foretell, forespell
5153	uitpraten	verb	to finish talking, to say all one wishes to say
5154	senaat	noun	senate
5155	ontkomen	verb	to escape
5156	dringt	verb	second/third-person singular present indicative
5157	bioscoop	noun	cinema; movie theater
5158	mannetjes	noun	plural of mannetje
5159	slechterik	noun	baddie, bad guy, villain
5160	achterliet	verb	singular dependent-clause past indicative of achterlaten
5161	ondergaan	verb	to undergo, endure
5162	verkoper	noun	salesman, seller
5163	geaccepteerd	verb	past participle of accepteren
5164	gun	verb	first-person singular present indicative
5165	fotograaf	noun	photographer
5166	afgezien	verb	past participle of afzien
5167	geblokkeerd	verb	past participle of blokkeren
5168	villa	noun	mansion (large, (normally) expensive, sumptuous house)
5169	tunnels	noun	plural of tunnel
5170	bezorgt	verb	second/third-person singular present indicative
5171	makkelijke	adj	masculine/feminine singular attributive
5172	bocht	noun	a bend, curve, inflection, something not straight
5173	storten	verb	to dump, to deposit
5174	gebed	noun	prayer
5175	productie	noun	production (act or process of producing)
5176	vagina	noun	vagina
5177	geslacht	noun	sex; gender
5178	natte	adj	masculine/feminine singular attributive
5179	ondergang	noun	the setting (of the sun or moon)
5180	pony	noun	a pony, small horse breed
5181	vlammen	verb	to catch flames
5182	rechtop	adv	upright (erect)
5183	democratie	noun	democracy
5184	beslis	verb	first-person singular present indicative
5185	werpen	verb	to throw; to give birth
5186	blokken	verb	to cram, to study hard, to swot
5187	boog	noun	a bow (ranged weapon)
5188	tevoren	adv	previously
5189	opgeleid	verb	past participle of opleiden
5190	onderuit	adv	out from underneath (something)
5191	schaamte	noun	feeling of shame (uncomfortable or painful feeling)
5192	down	adj	down, depressed
5193	gehuurd	verb	past participle of huren
5194	voornaam	noun	first name
5195	scherpe	adj	masculine/feminine singular attributive
5196	dierentuin	noun	zoo
5197	worst	noun	sausage
5198	toegelaten	verb	past participle of toelaten
5199	schaduwen	verb	to shadow, tail, follow closely, like a shadow
5200	vergis	verb	first-person singular present indicative
5201	hoever	adv	proscribed univerbation of hoe ver
5202	inspiratie	noun	inspiration
5203	stevens	noun	plural of steven
5204	vuurwerk	noun	fireworks; military ordnance, in particular explosives and projectiles
5205	beveel	verb	first-person singular present indicative
5206	oost	adv	east; eastwards
5207	grijs	adj	grey, grey-colored
5208	afgelegen	adj	remote
5209	binnenkomt	verb	second/third-person singular dependent-clause present indicative of binnenkomen
5210	wedstrijden	noun	plural of wedstrijd
5211	poppen	verb	to play (games etc.) in general
5212	stier	noun	a bull; a male of certain mammals, in particular bovines
5213	inmiddels	adv	meanwhile, in the meantime
5214	hooguit	adv	at most
5215	eender	adj	same, alike, equal
5216	batterij	noun	battery, tactical artillery unit
5217	binden	verb	to tie; to wrap
5218	flirten	verb	to flirt; to grope sexually, to engage in foreplay
5219	stout	adj	naughty, disobedient, mischievous
5220	staken	verb	to strike, go on a strike
5221	huisarrest	noun	house arrest; grounding as a domestic punishment
5222	verblijven	verb	to stay, to reside (to remain in a particular place)
5223	aanzoek	noun	offer, proposal; especially a marriage proposal
5224	hardop	adv	out loud, aloud
5225	remmen	verb	to brake, slow down
5226	schijnen	verb	to shine; to appear, to seem
5227	genetische	adj	masculine/feminine singular attributive
5228	overleggen	verb	to talk over, discuss
5229	mijnen	verb	to mine (to excavate mineral resources)
5230	kamergenoot	noun	roommate
5231	toelaten	verb	to allow, tolerate
5232	ribben	noun	plural of rib
5233	ideaal	adj	ideal, perfect(ly fit); optimal
5234	cadeautjes	noun	plural of cadeautje
5235	conciërge	noun	concierge, janitor
5236	hotelkamer	noun	hotel room
5237	bedoelingen	noun	plural of bedoeling
5238	tekeningen	noun	plural of tekening
5239	koel	adj	cold, chilly (having a low temperature)
5240	pater	noun	father (as a religious title)
5241	inbreken	verb	to break in, to burglar, to burglarize
5242	materie	noun	matter
5243	oppervlak	noun	surface
5244	hertog	noun	duke
5245	overgeplaatst	verb	past participle of overplaatsen
5246	kapsel	noun	haircut, hairstyle, hairdo
5247	christina	name	a female given name
5248	software	noun	software (encoded computer instructions)
5249	bunker	noun	bunker (low-lying fortification built into the landscape)
5250	terugkom	verb	first-person singular dependent-clause present indicative of terugkomen
5251	gekkenhuis	noun	a madhouse, asylum for the insane
5252	bezorgdheid	noun	anxiety, concern
5253	teen	noun	toe; clove (of garlic)
5254	harte	noun	dative singular of hart
5255	keihard	adj	hard as a rock, extremely powerful
5256	florence	name	Florence
5257	binnengekomen	verb	past participle of binnenkomen
5258	waardigheid	noun	dignity, honour
5259	onzeker	adj	uncertain; insecure
5260	ingaan	verb	to enter, to go inside
5261	verwachtingen	noun	plural of verwachting
5262	bepaal	verb	first-person singular present indicative
5263	arbeiders	noun	plural of arbeider
5264	afkomstig	adj	originating
5265	goh	intj	gosh, gee
5266	gefilmd	verb	past participle of filmen
5267	schenk	verb	first-person singular present indicative
5268	onderwijs	noun	education
5269	veroveren	verb	to conquer
5270	toneelstuk	noun	play (artistic genre in which actors enact a story in front of a live audience)
5271	gideon	name	Gideon (biblical character)
5272	conflict	noun	a conflict, clash or dispute
5273	joel	verb	first-person singular present indicative
5274	nier	noun	a kidney; an animal kidney eaten as a food
5275	zwangerschap	noun	pregnancy
5276	opgepikt	verb	past participle of oppikken
5277	klim	noun	climb, act of climbing
5278	opgebouwd	verb	past participle of opbouwen
5279	codes	noun	plural of code
5280	glad	adj	smooth, polished
5281	ouderwetse	adj	masculine/feminine singular attributive
5282	onderdak	noun	lodging, shelter
5283	anton	name	a male given name
5284	smeer	noun	smear, a fat substance
5285	verkiezing	noun	election (by vote or ballot)
5286	ernaast	adv	pronominal adverb form of naast + het
5287	aangereden	verb	past participle of aanrijden
5288	business	noun	business (commercial activity or specific commercial enterprise)
5289	schandaal	noun	scandal
5290	aangehouden	verb	past participle of aanhouden
5291	waardig	adj	worthy; stately
5292	daders	noun	plural of dader
5293	realiseren	verb	to realize, to achieve, to bring about
5294	protest	noun	protest (occasion to express dissatisfaction)
5295	alien	noun	an alien, an extraterrestrial
5296	handschrift	noun	handwriting; manuscript
5297	verstuurd	verb	past participle of versturen
5298	voorhoofd	noun	forehead (part of face above eyebrows)
5299	spaar	verb	first-person singular present indicative
5300	publiciteit	noun	publicity
5301	aangifte	noun	declaration (taxes, customs, etc.)
5302	medeleven	noun	condolence
5303	verborg	verb	singular past indicative of verbergen
5304	bevinden	verb	to discover, to find
5305	onderhouden	verb	to maintain
5306	alf	noun	a type of folkloristic humanoid or spirit; an elf
5307	zevende	adj	seventh
5308	leraren	noun	plural of leraar
5309	terughalen	verb	to recall
5310	landgoed	noun	estate, manor; property
5311	formule	noun	formula; phrase, formulation
5312	onverwacht	adj	unexpected
5313	heuvels	noun	plural of heuvel
5314	griet	noun	godwit
5315	griep	noun	influenza, flu
5316	juridische	adj	masculine/feminine singular attributive
5317	gemarteld	verb	past participle of martelen
5318	runnen	verb	to run (a business or household)
5319	religieuze	adj	masculine/feminine singular attributive
5320	platteland	noun	country, countryside
5321	mulder	noun	a miller
5322	duik	noun	dive, the act of diving into the water
5323	afpakken	verb	to snatch, grab, take away
5324	gediend	verb	past participle of dienen
5325	broodjes	noun	plural of broodje
5326	griezelig	adj	creepy, frightening, grisly
5327	loyaal	adj	loyal
5328	volgorde	noun	order, ordering, sequence
5329	ondervraging	noun	questioning, interrogation
5330	politici	noun	plural of politicus
5331	gecreëerd	verb	past participle of creëren
5332	weggegooid	verb	past participle of weggooien
5333	aankomst	noun	arrival
5334	emmer	noun	bucket (container)
5335	exacte	adj	masculine/feminine singular attributive
5336	honing	noun	honey
5337	vermaken	verb	to entertain, to amuse
5338	misbruikt	verb	second/third-person singular present indicative
5339	doodgaat	verb	second/third-person singular dependent-clause present indicative of doodgaan
5340	herfst	noun	autumn, fall
5341	ongedaan	adj	undone
5342	zelfvertrouwen	noun	self-confidence
5343	sterkte	noun	strength; optical power, refractive power
5344	wetenschappelijke	adj	masculine/feminine singular attributive
5345	recherche	noun	criminal-investigation unit or department of a police force
5346	laboratorium	noun	laboratory
5347	geduldig	adj	patient (ability or willingness to accept or tolerate delays, problems, or suffering)
5348	gesprongen	verb	past participle of springen
5349	beroerte	noun	fit, stroke or seizure
5350	trainer	noun	trainer; coach
5351	uitgezet	verb	past participle of uitzetten
5352	thuiskomt	verb	second/third-person singular dependent-clause present indicative of thuiskomen
5353	fatsoenlijk	adj	decent
5354	zombies	noun	plural of zombie
5355	vergelijking	noun	comparison; equation
5356	natrekken	verb	to investigate if something is correct
5357	ontvang	verb	first-person singular present indicative
5358	althans	adv	at least, anyway, at any rate
5359	accepteert	verb	second/third-person singular present indicative
5360	gepast	adj	appropriate
5361	geparkeerd	verb	past participle of parkeren
5362	ondertekenen	verb	to sign, to put a signature under
5363	kolonie	noun	colony, dependent human settlement, state or territory
5364	gespaard	verb	past participle of sparen
5365	rooster	noun	grill, grid a metallic maze-structure; some things containing one
5366	vlek	noun	spot, stain, speck
5367	standpunt	noun	standpoint; point of view
5368	makkie	noun	breeze, cakewalk, cinch, doddle, piece of cake, walk in the park
5369	instelling	noun	institution; attitude
5370	plaatse	verb	singular present subjunctive of plaatsen
5371	vertrouwelijk	adj	confidential
5372	weegt	verb	second/third-person singular present indicative
5373	ward	name	a given name
5374	kleinkinderen	noun	plural of kleinkind
5375	duivels	adj	devilish
5376	diepte	noun	depth (quality of being deep)
5377	meldt	verb	second/third-person singular present indicative
5378	portefeuille	noun	wallet, billfold
5379	achteraf	adv	afterwards, in hindsight
5380	meubels	noun	plural of meubel
5381	slagveld	noun	battlefield; carnage, disaster area
5382	tijdelijke	adj	masculine/feminine singular attributive
5383	bind	verb	first-person singular present indicative
5384	tekent	verb	second/third-person singular present indicative
5385	opgelet	verb	past participle of opletten
5386	score	noun	score (number of points earned)
5387	onwaarschijnlijk	adj	improbable, unlikely, implausible
5388	produceren	verb	to produce (bring forth)
5389	buitenaards	adj	extraterrestrial, alien
5390	puin	noun	rubble, debris, wreckage; also as recycled building material
5391	achterste	adj	rearmost, hindmost
5392	bijen	noun	plural of bij
5393	aankleden	verb	to dress, put clothing on someone or something
5394	conferentie	noun	conference, convention
5395	oprotten	verb	to fuck off, get lost, go to hell
5396	extreme	adj	masculine/feminine singular attributive
5397	vos	noun	fox, carnivore of the tribe Vulpini
5398	acteren	verb	to act (to perform a theatrical or other dramatic role)
5399	fietsen	verb	to ride or cycle a bicycle, to bike
5400	gordijnen	noun	plural of gordijn
5401	discreet	adj	discreet (with discretion)
5402	beschouwd	verb	past participle of beschouwen
5403	opvoeden	verb	to raise, to bring up (a child)
5404	eilanden	noun	plural of eiland
5405	excellentie	noun	excellence, greatness
5406	bedrieger	noun	deceiver, cheater, fraudster
5407	vriendinnetje	noun	diminutive of vriendin
5408	slimste	adj	masculine/feminine singular attributive
5409	bazen	verb	to babble, to talk nonsense
5410	borgtocht	noun	suretyship; bail
5411	financieel	adj	financial
5412	besteed	verb	first-person singular present indicative
5413	zoen	noun	kiss, smooch; reconciliation, saught (act of reconciling or state of being reconciled)
5414	marcel	name	a male given name, equivalent to English Marcel
5415	garanderen	verb	to guarantee
5416	gedeeld	adj	divided into two equal parts vertically, per pale
5417	vleugel	noun	wing to fly with
5418	partijen	noun	plural of partij
5419	aardbeving	noun	earthquake
5420	inlichten	verb	to inform
5421	verklaringen	noun	plural of verklaring
5422	bespaar	verb	first-person singular present indicative
5423	stijve	adj	masculine/feminine singular attributive
5424	zwarten	noun	plural of zwarte
5425	stoned	adj	stoned, high (under the influence of drugs, especially recreational drugs)
5426	bezorg	verb	first-person singular present indicative
5427	tekende	verb	singular past indicative
5428	destijds	adv	then (at that time)
5429	valstrik	noun	snare, trap for catching animals or trespassers
5430	geliefd	adj	beloved, object of love
5431	omsingeld	verb	past participle of omsingelen
5432	overwinnen	verb	defeat, crush, overcome
5433	neger	noun	a black person, a Negro (male or of unspecified gender)
5434	suggereert	verb	second/third-person singular present indicative
5435	mislukte	adj	masculine/feminine singular attributive
5436	elementen	noun	plural of element
5437	opgroeien	verb	to grow up, to spend childhood
5438	london	name	London (a city in southwestern Ontario, Canada)
5439	algemene	adj	masculine/feminine singular attributive
5440	opbouwen	verb	to build, to build up
5441	kaarsen	noun	plural of kaars
5442	ns	name	initialism of Nederlandse Spoorwegen (“Dutch railway company”)
5443	waarden	noun	plural of waarde
5444	gijzelaar	noun	hostage; hostage-taker
5445	effectief	adj	effective
5446	dolgraag	adv	very gladly, eagerly
5447	scheuren	verb	to tear (rend); to tear driving, to drive at breakneck speed
5448	do	noun	do, the musical note
5449	voorheen	adv	formerly, used to
5450	voogdij	noun	tutorship
5451	openmaken	verb	to open
5452	dok	noun	dock
5453	zuidelijke	adj	masculine/feminine singular attributive
5454	ademhaling	noun	breathing, respiration
5455	drug	noun	a recreational drug, psychoactive substance, especially when illegal and addictive
5456	studeerde	verb	singular past indicative
5457	ingepakt	verb	past participle of inpakken
5458	ontwijken	verb	dodge, avoid
5459	japanners	noun	plural of Japanner
5460	stoep	noun	pavement, footpath, sidewalk
5461	gerecht	noun	justice; the judiciary
5462	waanzinnig	adj	out of his/her mind, insane, mad
5463	buitenkant	noun	the outer side: outside
5464	behandelde	verb	singular past indicative
5465	schuiven	verb	to slide; to shove
5466	bedenkt	verb	second/third-person singular present indicative
5467	puzzel	noun	puzzle (game in which things must be put together)
5468	insgelijks	adv	likewise (said in reply to a well-wish)
5469	vervolgd	verb	past participle of vervolgen
5470	ondersteuning	noun	support
5471	immers	adv	Indicates that an explanation is being given for an earlier statement.; indeed, after all
5472	gram	noun	gram (unit of mass)
5473	fucking	adj	fucking, intensifier, especially to indicate annoyance
5474	verstoren	verb	to disturb, to disrupt
5475	betrekking	noun	relation; office, position, post
5476	ijskoud	adj	ice-cold, freezing cold
5477	tak	noun	branch, twig, bough
5478	advertentie	noun	advertisement
5479	isabel	name	a female given name
5480	cursus	noun	an educational course, on its own or as part of an academic or evening school curriculum
5481	oppervlakte	noun	area; surface
5482	sap	noun	juice; sap (fluid in plants)
5483	gereserveerd	verb	past participle of reserveren
5484	achterom	adv	around; behind, backwards (over the shoulder)
5485	vertraging	noun	delay; deceleration
5486	knuffelen	verb	to cuddle, hug
5487	opknappen	verb	to overhaul, to renovate, to refurbish
5488	hoera	intj	hurrah!
5489	ophoudt	verb	second/third-person singular dependent-clause present indicative of ophouden
5490	verzameld	verb	past participle of verzamelen
5491	focus	noun	focus; focus, centre
5492	noten	noun	plural of noot
5493	bella	name	a female given name
5494	zakelijke	adj	masculine/feminine singular attributive
5495	georganiseerd	verb	past participle of organiseren
5496	mortuarium	noun	a mortuary, a morgue
5497	hemeltje	noun	diminutive of hemel
5498	pannenkoeken	noun	plural of pannenkoek
5499	verdelen	verb	to divide; to distribute
5500	achttien	num	eighteen
5501	ierse	adj	masculine/feminine singular attributive
5502	ere	noun	dative singular of eer
5503	presentatie	noun	presentation
5504	neefje	noun	diminutive of neef
5505	vaart	noun	voyage (by boat), navigation
5506	automatisch	adj	automatic
5507	succesvolle	adj	masculine/feminine singular attributive
5508	discipline	noun	discipline, self-control
5509	integendeel	adv	on the contrary
5510	joh	intj	Used to address someone, somewhat like dude or mate.
5511	reserve	noun	reserve, emergency supply (that which is reserved, or kept back, as for future use)
5512	bonus	noun	a bonus, an extra or premium
5513	kar	noun	a cart, vehicle on wheels without motor
5514	doorzoek	verb	first-person singular dependent-clause present indicative
5515	vervelen	verb	to annoy, to pester
5516	kaal	adj	featureless, bare, smooth, bland, plain
5517	hint	noun	hint
5518	oorlogen	verb	to wage war
5519	vergeeft	verb	second/third-person singular present indicative
5520	gore	adj	masculine/feminine singular attributive
5521	praatje	noun	diminutive of praat
5522	tattoo	noun	tattoo
5523	ontkent	verb	second/third-person singular present indicative
5524	snelste	adj	masculine/feminine singular attributive
5525	analyseren	verb	to analyse, subject to analysis
5526	uitgezocht	verb	past participle of uitzoeken
5527	eerdere	adj	masculine/feminine singular attributive
5528	afloop	noun	ending, result, termination
5529	tour	noun	tour (journey through a particular building, estate, country, etc.)
5530	uithalen	verb	to lash out, strike out
5531	chocola	noun	chocolate
5532	logica	noun	logic
5533	belangen	noun	plural of belang
5534	binnenkant	noun	interior, inside
5535	wetenschappelijk	adj	scientific (of or having to do with science)
5536	wanhoop	noun	a state of despair, lack of hope
5537	besluiten	verb	to decide, to make a decision
5538	belle	verb	singular present subjunctive of bellen
5539	meten	verb	to measure; to measure up
5540	opwinding	noun	agitation, trepidation
5541	uitvinden	verb	to invent; to find out
5542	popcorn	noun	popcorn
5543	chili	noun	chili pepper; chili (dish)
5544	opmerking	noun	remark, observation
5545	meeneemt	verb	second/third-person singular dependent-clause present indicative of meenemen
5546	container	noun	shipping container, cargo container
5547	ruw	adj	rough, crude, harsh (not gentle)
5548	naïef	adj	naive
5549	zulk	det	such
5550	voorraden	noun	plural of voorraad
5551	kin	noun	chin
5552	miljarden	noun	plural of miljard
5553	opleveren	verb	to produce; to result
5554	del	noun	dune valley; dell, small depression in a landscape
5555	gemeente	noun	municipality, commune
5556	illusie	noun	illusion
5557	hit	noun	a hit song, a very popular and successful song
5558	competitie	noun	competition (contest for a prize or award)
5559	wolk	noun	cloud; visible mass of atmospheric water
5560	strijden	verb	to fight, to wage battle or war
5561	haalden	verb	plural past indicative
5562	aanviel	verb	singular dependent-clause past indicative of aanvallen
5563	oppikken	verb	to pick up, glean
5564	dwingt	verb	second/third-person singular present indicative
5565	veren	adj	made of feathers, plumose
5566	ijsje	noun	diminutive of ijs
5567	koningen	noun	plural of koning
5568	verkleed	verb	first-person singular present indicative
5569	frequentie	noun	frequency (rate of occurrence of anything)
5570	doek	noun	cloth, linen, fabric
5571	griekse	adj	masculine/feminine singular attributive
5572	toewijding	noun	dedication, act or process of dedicating
5573	vergiffenis	noun	forgiveness
5574	vuist	noun	fist
5575	abortus	noun	abortion, induced abortion
5576	geduurd	verb	past participle of duren
5577	morele	adj	indefinite masculine and feminine singular
5578	manipuleren	verb	to manipulate
5579	structuur	noun	structure; functionary, cadre
5580	vrijlaten	verb	to release
5581	verveel	verb	first-person singular present indicative
5582	aanzetten	verb	to start, switch on
5583	kamperen	verb	to camp, camp put, encamp, go camping
5584	trokken	verb	plural past indicative
5585	mario	name	a male given name from Latin, Mario
5586	investering	noun	investment
5587	attent	adj	observant, perceptive
5588	toeristen	noun	plural of toerist
5589	opstellen	verb	to arrange, line up
5590	slikken	verb	to swallow
5591	tequila	noun	tequila
5592	geraden	verb	past participle of raden
5593	verricht	verb	first/second/third-person singular present indicative
5594	kandidaten	noun	plural of kandidaat
5595	verspild	verb	past participle of verspillen
5596	gewurgd	verb	past participle of wurgen
5597	vervoeren	verb	to transport, to move
5598	omringd	verb	past participle of omringen
5599	uitspreken	verb	to pronounce; (to declare authoritatively or as formal opinion)
5600	hondje	noun	diminutive of hond
5601	doornemen	verb	to review, to run through
5602	werelds	adj	worldly
5603	opschrijven	verb	to write down
5604	familieleden	noun	plural of familielid
5605	barbecue	noun	barbecue
5606	verspilt	verb	second/third-person singular present indicative
5607	poosje	noun	diminutive of poos
5608	chirurgie	noun	surgery; a medical operation
5609	dineren	verb	to have a meal in the evening
5610	voltooid	adj	completed; perfect
5611	luis	noun	louse, used of various insects commonly considered pests
5612	korting	noun	discount
5613	afschuwelijke	adj	masculine/feminine singular attributive
5614	binnenin	adv	within, on the inside
5615	inhuren	verb	to hire (workforce, etc.)
5616	evolutie	noun	evolution (general: a gradual process of development)
5617	kleedkamer	noun	a dressing room
5618	kassa	noun	cash desk, checkout
5619	alert	adj	alert
5620	envelop	noun	an envelope, closing paper wrapper as used for mailing
5621	verhuisde	verb	singular past indicative
5622	klink	noun	latch; handle (on a door)
5623	gewonde	verb	masculine/feminine singular attributive
5624	gehecht	adj	attached, devoted
5625	kale	adj	masculine/feminine singular attributive
5626	gedroeg	verb	singular past indicative of gedragen
5627	stroomt	verb	second/third-person singular present indicative
5628	dunne	adj	masculine/feminine singular attributive
5629	nauw	adj	narrow; close
5630	hypotheek	noun	mortgage
5631	preek	noun	sermon; lecture (spoken lesson, also in a negative sense)
5632	generator	noun	generator (one that generates)
5633	blijken	verb	to appear, to become apparent
5634	kleinste	adj	masculine/feminine singular attributive
5635	journalisten	noun	plural of journalist
5636	pesten	noun	the card game Mau Mau, similar to crazy eights
5637	leverde	verb	singular past indicative
5638	afgevuurd	verb	past participle of afvuren
5639	geadopteerd	verb	past participle of adopteren
5640	aanvraag	noun	application, request (act of applying or petitioning, that which has been requested)
5641	pier	noun	a worm, earthworm
5642	opgezocht	verb	past participle of opzoeken
5643	lobby	noun	lobby (entryway or reception area)
5644	arrogant	adj	arrogant
5645	gigantisch	adj	gigantic
5646	hoofdstad	noun	capital city; The EU-member states, as opposed to 'Brussel'
5647	kardinaal	noun	cardinal (high-ranking official in the Catholic Church, Prince of the Church)
5648	drijft	verb	second/third-person singular present indicative
5649	beschuldiging	noun	accusation; accusation, charge
5650	corrupt	adj	corrupt (lacking integrity, being prone to discriminating, open to bribes, etc.)
5651	benaderen	verb	to approach; to approximate
5652	krediet	noun	credit
5653	balkon	noun	balcony
5654	paal	noun	post, stake, pole, pile
5655	worstelen	verb	to struggle; to wrestle
5656	ongelukje	noun	diminutive of ongeluk
5657	vroegere	adj	masculine/feminine singular attributive
5658	godin	noun	goddess
5659	spin	noun	spider (member of the order Araneae)
5660	lam	noun	lamb, the young of a sheep
5661	zwaarder	adj	comparative degree of zwaar
5662	pooier	noun	male pimp
5663	toegewijd	adj	dedicated, devoted
5664	ijzeren	adj	iron (made out of iron)
5665	korps	noun	a military corps
5666	draken	noun	plural of draak
5667	deb	noun	clipping of debiel
5668	uitstellen	verb	to postpone, defer, delay
5669	krijgers	noun	plural of krijger
5670	blootgesteld	verb	past participle of blootstellen
5671	makelaar	noun	a broker, notably in stocks and other financial products
5672	leegte	noun	emptiness
5673	crash	noun	crash, collision, esp. when involving aircraft
5674	overleefde	verb	singular past indicative
5675	willekeurig	adj	arbitrary; random
5676	concurrentie	noun	competition
5677	festival	noun	a festival (festive event or gathering)
5678	onthou	verb	first-person singular present indicative
5679	wrede	adj	masculine/feminine singular attributive
5680	romeinse	noun	a female Roman; a woman from Rome
5681	giftige	adj	masculine/feminine singular attributive
5682	familielid	noun	relative, family member
5683	bisschop	noun	bishop (official in Orthodox, Catholic and some Protestant churches overseeing a diocese)
5684	achtertuin	noun	backyard
5685	poetsen	verb	to clean, shine
5686	afwezigheid	noun	absence
5687	onderhoud	noun	maintenance; overhaul
5688	verloopt	verb	second/third-person singular present indicative
5689	zijkant	noun	side; a side (e.g.) face that is not front, back, top or bottom
5690	gelukkiger	adj	comparative degree of gelukkig
5691	situaties	noun	plural of situatie
5692	infuus	noun	IV, drip, an intravenous injection
5693	visioenen	noun	plural of visioen
5694	zwerver	noun	a vagabond, a vagrant, a tramp
5695	prostituee	noun	prostitute
5696	verdeeld	verb	past participle of verdelen
5697	ervaringen	noun	plural of ervaring
5698	vooraan	adv	at the front
5699	zwangere	adj	indefinite masculine and feminine singular
5700	jasper	name	a male given name, equivalent to English Caspar
5701	moeilijkste	adj	masculine/feminine singular attributive
5702	gehoorzamen	verb	to obey
5703	scheur	noun	crack, fissure
5704	cuba	name	Cuba (a country, the largest island (based on land area) in the Caribbean)
5705	opgehouden	verb	past participle of ophouden
5706	dreigt	verb	second/third-person singular present indicative
5707	boksen	verb	to box, to play boxing
5708	schilder	noun	painter
5709	onderbroek	noun	a pair of undershorts, underpants or pants
5710	gegroeid	verb	past participle of groeien
5711	pret	noun	fun
5712	boeven	noun	plural of boef
5713	negatieve	adj	masculine/feminine singular attributive
5714	tegenkomen	verb	to encounter
5715	talenten	noun	plural of talent
5716	vrijwilliger	noun	volunteer (one engaged in volunteering work)
5717	continu	adv	continuously
5718	nasa	name	acronym of National Aeronautics and Space Administration; NASA
5719	vervolgen	verb	to continue, carry on
5720	vrolijke	adj	masculine/feminine singular attributive
5721	jaag	verb	first-person singular present indicative
5722	opzettelijk	adj	deliberate, intentional
5723	observeren	verb	to observe, to watch
5724	verdrag	noun	treaty
5725	diende	verb	singular past indicative
5726	inval	noun	inspiration, brain wave
5727	lori	noun	a lory, fig parrot, used for certain parrots of the subfamily Loriinae
5728	notities	noun	plural of notitie
5729	tassen	noun	plural of tas
5730	israël	name	Israel
5731	behulpzaam	adj	helpful (giving aid)
5732	robots	noun	plural of robot
5733	geestelijke	adj	masculine/feminine singular attributive
5734	hamburger	noun	hamburger
5735	kanonnen	noun	plural of kanon
5736	afgepakt	verb	past participle of afpakken
5737	kook	verb	first-person singular present indicative
5738	oversteken	verb	to cross, to traverse
5739	inlichtingen	noun	information
5740	ijzer	noun	iron (metal); iron bar or tool
5741	dringen	verb	to press, push (into a tight space, a crowd etc)
5742	woest	adj	wild, savage, feral, ferocious, furious
5743	kookt	verb	second/third-person singular present indicative
5744	allah	name	Allah
5745	kleindochter	noun	granddaughter (daughter of someone’s child)
5746	aller	det	of all; (archaic) genitive plural of al
5747	melding	noun	a report, notification, message, notice
5748	samenwonen	verb	to cohabit, to live together
5749	bondgenoten	noun	plural of bondgenoot
5750	verwoesten	verb	to destroy, ruin, devastate, lay waste
5751	geloofden	verb	plural past indicative
5752	ouderen	noun	plural of oudere
5753	kotsen	verb	to vomit
5754	mentor	noun	a mentor, wise/grey adviser, tutor etc.
5755	principes	noun	plural of principe
5756	wenen	verb	to cry, weep, shed tears
5757	welzijn	noun	well-being
5758	lint	noun	a ribbon, a cloth band or non-textile (non-adhesive) tape
5759	verstopte	verb	singular past indicative
5760	avonden	noun	plural of avond
5761	depressie	noun	depression (state of mind producing serious, long-term lowering of enjoyment of life)
5762	hm	intj	hmm (expressing hesitation)
5763	onderneming	noun	venture, enterprise, concern
5764	levering	noun	delivery; supply
5765	uiteen	adv	apart (note: 'uiteen' is the adverbial component of a separable verb)
5766	veroordeling	noun	conviction, condemnation
5767	knuppel	noun	a blunt instrument used to bludgeon someone with, such as a club or a cudgel
5768	sieraden	noun	plural of sieraad
5769	beloftes	noun	plural of belofte
5770	karma	noun	karma
5771	kopieën	noun	plural of kopie
5772	cv	noun	curriculum vitae
5773	gangster	noun	gangster
5774	romantiek	noun	Romanticism
5775	opkomen	verb	to come up, to rise
5776	pub	noun	pub (public house, especially one in the UK or Ireland)
5777	allerbeste	adj	masculine/feminine singular attributive
5778	maatregelen	noun	plural of maatregel
5779	reus	noun	giant
5780	sjaal	noun	scarf
5781	verspil	verb	first-person singular present indicative
5782	europese	adj	masculine/feminine singular attributive
5783	liefdadigheid	noun	charity
5784	poëzie	noun	poetry
5785	vloeistof	noun	a liquid, as opposed to solid - and gaseous (states of) matter
5786	donuts	noun	plural of donut
5787	bouwde	verb	singular past indicative
5788	vertragen	verb	to slow down, to delay
5789	geboden	noun	plural of gebod
5790	aangetroffen	verb	past participle of aantreffen
5791	ritme	noun	rhythm, beat
5792	pyjama	noun	pyjamas
5793	wreken	verb	to (take) revenge, to avenge, to take vengeance
5794	koerier	noun	courier
5795	gestemd	verb	past participle of stemmen
5796	raap	noun	turnip; noggin, bonce
5797	sodemieter	noun	sodomite, bugger
5798	sigaar	noun	cigar
5799	opendoen	verb	to open
5800	getallen	noun	plural of getal
5801	rijtje	noun	diminutive of rij
5802	gegroet	intj	greetings (when arriving), goodbye (when leaving)
5803	hacken	verb	to hack (to attempt to gain illegitimate access)
5804	wereldoorlog	noun	world war
5805	kanon	noun	cannon (weapon)
5806	debat	noun	debate; argument or discussion, usually in an ordered or formal setting
5807	smaken	verb	to taste; to taste good, to be likable in taste
5808	deeltjes	noun	plural of deeltje
5809	besteden	verb	to spend
5810	verspreidt	verb	second/third-person singular present indicative
5811	complot	noun	conspiracy
5812	nadia	name	a female given name
5813	indiaan	noun	Native American, Indian, First Nations person
5814	verbreken	verb	to break, break up physically
5815	chique	adj	masculine/feminine singular attributive
5816	stoffen	verb	to dust, to remove dust from
5817	maximaal	adj	maximal
5818	leeuwen	noun	plural of leeuw
5819	bestel	noun	order, establishment (especially political)
5820	smakelijk	adj	tasty, delicious
5821	afzeggen	verb	to cancel (an arrangement, appointment etc.)
5822	katholiek	noun	Catholic
5823	quarantaine	noun	a quarantine, sanitary measure of isolating infected people; its duration or site
5824	gecompliceerd	adj	complicated, complex or convoluted
5825	haasten	verb	to hasten, to hurry, make haste
5826	raadsman	noun	male lawyer, male legal counsel
5827	wrok	noun	rancor (US), rancour (UK)
5828	veiling	noun	auction (concrete and abstract)
5829	kater	noun	a tomcat, tom, male cat
5830	aangepakt	verb	past participle of aanpakken
5831	etage	noun	floor, storey
5832	vernederd	verb	past participle of vernederen
5833	pakket	noun	kit, packet; package, bundle
5834	vergeving	noun	forgiveness
5835	hetero	noun	a heterosexual, a hetero
5836	maf	adj	mad, silly, odd/eccentric
5837	schaar	noun	a pair of scissors
5838	batterijen	noun	plural of batterij
5839	overweg	noun	level crossing
5840	lezing	noun	reading (act of)
5841	vrijdagavond	noun	Friday evening
5842	til	noun	dovecote; bridge (typically a small wooden bridge made of planks)
5843	gister	adv	yesterday
5844	groentje	noun	a novice or rookie, someone inexperienced
5845	enigen	pron	personal plural of enige (“only one, only thing”)
5846	weerstand	noun	resistance; electrical resistance
5847	telegram	noun	telegram
5848	intiem	adj	intimate, personal
5849	regenen	verb	to rain, to precipitate
5850	droevig	adj	sad, melancholy
5851	ontdekten	verb	plural past indicative
5852	vervanger	noun	substitute, replacement
5853	poep	noun	a fart; shit
5854	opneemt	verb	second/third-person singular dependent-clause present indicative of opnemen
5855	razend	adj	raging
5856	barman	noun	barman, male bartender
5857	likken	verb	to lick
5858	evenwicht	noun	balance, equilibrium
5859	norm	noun	a norm, standard
5860	uitstaan	verb	to endure, tolerate, stand
5861	repetitie	noun	test; repetition
5862	onderscheiden	verb	to distinguish, to discriminate
5863	bedoelen	verb	to intend, to have an aim
5864	ella	name	a female given name
5865	bloedbad	noun	bloodbath, carnage
5866	zonnestelsel	noun	solar system; star system or planetary system
5867	run	verb	first-person singular present indicative
5868	rooie	noun	a redheaded person
5869	lesbisch	adj	lesbian (female homosexual)
5870	klaagt	verb	second/third-person singular present indicative
5871	daalt	verb	second/third-person singular present indicative
5872	paste	noun	paste
5873	neergestoken	verb	past participle of neersteken
5874	massage	noun	physical massage
5875	bovenaan	prep	at the top of
5876	wen	adv	when
5877	datgene	pron	that (thing that), what, whatever (to designate an object antecedent before a clause)
5878	engelsen	noun	plural of Engelsman
5879	breed	adj	broad, wide; large, ample
5880	nagaan	verb	to check, to verify
5881	jaloezie	noun	envy, jealousy
5882	belediging	noun	insult, affront, verbal abuse
5883	vrijwilligers	noun	plural of vrijwilliger
5884	huurmoordenaar	noun	contract killer, (hired) assassin
5885	voorkomt	verb	second/third-person singular dependent-clause present indicative of voorkomen
5886	evacueren	verb	to evacuate, to empty out
5887	romp	noun	trunk, torso; hull
5888	giftig	adj	poisonous, venomous, toxic
5889	verlegenheid	noun	embarrassment, shyness
5890	geschikte	adj	masculine/feminine singular attributive
5891	racen	verb	to have a speed contest, to race
5892	boeiend	adj	captivating, interesting
5893	geoefend	verb	past participle of oefenen
5894	buis	noun	pipe, duct; television
5895	tocht	noun	journey, expedition, march
5896	schenken	verb	to give as a present, to gift
5897	weldra	adv	soon
5898	donnie	noun	a 10-euro banknote
5899	intens	adj	intense
5900	afblijven	verb	to keep one's hands off
5901	romeinen	noun	plural of Romein
5902	modellen	noun	plural of model
5903	autoriteit	noun	authority
5904	versteld	verb	past participle of verstellen
5905	kartel	noun	cartel; political cartel
5906	emotie	noun	emotion
5907	praatjes	noun	plural of praatje
5908	droomt	verb	second/third-person singular present indicative
5909	nieuwsgierigheid	noun	curiosity
5910	aangaan	verb	to be a concern to, to concern
5911	urine	noun	urine
5912	leen	noun	fief, feudal estate
5913	informeren	verb	to inform, to give information
5914	ondergrondse	noun	underground, subway, metro
5915	dramatisch	adj	dramatic, pertaining to drama
5916	terugkrijgen	verb	to get back, recover
5917	pistolen	noun	plural of pistool
5918	poker	noun	poker (card game)
5919	passeren	verb	to pass by; to happen
5920	krap	adj	without much room, narrow, close
5921	gecondoleerd	verb	past participle of condoleren
5922	kapotte	adj	masculine/feminine singular attributive
5923	dierenarts	noun	a veterinarian; mostly used for one treating pets
5924	gul	adj	generous, unselfish
5925	omver	adv	in a way to cause something to be knocked over
5926	verdergaan	verb	to continue, to resume
5927	eist	verb	second/third-person singular present indicative
5928	personage	noun	character in a work of fiction
5929	biefstuk	noun	beefsteak, steak
5930	vernietigt	verb	second/third-person singular present indicative
5931	lagere	adj	masculine/feminine singular attributive
5932	tering	noun	expenses; tuberculosis
5933	weerwolf	noun	werewolf
5934	portier	noun	doorman, gatekeeper, porter, doorkeeper
5935	verleiding	noun	temptation
5936	overwogen	verb	plural past indicative
5937	klauwen	verb	to claw
5938	nadenkt	verb	second/third-person singular dependent-clause present indicative of nadenken
5939	vraagje	noun	diminutive of vraag
5940	vertegenwoordigen	verb	to represent (to stand in the place of, act on behalf of)
5941	realiseert	verb	second/third-person singular present indicative
5942	specialiteit	noun	specialty; specialist
5943	nieuwjaar	name	New Year (celebration at 1 January)
5944	inkt	noun	ink (coloured fluid used for writing, painting etc.)
5945	genen	noun	plural of gen
5946	bruno	name	a male given name
5947	limonade	noun	sweetened drink
5948	zoontje	noun	diminutive of zoon
5949	gescheurd	verb	past participle of scheuren
5950	garde	noun	a whisk, a beater
5951	shot	noun	shot (sequence of frames)
5952	keerde	verb	singular past indicative
5953	ontwerpen	verb	to design; to plan
5954	doorgang	noun	passage, thoroughfare (way of going through)
5955	kantine	noun	mess hall
5956	geschreeuw	noun	clamor (great outcry or vociferation)
5957	royal	noun	royal
5958	liefs	adj	partitive of lief
5959	weeshuis	noun	an orphanage
5960	allereerst	adv	in the first place, firstly
5961	onafhankelijk	adj	independent; irrespective of
5962	andre	name	a male given name borrowed from French
5963	vechter	noun	a (male) fighter
5964	patronen	noun	plural of patroon
5965	abraham	name	a male given name from Hebrew, equivalent to English Abraham
5966	afgelegd	verb	past participle of afleggen
5967	stralen	verb	to radiate, to shine
5968	deels	adv	partly
5969	zeil	noun	sail; tarpaulin, tarp
5970	overleg	noun	talks, discussion, consultation
5971	vermeld	verb	first-person singular present indicative
5972	opgedragen	verb	past participle of opdragen
5973	taai	adj	tough, resilient
5974	flesje	noun	diminutive of fles
5975	dwing	verb	first-person singular present indicative
5976	hak	noun	heel of a shoe; heel of a foot
5977	gevaren	noun	plural of gevaar
5978	ongelooflijke	adj	masculine/feminine singular attributive
5979	dagelijkse	adj	masculine/feminine singular attributive
5980	hierbinnen	adv	pronominal adverb form of binnen + dit
5981	mager	adj	lean, (nearly) without fat
5982	voorwerpen	noun	plural of voorwerp
5983	dessert	noun	a dessert
5984	stiefvader	noun	stepfather, stepdad
5985	ezra	name	Ezra (the fifteenth book of the Bible)
5986	thema	noun	theme, topic, subject, issue
5987	zeilen	verb	to sail (to ride in a sailboat)
5988	onzichtbare	adj	masculine/feminine singular attributive
5989	dienaar	noun	servant
5990	ingesteld	verb	past participle of instellen
5991	onverwachte	adj	masculine/feminine singular attributive
5992	gekookt	verb	past participle of koken
5993	producten	noun	plural of product
5994	jazz	noun	jazz
5995	controleert	verb	second/third-person singular present indicative
5996	injectie	noun	injection, the act of injecting
5997	twijfelt	verb	second/third-person singular present indicative
5998	klojo	noun	a jerk, a git (objectionable person)
5999	mafkees	noun	weirdo, goofball, nutjob
6000	beveiligd	verb	past participle of beveiligen
6001	kleinere	adj	masculine/feminine singular attributive
6002	condoom	noun	condom
6003	herinnerd	verb	past participle of herinneren
6004	milieu	noun	environment; milieu
6005	potentiële	adj	masculine/feminine singular attributive
6006	ondernemen	verb	to undertake (an enterprise)
6007	aten	verb	plural past indicative
6008	evenveel	det	as many
6009	tegengehouden	verb	past participle of tegenhouden
6010	voldoen	verb	to satisfy, to meet
6011	magere	adj	masculine/feminine singular attributive
6012	bewoog	verb	singular past indicative of bewegen
6013	daglicht	noun	daylight
6014	koppelen	verb	to couple; to clutch, to apply the clutch
6015	moetje	noun	a shotgun wedding (marriage contracted to legitimise a premarital pregnancy)
6016	bijdrage	noun	contribution
6017	voorop	adv	on/at the front
6018	sportschool	noun	gym (sporting facility)
6019	waarschuwde	verb	singular past indicative
6020	mythe	noun	myth
6021	oogst	noun	harvest
6022	verantwoording	noun	accountability
6023	ontlopen	verb	to outrun, evade
6024	medewerker	noun	employee
6025	zweten	verb	to sweat
6026	leukste	adj	masculine/feminine singular attributive
6027	facebook	name	Facebook
6028	grove	adj	masculine/feminine singular attributive
6029	tegengif	noun	antidote
6030	kluisje	noun	diminutive of kluis
6031	coole	adj	masculine/feminine singular attributive
6032	begraafplaats	noun	cemetery, a ground reserved for graves
6033	federatie	noun	federation; federation (state with governance of the above type)
6034	rondkijken	verb	to look around
6035	behoren	verb	to belong (be accepted in a group)
6036	formulier	noun	a form, a formally standardized
6037	intrekken	verb	to withdraw, revoke
6038	plaatst	verb	second/third-person singular present indicative
6039	industrie	noun	an industry, business(es) that produce(s) goods or services
6040	vlekken	verb	to stain, to make stains on
6041	feestdagen	noun	plural of feestdag
6042	demonstratie	noun	demonstration, demo (showing of something)
6043	goedheid	noun	goodness
6044	clubs	noun	plural of club
6045	charme	noun	charm (quality of inspiring delight or admiration)
6046	verhoren	verb	to interrogate
6047	groei	noun	growth
6048	regeren	verb	to reign, be on the throne with or without political power
6049	pijnlijke	adj	masculine/feminine singular attributive
6050	redder	noun	savior, rescuer
6051	secretaris	noun	secretary; receptionist
6052	zwaaien	verb	to sway, to wave
6053	verwijder	verb	first-person singular present indicative
6054	ondertekend	verb	past participle of ondertekenen
6055	maatjes	noun	plural of maatje
6056	verzorgd	verb	past participle of verzorgen
6057	dwerg	noun	dwarf (small human; small specimen, breed or species of animal)
6058	wijd	adj	wide, outstretched, far apart
6059	grootse	adj	masculine/feminine singular attributive
6060	fel	adj	bright, shiny (e.g. sunlight)
6061	toetje	noun	dessert, afters
6062	bekeek	verb	singular past indicative of bekijken
6063	feitelijk	adj	actual; factual
6064	huisdier	noun	domestic animal
6065	overleef	verb	first-person singular present indicative
6066	kostbare	adj	masculine/feminine singular attributive
6067	aangegeven	verb	past participle of aangeven
6068	schaap	noun	sheep (a woolly ruminant animal of the genus Ovis)
6069	vonnis	noun	judgment, decision
6070	historische	adj	masculine/feminine singular attributive
6071	noordelijke	adj	masculine/feminine singular attributive
6072	volgden	verb	plural past indicative
6073	iran	name	Iran (a country in West Asia)
6074	antibiotica	noun	plural of antibioticum
6075	tehuis	noun	home, asylum
6076	boft	verb	second/third-person singular present indicative
6077	spot	noun	mockery
6078	heli	noun	chopper
6079	verontschuldiging	noun	apology
6080	handdoeken	noun	plural of handdoek
6081	ikzelf	pron	myself
6082	opgelopen	verb	past participle of oplopen
6083	rijp	adj	ripe (of fruit etc.)
6084	tik	noun	tick (a kind of sound)
6085	roekeloos	adj	reckless
6086	hongerig	adj	hungry
6087	beschaamd	adj	ashamed
6088	misleiden	verb	to mislead
6089	kaliber	noun	calibre
6090	instorten	verb	to collapse
6091	zaterdagavond	noun	Saturday evening
6092	ram	noun	RAM (random-access memory)
6093	raven	verb	to (hold a) rave, to party wildly
6094	permanent	adj	permanent
6095	onderzoekers	noun	plural of onderzoeker
6096	verkrachten	verb	to rape, to abuse
6097	wortels	noun	plural of wortel
6098	wenste	verb	singular past indicative
6099	flauwekul	noun	nonsense; drivel
6100	betrapte	verb	singular past indicative
6101	uitgesloten	verb	past participle of uitsluiten
6102	tekens	noun	plural of teken
6103	slordig	adj	sloppy, careless
6104	aankijken	verb	to look at, to look in the eye
6105	verbond	noun	alliance, federation (between countries)
6106	vuurtje	noun	diminutive of vuur
6107	hoogtepunt	noun	high point, acme, climax; zenith
6108	moraal	noun	moral, morals; morale, motivation
6109	pro	noun	pro (advantage of something)
6110	onmogelijke	adj	masculine/feminine singular attributive
6111	beroerd	adj	bad, poor, crappy
6112	ruwe	verb	singular present subjunctive of ruwen
6113	ontploffing	noun	explosion
6114	specialist	noun	specialist
6115	betrokkenheid	noun	involvement, implication (e.g. in a crime)
6116	ingewanden	noun	guts, entrails, innards
6117	li	noun	li (Chinese unit of distance)
6118	drukt	verb	second/third-person singular present indicative
6119	spek	noun	bacon; marshmallow
6120	korea	name	Korea
6121	duidelijker	adj	comparative degree of duidelijk
6122	balen	verb	to be annoyed, frustrated or fed up
6123	slechteriken	noun	plural of slechterik
6124	types	noun	plural of type
6125	plekke	noun	dative singular of plek
6126	richtte	verb	singular past indicative
6127	lik	noun	lick (a caress with the tongue)
6128	onderzeeër	noun	submarine (submersible boat)
6129	dichtstbijzijnde	adj	masculine/feminine singular attributive
6130	poeder	noun	powder
6131	tips	noun	plural of tip
6132	experts	noun	plural of expert
6133	cruise	noun	cruise
6134	spellen	verb	to spell
6135	feliciteren	verb	to congratulate
6136	dante	name	a neighborhood of Ommen, Overijssel, Netherlands, Europe
6137	dolk	noun	a dagger, a relatively small, two-sided knife, fit as a stabbing weapon
6138	weggehaald	verb	past participle of weghalen
6139	billen	verb	to sharpen, to apply grooves to a millstone
6140	ruggengraat	noun	vertebral column
6141	vastgesteld	verb	past participle of vaststellen
6142	genot	noun	pleasure
6143	terrorisme	noun	terrorism
6144	tegendeel	noun	the contrary
6145	bedienen	verb	to be of assistance to, to serve
6146	aandoet	verb	second/third-person singular dependent-clause present indicative of aandoen
6147	strikt	adj	strict
6148	schoongemaakt	verb	past participle of schoonmaken
6149	glaasje	noun	diminutive of glas
6150	bedroog	verb	singular past indicative of bedriegen
6151	degelijk	adj	sound, solid; honest
6152	stortte	verb	singular past indicative
6153	achterover	adv	backwards, on one's back
6154	kaak	noun	jaw; cheek, cone
6155	willekeurige	adj	masculine/feminine singular attributive
6156	rede	noun	reason (as a concept)
6157	woud	noun	forest, woods, jungle
6158	geteld	verb	past participle of tellen
6159	investeren	verb	to invest
6160	corruptie	noun	corruption, perversion of integrity through compromise, bribery or conflict of interest
6161	enigste	pron	masculine/feminine singular attributive
6162	tekeer	adv	with an agitating movement; furiously
6163	solo	noun	solo (piece or passage performed or typified by a single performer)
6164	gezeik	noun	nagging, whining, bullshit
6165	bekent	verb	second/third-person singular present indicative
6166	regeling	noun	arrangement, (as in practical agreement)
6167	inkomen	verb	to come in; to warm up when starting an activity
6168	concept	noun	concept; draft, sketch
6169	zonlicht	noun	sunlight
6170	melkweg	noun	Milky Way
6171	aflopen	verb	to walk down; to incline
6172	gratie	noun	grace, elegance, gracefulness
6173	aangesloten	verb	past participle of aansluiten
6174	nerd	noun	nerd
6175	genetisch	adj	genetic
6176	kick	noun	kick, thrill (something that excites or gives pleasure)
6177	bestemd	verb	past participle of bestemmen
6178	geknipt	verb	past participle of knippen
6179	profiteren	verb	to profit, to benefit
6180	misdadiger	noun	criminal
6181	plaatste	verb	singular past indicative
6182	verrekte	verb	singular past indicative
6183	afgestudeerd	verb	past participle of afstuderen
6184	like	noun	like
6185	comité	noun	committee
6186	vegen	verb	to sweep; to brush
6187	blokkeren	verb	to block; to close off (a road)
6188	abe	name	a male given name, West Frisian variant of Albert and Abel
6189	daadwerkelijk	adv	effectively, actually
6190	überhaupt	adv	at all; anyway; in the first place
6191	uitschot	noun	dregs of society; scum
6192	aansluiten	verb	to connect; to install
6193	wielen	verb	to turn, rotate
6194	douane	noun	customs (service/authorities/administration)
6195	geëxecuteerd	verb	past participle of executeren
6196	gerepareerd	verb	past participle of repareren
6197	schijt	noun	shit (solid excretory product evacuated from the bowel)
6198	gelden	verb	to apply, to be applicable, to be in effect
6199	gehakt	noun	mince, ground meat, finely chopped meat
6200	afbreken	verb	to break off; to demolish, to break down
6201	heil	noun	prosperity; salvation
6202	holden	verb	plural past indicative
6203	engerd	noun	scary person or creature
6204	doodslag	noun	manslaughter (act of killing unlawfully)
6205	consequenties	noun	plural of consequentie
6206	lastigvallen	verb	to bother, to disturb
6207	memo	noun	memo (reminder, short note)
6208	ambitie	noun	ambition
6209	whiskey	noun	whiskey
6210	geneesmiddel	noun	a medicine, medication
6211	reageer	verb	first-person singular present indicative
6212	brandende	verb	masculine/feminine singular attributive
6213	verslaggever	noun	reporter (especially an on-site reporter)
6214	hoogst	adj	superlative degree of hoog
6215	zaad	noun	plant seed, either natural or for agri- or horticultural use
6216	pissig	adj	pissed, irritable, angry
6217	creatief	adj	creative
6218	onderzoeker	noun	researcher
6219	ongelukken	noun	plural of ongeluk
6220	garandeer	verb	first-person singular present indicative
6221	stijf	adj	stiff, rigid; formalistic, posh
6222	duikt	verb	second/third-person singular present indicative
6223	moreel	adj	moral
6224	verwelkomen	verb	to welcome (to affirm or greet the arrival of someone)
6225	worm	noun	worm, vernacular term for various, mostly legless invertebrates
6226	geschrokken	verb	past participle of schrikken
6227	palm	noun	palm (tropical tree of the family Palmae)
6228	asjeblieft	intj	please; here you are
6229	schijnbaar	adj	ostensible, apparent
6230	altaar	noun	altar
6231	quitte	adj	quits, even
6232	beveiligde	verb	singular past indicative
6233	daaruit	adv	pronominal adverb form of uit + dat
6234	sloegen	verb	plural past indicative
6235	nodige	adj	masculine/feminine singular attributive
6236	garantie	noun	guarantee; warranty
6237	overkwam	verb	singular dependent-clause past indicative of overkomen (“to seem; to visit”)
6238	genoteerd	verb	past participle of noteren
6239	gravin	noun	countess
6240	michel	name	a male given name from French, variant of Michaël, equivalent to English Michael
6241	plas	noun	a body of still water, pool
6242	bedreigingen	noun	plural of bedreiging
6243	instrumenten	noun	plural of instrument
6244	condooms	noun	plural of condoom
6245	toernooi	noun	tournament
6246	orkaan	noun	hurricane; an uncontrollable/destructive force
6247	speer	noun	spear
6248	regelde	verb	singular past indicative
6249	vega	noun	a vegetarian, a veggie
6250	gezakt	verb	past participle of zakken
6251	geruïneerd	verb	past participle of ruïneren
6252	instrument	noun	instrument; musical instrument
6253	belachelijke	adj	masculine/feminine singular attributive
6254	aanhouden	verb	to arrest; to hail (a cab); to stop (someone in order to ask a question)
6255	tang	noun	pliers; tongs
6256	buurvrouw	noun	neighbour (female)
6257	bouwt	verb	second/third-person singular present indicative
6258	bijhouden	verb	to keep up with (the pace)
6259	weggestuurd	verb	past participle of wegsturen
6260	misdadigers	noun	plural of misdadiger
6261	uhm	intj	erm, um
6262	apotheek	noun	pharmacy, apothecary
6263	belletje	noun	diminutive of bel
6264	gezegde	verb	masculine/feminine singular attributive
6265	kameraden	noun	plural of kameraad
6266	neergelegd	verb	past participle of neerleggen
6267	opgeslagen	verb	past participle of opslaan
6268	cape	noun	a cape
6269	ontstaat	verb	second/third-person singular present indicative
6270	betrouwbare	adj	masculine/feminine singular attributive
6271	angsten	noun	plural of angst
6272	bedreigt	verb	second/third-person singular present indicative
6273	gearriveerd	verb	past participle of arriveren
6274	bridge	noun	bridge (card game)
6275	verblijft	verb	second/third-person singular present indicative
6276	binnenuit	adv	only used in van binnenuit
6277	perspectief	noun	perspective
6278	jurken	noun	plural of jurk
6279	activeren	verb	to activate, put into action; render (more) active
6280	teleurstelling	noun	disappointment
6281	interesseren	verb	to interest (to attract attention or concern)
6282	aangaat	verb	second/third-person singular dependent-clause present indicative of aangaan
6283	voerde	verb	singular past indicative
6284	strepen	verb	to stripe, to draw stripes/lines on
6285	smelten	verb	to melt; to smelt
6286	adoptie	noun	adoption
6287	groenten	noun	plural of groente
6288	stoom	noun	steam
6289	vrouwtjes	noun	plural of vrouwtje
6290	beperken	verb	to limit, to curtail, to restrict, to constrain
6291	thuiskwam	verb	singular dependent-clause past indicative of thuiskomen
6292	afgevraagd	verb	past participle of afvragen
6293	aandeed	verb	singular dependent-clause past indicative of aandoen
6294	uitgaat	verb	second/third-person singular dependent-clause present indicative of uitgaan
6295	poorten	verb	to nutmeg (pass a ball between an opponent's legs)
6296	begrijpelijk	adj	understandable
6297	vingerafdruk	noun	a fingerprint
6298	rok	noun	skirt (clothing)
6299	lippenstift	noun	a lipstick; the material a lipstick is made of
6300	lokaal	adj	local
6301	eenzaamheid	noun	loneliness
6302	gorilla	noun	gorilla, primate of the genus Gorilla.
6303	inrichting	noun	arrangement, makeup
6304	doorgesneden	verb	past participle of doorsnijden
6305	aanvaller	noun	attacker; attacker, striker
6306	geschapen	verb	past participle of scheppen
6307	anderhalve	num	masculine/feminine singular attributive
6308	rechtvaardigheid	noun	justice (state or instance of being just or fair)
6309	appels	noun	plural of appel
6310	daarachter	adv	pronominal adverb form of achter + dat
6311	snijdt	verb	second/third-person singular present indicative
6312	pruik	noun	wig, peruke
6313	handelt	verb	second/third-person singular present indicative
6314	fataal	adj	fatal (causing death or destruction)
6315	darren	noun	plural of dar
6316	geschopt	verb	past participle of schoppen
6317	poen	noun	money
6318	sherry	noun	sherry
6319	luie	adj	masculine/feminine singular attributive
6320	middags	noun	genitive singular of middag
6321	integriteit	noun	integrity, probity, rectitude
6322	nieren	noun	plural of nier
6323	gevleid	verb	past participle of vleien
6324	walvis	noun	whale, mammal of the order Cetacea
6325	lampen	noun	plural of lamp
6326	achtervolging	noun	pursuit
6327	exemplaar	noun	copy (printed edition)
6328	getrapt	verb	past participle of trappen
6329	omvang	noun	dimension, size, extensiveness, volume, magnitude, scope
6330	oeps	intj	oops (exclamation used to acknowledge a minor mistake)
6331	mannelijk	adj	manly; male
6332	munten	verb	to mint, to coin
6333	aangewezen	verb	past participle of aanwijzen
6334	activeer	verb	first-person singular present indicative
6335	sensoren	noun	plural of sensor
6336	bijzijn	noun	presence
6337	zorgvuldig	adj	careful, meticulous
6338	vredig	adj	peaceful; calm
6339	zalm	noun	salmon
6340	dam	noun	dam
6341	vizier	noun	visor, a removable protective guard on a (knight's) helmet
6342	roer	noun	a boat's wheel; a rudder, device to steer a vessel
6343	trieste	adj	masculine/feminine singular attributive
6344	afgeven	verb	to hand off, hand over, deliver
6345	verspilling	noun	waste, squandering
6346	filosofie	noun	philosophy
6347	neerleggen	verb	to lay down; to resign oneself (to)
6348	kleintjes	noun	plural of kleintje
6349	daarginds	adv	over there, yonder
6350	ernst	noun	seriousness
6351	dumpte	verb	singular past indicative
6352	mal	noun	mold, cast (device to help creating shapes)
6353	uiten	adj	absolute, total; utter (to the furthest or most extreme extent)
6354	roem	noun	glory (honour and valour)
6355	hierboven	adv	pronominal adverb form of boven + dit
6356	rechtzetten	verb	to stand up, to set upright
6357	stopten	verb	plural past indicative
6358	opdat	conj	so that
6359	verrek	verb	first-person singular present indicative
6360	jam	noun	jam (congealed sweet mixture of conserved fruits)
6361	uitgerust	verb	past participle of uitrusten
6362	actieve	adj	masculine/feminine singular attributive
6363	overhemd	noun	shirt
6364	administratie	noun	administration, registration, in particular with respect to record keeping
6365	hotels	noun	plural of hotel
6366	architect	noun	architect
6367	vastbesloten	adj	determined, intent, resolved
6368	geneeskunde	noun	medicine (discipline)
6369	opofferen	verb	to sacrifice, offer up
6370	wachtend	verb	present participle of wachten
6371	heerst	verb	second/third-person singular present indicative
6372	yoga	noun	yoga
6373	voldoet	verb	second/third-person singular present indicative
6374	verkrijgen	verb	to obtain, gain, get
6375	stadium	noun	a stage; a phase
6376	definitief	adj	definitive, conclusive
6377	planning	noun	planning; schedule
6378	rouwen	verb	to mourn, to grieve
6379	evenement	noun	occurrence of social importance; event
6380	slap	adj	slack; weak
6381	zijden	adj	made of silk, silken
6382	onnodig	adj	unnecessary, not needed
6383	handschoen	noun	glove (item of clothing)
6384	ingenieur	noun	engineer
6385	doodschieten	verb	to shoot dead
6386	sandwich	noun	sandwich
6387	belazerd	verb	past participle of belazeren
6388	lichamelijk	adj	physical, bodily
6389	rukken	verb	to jerk, to pull
6390	lepel	noun	spoon
6391	linkerkant	noun	left-hand side
6392	dalen	verb	to descend; to decrease, to drop
6393	belangstelling	noun	interest, state of being interested
6394	stevige	adj	masculine/feminine singular attributive
6395	archief	noun	archive (place for storing earlier informative material)
6396	mieren	noun	plural of mier
6397	achterlijke	noun	retard, idiot, a backwards person
6398	wisselgeld	noun	change (money returned after not paying exactly; stock of money used for this purpose)
6399	schattige	adj	masculine/feminine singular attributive
6400	tiende	adj	tenth
6401	voorpagina	noun	front page
6402	ontving	verb	singular past indicative of ontvangen
6403	zwitserland	name	Switzerland
6404	vulkaan	noun	volcano
6405	bestudeerd	verb	past participle of bestuderen
6406	graad	noun	degree; degree of angle
6407	afgeslacht	verb	past participle of afslachten
6408	beheerst	adj	restrained
6409	tactiek	noun	tactics; tactic
6410	senior	noun	elderly person, senior citizen
6411	vluchtelingen	noun	plural of vluchteling
6412	outfit	noun	outfit (set of clothing)
6413	uitbrengen	verb	to bring out – e.g. the vote
6414	adrenaline	noun	adrenaline
6415	cheques	noun	plural of cheque
6416	olifanten	noun	plural of olifant
6417	praatten	verb	plural past indicative
6418	erfgenaam	noun	heir (someone who inherits, or is designated to inherit)
6419	schurken	noun	plural of schurk
6420	vergezellen	verb	to accompany (attend as a companion)
6421	wiel	noun	wheel
6422	kinderachtig	adj	childish, infantile
6423	rotten	verb	to rot, to go bad, to decay
6424	schrap	adj	bracing oneself, tense, ready for impact
6425	kit	noun	metal can, used mainly for coal
6426	pand	noun	house; pledge, pawn
6427	indringer	noun	intruder, invader, transgressor
6428	here	noun	lord; inflected form of heer (lord)
6429	gestart	verb	past participle of starten
6430	hoorn	noun	a horn (sound device) or a bugle
6431	locaties	noun	plural of locatie
6432	vrouwelijk	adj	feminine; female
6433	voorbereiding	noun	preparation
6434	malen	verb	to grind; to worry, overthink
6435	serveren	verb	to serve
6436	prestatie	noun	feat, accomplishment, achievement
6437	glimlachen	verb	to smile
6438	belastingen	noun	the fiscality, taxation; the tax office/administration
6439	ontdoen	verb	to doff (to remove or take off, especially of clothing)
6440	voorgevoel	noun	presentiment, premonition
6441	wederzijds	adj	mutual, reciprocal
6442	paren	verb	to pair; to mate, to copulate
6443	restaurants	noun	plural of restaurant
6444	focussen	verb	to focus (oneself)
6445	gewenst	adj	wished for, desired
6446	pasta	noun	paste
6447	pijnstillers	noun	plural of pijnstiller
6448	bendes	noun	plural of bende
6449	potentieel	noun	potential
6450	compagnie	noun	a company, partnership
6451	vangt	verb	second/third-person singular present indicative
6452	beschuldigt	verb	second/third-person singular present indicative
6453	langskomt	verb	second/third-person singular dependent-clause present indicative of langskomen
6454	opstijgen	verb	to ascend, to rise
6455	uitgebreid	adj	vast, spacious; comprehensive, extensive
6456	bedriegt	verb	second/third-person singular present indicative
6457	opmerkelijk	adj	remarkable
6458	smokkelen	verb	to smuggle, to transport contraband
6459	bedden	noun	plural of bed
6460	sofia	name	Sofia (the capital city of Bulgaria)
6461	verhaaltje	noun	diminutive of verhaal
6462	luik	noun	hatch; shutter
6463	eruitziet	verb	second/third-person singular dependent-clause present indicative of eruitzien
6464	assistentie	noun	assistance
6465	complimenten	noun	plural of compliment
6466	ruk	noun	pull, jerk
6467	buitengewone	adj	masculine/feminine singular attributive
6468	tournee	noun	tour (journey through a particular building, estate, country, etc.)
6469	uitstel	noun	delay, deferment
6470	donor	noun	a donor; an organ donor
6471	expeditie	noun	expedition; transport of goods
6472	kruiden	noun	the act of spicing up
6473	madam	noun	madam, lady; madam, female counterpart of a pimp
6474	doorgegeven	verb	past participle of doorgeven
6475	mix	noun	mix, mixture; hybrid
6476	stromen	verb	to flow
6477	box	noun	speaker, loudspeaker
6478	bespreking	noun	a discussion
6479	koets	noun	coach (four-wheeled carriage)
6480	lanceren	verb	to launch
6481	handtas	noun	handbag (Commonwealth), purse (US)
6482	foutje	noun	diminutive of fout
6483	rijken	noun	plural of rijk; plural of rijke
6484	sleep	noun	dragging, towing
6485	opfrissen	verb	to freshen up, to wash up
6486	uitgezonden	verb	past participle of uitzenden
6487	poot	noun	limb (arm or leg) of an animal (sometimes human)
6488	bruidegom	noun	bridegroom
6489	reisje	noun	diminutive of reis
6490	zenden	verb	to send; to transmit, to emit
6491	nodigen	verb	to invite
6492	zwijn	noun	pig; swine, fiend (of a person)
6493	ballon	noun	balloon; hot-air balloon
6494	esther	name	the Book of Esther
6495	paraat	adj	ready
6496	missies	noun	plural of missie
6497	verdoofd	verb	past participle of verdoven
6498	plaatsvinden	verb	to take place, occur
6499	gecheckt	verb	past participle of checken
6500	zuigt	verb	second/third-person singular present indicative
6501	hawaï	name	Hawaii (an insular state of the United States, formerly a territory)
6502	stunt	noun	stunt
6503	talloze	adj	masculine/feminine singular attributive
6504	voeg	noun	junction, joint
6505	baarmoeder	noun	uterus, womb
6506	web	noun	web (spiderweb)
6507	rechtdoor	adv	straight, straight ahead
6508	voorwaardelijk	adj	conditional (pertaining to a condition)
6509	knijpen	verb	to pinch, to squeeze
6510	vel	noun	a skin, a hide; a fur, a pelt
6511	minnares	noun	mistress, female lover
6512	genoot	noun	companion; fellow member of a group or organisation
6513	kreeft	noun	lobster, crayfish, used of certain members of the Pleocyemata
6514	rechters	noun	plural of rechter
6515	alleenstaande	noun	single (one who is not married or does not have a romantic partner)
6516	beschikking	noun	power of control, direction or disposal; decision, ruling
6517	eindje	noun	diminutive of eind
6518	mail	verb	first-person singular present indicative
6519	bevonden	verb	plural past indicative
6520	afspraakjes	noun	plural of afspraakje
6521	getal	noun	an expressed number
6522	ondersteunen	verb	to support
6523	wateren	verb	to water, to irrigate, to soak
6524	dook	verb	singular past indicative of duiken
6525	zadel	noun	saddle (seat on a horse or a bicycle)
6526	draden	noun	plural of draad
6527	landschap	noun	landscape; region, territory
6528	stichting	noun	foundation (act of founding)
6529	rondloopt	verb	second/third-person singular dependent-clause present indicative of rondlopen
6530	krabben	verb	to scratch
6531	bevolen	verb	past participle of bevelen
6532	pakketje	noun	diminutive of pakket
6533	posities	noun	plural of positie
6534	invullen	verb	to fill in
6535	tegengekomen	verb	past participle of tegenkomen
6536	marteling	noun	torture (intentional causing of somebody's experiencing agony)
6537	mentale	adj	masculine/feminine singular attributive
6538	zakt	verb	second/third-person singular present indicative
6539	namiddag	noun	afternoon, between 12 and 6 o'clock
6540	kaars	noun	candle
6541	lijstje	noun	diminutive of lijst
6542	vuilnisbak	noun	rubbish bin, trashcan, dustbin
6543	onvoorstelbaar	adj	unimaginable, impossible
6544	ellendig	adj	miserable, hapless
6545	vernederend	adj	humiliating, constituting or implying humiliation
6546	wettelijk	adj	legal
6547	theorieën	noun	plural of theorie
6548	granaat	noun	a grenade; e.g. a hand grenade, an artillery shell
6549	bui	noun	shower (rain), or generally a bout (of bad weather such as snow)
6550	inhouden	verb	to contain, to encompass, to include
6551	opmerkingen	noun	plural of opmerking
6552	initiatief	noun	initiative
6553	dreef	verb	singular past indicative of drijven
6554	terugbetalen	verb	to repay, refund a sum
6555	psycholoog	noun	psychologist (male or female expert in the field of psychology)
6556	zeventien	num	seventeen
6557	kauwgom	noun	chewing gum
6558	pudding	noun	pudding (type of dessert)
6559	afgerond	verb	past participle of afronden
6560	wegga	verb	first-person singular dependent-clause present indicative
6561	opgesteld	verb	past participle of opstellen
6562	ballet	noun	ballet
6563	velden	noun	plural of veld
6564	vlogen	verb	plural past indicative
6565	mysterieus	adj	mysterious, abstruse
6566	reünie	noun	reunion
6567	verdedig	verb	first-person singular present indicative
6568	lekkers	adj	partitive of lekker
6569	biertjes	noun	plural of biertje
6570	ex-man	noun	ex-husband
6571	kneuzingen	noun	plural of kneuzing
6572	spinnen	verb	to spin: make yarn by twisting and winding fibres together
6573	binnenvallen	verb	to drop in (especially unannounced)
6574	inhalen	verb	to fetch, bring in(side); harvest
6575	kolere	noun	cholera
6576	getoond	verb	past participle of tonen
6577	alliantie	noun	alliance
6578	vierkante	adj	masculine/feminine singular attributive
6579	ventje	noun	diminutive of vent
6580	tafels	noun	plural of tafel
6581	venus	name	Venus (planet); Venus (Roman goddess)
6582	adopteren	verb	to adopt (to take by choice into relationship, as, child, heir, friend, citizen)
6583	alcoholist	noun	alcoholic
6584	goedkoper	adj	cheaper (comparative degree of goedkoop)
6585	loos	adj	blank, empty; idle
6586	nauwkeurig	adj	precise, accurate
6587	verzameling	noun	collection; set
6588	ontsla	verb	first-person singular present indicative
6589	mengen	verb	to mix, blend
6590	beschouwen	verb	to contemplate; to consider, to regard
6591	golden	verb	plural past indicative
6592	concentratie	noun	concentration (ability to focus one's attention)
6593	meebrengen	verb	to bring along, bring with
6594	burgeroorlog	noun	civil war
6595	kristal	noun	crystal (array of atoms)
6596	verdiepingen	noun	plural of verdieping
6597	name	verb	singular past subjunctive of nemen
6598	look	noun	any plant of the genus Allium; leek
6599	runt	verb	second/third-person singular present indicative
6600	mislukking	noun	failure
6601	rum	noun	rum (alcoholic beverage)
6602	roeien	verb	to row (with oars)
6603	torpedo	noun	a torpedo (projectile adapted for underwater use)
6604	aanraking	noun	touching; contact
6605	defect	adj	broken, not working
6606	jaarlijkse	adj	masculine/feminine singular attributive
6607	pakten	verb	plural past indicative
6608	gevoerd	verb	past participle of voeren
6609	bezorgde	adj	masculine/feminine singular attributive
6610	slager	noun	butcher (one who prepares and sells meat and meat products)
6611	verlichting	noun	lighting, illumination
6612	zalig	adj	glorious; blessed
6613	p	noun	abbreviation of paard (“knight”)
6614	fit	adj	fit (in good shape)
6615	geschift	adj	crazy
6616	ertegen	adv	pronominal adverb form of tegen + het
6617	opvolgen	verb	to succeed (come after, be next in line to)
6618	achtste	adj	eighth
6619	bewaart	verb	second/third-person singular present indicative
6620	wormen	noun	plural of worm
6621	vork	noun	forked object; basic piece of cutlery with two or more teeth
6622	agentschap	noun	agency
6623	zestig	num	sixty
6624	salon	noun	salon, room for receiving guests
6625	ziektes	noun	plural of ziekte
6626	penning	noun	a small coin, usually made of silver but later also of gold; penny
6627	beschuldigde	verb	singular past indicative
6628	deadline	noun	deadline
6629	peloton	noun	platoon; peloton
6630	diezelfde	det	that same, the aforementioned
6631	yes	intj	yay (exclamation of happiness or enthusiasm)
6632	dierbare	adj	indefinite masculine and feminine singular
6633	afrikaanse	adj	masculine/feminine singular attributive
6634	overdrijven	verb	to exaggerate, to overstate
6635	wegrennen	verb	to run away
6636	plein	noun	square, plaza
6637	limo	noun	clipping of limousine
6638	hert	noun	a deer, a ruminant of the family Cervidae
6639	politicus	noun	politician
6640	heengaan	verb	to go away; to pass away, to die
6641	opdrachten	noun	plural of opdracht
6642	blaast	verb	second/third-person singular present indicative
6643	belden	verb	plural past indicative
6644	avondje	noun	diminutive of avond
6645	automatische	adj	masculine/feminine singular attributive
6646	schildpad	noun	tortoise, turtle; reptile of the order Testudines
6647	ierland	name	Ireland (a country in northwestern Europe)
6648	treinen	verb	to travel by train
6649	zweden	noun	plural of Zweed
6650	scheer	noun	skerry (small rocky island)
6651	moer	noun	mother; sediment formed in various alcoholic drinks and vinegar
6652	kermis	noun	a funfair; a fair (e.g. outdoor fair, village fair, county fair)
6653	geïnfecteerd	verb	past participle of infecteren
6654	logische	adj	masculine/feminine singular attributive
6655	katholieke	adj	masculine/feminine singular attributive
6656	hoeken	noun	plural of hoek
6657	opkomt	verb	second/third-person singular dependent-clause present indicative of opkomen
6658	stalker	noun	stalker (a person who secretly follows someone, sometimes with unlawful intentions)
6659	kramer	name	a surname originating as an occupation
6660	piep	noun	a peep, a squeak
6661	zeik	noun	only used in in de zeik nemen
6662	bankrekening	noun	a bank account
6663	letter	noun	letter (written message)
6664	mop	noun	a joke, jest; a tune, melody
6665	populaire	adj	masculine/feminine singular attributive
6666	kerstavond	noun	Christmas Eve (evening before Christmas Day)
6667	minimaal	adj	minimal
6668	krijgsraad	noun	court martial; a court where cases of military law are heard
6669	clan	noun	clan, kin group, esp. in relation to the Scottish Highlands or Scotland in general
6670	kristallen	noun	plural of kristal
6671	genegeerd	verb	past participle of negeren
6672	digitale	adj	masculine/feminine singular attributive
6673	ridders	noun	plural of ridder
6674	verliezer	noun	loser (person who loses; one who fails to win)
6675	overigens	adv	besides
6676	vanzelfsprekend	adj	self-evident, evidently, obviously
6677	stropdas	noun	necktie
6678	gezamenlijke	adj	masculine/feminine singular attributive
6679	hersenschudding	noun	concussion (medical condition)
6680	werkgever	noun	an employer
6681	dekens	noun	plural of deken
6682	suv	noun	SUV (sports utility vehicle)
6683	vertegenwoordigt	verb	second/third-person singular present indicative
6684	pomp	noun	pump (device for moving liquid or gas)
6685	dakloze	noun	homeless person
6686	och	intj	alas
6687	piraat	noun	a pirate, one who plunders at sea
6688	opgeleverd	verb	past participle of opleveren
6689	uniformen	noun	plural of uniform
6690	wortel	noun	root (especially of a plant)
6691	wei	noun	a product obtained from milk; whey
6692	vakbond	noun	trade union
6693	beantwoordt	verb	second/third-person singular present indicative
6694	aangetast	verb	past participle of aantasten
6695	literatuur	noun	literature
6696	oprit	noun	driveway
6697	betreden	verb	to tread upon; to enter, to come in
6698	contracten	noun	plural of contract
6699	trucjes	noun	plural of trucje
6700	onvermijdelijk	adj	inevitable
6701	nobel	adj	noble, honourable
6702	verwachting	noun	expectation; forecast
6703	korter	adj	comparative degree of kort
6704	loterij	noun	lottery
6705	verraders	noun	plural of verrader
6706	teruggebracht	verb	past participle of terugbrengen
6707	dingetje	noun	diminutive of ding
6708	jupiter	name	Jupiter (planet)
6709	end	noun	end; a (short) length of something, particularly rope
6710	groet	noun	greeting
6711	ontken	verb	first-person singular present indicative
6712	nagekeken	verb	past participle of nakijken
6713	beïnvloed	verb	first-person singular present indicative
6714	controleerde	verb	singular past indicative
6715	absolute	adj	masculine/feminine singular attributive
6716	steak	noun	steak
6717	offers	noun	plural of offer
6718	spannende	adj	masculine/feminine singular attributive
6719	evacuatie	noun	evacuation (the act of emptying)
6720	fik	noun	fire
6721	pikt	verb	second/third-person singular present indicative
6722	are	noun	are, a unit of surface area
6723	teruggekeerd	verb	past participle of terugkeren
6724	brazilië	name	Brazil (a large Portuguese-speaking country in South America)
6725	letsel	noun	lesion, injury
6726	dankbaarheid	noun	thankfulness, gratitude
6727	e.	noun	abbreviation of edele
6728	uithangen	verb	to hang out; to hang around, to be (in a place)
6729	dooie	adj	masculine/feminine singular attributive
6730	subtiel	adj	subtle (hard to grasp)
6731	voordoen	verb	to demonstrate; to occur
6732	grondwet	noun	constitution
6733	kastje	noun	diminutive of kast
6734	lip	noun	lip (part of the mouth)
6735	schud	verb	first-person singular present indicative
6736	pogingen	noun	plural of poging
6737	enigszins	adv	somewhat; to some degree; rather; slightly
6738	legers	noun	plural of leger
6739	provincie	noun	province; countryside, hinterland
6740	intelligente	adj	masculine/feminine singular attributive
6741	bezoekje	noun	diminutive of bezoek
6742	jet	name	a female given name
6743	neerzetten	verb	to set down, deposit, put down
6744	agente	noun	female police officer
6745	wal	noun	coast, shore (side of land near to the water)
6746	brits	adj	British
6747	meerderheid	noun	majority
6748	realistisch	adj	realistic
6749	afstandsbediening	noun	remote control
6750	afkomst	noun	origin, birth, descent
6751	deugt	verb	second/third-person singular present indicative
6752	semester	noun	semester (period of six months)
6753	vlot	adj	smooth, easy; quick, fast
6754	bewaarde	verb	singular past indicative
6755	blikken	adj	tin, tinnen, made of a light tinplate (or similar metallic alloy) as produced for cans
6756	horizon	noun	horizon
6757	overboord	adv	overboard
6758	insect	noun	insect, arthropod of the class Insecta
6759	uitgekomen	verb	past participle of uitkomen
6760	verkrachter	noun	rapist; violator, offender
6761	warmer	adj	comparative degree of warm
6762	rekken	verb	to stretch; to prolong (in duration)
6763	trofee	noun	trophy
6764	zwager	noun	brother-in-law (brother of one's spouse or husband of one's sibling)
6765	behoeften	noun	plural of behoefte
6766	boren	verb	to drill
6767	sushi	noun	sushi
6768	vervullen	verb	to fulfill
6769	thuiskomen	verb	to come home
6770	nationaal	adj	national
6771	ge	pron	unstressed form of gij (“you”)
6772	minuutjes	noun	plural of minuutje
6773	tillen	verb	to lift, to raise
6774	hacker	noun	a hacker
6775	ark	noun	ark (ark of the covenant)
6776	uitgesproken	verb	past participle of uitspreken
6777	onderhandelingen	noun	plural of onderhandeling
6778	gehoor	noun	hearing (faculty)
6779	bezoeker	noun	visitor
6780	pinda	noun	a peanut, the nut-like pod containing the edible seed(s) of a leguminous plant
6781	deelde	verb	singular past indicative
6782	gedrukt	verb	past participle of drukken
6783	redelijke	adj	masculine/feminine singular attributive
6784	mate	noun	measure
6785	genezing	noun	healing, recovery
6786	overdracht	noun	transfer; transference
6787	cocktail	noun	cocktail
6788	kusje	noun	diminutive of kus
6789	excuseert	verb	second/third-person singular present indicative
6790	schepsel	noun	creature, a life form (believed to be created in most religious traditions)
6791	stinkende	verb	masculine/feminine singular attributive
6792	napoleon	noun	the 20-franc gold coin
6793	rente	noun	interest, payment for credit
6794	reacties	noun	plural of reactie
6795	verplichtingen	noun	plural of verplichting
6796	objecten	noun	plural of object
6797	parade	noun	a parade; a festive or ceremonial procession
6798	misdrijven	noun	plural of misdrijf
6799	liften	verb	to hitch a ride, to hitchhike
6800	schrijvers	noun	plural of schrijver
6801	geheugenverlies	noun	memory loss, amnesia
6802	konijnen	noun	plural of konijn
6803	verwerkt	verb	second/third-person singular present indicative
6804	schuldige	noun	a guilty person, an offender, a perpetrator
6805	rechterkant	noun	right-hand side
6806	tijde	noun	dative singular of tijd
6807	luiers	noun	plural of luier
6808	rapporteren	verb	to report
6809	beledigend	verb	present participle of beledigen
6810	vastzit	verb	first/second/third-person singular dependent-clause present indicative of vastzitten
6811	waaruit	adv	pronominal adverb form of uit + wat
6812	amsterdam	name	Amsterdam; Amsterdam Island
6813	heldere	adj	masculine/feminine singular attributive
6814	pleegt	verb	second/third-person singular present indicative
6815	wanhopige	adj	masculine/feminine singular attributive
6816	nikker	noun	a nigger (offensive slur for a black person)
6817	verwend	verb	past participle of verwennen
6818	behulp	noun	help, aid
6819	profeet	noun	prophet, a messenger chosen by God
6820	kontje	noun	diminutive of kont
6821	holt	verb	second/third-person singular present indicative
6822	verbeterd	verb	past participle of verbeteren
6823	bevalling	noun	labor (process of giving birth)
6824	pakistan	name	Pakistan (a country in South Asia)
6825	matras	noun	a mattress (a firm pad on which a person can recline and sleep)
6826	zuiveren	verb	to cleanse, purify
6827	achtervolgt	verb	second/third-person singular present indicative
6828	fonds	noun	fund (amount of money, usually on an account, destined for some purpose)
6829	verloving	noun	engagement (before marrying)
6830	bert	name	a male given name, equivalent to English Bert
6831	spuiten	verb	to squirt, to spout
6832	drong	verb	singular past indicative of dringen
6833	functies	noun	plural of functie
6834	overtuiging	noun	persuasion; belief, opinion
6835	snee	noun	cut (an opening resulting from cutting)
6836	adelaar	noun	eagle (Any of several large carnivorous birds in the family Accipitridae)
6837	vervolg	noun	sequel, follow-up
6838	bree	name	a city and municipality of Belgium
6839	ontvoerde	verb	singular past indicative
6840	veeg	noun	a swipe, vivid movement
6841	dergelijks	det	partitive of dergelijk
6842	verlossing	noun	release; salvation, redemption, rescue
6843	haard	noun	a hearth; a fireplace
6844	slaagt	verb	second/third-person singular present indicative
6845	overdrijft	verb	second/third-person singular dependent-clause present indicative of overdrijven
6846	internationaal	adj	international, between, concerning, or transcending multiple nations
6847	conclusies	noun	plural of conclusie
6848	plukken	verb	to pluck (i.e. to pull something sharply or to pull something out)
6849	overslaan	verb	to reduce the frequency of
6850	gedraaid	verb	past participle of draaien
6851	oorsprong	noun	origin; point, place or line whence one originates
6852	manschappen	noun	plural of manschap
6853	woordje	noun	diminutive of woord
6854	hulpeloos	adj	defenseless; helpless (unable to defend oneself)
6855	inslag	noun	physical impact
6856	voorspelling	noun	forecast; prophecy
6857	who	name	abbreviation of Wereldgezondheidsorganisatie (“World Health Organization”): WHO
6858	zaklamp	noun	flashlight, torch (battery-powered hand-held lightsource)
6859	aanstaande	adj	masculine/feminine singular attributive
6860	lood	noun	lead; lot (old unit of weight, equal to 1⁄30 or 1⁄32 of a pound)
6861	neukte	verb	singular past indicative
6862	gesmolten	verb	past participle of smelten
6863	ontstond	verb	singular past indicative of ontstaan
6864	afloopt	verb	second/third-person singular dependent-clause present indicative of aflopen
6865	droegen	verb	plural past indicative
6866	gerookt	verb	past participle of roken
6867	voertuigen	noun	plural of voertuig
6868	psychologie	noun	psychology
6869	geestelijk	adj	mental, concerning the mind
6870	zoom	noun	edge, border; hem (border of a cloth that is turned around and stitched)
6871	stadion	noun	stadium, arena
6872	chemicaliën	noun	plural of chemicalie
6873	master	noun	a master, boss, superior
6874	geknoeid	verb	past participle of knoeien
6875	hilarisch	adj	hilarious, comical
6876	label	noun	quality label; music label
6877	muizen	noun	plural of muis
6878	confrontatie	noun	confrontation
6879	vangst	noun	a catch, a haul (that which has been caught)
6880	humeur	noun	mood, mental state
6881	slipje	noun	diminutive of slip
6882	observatie	noun	observation
6883	verwond	verb	first-person singular present indicative
6884	uitrusten	verb	to rest
6885	verzoeken	verb	to request, to demand politely, to petition
6886	kustwacht	noun	coast guard
6887	vernederen	verb	to humiliate, humble
6888	gereisd	verb	past participle of reizen
6889	bondgenoot	noun	ally (member of the same alliance; one who offers support when needed)
6890	werkwijze	noun	working method, working procedure
6891	streep	noun	stripe; a short stroke (e.g. of the pen)
6892	rondjes	noun	plural of rondje
6893	kraan	noun	crane (machine for lifting)
6894	bordeel	noun	brothel, bordello
6895	verenigd	adj	united
6896	bandje	noun	diminutive of band (“connection; tyre; tape”)
6897	magazine	noun	magazine (periodical publication)
6898	spaghetti	noun	spaghetti
6899	verbetering	noun	an improvement, amelioration
6900	onbelangrijk	adj	unimportant
6901	artikelen	noun	plural of artikel
6902	afgehandeld	verb	past participle of afhandelen
6903	traditionele	adj	masculine/feminine singular attributive
6904	kids	noun	children
6905	medium	noun	means, system or instrument for fulfilling an end
6906	meewerkt	verb	second/third-person singular dependent-clause present indicative of meewerken
6907	dolfijnen	noun	plural of dolfijn
6908	monteur	noun	mechanic
6909	taco	noun	taco
6910	aangename	adj	masculine/feminine singular attributive
6911	toegegeven	verb	past participle of toegeven
6912	versterken	verb	to strengthen; to reinforce, to strengthen
6913	kostuums	noun	plural of kostuum
6914	griekenland	name	Greece (a country in Southeastern Europe)
6915	paspoorten	noun	plural of paspoort
6916	zaakjes	noun	plural of zaakje
6917	toiletten	noun	plural of toilet
6918	uitvinding	noun	invention
6919	update	noun	an update
6920	klep	noun	hatch; visor
6921	accountant	noun	an accountant; an account-keeper or auditor
6922	bedtijd	noun	bedtime
6923	verdenken	verb	to suspect (that someone is guilty)
6924	spoel	noun	spool; inductor
6925	neiging	noun	tendency, inclination
6926	afleveren	verb	to deliver, to drop off
6927	ongebruikelijk	adj	unusual
6928	leerden	verb	plural past indicative
6929	offeren	verb	to sacrifice
6930	ingrijpen	verb	to intervene
6931	hierachter	adv	pronominal adverb form of achter + dit
6932	knip	verb	first-person singular present indicative
6933	negeert	verb	second/third-person singular present indicative
6934	contactpersoon	noun	contact, contact person
6935	christelijke	adj	masculine/feminine singular attributive
6936	verzint	verb	second/third-person singular present indicative
6937	crack	noun	crack (variety of cocaine)
6938	economische	adj	masculine/feminine singular attributive
6939	slok	noun	draught, sip, gulp
6940	geneest	verb	second/third-person singular present indicative
6941	tegoed	noun	credit, amount you are owed
6942	rivieren	noun	plural of rivier
6943	immuniteit	noun	immunity
6944	militairen	noun	plural of militair
6945	vernedering	noun	humiliation, either active or passive
6946	heersen	verb	to rule; to prevail
6947	benaderd	verb	past participle of benaderen
6948	hebzucht	noun	greed, avarice
6949	uitdoen	verb	to take off (clothes)
6950	beha	noun	bra
6951	gedeeltelijk	adj	partial
6952	cavalerie	noun	cavalry (part of the military that is on horseback)
6953	beeldschoon	adj	gorgeous
6954	presenteren	verb	to present; to show; to present
6955	verkleden	verb	to dress up, put on a costume
6956	verdenking	noun	suspicion
6957	roddels	noun	plural of roddel
6958	passagier	noun	passenger
6959	slik	verb	first-person singular present indicative
6960	verbindt	verb	second/third-person singular present indicative
6961	laser	noun	laser (monochromatic, coherent beam of light)
6962	klets	verb	first-person singular present indicative
6963	huishoudster	noun	female housekeeper, cleaning lady
6964	bevestig	verb	first-person singular present indicative
6965	gangen	noun	plural of gang
6966	adressen	noun	plural of adres
6967	uitkijk	noun	lookout (place from where one watches)
6968	zootje	noun	diminutive of zooi
6969	hamburgers	noun	plural of hamburger
6970	berouw	noun	remorse; regret
6971	vogeltje	noun	diminutive of vogel
6972	banaan	noun	banana; plantain
6973	intimidatie	noun	intimidation
6974	brandweerman	noun	a fireman, male member of a fire department
6975	neven	prep	beside, next to
6976	tegenstanders	noun	plural of tegenstander
6977	aandoening	noun	ailment; emotion
6978	regiment	noun	regiment (division of an army)
6979	gedekt	verb	past participle of dekken
6980	zogenaamd	adj	so-called (having such a name, being called such)
6981	gepikt	verb	past participle of pikken
6982	versturen	verb	to send (off); to dispatch
6983	heupen	noun	plural of heup
6984	pompen	verb	to pump; to fuck, to bang
6985	overmorgen	adv	overmorrow, the day after tomorrow
6986	meet	noun	the finish line in a competition
6987	hormonen	noun	plural of hormoon
6988	pindakaas	noun	peanut butter (a spread made from ground peanuts)
6989	braken	verb	to vomit; to be busy
6990	overtuigde	verb	singular past indicative
6991	vergiftigen	verb	to poison (to use poison to kill or paralyse)
6992	voedt	verb	second/third-person singular present indicative
6993	vlinder	noun	butterfly, or generally any insect belonging to the order Lepidoptera
6994	teksten	noun	plural of tekst
6995	tornado	noun	tornado
6996	blog	noun	blog
6997	ergere	verb	singular present subjunctive of ergeren
6998	angstaanjagend	adj	frightening, terrifying
6999	aardappelen	noun	plural of aardappel
7000	meldde	verb	singular past indicative
7001	belanden	verb	to end up
7002	achterbank	noun	the set of adjacent, connecting back seats of a vehicle; rear bench
7003	ra	noun	spar (horizontal beam or pole of a ship's mastwork)
7004	modern	adj	modern; modernist
7005	ondersteboven	adv	upside down
7006	stemt	verb	second/third-person singular present indicative
7007	stammen	verb	to descend; to derive
7008	toets	noun	button, key (on a keyboard or other input device)
7009	onderaan	prep	at the bottom of
7010	uitgever	noun	publisher
7011	achtervolgd	verb	past participle of achtervolgen
7012	elite	noun	elite (group with a high or privileged status)
7013	bacteriën	noun	plural of bacterie
7014	röntgenfoto	noun	radiograph, X-ray photograph
7015	lila	noun	lilac (color)
7016	motie	noun	motion, vote, proposal
7017	oorbellen	noun	plural of oorbel
7018	remedie	noun	remedy
7019	repeteren	verb	to repeat; to rehearse
7020	indringers	noun	plural of indringer
7021	vergroten	verb	to enlarge; to increase
7022	wildernis	noun	wilderness
7023	wereldwijd	adj	worldwide
7024	winters	adj	wintry, winterlike
7025	diegenen	pron	personal plural of diegene; those who, those which
7026	afgezegd	verb	past participle of afzeggen
7027	postbode	noun	postperson, mailperson (a person who delivers the mail), letter carrier
7028	veranda	noun	veranda
7029	geprogrammeerd	verb	past participle of programmeren
7030	surfen	verb	to surf; to surf (the web)
7031	server	noun	server (a computer or software that provides services to other programs or users)
7032	betreffende	prep	concerning
7033	toeslaan	verb	to slam closed; to seize the chance (e.g. to strike), to take advantage of a situation
7034	opwarmen	verb	to warm up
7035	formeel	adj	formal
7036	publiceren	verb	to publish
7037	berichtje	noun	diminutive of bericht
7038	barsten	verb	to burst, split completely
7039	lopend	verb	present participle of lopen
7040	zonnebril	noun	a pair of sunglasses
7041	rector	noun	rector
7042	vaderland	noun	fatherland; Heaven
7043	aids	noun	AIDS
7044	chanteren	verb	to extort money, to blackmail
7045	beton	noun	concrete
7046	botsing	noun	collision; wreck
7047	vertegenwoordiger	noun	representative
7048	grondgebied	noun	territory (of a country, jurisdiction, etc.)
7049	weerhouden	verb	to hold back
7050	evengoed	adv	just as well; all in all
7051	aanpassingen	noun	plural of aanpassing
7052	verslaafde	noun	an addict; in particular a drug addict
7053	brandwonden	noun	plural of brandwond
7054	verkering	noun	social contact, intercourse, dealings among people
7055	laf	adj	cowardly
7056	roofdieren	noun	plural of roofdier
7057	garnalen	noun	plural of garnaal
7058	hielen	noun	plural of hiel
7059	afwezig	adj	absent; absent-minded
7060	medeplichtig	adj	sharing in guilt
7061	gaatje	noun	diminutive of gat
7062	beangstigend	verb	present participle of beangstigen
7063	verwijten	verb	to blame for
7064	gezoend	verb	past participle of zoenen
7065	priesters	noun	plural of priester
7066	ving	verb	singular past indicative of vangen
7067	kostbaar	adj	valuable, precious
7068	juf	noun	female teacher, school mistress
7069	dynamiet	noun	dynamite
7070	uitpakken	verb	to unpack, to unload things from a package
7071	forensische	adj	masculine/feminine singular attributive
7072	gedichten	noun	plural of gedicht
7073	verontrustend	adj	disturbing; troubling
7074	vasthoudt	verb	second/third-person singular dependent-clause present indicative of vasthouden
7075	fluit	noun	flute or the sound it creates
7076	suggestie	noun	suggestion
7077	communisten	noun	plural of communist
7078	beken	noun	plural of beek
7079	aangezet	verb	past participle of aanzetten
7080	laad	verb	first-person singular present indicative
7081	research	noun	research
7082	bevoegdheid	noun	authority, authorization
7083	cijfer	noun	digit, numeral; statistic, figure
7084	definitie	noun	definition (i.e. statement of the meaning of a term)
7085	luchtje	noun	diminutive of lucht: smell, odour
7086	meedoet	verb	second/third-person singular dependent-clause present indicative of meedoen
7087	grijpt	verb	second/third-person singular present indicative
7088	somber	adj	somber (US), sombre (Commonwealth)
7089	studeert	verb	second/third-person singular present indicative
7090	klimaat	noun	climate, long-term weather type
7091	verroer	verb	first-person singular present indicative
7092	inlichtingendienst	noun	intelligence agency
7093	beloond	verb	past participle of belonen
7094	klassiek	adj	classical
7095	hierzo	adv	here, over here
7096	hiervandaan	adv	pronominal adverb form of vandaan + dit
7097	flik	noun	synonym of politieagent (“police officer”)
7098	kwaliteiten	noun	plural of kwaliteit
7099	afrekenen	verb	to pay (a purchase, an owed amount)
7100	japans	adj	Japanese; Japonic
7101	aantonen	verb	demonstrate, show, prove
7102	beschreven	verb	plural past indicative
7103	overlevende	verb	masculine/feminine singular attributive
7104	boodschapper	noun	messenger
7105	onsterfelijk	adj	immortal, not susceptible to death
7106	gesticht	noun	psychiatric ward, mental asylum
7107	liefhebben	verb	to love (to have a strong affection for)
7108	vergaan	verb	to rot, to perish, to expire
7109	gans	noun	a goose
7110	tegenaan	circumpos	against (touching)
7111	ontsteking	noun	inflammation; ignition (of engines or explosives)
7112	buitenwereld	noun	outside world
7113	argument	noun	an argument (fact or statement used to support a proposition)
7114	onderwerpen	verb	to subject
7115	vloeken	verb	to curse, to damn, invoke a negative spell
7116	uitsluiten	verb	to exclude; to preclude
7117	ongewapend	adj	unarmed
7118	matroos	noun	sailor, seaman
7119	innerlijke	adj	masculine/feminine singular attributive
7120	lullig	adj	annoying, inconsiderate, unpleasant, dickish
7121	boekhouding	noun	bookkeeping, accounting
7122	gestapt	verb	past participle of stappen
7123	verslaving	noun	addiction; enslavement, act of enslaving or slavehood
7124	misleid	verb	first-person singular present indicative
7125	talen	verb	to long, to care
7126	scheet	noun	fart; a windy quantity, a bit
7127	essentieel	adj	essential
7128	heiligheid	noun	holiness (quality or state of being holy, sacred)
7129	overgehaald	verb	past participle of overhalen
7130	stoten	verb	to push; to shock or to shake
7131	kisten	verb	to lay in a coffin or casket
7132	kapel	noun	chapel, small Christian place of worship
7133	smelt	noun	a quantity of molten material
7134	hoopten	verb	plural past indicative
7135	interessants	adj	partitive of interessant
7136	eigenschappen	noun	plural of eigenschap
7137	portland	name	a neighbourhood of Albrandswaard, South Holland, Netherlands
7138	besmettelijk	adj	contagious
7139	begeleid	verb	first-person singular present indicative
7140	verraadt	verb	second/third-person singular present indicative
7141	stormen	verb	to blow strongly
7142	naalden	noun	plural of naald
7143	vriezer	noun	freezer
7144	toost	noun	drink toast
7145	verplaats	verb	first-person singular present indicative
7146	decaan	noun	dean; school counselor, guidance counselor
7147	sprookje	noun	fairy tale; a usually old, allegorical short story
7148	mede	adv	co-; with someone or something else (mee)
7149	verschenen	verb	plural past indicative
7150	afronden	verb	to round up; to round off, wrap up
7151	piek	noun	a highest point; a peak
7152	hielpen	verb	plural past indicative
7153	winnaars	noun	plural of winnaar
7154	rem	noun	brake
7155	opmaken	verb	to use up (e.g. money) or eat up (all that's left to eat)
7156	surveillance	noun	stakeout
7157	twijfelde	verb	singular past indicative
7158	amateur	noun	amateur
7159	midden-oosten	name	Middle East
7160	polsen	verb	to probe, to inquire with tact
7161	opgeeft	verb	second/third-person singular dependent-clause present indicative of opgeven
7162	geintjes	noun	plural of geintje
7163	verhuist	verb	second/third-person singular present indicative
7164	tijdverspilling	noun	waste of time
7165	accu	noun	battery; accumulator
7166	baai	noun	bay
7167	verminderen	verb	to diminish, to decrease
7168	veroordeelde	adj	masculine/feminine singular attributive
7169	bacon	noun	back bacon
7170	beller	noun	caller, someone who calls in
7171	antwoordt	verb	second/third-person singular present indicative
7172	oefeningen	noun	plural of oefening
7173	koepel	noun	cupola, dome
7174	si	noun	musical note; ti
7175	w	adv	abbreviation of west; west
7176	knaap	noun	boy, usually adolescent
7177	boterham	noun	a slice of bread
7178	biecht	noun	confession
7179	schikking	noun	arrangement, layout
7180	duwt	verb	second/third-person singular present indicative
7181	ufo	noun	UFO (all meanings)
7182	inbreker	noun	burglar
7183	vaten	noun	plural of vat
7184	geschilderd	verb	past participle of schilderen
7185	cruciaal	adj	crucial, vital, pivotal
7186	lokaas	noun	bait; lure, especially in angling
7187	beweerde	verb	singular past indicative
7188	ruïneren	verb	to ruin, destroy
7189	vaccin	noun	vaccine
7190	trouwring	noun	wedding ring
7191	hemelse	adj	masculine/feminine singular attributive
7192	caravan	noun	caravan (type of trailer, mobile home)
7193	inspectie	noun	inspection
7194	lijfwacht	noun	bodyguard (protector)
7195	gate	noun	airport gate
7196	ollie	name	a diminutive of the male given name Oliver
7197	slopen	verb	to demolish; to waste someone, beat up
7198	geheimpje	noun	diminutive of geheim
7199	voelden	verb	plural past indicative
7200	vermoeiend	verb	present participle of vermoeien
7201	eden	noun	plural of eed
7202	aardse	name	a male given name, variant of Arnold
7203	verdoving	noun	anesthesia
7204	geconfronteerd	verb	past participle of confronteren
7205	wijven	noun	plural of wijf
7206	langskwam	verb	singular dependent-clause past indicative of langskomen
7207	map	noun	folder; directory, folder
7208	latijn	noun	Latin, a citizen of Ancient Rome or the region of Latium
7209	drugsdealer	noun	drug dealer
7210	auteur	noun	author; composer, artist, creator of a work
7211	killer	adj	comparative degree of kil
7212	lopende	verb	masculine/feminine singular attributive
7213	onbeschoft	adj	not polite
7214	isabella	name	a female given name
7215	erkennen	verb	to acknowledge, to recognize
7216	maskers	noun	plural of masker
7217	vijandig	adj	hostile (with an aggressive approach; belonging or appropriate to an enemy)
7218	producer	noun	producer
7219	waartoe	adv	pronominal adverb form of tot + wat
7220	meerijden	verb	to ride along, to ride a vehicle as a passenger
7221	eitje	noun	diminutive of ei
7222	ondergronds	adj	underground
7223	creëert	verb	second/third-person singular present indicative
7224	mand	noun	basket (receptacle, traditionally made of wicker, now also frequently of plastic)
7225	berekeningen	noun	plural of berekening
7226	erge	adj	masculine/feminine singular attributive
7227	hospitaal	noun	hospital, now in particular a military hospital
7228	pikte	verb	singular past indicative
7229	kijkers	noun	plural of kijker
7230	eindeloze	adj	masculine/feminine singular attributive
7231	kompas	noun	compass (navigational compass)
7232	gevangenisstraf	noun	prison sentence
7233	dekt	verb	second/third-person singular present indicative
7234	plakken	verb	to stick; to glue, to paste
7235	achterlaat	verb	first/second/third-person singular dependent-clause present indicative of achterlaten
7236	2e	adj	abbreviation of tweede (“second”); 2nd
7237	uittrekken	verb	to take off (clothes)
7238	verzamelt	verb	second/third-person singular present indicative
7239	intuïtie	noun	intuition
7240	trotse	adj	masculine/feminine singular attributive
7241	koor	noun	choir, vocal ensemble
7242	verwijt	noun	reproach
7243	verantwoordelijkheden	noun	plural of verantwoordelijkheid
7244	flirt	verb	first/second/third-person singular present indicative
7245	boef	noun	crook, thief, thug
7246	maniak	noun	maniac, a manic individual
7247	studeer	verb	first-person singular present indicative
7248	vervalst	verb	second/third-person singular present indicative
7249	aankwamen	verb	plural dependent-clause past indicative
7250	maaltijden	verb	to take a meal, to eat at a mealtime
7251	meedogenloos	adj	ruthless, merciless
7252	worp	noun	the act of giving birth in mammals
7253	enthousiasme	noun	enthusiasm, feeling of excitement
7254	ongelukkige	adj	indefinite masculine and feminine singular
7255	ceo	noun	CEO; chief executive officer
7256	zijt	verb	second-person (gij) singular present indicative of zijn
7257	verlenen	verb	to grant
7258	professional	noun	a professional practitioner of a trade, métier.
7259	ontplofte	verb	singular past indicative
7260	nonsens	noun	nonsense (meaningless words)
7261	wurgen	verb	to strangle, to strangulate
7262	prototype	noun	prototype
7263	tobias	name	Tobias (Biblical character)
7264	tandenborstel	noun	toothbrush
7265	asiel	noun	asylum (state of legal protection)
7266	element	noun	element
7267	goot	noun	gutter
7268	trillen	verb	to tremble, to twitch
7269	afpersing	noun	extortion
7270	hoofdkantoor	noun	head office, headquarters
7271	terugweg	noun	way back
7272	cognac	noun	cognac
7273	juridisch	adj	juridical
7274	onduidelijk	adj	unclear; confusing
7275	beëindigd	verb	past participle of beëindigen
7276	spoorloos	adj	traceless, trackless, without a trace
7277	snijd	verb	first-person singular present indicative
7278	leende	verb	singular past indicative
7279	bewapend	verb	past participle of bewapenen
7280	grotten	noun	plural of grot
7281	noodzaak	noun	necessity, need
7282	haakjes	noun	plural of haakje
7283	symbolen	noun	plural of symbool
7284	schutters	noun	plural of schutter
7285	uitgepraat	verb	past participle of uitpraten
7286	fee	noun	fairy
7287	afgebroken	verb	past participle of afbreken
7288	schimmel	noun	mould; fungus, any member of the kingdom Fungi
7289	pakjes	noun	plural of pakje
7290	daarnaast	adv	pronominal adverb form of naast + dat
7291	jade	noun	jade
7292	ontvoerders	noun	plural of ontvoerder
7293	mantel	noun	cape, cloak, mantle
7294	portret	noun	portrait
7295	gezeur	noun	sour mood; nagging
7296	filmpje	noun	diminutive of film
7297	song	noun	song
7298	alsnog	adv	as yet, still
7299	avonturen	noun	plural of avontuur
7300	bespioneren	verb	to spy on, to scope out
7301	klusjes	noun	plural of klusje
7302	lo	noun	matrilineal clan within a Maroon tribe
7303	tessa	name	a female given name
7304	creditcards	noun	plural of creditcard
7305	godver	intj	clipping of godverdomme
7306	verzonden	verb	plural past indicative
7307	afgeleverd	verb	past participle of afleveren
7308	territorium	noun	territory
7309	bowlen	verb	to bowl, to play bowling
7310	verslaat	verb	second/third-person singular present indicative
7311	schijten	verb	to shit, to poop
7312	dump	verb	first-person singular present indicative
7313	trent	name	a hamlet in Maashorst, North Brabant, Netherlands
7314	exclusief	adj	exclusive
7315	account	noun	a subscription to an electronic service
7316	bizarre	adj	masculine/feminine singular attributive
7317	agressie	noun	hostile, aggressive behaviour, aggression
7318	vaststellen	verb	to determine, to ascertain
7319	deugd	noun	virtue
7320	afluisteren	verb	to eavesdrop
7321	geproefd	verb	past participle of proeven
7322	buig	verb	first-person singular present indicative
7323	continent	noun	continent (landmass)
7324	nederlaag	noun	defeat
7325	vertalen	verb	to translate
7326	picknick	noun	picnic
7327	treft	verb	second/third-person singular present indicative
7328	touwen	noun	plural of touw
7329	union	noun	a trade union
7330	raars	adj	partitive of raar
7331	verstoord	verb	past participle of verstoren
7332	verleidelijk	adj	alluring, tempting, seductive
7333	daklozen	noun	plural of dakloze
7334	koesteren	verb	to cherish; to pamper, to spoil
7335	stadhuis	noun	town hall, city hall
7336	volgelingen	noun	plural of volgeling
7337	voorschot	noun	advance payment
7338	vult	verb	second/third-person singular present indicative
7339	eekhoorn	noun	squirrel; red squirrel (Sciurus vulgaris)
7340	ambtenaar	noun	civil servant
7341	nachtje	noun	diminutive of nacht
7342	kruip	verb	first-person singular present indicative
7343	aankondiging	noun	announcement, notice
7344	train	verb	first-person singular present indicative
7345	verhoord	verb	past participle of verhoren
7346	versloeg	verb	singular past indicative of verslaan
7347	scannen	verb	to scan (create an image of something with the use of a scanner)
7348	vreten	verb	to eat savagely, stuff, hog, wolf (down), gobble
7349	waardering	noun	appreciation; appraisal
7350	sonde	noun	probe; feeding tube (medical equipment)
7351	monnik	noun	monk
7352	apparaten	noun	plural of apparaat
7353	volbracht	verb	singular past indicative of volbrengen
7354	verlichten	verb	to lighten, alleviate (make less heavy)
7355	onhandig	adj	clumsy, maladroit
7356	arrestatiebevel	noun	arrest warrant
7357	dino	noun	a dino, a dinosaur; archosaur of the super-order Dinosauria
7358	zuid-amerika	name	South America (the continent forming the southern part of the Americas)
7359	sigaren	noun	plural of sigaar
7360	syndroom	noun	syndrome
7361	klokken	noun	plural of klok
7362	gehuild	verb	past participle of huilen
7363	wegsturen	verb	to send away; to dismiss
7364	onderwereld	noun	netherworld, underworld
7365	loodgieter	noun	plumber
7366	goedkeuren	verb	to approve, to confirm, to endorse
7367	huisbaas	noun	a landlord, who rents a home he owns, or room(s) in it, to one or more tenants
7368	studies	noun	plural of studie
7369	aderen	noun	plural of ader
7370	maffe	adj	masculine/feminine singular attributive
7371	verlost	verb	second/third-person singular present indicative
7372	arena	noun	arena (enclosed area for the presentation of sporting or other spectacular events)
7373	opgekomen	verb	past participle of opkomen
7374	strot	noun	throat, gorge; larynx
7375	spaargeld	noun	one's savings
7376	uitgevallen	verb	past participle of uitvallen
7377	posten	verb	to post, to mail
7378	bedekken	verb	to cover, bedeck
7379	kloof	noun	gap, gorge, ravine
7380	beveiligingscamera	noun	security camera
7381	bah	intj	An exclamation of disapproval, contempt or disgust: bah, yuck
7382	tomaten	noun	plural of tomaat
7383	list	noun	a cunning plan, a ruse, a trick
7384	biologisch	adj	biological (of biology)
7385	middenin	adv	in the middle
7386	mishandeld	verb	past participle of mishandelen
7387	halte	noun	stop (place to get on and off line buses or trams)
7388	zeur	noun	a (female) sour or whiny person
7389	effecten	noun	plural of effect
7390	cover	noun	a cover, cover song, cover version
7391	versterkt	verb	second/third-person singular present indicative
7392	opgroeide	verb	singular past indicative
7393	koffertje	noun	diminutive of koffer
7394	platform	noun	a platform, flat surface, notably a dais or stage
7395	oneindig	adj	infinite, boundless, endless, unlimited
7396	onvoorspelbaar	adj	unpredictable
7397	gevaarlijker	adj	comparative degree of gevaarlijk
7398	aanvragen	verb	to request, to apply for, to order
7399	dagje	noun	diminutive of dag
7400	leiderschap	noun	leadership
7401	voorrecht	noun	privilege (a right that (most) others do not have)
7402	vn	name	UN
7403	hoepel	noun	hoop; hula hoop
7404	neerhalen	verb	to shoot down
7405	parlement	noun	parliament
7406	tragische	adj	masculine/feminine singular attributive
7407	ontvoerder	noun	an abductor, a kidnapper (person who kidnaps someone)
7408	broederschap	noun	brotherhood, a fraternal quality or relationship
7409	stempel	noun	stamp, die, seal (of wax)
7410	verpleegsters	noun	plural of verpleegster
7411	schermen	verb	to fence
7412	lekt	verb	second/third-person singular present indicative
7413	luidt	verb	second/third-person singular present indicative
7414	verwarming	noun	heating (system)
7415	reactor	noun	atomic reactor; chemical reactor
7416	flikken	verb	to do, to pull off
7417	trapte	verb	singular past indicative
7418	herhaling	noun	repetition; repeat, rerun
7419	verlang	verb	first-person singular present indicative
7420	capsule	noun	capsule (encapsulation containing drugs or supplements)
7421	bederven	verb	to spoil, to go off, to go bad
7422	vijver	noun	pond
7423	clowns	noun	plural of clown
7424	monitor	noun	screen, display
7425	noordpool	noun	north pole
7426	eindig	adj	finite
7427	inhoudt	verb	second/third-person singular dependent-clause present indicative of inhouden
7428	wachters	noun	plural of wachter
7429	christen	noun	Christian
7430	knoppen	noun	plural of knop
7431	qua	prep	regarding, concerning, in terms of
7432	italianen	noun	plural of Italiaan
7433	stikt	verb	second/third-person singular present indicative
7434	losmaken	verb	to make loose, to undo, unfasten
7435	bloedingen	noun	plural of bloeding
7436	opgericht	verb	past participle of oprichten
7437	medeplichtige	noun	accomplice; accessory (assisting a crime)
7438	toestaat	verb	second/third-person singular dependent-clause present indicative of toestaan
7439	opgespoord	verb	past participle of opsporen
7440	trapt	verb	second/third-person singular present indicative
7441	trof	verb	singular past indicative of treffen
7442	daartoe	adv	for that purpose, to that end
7443	zooitje	noun	diminutive of zooi
7444	constante	noun	constant, non-variable factor or quantity
7445	maximum	noun	maximum
7446	vergt	verb	second/third-person singular present indicative
7447	zwaarden	noun	plural of zwaard
7448	ontdek	verb	first-person singular present indicative
7449	angstig	adj	fearful, anxious
7450	negers	noun	plural of neger
7451	granaten	noun	plural of granaat
7452	mozes	name	Moses
7453	kochten	verb	plural past indicative
7454	gegarandeerd	verb	past participle of garanderen
7455	roeping	noun	vocation, calling
7456	tikt	verb	second/third-person singular present indicative
7457	arrogante	adj	masculine/feminine singular attributive
7458	voeding	noun	food (for people), diet
7459	identiek	adj	identical (exactly equal to)
7460	pis	noun	piss; cheap beer
7461	werkende	verb	masculine/feminine singular attributive
7462	uitkomst	noun	an outcome, a result
7463	sanders	name	a surname originating as a patronymic
7464	konvooi	noun	convoy
7465	afwijking	noun	deviation; anomaly, abnormality
7466	vastzitten	verb	to be stuck; to be in the state of incarceration
7467	bedienden	noun	plural of bediende
7468	ontwikkelde	verb	singular past indicative
7469	ingeschreven	verb	past participle of inschrijven
7470	ongewone	adj	masculine/feminine singular attributive
7471	gastvrijheid	noun	hospitality
7472	elimineren	verb	to eliminate
7473	lekken	verb	to leak, be leaky
7474	ieders	pron	everybody's
7475	viool	noun	violin, fiddle
7476	darmen	noun	plural of darm
7477	tussenuit	circumpos	out from between
7478	toegevoegd	verb	past participle of toevoegen
7479	hiernaar	adv	pronominal adverb form of naar + dit
7480	lijm	noun	glue
7481	verlicht	verb	first/second/third-person singular present indicative
7482	sentimenteel	adj	sentimental
7483	drang	noun	pressure; urge, longing
7484	armoede	noun	poverty; misery
7485	sloop	noun	pillowcase, pillowslip
7486	afgrond	noun	abyss
7487	paraplu	noun	umbrella
7488	klik	noun	click, sharp sound
7489	sint	noun	Saint; Sinterklaas
7490	knallen	verb	to bang, pop; to fire, shoot
7491	faalt	verb	second/third-person singular present indicative
7492	bestelde	verb	singular past indicative
7493	zanger	noun	a singer, songster
7494	bezoekt	verb	second/third-person singular present indicative
7495	verdraaid	verb	past participle of verdraaien
7496	opvallen	verb	to stand out; to notice
7497	potlood	noun	a pencil; graphite
7498	lesgeven	verb	to teach in class
7499	kiezers	noun	plural of kiezer
7500	zaakje	noun	diminutive of zaak
7501	hercules	name	Hercules
7502	harnas	noun	(plate) armor; protection
7503	immuun	adj	immune (not susceptible to disease)
7504	gelokt	verb	past participle of lokken
7505	blies	verb	singular past indicative of blazen
7506	gemunt	verb	past participle of munten
7507	drone	noun	drone (unmanned aircraft)
7508	handelde	verb	singular past indicative
7509	impact	noun	impact (strong influence or effect)
7510	snoepje	noun	a sweet, a piece of candy
7511	scheidt	verb	second/third-person singular present indicative
7512	gespecialiseerd	verb	past participle of specialiseren
7513	interviewen	verb	to interview
7514	lafaards	noun	plural of lafaard
7515	berecht	verb	first/second/third-person singular present indicative
7516	respecteert	verb	second/third-person singular present indicative
7517	gelukkigste	adj	masculine/feminine singular attributive
7518	opzoek	verb	first-person singular dependent-clause present indicative of opzoeken
7519	kleingeld	noun	small change
7520	steegje	noun	diminutive of steeg
7521	vertonen	verb	to show, exhibit
7522	kits	noun	ketch (small two-masted vessel)
7523	magnetische	adj	masculine/feminine singular attributive
7524	speed	noun	amphetamines
7525	bandieten	noun	plural of bandiet
7526	aansteker	noun	lighter; one who lights or kindles a fire or light source
7527	gewaardeerd	verb	past participle of waarderen
7528	stuurboord	noun	starboard (right hand side of a vessel)
7529	du	pron	Second-person singular informal pronoun; thou
7530	omgekeerd	adj	reverse, reversed
7531	smerissen	noun	plural of smeris
7532	akelig	adj	unpleasant, eerie
7533	ontrouw	adj	unfaithful, disloyal
7534	raadt	verb	second/third-person singular present indicative
7535	gehandeld	verb	past participle of handelen
7536	tatoeages	noun	plural of tatoeage
7537	jemig	intj	euphemistic form of Jezus, indicating (mostly unpleasant) surprise, wonder or amazement
7538	formulieren	noun	plural of formulier
7539	inademen	verb	to breathe in, inhale
7540	functioneren	verb	to function, to work
7541	negeerde	verb	singular past indicative
7542	riool	noun	a sewer, drain to remove filth
7543	schaden	verb	to damage, to harm, to hurt
7544	imago	noun	image; imago: the full grown form of an insect
7545	verlangt	verb	second/third-person singular present indicative
7546	verhoog	noun	dais, podium
7547	biologie	noun	biology (science of living matter)
7548	gejaagd	verb	past participle of jagen
7549	tonijn	noun	tuna (fish)
7550	vezels	noun	plural of vezel
7551	stik	verb	first-person singular present indicative
7552	prestaties	noun	plural of prestatie
7553	verhuis	verb	first-person singular present indicative
7554	level	noun	level (segment of a game)
7555	oppervlakkig	adj	shallow, superficial
7556	vijandige	adj	masculine/feminine singular attributive
7557	kam	noun	a comb, utensil to groom hair, fur etc.
7558	hell	name	a hamlet in Putten, Gelderland, Netherlands
7559	danseres	noun	female dancer
7560	aanvalt	verb	second/third-person singular dependent-clause present indicative of aanvallen
7561	voortvluchtige	adj	masculine/feminine singular attributive
7562	opvolger	noun	successor
7563	snapte	verb	singular past indicative
7564	willis	name	a neighbourhood of Zaanstad, North Holland, Netherlands
7565	pit	noun	a seed inside a fruit
7566	waardeert	verb	second/third-person singular present indicative
7567	astrid	name	a female given name
7568	sponsor	noun	sponsor
7569	gestegen	verb	past participle of stijgen
7570	gestrest	adj	stressed (mentally/emotionally)
7571	vernietigde	adj	masculine/feminine singular attributive
7572	geïsoleerd	verb	past participle of isoleren
7573	bevestigde	verb	singular past indicative
7574	fax	noun	fax
7575	gepubliceerd	verb	past participle of publiceren
7576	voorste	adj	foremost; first
7577	touwtjes	noun	plural of touwtje
7578	prostitutie	noun	prostitution, offering sex for payment
7579	gesmeerd	adj	smooth, without problems (as if grease were applied to it)
7580	beruchte	adj	masculine/feminine singular attributive
7581	vermoedde	verb	singular past indicative
7582	diepste	adj	masculine/feminine singular attributive
7583	hassan	name	a male given name from Arabic
7584	oftewel	conj	or, also called
7585	gesleept	verb	past participle of slepen
7586	ingrid	name	a female given name
7587	tokio	name	Tokyo (a prefecture, the capital and largest city of Japan)
7588	vermaakt	verb	second/third-person singular present indicative
7589	gesteund	verb	past participle of steunen
7590	telefooncel	noun	telephone box, telephone booth
7591	werker	noun	worker
7592	dreigen	verb	to threaten; to be imminent, to loom
7593	donut	noun	a doughnut, a donut
7594	tentoonstelling	noun	exposition (e.g. in a museum), exhibition
7595	rookte	verb	singular past indicative
7596	azië	name	Asia (the largest continent, located between Europe and the Pacific Ocean)
7597	mri	noun	magnetic resonance imaging
7598	stomerij	noun	dry cleaner
7599	stage	noun	probation, induction
7600	spoelen	verb	to rinse, to wash up
7601	verscheurd	verb	past participle of verscheuren
7602	dimensie	noun	dimension (measure of spatial or analogous extent)
7603	menselijkheid	noun	humanity, humaneness (quality of being humane)
7604	geconcentreerd	verb	past participle of concentreren
7605	schandalig	adj	scandalous, shameful
7606	investeerders	noun	plural of investeerder
7607	auw	intj	ouch
7608	schopte	verb	singular past indicative
7609	gemiddeld	verb	past participle of middelen
7610	speeltje	noun	a toy, a plaything
7611	verhongeren	verb	to starve
7612	onvoldoende	adj	insufficient, not enough
7613	mans	noun	plural of man
7614	gerespecteerd	verb	past participle of respecteren
7615	bemoeit	verb	second/third-person singular present indicative
7616	nachtclub	noun	nightclub
7617	eventuele	adj	masculine/feminine singular attributive
7618	wegnemen	verb	to take away
7619	stapje	noun	diminutive of stap
7620	sekte	noun	cult (socially proscribed and often novel religious group)
7621	heup	noun	hip
7622	projecten	noun	plural of project
7623	opvoeding	noun	upbringing, education (upbringing in home rather than school education)
7624	aankunnen	verb	to be able to handle, to be able to take
7625	vatten	verb	to grasp; to grasp mentally, to understand
7626	uitgewerkt	verb	past participle of uitwerken
7627	weggeweest	verb	past participle of wegwezen
7628	circuit	noun	racetrack; electric circuit
7629	artiesten	noun	plural of artiest
7630	voorstelt	verb	second/third-person singular dependent-clause present indicative of voorstellen
7631	motto	noun	motto
7632	standbeeld	noun	statue
7633	kalender	noun	calendar
7634	pink	noun	pinkie (little finger)
7635	anker	noun	anchor
7636	aziatische	noun	female Asian; a woman from Asia
7637	chagrijnig	adj	bad-tempered, grumpy, cranky
7638	fluisteren	verb	to whisper
7639	ruziën	verb	to quarrel
7640	winden	verb	to wind (turn coils of something around)
7641	olympische	adj	masculine/feminine singular attributive
7642	spontaan	adj	spontaneous
7643	wijzer	noun	one who points, directs, indicates
7644	rekent	verb	second/third-person singular present indicative
7645	uitgestorven	adj	extinct
7646	moslim	noun	Muslim; a Muslim person, adherent to Islam
7647	lullen	verb	to blather, twaddle, talk nonsense
7648	knijp	noun	saloon, bar, pub
7649	walvissen	noun	plural of walvis
7650	pijlen	noun	plural of pijl
7651	achterhoofd	noun	back of the head, occiput
7652	machteloos	adj	powerless
7653	rouw	noun	mourning; sorrow, grief
7654	doods	adj	dead, lacking life, having a dead appearance
7655	morse	verb	singular present subjunctive of morsen
7656	hiernaartoe	adv	pronominal adverb form of naartoe + dit: to here, hither
7657	tepels	noun	plural of tepel
7658	ambitieus	adj	ambitious
7659	pleit	noun	lawsuit
7660	hypocriet	noun	hypocrite
7661	geïnspireerd	verb	past participle of inspireren
7662	eerstejaars	noun	a student or pupil in one's first year
7663	poster	noun	a trade union member who is on the lookout to deter strikebreakers
7664	centraal	adj	central, being in the centre
7665	voorin	adv	in the front
7666	typische	adj	masculine/feminine singular attributive
7667	hoezeer	adv	how much (to what degree)
7668	gleed	verb	singular past indicative of glijden
7669	gemeenschappelijke	adj	masculine/feminine singular attributive
7670	fatsoen	noun	decency, propriety
7671	aangekleed	verb	past participle of aankleden
7672	vernielen	verb	to destroy
7673	uitproberen	verb	to try out
7674	zegel	noun	n a seal (object, design or pattern for solid imprinting)
7675	airco	noun	air conditioning
7676	oplevert	verb	second/third-person singular dependent-clause present indicative of opleveren
7677	sporten	verb	to practice sports in general, to play a sport, to exercise
7678	gangsters	noun	plural of gangster
7679	mohammed	name	Muhammad (prophet of Islam)
7680	irene	name	a female given name
7681	canadese	adj	masculine/feminine singular attributive
7682	omschrijven	verb	to describe
7683	gegijzeld	verb	past participle of gijzelen
7684	arrestaties	noun	plural of arrestatie
7685	duel	noun	a duel
7686	onrecht	noun	injustice
7687	aanneemt	verb	second/third-person singular dependent-clause present indicative of aannemen
7688	postkantoor	noun	post office
7689	vergelijk	verb	first-person singular present indicative
7690	holland	name	Holland (a historical province of the Netherlands)
7691	zuig	verb	first-person singular present indicative
7692	rebel	noun	rebel
7693	schokkend	adj	shocking, upsetting
7694	bouwden	verb	plural past indicative
7695	achterdochtig	adj	suspicious
7696	voortzetten	verb	to continue
7697	andromeda	name	Andromeda
7698	uitbreiden	verb	to extend, to expand
7699	zakje	noun	diminutive of zak
7700	sluipen	verb	to sneak, to move stealthily
7701	zoal	adv	Indicates that the speaker expects the listener to give examples
7702	eersteklas	adj	first-class
7703	nonnen	noun	plural of non
7704	tijdschriften	noun	plural of tijdschrift
7705	staking	noun	strike (work stoppage)
7706	elegant	adj	elegant
7707	duimen	verb	to put one or both thumbs up
7708	getuigt	verb	second/third-person singular present indicative
7709	beschuldig	verb	first-person singular present indicative
7710	bevriezen	verb	to freeze (solid)
7711	joint	noun	joint, marijuana cigarette (generally larger than a stickie)
7712	pleiten	verb	to plead, to argue; to act as attorney in court
7713	behoorlijke	adj	masculine/feminine singular attributive
7714	tast	noun	touch (tactile sense)
7715	bijwerkingen	noun	plural of bijwerking
7716	astronaut	noun	a (male) astronaut
7717	wazig	adj	bleary, blurry, fuzzy
7718	uitdelen	verb	to deal out, to distribute, to share
7719	geschenken	noun	plural of geschenk
7720	trucs	noun	plural of truc
7721	brutale	adj	masculine/feminine singular attributive
7722	maïs	noun	corn, maize
7723	dorpen	noun	plural of dorp
7724	opscheppen	verb	to serve up; to brag, to boast
7725	wip	noun	hopping
7726	kruipt	verb	second/third-person singular present indicative
7727	viezerik	noun	lowlife, scumbag
7728	gooiden	verb	plural past indicative
7729	ketchup	noun	ketchup
7730	moslims	noun	plural of moslim
7731	faciliteit	noun	facility, the physical means or contrivances to make something
7732	terugkeert	verb	second/third-person singular dependent-clause present indicative of terugkeren
7733	skelet	noun	skeleton (support structure of an organism; ensemble of animal bones)
7734	mat	noun	rug, mat; mullet
7735	uitzag	verb	singular dependent-clause past indicative of uitzien
7736	verveelt	verb	second/third-person singular present indicative
7737	schotel	noun	dish; saucer
7738	inspanningen	noun	plural of inspanning
7739	overreden	verb	to convince, persuade
7740	slappe	adj	masculine/feminine singular attributive
7741	gevoed	verb	past participle of voeden
7742	onderbreek	verb	first-person singular present indicative
7743	spuug	noun	spit, spawl
7744	tabak	noun	the tobacco plant
7745	verbleef	verb	singular past indicative of verblijven
7746	boys	noun	plural of boy
7747	schaamt	verb	second/third-person singular present indicative
7748	verklikker	noun	snitch, rat
7749	plagen	verb	to tease; to trouble
7750	handlanger	noun	accomplice, henchman (one who assists in criminal or unethical activity)
7751	initialen	noun	plural of initiaal
7752	leugenaars	noun	plural of leugenaar
7753	vrijgesproken	verb	past participle of vrijspreken
7754	versnellen	verb	to speed up, to accelerate
7755	overgave	noun	surrender; abandon, enthusiasm; passion, devotion
7756	efficiënt	adj	efficient
7757	stichten	verb	to found, establish
7758	slavernij	noun	slavery; oppression, submission, bondage
7759	wapenstilstand	noun	armistice, ceasefire
7760	zeus	name	Zeus (Supreme ruler of all Greek gods, husband to Hera)
7761	halfuur	noun	half-hour, half an hour
7762	eindeloos	adj	endless
7763	eitjes	noun	plural of eitje
7764	toffe	adj	masculine/feminine singular attributive
7765	simpelweg	adv	simply
7766	historisch	adj	historical
7767	jeruzalem	name	Jerusalem; a neighbourhood of Amsterdam, North Holland, Netherlands
7768	installeren	verb	to install; to settle, take one's place
7769	herder	noun	a herdsman, herd, herder of a flock of animals
7770	staar	verb	first-person singular present indicative
7771	schaamde	verb	singular past indicative
7772	handhaven	verb	to enforce, to maintain, to uphold
7773	crème	noun	cream (color/colour)
7774	vreemdelingen	noun	plural of vreemdeling
7775	uitzonderlijk	adj	exceptional
7776	ironie	noun	irony
7777	vernoemd	verb	past participle of vernoemen
7778	paarse	adj	masculine/feminine singular attributive
7779	topje	noun	diminutive of top
7780	begeven	verb	to give way, to collapse, to break down
7781	verrichten	verb	to perform, to carry out
7782	dochtertje	noun	diminutive of dochter
7783	evaluatie	noun	evaluation
7784	overgaan	verb	to turn into; to move up
7785	terechtgekomen	verb	past participle of terechtkomen
7786	ingestort	verb	past participle of instorten
7787	ingewikkelder	adj	comparative degree of ingewikkeld
7788	spoed	noun	speed; hurry, haste
7789	fraai	adj	beautiful, pretty, handsome
7790	beheers	verb	first-person singular present indicative
7791	superheld	noun	a superhero
7792	boeg	noun	bow (front of a boat or ship)
7793	parachute	noun	parachute
7794	gebruikelijk	adj	usual; customary
7795	hysterisch	adj	hysterical, hysteric
7796	overlaten	verb	to leave, to abandon
7797	lijkenhuis	noun	mortuary, morgue
7798	bewaak	verb	first-person singular present indicative
7799	mentaal	adj	mental (relating to the mind)
7800	linkerhand	noun	left hand, part of the arm
7801	aspirine	noun	aspirin; any tranquilizer
7802	graan	noun	grain, the edible seeds of certain grasses
7803	tech	noun	tech (technology), particularly high-tech or digital technology
7804	verklaarde	verb	singular past indicative
7805	onderste	adj	masculine/feminine singular attributive
7806	grootouders	noun	plural of grootouder
7807	uitvoering	noun	execution; performance
7808	sluipschutter	noun	sniper
7809	confronteren	verb	to confront
7810	cyclus	noun	a cycle, a complete rotation
7811	staande	verb	masculine/feminine singular attributive
7812	schepper	noun	creator, author, inventor
7813	voorval	noun	incident, event
7814	citroen	noun	a lemon (fruit)
7815	strakke	adj	masculine/feminine singular attributive
7816	gym	noun	gym (fitness facility)
7817	linksaf	adv	towards the left (while turning)
7818	overeenkomsten	noun	plural of overeenkomst
7819	verwisseld	verb	past participle of verwisselen
7820	cobra	noun	cobra; Indian cobra (Naja naja)
7821	rené	name	a male given name from French
7822	sympathie	noun	sympathy
7823	balie	noun	counter (table or board on which business is transacted)
7824	complexe	adj	masculine/feminine singular attributive
7825	rus	noun	a sod, turf of soil, grass, reed or other vegetation
7826	andré	name	a male given name borrowed from French
7827	stomp	adj	blunt, not sharp
7828	dé	article	the most excellent
7829	langste	adj	masculine/feminine singular attributive
7830	gift	noun	donation; something given (away) voluntarily
7831	verhoogd	verb	past participle of verhogen
7832	tango	noun	tango (Argentine-Uruguayan dance and musical style)
7833	bikini	noun	bikini
7834	troosten	verb	to comfort, console, solace
7835	opduikt	verb	second/third-person singular dependent-clause present indicative of opduiken
7836	verheug	verb	first-person singular present indicative
7837	vicepresident	noun	vice president
7838	satellieten	noun	plural of satelliet
7839	vriendelijkheid	noun	friendliness, kindliness
7840	muts	noun	tuque (knitted winter cap), a type of brimless hat; a similar soft (nearly) brimless hat
7841	eetlust	noun	an appetite, lusting to eat
7842	stuks	noun	plural of stuk
7843	omgekocht	verb	past participle of omkopen
7844	gerard	name	a male given name
7845	wee	adj	nauseating
7846	koelen	verb	to cool
7847	arriveerde	verb	singular past indicative
7848	inkomsten	noun	plural of inkomst
7849	gekoppeld	verb	past participle of koppelen
7850	ongeduldig	adj	impatient
7851	nalatenschap	noun	estate, inheritance
7852	more	noun	the unit of length (short or long) in poetic metre
7853	golfen	verb	to play golf
7854	hale	verb	singular present subjunctive of halen
7855	overgebleven	verb	past participle of overblijven
7856	verdedigt	verb	second/third-person singular present indicative
7857	serum	noun	blood serum
7858	dusver	adv	thus far
7859	zweert	verb	second/third-person singular present indicative
7860	smoking	noun	smoking jacket, black tie, dinner jacket, tuxedo
7861	egoïstische	adj	masculine/feminine singular attributive
7862	bokser	noun	boxer (participant in a boxing match)
7863	verkozen	verb	plural past indicative
7864	omzeilen	verb	to get around, bypass
7865	suf	adj	dull, lethargic, drowsy
7866	overplaatsing	noun	a transfer, the act of transferring
7867	stinken	verb	to stink
7868	vaas	noun	vase
7869	moedige	adj	masculine/feminine singular attributive
7870	limiet	noun	limit
7871	figuren	noun	plural of figuur
7872	went	verb	second/third-person singular present indicative
7873	gewijzigd	verb	past participle of wijzigen
7874	vernomen	verb	past participle of vernemen
7875	alternatieve	adj	masculine/feminine singular attributive
7876	studente	noun	female equivalent of student
7877	veroordeel	verb	first-person singular present indicative
7878	vergroot	verb	first/second/third-person singular present indicative
7879	gefrustreerd	verb	past participle of frustreren
7880	fontein	noun	a fountain, monumental or small artificial water feature
7881	nor	noun	jail, prison; imprisonment
7882	kool	noun	a cabbage, plant of genus Brassica
7883	begeleider	noun	accompanier, escort
7884	ader	noun	vein; any narrow and long passageway essential to a larger networked system such as roads
7885	hierlangs	adv	pronominal adverb form of langs + dit
7886	politieagenten	noun	plural of politieagent
7887	zangeres	noun	female singer; songstress, singeress
7888	georganiseerde	verb	masculine/feminine singular attributive
7889	negende	adj	ninth
7890	afhalen	verb	to pick up, take away (of e.g. a placed order)
7891	grapjas	noun	a joker, one who makes jokes
7892	ontbreken	verb	to be missing
7893	nagelaten	verb	past participle of nalaten
7894	aanhoren	verb	to listen to; to listen carefully to
7895	verzwakt	verb	second/third-person singular present indicative
7896	gruwelijk	adj	gruesome, terrible, brutal
7897	begeleiding	noun	accompaniment, guidance
7898	uitgesteld	verb	past participle of uitstellen
7899	vervuld	verb	past participle of vervullen
7900	interviews	noun	plural of interview
7901	volstaat	verb	second/third-person singular present indicative
7902	kazerne	noun	barracks; base (e.g. a fire station, or an army base, etc.)
7903	terugzien	verb	to see (someone) again/back
7904	kenmerken	verb	to characterize
7905	antiek	adj	antique
7906	vastgelegd	verb	past participle of vastleggen
7907	ernstigs	adj	partitive of ernstig
7908	duidt	verb	second/third-person singular present indicative
7909	prikken	verb	to sting, to prick
7910	duitser	noun	German (person)
7911	chan	name	Chan Santokhi
7912	producent	noun	producer (multiple senses)
7913	vaardigheid	noun	skill
7914	uitging	verb	singular dependent-clause past indicative of uitgaan
7915	nico	name	a male given name
7916	vestigen	verb	to establish, to place
7917	pick-up	noun	pickup (truck); pickup (electronic device to turn vibrations into an electric signal)
7918	slokje	noun	diminutive of slok
7919	bereidt	verb	second/third-person singular present indicative
7920	vervolging	noun	persecution; prosecution
7921	individu	noun	individual (person considered alone)
7922	lusten	noun	plural of lust
7923	beschadigen	verb	to damage
7924	normen	noun	plural of norm
7925	beoordeling	noun	assessment, judgement
7926	bijeenkomsten	noun	plural of bijeenkomst
7927	onafhankelijke	adj	masculine/feminine singular attributive
7928	miljonair	noun	millionaire
7929	gewoontes	noun	plural of gewoonte
7930	harige	adj	masculine/feminine singular attributive
7931	griezel	noun	a scary or creepy person or creature
7932	aanleiding	noun	reason, cause, inducement
7933	onroerend	adj	immobile
7934	have	noun	property, possession
7935	trailer	noun	trailer (unpowered vehicle towed behind another)
7936	gedanst	verb	past participle of dansen
7937	federaal	adj	federal
7938	overgedragen	verb	past participle of overdragen
7939	wonderbaarlijk	adj	miraculous, wonder-bearing
7940	app	noun	an app; a text message sent using an app
7941	neergezet	verb	past participle of neerzetten
7942	hechten	verb	to attach, to bind
7943	geïnformeerd	verb	past participle of informeren
7944	wijzigen	verb	to edit, change, modify, alter
7945	mobieltjes	noun	plural of mobieltje
7946	bewerking	noun	edit; operation, calculation
7947	jeans	noun	a pair of jeans (denim trousers)
7948	herboren	adj	reborn
7949	beviel	verb	singular past indicative of bevallen
7950	hartstilstand	noun	cardiac arrest
7951	bankier	noun	banker (person in charge of a bank)
7952	onmiddellijke	adj	masculine/feminine singular attributive
7953	arabische	adj	masculine/feminine singular attributive
7954	doorrijden	verb	to ride or drive through
7955	rover	noun	robber
7956	opbrengen	verb	to yield, to produce
7957	babbelen	verb	to chatter, to chit-chat, to talk casually
7958	luier	noun	diaper, nappy
7959	doodging	verb	singular dependent-clause past indicative of doodgaan
7960	zucht	noun	sigh
7961	artillerie	noun	artillery; artillery weapons
7962	opgevangen	verb	past participle of opvangen
7963	huisdieren	noun	plural of huisdier
7964	begroeten	verb	to hail, greet
7965	dal	noun	valley
7966	strijders	noun	plural of strijder
7967	zieken	noun	plural of zieke
7968	babysitter	noun	babysitter
7969	y	character	the twenty-fifth letter of the Dutch alphabet
7970	hoeden	verb	to tend, to look after, to take care of
7971	beschaafd	adj	civilized, cultured
7972	scanner	noun	scanner (scanning device)
7973	strip	noun	strip (long thin piece)
7974	abel	adj	capable, able
7975	dakloos	adj	homeless
7976	explosief	noun	explosive
7977	westerse	adj	masculine/feminine singular attributive
7978	documentaire	noun	a documentary (production, publication etc.)
7979	kwaadaardig	adj	malignant; malicious
7980	strijken	verb	to stroke; to iron, press (clothes)
7981	bevelhebber	noun	commander
7982	reisde	verb	singular past indicative
7983	doelwitten	noun	plural of doelwit
7984	helderziende	noun	a psychic, a clairvoyant person
7985	zweven	verb	to float, to hover
7986	aantrekkelijke	adj	masculine/feminine singular attributive
7987	verrukkelijk	adj	wonderful, delightful
7988	huisgenoot	noun	housemate
7989	stilstaan	verb	to stand still, to not move
7990	kwartje	noun	diminutive of kwart
7991	benoemd	verb	past participle of benoemen
7992	bewerken	verb	to work; to work on, to till
7993	verblijfplaats	noun	residence, place of residence
7994	ontroerend	adj	moving, touching, stirring emotion/sympathy
7995	sneeuwwitje	noun	a shandy; a cocktail made with beer and lemonade (often 7 Up)
7996	riemen	noun	plural of riem
7997	dinosaurus	noun	dinosaur, archosaur of the super-order Dinosauria
7998	vereniging	noun	association; unification
7999	krab	noun	crab, crustacean of the infraorder Brachyura
8000	her	adv	here; hither
8001	vreet	verb	first/second/third-person singular present indicative
8002	aanslagen	noun	plural of aanslag
8003	kots	noun	vomit
8004	splitsen	verb	split (divide along a more or less straight line)
8005	kozen	verb	plural past indicative
8006	rauw	adj	raw, uncooked; raw, in a roughed up state, e.g. skinned or infected
8007	losers	noun	plural of loser
8008	enkels	noun	plural of enkel
8009	overhandigen	verb	to hand (give, pass or transmit with the hand)
8010	vastberaden	adj	resolute, determined
8011	briefjes	noun	plural of briefje
8012	poes	noun	a female cat; a cat of either sex
8013	redacteur	noun	editor
8014	nederland	name	Netherlands; Kingdom of the Netherlands
8015	beval	verb	singular past indicative of bevelen
8016	gunsten	noun	plural of gunst
8017	voorspelbaar	adj	predictable
8018	kampioenschap	noun	championship (competition to determine the champion)
8019	raadslid	noun	a councillor, a council member; in particular a member of a municipal council
8020	baart	verb	second/third-person singular present indicative
8021	aanwinst	noun	acquisition, addition, gain (something that has been acquired)
8022	afgeluisterd	verb	past participle of afluisteren
8023	onbetrouwbaar	adj	unreliable, untrustworthy
8024	natuurkunde	noun	physics
8025	beperkte	adj	masculine/feminine singular attributive
8026	noorwegen	name	Norway (a country in Scandinavia in Northern Europe)
8027	hiernamaals	noun	afterlife, life after death
8028	biljetten	noun	plural of biljet
8029	teruggevonden	verb	past participle of terugvinden
8030	godsamme	intj	damnit
8031	tamelijk	adv	rather, fairly
8032	stemde	verb	singular past indicative
8033	groente	noun	vegetables; a (type of) vegetable
8034	geflikt	verb	past participle of flikken
8035	verkregen	verb	plural past indicative
8036	huwelijken	noun	plural of huwelijk
8037	verdenkt	verb	second/third-person singular present indicative
8038	zetel	noun	chair, seat, especially as in parliament
8039	klusje	noun	diminutive of klus
8040	omkeren	verb	to turn around; to reverse
8041	america	name	a village in Horst aan de Maas, Limburg, Netherlands
8042	ruiter	noun	a rider, horseman
8043	leventje	noun	diminutive of leven
8044	huishouden	verb	to do housekeeping; keep house
8045	duiven	noun	plural of duif
8046	file	noun	traffic jam; queue
8047	duif	noun	a pigeon, dove, bird of the family Columbidae
8048	omkopen	verb	to bribe, buy off
8049	oefen	verb	first-person singular present indicative
8050	janken	verb	to whine; to cry
8051	prioriteiten	noun	plural of prioriteit
8052	faalde	verb	singular past indicative
8053	fusie	noun	fusion, mixture, combination
8054	rif	noun	reef: a chain or range of rocks lying at or near the surface of the water
8055	examens	noun	plural of examen
8056	beschreef	verb	singular past indicative of beschrijven
8057	geloofwaardig	adj	credible
8058	verantwoordelijke	noun	person responsible
8059	frisdrank	noun	a soda, soft drink
8060	hop	noun	hoopoe, the species Upupa epops or an individual of this species
8061	gewekt	verb	past participle of wekken
8062	herstelt	verb	second/third-person singular present indicative
8063	verplichting	noun	obligation; commitment
8064	voorstelde	verb	singular dependent-clause past indicative
8065	presenteert	verb	second/third-person singular present indicative
8066	kampen	verb	to struggle, to contend
8067	overweeg	verb	first-person singular present indicative
8068	klassieker	noun	a classic (person or thing)
8069	onthoudt	verb	second/third-person singular present indicative
8070	grieks	adj	Greek, Grecian
8071	ketel	noun	kettle, cauldron (a pot used to boil water)
8072	annuleren	verb	to cancel; to annul
8073	marianne	name	a female given name
8074	onschadelijk	adj	harmless
8075	overnachten	verb	to stay overnight, spend the night
8076	helikopters	noun	plural of helikopter
8077	strijder	noun	fighter
8078	treurig	adj	sad, melancholy
8079	hoofdrol	noun	lead role, leading role
8080	hoofdverdachte	noun	main suspect
8081	christenen	noun	plural of christen
8082	dikker	adj	comparative degree of dik
8083	trakteren	verb	to treat (to give food or drink at no expense)
8084	factor	noun	a factor, element
8085	schep	noun	scoop, shovel
8086	plee	noun	loo, john, bathroom
8087	kantoren	noun	plural of kantoor
8088	werkplaats	noun	workshop; a Masonic lodge
8089	kanjer	noun	something or someone who is big or the biggest of their kind; a whopper
8090	ieren	noun	plural of Ier
8091	vracht	noun	freight, cargo; a large amount, a mass
8092	bakker	noun	baker (person who bakes and sells bread, etc)
8093	sok	noun	sock
8094	voorbereidingen	noun	plural of voorbereiding
8095	verraadde	verb	singular past indicative
8096	vruchten	verb	to fear
8097	unie	noun	union
8098	bananen	noun	plural of banaan
8099	babylon	name	Babylon
8100	rap	adj	quick, fast
8101	escorte	noun	escort (accompanying group of people or vehicles)
8102	vrachtwagens	noun	plural of vrachtwagen
8103	maatschappelijk	adj	societal; social
8104	creëerde	verb	singular past indicative
8105	minachting	noun	contempt, scorn
8106	verantwoorden	verb	to justify, be responsible for
8107	geboeid	verb	past participle of boeien
8108	bittere	adj	masculine/feminine singular attributive
8109	discussiëren	verb	to discuss
8110	zeke	verb	singular past subjunctive of zeiken
8111	vertegenwoordig	verb	first-person singular present indicative
8112	rotte	adj	masculine/feminine singular attributive
8113	zweep	noun	a whip (lashing implement, notably single-tail)
8114	opoffering	noun	sacrifice
8115	vaticaan	name	Vatican City (a city-state in Southern Europe, an enclave within the city of Rome, Italy)
8116	plotselinge	adj	masculine/feminine singular attributive
8117	paars	adj	purple; relating to cooperation between liberals and social democrats of the third way
8118	riskeert	verb	second/third-person singular present indicative
8119	adviseer	verb	first-person singular present indicative
8120	fair	adj	fair (just, honest, equitable, adequate)
8121	krassen	verb	to scratch on a hard, even surface
8122	gegrepen	verb	past participle of grijpen
8123	kauwen	verb	to chew; to chew up, to form by chewing
8124	uitgangen	noun	plural of uitgang
8125	directrice	noun	female equivalent of directeur
8126	rechtse	noun	a righthanded punch or blow
8127	opnamen	noun	plural of opname
8128	onrust	noun	unrest (state of agitation)
8129	trouwden	verb	plural past indicative
8130	metafoor	noun	metaphor (figure of speech)
8131	meesters	noun	plural of meester
8132	gordijn	noun	curtain (piece of cloth covering a window)
8133	betrappen	verb	to take by surprise, to catch unaware, someone who is doing something they should not be
8134	vergelding	noun	retaliation
8135	geannuleerd	verb	past participle of annuleren
8136	treedt	verb	second/third-person singular present indicative
8137	kunstmatige	adj	masculine/feminine singular attributive
8138	inspanning	noun	effort
8139	openlijk	adv	openly
8140	wonnen	verb	plural past indicative
8141	optimistisch	adj	optimistic
8142	verenigen	verb	to unite
8143	lei	noun	slate (material)
8144	apocalyps	noun	apocalypse (religious genre)
8145	geschonden	verb	past participle of schenden
8146	levensstijl	noun	lifestyle
8147	ongedierte	noun	vermin, pests, harmful or undesirable animals
8148	bitter	adj	bitter (having an acrid taste)
8149	beroemdheid	noun	fame; a famous individual
8150	overbodig	adj	superfluous, redundant
8151	logeert	verb	second/third-person singular present indicative
8152	gekker	adj	comparative degree of gek
8153	pool	noun	magnetic pole (especially of the Earth and other celestial bodies)
8154	shows	noun	plural of show
8155	schaken	verb	to play chess
8156	loper	noun	runner; somebody who walks
8157	verzocht	verb	singular past indicative of verzoeken
8158	slimmerik	noun	a smart person
8159	patholoog	noun	pathologist
8160	doosje	noun	diminutive of doos
8161	prik	noun	sting, prick (sting or bite from a bug, etc.)
8162	ruig	adj	rough, rugged, bristly
8163	knapperd	noun	a handsome person; hunk
8164	schuilen	verb	to take shelter
8165	vervallen	verb	to decline, reject
8166	verzegeld	verb	past participle of verzegelen
8167	camper	noun	a camper (recreational vehicle), a motor home
8168	overledene	noun	a deceased person
8169	waait	verb	second/third-person singular present indicative
8170	dingetjes	noun	plural of dingetje
8171	danser	noun	dancer, person who dances
8172	oprechte	adj	masculine/feminine singular attributive
8173	poepen	verb	to defecate; to shit
8174	rubber	noun	rubber (pliable material derived from the sap of the rubber tree)
8175	leverancier	noun	supplier
8176	voorzichtiger	adj	comparative degree of voorzichtig
8177	rechtvaardig	adj	fair, just
8178	tuinman	noun	male professional gardener
8179	blokkeert	verb	second/third-person singular present indicative
8180	randje	noun	diminutive of rand
8181	lijntje	noun	diminutive of lijn
8182	beschermer	noun	protector, guardian
8183	herman	name	a male given name
8184	briefing	noun	briefing (short and concise summary of a situation)
8185	overdrijf	verb	first-person singular dependent-clause present indicative of overdrijven (“to float over”)
8186	aanbieding	noun	offer; special, discount offer
8187	ondertitels	noun	plural of ondertitel
8188	nagel	noun	a nail (on the fingers or toes)
8189	boden	verb	plural past indicative
8190	santiago	name	Santiago, Santiago de Chile (the capital city of Chile)
8191	donatie	noun	donation
8192	bh	noun	bra
8193	takken	noun	plural of tak
8194	uitkiezen	verb	to select
8195	schaatsen	verb	to skate
8196	edele	adj	masculine/feminine singular attributive
8197	openbaring	noun	revelation (dramatic disclosure)
8198	overvloed	noun	abundance, plenty
8199	bombarderen	verb	to bomb, to bombard (to attack with bombs)
8200	hogerop	adv	to higher ground
8201	scheelde	verb	singular past indicative
8202	hotdog	noun	hot dog
8203	binnenlaten	verb	to let someone inside
8204	musical	noun	musical
8205	mouw	noun	sleeve
8206	kussens	noun	plural of kussen
8207	meeting	noun	meeting
8208	rechtsaf	adv	towards the right (while turning)
8209	klaren	verb	to finish, to complete, to get (something) done
8210	danste	verb	singular past indicative
8211	motieven	noun	plural of motief
8212	mosterd	noun	mustard
8213	voorspeld	verb	past participle of voorspellen
8214	uitmaakte	verb	singular dependent-clause past indicative
8215	peters	noun	plural of peter
8216	madonna	noun	Madonna, in particular an artistic depiction of Mary with the infant Jesus
8217	tol	noun	top, spinning top (a toy)
8218	executeren	verb	to execute, to kill as punishment
8219	zege	noun	victory, triumph
8220	tennis	noun	tennis (sport)
8221	breuken	noun	plural of breuk
8222	geërfd	verb	past participle of erven
8223	relatief	adj	relative
8224	tarzan	name	Tarzan
8225	oostelijke	adj	masculine/feminine singular attributive
8226	rapporteer	verb	first-person singular present indicative
8227	ontcijferen	verb	to decipher, figure out
8228	bewonderen	verb	to admire
8229	zeeman	noun	a seaman, a male sailor
8230	contanten	noun	cash
8231	leidinggevende	noun	manager
8232	tegenkomt	verb	second/third-person singular dependent-clause present indicative of tegenkomen
8233	gunstig	adj	favourable
8234	eenvoudiger	adj	comparative degree of eenvoudig
8235	psychologisch	adj	psychological
8236	enzovoort	adv	and so forth, et cetera
8237	opduiken	verb	to appear, to emerge, to turn up, to show up
8238	vleermuizen	noun	plural of vleermuis
8239	kruising	noun	act or instance of crossing
8240	chic	adj	chic, elegant
8241	vergaderingen	noun	plural of vergadering
8242	beoordeeld	verb	past participle of beoordelen
8243	rails	noun	plural of rail
8244	katoen	noun	cotton, plant of the genus Gossypium
8245	docent	noun	teacher, docent
8246	weinige	adj	masculine/feminine singular attributive
8247	make	verb	singular present subjunctive of maken
8248	adviseren	verb	to recommend
8249	dorpelingen	noun	plural of dorpeling
8250	stelsel	noun	system (collection of organized items)
8251	yoghurt	noun	yogurt
8252	biechten	verb	to confess
8253	kanselier	noun	chancellor
8254	ruggen	noun	plural of rug
8255	walgelijke	adj	masculine/feminine singular attributive
8256	broeken	noun	plural of broek
8257	neergestort	verb	past participle of neerstorten
8258	beschrijft	verb	second/third-person singular present indicative
8259	verlangens	noun	plural of verlangen
8260	onderofficier	noun	non-commissioned officer, NCO
8261	waarna	adv	pronominal adverb form of na + wat
8262	boosheid	noun	anger
8263	streven	verb	to strive; to study hard
8264	asteroïde	noun	asteroid
8265	kopers	noun	plural of koper
8266	aardiger	adj	comparative degree of aardig
8267	filmster	noun	a movie star
8268	stekker	noun	plug (e.g. electrical)
8269	daarentegen	adv	on the other hand
8270	rammen	verb	to ram, to intentionally collide with
8271	snoepjes	noun	plural of snoepje
8272	deelnemers	noun	plural of deelnemer
8273	stommeling	noun	a dumb-ass, dunce, duffer, stupid person
8274	doder	noun	killer
8275	plaatjes	noun	plural of plaatje
8276	getalenteerd	adj	talented
8277	aanbeveling	noun	recommendation
8278	bedwang	noun	constraint, check, control
8279	vastbinden	verb	to tie up
8280	werkster	noun	maid (house cleaner)
8281	klaagde	verb	singular past indicative
8282	oogsten	verb	to harvest (produce)
8283	ledematen	noun	plural of ledemaat
8284	taxichauffeur	noun	a taxi driver, a hack, a cabbie
8285	engelsman	noun	Englishman
8286	uitgeroeid	verb	past participle of uitroeien
8287	verlossen	verb	to free, liberate
8288	oneens	adj	not of the same opinion
8289	betovering	noun	enchantment, charm, allure, beguilement
8290	hoeveelheden	noun	plural of hoeveelheid
8291	belgië	name	Belgium
8292	staak	verb	first-person singular present indicative
8293	beïnvloedt	verb	second/third-person singular present indicative
8294	dolle	adj	masculine/feminine singular attributive
8295	teruggetrokken	verb	past participle of terugtrekken
8296	verdedigde	verb	singular past indicative
8297	kabels	noun	plural of kabel
8298	transplantatie	noun	transplant
8299	consulaat	noun	consulate, the quasi-diplomatic post
8300	roedel	noun	group of animals, especially a pack of wolves
8301	baal	noun	a bale of hay or straw
8302	antwoordde	verb	singular past indicative
8303	lichter	noun	lighter (type of barge use for transporting cargo to and from a moored boat)
8304	ballonnen	noun	plural of ballon
8305	bijdragen	verb	to contribute
8306	legendarische	adj	masculine/feminine singular attributive
8307	lof	noun	praise
8308	wieg	noun	cradle; birthplace
8309	gemanipuleerd	verb	past participle of manipuleren
8310	zending	noun	round, batch (collection of thing arriving together)
8311	noodgevallen	noun	plural of noodgeval
8312	intimideren	verb	to intimidate
8313	sprekend	adv	strongly resembling, a spitting image of, a dead ringer of
8314	disco	noun	a discotheque, a nightclub
8315	dwaze	adj	masculine/feminine singular attributive
8316	sliepen	verb	plural past indicative
8317	geacht	adj	precious, dear, venerable
8318	zwaai	verb	first-person singular present indicative
8319	improviseren	verb	to improvise
8320	druppels	noun	plural of druppel
8321	arriveren	verb	to arrive
8322	volmaakt	adj	perfect
8323	buur	noun	neighbour
8324	genegenheid	noun	fondness, inclination to like, affection
8325	jus	noun	gravy
8326	narcotica	noun	plural of narcoticum
8327	lucifers	noun	plural of lucifer
8328	atlantische	adj	masculine/feminine singular attributive
8329	wenkbrauwen	noun	plural of wenkbrauw
8330	wrijven	verb	to rub
8331	zakdoek	noun	tissue, handkerchief
8332	verdoen	verb	to waste
8333	kanalen	noun	plural of kanaal
8334	mijlen	noun	plural of mijl
8335	uitroeien	verb	to root out, to exterminate
8336	opnam	verb	singular dependent-clause past indicative of opnemen
8337	gezongen	verb	past participle of zingen
8338	gemogen	verb	past participle of mogen
8339	verlieten	verb	plural past indicative
8340	meespelen	verb	to play a game, to take part in a competition
8341	zwaarste	adj	masculine/feminine singular attributive
8342	onderbreking	noun	interruption
8343	zonet	adv	just now, just a moment ago
8344	predikant	noun	preacher, minister (used in the Dutch Protestant church)
8345	interessanter	adj	comparative degree of interessant
8346	stiefmoeder	noun	stepmother
8347	bestelwagen	noun	delivery van
8348	dollen	verb	to tomfool, to fool around, to frolick, to play
8349	winnende	verb	masculine/feminine singular attributive
8350	gepest	verb	past participle of pesten
8351	taaie	adj	masculine/feminine singular attributive
8352	dwergen	noun	plural of dwerg
8353	client	noun	client
8354	uitzenden	verb	to send out, to deploy
8355	harmonie	noun	harmony; harmony, concord
8356	conventie	noun	agreement, accord
8357	verprutst	verb	second/third-person singular present indicative
8358	verhoogde	verb	singular past indicative
8359	vermomming	noun	disguise
8360	komeet	noun	comet; a rising star, an up-and-coming thing or person, a raging fashion etc.
8361	verzon	verb	singular past indicative of verzinnen
8362	doorbreken	verb	to break, break through, break in half
8363	veelbelovend	adj	promising, likely to develop in a desirable fashion
8364	weggeven	verb	to give away, to offer as a gift
8365	overblijfselen	noun	plural of overblijfsel
8366	vrijgegeven	verb	past participle of vrijgeven
8367	buikpijn	noun	bellyache, stomachache
8368	terugsturen	verb	to send back, return
8369	schoonmoeder	noun	mother-in-law (spouse’s mother)
8370	milt	noun	spleen
8371	innen	verb	to cash (exchange (a check/cheque) for money)
8372	overgang	noun	transition; crossing, place where one crosses
8373	wederom	adv	again, once again
8374	zonnige	adj	masculine/feminine singular attributive
8375	evenals	conj	as well as; just like, just as
8376	kleedt	verb	second/third-person singular present indicative
8377	doodden	verb	plural past indicative
8378	uitbraak	noun	outbreak, esp. of diseases
8379	onderscheppen	verb	to intercept (to gain possession of)
8380	vergoeding	noun	compensation
8381	bedek	verb	first-person singular present indicative
8382	overblijft	verb	second/third-person singular dependent-clause present indicative of overblijven
8383	opkomst	noun	rise (of the sun or moon)
8384	teruggaat	verb	second/third-person singular dependent-clause present indicative of teruggaan
8385	trouwerij	noun	wedding
8386	kabinet	noun	cabinet (piece of furniture)
8387	joggen	verb	to jog
8388	verknallen	verb	to squander, screw up (one's choices)
8389	parkeergarage	noun	parking garage; indoor car park (compare: parkeerterrein)
8390	verzamelde	verb	singular past indicative/subjunctive of verzamelen
8391	ome	noun	uncle
8392	verleid	verb	first-person singular present indicative
8393	darm	noun	intestine
8394	hierbuiten	adv	pronominal adverb form of buiten + dit
8395	aanvoerder	noun	leader; captain
8396	oceanen	noun	plural of oceaan
8397	tijdlijn	noun	timeline
8398	verkouden	adj	having a cold
8399	tanken	verb	to fuel (to fill a fuel tank of a vehicle)
8400	landt	verb	second/third-person singular present indicative
8401	slaagde	verb	singular past indicative
8402	schakelaar	noun	a switch (device for directing the flow of electric currents)
8403	wales	name	Wales (a constituent country of the United Kingdom)
8404	fransman	noun	a Frenchman, a French male
8405	bladzijde	noun	page
8406	arriveert	verb	second/third-person singular present indicative
8407	zondebok	noun	scapegoat
8408	verbrandt	verb	second/third-person singular present indicative
8409	eromheen	adv	pronominal adverb form of omheen + het
8410	hevig	adj	intense
8411	formatie	noun	formation; band, ensemble (group of musicians who perform together)
8412	gemakkelijke	adj	masculine/feminine singular attributive
8413	maker	noun	maker (person or thing that makes, produces or repairs something)
8414	bezat	verb	singular past indicative of bezitten
8415	noot	noun	nut; testicle, nut
8416	vage	adj	masculine/feminine singular attributive
8417	verdoven	verb	to deafen
8418	opbiechten	verb	to confess, own up
8419	opdrinken	verb	to drink up, to finish one's drink
8420	vermoordden	verb	plural past indicative
8421	legale	adj	masculine/feminine singular attributive
8422	methodes	noun	plural of methode
8423	werkloos	adj	having nothing to do, doing nothing; idle, workless
8424	gepasseerd	verb	past participle of passeren
8425	lens	noun	optical lens; crystalline lens in the eye
8426	afslag	noun	exit turn (on a freeway)
8427	akte	noun	act (of a theatrical play)
8428	recentelijk	adv	recently
8429	mislukken	verb	to fail
8430	colombia	name	Colombia (a country in South America)
8431	millimeter	noun	millimetre
8432	zegenen	verb	to bless
8433	dageraad	noun	dawn, daybreak
8434	bordje	noun	diminutive of bord
8435	eenmalig	adj	one-time, one-off (occurring only once)
8436	bagdad	name	Baghdad (the capital city of Iraq)
8437	rits	intj	sound of tearing or closing a zip fastener
8438	gelachen	verb	past participle of lachen
8439	erdoorheen	adv	pronominal adverb form of doorheen + het
8440	beroving	noun	robbery
8441	nadien	adv	afterwards, since then
8442	blondje	noun	a blonde
8443	blouse	noun	a blouse (an outer garment, usually loose, that is similar to a shirt)
8444	email	noun	enamel; tincture
8445	vanbinnen	adv	on the inside
8446	farao	noun	pharaoh
8447	muzikant	noun	musician (a person who plays or sings music)
8448	zwitserse	adj	masculine/feminine singular attributive
8449	brievenbus	noun	letterbox, mailbox, post box
8450	aangevraagd	verb	past participle of aanvragen
8451	wettelijke	adj	masculine/feminine singular attributive
8452	omhelzen	verb	to hug, embrace
8453	belazeren	verb	to con, to scam
8454	superieur	adj	superior
8455	rinkelen	verb	to make a ringing sound, as of a bell; to jingle
8456	oorspronkelijk	adj	original; pristine
8457	stilletjes	adv	diminutive of stil; silently, stealthily
8458	opgeheven	verb	past participle of opheffen
8459	verkrachtte	verb	singular past indicative
8460	poolse	adj	masculine/feminine singular attributive
8461	kieskeurig	adj	choosy, fastidious, fussy
8462	klom	verb	singular past indicative of klimmen
8463	optillen	verb	to lift up
8464	vertoont	verb	second/third-person singular present indicative
8465	agressieve	adj	masculine/feminine singular attributive
8466	elleboog	noun	elbow (joint between upper arm and forearm)
8467	dumpt	verb	second/third-person singular present indicative
8468	reuze	adj	fantastic, great, awesome
8469	chemo	noun	chemotherapy
8470	slikt	verb	second/third-person singular present indicative
8471	fantasieën	noun	plural of fantasie
8472	personages	noun	plural of personage
8473	opzicht	noun	supervision; relation, regard
8474	mislukkeling	noun	failure, loser
8475	wachtten	verb	plural past indicative
8476	ronden	verb	to make round; to go around
8477	onnozel	adj	innocent; naive, gullible
8478	compromis	noun	compromise
8479	boekhouder	noun	bookkeeper, accountant
8480	snacks	noun	plural of snack
8481	daaronder	adv	pronominal adverb form of onder + dat
8482	gelieve	verb	singular present subjunctive of gelieven, or (formal) idiomatic construction
8483	galerie	noun	gallery (an establishment that buys, sells, and displays works of art)
8484	brede	adj	masculine/feminine singular attributive
8485	kindertijd	noun	childhood
8486	karate	noun	karate (Japanese martial art)
8487	aanbidden	verb	to worship; to adore
8488	elektronische	adj	masculine/feminine singular attributive
8489	antwoordapparaat	noun	answering machine
8490	marina	noun	common, ordinary girl (often with a pejorative meaning)
8491	pin	noun	peg, pin
8492	zwemt	verb	second/third-person singular present indicative
8493	transactie	noun	transaction
8494	tijgers	noun	plural of tijger
8495	verdronk	verb	singular past indicative of verdrinken
8496	vuurgevecht	noun	any fight involving gunfire; a gunfight
8497	koninklijk	adj	royal
8498	flippen	verb	to roll, for example a joint
8499	minderjarige	noun	minor, underage person
8500	lava	noun	lava
8501	klaarstaan	verb	to be ready, get ready, prepare
8502	krankzinnige	adj	masculine/feminine singular attributive
8503	doolhof	noun	a maze, labyrinth
8504	reservaat	noun	a tract of land reserved for a particular purpose; a reserve or reservation
8505	vlinders	noun	plural of vlinder
8506	landde	verb	singular past indicative
8507	eroverheen	adv	pronominal adverb form of overheen + het
8508	uitkleden	verb	to undress, divest
8509	prostituees	noun	plural of prostituee
8510	cowboys	noun	plural of cowboy
8511	noteer	verb	first-person singular present indicative
8512	deprimerend	verb	present participle of deprimeren
8513	rotzooien	noun	plural of rotzooi
8514	kikkers	noun	plural of kikker
8515	rechtvaardigen	verb	to justify, provide an acceptable motivation or explanation
8516	suggesties	noun	plural of suggestie
8517	beschamend	adj	shameful, disgraceful
8518	beroemdheden	noun	plural of beroemdheid
8519	kosmische	adj	masculine/feminine singular attributive
8520	sprongen	noun	plural of sprong
8521	aangericht	verb	past participle of aanrichten
8522	tegenslag	noun	setback, blow, misfortune
8523	perfectie	noun	perfection
8524	venetië	name	Venice
8525	schoften	noun	plural of schoft
8526	dreigement	noun	a threat (expression in which one threatens somebody)
8527	ongelegen	adj	untimely, inopportune
8528	verbazend	verb	present participle of verbazen
8529	tradities	noun	plural of traditie
8530	rijen	verb	to form a row, line up into a row
8531	ongewoons	adj	partitive of ongewoon
8532	motivatie	noun	motivation
8533	stick	noun	a hockey stick; a joystick, stick-shaped control device
8534	hemels	adj	heavenly, of or pertaining to heaven
8535	tasje	noun	diminutive of tas
8536	geschut	noun	one or more guns or cannons, generally of heavy calibre
8537	fictie	noun	fiction (genre of fictional stories)
8538	gelijkenis	noun	likeness, similarity
8539	beklimmen	verb	to climb, to mount
8540	dinosaurussen	noun	plural of dinosaurus
8541	uitgehaald	verb	past participle of uithalen
8542	voogd	noun	guardian (law: person legally responsible for a minor in loco parentis)
8543	overgegeven	verb	past participle of overgeven
8544	keurig	adj	proper, decorous
8545	procedures	noun	plural of procedure
8546	aannemer	noun	contractor (construction contractor)
8547	vervanging	noun	substitution, replacement
8548	kalf	noun	a calf (young cow or bull; young bovine)
8549	jegens	prep	against, in competition with
8550	turk	noun	a Turkish person, a Turk
8551	afkoelen	verb	to cool off, cool down
8552	hockey	noun	hockey, almost always field hockey
8553	wake	noun	a wake (a gathering to remember a dead person)
8554	waarnaar	adv	pronominal adverb form of naar + wat
8555	pauzeren	verb	to pause, to hold temporarily
8556	klonen	verb	to clone
8557	eiste	verb	singular past indicative
8558	toepassing	noun	application, act of applying
8559	aardbeien	noun	plural of aardbei
8560	desnoods	adv	if need be
8561	categorie	noun	category (defined group)
8562	limousine	noun	limousine (luxury sedan)
8563	bewaring	noun	storage; custody
8564	nadeel	noun	disadvantage
8565	lade	verb	singular present subjunctive of laden
8566	middelpunt	noun	middle point, centre
8567	aanmerking	noun	comment; commentary
8568	minderheid	noun	minority
8569	wegliep	verb	singular dependent-clause past indicative of weglopen
8570	judas	name	Judas
8571	afblazen	verb	to blow off (to move off by blowing air)
8572	versla	verb	first-person singular present indicative
8573	naaste	noun	fellow human, someone close to oneself (such as a neighbour, relative etc.)
8574	opgeknapt	verb	past participle of opknappen
8575	saboteren	verb	to sabotage
8576	toegeeft	verb	second/third-person singular dependent-clause present indicative of toegeven
8577	gereageerd	verb	past participle of reageren
8578	zaden	noun	plural of zaad
8579	selectie	noun	selection (the act of selecting)
8580	geschoren	verb	past participle of scheren
8581	amateurs	noun	plural of amateur
8582	laagste	adj	masculine/feminine singular attributive
8583	venster	noun	window
8584	ingeslagen	verb	past participle of inslaan
8585	belandde	verb	singular past indicative
8586	aanbevolen	verb	past participle of aanbevelen
8587	verdoemd	verb	past participle of verdoemen
8588	chocolademelk	noun	chocolate milk (milk flavored with chocolate and served cold or hot)
8589	glijden	verb	to slide; to lapse
8590	dorpje	noun	diminutive of dorp
8591	creatieve	adj	masculine/feminine singular attributive
8592	claim	verb	first-person singular present indicative
8593	verdedigd	verb	past participle of verdedigen
8594	lachten	verb	plural past indicative
8595	vin	noun	fin; fin (aircraft component)
8596	adjudant	noun	adjutant; assistant
8597	opgestaan	verb	past participle of opstaan
8598	ingeschakeld	verb	past participle of inschakelen
8599	verlagen	verb	to lower; to debase oneself, to lower one's standards
8600	beklaagde	verb	singular past indicative
8601	ontbrekende	verb	masculine/feminine singular attributive
8602	bont	noun	fur
8603	exploderen	verb	to explode
8604	cliché	noun	a cliché; an unoriginal work
8605	walg	verb	first-person singular present indicative
8606	nederig	adj	humble, with humility
8607	huurt	verb	second/third-person singular present indicative
8608	onderdrukken	verb	to oppress; to suppress
8609	posters	noun	plural of poster (“trade union member”)
8610	afgevallen	verb	past participle of afvallen
8611	geachte	adj	masculine/feminine singular attributive
8612	gelach	noun	laughter (sound (as) of laughing)
8613	tienduizend	num	ten thousand
8614	opgraven	verb	to dig up, to excavate, to disinter
8615	handjes	noun	plural of handje
8616	ontwikkelingen	noun	plural of ontwikkeling
8617	bestolen	verb	past participle of bestelen
8618	suggereren	verb	to suggest
8619	zaag	noun	saw (cutting tool)
8620	brigade	noun	brigade; a police unit of varying size or purpose, but often serving a specialised purpose
8621	rib	noun	rib; a truss (wooden frame)
8622	madrid	name	Madrid (the capital city of Spain)
8623	voldoening	noun	satisfaction
8624	straalt	verb	second/third-person singular present indicative
8625	essentie	noun	essence (essential nature)
8626	levendig	adj	lively, vivacious
8627	gesnapt	verb	past participle of snappen
8628	toelaat	verb	first/second/third-person singular dependent-clause present indicative of toelaten
8629	kas	noun	a greenhouse; a public or private entity
8630	bezeerd	verb	past participle of bezeren
8631	gelanceerd	verb	past participle of lanceren
8632	opvangen	verb	to catch
8633	ombrengen	verb	to kill
8634	farm	verb	first-person singular present indicative
8635	rellen	verb	to riot
8636	schoorsteen	noun	a chimney (vertical tube or hollow column; a flue)
8637	uitbarsting	noun	eruption, outburst
8638	pal	noun	catch (mechanism which stops something from moving the wrong way)
8639	beperkingen	noun	plural of beperking
8640	eersten	noun	plural of eerste
8641	voorspel	noun	prefatory play; prelude
8642	dwang	noun	coercion, compulsion
8643	rijkste	adj	masculine/feminine singular attributive
8644	stallen	verb	to put an animal in a stable
8645	trucje	noun	diminutive of truc
8646	bussen	verb	to put into a mailbox
8647	bevechten	verb	to fight against, to combat
8648	klif	noun	cliff
8649	optrekken	verb	to pull up; to rise up (against)
8650	visser	noun	a fisher, a fisherman or, less commonly, a fisherwoman
8651	roofdier	noun	a predatory species, which kills and eats prey
8652	dringende	adj	masculine/feminine singular attributive
8653	meyer	name	a surname
8654	uien	noun	plural of ui
8655	aandringen	verb	to insist, to press on
8656	lekkerder	adj	comparative degree of lekker
8657	gehoorzaam	adj	obedient
8658	slaapkamers	noun	plural of slaapkamer
8659	jacobs	name	a surname originating as a patronymic
8660	ooggetuige	noun	eyewitness
8661	opgaan	verb	to go up, ascend
8662	uitslagen	noun	plural of uitslag
8663	johannes	name	John; John (book of the Bible)
8664	onderbroken	verb	past participle of onderbreken
8665	isoleren	verb	to insulate; to isolate
8666	spijker	noun	nail (metal fastener)
8667	morgenmiddag	adv	tomorrow afternoon
8668	lichaamsdelen	noun	plural of lichaamsdeel
8669	manuscript	noun	a manuscript, written (not printed) text or composition
8670	ertussen	adv	pronominal adverb form of tussen + het
8671	bloedde	verb	singular past indicative
8672	dragon	noun	tarragon (the edible Mediterranean herb Artemisia dracunculus)
8673	pokeren	verb	to play poker
8674	deelden	verb	plural past indicative
8675	fluiten	verb	to whistle; to make any similar sound, as a passing bullet
8676	mededeling	noun	notice; communication; announcement
8677	grietje	noun	diminutive of griet
8678	aangestoken	verb	past participle of aansteken
8679	opgemaakt	verb	past participle of opmaken
8680	hertogin	noun	a duchess (wife of a duke; female ruler of a duchy)
8681	gekraakt	verb	past participle of kraken
8682	zelfstandig	adj	independent, autonomous, sovereign
8683	aanwijzen	verb	to point at; to point out, indicate
8684	knokken	verb	to brawl, to fight (physically)
8685	opinie	noun	opinion
8686	samengewerkt	verb	past participle of samenwerken
8687	scooter	noun	motor scooter
8688	zwaait	verb	second/third-person singular present indicative
8689	doktoren	noun	plural of dokter
8690	marta	name	Martha (biblical character)
8691	intentie	noun	intention
8692	verven	verb	to paint
8693	verbintenis	noun	obligation; connection, relationship, particularly in an emotional sense
8694	bevoegd	adj	competent; qualified, authorised, having permission
8695	gehaast	verb	past participle of haasten
8696	cabine	noun	cabin (of an aircraft or ship)
8697	westelijke	adj	masculine/feminine singular attributive
8698	schotse	noun	a Scotswoman
8699	krokodil	noun	crocodile
8700	verbouwen	verb	to build into something different, to renovate
8701	veranderden	verb	plural past indicative
8702	dikzak	noun	fatass
8703	terreur	noun	terror, instance or cause of fear
8704	flits	noun	a flash; (figuratively) an instant
8705	grieken	noun	plural of Griek
8706	boeddha	name	Buddha (Siddhartha Gautama)
8707	kweken	verb	to breed animals
8708	ontwaken	verb	to wake up, to awaken
8709	ingreep	noun	intervention; surgery
8710	spiegels	noun	plural of spiegel
8711	bezighouden	verb	to keep busy, to occupy
8712	meesterwerk	noun	masterpiece
8713	nota	noun	notice, official message or document
8714	komedie	noun	comedy
8715	spugen	verb	to spit; to vomit
8716	turkije	name	Turkey
8717	onafhankelijkheid	noun	independence
8718	kapotmaken	verb	to break
8719	islam	noun	Islam
8720	oplost	verb	second/third-person singular dependent-clause present indicative of oplossen
8721	begraaf	verb	first-person singular present indicative
8722	bijpraten	verb	to catch up, to get (someone) up to date about the latest developments
8723	afwijzen	verb	to turn away, to decline, to reject
8724	downloaden	verb	to download
8725	boulevard	noun	boulevard
8726	lokaliseren	verb	to localize (determine where something is to be found)
8727	gewed	verb	past participle of wedden
8728	veer	noun	a feather, plume
8729	kroop	verb	singular past indicative of kruipen
8730	beul	noun	an executioner; a cruel person, in act or sadistic streak
8731	vuurwapens	noun	plural of vuurwapen
8732	buitengesloten	verb	past participle of buitensluiten
8733	beschikbare	adj	masculine/feminine singular attributive
8734	handtekeningen	noun	plural of handtekening
8735	regenboog	noun	rainbow
8736	conversatie	noun	conversation
8737	brandde	verb	singular past indicative
8738	hulpje	noun	diminutive of hulp
8739	badkuip	noun	bathtub
8740	opbrengst	noun	proceeds (gross revenue)
8741	monniken	noun	plural of monnik
8742	doorsnee	adj	average
8743	beheren	verb	to manage, administer
8744	onderschept	verb	second/third-person singular present indicative
8745	ongemak	noun	inconvenience; unease, discomfort
8746	tevens	adv	at the same time
8747	zwakker	adj	comparative degree of zwak
8748	deals	noun	plural of deal
8749	relaxen	verb	to relax
8750	achterop	adv	on the back/rear, behind
8751	orgasme	noun	orgasm
8752	australische	adj	masculine/feminine singular attributive
8753	nadenk	verb	first-person singular dependent-clause present indicative of nadenken
8754	baken	noun	beacon
8755	hotdogs	noun	plural of hotdog
8756	republikeinen	noun	plural of republikein
8757	hip	adj	genteel (stylish, elegant)
8758	zelfverzekerd	adj	self-confident, self-assured
8759	telescoop	noun	telescope
8760	bekken	noun	basin, broad-shaped liquid container
8761	losgelaten	verb	past participle of loslaten
8762	passend	adj	suitable, fitting, matching
8763	ontmaskeren	verb	to unmask, to expose, to reveal
8764	vorst	noun	the generic term for prince, monarch, ruler
8765	afwas	noun	dishes (unwashed dishware)
8766	schatjes	noun	plural of schatje
8767	gesteente	noun	rock (aggregate of minerals)
8768	frustrerend	verb	present participle of frustreren
8769	sprookjes	noun	plural of sprookje
8770	hierom	adv	pronominal adverb form of om + dit
8771	verpestte	verb	singular past indicative
8772	wereldwijde	adj	masculine/feminine singular attributive
8773	naties	noun	plural of natie
8774	aanbevelen	verb	to recommend; to advocate
8775	vochtig	adj	moist; humid
8776	schoonzoon	noun	son-in-law (male partner of one's child)
8777	opvallend	adj	striking, notable
8778	betalingen	noun	plural of betaling
8779	mn	pron	contraction of mijn
8780	behandelingen	noun	plural of behandeling
8781	smeerlappen	noun	plural of smeerlap
8782	peper	noun	pepper (Piper nigrum or the spice obtained from its berries)
8783	ingrediënten	noun	plural of ingrediënt
8784	voorover	adv	headlong
8785	gestoten	verb	past participle of stoten
8786	lars	name	a male given name
8787	geheimzinnig	adj	secretive, mysterious
8788	terugvinden	verb	to retrieve
8789	bedroefd	adj	sorrowful, sad; little, paltry
8790	collier	noun	necklace
8791	gokker	noun	gambler
8792	ex-vriendin	noun	ex-girlfriend
8793	thuisgekomen	verb	past participle of thuiskomen
8794	stein	name	a village and municipality of Limburg, Netherlands
8795	discretie	noun	discretion (the quality of being discreet or circumspect)
8796	ontkenning	noun	denial; negation
8797	nerds	noun	plural of nerd
8798	decennia	noun	plural of decennium
8799	bovennatuurlijke	adj	masculine/feminine singular attributive
8800	eventueel	adv	possibly; occasionally
8801	geiten	verb	to act girlishly, esp. to giggle a lot
8802	hufters	noun	plural of hufter
8803	huurlingen	noun	plural of huurling
8804	verminkt	verb	second/third-person singular present indicative
8805	assisteren	verb	to assist, act as assistant to
8806	binnenste	adj	masculine/feminine singular attributive
8807	bewondering	noun	admiration
8808	dierbaar	adj	dear, prized by someone
8809	dealen	verb	to sell drugs
8810	pittig	adj	piquant, spicy; energetic and having a strong character
8811	onthoofd	verb	first-person singular present indicative
8812	nummerplaat	noun	license plate, number plate
8813	pasje	noun	diminutive of pas
8814	gewijd	adj	dedicated; sacred
8815	voorlopige	adj	masculine/feminine singular attributive
8816	afsnijden	verb	to cut off; to swerve a vehicle in front of (someone, another vehicle), causing hindrance; to cut off
8817	theoretisch	adj	theoretical
8818	technieken	noun	plural of techniek
8819	terugnemen	verb	to take back (after having lost), to retake
8820	instantie	noun	authority; agency, bureau
8821	bezielt	verb	second/third-person singular present indicative
8822	geklets	noun	waffle, chatter
8823	gezonken	verb	past participle of zinken
8824	slagader	noun	artery
8825	verliep	verb	singular past indicative of verlopen
8826	records	noun	plural of record
8827	verbieden	verb	to forbid, prohibit
8828	skiën	verb	to ski (to move on skis)
8829	imbeciel	adj	stupid, idiotic
8830	zend	verb	first-person singular present indicative
8831	inwendige	adj	masculine/feminine singular attributive
8832	echtgenoten	noun	plural of echtgenoot
8833	indrukwekkende	adj	masculine/feminine singular attributive
8834	hits	noun	plural of hit
8835	bestaande	verb	masculine/feminine singular attributive
8836	bedorven	verb	plural past indicative
8837	gebogen	verb	past participle of buigen
8838	t-shirts	noun	plural of T-shirt
8839	piramide	noun	pyramid
8840	noodlot	noun	fate, destiny; disastrous fate
8841	herberg	noun	inn, lodging
8842	inn	name	Inn (a right tributary of the Danube in Switzerland, Austria and Germany)
8843	getraceerd	verb	past participle of traceren
8844	inleveren	verb	to turn in; to sacrifice, to compromise, to give up on
8845	zijnde	verb	masculine/feminine singular attributive
8846	orkest	noun	orchestra
8847	geldig	adj	valid
8848	overbrengen	verb	to convey, to transfer, to transmit
8849	knoeien	verb	to create a mess
8850	uil	noun	owl, bird of the order Strigiformes
8851	laars	noun	boot
8852	cookie	noun	cookie
8853	driehoek	noun	triangle; a group of coordinating representatives of the executive power
8854	jatten	verb	to nick, pilfer, steal
8855	wachtkamer	noun	a waiting room
8856	aanranding	noun	sexual assault, (an instance of) physical sexual abuse
8857	verdoezelen	verb	to obscure (a fact), to cover up, to cloud
8858	chemisch	adj	chemical, relating to or produced by chemistry
8859	tussenpersoon	noun	mediator, middleman, intermediary
8860	som	noun	sum; problem
8861	trucks	noun	plural of truck
8862	franco	adj	with freightages paid by the sender
8863	sensatie	noun	sensation
8864	sleepte	verb	singular past indicative
8865	zwoer	verb	singular past indicative of zweren
8866	riskeer	verb	first-person singular present indicative
8867	schrift	noun	script; notebook
8868	marathon	noun	marathon
8869	astronauten	noun	plural of astronaut
8870	blije	adj	masculine/feminine singular attributive
8871	thailand	name	Thailand (a country in Southeast Asia)
8872	bewijsstuk	noun	a piece of evidence, esp. an attesting document
8873	harm	name	a diminutive of the male given name Herman, from Low German, meaning “army man”
8874	mysteries	noun	plural of mysterie
8875	grotendeels	adv	for the most part
8876	financieren	verb	to finance
8877	weggenomen	verb	past participle of wegnemen
8878	marcheren	verb	to march (walk with long, regular strides, as a soldier does)
8879	zintuigen	noun	plural of zintuig
8880	vergissen	verb	to make a mistake
8881	aandenken	noun	a keepsake, object recalling a memory
8882	gesloopt	verb	past participle of slopen
8883	gilde	noun	a guild; name of certain modern societies
8884	evenmin	adv	neither
8885	brandstichting	noun	arson (crime of setting a fire)
8886	profetie	noun	prophecy
8887	amuseren	verb	to amuse; to amuse oneself, to have fun
8888	materialen	noun	plural of materiaal
8889	fotograferen	verb	to photograph, to shoot (to take a photograph)
8890	eigenaars	noun	plural of eigenaar
8891	eergisteren	adv	ereyesterday, the day before yesterday
8892	roddelen	verb	to gossip
8893	gebit	noun	denture (set of teeth, also artificial)
8894	omgeven	verb	to surround
8895	vrijgezellenfeest	noun	bachelor party, bachelorette party
8896	inschrijven	verb	to register
8897	oostkust	noun	East coast (not necessarily of the United States)
8898	brancard	noun	gurney, stretcher
8899	rotzakken	noun	plural of rotzak
8900	blijk	noun	token, expression, demonstration, sign
8901	beledigt	verb	second/third-person singular present indicative
8902	angels	noun	plural of angel
8903	leidingen	noun	plural of leiding
8904	chirurgen	noun	plural of chirurg
8905	aanschouw	noun	sight, appearance (that which is seen)
8906	uitje	noun	diminutive of ui
8907	blikje	noun	diminutive of blik
8908	gekeerd	verb	past participle of keren
8909	inbraken	noun	plural of inbraak
8910	dwazen	noun	plural of dwaas
8911	besta	verb	first-person singular present indicative
8912	schort	noun	apron (article of clothing)
8913	presenteer	verb	first-person singular present indicative
8914	verassing	noun	cremation; incineration, burning to ashes
8915	ingesloten	verb	past participle of insluiten
8916	aannam	verb	singular dependent-clause past indicative of aannemen
8917	belonen	verb	to reward
8918	kringen	noun	plural of kring
8919	draaiende	verb	masculine/feminine singular attributive
8920	wast	verb	second/third-person singular present indicative
8921	inslaan	verb	to shatter, to break with force
8922	monument	noun	monument
8923	aantrekkingskracht	noun	force of attraction, attractive force
8924	botsen	verb	to collide
8925	lekkerste	adj	masculine/feminine singular attributive
8926	arresteerde	verb	singular past indicative
8927	simulatie	noun	simulation
8928	sinterklaas	name	Sinterklaas; the holiday dedicated to Saint Nicholas
8929	voornaamste	adj	masculine/feminine singular attributive
8930	ontevreden	adj	dissatisfied
8931	kring	noun	circle; round figure
8932	fenomeen	noun	phenomenon (observable event)
8933	ruit	noun	the shape rhombus, an equilateral parallelogram
8934	buitenaf	adv	from outside
8935	eervol	adj	honorable; (UK) honourable
8936	eetkamer	noun	dining room
8937	bevindingen	noun	plural of bevinding
8938	veroverd	verb	past participle of veroveren
8939	omging	verb	singular dependent-clause past indicative of omgaan
8940	verdubbelen	verb	to double; to become doubled
8941	handelaar	noun	merchant, trader
8942	smoes	noun	excuse, pretext
8943	schuim	noun	foam, froth; a type of spongy sweets, made of albumen and sugar
8944	amendement	noun	amendment, change or addition to a proposed law, ordinance or rule
8945	religieus	adj	religious
8946	vuurwapen	noun	firearm
8947	onverwachts	adv	unexpectedly
8948	staven	verb	to substantiate
8949	1e	adj	abbreviation of eerste (“first”); 1st
8950	kraag	noun	a collar; a frill of feathers or skin of a bird or reptile
8951	aanspreken	verb	to address; to accost
8952	tijdmachine	noun	time machine; chronometer, such as a clock
8953	etenstijd	noun	mealtime, especially dinnertime
8954	longontsteking	noun	pneumonia (acute or chronic inflammation of the lungs)
8955	18e	adj	abbreviation of achttiende (“eighteenth”); 18th
8956	samenkomen	verb	to come together, to meet, to assemble
8957	dilemma	noun	dilemma (between two alternatives)
8958	vervoerd	verb	past participle of vervoeren
8959	vondst	noun	find
8960	zweedse	noun	Swedish woman
8961	onrustig	adj	restless, agitated, unsettled
8962	hectare	noun	hectare
8963	manen	verb	to urge, admonish
8964	zond	noun	a long narrow inlet, or a strait between the mainland and an island; a sound
8965	solide	adj	solid, secure; reliable, trustworthy
8966	overdragen	verb	to convey, hand over, transfer
8967	onthuld	verb	past participle of onthullen
8968	veracht	verb	first/second/third-person singular present indicative
8969	meega	verb	first-person singular dependent-clause present indicative
8970	buitenlanders	noun	plural of buitenlander
8971	veiligheidsdienst	noun	security service
8972	steunde	verb	singular past indicative
8973	noodsituatie	noun	emergency situation
8974	spier	noun	muscle (contractile tissue)
8975	neutraal	adj	neutral, not taking sides in a conflict between opposite parties
8976	begaat	verb	second/third-person singular present indicative
8977	geleerde	noun	academic or otherwise learned expert; scholar, scientist
8978	bruggen	noun	plural of brug
8979	wars	adj	disliking, having an aversion
8980	patriot	noun	patriot
8981	gen	noun	gene
8982	nieuweling	noun	a newcomer, newbie, new (often inexperienced) user, member etc.
8983	vreesde	verb	singular past indicative
8984	beschadigde	verb	singular past indicative
8985	hoest	noun	cough
8986	protesteren	verb	to protest, to demonstrate
8987	verwonden	verb	to wound
8988	tree	noun	step (of a staircase), stair
8989	advocate	noun	female equivalent of advocaat (“lawyer”)
8990	iq	noun	acronym of intelligentiequotiënt
8991	waterdicht	adj	waterproof, watertight (being sealed in a way to prevent water from entering)
8992	tankstation	noun	filling station, petrol station (UK), gas station (US)
8993	haan	noun	a cock, a rooster (male chicken)
8994	rade	verb	singular present subjunctive of raden
8995	lap	noun	a rag, a piece of cloth
8996	overtuig	verb	first-person singular present indicative
8997	introduceren	verb	to introduce
8998	dope	verb	singular present subjunctive of dopen
8999	uurtjes	noun	plural of uurtje
9000	tweetjes	noun	plural of tweetje (“two (diminutive)”)
9001	klei	noun	clay
9002	lichtjes	adv	diminutive of licht; lightly, slightly, to a modest degree
9003	omgedraaid	verb	past participle of omdraaien
9004	uitlachen	verb	to ridicule, poke fun at
9005	debiel	adj	mildly mentally disabled (formally, with an IQ ranging from 50 to 80)
9006	worsteling	noun	something to be wrestled with; struggle
9007	versleten	adj	worn out, trite
9008	gestort	verb	past participle of storten
9009	afgebrand	verb	past participle of afbranden
9010	spectaculair	adj	spectacular
9011	verklappen	verb	to give away, reveal (a previously held secret)
9012	beloften	noun	plural of belofte
9013	verheugd	verb	past participle of verheugen
9014	fluitje	noun	diminutive of fluit
9015	stranden	verb	to strand
9016	well	name	a village in Maasdriel, Gelderland, Netherlands
9017	puntje	noun	diminutive of punt
9018	taarten	noun	plural of taart
9019	voilà	intj	voilà, there it is
9020	uitgedrukt	verb	past participle of uitdrukken
9021	heerser	noun	a ruler, sovereign
9022	uitgaande	verb	masculine/feminine singular attributive
9023	ontvanger	noun	receiver, recipient
9024	tweehonderd	num	two hundred
9025	bemachtigen	verb	to acquire with difficulty
9026	nutteloze	adj	masculine/feminine singular attributive
9027	gefocust	verb	past participle of focussen
9028	knoflook	noun	garlic (Allium sativum: the plant or its bulb, used in cooking)
9029	plaatsgevonden	verb	past participle of plaatsvinden
9030	krachtveld	noun	a force field
9031	verstaat	verb	second/third-person singular present indicative
9032	gescoord	verb	past participle of scoren
9033	hef	verb	first-person singular present indicative
9034	grip	noun	hold (to ensure control)
9035	uitverkoop	noun	sale (a period of reduced prices)
9036	voetafdrukken	noun	plural of voetafdruk
9037	heffen	verb	to raise, lift, heave
9038	berekenen	verb	to calculate, to compute
9039	chemie	noun	chemistry, the branch of natural science studying the composition and properties of matter
9040	beveelt	verb	second/third-person singular present indicative
9041	zozeer	adv	so much; not so much (...) as (...)
9042	overweldigend	verb	present participle of overweldigen
9043	schreven	verb	plural past indicative
9044	centen	noun	plural of cent
9045	slee	noun	sled, sleigh, wheelless vehicle which glides on land or ice
9046	bereikte	verb	singular past indicative
9047	wreedheid	noun	an indifference to suffering or positive pleasure in inflicting suffering; cruelty
9048	logeerkamer	noun	guest room
9049	uitverkocht	verb	singular dependent-clause past indicative of uitverkopen
9050	parasiet	noun	parasite (parasitic organism)
9051	aansteken	verb	to light, kindle
9052	binnengaan	verb	to enter, go into (a room, etc.)
9053	gedoemd	verb	past participle of doemen
9054	miriam	name	a female given name, variant of Mirjam
9055	naait	verb	second/third-person singular present indicative
9056	wijken	verb	to yield, make way
9057	zeeën	noun	plural of zee
9058	tapes	noun	plural of tape
9059	uitoefenen	verb	to exert
9060	schopt	verb	second/third-person singular present indicative
9061	opmerkelijke	adj	masculine/feminine singular attributive
9062	onderdrukt	adj	oppressed
9063	opgegraven	verb	past participle of opgraven
9064	luider	adj	comparative degree of luid
9065	zuinig	adj	economical, careful with expenses
9066	soepel	adj	supple, flexible
9067	immigratie	noun	immigration
9068	gecodeerd	verb	past participle of coderen
9069	première	noun	premiere
9070	lastiger	adj	comparative degree of lastig
9071	invallen	noun	plural of inval
9072	homoseksueel	adj	homosexual
9073	klikken	verb	to click; to go well relationwise, to have a click
9074	meegegaan	verb	past participle of meegaan
9075	google	verb	first-person singular present indicative
9076	eigendommen	noun	plural of eigendom
9077	kleuterschool	noun	nursery school (UK) or kindergarten (USA); usually for children aged 3 to 6
9078	vastleggen	verb	to moor, to fasten, to tether
9079	goochelaar	noun	magician
9080	wijsneus	noun	know-it-all
9081	buitenstaander	noun	an outsider
9082	nietsnut	noun	good-for-nothing
9083	uitgebreide	adj	masculine/feminine singular attributive
9084	kronen	verb	to coronate; to crown, adorn with a coronet, wreath etc.
9085	logo	noun	logo
9086	port	noun	postage
9087	bof	noun	mumps (contagious disease)
9088	verpletterd	verb	past participle of verpletteren
9089	kerker	noun	dungeon
9090	knettergek	adj	completely insane, stark raving mad
9091	zusjes	noun	plural of zusje
9092	onenigheid	noun	disagreement, quarrel, friction
9093	paranormale	adj	masculine/feminine singular attributive
9094	drogen	verb	to dry
9095	vermoedt	verb	second/third-person singular present indicative
9096	huiselijk	adj	domestic, residential, pertaining to the home or to residences
9097	stroming	noun	a flow, current
9098	dagvaarding	noun	a summons, formal request/order to come/appear
9099	favorieten	noun	plural of favoriet
9100	jassen	noun	plural of jas
9101	opladen	verb	to charge, recharge
9102	lekke	verb	singular present subjunctive of lekken
9103	vacht	noun	fur; pelt
9104	tomas	name	a male given name, spelling of Thomas
9105	percentage	noun	percentage (amount or rate as part of 100)
9106	intern	adj	internal, inside of something, of the body etc.
9107	hypothetisch	adj	hypothetic, hypothetical
9108	kennismaken	verb	to acquaint, to make someone's acquaintance
9109	italiaan	noun	an inhabitant of Italy
9110	verbrandde	verb	singular past indicative
9111	druiven	noun	plural of druif
9112	dansvloer	noun	dancefloor
9113	paranoia	noun	paranoia
9114	wandel	verb	first-person singular present indicative
9115	opgescheept	adj	stuck, burdened, inflicted
9116	aantrekt	verb	second/third-person singular dependent-clause present indicative of aantrekken
9117	jurylid	noun	member of a jury
9118	aantallen	noun	plural of aantal
9119	afkicken	verb	to recover from or quit an addiction, to kick the habit
9120	vasteland	noun	mainland
9121	appartementen	noun	plural of appartement
9122	ontnomen	verb	past participle of ontnemen
9123	linie	noun	line, line of battle
9124	werkelijke	adj	masculine/feminine singular attributive
9125	kunstwerk	noun	work of art; a man-made structure built with materials other than earth and sand
9126	spionage	noun	espionage, spying
9127	baden	verb	to bathe; to shower
9128	doop	noun	baptism; christening
9129	afstuderen	verb	to graduate: successfully complete one's studies
9130	mexicaans	adj	Mexican
9131	visuele	adj	masculine/feminine singular attributive
9132	kakkerlakken	noun	plural of kakkerlak
9133	feestdag	noun	holiday, day off
9134	voorgeschreven	verb	past participle of voorschrijven
9135	schrikt	verb	second/third-person singular present indicative
9136	toeren	verb	to go out riding, to travel by bike, bicycle touring
9137	pasen	verb	to give, to pass
9138	overweegt	verb	second/third-person singular present indicative
9139	wachter	noun	a guard, a sentinel
9140	hartje	noun	diminutive of hart
9141	kinderbescherming	noun	child welfare; child protection; the well-being of children wherever they may be
9142	getikt	adj	crazy
9143	avondklok	noun	curfew; curfew bell, evening bell
9144	gelovig	adj	religious, believing, faithful
9145	tachtig	num	eighty
9146	tegenkwam	verb	singular dependent-clause past indicative of tegenkomen
9147	alimentatie	noun	alimony (court-imposed allowance to meet costs of living)
9148	referenties	noun	plural of referentie
9149	typen	verb	to type
9150	rammel	noun	beating
9151	panda	noun	panda, giant panda (Ailuropoda melanoleuca)
9152	vonk	noun	spark (a small particle of glowing matter, either molten material or from fire)
9153	kloon	noun	clone (organism produced through cloning)
9154	strop	noun	a noose; hanging (execution)
9155	uitdagingen	noun	plural of uitdaging
9156	streken	noun	plural of streek
9157	haarzelf	pron	herself
9158	smoel	noun	mouth, face; look, appearance
9159	ingewikkelde	adj	masculine/feminine singular attributive
9160	directie	noun	management (administration; the process or practice of managing)
9161	arabisch	adj	Arabian; Arab; Arabic
9162	afgaat	verb	second/third-person singular dependent-clause present indicative of afgaan
9163	voetballen	verb	to play soccer/football
9164	tij	noun	tide
9165	bedreig	verb	first-person singular present indicative
9166	lette	verb	singular past indicative
9167	scheikunde	noun	chemistry
9168	samenwerkt	verb	second/third-person singular dependent-clause present indicative of samenwerken
9169	voetstappen	noun	plural of voetstap
9170	opgewekt	verb	past participle of opwekken
9171	joker	noun	joker (playing card)
9172	welles	intj	used to contradict a negative assertion
9173	martelaar	noun	martyr
9174	bloedgroep	noun	blood type; background, especially in an organisation that is the result of a merger
9175	a.u.b.	adv	abbreviation of alstublieft
9176	verschijning	noun	appearance, act of appearing
9177	primitieve	adj	masculine/feminine singular attributive
9178	afslaan	verb	to decline, to reject
9179	goddelijk	adj	divine, godlike
9180	verloop	noun	course (development)
9181	comfort	noun	physical comfort, ease
9182	laffe	adj	masculine/feminine singular attributive
9183	culturen	noun	plural of cultuur
9184	erkenning	noun	recognition (of someone's achievements)
9185	infanterie	noun	the infantry, non-mounted troops, notably on land
9186	herzien	verb	to revise, to review
9187	daniël	name	Daniel (biblical prophet)
9188	ontwaakt	verb	second/third-person singular present indicative
9189	fat	noun	dandy, a man obsessed with his looks
9190	knapper	adj	comparative degree of knap
9191	berekend	verb	past participle of berekenen
9192	geïnstalleerd	verb	past participle of installeren
9193	explosies	noun	plural of explosie
9194	astma	noun	the chronic respiratory disease asthma
9195	milaan	name	Milan
9196	matrix	noun	matrix (type of array)
9197	termen	noun	plural of term
9198	johan	name	a male given name, equivalent to English John
9199	benadering	noun	approach; approximation
9200	bange	adj	masculine/feminine singular attributive
9201	strenge	adj	masculine/feminine singular attributive
9202	aanbiedt	verb	second/third-person singular dependent-clause present indicative of aanbieden
9203	adolf	name	a male given name, equivalent to English Adolph
9204	onaangenaam	adj	not nice, unpleasant, unfriendly
9205	overschat	verb	first/second/third-person singular present indicative
9206	cornflakes	noun	corn flakes; plural of cornflake
9207	eenden	noun	plural of eend
9208	cocktails	noun	plural of cocktail
9209	honk	noun	home, place where one belongs, shelter
9210	racist	noun	racist
9211	verleend	verb	past participle of verlenen
9212	ontslaat	verb	second/third-person singular present indicative
9213	fabrieken	verb	to forge (create a forgery)
9214	doodvallen	verb	to drop dead, to die suddenly
9215	beugel	noun	stay, brace, bracket, prop, support
9216	opbellen	verb	to call (up) (to contact by telephone)
9217	opjagen	verb	to chase; to drive crazy
9218	langere	adj	masculine/feminine singular attributive
9219	vertaler	noun	translator
9220	uitdagen	verb	to challenge
9221	rijker	adj	comparative degree of rijk
9222	cricket	noun	cricket (sport)
9223	opeet	verb	first/second/third-person singular dependent-clause present indicative of opeten
9224	gootsteen	noun	sink, basin
9225	overzicht	noun	synopsis, outline
9226	glippen	verb	to slip, to slide
9227	milligram	noun	milligramme, milligram (0.001 gramme)
9228	wol	noun	wool
9229	neergehaald	verb	past participle of neerhalen
9230	ontsloeg	verb	singular past indicative of ontslaan
9231	schrappen	verb	to cross out; to cancel, to annul
9232	gluren	verb	to peek, peep, ogle, pry
9233	smoesjes	noun	plural of smoesje
9234	overlopen	verb	to overflow; to defect
9235	creatie	noun	creation (act of creating, inventing, etc.)
9236	noteren	verb	to write down, note
9237	hevige	adj	masculine/feminine singular attributive
9238	part	noun	part
9239	incidenten	noun	plural of incident
9240	toestellen	noun	plural of toestel
9241	turkse	noun	a female Turk
9242	games	noun	plural of game
9243	stalken	verb	to stalk (to follow and harass someone)
9244	kolen	noun	coal, especially in pieces
9245	betaalden	verb	plural past indicative
9246	corps	noun	student society, especially a traditional and hierarchical one
9247	knappen	verb	to crack
9248	verblind	verb	first-person singular present indicative
9249	paden	noun	plural of pad
9250	uitgaven	noun	plural of uitgave
9251	restjes	noun	plural of restje
9252	verte	noun	distance (typically not as a physical quantity)
9253	flora	noun	flora (plant life, in particular the plant living or endemic in a certain area)
9254	doneren	verb	to donate (give to charity, etc.)
9255	rationeel	adj	rational, reasonable (pertaining to reason, by means of reason)
9256	aanzienlijk	adj	considerable
9257	plunderen	verb	to plunder, to pillage, to ransack
9258	cup	noun	cup (trophy); cup (one of the two parts of a brassiere which each cover a breast)
9259	medailles	noun	plural of medaille
9260	schending	noun	violation
9261	worstjes	noun	plural of worstje
9262	objectief	adj	objective, impartial
9263	exotische	adj	masculine/feminine singular attributive
9264	zwem	verb	first-person singular present indicative
9265	opgepast	verb	past participle of oppassen
9266	groepje	noun	diminutive of groep
9267	legitimatie	noun	legitimization
9268	frietjes	noun	plural of frietje
9269	gerechtelijk	adj	of or relating to the judiciary, judicial
9270	mattie	noun	friend, mate, buddy
9271	tweelingen	noun	plural of tweeling
9272	doodskist	noun	coffin
9273	klos	noun	spool, bobbin; wooden or metal reel or similar object
9274	onderkant	noun	bottom, underside
9275	wettige	adj	masculine/feminine singular attributive
9276	oen	noun	a nincompoop, moron, dumb person
9277	betoverd	verb	past participle of betoveren
9278	waken	verb	to stay awake; to watch, to be alert
9279	omtrek	noun	perimeter; circumference
9280	sufferd	noun	fool, idiot; a local or regional newspaper
9281	zuipen	verb	to swig, to drink heavily, to guzzle
9282	culturele	adj	masculine/feminine singular attributive
9283	portie	noun	serving, helping
9284	panty	noun	a pantyhose, nylon tights worn about legs by women
9285	nippertje	noun	instant, brief moment
9286	omtrent	prep	concerning
9287	schuilt	verb	second/third-person singular present indicative
9288	vloeibaar	adj	liquid (capable of flowing, and neither solid nor gaseous)
9289	getwijfeld	verb	past participle of twijfelen
9290	erewoord	noun	word of honor
9291	veteranen	noun	plural of veteraan
9292	vreest	verb	second/third-person singular present indicative
9293	napels	name	Naples; a hamlet in Oldambt, Groningen, Netherlands
9294	achten	verb	to regard, consider
9295	veiligste	adj	masculine/feminine singular attributive
9296	item	noun	item (matter of discussion)
9297	gala	noun	a ceremonial celebration, originally a ball (formal dance), now often a prom
9298	zaaien	verb	to sow, plant seed
9299	sabotage	noun	sabotage
9300	uitgedroogd	verb	past participle of uitdrogen
9301	gevestigd	verb	past participle of vestigen
9302	gemengd	adj	mixed
9303	levensvormen	noun	plural of levensvorm
9304	magnetron	noun	microwave oven (fast heating device with mainly culinary use)
9305	inspirerend	adj	inspiring
9306	hingen	verb	plural past indicative
9307	parkeer	verb	first-person singular present indicative
9308	uitlaten	verb	to release, notably
9309	genadig	adj	lenient, clement
9310	onredelijk	adj	unreasonable, groundless
9311	sluier	noun	a veil
9312	hekserij	noun	witchcraft; something quite difficult
9313	brute	adj	masculine/feminine singular attributive
9314	mini	adj	mini (tiny)
9315	es	noun	ash, ash tree (Fraxinus excelsior)
9316	kruisen	verb	to cross, intersect
9317	knielen	verb	to kneel (stoop down and rest on the knee)
9318	gevaarlijkste	adj	masculine/feminine singular attributive
9319	benijd	verb	first-person singular present indicative
9320	verwonding	noun	wound, injury
9321	overneemt	verb	second/third-person singular dependent-clause present indicative of overnemen
9322	mep	noun	slap, smack, blow
9323	hagedis	noun	lizard, non-snake reptilian of the subclass Squamata, especially of the Lacertilia
9324	gezamenlijk	adj	all; joint, shared
9325	scherpschutter	noun	sharpshooter
9326	aankondigen	verb	to announce
9327	vertraagd	verb	past participle of vertragen
9328	zoogdieren	noun	plural of zoogdier
9329	amuseer	verb	first-person singular present indicative
9330	mankeer	verb	first-person singular present indicative
9331	serienummer	noun	a serial number
9332	vermomd	verb	past participle of vermommen
9333	gevierd	verb	past participle of vieren
9334	geplast	verb	past participle of plassen
9335	schetsen	verb	to sketch; to describe with words
9336	beschrijf	verb	first-person singular present indicative
9337	drol	noun	turd
9338	teruggegaan	verb	past participle of teruggaan
9339	schelden	verb	to scold, to swear
9340	koele	adj	masculine/feminine singular attributive
9341	overgebracht	verb	past participle of overbrengen
9342	afkomen	verb	to get rid [with van ‘of’] (something unwanted)
9343	vleermuis	noun	bat, mammal of the order Chiroptera
9344	mirakel	noun	miracle
9345	orgaan	noun	organ (part of an organism)
9346	domkop	noun	a stupid (not clever) person, a dunce, a duffer
9347	nachtdienst	noun	night shift
9348	gelet	verb	past participle of letten
9349	ravijn	noun	ravine
9350	recepten	noun	plural of recept
9351	bedankje	noun	thank-you (expression of gratitude)
9352	kapitaal	noun	fortune n; capital (money) n
9353	gezonden	verb	past participle of zenden
9354	oostenrijk	name	Austria (a country in Central Europe)
9355	syrië	name	Syria (a country in West Asia in the Middle East)
9356	tref	verb	first-person singular present indicative
9357	stakker	noun	pitiable person, wretch
9358	aankon	verb	singular dependent-clause past indicative of aankunnen
9359	tezamen	adv	together (with)
9360	verwant	adj	related (including distant relations)
9361	gelekt	verb	past participle of lekken
9362	massachusetts	name	Massachusetts (a state of the United States)
9363	hooi	noun	hay (dried grass)
9364	shirts	noun	plural of shirt
9365	diabetes	noun	diabetes
9366	hooggerechtshof	noun	supreme court
9367	exemplaren	noun	plural of exemplaar
9368	argentinië	name	Argentina (a country in South America)
9369	sven	name	a male given name from Swedish
9370	windt	verb	second/third-person singular present indicative
9371	context	noun	context
9372	democraten	noun	plural of democraat
9373	denemarken	name	Denmark (a country in Northern Europe)
9374	doodgegaan	verb	past participle of doodgaan
9375	vermelden	verb	to mention, to note
9376	ginder	adv	yonder; there; used to indicate something that is not here
9377	keten	noun	chain, fetter, shackle
9378	adel	noun	nobility (class of people)
9379	geestig	adj	witty, humorous
9380	overeenkomt	verb	second/third-person singular dependent-clause present indicative of overeenkomen
9381	bijstaan	verb	to assist; to stand by or nearby
9382	doofpot	noun	an old-fashioned metal canister with a tight lid
9383	lijd	verb	first-person singular present indicative
9384	rondes	noun	plural of ronde
9385	nadine	name	a female given name
9386	geïnvesteerd	verb	past participle of investeren
9387	beschouwt	verb	second/third-person singular present indicative
9388	parels	noun	plural of parel
9389	oesters	noun	plural of oester
9390	wagon	noun	a train car, a wagon (railway carriage, a nonpowered unit in a railroad train)
9391	ondergaat	verb	second/third-person singular dependent-clause present indicative of ondergaan
9392	verpleger	noun	nurse
9393	vooraleer	conj	before
9394	onwetendheid	noun	ignorance
9395	hapjes	noun	plural of hapje
9396	plasma	noun	plasma, dense ionised gas
9397	vanille	noun	vanilla
9398	verschuilen	verb	to hide, to make hidden
9399	vervalsing	noun	forgery, fake, falsification
9400	precieze	adj	masculine/feminine singular attributive
9401	propaganda	noun	propaganda
9402	western	noun	western (work set in the Old West)
9403	inbeelden	verb	to imagine, to envisage
9404	keizerin	noun	empress
9405	belast	verb	first/second/third-person singular present indicative
9406	schoonvader	noun	father-in-law; father of one's boyfriend or girlfriend
9407	aardbevingen	noun	plural of aardbeving
9408	voorbije	noun	a time gone by; the past
9409	uranium	noun	uranium
9410	aangesteld	verb	past participle of aanstellen
9411	saunders	name	a neighbourhood of Sint Maarten
9412	produceert	verb	second/third-person singular present indicative
9413	kerstboom	noun	a Christmas tree, a decorated tree set up during the Christmas holiday season
9414	reuzen	noun	plural of reus
9415	beleefdheid	noun	politeness
9416	verzorging	noun	caretaking
9417	vermoeid	verb	past participle of vermoeien
9418	ingevuld	verb	past participle of invullen
9419	verkochten	verb	plural past indicative
9420	opvoeren	verb	to perform (e.g. a play or opera)
9421	boe	intj	boo, exclamation to scare someone
9422	vreemder	adj	comparative degree of vreemd
9423	joeg	verb	singular past indicative of jagen
9424	operatiekamer	noun	operating theatre, operating room (room where surgical procedures are performed)
9425	series	noun	plural of serie
9426	nagedachtenis	noun	remembrance
9427	nietes	intj	used to contradict a positive assertion
9428	blanco	adj	blank; unwritten or not filled with printing, painting or other marks
9429	verpletteren	verb	to crush, smash
9430	verveeld	adj	bored
9431	schets	noun	sketch
9432	prof	noun	professor; doctor, physician
9433	kwetst	verb	second/third-person singular present indicative
9434	stelden	verb	plural past indicative
9435	bakboord	noun	port (left-hand side of a vessel)
9436	aardappels	noun	plural of aardappel
9437	vergiftigde	verb	singular past indicative
9438	ruige	adj	masculine/feminine singular attributive
9439	potten	verb	to pot: i.e. to knock a ball into a pocket
9440	gladde	adj	masculine/feminine singular attributive
9441	sollen	verb	to throw back and forth (of a ball)
9442	plaatsvond	verb	singular dependent-clause past indicative of plaatsvinden
9443	eerbetoon	noun	homage, tribute, praise
9444	aapje	noun	diminutive of aap
9445	marketing	noun	marketing
9446	stokje	noun	diminutive of stok
9447	sleept	verb	second-person (gij) singular past indicative of slijpen
9448	sluw	adj	sly, cunning
9449	hoefden	verb	plural past indicative
9450	aanrichten	verb	to cause, to inflict, to wreak
9451	bruut	adj	brutish, rough; brutal, fierce
9452	afsluiting	noun	closing off, closure
9453	mietjes	noun	plural of mietje
9454	mi	noun	mi
9455	zakenpartner	noun	a business partner
9456	gebrand	verb	past participle of branden
9457	deskundige	adj	masculine/feminine singular attributive
9458	schuil	verb	first-person singular present indicative
9459	mouwen	noun	plural of mouw
9460	ingaat	verb	second/third-person singular dependent-clause present indicative of ingaan
9461	aardappel	noun	potato (tuber eaten as vegetable)
9462	huilend	verb	present participle of huilen
9463	zuid-afrika	name	South Africa (a country in Southern Africa)
9464	hechte	verb	singular present subjunctive of hechten
9465	afvuren	verb	to fire, to fire off (a weapon, projectile)
9466	buizen	verb	to booze, to drink heavily
9467	bewogen	verb	plural past indicative
9468	pompoen	noun	pumpkin (plant of genus Cucurbita, or its edible fruit)
9469	zebra	noun	a zebra; a zebra crossing, a pedestrian crossing
9470	halleluja	intj	hallelujah
9471	communist	noun	communist
9472	blaffen	verb	to bark, like a canine and certain others species
9473	gemarkeerd	verb	past participle of markeren
9474	communistische	adj	indefinite masculine and feminine singular
9475	chauffeurs	noun	plural of chauffeur
9476	gedaald	verb	past participle of dalen
9477	verdrijven	verb	to expel, to dispel, to drive away
9478	citaat	noun	a quotation, fragment of a human expression, notably as reference
9479	waterval	noun	waterfall
9480	verbrande	verb	singular present subjunctive of verbranden
9481	premie	noun	a prize, a reward
9482	vertoning	noun	show, spectacle, performance
9483	neuzen	verb	to browse, to peruse
9484	aanbetaling	noun	down payment
9485	overhaast	adv	abruptly; in a precipitous manner
9486	geluksvogel	noun	lucky dog (someone who is often lucky)
9487	muffin	noun	muffin (cupcake-shaped baked good)
9488	vreedzaam	adj	peaceful
9489	beschaafde	adj	masculine/feminine singular attributive
9490	reusachtige	adj	masculine/feminine singular attributive
9491	hok	noun	a living shelter for domesticated animals such as a kennel, cage, hut or a pen
9492	hoekje	noun	diminutive of hoek
9493	atoombom	noun	atomic bomb
9494	impulsief	adj	impulsive
9495	bezielde	verb	singular past indicative
9496	molen	noun	mill
9497	repareer	verb	first-person singular present indicative
9498	pupillen	noun	plural of pupil
9499	achtervolgde	verb	singular past indicative
9500	bijdehand	adj	bright, smart, sly, pedantic
9501	opzichten	noun	plural of opzicht
9502	weeën	noun	plural of wee
9503	alma	name	a neighbourhood of Winterswijk, Gelderland, Netherlands
9504	tevergeefs	adv	in vain
9505	garden	noun	plural of garde
9506	terras	noun	terrace; outdoor café
9507	aquarium	noun	aquarium
9508	dronkaard	noun	drunkard
9509	maandenlang	adv	for months (on end)
9510	holy	name	a neighbourhood of Vlaardingen, South Holland, Netherlands
9511	verstoppertje	noun	hide and seek
9512	trager	adj	comparative degree of traag
9513	overspel	noun	adultery
9514	volslagen	adj	complete, total, utter
9515	afwachting	noun	expectation
9516	aankoop	noun	purchase
9517	samenstelling	noun	composition; compound word
9518	souvenir	noun	souvenir
9519	shampoo	noun	shampoo (product for washing hair)
9520	werpt	verb	second/third-person singular present indicative
9521	aankunt	verb	second-person singular dependent-clause present indicative of aankunnen
9522	verhelpen	verb	to solve, to fix
9523	racistisch	adj	racist
9524	rivaal	noun	rival, opponent
9525	haaks	adj	at a right angle
9526	stomkop	noun	blockhead, stupid person
9527	wand	noun	wall; face (as in mountain face)
9528	afstandelijk	adj	standoffish, aloof, distant (cold, unfriendly)
9529	methoden	noun	plural of methode
9530	deksel	noun	lid (top or cover of a container)
9531	onzekerheid	noun	uncertainty; insecurity
9532	opvrolijken	verb	to cheer up
9533	urenlang	adv	for hours (on end), (for) a long time
9534	verbied	verb	first-person singular present indicative
9535	getalenteerde	adj	masculine/feminine singular attributive
9536	technicus	noun	a technician, a technical expert
9537	toerist	noun	tourist (male or of unspecified sex)
9538	geslikt	verb	past participle of slikken
9539	bedrading	noun	wiring, totality or mass of electrical cords
9540	niveaus	noun	plural of niveau
9541	kortere	adj	masculine/feminine singular attributive
9542	eigenschap	noun	property, feature, quality
9543	grill	noun	grill
9544	anomalie	noun	anomaly
9545	technici	noun	plural of technicus
9546	ontsteker	noun	a detonator
9547	vloeien	verb	to flow (to move as a fluid)
9548	minderjarig	adj	underage, minor, juvenile
9549	oogcontact	noun	eye contact
9550	kunstenaars	noun	plural of kunstenaar
9551	teruggebeld	verb	past participle of terugbellen
9552	gegraven	verb	past participle of graven
9553	ambtenaren	noun	plural of ambtenaar
9554	vormden	verb	plural past indicative
9555	wonde	verb	singular past subjunctive of winden
9556	borstkas	noun	chest, thorax, ribcage
9557	juryleden	noun	plural of jurylid
9558	meldingen	noun	plural of melding
9559	kopiëren	verb	to copy
9560	basisschool	noun	elementary school (US), primary school (UK)
9561	aangemeld	verb	past participle of aanmelden
9562	vulkanen	noun	plural of vulkaan
9563	kletst	verb	second/third-person singular present indicative
9564	vuisten	verb	to fist-fuck
9565	gekleurde	verb	masculine/feminine singular attributive
9566	verwijdert	verb	second/third-person singular present indicative
9567	snack	noun	snack
9568	reizigers	noun	plural of reiziger
9569	levensverzekering	noun	life insurance
9570	getto	noun	ghetto
9571	gips	noun	plaster cast; gypsum
9572	15e	adj	abbreviation of vijftiende (“fifteenth”); 15th
9573	effe	adv	shortly; for a moment
9574	samengesteld	adj	compound; composed
9575	regende	verb	singular past indicative
9576	portaal	noun	portal
9577	maanlicht	noun	moonlight
9578	panama	name	Panama (a country in Central America)
9579	beheer	noun	management, administration
9580	gastvrouw	noun	hostess
9581	pion	noun	pawn; piece, pawn (generic player piece in boardgames resembling the pawn in chess)
9582	arbeid	noun	labour, work; work
9583	licentie	noun	license (commercial)
9584	spenderen	verb	to spend (of money)
9585	deelnemen	verb	to take part, to partake, to participate
9586	reinigen	verb	to clean
9587	goeiedag	intj	hello, good day (greeting used during daytime)
9588	torens	noun	plural of toren
9589	verstoort	verb	second/third-person singular present indicative
9590	opzichte	noun	dative singular of opzicht
9591	arabieren	noun	plural of Arabier
9592	epidemie	noun	epidemic
9593	echtscheiding	noun	divorce
9594	editie	noun	edition
9595	boor	noun	drill
9596	reiziger	noun	traveller, voyager
9597	vergiftiging	noun	poisoning
9598	mankracht	noun	manpower
9599	primitief	adj	primitive
9600	instincten	noun	plural of instinct
9601	bloedige	adj	masculine/feminine singular attributive
9602	stripclub	noun	strip club
9603	regenwoud	noun	rainforest
9604	dot	noun	a tuft, a bunch, a clump
9605	aftellen	verb	to count down
9606	bespaard	verb	past participle of besparen
9607	geschonken	verb	past participle of schenken
9608	orion	name	Orion
9609	intimiteit	noun	intimacy; an intimate action, encounter or behaviour
9610	juichen	verb	to shout with joy
9611	verwachtten	verb	plural past indicative
9612	babysitten	verb	to babysit
9613	vervang	verb	first-person singular present indicative
9614	kano	noun	canoe (a small long and narrow boat)
9615	zomers	adj	summery; 25 °C or more
9616	mest	noun	dung; fertilizer
9617	verwisselen	verb	to swap, replace, exchange
9618	langzame	adj	masculine/feminine singular attributive
9619	straatverbod	noun	ban on entering a certain street, or block of streets, as part of a restraining order
9620	vrachtschip	noun	cargo ship
9621	gesneuveld	verb	past participle of sneuvelen
9622	slijmen	verb	to suck up to a person, brownnose
9623	verpleegkundige	noun	nurse
9624	speeksel	noun	saliva, spit(tle)
9625	buggy	noun	a baby buggy, a pushchair, a stroller
9626	bespreek	verb	first-person singular present indicative
9627	volop	adv	abundant, plentiful, in abundance
9628	radicale	adj	masculine/feminine singular attributive
9629	diarree	noun	diarrhea
9630	bediening	noun	attendance, service
9631	ongevoelig	adj	insensitive, crass, callous
9632	doormaken	verb	to go through, to experience
9633	idealen	noun	plural of ideaal
9634	onkosten	noun	plural of onkost
9635	antenne	noun	antenna (feeler organ on the head of an insect)
9636	geworpen	verb	past participle of werpen
9637	ruzies	noun	plural of ruzie
9638	varkensvlees	noun	pork
9639	vergaat	verb	second/third-person singular present indicative
9640	dagenlang	adv	for days
9641	opzichter	noun	overseer, supervisor
9642	zwervers	noun	plural of zwerver
9643	verspilde	verb	singular past indicative
9644	middelste	adj	masculine/feminine singular attributive
9645	handleiding	noun	manual
9646	krat	noun	crate
9647	meeneem	verb	first-person singular dependent-clause present indicative of meenemen
9648	heiligen	verb	to hallow, to sanctify
9649	indirect	adj	indirect
9650	ede	noun	dative singular of eed
9651	huisvrouw	noun	housewife, female homemaker
9652	freaks	noun	plural of freak
9653	gronden	verb	to fathom, to determine the depth of
9654	aftrekken	verb	to pull off; to subtract
9655	vervangt	verb	second/third-person singular present indicative
9656	traint	verb	second/third-person singular present indicative
9657	opgaf	verb	singular dependent-clause past indicative of opgeven
9658	bommenwerpers	noun	plural of bommenwerper
9659	kramp	noun	cramp
9660	belangrijkere	adj	masculine/feminine singular attributive
9661	pleeg	verb	first-person singular present indicative
9662	optredens	noun	plural of optreden
9663	slachten	verb	to slaughter
9664	individuele	adj	masculine/feminine singular attributive
9665	erlangs	adv	pronominal adverb form of langs + het
9666	bruikbaar	adj	usable, functional, operable
9667	verstond	verb	singular past indicative of verstaan
9668	grijns	noun	grin
9669	preken	verb	to preach; to sermonise, to lecture (to criticise verbally)
9670	omelet	noun	omelette
9671	baren	verb	to bear, to give birth to
9672	arrogantie	noun	arrogance
9673	dijen	noun	plural of dij
9674	brandend	verb	present participle of branden
9675	kasten	noun	plural of kast
9676	stijlvol	adj	stylish
9677	regime	noun	regime (political order)
9678	legden	verb	plural past indicative
9679	slijm	noun	slime; mucus (particularly phlegm)
9680	platte	adj	masculine/feminine singular attributive
9681	industriële	adj	masculine/feminine singular attributive
9682	opstaat	verb	second/third-person singular dependent-clause present indicative of opstaan
9683	grendel	noun	bolt (of a door)
9684	ondraaglijk	adj	unbearable, intolerable
9685	ophef	noun	uproar, commotion
9686	weerwolven	noun	plural of weerwolf
9687	punch	noun	punch (beverage)
9688	bakkerij	noun	a bakery; the act of baking
9689	krokodillen	noun	plural of krokodil
9690	instellen	verb	to set (up), to configure
9691	verwachte	verb	singular present subjunctive of verwachten
9692	verscheuren	verb	to tear apart
9693	bespaart	verb	second/third-person singular present indicative
9694	roof	noun	robbery, robbing, banditry, rapine
9695	jeuk	noun	an itch; an itching
9696	fouilleren	verb	to search, to frisk
9697	jongelui	noun	youth, youngsters
9698	tenten	noun	plural of tent
9699	bars	adj	stern, strict
9700	blokkade	noun	blockade
9701	sovjet-unie	name	Soviet Union
9702	planken	adj	made of plank(s) and/or board(s)
9703	verkoudheid	noun	cold (illness)
9704	opkijken	verb	to look (in an) up(ward manner); to lift one's eyes
9705	ontwikkelt	verb	second/third-person singular present indicative
9706	ontbrak	verb	singular past indicative of ontbreken
9707	struikelde	verb	singular past indicative
9708	behoud	noun	preservation, conserving, conservation
9709	kleins	adj	partitive of klein
9710	struiken	noun	plural of struik
9711	huurder	noun	hirer, renter (one who hires something)
9712	bil	noun	buttock; buttocks, backside, posterior
9713	pleeggezin	noun	foster home
9714	bevond	verb	singular past indicative of bevinden
9715	ongelofelijke	adj	masculine/feminine singular attributive
9716	stern	noun	tern
9717	antieke	adj	masculine/feminine singular attributive
9718	wafels	noun	plural of wafel
9719	opgelicht	verb	past participle of oplichten
9720	hendel	noun	lever
9721	schikken	verb	to arrange, to order
9722	mevr.	noun	abbreviation of mevrouw Mrs.
9723	kortste	adj	masculine/feminine singular attributive
9724	motorkap	noun	bonnet, hood (of a motorised road vehicle)
9725	afspelen	verb	to play (a recording)
9726	zenders	noun	plural of zender
9727	beenderen	noun	plural of been
9728	rechtzaak	noun	lawsuit
9729	sirene	noun	a siren, a noisy warning device
9730	onbewust	adv	subconsciously, unconsciously (without directed thought or awareness)
9731	aangeeft	verb	second/third-person singular dependent-clause present indicative of aangeven
9732	kriebels	noun	plural of kriebel
9733	pleister	noun	plaster, sticking plaster, band-aid
9734	lazarus	adj	very drunk, wasted
9735	hardlopen	verb	to run fast, race on foot
9736	kostschool	noun	boarding school, where pupils get lessons, lodgings and meals
9737	hiertoe	adv	to this, hereto; to this end
9738	verworpen	verb	past participle of verwerpen
9739	black-out	noun	blackout (temporary loss of consciousness)
9740	19e	adj	abbreviation of negentiende (“nineteenth”); 19th
9741	werkers	noun	plural of werker
9742	verraste	verb	singular past indicative
9743	strike	noun	strike (act of knocking down all ten pins on the first roll of a frame)
9744	verhinderen	verb	to hinder (to delay or impede movement)
9745	tolk	noun	an interpreter, one who translates/interprets speech in another language and vice versa
9746	advertenties	noun	plural of advertentie
9747	afbeelding	noun	picture, image; mapping
9748	afgegeven	verb	past participle of afgeven
9749	ziekenwagen	noun	ambulance
9750	bloede	verb	singular present subjunctive of bloeden
9751	maagdelijkheid	noun	virginity (state of being a virgin)
9752	telefoongesprek	noun	telephone call
9753	laken	noun	woollen broadcloth
9754	bajes	noun	slammer, jail, prison
9755	beschavingen	noun	plural of beschaving
9756	leningen	noun	plural of lening
9757	foetus	noun	fetus
9758	plak	noun	a slice, rasher (of bacon or cheese), slab (of chocolate)
9759	partnerschap	noun	partnership
9760	geëvacueerd	verb	past participle of evacueren
9761	tablet	noun	tablet, pill (piece of medicine in solid state)
9762	pinguïns	noun	plural of pinguïn
9763	opleggen	verb	to put on; to impose
9764	dienstmeisje	noun	diminutive of dienstmeid
9765	mot	noun	butterfly-like insect: moth (usually nocturnal insect of the order Lepidoptera)
9766	wereldkampioen	noun	world champion
9767	etter	noun	pus
9768	kereltje	noun	diminutive of kerel
9769	vormde	verb	singular past indicative
9770	zodanig	adv	in such a way, to such an extent; so
9771	geruild	verb	past participle of ruilen
9772	paneel	noun	panel (flat, rectangular, often wooden, surface)
9773	hazel	noun	hazel
9774	historie	noun	history; story
9775	aanraden	verb	to suggest, advise
9776	leder	noun	leather
9777	gehaat	verb	past participle of haten
9778	voorruit	noun	windscreen, windshield
9779	puree	noun	puree
9780	verveelde	verb	singular past indicative
9781	telde	verb	singular past indicative
9782	20e	adj	abbreviation of twintigste (“twentieth”); 20th
9783	loslaat	verb	first/second/third-person singular dependent-clause present indicative of loslaten
9784	sarcasme	noun	sarcasm
9785	kouder	adj	comparative degree of koud
9786	po	noun	chamber pot
9787	scheurde	verb	singular past indicative
9788	uitkwam	verb	singular dependent-clause past indicative of uitkomen
9789	elektrisch	adj	electric
9790	rolt	verb	second/third-person singular present indicative
9791	scout	noun	a scout, a boy scout or girl scout
9792	spoorweg	noun	railway
9793	bezopen	verb	plural past indicative
9794	versterkingen	noun	plural of versterking
9795	meeging	verb	singular dependent-clause past indicative of meegaan
9796	opgevolgd	verb	past participle of opvolgen
9797	barcelona	name	Barcelona (the capital city of Catalonia, Spain)
9798	automaat	noun	a machine that performs automated tasks
9799	cynisch	adj	cynical; Cynic, pertaining to Cynicism
9800	21e	adj	abbreviation of eenentwintigste (“twenty-first”); 21st
9801	hybride	noun	A hybrid.
9802	rituelen	noun	plural of ritueel
9803	roodharige	noun	a redheaded person, ginger
9804	betuigen	verb	to express, to profess, to declare
9805	ziekten	noun	plural of ziekte
9806	stelling	noun	position, configuration
9807	straft	verb	second/third-person singular present indicative
9808	overeenkomen	verb	to agree; to correspond to
9809	kettingen	noun	plural of ketting
9810	sabine	name	a female given name, popular in the latter half of the twentieth century
9811	woordenboek	noun	dictionary
9812	overwonnen	verb	plural past indicative
9813	gewezen	adj	former
9814	loer	noun	lure (mechanism used in falconry)
9815	bestuurt	verb	second/third-person singular present indicative
9816	column	noun	a recurring opinion piece in a newspaper or magazine; a column
9817	verkies	verb	first-person singular present indicative
9818	opvang	noun	caretaking, sheltering
9819	organische	adj	masculine/feminine singular attributive
9820	cafeïne	noun	caffeine
9821	geïrriteerd	adj	annoyed
9822	sofa	noun	a couch, a sofa
9823	coyote	noun	coyote (Canis latrans)
9824	nova	noun	nova, nova star
9825	gunnen	verb	to think someone deserves something
9826	bandiet	noun	bandit, brigand
9827	primaire	adj	masculine/feminine singular attributive
9828	smeekt	verb	second/third-person singular present indicative
9829	inschenken	verb	to pour
9830	omarmen	verb	to embrace, to put arms around
9831	ondankbaar	adj	ungrateful, showing no gratitude
9832	ingericht	verb	past participle of inrichten
9833	verscheidene	det	various
9834	dubbelganger	noun	doppelganger
9835	argumenten	noun	plural of argument
9836	inventaris	noun	inventory (stock of an item on hand at a particular location or business)
9837	tombe	noun	tomb
9838	artefact	noun	artifact
9839	ondeugend	adj	ill-natured, vicious
9840	giet	verb	first/second/third-person singular present indicative
9841	felle	adj	masculine/feminine singular attributive
9842	lappen	verb	to piece up, to patch, to repair
9843	geschud	verb	past participle of schudden
9844	petitie	noun	a petition
9845	apache	noun	member of the (Parisian) underworld
9846	speld	noun	a pin (fastening device)
9847	flauwgevallen	verb	past participle of flauwvallen
9848	helling	noun	inclination, slope
9849	vooroordelen	noun	plural of vooroordeel
9850	sensors	noun	plural of sensor
9851	lozen	verb	to drain, to discharge (e.g. waste water)
9852	verwaand	adj	supercilious
9853	pact	noun	pact
9854	gevangenissen	noun	plural of gevangenis
9855	onsterfelijkheid	noun	immortality
9856	zondaars	noun	plural of zondaar
9857	ondermijnen	verb	to undermine, subvert, sap
9858	trol	noun	troll (mythological creature)
9859	algoritme	noun	an algorithm, precise logical computational procedure
9860	moffen	noun	plural of mof
9861	gevreeën	verb	past participle of vrijen
9862	minimum	noun	minimum
9863	criminaliteit	noun	criminality
9864	schaak	noun	chess; check
9865	plezierig	adj	pleasant, fun
9866	levenslange	adj	masculine/feminine singular attributive
9867	ban	noun	excommunication, denunciation, shunning
9868	kennismaking	noun	acquaintance, meeting of someone for the first time
9869	slagroom	noun	whipped cream
9870	frustratie	noun	frustration
9871	daarstraks	adv	earlier today, a moment ago, a while ago
9872	gekte	noun	craziness, insanity
9873	reparatie	noun	repair
9874	voorman	noun	supervisor, foreman, ganger
9875	geloofwaardigheid	noun	credibility
9876	afwijkingen	noun	plural of afwijking
9877	stewardess	noun	stewardess, air hostess
9878	schenkt	verb	second/third-person singular present indicative
9879	conflicten	noun	plural of conflict
9880	moedervlek	noun	mole, naevus, beauty spot
9881	niemandsland	noun	no man's land
9882	schoonmaakster	noun	female cleaner, female janitor
9883	grappigs	adj	partitive of grappig
9884	haas	noun	hare, lagomorph of the genus Lepus
9885	wangen	noun	plural of wang
9886	schonk	verb	singular past indicative of schenken
9887	bloedvergieten	noun	bloodshed (violent loss of life)
9888	halfjaar	noun	half-year (period of six months)
9889	labs	noun	plural of lab
9890	brussel	name	Brussels (the capital city of Belgium)
9891	patat	noun	chips, french fries
9892	columbus	name	a surname; Columbus, chiefly in reference to Christopher Columbus
9893	krater	noun	meteoric crater
9894	bekwaam	adj	capable, competent
9895	staarde	verb	singular past indicative
9896	vasthield	verb	singular dependent-clause past indicative of vasthouden
9897	ontvluchten	verb	to flee
9898	paardrijden	noun	horseriding
9899	veronderstelling	noun	supposition, assumption
9900	wasmachine	noun	washing machine
9901	informanten	noun	plural of informant
9902	steekwonden	noun	plural of steekwond
9903	stuurman	noun	helmsman
9904	verkeert	verb	second/third-person singular present indicative
9905	ingestemd	verb	past participle of instemmen
9906	negentien	num	nineteen
9907	elektronica	noun	electronics
9908	citeer	verb	first-person singular present indicative
9909	klimt	verb	second/third-person singular present indicative
9910	3e	adj	abbreviation of derde (“third”); 3rd
9911	bestonden	verb	plural past indicative
9912	gerelateerd	adj	related
9913	gedoopt	adj	baptized
9914	natuurtalent	noun	a natural (one with innate talent)
9915	studeerkamer	noun	study (room for studies)
9916	afdoen	verb	to remove, to take off
9917	zwijgt	verb	second/third-person singular present indicative
9918	glimp	noun	glimpse; deceptive appearance
9919	stations	noun	plural of station
9920	naarmate	conj	as, to the extent that
9921	krot	noun	derelict or rudimentary house, shanty
9922	woeste	adj	masculine/feminine singular attributive
9923	gewaagd	adj	risky, daring
9924	ingevoerd	verb	past participle of invoeren
9925	verdwalen	verb	to become lost, to go astray
9926	impuls	noun	impulse; momentum (product of mass and velocity)
9927	liefdesleven	noun	love life; one's romantic activity and sex life
9928	uitgegaan	verb	past participle of uitgaan
9929	dreun	noun	smash, thud, blow
9930	smeergeld	noun	graft, bribe
9931	verwennen	verb	to spoil (someone), to be extra nice to
9932	uitverkorene	noun	chosen one
9933	wissel	noun	points; switch; substitution
9934	peru	name	Peru (a country in South America)
9935	kwesties	noun	plural of kwestie
9936	valentijn	name	a male given name, equivalent to English Valentine
9937	inbegrepen	adj	included
9938	toorn	noun	ire, wrath
9939	naai	verb	first-person singular present indicative
9940	renden	verb	plural past indicative
9941	alsmaar	adv	all the time
9942	scheten	verb	to fart, to waft, to trump
9943	stootte	verb	singular past indicative
9944	slapende	verb	masculine/feminine singular attributive
9945	kritisch	adj	critical (expressing criticism, pertaining to criticism or critique)
9946	veroordeelt	verb	second/third-person singular present indicative
9947	tropische	adj	masculine/feminine singular attributive
9948	belandt	verb	second/third-person singular present indicative
9949	duiden	verb	to point to, refer to, suggest
9950	experimenteren	verb	to experiment
9951	groeiende	verb	masculine/feminine singular attributive
9952	hippie	noun	hippie
9953	verkenning	noun	exploration; reconnaissance
9954	groters	adj	partitive of groter, the comparative degree of groot
9955	verhuizing	noun	move (change of place of habitation)
9956	onoverwinnelijk	adj	invincible
9957	drop	noun	droplet
9958	eindjes	noun	plural of eindje
9959	stabiliseren	verb	to stabilize (make stable)
9960	klikt	verb	second/third-person singular present indicative
9961	bezwaren	verb	to burden
9962	doorzetten	verb	to persevere, pull through
9963	turken	noun	plural of Turk
9964	aspect	noun	aspect, element
9965	wippen	verb	to play with a seesaw
9966	volume	noun	volume (three-dimensional quantity of space)
9967	kaviaar	noun	caviar
9968	contacteren	verb	to contact
9969	graal	noun	grail (artifact in Arthurian legend)
9970	ontnemen	verb	to take from, to deprive of
9971	zwakheid	noun	weakness, frailty
9972	moskee	noun	mosque
9973	tweedehands	adj	secondhand
9974	stafchef	noun	a chief of staff
9975	aanraakte	verb	singular dependent-clause past indicative
9976	zakte	verb	singular past indicative
9977	codenaam	noun	code name
9978	bezem	noun	broom (utensil consisting of fibers and a long handle, used for sweeping)
9979	tienen	noun	plural of tien
9980	visum	noun	visa (permit for entering or leaving a country)
9981	bidt	verb	second/third-person singular present indicative
9982	ada	name	a female given name
9983	oprapen	verb	to pick up from the ground or floor
9984	ontdaan	verb	past participle of ontdoen
9985	doodga	verb	first-person singular dependent-clause present indicative
9986	geanalyseerd	verb	past participle of analyseren
9987	nablijven	verb	to stay behind (remain after class, as punishment)
9988	kaken	noun	plural of kaak
9989	ongeschikt	adj	unsuitable; unfriendly
9990	hengst	noun	stallion (male horse, especially uncastrated)
9991	aanmoedigen	verb	to encourage
9992	opslaan	verb	to save, to store (a file, page)
9993	vuurkracht	noun	firepower; the power of fire
9994	josephine	name	a female given name
9995	spa	noun	spade
9996	aanhangers	noun	plural of aanhanger
9997	opstel	noun	an essay (short written composition), especially as a writing exercise in school
