rank	word	pos	en
1	я	pron	I (first-person singular subject pronoun)
2	не	particle	not, no, -n't, without
3	что	conj	that
4	в	prep	in, at (+ prepositional); into, to (+ accusative, motion); at, on (times)
5	и	conj	and; both ... and ... (repeated); also, even (for emphasis)
6	ты	pron	you (one person, informal — friends, family; polite or plural is вы)
7	это	pron	this, that; this is, that is; it
8	на	prep	on, at (+ prepositional); onto, to (+ accusative, motion); for (a period)
9	с	prep	with (+ instrumental); from, off, since (+ genitive)
10	он	pron	he; it (standing in for any masculine noun)
11	мы	pron	we; I
12	как	adv	how; like, as (in the same way as); as soon as, when
13	вы	pron	you (plural or formal singular)
14	да	particle	yes; right?, isn't it? (tag question); come on (emphatic)
15	мне	pron	to me, for me; me (я in the dative/prepositional — мне холодно, I'm cold)
16	у	noun	Wu (language)
17	нет	particle	no; there is no, there isn't; not have (with genitive)
18	меня	pron	me (я in the genitive/accusative; у меня — I have)
19	так	adv	so, like this, in that way; so, so much (to such a degree); so, then
20	но	conj	but, yet
21	а	conj	and, but (setting two things side by side); whereas; oh! (surprise)
22	его	pron	his; its
23	все	pron	everyone, everybody; all, all of (plural)
24	она	pron	she, it (third-person feminine singular pronoun)
25	тебя	pron	you (ты in the genitive/accusative; у тебя — you have)
26	о	prep	about, of (with the prepositional); oh! (exclamation)
27	если	conj	if, in case
28	за	prep	for, in exchange for (+ accusative); behind, beyond (+ instrumental)
29	бы	particle	A verbal particle used to render conditional and subjunctive mood
30	тебе	pron	dative/prepositional of ты (ty)
31	они	pron	they
32	чтобы	conj	that...should (indicates the subjunctive)
33	же	conj	and, but; on the other hand, whereas, as for, as to
34	есть	verb	to eat
35	просто	adv	simply, plainly, just
36	из	prep	from; out of
37	к	prep	to, toward; by, for (of time)
38	для	prep	for, intended for (+ genitive); for the sake of, for the purpose of
39	ну	intj	well; word!
40	когда	adv	when
41	хорошо	adv	well, right; all right, nice, okay, good
42	здесь	adv	here
43	по	prep	used broadly to indicate action
44	был	verb	masculine singular past indicative imperfective of быть (bytʹ)
45	знаю	verb	I know (знать, impf. — to know; no true pf. partner; cf. узнать, to find out)
46	то	pron	that, that one (neuter of тот); then (если…, то…); the fact that (то, что)
47	только	adv	only, but
48	всё	pron	everything, all of it (neuter of весь); still, all the time (as adverb)
49	было	verb	neuter singular past indicative imperfective of быть (bytʹ)
50	вас	pron	genitive/accusative/prepositional of вы (vy)
51	может	verb	third-person singular present indicative imperfective of мочь (močʹ)
52	нас	pron	genitive/accusative/prepositional of мы (my)
53	вот	particle	Used in place of a pronoun to direct attention towards something; this
54	от	prep	from, away from, of, with
55	быть	verb	to be; there be
56	кто	pron	who
57	будет	verb	third-person singular future indicative imperfective of быть (bytʹ)
58	почему	adv	why (due to what, on what grounds)
59	вам	pron	dative of вы (vy)
60	их	pron	their
61	очень	adv	very, really, much, very much
62	могу	verb	first-person singular present indicative imperfective of мочь (močʹ)
63	уже	adv	already; carries the sense of the perfect continuous tenses in English.
64	спасибо	intj	thank you, thanks
65	или	conj	or; or else
66	нам	pron	dative of мы (my)
67	ещё	adv	yet, more; else
68	там	adv	there; used to reference another topic in a list; next, then, else
69	нужно	adj	it is necessary, one must
70	сейчас	adv	now (presently, at present, at the moment)
71	где	adv	where; now (sometimes; occasionally)
72	чем	conj	than; instead of, rather
73	хочу	verb	first-person singular present indicative imperfective of хоте́ть (xotétʹ)
74	ничего	pron	genitive of ничто́ (ništó)
75	этого	det	masculine/neuter genitive singular
76	была	verb	feminine singular past indicative imperfective of быть (bytʹ)
77	мой	pron	my, mine
78	её	pron	her, its
79	ладно	intj	well, all right, okay
80	знаешь	verb	second-person singular present indicative imperfective of знать (znatʹ)
81	п	noun	abbreviation of пара́граф (parágraf, “paragraph”)
82	до	prep	before; up to, till, until
83	этом	det	masculine/neuter prepositional singular of э́тот (étot)
84	потому	adv	therefore, because of that, consequently
85	теперь	adv	now, at present
86	думаю	verb	first-person singular present indicative imperfective of ду́мать (dúmatʹ)
87	больше	adv	comparative degree of большо́й
88	со	prep	with; with (in certain time expressions)
89	раз	noun	time (an instance or occurrence)
90	ему	pron	dative of он (on)
91	надо	adj	must, (it is) necessary
92	время	noun	time; tense
93	этот	det	"Mostly proximal demonstrative determiner. Usually translated as ""this""/""these"""
94	ли	particle	Do/does/did...? Is/are/was/were...?
95	пока	adv	for the present, for the time being
96	даже	adv	even
97	привет	intj	hello, hi
98	сказал	verb	masculine singular past indicative perfective of сказа́ть (skazátʹ)
99	себя	pron	myself, yourself, himself, herself, itself, ourselves, yourselves, themselves
100	должен	adj	"Used to express indebtedness. Usually translated as the verb ""to owe"""
101	тоже	adv	also, too, as well, likewise
102	хочешь	verb	second-person singular present indicative imperfective of хоте́ть (xotétʹ)
103	давай	particle	let's; to let, come on, c'mon
104	что-то	pron	something (implies that one has a certain thing in mind, but does not know exactly what)
105	никогда	adv	"never, nevermore (entails the meaning ""always"" or ""for now on"")"
106	эй	intj	hey! (you, there!)
107	того	det	masculine/neuter genitive singular
108	тогда	adv	then (at that time)
109	него	pron	genitive/accusative of он (on)
110	ни	conj	neither, nor
111	тут	adv	here; then, at this point
112	были	verb	plural past indicative imperfective of быть (bytʹ)
113	конечно	adv	of course, certainly
114	правда	noun	truth (conformity to fact or reality; true facts)
115	об	prep	about, of, on; against, upon
116	моя	pron	feminine nominative singular of мой (moj)
117	сказать	verb	to say, to tell
118	пожалуйста	intj	please; you're welcome, not at all, don't mention it, it's a pleasure (reply to thank you)
119	тобой	pron	instrumental singular of ты (ty)
120	сегодня	adv	today
121	один	num	one (1); alone
122	сделать	verb	to make, to do
123	лучше	adv	comparative degree of хоро́ший (xoróšij)
124	можешь	verb	second-person singular present indicative imperfective of мочь (močʹ)
125	сюда	adv	here, hither; this way
126	мной	pron	instrumental of я (ja)
127	значит	verb	third-person singular present indicative imperfective of зна́чить (znáčitʹ, “to mean”)
128	всегда	adv	always
129	дело	noun	affair, matter, concern
130	можно	adj	one can, one may
131	ей	pron	dative/instrumental of она́ (oná)
132	должны	adj	plural of до́лжен (dólžen)
133	порядке	noun	prepositional singular of поря́док (porjádok)
134	без	prep	without, aside from, except, minus, free of/from (signifying absence)
135	найти	verb	to find; to think, to consider
136	день	noun	day, daytime; afternoon, early evening
137	том	noun	volume (of a book, magazine or disk)
138	буду	verb	I will have, I would like
139	делать	verb	to make, to do
140	хотел	verb	masculine singular past indicative imperfective of хоте́ть (xotétʹ)
141	чего	pron	genitive of что (što)
142	эти	det	nominative plural
143	много	adv	much; many
144	после	prep	after (in time)
145	этим	det	masculine/neuter instrumental singular
146	всего	det	genitive masculine/neuter singular
147	во	prep	in, at, on; to, into
148	твой	pron	your, yours, thy, thine (2nd-person familiar, singular only)
149	ним	pron	instrumental of он (on)
150	лет	noun	genitive plural of ле́то (léto)
151	боже	noun	vocative singular of бог (box)
152	них	pron	genitive/accusative/prepositional of они́ (oní)
153	сэр	noun	sir (address to a man in an English context, e.g. in translations from English)
154	ведь	intj	after all; indeed, surely
155	мистер	noun	mister, Mr.
156	жизнь	noun	life; practice
157	потом	adv	afterwards, afterward, after that
158	ней	pron	dative/instrumental/prepositional of она́ (oná)
159	такой	det	such; used with a pronoun, name or noun to specify the meaning of кто
160	пойти	verb	to go; to walk
161	который	pron	what, which (among a specific series)
162	всех	det	genitive/prepositional plural
163	через	prep	through; across, over
164	им	pron	instrumental of он (on)
165	возможно	adv	perhaps, possibly, as ... as possible
166	немного	adv	a little, some
167	такое	det	neuter nominative/accusative singular of тако́й (takój)
168	слишком	adv	too (more than enough), too much
169	себе	pron	dative/prepositional of себя́ (sebjá)
170	зачем	adv	why, what for (for what purpose, to what end, with what goal)
171	должна	adj	feminine singular of до́лжен (dólžen)
172	моей	pron	feminine genitive/dative/prepositional singular of мой (moj)
173	люди	noun	people, humans
174	знаете	verb	second-person plural present indicative imperfective of знать (znatʹ)
175	этой	det	feminine genitive/dative/instrumental/prepositional singular of э́тот (étot)
176	думаешь	verb	second-person singular present indicative imperfective of ду́мать (dúmatʹ)
177	свою	pron	accusative feminine singular of свой (svoj)
178	точно	adv	exactly, precisely, accurately
179	человек	noun	person, human being, man
180	твоя	pron	feminine nominative singular of твой (tvoj)
181	под	prep	under, below, beneath (movement to beneath a location)
182	сказала	verb	feminine singular past indicative perfective of сказа́ть (skazátʹ)
183	назад	adv	back, backward, backwards
184	из-за	prep	from (behind); from (from a place where one was occupied)
185	эту	det	feminine accusative singular of э́тот (étot)
186	можем	verb	first-person plural present indicative imperfective of мочь (močʹ)
187	случилось	verb	neuter singular past indicative perfective of случи́ться (slučítʹsja)
188	мама	noun	mama, mummy, mommy, mum, mom (mother)
189	мог	verb	masculine singular past indicative imperfective of мочь (močʹ)
190	вместе	adv	together, coupled with, along with
191	отец	noun	father; ancestor
192	сделал	verb	masculine singular past indicative perfective of сде́лать (sdélatʹ)
193	мои	pron	nominative plural
194	кажется	verb	third-person singular present indicative imperfective of каза́ться (kazátʹsja, “to seem”)
195	друг	noun	close friend
196	куда	adv	where?; why?
197	никто	pron	nobody, no one; (with negative) anybody, anyone
198	поэтому	adv	so, therefore, that's why
199	эта	det	feminine nominative singular of э́тот (étot)
200	которые	pron	nominative plural
201	два	num	two (2); two (out of five), poor; D mark, D grade
202	сколько	pron	how much, how many
203	тот	det	that, those (distal to an observer)
204	понимаю	verb	first-person singular present indicative imperfective of понима́ть
205	снова	adv	anew; again
206	жизни	noun	inflection of жизнь (žiznʹ)
207	нравится	verb	third-person singular present indicative imperfective of нра́виться (nrávitʹsja)
208	людей	noun	genitive/accusative of лю́ди (ljúdi)
209	помочь	verb	to help; to aid, to assist materially
210	видел	verb	masculine singular past indicative imperfective of ви́деть (vídetʹ)
211	люблю	verb	first-person singular present indicative imperfective of люби́ть (ljubítʹ)
212	хочет	verb	third-person singular present indicative imperfective of хоте́ть (xotétʹ)
213	место	noun	place, spot; region(s), province(s), parts (especially if distant or rural)
214	знать	verb	to know: to be familiar with or accustomed to a person, place, or thing
215	кто-то	pron	somebody, someone
216	прости	verb	second-person singular imperative perfective of прости́ть (prostítʹ)
217	отлично	adv	very good, very well, excellently, perfectly
218	похоже	adv	it seems, apparently, it looks (as if)
219	парень	noun	fellow, lad, chap, guy, bloke, boy
220	домой	adv	home, homewards, to the house
221	всем	det	instrumental masculine/neuter singular
222	деньги	noun	money
223	иди	verb	second-person singular imperative imperfective of идти́ (idtí)
224	времени	noun	genitive/dative/prepositional singular of вре́мя (vrémja, “time, weather, tense”)
225	дома	adv	at home
226	именно	adv	Used to emphasise
227	три	num	three (3)
228	доктор	noun	doctor (PhD or MD)
229	думал	verb	masculine singular past indicative imperfective of ду́мать (dúmatʹ)
230	говорил	verb	masculine singular past indicative imperfective of говори́ть (govorítʹ)
231	делаешь	verb	second-person singular present indicative imperfective of де́лать (délatʹ)
232	будем	verb	first-person plural future indicative imperfective of быть (bytʹ)
233	прямо	adv	straight; openly, blankly, frankly
234	стоит	verb	third-person singular present indicative imperfective of сто́ить (stóitʹ)
235	поговорить	verb	to have a conversation, to talk
236	разве	adv	really; perhaps (often used in rhetorical questions)
237	слушай	verb	second-person singular imperative imperfective of слу́шать (slúšatʹ)
238	своей	pron	feminine genitive/dative/instrumental singular of свой (svoj)
239	лишь	adv	only, merely, just
240	ага	noun	cane toad (Bufo marinus, now Rhinella marina)
241	можете	verb	second-person plural present indicative imperfective of мочь (močʹ)
242	простите	verb	second-person plural future indicative perfective
243	хотела	verb	feminine singular past indicative imperfective of хоте́ть (xotétʹ)
244	сам	pron	self, -self; alone
245	что-нибудь	pron	anything, something
246	тем	det	masculine/neuter instrumental singular
247	будешь	verb	second-person singular future indicative imperfective of быть (bytʹ)
248	прошу	verb	first-person singular present indicative imperfective of проси́ть (prosítʹ)
249	деле	noun	prepositional singular of де́ло (délo)
250	хотите	verb	second-person plural present indicative imperfective
251	говорить	verb	to speak, to talk (perfective поговорить)
252	давайте	verb	second-person plural imperative imperfective of дава́ть (davátʹ)
253	совсем	adv	quite, entirely, totally
254	знал	verb	masculine singular past indicative imperfective of знать (znatʹ)
255	жить	verb	to live; to reside
256	знает	verb	third-person singular present indicative imperfective of знать (znatʹ)
257	какой	det	what; what, which
258	моего	pron	inflection of мой (moj)
259	скажи	verb	second-person singular imperative perfective of сказа́ть (skazátʹ)
260	дом	noun	house, building (a residential building)
261	дела	noun	genitive singular of де́ло (délo)
262	вами	pron	instrumental plural of вы (vy)
263	свои	pron	nominative plural
264	ж	particle	apocopic form of же (že)
265	говорит	verb	third-person singular present indicative imperfective of говори́ть (govorítʹ)
266	несколько	adv	somewhat, slightly, rather; some
267	должно	adv	it must be, probably
268	про	prep	about, concerning
269	ваш	pron	your, yours (2nd-person singular formal or 2nd-person plural)
270	происходит	verb	third-person singular present indicative imperfective of происходи́ть (proisxodítʹ)
271	жаль	adj	it's a pity; one pities, one is sorry
272	туда	adv	there, that way, thither
273	действительно	adv	really, actually, truly, indeed
274	папа	noun	dad, daddy; male socket
275	хороший	adj	good, nice, fine
276	завтра	adv	tomorrow
277	оно	pron	it (third-person neuter singular pronoun)
278	черт	noun	genitive plural of черта́ (čertá)
279	одна	num	nominative feminine singular of оди́н (odín)
280	перед	prep	in front of, before
281	прийти	verb	to come (to), to arrive (at)
282	наш	pron	our, ours; referring to an ingroup, e.g. one's compatriots, relatives, or associates
283	уверен	adj	short masculine singular of уве́ренный (uvérennyj)
284	отсюда	adv	from here, hence
285	нужна	adj	short feminine singular of ну́жный (núžnyj)
286	маленький	adj	little, small; short
287	самом	pron	prepositional masculine/neuter singular of са́мый (sámyj)
288	тех	det	genitive/prepositional plural
289	нужен	adj	short masculine singular of ну́жный (núžnyj)
290	свой	pron	one's own; my, his, her, its, our, your, their
291	мою	pron	feminine accusative singular of мой (moj)
292	кого	pron	accusative/genitive of кто (kto)
293	единственный	adj	sole, only, unique
294	верно	adv	right, correctly
295	работу	noun	accusative singular of рабо́та (rabóta)
296	имя	noun	personal name, first name, Christian name, given name
297	вернуться	verb	to return, to come back (from)
298	кое-что	pron	a certain something
299	каждый	pron	every, each; either (of two)
300	твоей	pron	feminine genitive/dative/instrumental singular of твой (tvoj)
301	будут	verb	third-person plural future indicative imperfective of быть (bytʹ)
302	хватит	verb	third-person singular future indicative perfective of хвати́ть (xvatítʹ)
303	понял	verb	masculine singular past indicative perfective of поня́ть (ponjátʹ)
304	неё	pron	genitive/accusative of она́ (oná)
305	уж	adv	already; Used as a particle to express intensification of emotion
306	против	prep	against; opposite
307	пор	noun	genitive plural of пора́ (porá)
308	чём	pron	prepositional of что (što)
309	плохой	adj	bad (not good); ill, bad (ill, sick)
310	раньше	adv	earlier, before, in the past
311	говорю	verb	first-person singular present indicative imperfective of говори́ть (govorítʹ)
312	более	adv	more; more than
313	надеюсь	verb	first-person singular present indicative imperfective of наде́яться (nadéjatʹsja)
314	итак	conj	so, now, right, okay
315	при	prep	with, when, during
316	ваша	pron	nominative feminine singular
317	вообще	adv	generally, in general, usually
318	пошли	verb	plural past indicative perfective of пойти́ (pojtí)
319	мать	noun	mother
320	нельзя	adj	it is impossible (perfective aspect), one cannot, you can't
321	наверное	adv	probably, most likely
322	нами	pron	instrumental plural of мы (my)
323	идти	verb	to go; to walk
324	убить	verb	to kill; to murder
325	твои	pron	nominative plural
326	могли	verb	plural past indicative imperfective of мочь (močʹ)
327	уйти	verb	to leave, to depart, to go (away) (by foot)
328	дай	particle	the more insistent form of давай: to let
329	ради	prep	for the sake of
330	всю	det	accusative feminine singular of весь (vesʹ)
331	ребята	noun	young men, boys, friends, comrades
332	ко	prep	to, toward; by, for (of time)
333	хотя	conj	although, though (contrasting two clauses)
334	понимаешь	verb	second-person singular present indicative imperfective of понима́ть (ponimátʹ)
335	этих	det	genitive/prepositional plural
336	откуда	adv	whence, from where
337	такая	det	feminine nominative singular of тако́й (takój)
338	ясно	adv	clearly; brightly
339	другой	det	other, another, different, next, else, second
340	извините	verb	second-person plural future indicative perfective of извини́ть (izvinítʹ)
341	вижу	verb	first-person singular present indicative imperfective of ви́деть (vídetʹ)
342	видеть	verb	to see (perceive by eyesight)
343	над	prep	above, over
344	могут	verb	third-person plural present indicative imperfective of мочь (močʹ)
345	равно	adv	equally, as well, as well as
346	мисс	noun	Miss
347	скоро	adv	soon; speedily, quickly
348	будто	conj	as if, as though
349	зовут	verb	third-person plural present indicative imperfective of звать (zvatʹ)
350	виду	noun	dative/partitive singular of вид (vid)
351	наши	pron	nominative plural
352	думала	verb	feminine singular past indicative imperfective of ду́мать (dúmatʹ)
353	послушай	verb	second-person singular imperative perfective of послу́шать (poslúšatʹ)
354	между	prep	between, among
355	своего	pron	masculine animate accusative singular
356	вопрос	noun	question; matter, issue
357	этому	det	masculine/neuter dative singular of э́тот (étot)
358	почти	adv	almost, nearly
359	года	noun	genitive singular of год (god)
360	человека	noun	accusative/genitive singular of челове́к (čelovék)
361	ребёнок	noun	child, kid, baby: children, kids, babies
362	которая	pron	nominative feminine singular of кото́рый (kotóryj)
363	подожди	verb	second-person singular imperative perfective of подожда́ть (podoždátʹ)
364	руки	noun	genitive singular of рука́ (ruká)
365	нормально	adv	normally; OK, it’s all right
366	такие	det	nominative plural
367	возьми	verb	second-person singular imperative perfective of взять (vzjatʹ)
368	минут	noun	genitive plural of мину́та (minúta)
369	извини	verb	second-person singular imperative perfective of извини́ть
370	вещи	noun	genitive/dative/prepositional singular
371	могла	verb	feminine singular past indicative imperfective of мочь (močʹ)
372	смотри	verb	second-person singular imperative imperfective of смотре́ть
373	хоть	conj	although; even if
374	работа	noun	work; labor, toil
375	пару	noun	accusative singular of па́ра (pára)
376	сын	noun	son; child
377	ваше	pron	nominative/accusative singular neuter of ваш (vaš)
378	дня	noun	genitive singular of день (denʹ)
379	пора	noun	time; season
380	видишь	verb	second-person singular present indicative imperfective of ви́деть (vídetʹ)
381	достаточно	adv	enough, sufficiently
382	господи	noun	vocative singular of Госпо́дь (Gospódʹ)
383	быстро	adv	fast, quickly, rapidly
384	твою	pron	feminine accusative singular of твой (tvoj)
385	весь	det	all, the whole, all of, the whole of, the entire, the entirety of
386	ночь	noun	night, nighttime (period of time from sundown to sunup)
387	говоришь	verb	second-person singular present indicative imperfective of говори́ть (govorítʹ)
388	ждать	verb	to wait for (to stay where one is or delay action)
389	собой	pron	instrumental of себя́ (sebjá)
390	скажу	verb	first-person singular future indicative perfective of сказа́ть (skazátʹ)
391	готов	adj	short masculine singular of гото́вый (gotóvyj)
392	слышал	verb	masculine singular past indicative imperfective of слы́шать (slýšatʹ)
393	какая	det	feminine nominative singular of како́й (kakój)
394	посмотри	verb	second-person singular imperative perfective of посмотре́ть (posmotrétʹ)
395	первый	adj	first; chief, main
396	самое	pron	nominative/accusative neuter singular of са́мый (sámyj)
397	видела	verb	feminine singular past indicative imperfective of ви́деть (vídetʹ)
398	пусть	particle	let + subject + conjugated verb
399	месте	noun	prepositional singular of ме́сто (mésto)
400	нашли	verb	plural past indicative perfective of найти́ (najtí)
401	сказали	verb	plural past indicative perfective of сказа́ть (skazátʹ)
402	плохо	adv	bad, badly (in a bad manner)
403	следующий	verb	present active imperfective participle of сле́довать (slédovatʹ)
404	смогу	verb	first-person singular future indicative perfective of смочь (smočʹ)
405	ваши	pron	nominative plural
406	отца	noun	genitive/accusative singular of оте́ц (otéc)
407	детей	noun	genitive/accusative plural of ребёнок (rebjónok)
408	знаем	verb	first-person plural present indicative imperfective of знать (znatʹ)
409	рад	adj	glad
410	прав	adj	short masculine singular of пра́вый (právyj)
411	настоящий	adj	present; true, real, genuine
412	никаких	pron	genitive/prepositional plural
413	имею	verb	first-person singular present indicative imperfective of име́ть (imétʹ)
414	миссис	noun	female equivalent of ми́стер (míster): Mrs, mistress
415	иногда	adv	sometimes, at times
416	смерти	noun	genitive singular of смерть (smertʹ)
417	своих	pron	animate accusative plural
418	пойду	verb	first-person singular future indicative perfective of пойти́ (pojtí)
419	брат	noun	brother; old boy, pal
420	вроде	prep	like, such as, kind of, not unlike, similar to
421	рядом	adv	alongside, beside, side by side, nearby
422	мир	noun	peace; universe; world; planet
423	произошло	verb	neuter singular past indicative perfective of произойти́ (proizojtí)
424	которую	pron	accusative feminine singular of кото́рый (kotóryj)
425	сделала	verb	feminine singular past indicative perfective of сде́лать (sdélatʹ)
426	говорила	verb	feminine singular past indicative imperfective of говори́ть (govorítʹ)
427	знала	verb	feminine singular past indicative imperfective of знать (znatʹ).
428	моё	pron	neuter nominative/accusative singular of мой (moj)
429	одного	num	genitive masculine/neuter singular
430	таким	det	masculine/neuter instrumental singular
431	помощь	noun	help, assistance, aid
432	такого	det	masculine/neuter genitive singular
433	кем	pron	instrumental of кто (kto)
434	работать	verb	to work; to function
435	насчёт	prep	about, concerning, regarding
436	вчера	adv	yesterday
437	случае	noun	prepositional singular of слу́чай (slúčaj)
438	увидеть	verb	to see, to catch sight of, to notice
439	нашей	pron	genitive/dative/instrumental/prepositional feminine singular of наш (naš)
440	говорят	verb	third-person plural present indicative imperfective of говори́ть (govorítʹ)
441	правильно	adv	correctly
442	убил	verb	masculine singular past indicative perfective of уби́ть (ubítʹ)
443	одно	num	nominative/accusative neuter singular of оди́н (odín)
444	друга	noun	genitive/accusative singular of друг (drug)
445	сама	pron	nominative feminine singular of сам (sam)
446	долго	adv	a long time; for a long time
447	дверь	noun	door
448	делает	verb	third-person singular present indicative imperfective of де́лать (délatʹ)
449	женщина	noun	woman; Madam, lady, woman (rather crude but common form of address)
450	важно	adv	importantly; grandly
451	жена	noun	wife
452	кроме	prep	except, besides
453	будь	verb	second-person singular imperative imperfective of быть (bytʹ)
454	собираюсь	verb	first-person singular present indicative imperfective of собира́ться (sobirátʹsja)
455	вашей	pron	genitive/dative/instrumental/prepositional feminine singular of ваш (vaš)
456	нужны	adj	short plural of ну́жный (núžnyj)
457	здорово	adv	great, very well, awesomely
458	номер	noun	nominal number; number (various senses)
459	вперёд	adv	forward; from now on, for the future
460	проблема	noun	problem (difficulty)
461	проблемы	noun	genitive singular
462	денег	noun	genitive of де́ньги (dénʹgi)
463	понять	verb	to understand, to comprehend, to see
464	чёрт	noun	devil, demon; Used as an intensifier in phrases grammatically requiring a noun; hell
465	твоего	pron	inflection of твой (tvoj)
466	одну	num	accusative feminine singular of оди́н (odín)
467	дальше	adv	comparative degree of далёкий (daljókij): further
468	давно	adv	long ago
469	последний	adj	last, latest, recent
470	ночи	noun	inflection of ночь (nočʹ)
471	узнать	verb	to recognize; to get to know
472	уверена	adj	short feminine singular of уве́ренный (uvérennyj)
473	машину	noun	accusative singular of маши́на (mašína)
474	права	noun	nominative plural of пра́во (právo): rights
475	пять	num	five (5)
476	моих	pron	genitive/prepositional plural
477	также	adv	also, too, as well, likewise
478	джон	name	a male given name from English, equivalent to English John
479	тому	det	masculine/neuter dative singular of тот (tot)
480	начать	verb	to begin, to start, to commence
481	взять	verb	to take; to choose a direction, to turn
482	вечером	adv	in the evening
483	дети	noun	nominative plural of ребёнок (rebjónok)
484	опять	adv	again (occurring another time)
485	вообще-то	adv	as a matter of fact, in fact, actually, generally
486	серьёзно	adv	seriously, gravely, earnestly
487	работает	verb	third-person singular present indicative imperfective of рабо́тать (rabótatʹ)
488	своим	pron	masculine/neuter instrumental singular
489	сначала	adv	at first
490	две	num	nominative feminine
491	одной	num	genitive/dative/instrumental/prepositional feminine singular of оди́н (odín)
492	моим	pron	masculine/neuter instrumental singular
493	те	det	nominative plural
494	думаете	verb	second-person plural present indicative imperfective of ду́мать (dúmatʹ)
495	помнишь	verb	second-person singular present indicative imperfective of по́мнить (pómnitʹ)
496	глаза	noun	genitive singular of глаз (glaz)
497	ними	pron	instrumental of они́ (oní)
498	чувак	noun	dude, guy, dawg
499	ночью	adv	at night, by night
500	чувствую	verb	first-person singular present indicative imperfective of чу́вствовать (čúvstvovatʹ)
501	прийтись	verb	to be necessary
502	сразу	adv	at once, simultaneously
503	утром	adv	in the morning
504	часть	noun	part; share
505	стать	verb	to stand (in a certain location or near someone or something)
506	идея	noun	idea, thought, notion
507	дорогая	adj	nominative feminine singular of дорого́й (dorogój)
508	прекрасно	adv	beautifully, great, gorgeously, well, nicely
509	слова	noun	genitive singular of сло́во (slóvo)
510	сделали	verb	plural past indicative perfective of сде́лать (sdélatʹ)
511	видели	verb	plural past indicative imperfective of ви́деть (vídetʹ)
512	наша	pron	nominative feminine singular
513	сердце	noun	heart; temper
514	помню	verb	first-person singular present indicative imperfective of по́мнить (pómnitʹ)
515	парня	noun	genitive/accusative singular of па́рень (párenʹ)
516	момент	noun	moment; point, detail, aspect
517	утро	noun	morning
518	здравствуйте	intj	hello
519	стал	verb	began to; took to (+ infinitive)
520	скорее	adv	comparative degree of ско́рый (skóryj): faster, quicker
521	ох	intj	oh, ah
522	собственный	adj	one's own, peculiar, proper
523	большой	adj	big, large, great
524	кто-нибудь	pron	anybody, anyone, somebody or someone
525	полный	adj	full, complete; absolute, perfect
526	часов	noun	genitive plural of час (čas)
527	год	noun	year
528	друзья	noun	nominative plural of друг (drug)
529	сильно	adv	strongly; intensively, actively
530	говори	verb	second-person singular imperative imperfective of говори́ть (govorítʹ)
531	дать	verb	to give; to let, to allow
532	смысле	noun	prepositional singular of смысл (smysl)
533	которой	pron	genitive/dative/instrumental/prepositional feminine singular of кото́рый (kotóryj)
534	прекрасный	adj	beautiful; fine, splendid, excellent, nice
535	которого	pron	genitive masculine/neuter singular
536	капитан	noun	captain, commander, master, skipper, team leader
537	работы	noun	genitive singular
538	любовь	noun	love; affection
539	дочь	noun	daughter
540	вести	verb	to lead, to preside over, to chair
541	новый	adj	new; novel
542	боюсь	verb	first-person singular present indicative of боя́ться impf (bojátʹsja)
543	имеет	verb	third-person singular present indicative imperfective of име́ть (imétʹ)
544	стой	verb	second-person singular imperative imperfective of сто́ить (stóitʹ)
545	дней	noun	genitive plural of день (denʹ)
546	той	det	feminine genitive/dative/instrumental/prepositional singular of тот (tot)
547	голову	noun	inanimate accusative singular of голова́ (golová)
548	ах	intj	ah!, oh!
549	столько	adv	this much, this long
550	понятно	adv	understandably, comprehensibly
551	получить	verb	to receive, to get
552	девушка	noun	girl, lass (from the age of puberty to womanhood)
553	довольно	adv	enough, sufficient
554	доме	noun	prepositional singular of дом (dom)
555	вечер	noun	evening (after 8 PM)
556	оба	num	both
557	увидимся	verb	first-person plural future indicative perfective of уви́деться (uvídetʹsja)
558	шанс	noun	chance, prospect (chance for advancement, progress or profit)
559	хорошая	adj	nominative feminine singular of хоро́ший (xoróšij)
560	прежде	adv	previously, before, formerly
561	сделаю	verb	first-person singular future indicative perfective of сде́лать (sdélatʹ)
562	какого	det	masculine/neuter genitive singular
563	быстрее	adv	comparative degree of бы́стрый (býstryj)
564	рассказать	verb	to tell; to relate, to narrate
565	вашего	pron	genitive masculine/neuter singular
566	бог	noun	God; god, idol
567	интересно	adv	interestingly, in an interesting manner
568	затем	adv	then, thereupon, after that
569	умер	verb	masculine singular past indicative perfective of умере́ть (umerétʹ)
570	обо	prep	about, of, on; against, upon
571	никого	pron	accusative/genitive singular of никто́ (niktó, “nobody, no one”)
572	парни	noun	nominative plural of па́рень (párenʹ)
573	самый	pron	the very; the most (superlative degree)
574	твоё	pron	neuter nominative/accusative singular of твой (tvoj)
575	остаться	verb	to remain, to stay
576	вон	adv	there; off, out (away), outside, away
577	чтоб	conj	alternative form of что́бы (štóby)
578	поверить	verb	to entrust, to confide, to trust
579	слово	noun	word, term; speech, address
580	будете	verb	second-person plural future indicative imperfective of быть (bytʹ)
581	милая	adj	nominative feminine singular of ми́лый (mílyj)
582	умереть	verb	to die of natural causes
583	странно	adv	strangely, strange, funnily, curiously, oddly, peculiarly
584	какие	det	nominative plural
585	ой	intj	oh! (surprise tinged with fright)
586	важный	adj	important; proud, majestic, imposing (important-looking or -seeming)
587	та	det	feminine nominative singular of тот (tot)
588	однажды	adv	once, one day, once upon a time
589	странный	adj	strange, odd, weird
590	сможешь	verb	second-person singular future indicative perfective of смочь (smočʹ)
591	обычно	adv	usually, habitually, customarily
592	ума	noun	genitive singular of ум (um)
593	полагаю	verb	first-person singular present indicative imperfective of полага́ть (polagátʹ)
594	пройти	verb	to pass, to go, to walk
595	алло	intj	hello!
596	посмотреть	verb	to look; to see, to watch
597	иначе	adv	differently, in a different way; otherwise
598	наших	pron	genitive/prepositional plural
599	тело	noun	body (physical structure of a human or animal)
600	хотели	verb	plural past indicative imperfective of хоте́ть (xotétʹ)
601	четыре	num	four (4)
602	своё	pron	nominative/accusative neuter singular of свой (svoj)
603	пришли	verb	plural past indicative perfective of прийти́ (prijtí)
604	другие	adj	nominative plural
605	выглядит	verb	third-person singular present indicative imperfective
606	подумал	verb	masculine singular past indicative perfective of поду́мать (podúmatʹ)
607	лицо	noun	face; countenance
608	приятно	adv	pleasantly, pleasingly, agreeably
609	мам	noun	genitive plural
610	джек	name	Jack
611	говорите	verb	inflection of говори́ть (govorítʹ)
612	обратно	adv	back, backwards
613	нашего	pron	genitive masculine/neuter singular
614	телефон	noun	telephone; telephone number
615	мире	noun	prepositional singular of мир (mir)
616	честь	noun	honor; regard, respect
617	господин	noun	gentleman (a man of a high rank or position)
618	доброе	adj	neuter singular nominative
619	план	noun	plan (set of intended actions), scheme
620	другом	adj	prepositional singular masculine/neuter of друго́й (drugój)
621	час	noun	hour, o'clock, time, time of day
622	пути	noun	inflection of путь (putʹ)
623	поздно	adv	late
624	делал	verb	masculine singular past indicative imperfective of де́лать (délatʹ)
625	типа	adv	like, seemingly, sort of
626	посмотрим	verb	first-person plural future indicative perfective of посмотре́ть (posmotrétʹ)
627	насколько	adv	how much, how (to what extent)
628	пытался	verb	masculine singular past indicative imperfective of пыта́ться (pytátʹsja)
629	правду	noun	accusative singular of пра́вда (právda)
630	решил	verb	masculine singular past indicative perfective of реши́ть (rešítʹ)
631	нем	adj	short masculine singular of немо́й (nemój)
632	работе	noun	dative/prepositional singular of рабо́та (rabóta)
633	любит	verb	third-person singular present indicative imperfective of люби́ть (ljubítʹ)
634	хотят	verb	third-person plural present indicative imperfective of хоте́ть (xotétʹ)
635	кому	pron	dative of кто (kto)
636	сестра	noun	sister; nurse
637	какой-то	pron	some, a/an (certain, unspecified or unknown)
638	мёртвый	adj	dead; lifeless
639	места	noun	genitive singular of ме́сто (mésto)
640	кого-то	pron	genitive/accusative of кто́-то (któ-to)
641	вернуть	verb	to return, to give back
642	скажешь	verb	second-person singular future indicative perfective of сказа́ть (skazátʹ)
643	других	adj	genitive/prepositional plural
644	получил	verb	masculine singular past indicative perfective of получи́ть (polučítʹ)
645	кстати	adv	by the way; as a matter of fact, for the record, incidentally
646	говорили	verb	plural past indicative imperfective of говори́ть (govorítʹ)
647	пришла	verb	feminine singular past indicative perfective of прийти́ (prijtí)
648	безопасности	noun	genitive/dative/prepositional singular of безопа́сность (bezopásnostʹ)
649	рада	noun	rada, Rada (a parliamentary body in a number of Slavic countries)
650	когда-нибудь	adv	sometime (or other), one day
651	город	noun	city, town; a bigger part of a city, including the downtown and inner city areas
652	внимание	noun	attention; care, heed
653	спать	verb	to sleep; to have sex, to sleep with
654	кофе	noun	coffee (in the form of a beverage)
655	которое	pron	nominative/accusative neuter singular of кото́рый (kotóryj)
656	вся	det	nominative feminine singular of весь (vesʹ)
657	семья	noun	family
658	конец	noun	end; ending, close, termination
659	позже	adv	comparative degree of по́здний (pózdnij): later, afterwards
660	дал	verb	masculine singular past indicative perfective of дать (datʹ)
661	думать	verb	to think; to believe, to suppose
662	провести	verb	to lead, to conduct, to guide, to steer, to take
663	вернулся	verb	masculine singular past indicative perfective of верну́ться (vernútʹsja)
664	некоторые	adj	nominative plural
665	ужасный	adj	terrible, horrible, dreadful, awful (in senses of either inducing fear or very unpleasant)
666	спасти	verb	to save, to rescue
667	кровь	noun	blood
668	оружие	noun	weapon(s), weaponry, arm(s)
669	пришлось	verb	neuter singular past indicative perfective of прийти́сь (prijtísʹ)
670	хуже	adv	comparative degree of пло́хо (plóxo)
671	дорогой	adj	dear, precious; expensive
672	полиция	noun	police
673	сможем	verb	first-person plural future indicative perfective of смочь (smočʹ)
674	понимаете	verb	second-person plural present indicative imperfective of понима́ть (ponimátʹ)
675	второй	adj	second; upper
676	отличный	adj	different; excellent, perfect, first-class, first-rate, prime
677	которых	pron	genitive/prepositional plural
678	ужасно	adv	terribly, horribly
679	способ	noun	method, means, manner, mode, way
680	делаю	verb	first-person singular present indicative imperfective of де́лать (délatʹ)
681	готовы	adj	short plural of гото́вый (gotóvyj)
682	совершенно	adv	perfectly; absolutely, quite, totally, utterly
683	смотреть	verb	to look, to gaze
684	вернусь	verb	first-person singular future indicative perfective of верну́ться (vernútʹsja)
685	большое	adj	nominative neuter singular
686	часа	noun	genitive singular of час (čas)
687	где-то	adv	somewhere; somewhere around, about, approximately (not exactly)
688	муж	noun	husband
689	идёт	verb	third-person singular present indicative imperfective of идти́ (idtí)
690	таких	det	genitive/prepositional plural
691	общий	adj	common; public
692	машина	noun	car, motor vehicle
693	стороны	noun	genitive singular of сторона́ (storoná)
694	смог	noun	smog
695	сына	noun	genitive/accusative singular of сын (syn)
696	играть	verb	to play; to take advantage of
697	сами	pron	nominative plural
698	верю	verb	first-person singular present indicative imperfective of ве́рить (véritʹ)
699	старый	adj	old; ancient, antique
700	честно	adv	honestly; fair, fairly
701	огромный	adj	huge, vast, enormous
702	нашла	verb	feminine singular past indicative perfective of найти́ (najtí)
703	звучит	verb	third-person singular present indicative imperfective of звуча́ть (zvučátʹ)
704	угодно	adj	it is needed, it is wanted
705	как-то	adv	somehow, one way or another
706	руку	noun	accusative singular of рука́ (ruká)
707	начала	noun	genitive singular
708	перевод	noun	transfer, transference
709	добрый	adj	good; benevolent, kind, kindly, good-hearted, kindhearted
710	какое	det	neuter nominative/accusative singular of како́й (kakój)
711	взял	verb	masculine singular past indicative perfective of взять (vzjatʹ)
712	станет	verb	third-person singular future indicative perfective of стать (statʹ)
713	пытаюсь	verb	first-person singular present indicative imperfective of пыта́ться (pytátʹsja)
714	внутри	adv	in or into the interior; inside
715	счастливый	adj	happy; lucky
716	знали	verb	plural past indicative imperfective of знать (znatʹ).
717	новости	noun	news (especially, radio or television program)
718	подождите	verb	second-person plural imperative perfective of подожда́ть (podoždátʹ)
719	скажите	verb	second-person plural imperative perfective of сказа́ть (skazátʹ)
720	вашу	pron	dative masculine singular of ваш (vaš)*
721	мальчик	noun	boy; lad
722	осталось	verb	neuter singular past indicative perfective of оста́ться (ostátʹsja)
723	делаете	verb	second-person plural present indicative imperfective of де́лать (délatʹ)
724	году	noun	dative/partitive singular of год (god)
725	мере	noun	dative/prepositional singular of ме́ра (méra)
726	живой	adj	living, live, alive
727	поняла	verb	feminine singular past indicative perfective of поня́ть (ponjátʹ)
728	майкл	name	a male given name, Maykl, from English, equivalent to English Michael
729	отношения	noun	genitive singular
730	далеко	adv	far, far off, far away
731	вокруг	prep	round, around, about
732	хотим	verb	first-person plural present indicative imperfective of хоте́ть (xotétʹ)
733	слышала	verb	feminine singular past indicative imperfective of слы́шать (slýšatʹ)
734	двух	num	genitive/prepositional
735	приятель	noun	friend, chum; buddy, pal, mate (informal address)
736	никому	pron	dative singular of никто́ (niktó, “nobody, no one”)
737	милый	adj	dear, sweet (having a pleasing disposition)
738	забрать	verb	to take away, to seize, to collect; to capture, to take possession
739	мужчина	noun	man (male person)
740	неделю	noun	accusative singular of неде́ля (nedélja)
741	личный	adj	personal (relating to a particular person)
742	смерть	noun	death; Death
743	сих	pron	genitive/prepositional plural
744	ту	det	feminine accusative singular of тот (tot)
745	сможет	verb	third-person singular future indicative perfective of смочь (smočʹ)
746	использовать	verb	to use, to apply
747	небольшой	adj	small, little, short, not great
748	дайте	verb	second-person plural imperative perfective of дать (datʹ)
749	двое	num	two (in a group together), two of them
750	видите	verb	second-person plural present indicative imperfective of ви́деть (vídetʹ)
751	долларов	noun	genitive plural of до́ллар (dóllar)
752	крови	noun	genitive singular of кровь (krovʹ)
753	решение	noun	decision, solution, answer
754	путь	noun	way, path, road
755	следует	verb	third-person singular present indicative imperfective of сле́довать (slédovatʹ)
756	неужели	particle	really?, is it possible?, indeed
757	около	prep	near, around, about, by
758	готова	adj	short feminine singular of гото́вый (gotóvyj)
759	семьи	noun	genitive singular of семья́ (semʹjá)
760	идём	verb	first-person plural present indicative imperfective of идти́ (idtí)
761	смотрите	verb	second-person plural present indicative imperfective of смотре́ть (smotrétʹ)
762	круто	adv	steeply; abruptly
763	история	noun	history; story
764	вдруг	adv	suddenly, all of a sudden
765	спросить	verb	to ask (to ask a question of)
766	твоих	pron	genitive/prepositional plural
767	вина	noun	guilt, fault; blame
768	женщины	noun	inflection of же́нщина (žénščina)
769	нашу	pron	dative masculine/neuter singular
770	заткнись	verb	second-person singular imperative perfective of заткну́ться (zatknútʹsja)
771	минуту	noun	jiffy
772	собираешься	verb	second-person singular present indicative imperfective of собира́ться (sobirátʹsja)
773	оставить	verb	to leave, to leave alone
774	твоим	pron	masculine/neuter instrumental singular
775	шоу	noun	show (entertainment)
776	прощения	noun	inflection of проще́ние (proščénije)
777	больно	adv	bad, badly; painfully
778	машины	noun	genitive singular
779	сильный	adj	strong, powerful
780	пап	noun	genitive plural
781	трудно	adv	with difficulty
782	постоянно	adv	constantly, always
783	поможет	verb	third-person singular future indicative perfective of помо́чь (pomóčʹ)
784	проблем	noun	genitive plural of пробле́ма (probléma)
785	например	adv	for example, for instance, e.g.
786	дерьмо	noun	shit, crap (excrement)
787	полиции	noun	genitive/dative/prepositional singular
788	знают	verb	third-person plural present indicative imperfective of знать (znatʹ)
789	лучший	adj	superlative degree of хоро́ший (xoróšij): best
790	добро	noun	good (that which is ethical or moral, the opposite of evil)
791	обычный	adj	usual, habitual, customary
792	рождения	noun	inflection of рожде́ние (roždénije)
793	чарли	noun	cocaine
794	любишь	verb	second-person singular present indicative imperfective of люби́ть (ljubítʹ)
795	конце	noun	prepositional singular of коне́ц (konéc)
796	забыл	verb	masculine singular past indicative perfective of забы́ть (zabýtʹ)
797	месяцев	noun	genitive plural of ме́сяц (mésjac)
798	часто	adv	frequently, often
799	мило	adv	dearly, kindly, cordially
800	комнате	noun	dative/prepositional singular of ко́мната (kómnata)
801	нему	pron	dative of он (on)
802	матери	noun	inflection of мать (matʹ)
803	полностью	adv	completely, entirely, utterly, fully
804	школе	noun	dative/prepositional singular of шко́ла (škóla)
805	леди	noun	lady (usually in British context; title of a woman of breeding and authority)
806	джордж	name	an unknown-gender given name from English, equivalent to English George
807	убили	verb	plural past indicative perfective of уби́ть (ubítʹ)
808	случай	noun	case; occurrence, event
809	джо	name	a transliteration of the English male given name Joe
810	убийство	noun	murder, homicide (the action of killing someone)
811	послушайте	verb	second-person plural imperative perfective of послу́шать (poslúšatʹ)
812	посмотрите	verb	second-person plural future indicative perfective of посмотре́ть (posmotrétʹ)
813	никакого	pron	genitive masculine/neuter singular
814	иметь	verb	to have, to possess
815	крайний	adj	outermost; extreme, utmost
816	сделаем	verb	first-person plural future indicative perfective of сде́лать (sdélatʹ)
817	говоря	verb	present imperfective adverbial participle of говори́ть (govorítʹ): while speaking
818	неплохо	adv	not badly
819	прошлой	adj	feminine genitive/dative/instrumental/prepositional singular of про́шлый (próšlyj)
820	иду	verb	first-person singular present indicative imperfective of идти́ (idtí)
821	узнал	verb	masculine singular past indicative perfective of узна́ть (uznátʹ)
822	прекрати	verb	second-person singular imperative perfective of прекрати́ть (prekratítʹ)
823	чуть	adv	a little, slightly
824	держи	verb	second-person singular imperative imperfective of держа́ть (deržátʹ)
825	невозможно	adv	impossibly
826	господа	noun	nominative plural of господи́н (gospodín)
827	слушайте	verb	second-person plural imperative imperfective of слу́шать (slúšatʹ)
828	наше	pron	nominative/accusative neuter singular of наш (naš)
829	машине	noun	dative/prepositional singular of маши́на (mašína)
830	свет	noun	light; daylight, daybreak
831	образом	noun	instrumental singular of о́браз (óbraz)
832	принести	verb	to bring (by foot), to fetch (transitive) to transport toward someone/somewhere)
833	питер	name	Saint Petersburg
834	другое	adj	nominative/accusative singular neuter of друго́й (drugój)
835	другого	adj	genitive singular masculine/neuter
836	шесть	num	six (6)
837	людям	noun	dative of лю́ди (ljúdi)
838	погоди	verb	second-person singular imperative perfective of погоди́ть (pogodítʹ).
839	имени	noun	genitive/dative/prepositional singular of и́мя (ímja)
840	детка	noun	baby, honey (term of endearment)
841	недели	noun	inflection of неде́ля (nedélja)
842	меньше	adj	comparative degree of ма́ленький
843	легко	adv	lightly; easily, slightly
844	девочка	noun	girl, little girl (before the age of puberty)
845	придётся	verb	third-person singular future indicative perfective of прийти́сь (prijtísʹ)
846	мало	adv	little, few; too little, too few
847	ненавижу	verb	first-person singular present indicative imperfective of ненави́деть (nenavídetʹ)
848	последние	adj	nominative plural
849	выглядишь	verb	second-person singular present indicative imperfective
850	сообщение	noun	report, communication, message
851	великий	adj	large, big; great, outstanding
852	нью-йорк	name	New York, New York City
853	думает	verb	third-person singular present indicative imperfective of ду́мать (dúmatʹ)
854	показать	verb	to show; to display, to reveal, to achieve
855	друзей	noun	genitive/accusative plural of друг (drug)
856	обещаю	verb	first-person singular present indicative imperfective of обеща́ть (obeščátʹ)
857	агент	noun	agent; envoy
858	вместо	prep	instead of
859	последнее	adj	nominative/accusative neuter singular of после́дний (poslédnij)
860	самого	pron	genitive masculine/neuter singular
861	серьёзный	adj	serious, earnest
862	настолько	adv	so, so much, as much, thus much
863	ответ	noun	answer, reply, response
864	детектив	noun	detective; detective story (book or film), whodunit
865	понятия	noun	genitive singular
866	родители	noun	nominative plural of роди́тель (rodítelʹ)
867	поехали	verb	plural past indicative perfective of пое́хать (pojéxatʹ)
868	стало	verb	neuter singular past indicative perfective of стать (statʹ)
869	мэм	noun	ma'am
870	своими	pron	instrumental plural of свой (svoj)
871	всей	det	genitive/dative/instrumental/prepositional feminine singular of весь (vesʹ)
872	очевидно	adv	apparently, obviously
873	помогите	verb	second-person plural imperative perfective of помо́чь (pomóčʹ)
874	школу	noun	accusative singular of шко́ла (škóla)
875	пожаловать	verb	to grant (to); to bestow, to confer (on); to reward, to award (stilted style)
876	либо	conj	either ... or; or, either that or
877	прошло	verb	neuter singular past indicative perfective of пройти́ (projtí)
878	особенно	adv	especially
879	имеешь	verb	second-person singular present indicative imperfective of име́ть (imétʹ)
880	остановить	verb	to stop, to bring to stop
881	истории	noun	genitive/dative/prepositional singular
882	эм	noun	The Cyrillic letter М, м.
883	вопросы	noun	nominative/accusative plural of вопро́с (voprós)
884	большая	adj	nominative feminine singular of большо́й (bolʹšój)
885	минутку	noun	accusative singular of мину́тка (minútka)
886	пол	noun	floor (bottom part of a room)
887	чему	pron	dative of что (što)
888	свидания	noun	genitive singular
889	обязательно	adv	necessarily, without fail
890	городе	noun	prepositional singular of го́род (górod)
891	убийца	noun	murderer; assassin
892	сделай	verb	second-person singular imperative perfective of сде́лать (sdélatʹ)
893	ваших	pron	genitive/prepositional plural
894	любви	noun	inflection of любо́вь (ljubóvʹ)
895	спокойной	adj	feminine singular genitive/dative/instrumental/prepositional of споко́йный (spokójnyj)
896	б	particle	A verbal particle used to render conditional and subjunctive mood
897	мадам	noun	madam (polite term of address to a woman)
898	идите	verb	second-person plural imperative imperfective of идти́ (idtí)
899	выйти	verb	to exit, to go out
900	делают	verb	third-person plural present indicative imperfective of де́лать (délatʹ)
901	немедленно	adv	immediately, at once, forthwith
902	купить	verb	to buy, to purchase
903	делай	verb	second-person singular imperative imperfective of де́лать (délatʹ)
904	возможность	noun	opportunity, chance, potential (chance for advancement, progress or profit)
905	человеком	noun	instrumental singular of челове́к (čelovék)
906	бывает	verb	third-person singular present indicative imperfective of быва́ть (byvátʹ)
907	ужин	noun	supper, late dinner (the evening meal)
908	моем	verb	first-person plural present indicative imperfective of мыть (mytʹ)
909	позвонить	verb	to call (to contact by telephone)
910	наконец	adv	at last, finally
911	стала	verb	feminine singular past indicative perfective of стать (statʹ)
912	любой	det	any, either, whichever one wants
913	клянусь	verb	first-person singular present indicative imperfective of кля́сться (kljástʹsja)
914	представить	verb	to present, to offer
915	смешно	adv	in a funny manner/way, comically
916	абсолютно	adv	absolutely
917	всему	det	dative masculine/neuter singular of весь (vesʹ)
918	переводчики	noun	nominative plural of перево́дчик (perevódčik)
919	забудь	verb	second-person singular imperative of забы́ть pf (zabýtʹ)
920	секунду	noun	jiffy
921	выбор	noun	choice (option or decision)
922	тысяч	num	genitive plural of ты́сяча (týsjača)
923	потерял	verb	masculine singular past indicative perfective of потеря́ть (poterjátʹ)
924	волнуйся	verb	second-person singular imperative imperfective of волнова́ться (volnovátʹsja)
925	ноги	noun	genitive singular of нога́ (nogá)
926	таком	det	masculine/neuter prepositional singular of тако́й (takój)
927	означает	verb	third-person singular present indicative imperfective of означа́ть (označátʹ)
928	встретиться	verb	to meet, to encounter, to come across
929	известно	adj	it is (well) known
930	работаю	verb	first-person singular present indicative imperfective of рабо́тать (rabótatʹ)
931	замечательно	adv	remarkably
932	любом	det	prepositional masculine/neuter singular of любо́й (ljubój)
933	оставь	verb	second-person singular imperative perfective of оста́вить (ostávitʹ)
934	связи	noun	genitive/dative/prepositional singular
935	боль	noun	pain, ache; pang, stab, stitch
936	выпить	verb	to drink, to drink up
937	убийства	noun	inflection of уби́йство (ubíjstvo)
938	малыш	noun	little kid, baby, little boy
939	умерла	verb	feminine singular past indicative perfective of умере́ть (umerétʹ)
940	воды	noun	genitive singular of вода́ (vodá)
941	окей	intj	OK, okay
942	речь	noun	speech, language (spoken)
943	позволить	verb	to allow, to permit
944	хорошие	adj	nominative plural
945	поводу	noun	dative singular of по́вод (póvod)
946	перестань	verb	second-person singular imperative perfective of переста́ть (perestátʹ)
947	увидел	verb	masculine singular past indicative perfective of уви́деть (uvídetʹ)
948	повезло	verb	neuter singular past indicative perfective of повезти́ (poveztí)
949	президент	noun	president
950	мужик	noun	man (male person); (UK) bloke, (US) dude, fella, guy
951	которым	pron	dative plural; instrumental masculine/neuter singular
952	прошлом	noun	prepositional singular of про́шлое (próšloje)
953	пить	verb	to drink
954	дам	noun	genitive/accusative plural of да́ма (dáma)
955	десять	num	ten (10)
956	поговорим	verb	first-person plural future indicative perfective of поговори́ть (pogovorítʹ)
957	отцом	noun	instrumental singular of оте́ц (otéc)
958	искать	verb	to look for, to seek
959	тихо	adv	quietly, softly, gently, faintly, silently
960	оставил	verb	masculine singular past indicative perfective of оста́вить (ostávitʹ)
961	пистолет	noun	pistol, handgun
962	начал	verb	masculine singular past indicative perfective of нача́ть (načátʹ)
963	сложно	adv	in a complicated manner
964	города	noun	genitive singular of го́род (górod)
965	неделе	noun	dative/prepositional singular of неде́ля (nedélja)
966	хотелось	verb	neuter singular past indicative imperfective of хоте́ться (xotétʹsja)
967	принять	verb	to take; to admit, to accept
968	историю	noun	accusative singular of исто́рия (istórija)
969	джеймс	name	a male given name, equivalent to English James
970	босс	noun	boss
971	держать	verb	to hold, to keep, to support
972	пойдём	verb	first-person plural future indicative perfective of пойти́ (pojtí)
973	подумала	verb	feminine singular past indicative of поду́мать pf (podúmatʹ)
974	фильм	noun	film, movie
975	слышишь	verb	second-person singular present indicative imperfective of слы́шать (slýšatʹ)
976	рано	adv	early
977	удачи	intj	good luck!
978	еду	verb	first-person singular present indicative imperfective of е́хать (jéxatʹ)
979	словно	adv	as if, like (for expressing conditional, imaginary, or apparent things or actions)
980	причина	noun	cause (source or reason of an event or action)
981	пришёл	verb	masculine singular past indicative perfective of прийти́ (prijtí)
982	майк	name	a male given name from English, equivalent to English Mike
983	э	intj	hey; an exclamation to get attention
984	компании	noun	genitive/dative/prepositional singular
985	спокойно	adv	calmly, quietly
986	работал	verb	masculine singular past indicative imperfective of рабо́тать (rabótatʹ)
987	связать	verb	to tie, to bind
988	подумать	verb	to think (for a while), to have a think, to consider, to reflect, to ponder
989	вещь	noun	thing, object; things, belongings, goods, stuff
990	брата	noun	genitive/accusative singular of брат (brat)
991	сумасшедший	adj	mad, crazy
992	конца	noun	genitive singular of коне́ц (konéc)
993	получится	verb	third-person singular future indicative perfective of получи́ться (polučítʹsja)
994	блин	noun	pancake, crepe, blini (thin batter cake)
995	право	noun	right; claim; law, right
996	ввиду	prep	in view of
997	бога	noun	genitive/accusative singular of бог (box)
998	по-моему	adv	in my opinion; methinks
999	подарок	noun	present, gift
1000	комнату	noun	accusative singular of ко́мната (kómnata)
1001	мира	noun	genitive singular of мир (mir)
1002	успокойся	verb	second-person singular imperative perfective of успоко́иться (uspokóitʹsja)
1003	проверить	verb	to examine, to check, to control, to verify, to test, to audit
1004	моему	pron	masculine/neuter dative singular of мой (moj)
1005	самая	pron	nominative feminine singular of са́мый (sámyj)
1006	америка	name	America, the Americas
1007	корабль	noun	ship, liner; warship
1008	умный	adj	clever, smart, intelligent
1009	рассказал	verb	masculine singular past indicative perfective of рассказа́ть (rasskazátʹ)
1010	курсе	noun	prepositional singular of курс (kurs)
1011	намного	adv	by far, much (in comparisons)
1012	мистера	noun	genitive/accusative singular of ми́стер (místɛr, míster)
1013	женщин	noun	genitive/accusative plural of же́нщина (žénščina)
1014	тяжело	adv	heavily, heftily
1015	попасть	verb	to hit (a target)
1016	ух	intj	ooh!, gosh!, oof!
1017	предложение	noun	offer; suggestion, proposal (also: marriage proposal), proposition
1018	одним	num	dative plural; instrumental masculine/neuter singular
1019	счёт	noun	count; invoice, bill
1020	улице	noun	dative/prepositional singular of у́лица (úlica)
1021	другим	adj	instrumental singular masculine/neuter
1022	уходи	verb	second-person singular imperative imperfective/perfective of уходи́ть (uxodítʹ)
1023	среди	prep	among, in the midst of
1024	помоги	verb	second-person singular imperative perfective of помо́чь (pomóčʹ)
1025	получилось	verb	neuter singular past indicative perfective of получи́ться (polučítʹsja)
1026	месяц	noun	month; moon (the Earth's only permanent natural satellite, including a full moon)
1027	генри	noun	henry
1028	голос	noun	voice; voice, word, remark, opinion
1029	позвольте	verb	second-person plural imperative perfective of позво́лить (pozvólitʹ)
1030	стороне	noun	dative/prepositional singular of сторона́ (storoná)
1031	вероятно	adv	possibly, perhaps
1032	случится	verb	third-person singular future indicative perfective of случи́ться (slučítʹsja)
1033	уверены	adj	short plural of уве́ренный (uvérennyj)
1034	мужа	noun	genitive/accusative singular of муж (muž)
1035	людьми	noun	instrumental of лю́ди (ljúdi)
1036	наконец-то	adv	finally!; oh, finally!
1037	неважно	adv	no matter (how)
1038	макс	name	a diminutive, Maks, of the male given name Макси́м (Maksím)
1039	нашёл	verb	masculine singular past indicative perfective of найти́ (najtí)
1040	м	noun	abbreviation of метр (metr, “meter”)
1041	доктора	noun	genitive/accusative singular of до́ктор (dóktor)
1042	сидеть	verb	to sit; to be imprisoned, to do time
1043	месяца	noun	genitive singular of ме́сяц (mésjac)
1044	игра	noun	game; a sport which is played
1045	нём	pron	prepositional of он (on)
1046	познакомиться	verb	to meet, to make the acquaintance, to make someone’s acquaintance, to get acquainted
1047	возьму	verb	first-person singular future indicative perfective of взять (vzjatʹ)
1048	слышали	verb	plural past indicative imperfective of слы́шать (slýšatʹ)
1049	пошла	adj	short feminine singular of по́шлый (póšlyj)
1050	чувствуешь	verb	second-person singular present indicative imperfective of чу́вствовать (čúvstvovatʹ)
1051	позволь	verb	second-person singular imperative perfective of позво́лить (pozvólitʹ)
1052	сторону	noun	accusative singular of сторона́ (storoná)
1053	игры	noun	genitive singular of игра́ (igrá)
1054	согласен	adj	short masculine singular of согла́сный (soglásnyj)
1055	письмо	noun	letter (written communication)
1056	вниз	adv	downwards; downstairs (direction)
1057	молодец	noun	fine fellow, fine girl
1058	наверняка	adv	certainly, for sure
1059	утра	adv	a.m.
1060	привести	verb	to bring (someone with)
1061	дэвид	name	a male given name, equivalent to English David
1062	вашим	pron	instrumental masculine/neuter singular
1063	нечего	adj	there is nothing
1064	встречи	noun	genitive singular
1065	вид	noun	look, looks, appearance, air
1066	никакой	pron	not any of possible variants, no, none;
1067	связь	noun	tie, relation, bond, contact
1068	список	noun	list, register, roll
1069	заняться	verb	to study, to learn
1070	особенный	adj	special (unique)
1071	защитить	verb	to defend, to guard, to protect
1072	страшный	adj	terrible, scary [with instrumental or в
1073	такую	det	feminine accusative singular of тако́й (takój)
1074	весело	adv	merrily, cheerfully
1075	гораздо	adv	much, far, by far, a lot, considerably, quite
1076	собирался	verb	masculine singular past indicative imperfective of собира́ться (sobirátʹsja)
1077	впервые	adv	for the first time
1078	находится	verb	third-person singular present indicative imperfective
1079	объяснить	verb	to explain
1080	полицию	noun	accusative singular of поли́ция (polícija)
1081	решили	verb	plural past indicative perfective of реши́ть (rešítʹ)
1082	подождать	verb	to wait
1083	семью	adv	7×, seven times as much
1084	король	noun	king; king (Russian abbreviation: Кр)
1085	зайти	verb	to go (to see), to come in (to see, etc.), to call, to drop in
1086	свидание	noun	appointment; date
1087	отличная	adj	feminine nominative singular of отли́чный (otlíčnyj)
1088	закончить	verb	to finish, to end
1089	огонь	noun	fire (also figurative)
1090	остальные	adj	nominative plural
1091	руках	noun	prepositional plural of рука́ (ruká)
1092	фбр	name	initialism of Федера́льное бюро́ рассле́дований (Federálʹnoje bjuró rasslédovanij, “Federal Bureau of Investigation”): FBI
1093	сон	noun	sleep; dream (imaginary events seen in the mind while sleeping)
1094	чувство	noun	sense, feeling (sensation)
1095	котором	pron	prepositional masculine/neuter singular of кото́рый (kotóryj)
1096	решила	verb	feminine singular past indicative perfective of реши́ть (rešítʹ)
1097	понадобится	verb	third-person singular future indicative perfective of пона́добиться (ponádobitʹsja)
1098	сынок	noun	diminutive of сын (syn): son, sonny, junior
1099	найду	verb	first-person singular future indicative perfective of найти́ (najtí)
1100	школы	noun	genitive singular
1101	чувства	noun	genitive singular
1102	дядя	noun	uncle
1103	стали	verb	plural past indicative of стать pf (statʹ)
1104	ушла	verb	feminine singular past indicative perfective of уйти́ (ujtí)
1105	первым	noun	instrumental singular
1106	поверь	verb	second-person singular imperative perfective of пове́рить (povéritʹ)
1107	расскажи	verb	second-person singular imperative perfective of рассказа́ть (rasskazátʹ)
1108	хочется	verb	third-person singular present indicative imperfective of хоте́ться (xotétʹsja)
1109	девушки	noun	genitive singular
1110	имел	verb	masculine singular past indicative imperfective of име́ть (imétʹ)
1111	каким	det	masculine/neuter instrumental singular
1112	парнем	noun	instrumental singular of па́рень (párenʹ)
1113	многие	pron	many (people)
1114	приятный	adj	pleasant, pleasing, agreeable
1115	простой	adj	simple, ordinary
1116	войти	verb	to enter, to go in(to) (by foot), to get in(to)
1117	части	noun	genitive/dative/prepositional singular
1118	ехать	verb	to go (by horse or vehicle), to ride, to drive
1119	считаю	verb	first-person singular present indicative imperfective of счита́ть (sčitátʹ, “to count”)
1120	никуда	adv	to nowhere, nowhither
1121	голове	noun	dative/prepositional singular of голова́ (golová)
1122	оттуда	adv	thence, from there
1123	чем-то	pron	instrumental of что́-то (štó-to)
1124	нормальный	adj	normal; proper
1125	называется	verb	third-person singular present indicative imperfective of называ́ться (nazyvátʹsja)
1126	вопросов	noun	genitive plural of вопро́с (voprós)
1127	фото	noun	photo, photograph
1128	заниматься	verb	to study, to learn
1129	другу	noun	dative singular of друг (drug)
1130	вернулась	verb	feminine singular past indicative perfective of верну́ться (vernútʹsja)
1131	пара	noun	pair, couple; the other, second object associated with another to form a pair
1132	никак	adv	by no means, not at all, in no way, nowise
1133	девочки	noun	genitive singular
1134	благодарю	intj	thanks! (conversational)
1135	своём	pron	masculine/neuter prepositional singular of свой (svoj)
1136	недавно	adv	recently, not long ago, lately
1137	приехал	verb	masculine singular past indicative perfective of прие́хать (prijéxatʹ)
1138	глаз	noun	eye; eyesight
1139	могло	verb	neuter singular past indicative imperfective of мочь (močʹ)
1140	становится	verb	third-person singular present indicative imperfective of станови́ться (stanovítʹsja)
1141	пыталась	verb	feminine singular past indicative imperfective of пыта́ться (pytátʹsja)
1142	является	verb	third-person singular present indicative imperfective of явля́ться (javljátʹsja)
1143	брось	intj	come on (don't say that / stop saying that)
1144	сексуальный	adj	sexual; sexy
1145	богу	noun	dative singular of бог (box)
1146	ы	intj	lol; ы? as a closing clause: Understand? Agree?
1147	чёрный	adj	black; rough, coarse
1148	нашим	pron	instrumental masculine/neuter singular
1149	помощи	noun	genitive/dative/prepositional singular
1150	волосы	noun	hair
1151	невероятно	adv	unbelievably, incredibly (in a manner one does not believe)
1152	произойти	verb	to take place, to happen, to occur
1153	долгий	adj	long (having great duration)
1154	одном	num	prepositional masculine/neuter singular of оди́н (odín)
1155	красивый	adj	beautiful, handsome
1156	тела	noun	genitive singular of те́ло (télo)
1157	недель	noun	genitive plural of неде́ля (nedélja)
1158	собирается	verb	third-person singular present indicative imperfective of собира́ться (sobirátʹsja)
1159	всеми	det	instrumental plural of весь (vesʹ)
1160	существует	verb	third-person singular present indicative imperfective of существова́ть (suščestvovátʹ)
1161	жив	adj	short masculine singular of живо́й (živój)
1162	первая	adj	nominative feminine singular of пе́рвый (pérvyj)
1163	позвоню	verb	first-person singular future indicative perfective of позвони́ть (pozvonítʹ)
1164	благодаря	verb	present adverbial imperfective participle of благодари́ть (blagodarítʹ)
1165	навсегда	adv	forever; once and for all
1166	помните	verb	inflection of по́мнить (pómnitʹ)
1167	земле	noun	dative/prepositional singular of земля́ (zemljá)
1168	делу	noun	dative singular of де́ло (délo)
1169	вполне	adv	quite, fully, entirely
1170	пытается	verb	third-person singular present indicative imperfective of пыта́ться (pytátʹsja)
1171	будущее	adj	neuter nominative singular
1172	интересный	adj	interesting; handsome, attractive
1173	семь	num	seven (7)
1174	своему	pron	masculine/neuter dative singular of свой (svoj)
1175	ок	intj	alternative form of оке́й (okéj)
1176	идиот	noun	idiot
1177	слава	noun	glory; fame, renown
1178	стоило	verb	neuter singular past indicative imperfective of сто́ить (stóitʹ)
1179	удалось	verb	neuter singular past indicative perfective of уда́ться (udátʹsja)
1180	делаем	verb	first-person plural present indicative imperfective of де́лать (délatʹ)
1181	команда	noun	command, order; team, crew, party
1182	главное	noun	the main thing, the essentials
1183	разобраться	verb	to deal with, to sort out
1184	услышать	verb	to hear; (colloquial) to smell, to feel
1185	замуж	adv	married (to a man only)
1186	начали	verb	plural past indicative perfective of нача́ть (načátʹ)
1187	мужчины	noun	genitive singular
1188	определённо	adv	definitely
1189	лёгкий	adj	light, lightweight
1190	кого-нибудь	pron	genitive/accusative of кто́-нибудь (któ-nibudʹ)
1191	силы	noun	inflection of си́ла (síla)
1192	семье	noun	dative/prepositional singular of семья́ (semʹjá)
1193	шеф	noun	boss, chief; patron, sponsor
1194	суд	noun	court; judgment
1195	слышу	verb	first-person singular present indicative imperfective of слы́шать (slýšatʹ)
1196	тюрьме	noun	dative/prepositional singular of тюрьма́ (tjurʹmá)
1197	попробовать	verb	to test, to attempt, to try
1198	друзьями	noun	instrumental plural of друг (drug)
1199	вашем	pron	prepositional masculine/neuter singular of ваш (vaš)
1200	новая	adj	feminine nominative singular of но́вый (nóvyj)
1201	черта	noun	line; boundary, precinct
1202	замечательный	adj	remarkable, outstanding, marvellous, wonderful
1203	всё-таки	particle	still, all the same, nevertheless, for all that (with a tone of regret)
1204	страшно	adv	terrifyingly; very, badly
1205	новые	adj	inflection of но́вый (nóvyj)
1206	звонил	verb	masculine singular past indicative imperfective of звони́ть (zvonítʹ)
1207	купил	verb	masculine singular past indicative perfective of купи́ть (kupítʹ)
1208	понравится	verb	third-person singular future indicative perfective of понра́виться (ponrávitʹsja)
1209	близко	adv	close, nearby; intimately
1210	самой	pron	genitive/dative/instrumental/prepositional feminine singular of са́мый (sámyj)
1211	смысл	noun	sense, meaning; respect
1212	хорошее	adj	nominative/accusative neuter singular of хоро́ший (xoróšij)
1213	любил	verb	masculine singular past indicative imperfective of люби́ть (ljubítʹ)
1214	делали	verb	plural past indicative imperfective of де́лать (délatʹ)
1215	жду	verb	first-person singular present indicative imperfective of ждать (ždatʹ)
1216	получается	verb	third-person singular present indicative imperfective of получа́ться (polučátʹsja)
1217	дамы	noun	genitive singular
1218	жену	noun	accusative singular of жена́ (žená)
1219	неправильно	adv	incorrectly, wrongly
1220	уничтожить	verb	to destroy, to annihilate, to obliterate, to wipe out, to blot out, to crush
1221	стоять	verb	to stand; to be situated (usually about a towering or potentially towering object)
1222	плевать	verb	to spit; to spit upon, to not care for
1223	ключ	noun	key; wrench, spanner, screw wrench
1224	верить	verb	to believe, to trust
1225	лично	adv	personally, in person
1226	слышать	verb	to hear; to smell, to feel (a smell)
1227	взяли	verb	plural past indicative of взять pf (vzjatʹ)
1228	поздравляю	verb	first-person singular present indicative imperfective of поздравля́ть (pozdravljátʹ)
1229	заставить	verb	to compel, to force, to make
1230	получили	verb	plural past indicative perfective of получи́ть (polučítʹ)
1231	ричард	name	a male given name, Richard, from English
1232	рот	noun	mouth
1233	делала	verb	feminine singular past indicative imperfective of де́лать (délatʹ)
1234	преступления	noun	genitive singular
1235	двери	noun	inflection of дверь (dverʹ)
1236	землю	noun	accusative singular of земля́ (zemljá)
1237	разумеется	verb	third-person singular present indicative imperfective of разуме́ться (razumétʹsja)
1238	очередь	noun	queue, line; turn, order, succession
1239	первой	adj	genitive/dative/instrumental/prepositional singular feminine of пе́рвый (pérvyj)
1240	разговор	noun	talk, conversation
1241	видимо	adv	apparently, evidently
1242	звонок	noun	bell (signaling device such as a bicycle bell)
1243	менее	adv	less
1244	нового	adj	genitive singular
1245	получила	verb	feminine singular past indicative perfective of получи́ть (polučítʹ)
1246	хм	intj	hmm, hum
1247	подальше	adv	alternative form of да́льше (dálʹše)
1248	какая-то	pron	nominative feminine singular of како́й-то (kakój-to)
1249	изменить	verb	to change, to alter, to modify, to edit
1250	сможете	verb	second-person plural future indicative perfective of смочь (smočʹ)
1251	местный	adj	local; locative (relating to the case that expresses location)
1252	похож	adj	short masculine singular of похо́жий (poxóžij)
1253	состоянии	noun	prepositional singular of состоя́ние (sostojánije)
1254	необходимо	adv	necessarily, obligatorily
1255	адвокат	noun	lawyer, attorney, barrister, solicitor, advocate
1256	касается	verb	third-person singular present indicative imperfective of каса́ться (kasátʹsja)
1257	секунд	noun	genitive plural of секу́нда (sekúnda)
1258	стоп	intj	stop!; that'll do, enough
1259	дали	noun	genitive/dative/prepositional singular
1260	оставаться	verb	to remain, to stay
1261	сделает	verb	third-person singular future indicative perfective of сде́лать (sdélatʹ)
1262	ходить	verb	to go, to walk; to wear something (imperfective only)
1263	помощью	noun	instrumental singular of по́мощь (pómoščʹ)
1264	крутой	adj	steep; abrupt, sharp
1265	хватает	verb	third-person singular present indicative imperfective of хвата́ть (xvatátʹ)
1266	народ	noun	people; nation
1267	новую	adj	accusative feminine singular of но́вый (nóvyj)
1268	девушку	noun	accusative singular of де́вушка (dévuška)
1269	человеческий	adj	human; humane, sympathetic
1270	секс	noun	sex (sexual intercourse)
1271	сделаешь	verb	second-person singular future indicative perfective of сде́лать (sdélatʹ)
1272	думали	verb	plural past indicative imperfective of ду́мать (dúmatʹ)
1273	нашем	pron	prepositional masculine/neuter singular of наш (naš)
1274	каждого	pron	genitive masculine/neuter singular
1275	другую	adj	accusative singular feminine of друго́й (drugój)
1276	просил	verb	masculine singular past indicative imperfective of проси́ть (prosítʹ)
1277	пошёл	verb	masculine singular past indicative perfective of пойти́ (pojtí)
1278	войны	noun	genitive singular of война́ (vojná)
1279	случайно	adv	accidentally, by accident
1280	игру	noun	accusative singular of игра́ (igrá)
1281	молодой	adj	young; youthful
1282	держись	verb	second-person singular imperative imperfective of держа́ться (deržátʹsja)
1283	забыла	verb	feminine singular past indicative perfective of забы́ть (zabýtʹ)
1284	цель	noun	goal, target, aim, end, object
1285	минуты	noun	genitive singular
1286	месье	noun	monsieur, sir
1287	выше	adv	comparative degree of высо́кий (vysókij)
1288	однако	adv	however, yet, still
1289	несчастный	adj	unhappy, unlucky
1290	женщину	noun	accusative singular of же́нщина (žénščina)
1291	раза	noun	genitive singular of раз (raz)
1292	мысли	verb	second-person singular imperative imperfective of мы́слить (mýslitʹ)
1293	выход	noun	going out, coming out, leaving, departure, withdrawal
1294	платье	noun	clothes, clothing
1295	вовсе	adv	at all
1296	пришло	verb	neuter singular past indicative perfective of прийти́ (prijtí)
1297	женой	noun	instrumental singular of жена́ (žená)
1298	ребёнка	noun	genitive/accusative singular of ребёнок (rebjónok)
1299	сожалею	verb	first-person singular present indicative imperfective of сожале́ть (sožalétʹ)
1300	твоём	pron	masculine/neuter prepositional singular of твой (tvoj)
1301	осторожно	adv	carefully, cautiously, with caution, with care
1302	смогла	verb	feminine singular past indicative perfective of смочь (smočʹ)
1303	этими	det	instrumental plural of э́тот (étot)
1304	стану	verb	first-person singular future indicative perfective of стать (statʹ)
1305	маме	noun	dative/prepositional singular of ма́ма (máma)
1306	парней	noun	genitive/accusative plural of па́рень (párenʹ)
1307	нравятся	verb	third-person plural present indicative imperfective of нра́виться (nrávitʹsja)
1308	покое	noun	prepositional singular of поко́й (pokój)
1309	поехать	verb	to go (in a conveyance or on horseback)
1310	садись	verb	second-person singular imperative imperfective of сади́ться (sadítʹsja)
1311	миллионов	num	genitive plural of миллио́н (millión)
1312	дочери	noun	inflection of дочь (dočʹ)
1313	дороги	adj	short plural of дорого́й (dorogój)
1314	ого	intj	whoa; oh, ho!; wow!; oh, my goodness!; oh, oh!
1315	тупой	adj	dull, blunt; obtuse
1316	ха	noun	The Cyrillic letter Х, х.
1317	нечто	pron	something
1318	первое	noun	the first thing
1319	выяснить	verb	to clear up, to elucidate, to clarify, to find out, to ascertain
1320	ник	noun	Internet handle, nickname, alias
1321	тяжёлый	adj	heavy; difficult, hard, tough
1322	информацию	noun	accusative singular of информа́ция (informácija)
1323	офис	noun	office
1324	какое-то	pron	nominative/accusative neuter singular of како́й-то (kakój-to)
1325	записи	noun	genitive/dative/prepositional singular
1326	лучшее	adj	nominative/accusative neuter singular of лу́чший (lúčšij)
1327	течение	noun	current, flow, stream
1328	вечеринку	noun	accusative singular of вечери́нка (večerínka)
1329	убью	verb	first-person singular future indicative perfective of уби́ть (ubítʹ)
1330	правильный	adj	right, correct; regular
1331	свободный	adj	free (not subject to limitations, not subject to rigid control)
1332	годы	noun	An unusually long time.
1333	забыть	verb	to forget; to neglect
1334	правила	noun	genitive singular
1335	сожалению	noun	dative singular of сожале́ние (sožalénije)
1336	какие-то	pron	nominative plural
1337	слов	noun	genitive plural of сло́во (slóvo)
1338	джимми	name	a transliteration of the English male given name Jimmy
1339	дни	noun	life
1340	дала	verb	feminine singular past indicative perfective of дать (datʹ)
1341	жизнью	noun	instrumental singular of жизнь (žiznʹ)
1342	совет	noun	advice; counsel
1343	занят	adj	short masculine singular of за́нятый (zánjatyj)
1344	кем-то	pron	instrumental of кто́-то (któ-to)
1345	попробуй	verb	second-person singular imperative perfective of попро́бовать (popróbovatʹ)
1346	подруга	noun	girlfriend
1347	расскажу	verb	first-person singular future indicative perfective of рассказа́ть (rasskazátʹ)
1348	целый	adj	whole, entire; intact, safe
1349	красивая	adj	nominative feminine singular of краси́вый (krasívyj)
1350	попросил	verb	masculine singular past indicative perfective of попроси́ть (poprosítʹ)
1351	вышел	verb	masculine singular past indicative perfective of вы́йти (výjti)
1352	удар	noun	hit, blow, strike, kick, punch, cuff
1353	вещей	noun	genitive plural of вещь (veščʹ)
1354	адрес	noun	address; address (the location of a property)
1355	доказать	verb	to prove, to demonstrate
1356	оставьте	verb	second-person plural imperative perfective of оста́вить (ostávitʹ)
1357	сержант	noun	sergeant
1358	увидишь	verb	second-person singular future indicative perfective of уви́деть (uvídetʹ)
1359	глупый	adj	silly, stupid, foolish
1360	врать	verb	to lie; to make a mistake
1361	виноват	adj	short masculine singular of винова́тый (vinovátyj)
1362	разница	noun	difference
1363	открыть	verb	to open; to turn on
1364	написал	verb	masculine singular past indicative perfective of написа́ть (napisátʹ)
1365	новое	adj	nominative/accusative neuter singular of но́вый (nóvyj)
1366	счастлив	adj	short masculine singular of счастли́вый (sčastlívyj)
1367	париж	name	Paris (the capital and largest city of France)
1368	вау	intj	wow (excitement)
1369	выбора	noun	genitive singular of вы́бор (výbor)
1370	продолжай	verb	second-person singular imperative imperfective of продолжа́ть (prodolžátʹ)
1371	задницу	noun	accusative singular of за́дница (zádnica)
1372	покажу	verb	first-person singular future indicative perfective of показа́ть (pokazátʹ)
1373	доверять	verb	to trust, to have confidence in
1374	встреча	noun	meeting, encounter
1375	убивать	verb	to kill; to murder
1376	концов	noun	genitive plural of коне́ц (konéc)
1377	обоих	num	animate accusative masculine/neuter plural
1378	будьте	verb	second-person plural imperative imperfective of быть (bytʹ)
1379	останется	verb	third-person singular future indicative perfective of оста́ться (ostátʹsja)
1380	тюрьму	noun	accusative singular of тюрьма́ (tjurʹmá)
1381	наверно	adv	probably, most likely
1382	ищу	verb	first-person singular present indicative imperfective of иска́ть (iskátʹ)
1383	момента	noun	genitive singular of моме́нт (momént)
1384	обед	noun	lunch, dinner (the main meal of the day, which is served between noon and 3 p.m.)
1385	лица	noun	genitive singular of лицо́ (licó)
1386	видео	noun	video
1387	стойте	verb	second-person plural imperative imperfective of сто́ить (stóitʹ)
1388	взяла	verb	feminine singular past indicative of взять pf (vzjatʹ)
1389	чистый	adj	clean, tidy; clean, clear, pure
1390	считает	verb	third-person singular present indicative imperfective of счита́ть (sčitátʹ, “to count”)
1391	вечно	adv	always, forever, eternally
1392	покажи	verb	second-person singular imperative perfective of показа́ть (pokazátʹ)
1393	книгу	noun	accusative singular of кни́га (kníga)
1394	многое	pron	many things, many a thing, much
1395	земли	noun	genitive singular of земля́ (zemljá)
1396	дел	noun	genitive plural of де́ло (délo)
1397	какую	det	feminine accusative singular of како́й (kakój)
1398	поскольку	conj	inasmuch as, as
1399	узнала	verb	feminine singular past indicative perfective of узна́ть (uznátʹ)
1400	решить	verb	to solve, to settle
1401	сильнее	adv	comparative degree of си́льный (sílʹnyj)
1402	тёмный	adj	dark; ignorant, uneducated (person)
1403	жены	noun	genitive singular of жена́ (žená)
1404	встречу	verb	first-person singular future indicative perfective of встре́тить (vstrétitʹ)
1405	весьма	adv	very, highly; quite, rather
1406	блядь	noun	whore, slut, prostitute
1407	поняли	verb	plural past indicative perfective of поня́ть (ponjátʹ)
1408	родителей	noun	genitive/accusative plural of роди́тель (rodítelʹ)
1409	оу	noun	ow, oh
1410	лейтенант	noun	lieutenant (military rank)
1411	глупо	adv	foolishly, stupidly
1412	узнает	verb	third-person singular future indicative perfective of узна́ть (uznátʹ)
1413	думают	verb	third-person plural present indicative imperfective of ду́мать (dúmatʹ)
1414	сезон	noun	season (quarter of a year)
1415	снаружи	adv	on the outside, from the outside, outwardly
1416	голова	noun	head; mind; brains
1417	мамой	noun	instrumental singular of ма́ма (máma)
1418	кино	noun	movie, motion picture, film
1419	вечера	noun	genitive singular of ве́чер (véčer)
1420	свете	noun	prepositional/locative singular of свет (svet)
1421	выйдет	verb	third-person singular future indicative perfective of вы́йти (výjti)
1422	сегодняшний	adj	today's, of this day
1423	восемь	num	eight (8)
1424	помогу	verb	first-person singular future indicative perfective of помо́чь (pomóčʹ)
1425	больницу	noun	accusative singular of больни́ца (bolʹníca)
1426	больнице	noun	dative/prepositional singular of больни́ца (bolʹníca)
1427	магазин	noun	shop, store (establishment that sells goods)
1428	добраться	verb	to get (to), to reach
1429	семейный	adj	family, domestic
1430	тони	verb	second-person singular imperative imperfective of тону́ть (tonútʹ)
1431	идеальный	adj	ideal, perfect (being optimal)
1432	заметил	verb	masculine singular past indicative perfective of заме́тить (zamétitʹ)
1433	договорились	verb	plural past indicative perfective of договори́ться (dogovorítʹsja)
1434	слушать	verb	to listen, to listen to (someone/something)
1435	известный	adj	known, familiar
1436	бизнес	noun	business (commercial activity; enterprise)
1437	примерно	adv	about, approximately
1438	уехать	verb	to go away, to drive off, to leave, to depart (by conveyance)
1439	джей	noun	J, j
1440	мамы	noun	genitive singular
1441	позвонил	verb	masculine singular past indicative perfective of позвони́ть (pozvonítʹ)
1442	лондон	name	London
1443	выходит	verb	third-person singular present indicative imperfective of выходи́ть (vyxodítʹ)
1444	когда-либо	adv	(at) some time or other, one day; ever (legalese, as intensifier)
1445	маму	noun	accusative singular of ма́ма (máma)
1446	документы	noun	nominative/accusative plural of докуме́нт (dokumént)
1447	попал	verb	masculine singular past indicative perfective of попа́сть (popástʹ)
1448	шаг	noun	step; move, step, action, initiative
1449	отпусти	verb	second-person singular imperative perfective of отпусти́ть (otpustítʹ)
1450	смотрю	verb	first-person singular present indicative imperfective of смотре́ть (smotrétʹ)
1451	здравствуй	intj	hello
1452	понравилось	verb	neuter singular past indicative perfective of понра́виться (ponrávitʹsja)
1453	смогли	verb	plural past indicative perfective of смочь (smočʹ)
1454	правы	adj	short plural of пра́вый (právyj)
1455	большие	noun	nominative/accusative plural of бо́льшее (bólʹšeje)
1456	создать	verb	to create; to found, to originate
1457	рассказала	verb	feminine singular past indicative perfective of рассказа́ть (rasskazátʹ)
1458	идут	verb	third-person plural present indicative imperfective of идти́ (idtí)
1459	готово	adj	short neuter singular of гото́вый (gotóvyj)
1460	офицер	noun	officer; bishop (Russian abbreviation: С)
1461	узнали	verb	plural past indicative perfective of узна́ть (uznátʹ)
1462	скажет	verb	third-person singular future indicative perfective of сказа́ть (skazátʹ)
1463	сюрприз	noun	surprise (something unexpected)
1464	внимания	noun	genitive singular
1465	вышло	verb	neuter singular past indicative perfective of вы́йти (výjti)
1466	эмиль	name	a male given name, Emil
1467	дорогу	noun	accusative singular of доро́га (doróga)
1468	считаешь	verb	second-person singular present indicative imperfective of счита́ть (sčitátʹ, “to count”)
1469	фотографии	noun	genitive/dative/prepositional singular
1470	вода	noun	water; soft drink, soda
1471	делом	noun	instrumental singular of де́ло (délo)
1472	каком	det	masculine/neuter prepositional singular of како́й (kakój)
1473	захочешь	verb	second-person singular future indicative perfective of захоте́ть (zaxotétʹ)
1474	книги	noun	genitive singular
1475	война	noun	war, warfare
1476	планы	noun	nominative/accusative plural of план (plan)
1477	мысль	noun	thought; idea
1478	веришь	verb	second-person singular present indicative imperfective of ве́рить (véritʹ)
1479	видно	adv	evidently, obviously, apparently, it looks like
1480	скажем	verb	first-person plural perfective future indicative of сказа́ть (skazátʹ)
1481	большинство	noun	majority, most
1482	ребят	noun	genitive/accusative/vocative of ребя́та (rebjáta)
1483	пустой	adj	empty, void, hollow
1484	продолжать	verb	to continue, to proceed (with), to go on
1485	сукин	adj	bitch’s
1486	ранее	adv	earlier, already (prior to some time)
1487	жертвы	noun	genitive singular
1488	конченый	adj	completely resolved, finished, final, decisive, decided, ultimate
1489	ближе	adv	comparative degree of бли́зкий (blízkij)
1490	качестве	noun	prepositional singular of ка́чество (káčestvo)
1491	двигаться	verb	to move (intransitive)
1492	написано	adj	short neuter singular of напи́санный (napísannyj)
1493	чувствовать	verb	to feel (something)
1494	хорош	adj	short masculine singular of хоро́ший (xoróšij)
1495	любить	verb	to love, to like, to be fond of, to grow fond of
1496	величество	noun	majesty (the quality of being impressive and great)
1497	головы	noun	genitive singular of голова́ (golová)
1498	дороге	noun	dative/prepositional singular of доро́га (doróga)
1499	попросить	verb	to ask for, to request
1500	времена	noun	nominative/accusative plural of вре́мя (vrémja)
1501	подумай	verb	second-person singular imperative of поду́мать pf (podúmatʹ)
1502	забавно	adv	amusingly, in an amusing manner
1503	главный	adj	chief, leading, main, principal, head, central
1504	внизу	adv	below, underneath
1505	каждую	pron	accusative feminine singular of ка́ждый (káždyj)
1506	остался	verb	masculine singular past indicative perfective of оста́ться (ostátʹsja)
1507	вставай	verb	second-person singular imperative of встава́ть impf (vstavátʹ)
1508	снять	verb	to take off, to take away, to take down
1509	мнение	noun	opinion (person's)
1510	твоему	pron	masculine/neuter dative singular of твой (tvoj)
1511	часы	noun	clock, watch; watch; guard (a particular time period when guarding is kept)
1512	вряд	particle	hardly, scarcely
1513	постой	verb	second-person singular imperative perfective of постоя́ть (postojátʹ)
1514	сомневаюсь	verb	first-person singular present indicative imperfective of сомнева́ться (somnevátʹsja)
1515	старший	adj	elder, older, senior
1516	бросить	verb	to throw; to send urgently
1517	бедный	adj	poor (having no possessions or money)
1518	отдай	verb	second-person singular imperative perfective of отда́ть (otdátʹ)
1519	вечеринка	noun	soirée, evening party
1520	ошибка	noun	mistake, error, fault
1521	реальный	adj	real (that has physical existence)
1522	приехали	verb	plural past indicative perfective of прие́хать (prijéxatʹ)
1523	самолёт	noun	airplane, aircraft
1524	бросил	verb	masculine singular past indicative perfective of бро́сить (brósitʹ)
1525	мария	name	a female given name, equivalent to English Maria or Mary
1526	профессор	noun	professor
1527	любят	verb	third-person plural imperfective present indicative of люби́ть (ljubítʹ)
1528	ключи	noun	nominative/accusative plural of ключ (ključ)
1529	подходит	verb	third-person singular present indicative imperfective of подходи́ть (podxodítʹ)
1530	беги	verb	second-person singular imperative imperfective/perfective of бежа́ть (bežátʹ)
1531	ничто	pron	nothing
1532	поле	noun	field, ground; margins
1533	вышла	verb	feminine singular past indicative perfective of вы́йти (výjti)
1534	открой	verb	second-person singular imperative perfective of откры́ть (otkrýtʹ)
1535	воду	noun	accusative singular of вода́ (vodá)
1536	сексом	noun	instrumental singular of секс (sɛ́ks)
1537	музыка	noun	music; business
1538	побери	verb	second-person singular imperative perfective of побра́ть (pobrátʹ)
1539	бабушка	noun	grandmother, grandma, granny
1540	занять	verb	to borrow; to lend (standard: одолжи́ть)
1541	собираемся	verb	first-person plural present indicative imperfective of собира́ться (sobirátʹsja)
1542	называть	verb	to name, to specify
1543	несмотря	adv	despite
1544	госпожа	noun	madam, ma'am, Mrs., Miss (polite, formal term of address for a woman)
1545	кое-кто	pron	a certain someone
1546	стране	noun	dative/prepositional singular of страна́ (straná)
1547	отдать	verb	to give back, to return
1548	трубку	noun	accusative singular of тру́бка (trúbka)
1549	сил	noun	genitive plural of си́ла (síla)
1550	другая	adj	feminine nominative singular of друго́й (drugój)
1551	написать	verb	to write
1552	роберт	name	a male given name, Robert, from English
1553	чёртов	adj	devil’s; damn, bloody, fucking
1554	комната	noun	room
1555	сердца	noun	genitive singular of се́рдце (sérdce)
1556	эмма	name	a female given name, equivalent to English Emma
1557	кому-то	pron	dative of кто́-то (któ-to)
1558	опасности	noun	inflection of опа́сность (opásnostʹ)
1559	сша	name	initialism of Соединённые Шта́ты Аме́рики (Sojedinjónnyje Štáty Amériki) (= United States of America): a country in North America: USA
1560	детьми	noun	instrumental plural of ребёнок (rebjónok)
1561	врач	noun	therapist, not surgeon, not hospital nurse
1562	живу	verb	first-person singular present indicative imperfective of жить (žitʹ)
1563	имеете	verb	second-person plural present indicative imperfective of име́ть (imétʹ)
1564	команды	noun	genitive singular
1565	пожалуй	adv	maybe, perhaps; I suppose (hesitant agreement or acceptance after some thought)
1566	роль	noun	role, part
1567	порядок	noun	order; order, sequence
1568	группа	noun	group
1569	встретимся	verb	first-person plural future indicative perfective of встре́титься (vstrétitʹsja)
1570	кольцо	noun	ring; ring, annulus
1571	самые	pron	nominative plural
1572	позвони	verb	second-person singular imperative perfective of позвони́ть (pozvonítʹ)
1573	всём	det	prepositional masculine/neuter singular of весь (vesʹ)
1574	вверх	adv	upwards
1575	подойти	verb	to approach, to come to, to walk to, to draw near
1576	разговаривать	verb	to speak, to talk, to converse (with)
1577	джим	noun	gym (sporting facility specialized for lifting weights and exercise)
1578	закон	noun	law; rule
1579	мужчин	noun	genitive/accusative plural of мужчи́на (mužčína)
1580	шутишь	verb	second-person singular present indicative imperfective of шути́ть (šutítʹ)
1581	играет	verb	third-person singular present indicative imperfective of игра́ть (igrátʹ)
1582	хорошим	adj	instrumental singular masculine/neuter
1583	новой	adj	genitive/dative/instrumental/prepositional feminine singular of но́вый (nóvyj)
1584	марк	name	a male given name, Mark
1585	ухожу	verb	first-person singular present indicative imperfective
1586	ким	name	a surname, Kim, from Korean
1587	член	noun	limb; part
1588	такси	noun	taxi; cab
1589	брайан	name	a male given name from English, equivalent to English Brian or Bryan
1590	серия	noun	series (a number of related things coming in sequence)
1591	днк	name	DNA
1592	возможный	adj	possible, probable (able but not certain to happen)
1593	потерять	verb	to lose, to waste
1594	получше	adv	alternative form of лу́чше (lúčše)
1595	убила	verb	feminine singular past indicative perfective of уби́ть (ubítʹ)
1596	показания	noun	genitive singular
1597	одному	num	dative masculine/neuter singular of оди́н (odín)
1598	шутка	noun	joke
1599	уходить	verb	to leave, to depart, to go (away) (by foot)
1600	медицинский	adj	medical, medicinal
1601	недостаточно	adv	insufficiently (not sufficiently)
1602	каких	det	genitive/prepositional plural
1603	одни	num	nominative plural
1604	передать	verb	to hand over, to deliver, to give
1605	язык	noun	tongue; language
1606	едем	verb	first-person plural present indicative imperfective of е́хать (jéxatʹ)
1607	директор	noun	manager, director, principal, headmaster
1608	сто	num	hundred (100)
1609	учитывая	verb	present adverbial imperfective participle of учи́тывать (učítyvatʹ)
1610	спросил	verb	masculine singular past indicative perfective of спроси́ть (sprosítʹ)
1611	днём	adv	by day, during the day
1612	первого	noun	genitive singular of пе́рвое (pérvoje)
1613	чего-то	pron	genitive of что́-то (štó-to)
1614	когда-то	adv	once (upon a time), formerly; constructions with used to
1615	наверху	adv	above (in a higher place)
1616	опасный	adj	dangerous, perilous
1617	говорим	verb	first-person plural present indicative imperfective of говори́ть (govorítʹ)
1618	счастлива	adj	short feminine singular of счастли́вый (sčastlívyj)
1619	помог	verb	masculine singular past indicative perfective of помо́чь (pomóčʹ)
1620	отцу	noun	dative singular of оте́ц (otéc)
1621	приходится	verb	third-person singular present indicative imperfective of приходи́ться (prixodítʹsja)
1622	сигнал	noun	signal
1623	закончится	verb	third-person singular future indicative perfective of зако́нчиться (zakónčitʹsja)
1624	помогает	verb	third-person singular present indicative imperfective of помога́ть (pomogátʹ)
1625	группы	noun	genitive singular
1626	моём	pron	masculine/neuter prepositional singular of мой (moj)
1627	едва	adv	hardly, barely; scarcely
1628	отправить	verb	to send, to dispatch, to forward
1629	легче	adv	comparative degree of лёгкий (ljóxkij)
1630	ответить	verb	to answer, to reply
1631	спустя	prep	after, later
1632	назвать	verb	to name, to specify
1633	правый	adj	right, right-hand
1634	секрет	noun	secret; ambush
1635	приказ	noun	order (oral), command, orders (written)
1636	де	particle	says (used informally to mark reported speech)
1637	опасно	adv	dangerously, perilously
1638	позволю	verb	first-person singular future indicative perfective of позво́лить (pozvólitʹ)
1639	телефону	noun	dative singular of телефо́н (telefón)
1640	адам	name	a male given name, equivalent to English Adam
1641	самых	pron	genitive/prepositional plural
1642	многий	adj	much; many
1643	получишь	verb	second-person singular future indicative perfective of получи́ть (polučítʹ)
1644	господь	noun	alternative letter-case form of Госпо́дь (Gospódʹ)
1645	внутрь	prep	into, inside (direction)
1646	компания	noun	company (a group of acquaintances)
1647	смеяться	verb	to laugh; to laugh at (над кем, над чем)
1648	такими	det	instrumental plural of тако́й (takój)
1649	женщиной	noun	instrumental singular of же́нщина (žénščina)
1650	работаешь	verb	second-person singular present indicative imperfective of рабо́тать (rabótatʹ)
1651	большую	adj	accusative feminine singular of большо́й (bolʹšój)
1652	волнует	verb	third-person singular present indicative imperfective of волнова́ть (volnovátʹ)
1653	рук	noun	genitive plural of рука́ (ruká)
1654	память	noun	memory
1655	старик	noun	old man; old-timer, that man who has worked or served somewhere more than his younger colleagues
1656	избавиться	verb	to get rid of; to rid oneself (of), to escape from, to dispose of
1657	квартиру	noun	accusative singular of кварти́ра (kvartíra)
1658	закончили	verb	plural past indicative perfective of зако́нчить (zakónčitʹ)
1659	информация	noun	information
1660	встречаться	verb	to meet, to encounter, to come across
1661	удовольствием	noun	instrumental singular of удово́льствие (udovólʹstvije)
1662	спас	noun	rescue, salvation
1663	задний	adj	rear, back, hind
1664	судья	noun	judge; arbitrator, referee, umpire
1665	мозг	noun	brain; marrow; brains (usually as food)
1666	читать	verb	to read; to recite
1667	чертовски	adv	devilishly (in a devilish manner)
1668	стол	noun	table; board, fare, cuisine
1669	ублюдок	noun	bastard (person born to unmarried parents)
1670	дон	noun	don (Spanish or Italian title)
1671	тысячи	num	genitive singular
1672	боб	noun	bean
1673	ложь	noun	lie, falsehood; false
1674	потеряла	verb	feminine singular past indicative perfective of потеря́ть (poterjátʹ)
1675	взглянуть	verb	to glance at, to look at
1676	писать	verb	to write; to paint (a painting)
1677	мен	noun	genitive plural of ме́на (ména)
1678	увидела	verb	feminine singular past indicative perfective of уви́деть (uvídetʹ)
1679	устроить	verb	to arrange, to organize, to establish
1680	везде	adv	everywhere; anywhere
1681	кое	det	nominative/accusative neuter singular of кой (koj)
1682	подходящий	verb	present active imperfective participle of подходи́ть (podxodítʹ)
1683	солнце	noun	sun
1684	устал	verb	masculine singular past indicative perfective of уста́ть (ustátʹ)
1685	сделку	noun	accusative singular of сде́лка (sdélka)
1686	настоящее	noun	the present
1687	потеряли	verb	plural past indicative perfective of потеря́ть (poterjátʹ)
1688	мм	noun	mm, millimeter
1689	класс	noun	class; grade (United States); form (British) (in primary and secondary school)
1690	смотрел	verb	masculine singular past indicative imperfective of смотре́ть (smotrétʹ)
1691	держите	verb	second-person plural present indicative imperfective of держа́ть (deržátʹ)
1692	сойти	verb	to go down, to come down, to descend, to get off
1693	закончил	verb	masculine singular past indicative perfective of зако́нчить (zakónčitʹ)
1694	ночной	adj	night, nighttime
1695	потрясающе	adv	stunningly, breathtakingly, amazingly, astonishingly
1696	обещал	verb	masculine singular past indicative imperfective of обеща́ть (obeščátʹ)
1697	убедиться	verb	to be convinced, to receive evidence
1698	скажете	verb	second-person plural future indicative perfective of сказа́ть (skazátʹ)
1699	факт	noun	fact; fait accompli
1700	страны	noun	genitive singular of страна́ (straná)
1701	учитель	noun	teacher, instructor
1702	полно	adv	fully, in full
1703	начинается	verb	third-person singular present indicative imperfective of начина́ться (načinátʹsja)
1704	бежать	verb	to run, to be running
1705	честной	adj	honored, worthy, honest
1706	операции	noun	genitive/dative/prepositional singular
1707	данный	verb	past passive perfective participle of дать (datʹ)
1708	ошибку	noun	accusative singular of оши́бка (ošíbka)
1709	украл	verb	masculine singular past indicative perfective of укра́сть (ukrástʹ)
1710	данные	noun	data, facts, information
1711	двоих	num	genitive/prepositional
1712	света	noun	genitive singular of свет (svet)
1713	запах	noun	smell, odor, scent (sensation)
1714	придурок	noun	moron, imbecile
1715	найди	verb	second-person singular imperative perfective of найти́ (najtí)
1716	лучшая	adj	nominative feminine singular of лу́чший (lúčšij)
1717	вернулись	verb	plural past indicative perfective of верну́ться (vernútʹsja)
1718	убирайся	verb	second-person singular imperative imperfective of убира́ться (ubirátʹsja)
1719	боишься	verb	second-person singular present indicative imperfective of боя́ться (bojátʹsja)
1720	окно	noun	window
1721	убийстве	noun	prepositional singular of уби́йство (ubíjstvo)
1722	ситуации	noun	genitive/dative/prepositional singular
1723	костюм	noun	suit (suit of clothes, men’s suit or women’s suit)
1724	казалось	verb	neuter singular past indicative imperfective of каза́ться (kazátʹsja)
1725	доказательства	noun	genitive singular
1726	обсудить	verb	to discuss, to consider, to talk over
1727	жил	verb	masculine singular past indicative imperfective of жить (žitʹ)
1728	принимать	verb	to take; to admit, to accept
1729	женский	adj	female; woman's, women's
1730	море	noun	sea; mare (darker area on the Moon's surface)
1731	оставила	verb	feminine singular past indicative perfective of оста́вить (ostávitʹ)
1732	судя	verb	present adverbial imperfective participle of суди́ть (sudítʹ)
1733	штука	noun	piece, each (in counting items)
1734	ситуация	noun	situation
1735	возможности	noun	inflection of возмо́жность (vozmóžnostʹ)
1736	сложный	adj	complex, compound
1737	следы	noun	nominative/accusative plural of след (sled)
1738	генерал	noun	general; syphilis
1739	рождество	noun	birth; nativity
1740	платить	verb	to pay; to pay off, to return
1741	пытались	verb	plural past indicative imperfective of пыта́ться (pytátʹsja)
1742	забрал	verb	masculine singular past indicative perfective of забра́ть (zabrátʹ)
1743	самым	pron	dative plural; instrumental masculine/neuter singular
1744	великолепно	adv	magnificently, marvelously, splendidly
1745	песню	noun	accusative singular of пе́сня (pésnja)
1746	помогать	verb	to help; to aid, to assist materially
1747	по-прежнему	adv	as before, (still) as usual, still
1748	новость	noun	novelty; news
1749	силу	noun	accusative singular of си́ла (síla)
1750	жертва	noun	sacrifice; victim
1751	баксов	noun	genitive plural of бакс (baks)
1752	другими	adj	instrumental plural of друго́й (drugój)
1753	обожаю	verb	first-person singular present indicative imperfective of обожа́ть (obožátʹ)
1754	достать	verb	to reach, to touch
1755	вовремя	adv	in time, on time, timely
1756	появился	verb	masculine singular past indicative perfective of появи́ться (pojavítʹsja)
1757	тише	adj	comparative degree of ти́хий (tíxij)
1758	одежду	noun	accusative singular of оде́жда (odéžda)
1759	приходит	verb	third-person singular present indicative imperfective of приходи́ть (prixodítʹ)
1760	расследование	noun	investigation (the act of investigating)
1761	зато	adv	however, on the other hand
1762	девушкой	noun	instrumental singular of де́вушка (dévuška)
1763	яйца	noun	genitive singular of яйцо́ (jajcó)
1764	зависит	verb	third-person singular present indicative imperfective of зави́сеть (zavísetʹ)
1765	принадлежит	verb	third-person singular present indicative imperfective of принадлежа́ть (prinadležátʹ)
1766	смешной	adj	funny, comic, droll
1767	высокий	adj	tall; high-altitude
1768	согласно	prep	according to, as to
1769	предложить	verb	to offer, to proffer
1770	уровень	noun	level, standard, amount
1771	вызвать	verb	to call, to send for
1772	любила	verb	feminine singular past indicative imperfective of люби́ть (ljubítʹ)
1773	вашему	pron	dative masculine/neuter singular of ваш (vaš)
1774	собака	noun	dog; hound
1775	знак	noun	sign, mark; symbol
1776	рик	name	RIC (Russia, India, China)
1777	чисто	adv	cleanly, neatly
1778	срочно	adv	urgently (with a sense of urgency)
1779	начало	noun	beginning, commencement, onset, start
1780	вне	prep	out of, outside
1781	клуб	noun	cloud, puff (of smoke, etc.)
1782	свежий	adj	fresh (new or clean)
1783	искал	verb	masculine singular past indicative imperfective of иска́ть (iskátʹ)
1784	собираетесь	verb	second-person plural present indicative imperfective of собира́ться (sobirátʹsja)
1785	души	verb	second-person singular imperative imperfective of души́ть (dušítʹ)
1786	расслабься	verb	second-person singular imperative perfective of рассла́биться (rasslábitʹsja)
1787	супер	intj	great! super! cool!
1788	ждал	verb	masculine singular past indicative imperfective of ждать (ždatʹ)
1789	неправда	noun	untruth, lie; not true
1790	доступ	noun	access, admittance, admission
1791	секретный	adj	secret; clandestine (secret; covert, as a clandestine organization)
1792	дурацкий	adj	stupid; blasted (used as an intensifier)
1793	куча	noun	heap, pile; a lot (a large amount)
1794	туалет	noun	toilet, WC, restroom, lavatory
1795	знакомы	adj	short plural of знако́мый (znakómyj)
1796	поймать	verb	to catch, to take
1797	офисе	noun	prepositional singular of о́фис (ófis)
1798	сука	noun	bitch (female dog)
1799	слегка	adv	lightly, slightly
1800	ждут	verb	third-person plural present indicative imperfective of ждать (ždatʹ)
1801	песня	noun	song; something very good, very cool
1802	наверх	adv	up, upward; upstairs (direction)
1803	поставить	verb	to put, to place, to set, to stand, to station (In a vertical position)
1804	анна	name	a female given name, equivalent to English Ann, Anna, or Ana
1805	красиво	adv	beautifully
1806	запись	noun	record, recording (e.g. sound)
1807	причины	noun	genitive singular
1808	работала	verb	feminine singular past indicative imperfective of рабо́тать (rabótatʹ)
1809	ч	noun	h, hour
1810	состояние	noun	state, status, condition
1811	белый	adj	white; white skinned
1812	нужный	adj	necessary, needed
1813	дважды	adv	twice, on two occasions
1814	думай	verb	second-person singular imperative imperfective of ду́мать (dúmatʹ)
1815	центр	noun	center, centre; Charlie (C in the ICAO spelling alphabet)
1816	дружище	noun	old chap, old boy, old fellow
1817	исправить	verb	to correct, to improve, to repair
1818	использовал	verb	masculine singular past indicative imperfective/perfective of испо́льзовать (ispólʹzovatʹ)
1819	идёшь	verb	second-person singular present indicative imperfective of идти́ (idtí)
1820	желание	noun	wish, desire; wanting, volition, tending
1821	книга	noun	book
1822	разные	adj	nominative plural
1823	полковник	noun	colonel
1824	оказался	verb	masculine singular past indicative perfective of оказа́ться (okazátʹsja)
1825	идеи	noun	genitive singular
1826	нос	noun	nose; bow, prow (boats)
1827	возьмите	verb	second-person plural imperative perfective of взять (vzjatʹ)
1828	матерью	noun	instrumental singular of мать (matʹ)
1829	суда	noun	genitive singular of суд (sud)
1830	каково	det	short neuter singular of каково́й (kakovój)
1831	сила	noun	strength; force
1832	уходите	verb	second-person plural present indicative imperfective
1833	рука	noun	hand; arm
1834	повсюду	adv	everywhere, far and wide
1835	лучшие	noun	nominative/accusative plural of лу́чшее (lúčšeje)
1836	сделано	adj	short neuter singular of сде́ланный (sdélannyj)
1837	взгляд	noun	glance, look; view, opinion
1838	наркотики	noun	nominative/accusative plural of нарко́тик (narkótik)
1839	бери	verb	second-person singular imperative imperfective of брать (bratʹ)
1840	чушь	noun	rubbish
1841	система	noun	system; systema (Russian martial art)
1842	полицейский	adj	police
1843	практически	adv	practically, in a practical manner
1844	выходные	noun	days off; weekend (break in the working week)
1845	лили	verb	plural past indicative imperfective of лить (litʹ)
1846	суде	noun	prepositional singular of суд (sud)
1847	левый	adj	left, left-hand
1848	еда	noun	food; meal
1849	док	noun	dock
1850	узнаю	verb	first-person singular future indicative perfective of узна́ть (uznátʹ)
1851	нож	noun	knife; blade
1852	собиралась	verb	feminine singular past indicative imperfective of собира́ться (sobirátʹsja)
1853	продать	verb	to sell; to sell out, to betray
1854	чай	noun	tea (in all senses: the drink, the plant, the dried leaves, or tea-drinking)
1855	о.	noun	order
1856	глазах	noun	prepositional plural of глаз (glaz)
1857	остальное	noun	the rest
1858	отвезти	verb	to take away (by vehicle), to drive away, to take (someone or something by vehicle)
1859	брак	noun	marriage, matrimony
1860	представляешь	verb	second-person singular present indicative imperfective of представля́ть (predstavljátʹ)
1861	остальных	adj	genitive plural
1862	мимо	prep	past, by
1863	школьный	adj	school
1864	поеду	verb	first-person singular future indicative perfective of пое́хать (pojéxatʹ)
1865	горячий	adj	hot (having a high temperature)
1866	иисус	name	Jesus (biblical character)
1867	стрелять	verb	to shoot, to fire
1868	старые	adj	nominative plural
1869	звук	noun	sound
1870	частью	adv	partly, in part, partially
1871	приехала	verb	feminine singular past indicative perfective of прие́хать (prijéxatʹ)
1872	нет-нет	particle	no; as a rule, no
1873	даст	verb	third-person singular future indicative perfective of дать (datʹ)
1874	спит	verb	third-person singular present indicative imperfective of спать (spatʹ)
1875	пытаешься	verb	second-person singular present indicative imperfective of пыта́ться (pytátʹsja)
1876	выглядеть	verb	to look, to appear, to seem
1877	напугать	verb	to frighten
1878	беременна	adj	short feminine singular of бере́менный (berémennyj)
1879	увижу	verb	first-person singular future indicative perfective of уви́деть (uvídetʹ)
1880	спал	verb	masculine singular past indicative imperfective of спать (spatʹ)
1881	вкус	noun	taste (one of the sensations produced by the tongue)
1882	крис	noun	kris
1883	поезд	noun	train, a line of connected railway cars
1884	пиво	noun	beer; portion of beer
1885	уехал	verb	masculine singular past indicative perfective of уе́хать (ujéxatʹ)
1886	безопасный	adj	safe, secure
1887	радио	noun	radio, tuner; Romeo (R in the ICAO spelling alphabet)
1888	обе	num	nominative feminine plural
1889	команду	noun	accusative singular of кома́нда (kománda)
1890	безумие	noun	insanity, madness (state of being insane)
1891	солдат	noun	soldier (male or female)
1892	мальчика	noun	genitive/accusative singular of ма́льчик (málʹčik)
1893	короля	noun	genitive/accusative singular of коро́ль (korólʹ)
1894	проще	adv	comparative degree of просто́й (prostój)
1895	особо	adv	separately; differently
1896	дедушка	noun	diminutive of дед (ded)
1897	мертва	adj	short feminine singular of мёртвый (mjórtvyj)
1898	церкви	noun	genitive/dative/prepositional singular
1899	результаты	noun	nominative/accusative plural of результа́т (rezulʹtát)
1900	имена	noun	nominative/accusative plural of и́мя (ímja)
1901	беспокойся	verb	second-person singular imperative imperfective of беспоко́иться (bespokóitʹsja)
1902	неприятности	noun	nominative/accusative plural
1903	камеры	noun	genitive singular
1904	выбрать	verb	to choose, to select, to pick out
1905	здание	noun	building, edifice, structure
1906	возле	prep	beside, by, near
1907	защищать	verb	to defend, to guard, to protect
1908	работают	verb	third-person plural present indicative imperfective of рабо́тать (rabótatʹ)
1909	третий	adj	third
1910	способен	adj	short masculine singular of спосо́бный (sposóbnyj)
1911	удивительно	adv	extremely; astonishingly, surprisingly
1912	смысла	noun	genitive singular of смысл (smysl)
1913	долг	noun	debt; duty, obligation
1914	боли	verb	second-person singular imperative imperfective of боле́ть (bolétʹ)
1915	первую	adj	accusative feminine singular of пе́рвый (pérvyj)
1916	классный	adj	class (in education)
1917	национальный	adj	national; ethnic; traditional for an ethnic group
1918	стыдно	adj	one is ashamed (feeling shame or guilt)
1919	внутренний	adj	inner, interior
1920	случиться	verb	to happen, to occur, to come about
1921	сестры	noun	genitive singular of сестра́ (sestrá)
1922	называют	verb	third-person plural present indicative imperfective of называ́ть (nazyvátʹ)
1923	мелкий	adj	fine, fine-grained
1924	слабый	adj	weak, feeble; faint
1925	слушаю	verb	first-person singular imperfective present indicative of слу́шать (slúšatʹ)
1926	похожий	adj	alike; similar
1927	возвращаться	verb	to return, to come back
1928	выбрал	verb	masculine singular past indicative perfective of вы́брать (výbratʹ)
1929	черту	noun	accusative singular of черта́ (čertá)
1930	инспектор	noun	controller, inspector, surveyor
1931	земля	noun	earth; land
1932	пригласить	verb	to invite
1933	оказалось	verb	neuter singular past indicative perfective of оказа́ться (okazátʹsja)
1934	сходить	verb	to go down, to come down, to descend, to get off
1935	головой	noun	instrumental singular of голова́ (golová)
1936	лгать	verb	to lie, to tell lies
1937	плюс	noun	plus sign; plus
1938	оружия	noun	genitive singular
1939	музыку	noun	accusative singular of му́зыка (múzyka)
1940	явно	adv	clearly, evidently, obviously
1941	назвал	verb	masculine singular past indicative perfective of назва́ть (nazvátʹ)
1942	столь	adv	so, such
1943	ушли	verb	plural past indicative perfective of уйти́ (ujtí)
1944	последняя	adj	nominative feminine singular of после́дний (poslédnij)
1945	лицом	noun	instrumental singular of лицо́ (licó)
1946	арестовать	verb	to arrest
1947	решать	verb	to solve, to settle
1948	остались	verb	plural past indicative perfective of оста́ться (ostátʹsja)
1949	по-настоящему	adv	properly
1950	заплатить	verb	to pay
1951	разу	noun	dative/partitive singular of раз (raz)
1952	нести	verb	to bear, to bring, to carry
1953	жене	noun	dative/prepositional singular of жена́ (žená)
1954	даю	verb	first-person singular present indicative imperfective of дава́ть (davátʹ)
1955	центре	noun	prepositional singular of центр (centr)
1956	началось	verb	neuter singular past indicative perfective of нача́ться (načátʹsja)
1957	президента	noun	genitive/accusative singular of президе́нт (prezidént)
1958	сбежать	verb	to run down (from)
1959	сообщить	verb	to communicate, to report, to let know
1960	кучу	verb	first-person singular present indicative imperfective of кути́ть (kutítʹ)
1961	звали	verb	plural past indicative imperfective of звать (zvatʹ)
1962	принял	verb	masculine singular past indicative perfective of приня́ть (prinjátʹ)
1963	придёт	verb	third-person singular future indicative perfective of прийти́ (prijtí)
1964	рода	noun	genitive singular of род (rod, all definitions)
1965	справиться	verb	to cope (with), to deal (with), to handle, to manage, to overcome
1966	поцелуй	noun	kiss; kissing sound
1967	по-другому	adv	differently (than others or everything else)
1968	сбежал	verb	masculine singular past indicative perfective of сбежа́ть (sbežátʹ)
1969	специальный	adj	special, custom
1970	еды	noun	genitive singular of еда́ (jedá)
1971	встречались	verb	plural past indicative imperfective of встреча́ться (vstrečátʹsja)
1972	прошла	verb	feminine singular past indicative perfective of пройти́ (projtí)
1973	команде	noun	dative/prepositional singular of кома́нда (kománda)
1974	грязный	adj	dirty, soiled, dingy, filthy, grimy, grubby
1975	оставлю	verb	first-person singular future indicative perfective of оста́вить (ostávitʹ)
1976	ищем	verb	first-person plural present indicative imperfective of иска́ть (iskátʹ)
1977	согласна	adj	short feminine singular of согла́сный (soglásnyj)
1978	останусь	verb	first-person singular future indicative perfective of оста́ться (ostátʹsja)
1979	тест	noun	test (challenge, trial, exam, etc.)
1980	прошлое	adj	neuter nominative singular
1981	смотришь	verb	second-person singular present indicative imperfective of смотре́ть (smotrétʹ)
1982	код	noun	code
1983	двумя	num	instrumental of два (dva)
1984	шучу	verb	first-person singular present indicative imperfective of шути́ть (šutítʹ)
1985	человеку	noun	dative singular of челове́к (čelovék)
1986	выбраться	verb	to get out
1987	следовало	verb	neuter singular past indicative imperfective of сле́довать (slédovatʹ)
1988	убрать	verb	to remove, to take away
1989	которому	pron	dative masculine/neuter singular of кото́рый (kotóryj)
1990	звонила	verb	feminine singular past indicative imperfective of звони́ть (zvonítʹ)
1991	украсть	verb	to steal
1992	заключить	verb	to conclude, to close, to end
1993	клиент	noun	client, customer
1994	здоровье	noun	health
1995	прочь	adv	away, aside
1996	приду	verb	first-person singular future indicative perfective of прийти́ (prijtí)
1997	держу	verb	first-person singular present indicative imperfective of держа́ть (deržátʹ)
1998	поговорю	verb	first-person singular future indicative perfective of поговори́ть (pogovorítʹ)
1999	похожа	adj	short feminine singular of похо́жий (poxóžij)
2000	рассказывать	verb	to tell; to relate, to narrate, to recount
2001	играл	verb	masculine singular past indicative imperfective of игра́ть (igrátʹ)
2002	стив	noun	STEVE, an atmospheric phenomenon similar to an aurora
2003	заставил	verb	masculine singular past indicative perfective of заста́вить (zastávitʹ)
2004	встретил	verb	masculine singular past indicative perfective of встре́тить (vstrétitʹ)
2005	по-твоему	adv	in [according to] your opinion, to your way of thinking, (in a question) do you think ...?
2006	кости	noun	gambling game that uses dice
2007	прекратить	verb	to stop, to cease, to end, to discontinue
2008	уйду	verb	first-person singular future indicative perfective of уйти́ (ujtí)
2009	ъ	character	alternative letter-case form of ъ.
2010	принесу	verb	first-person singular future indicative perfective of принести́ (prinestí)
2011	власти	noun	genitive/dative/prepositional singular
2012	ушёл	verb	masculine singular past indicative perfective of уйти́ (ujtí)
2013	остаётся	verb	third-person singular present indicative imperfective of остава́ться (ostavátʹsja)
2014	постели	verb	second-person singular imperative perfective of постели́ть (postelítʹ)
2015	вернись	verb	second-person singular imperative perfective of верну́ться (vernútʹsja)
2016	впереди	adv	in front (of), ahead (of), before
2017	захочет	verb	third-person singular future indicative perfective of захоте́ть (zaxotétʹ)
2018	реально	adv	really, in reality
2019	двадцать	num	twenty (20)
2020	квартире	noun	dative/prepositional singular of кварти́ра (kvartíra)
2021	ешь	verb	second-person singular present indicative imperfective
2022	бар	noun	saloon, bar, snack bar
2023	жива	adj	short feminine singular of живо́й (živój)
2024	даёт	verb	third-person singular present indicative imperfective of дава́ть (davátʹ)
2025	завтрак	noun	breakfast
2026	любовью	noun	instrumental singular of любо́вь (ljubóvʹ)
2027	зря	adv	in vain, to no avail, for nothing
2028	дождь	noun	rain
2029	партнёр	noun	partner, associate
2030	устала	verb	feminine singular past indicative perfective of уста́ть (ustátʹ)
2031	прекратите	verb	second-person plural future indicative perfective
2032	убери	verb	second-person singular imperative perfective of убра́ть (ubrátʹ)
2033	нравишься	verb	second-person singular present indicative imperfective of нра́виться (nrávitʹsja)
2034	заходи	verb	second-person singular imperative imperfective of заходи́ть (zaxodítʹ)
2035	северный	adj	north, northern
2036	злой	adj	wicked, evil, ill-natured
2037	сработает	verb	third-person singular future indicative perfective of срабо́тать (srabótatʹ)
2038	скучаю	verb	first-person singular present indicative imperfective of скуча́ть (skučátʹ)
2039	заявление	noun	declaration, statement
2040	ответственность	noun	responsibility
2041	прощай	intj	farewell, adieu, good-bye
2042	девять	num	nine (9)
2043	осталась	verb	feminine singular past indicative perfective of оста́ться (ostátʹsja)
2044	наедине	adv	tête-à-tête, privately
2045	обвинения	noun	genitive singular
2046	компанию	noun	accusative singular of компа́ния (kompánija)
2047	поедем	verb	first-person plural future indicative perfective of пое́хать (pojéxatʹ)
2048	цветы	noun	nominative/accusative plural of цвето́к (cvetók, “flowering plant”)
2049	имела	verb	feminine singular past indicative imperfective of име́ть (imétʹ)
2050	ждёт	verb	third-person singular present indicative imperfective of ждать (ždatʹ)
2051	камеру	noun	accusative singular of ка́мера (kámera)
2052	артур	name	a male given name, equivalent to English Arthur
2053	новых	adj	genitive plural
2054	преступление	noun	crime, criminal act, offense
2055	кусок	noun	piece; bit
2056	пропал	verb	masculine singular past indicative perfective of пропа́сть (propástʹ)
2057	считать	verb	to calculate; to count
2058	посмотрю	verb	first-person singular future indicative perfective of посмотре́ть (posmotrétʹ)
2059	южный	adj	south, southern
2060	медленно	adv	slowly
2061	душу	verb	first-person singular present indicative imperfective of души́ть (dušítʹ)
2062	признать	verb	to recognize (to acknowledge the existence or legality of something)
2063	получит	verb	third-person singular future indicative perfective of получи́ть (polučítʹ)
2064	рады	adj	plural of рад (rad)
2065	значения	noun	genitive singular
2066	забрали	verb	plural past indicative of забра́ть pf (zabrátʹ)
2067	сохранить	verb	to save (to write a file to a disk)
2068	видит	verb	third-person singular present indicative imperfective of ви́деть (vídetʹ)
2069	информации	noun	genitive/dative/prepositional singular
2070	войну	noun	accusative singular of война́ (vojná)
2071	письма	noun	genitive singular of письмо́ (pisʹmó)
2072	бумаги	noun	genitive singular
2073	холодно	adv	coldly
2074	руками	noun	instrumental plural of рука́ (ruká)
2075	упал	verb	masculine singular past indicative perfective of упа́сть (upástʹ)
2076	моими	pron	instrumental plural of мой (moj)
2077	отношение	noun	attitude; treatment
2078	лиза	name	a diminutive of the female given name Елизаве́та
2079	операция	noun	operation
2080	судьба	noun	destiny, fate, doom, fortune, predestination
2081	любимый	verb	present passive imperfective participle of люби́ть (ljubítʹ)
2082	задать	verb	to set, to assign (an exercise or lesson)
2083	папочка	noun	endearing form of па́па (pápa): daddy
2084	внезапно	adv	suddenly, all of a sudden
2085	временем	noun	instrumental singular of вре́мя (vrémja)
2086	святой	adj	holy, sacred (dedicated to a religious purpose)
2087	представляю	verb	first-person singular present indicative imperfective of представля́ть (predstavljátʹ)
2088	церковь	noun	church (religious group)
2089	решения	noun	genitive singular
2090	чувствовал	verb	masculine singular past indicative imperfective of чу́вствовать (čúvstvovatʹ)
2091	чудесно	adv	miraculously, by a miracle
2092	специально	adv	specially, expressly
2093	маленькие	adj	nominative plural
2094	дурак	noun	fool, simpleton, idiot (stupid person with poor judgment)
2095	ад	noun	hell, Hades (the abode of the damned)
2096	мальчики	noun	nominative plural of ма́льчик (málʹčik)
2097	продавать	verb	to sell; to sell out, to betray
2098	верный	adj	true, faithful, loyal
2099	начинает	verb	third-person singular present indicative imperfective of начина́ть (načinátʹ)
2100	компьютер	noun	computer; desktop or laptop computer
2101	станешь	verb	second-person singular future indicative perfective of стать (statʹ)
2102	продолжайте	verb	second-person plural imperative imperfective of продолжа́ть (prodolžátʹ)
2103	урок	noun	lesson; task
2104	сломать	verb	to break, to fracture
2105	кровью	noun	instrumental singular of кровь (krovʹ)
2106	глазами	noun	instrumental plural of глаз (glaz)
2107	занимается	verb	third-person singular present indicative imperfective of занима́ться (zanimátʹsja)
2108	линии	noun	genitive/dative/prepositional singular
2109	люк	noun	hatch, hatchway
2110	брать	verb	to take
2111	давать	verb	to give; to let, to allow
2112	вновь	adv	again, once again
2113	трое	num	three (in a group together), three of them
2114	девушек	noun	genitive/accusative plural of де́вушка (dévuška)
2115	чё	pron	what, wot
2116	услышал	verb	masculine singular past indicative perfective of услы́шать (uslýšatʹ)
2117	работали	verb	plural past indicative imperfective of рабо́тать (rabótatʹ)
2118	позвонила	verb	feminine singular past indicative perfective of позвони́ть (pozvonítʹ)
2119	бороться	verb	to fight, to wrestle, to struggle, to strive
2120	остановись	verb	second-person singular imperative perfective of останови́ться (ostanovítʹsja)
2121	вариант	noun	version, revision, edition (of a work)
2122	послал	verb	masculine singular past indicative perfective of посла́ть (poslátʹ)
2123	просила	verb	feminine singular past indicative imperfective of проси́ть (prosítʹ)
2124	ход	noun	motion, movement, travel, progress, locomotion, headway
2125	положение	noun	position, location
2126	уходим	verb	first-person plural present indicative imperfective
2127	действовать	verb	to do an action or activity
2128	короткий	adj	short, brief; intimate
2129	каждой	pron	genitive/dative/instrumental/prepositional feminine singular of ка́ждый (káždyj)
2130	звонит	verb	third-person singular present indicative imperfective of звони́ть (zvonítʹ)
2131	роман	noun	novel (work of prose fiction)
2132	миру	noun	dative singular of мир (mir)
2133	беспокоит	verb	third-person singular present indicative imperfective of беспоко́ить (bespokóitʹ)
2134	военный	adj	war; military; martial
2135	номера	noun	genitive singular of но́мер (nómer)
2136	комнаты	noun	genitive singular
2137	победить	verb	to win, to be victorious over, to conquer, to vanquish, to defeat
2138	правительство	noun	government, administration, cabinet
2139	вашингтон	name	Washington, Washington, D.C. (the capital city of the United States)
2140	ищет	verb	third-person singular present indicative imperfective of иска́ть (iskátʹ)
2141	систему	noun	accusative singular of систе́ма (sistéma)
2142	попросила	verb	feminine singular past indicative perfective of попроси́ть (poprosítʹ)
2143	операцию	noun	accusative singular of опера́ция (operácija)
2144	неплохой	adj	good, not bad (useful for a particular purpose)
2145	ногу	noun	accusative singular of нога́ (nogá)
2146	поступил	verb	masculine singular past indicative perfective of поступи́ть (postupítʹ)
2147	прошлый	adj	last, past; former
2148	живёт	verb	third-person singular present indicative imperfective of жить (žitʹ)
2149	герой	noun	hero; character
2150	воздух	noun	air; air, atmosphere
2151	живут	verb	third-person plural present indicative imperfective of жить (žitʹ)
2152	голый	adj	naked, nude, bare
2153	читал	verb	masculine singular past indicative imperfective of чита́ть (čitátʹ).
2154	адвоката	noun	genitive/accusative singular of адвока́т (advokát)
2155	поступить	verb	to act, to behave, to do things (in a certain way)
2156	поможешь	verb	second-person singular future indicative perfective of помо́чь (pomóčʹ)
2157	симпатичный	adj	nice, attractive, pleasant, pretty, handsome, cute
2158	собрать	verb	to gather, to collect
2159	чудо	noun	miracle, marvel
2160	разных	adj	genitive/prepositional plural
2161	богатый	adj	rich, wealthy
2162	школа	noun	school; schoolhouse
2163	курс	noun	course, year (in college, university)
2164	отель	noun	hotel
2165	задание	noun	assignment, task
2166	приехать	verb	to arrive, to come (by vehicle or horse)
2167	морской	adj	sea; nautical
2168	умру	verb	first-person singular future indicative perfective of умере́ть (umerétʹ, “to die”)
2169	телефона	noun	genitive singular of телефо́н (telefón)
2170	ценю	verb	first-person singular present indicative imperfective of цени́ть (cenítʹ)
2171	мечты	noun	genitive singular
2172	родился	verb	masculine singular past indicative perfective of роди́ться
2173	работой	noun	instrumental singular of рабо́та (rabóta)
2174	вспомнить	verb	to remember, to recall, to recollect
2175	виде	noun	prepositional singular of вид (vid)
2176	похожи	adj	short plural of похо́жий (poxóžij)
2177	слышите	verb	second-person plural present indicative imperfective of слы́шать (slýšatʹ)
2178	уходит	verb	third-person singular present indicative imperfective
2179	понимает	verb	third-person singular present indicative imperfective of понима́ть
2180	угу	intj	mhm (yes)
2181	кровати	noun	genitive/dative/prepositional singular
2182	умоляю	verb	first-person singular present indicative imperfective of умоля́ть (umoljátʹ)
2183	срок	noun	period, span; date, term, time
2184	сладкий	adj	sweet (having a pleasant taste)
2185	телефонный	adj	telephone, call; telephonic
2186	мужем	noun	instrumental singular of муж (muž)
2187	извиниться	verb	to apologize (to make an apology or defense)
2188	пахнет	verb	third-person singular present indicative imperfective of па́хнуть (páxnutʹ)
2189	глубокий	adj	deep, profound
2190	дух	noun	spirit; mind
2191	лучших	noun	genitive/prepositional plural of лу́чшее (lúčšeje)
2192	отдел	noun	department, division, bureau, office, section
2193	будущем	noun	prepositional singular of бу́дущее (búduščeje)
2194	большим	noun	instrumental singular
2195	беспокоиться	verb	to worry (about), to be anxious (about), to be uneasy (about)
2196	отдохнуть	verb	to rest, to relax, to have a rest
2197	узнаем	verb	first-person plural future indicative perfective of узна́ть (uznátʹ)
2198	интервью	noun	interview
2199	скотт	noun	member of the Scoti tribe
2200	сыном	noun	instrumental singular of сын (syn)
2201	предлагаю	verb	first-person singular present indicative imperfective of предлага́ть (predlagátʹ)
2202	убит	adj	short masculine singular of уби́тый (ubítyj)
2203	выжить	verb	to survive (continue to live)
2204	болит	verb	third-person singular present indicative imperfective of боле́ть (bolétʹ)
2205	каждое	pron	nominative/accusative neuter singular of ка́ждый (káždyj)
2206	встретились	verb	plural past indicative perfective of встре́титься (vstrétitʹsja)
2207	итоге	noun	prepositional singular of ито́г (itóg)
2208	мяч	noun	ball (object, generally spherical, used for playing games)
2209	определённый	verb	past passive perfective participle of определи́ть (opredelítʹ)
2210	закрой	verb	second-person singular imperative perfective of закры́ть (zakrýtʹ)
2211	умею	verb	first-person singular present indicative imperfective of уме́ть (umétʹ)
2212	справлюсь	verb	first-person singular future indicative perfective of спра́виться (správitʹsja)
2213	покончить	verb	to finish off, to put an end to something, to do away with something, to be through with
2214	двойной	adj	double; binary
2215	убедить	verb	to convince; to persuade, to prevail
2216	остановиться	verb	to stop; to put up (at)
2217	возвращайся	verb	second-person singular imperative imperfective of возвраща́ться (vozvraščátʹsja)
2218	фил	noun	elephant
2219	цели	noun	genitive/dative/prepositional singular
2220	форме	noun	dative/prepositional singular of фо́рма (fórma)
2221	сидит	verb	third-person singular present indicative imperfective of сиде́ть (sidétʹ)
2222	королева	noun	queen (Russian abbreviation: Ф)
2223	отдал	verb	masculine singular past indicative perfective of отда́ть (otdátʹ)
2224	бывший	verb	past active imperfective participle of быть (bytʹ)
2225	едет	verb	third-person singular present indicative imperfective of е́хать (jéxatʹ)
2226	во-первых	adv	first, first of all, for one thing, firstly
2227	танцевать	verb	to dance (move rhythmically to music)
2228	пива	noun	genitive singular
2229	причин	noun	genitive plural of причи́на (pričína)
2230	обязан	adj	short masculine singular of обя́занный (objázannyj)
2231	уволить	verb	to discharge, to dismiss, to fire, to sack
2232	проклятье	noun	alternative form of прокля́тие (prokljátije)
2233	колледж	noun	college
2234	мозга	noun	genitive singular of мозг (mozg)
2235	оставайся	verb	second-person singular imperative imperfective of остава́ться (ostavátʹsja)
2236	системы	noun	genitive singular
2237	карты	noun	cards, card game
2238	божий	adj	God's, divine
2239	просить	verb	to ask for, to request
2240	садитесь	verb	second-person plural present indicative imperfective
2241	хорошей	adj	genitive/dative/instrumental/prepositional feminine singular of хоро́ший (xoróšij)
2242	душ	noun	shower (device for bathing)
2243	королевский	adj	royal (relating to a monarch or their family)
2244	смогут	verb	third-person plural future indicative perfective of смочь (smočʹ)
2245	камень	noun	stone, rock; calculus, stone
2246	волнуйтесь	verb	second-person plural imperative imperfective of волнова́ться (volnovátʹsja)
2247	страну	noun	accusative singular of страна́ (straná)
2248	звонить	verb	to call (to contact by telephone)
2249	проводить	verb	to spend (time), to pass
2250	ура	intj	hoorah, hooray (elated expression of approval, especially as a battle cry)
2251	мёртв	adj	short masculine singular of мёртвый (mjórtvyj)
2252	смотрит	verb	third-person singular present indicative imperfective of смотре́ть (smotrétʹ)
2253	детям	noun	dative plural of ребёнок (rebjónok)
2254	мужчиной	noun	instrumental singular of мужчи́на (mužčína)
2255	труп	noun	corpse, dead body
2256	нил	name	Nile
2257	вино	noun	wine; any strong alcoholic beverage (especially vodka)
2258	армии	noun	genitive/dative/prepositional singular
2259	убивал	verb	masculine singular past indicative imperfective of убива́ть (ubivátʹ)
2260	вкусно	adv	that tastes good, yummy
2261	забавный	adj	amusing, funny
2262	заставляет	verb	third-person singular present indicative imperfective of заставля́ть (zastavljátʹ)
2263	любое	det	nominative/accusative neuter singular of любо́й (ljubój)
2264	которыми	pron	instrumental plural of кото́рый (kotóryj)
2265	малышка	noun	little child
2266	правило	noun	rule; rule, regulations, law, canon
2267	кровать	noun	bed
2268	кабинет	noun	office (building or room), private office, home office
2269	баре	noun	nominative plural of ба́рин (bárin)
2270	действия	noun	genitive singular
2271	ситуацию	noun	accusative singular of ситуа́ция (situácija)
2272	жениться	verb	to get married, to take as a wife
2273	ходил	verb	masculine singular past indicative imperfective of ходи́ть (xodítʹ)
2274	исчез	verb	short masculine singular past indicative perfective of исче́знуть (isčéznutʹ)
2275	погиб	verb	short masculine singular past indicative perfective of поги́бнуть (pogíbnutʹ)
2276	зрения	noun	genitive singular
2277	счастье	noun	happiness, good luck
2278	желаю	verb	first-person singular present indicative imperfective of жела́ть (želátʹ)
2279	давление	noun	pressure (physics: amount of force divided by area)
2280	душе	noun	dative/prepositional singular of душа́ (dušá)
2281	петь	verb	to sing; to crow
2282	взгляни	verb	second-person singular imperative perfective of взгляну́ть (vzgljanútʹ)
2283	основном	noun	prepositional singular of основно́е (osnovnóje)
2284	душа	noun	soul; spirit
2285	свадьбу	noun	accusative singular of сва́дьба (svádʹba)
2286	тюрьмы	noun	genitive singular of тюрьма́ (tjurʹmá)
2287	мэтт	name	a transliteration of the English male given name Matt
2288	фунтов	noun	genitive plural of фунт (funt)
2289	встать	verb	to stand up, to get up, to rise
2290	дженни	name	a transliteration of the English female given name Jenny
2291	миллион	num	million (1,000,000)
2292	святого	noun	genitive/accusative singular of свято́й (svjatój, “saint”)
2293	глубоко	adv	deep, deeply; profoundly
2294	поднять	verb	to raise, to elevate, to increase
2295	сзади	adv	behind
2296	подобного	det	masculine/neuter genitive singular
2297	предложил	verb	masculine singular past indicative perfective of предложи́ть (predložítʹ)
2298	значение	noun	significance, meaning, sense
2299	отеле	noun	prepositional singular of оте́ль (otɛ́lʹ)
2300	позади	adv	behind
2301	идеально	adv	ideally (in various senses)
2302	занимаюсь	verb	first-person singular present indicative imperfective of занима́ться (zanimátʹsja)
2303	занимался	verb	masculine singular past indicative imperfective of занима́ться (zanimátʹsja)
2304	нескольких	pron	genitive/prepositional
2305	подобное	det	neuter nominative/accusative singular of подо́бный (podóbnyj)
2306	мозги	noun	brains (food); brain, head, intelligence
2307	рассказывал	verb	masculine singular past indicative imperfective of расска́зывать (rasskázyvatʹ)
2308	считаете	verb	second-person plural present indicative imperfective of счита́ть (sčitátʹ, “to count”)
2309	выходи	verb	second-person singular imperative imperfective of выходи́ть (vyxodítʹ)
2310	свадьбы	noun	genitive singular
2311	мамочка	noun	mummy/mommy; brothel supervisor
2312	страх	noun	fear; risk, peril
2313	жалкий	adj	pitiable; miserable, pitiful, wretched
2314	появится	verb	third-person singular future indicative perfective of появи́ться (pojavítʹsja)
2315	банк	noun	bank (financial institution)
2316	носить	verb	to carry, to bear (a burden)
2317	отпечатки	noun	nominative/accusative plural of отпеча́ток (otpečátok)
2318	ничем	pron	instrumental singular of ничто́ (ništó)
2319	возрасте	noun	prepositional singular of во́зраст (vózrast)
2320	горжусь	verb	first-person singular present indicative imperfective of горди́ться (gordítʹsja)
2321	выиграл	verb	masculine singular past indicative perfective of вы́играть (výigratʹ)
2322	принесла	verb	feminine singular past indicative perfective of принести́ (prinestí)
2323	встрече	noun	dative/prepositional singular of встре́ча (vstréča)
2324	приходить	verb	to come (to), to arrive (at) (place, conclusion, state of abandonment, anger, insanity)
2325	следить	verb	to watch, to follow, to spy
2326	ног	noun	genitive plural of нога́ (nogá)
2327	лекарство	noun	medicine, drug (substance which promotes healing)
2328	лучшим	noun	instrumental singular
2329	необычный	adj	unusual, uncommon
2330	тип	noun	type, model; character
2331	придумать	verb	to make up, to think out, to devise, to contrive, to invent
2332	умирает	verb	third-person singular present indicative imperfective of умира́ть (umirátʹ)
2333	воспоминания	noun	genitive singular
2334	имеют	verb	third-person plural present indicative imperfective of име́ть (imétʹ)
2335	защиты	noun	genitive singular
2336	билет	noun	ticket (admission to entertainment or transportation)
2337	выпьем	verb	first-person plural future indicative perfective of вы́пить (výpitʹ)
2338	работаем	verb	first-person plural present indicative imperfective of рабо́тать (rabótatʹ)
2339	виктор	name	a male given name, Viktor, equivalent to English Victor
2340	жестокий	adj	cruel; brutal, savage
2341	купила	verb	feminine singular past indicative perfective of купи́ть (kupítʹ)
2342	выиграть	verb	to win; to benefit, to gain
2343	трогай	verb	second-person singular imperative imperfective of тро́гать (trógatʹ)
2344	магазине	noun	prepositional singular of магази́н (magazín)
2345	красный	adj	red; beautiful
2346	название	noun	name, appellation, title
2347	вытащить	verb	to take out; to pull out, to drag out
2348	сестру	noun	accusative singular of сестра́ (sestrá)
2349	отвечать	verb	to answer, to reply
2350	отпустите	verb	second-person plural future indicative perfective of отпусти́ть (otpustítʹ)
2351	контролировать	verb	to control, to check
2352	отчёт	noun	account, report
2353	чёрта	noun	genitive/accusative singular of чёрт (čort)
2354	власть	noun	authority, authorities, power
2355	вторая	adj	feminine singular nominative of второ́й (vtorój)
2356	федеральный	adj	federal
2357	волноваться	verb	to worry, to be upset, to be agitated
2358	бросила	verb	feminine singular past indicative perfective of бро́сить (brósitʹ)
2359	юный	adj	young, youthful (in the early part of life or growth)
2360	спрашиваю	verb	first-person singular present indicative imperfective of спра́шивать (sprášivatʹ)
2361	секса	noun	genitive singular of секс (sɛ́ks)
2362	безумный	adj	crazy, mad, insane
2363	джентльмены	noun	nominative plural of джентльме́н (džentlʹmɛ́n, džentlʹmén)
2364	суть	noun	essence, core, gist, main point
2365	уши	noun	headphones
2366	оставили	verb	plural past indicative perfective of оста́вить (ostávitʹ)
2367	начинаю	verb	first-person singular present indicative imperfective of начина́ть (načinátʹ)
2368	сотни	noun	genitive singular
2369	связаться	verb	to communicate, to get in contact
2370	окна	noun	genitive singular of окно́ (oknó)
2371	доброй	adj	genitive/dative/instrumental/prepositional feminine of до́брый (dóbryj)
2372	майор	noun	major
2373	держаться	verb	to hold on; to hold (by, to), to stick (to)
2374	цру	name	initialism of Центра́льное разве́дывательное управле́ние (Centrálʹnoje razvédyvatelʹnoje upravlénije): CIA, Central Intelligence Agency
2375	штаны	noun	trousers, pants
2376	занята	adj	short feminine singular of за́нятый (zánjatyj)
2377	отвали	verb	second-person singular imperative perfective of отвали́ть (otvalítʹ)
2378	цвет	noun	color
2379	получу	verb	first-person singular future indicative perfective of получи́ть (polučítʹ)
2380	сидел	verb	masculine singular past indicative imperfective of сиде́ть (sidétʹ)
2381	истинный	adj	veritable, true
2382	случается	verb	third-person singular present indicative imperfective of случа́ться (slučátʹsja)
2383	хозяин	noun	owner, proprietor
2384	учиться	verb	to learn (to receive knowledge or skills or to gain useful experience)
2385	некоторых	pron	genitive/prepositional plural
2386	прошли	verb	plural past indicative perfective of пройти́ (projtí)
2387	погодите	verb	second-person plural future indicative perfective of погоди́ть
2388	некоторое	pron	nominative/accusative neuter singular of не́который (nékotoryj)
2389	братом	noun	instrumental singular of брат (brat)
2390	расти	verb	to grow, to increase
2391	считают	verb	third-person plural present indicative imperfective of счита́ть (sčitátʹ, “to count”)
2392	новым	adj	instrumental singular
2393	показалось	verb	neuter singular past indicative perfective of показа́ться (pokazátʹsja)
2394	целую	adj	feminine accusative singular of це́лый (célyj)
2395	особый	adj	special (distinct)
2396	поблагодарить	verb	to thank
2397	количество	noun	quantity, number, amount
2398	лекарства	noun	genitive singular
2399	расскажите	verb	second-person plural imperative perfective of рассказа́ть (rasskazátʹ)
2400	ожидал	verb	masculine singular past indicative imperfective of ожида́ть (ožidátʹ)
2401	элис	name	a female given name, Elis, from English, equivalent to English Alice
2402	проклятый	verb	past passive perfective participle of прокля́сть (prokljástʹ)
2403	слухи	noun	gossip (idle talk), rumors
2404	участок	noun	part, section, portion
2405	улицу	noun	accusative singular of у́лица (úlica)
2406	классно	adv	cool, awesome, fantastic
2407	животных	noun	genitive/accusative/prepositional plural of живо́тное (živótnoje)
2408	изменилось	verb	neuter singular past indicative perfective of измени́ться (izmenítʹsja)
2409	передай	verb	second-person singular imperative perfective of переда́ть (peredátʹ)
2410	ди	noun	D, d
2411	надеялся	verb	masculine singular past indicative imperfective of наде́яться (nadéjatʹsja)
2412	гости	noun	nominative plural of гость (gostʹ)
2413	как-нибудь	adv	somehow, somehow or other, anyhow
2414	контроль	noun	control; checkup, checking, inspection, monitoring, supervision, verification
2415	быстрый	adj	fast, quick, speedy, rapid
2416	грудь	noun	chest; breast, bosom
2417	братья	noun	nominative plural of брат (brat)
2418	прежний	adj	former, previous
2419	миль	noun	genitive plural of ми́ля (mílja)
2420	улики	noun	genitive singular
2421	замок	noun	castle
2422	данных	noun	genitive/prepositional of да́нные (dánnyje)
2423	дому	noun	dative/partitive singular of дом (dom)
2424	районе	noun	prepositional singular of райо́н (rajón)
2425	сядь	verb	second-person singular imperative of сесть pf (sestʹ)
2426	наоборот	adv	inside out, back to front
2427	богом	noun	instrumental singular of бог (box)
2428	закончилось	verb	neuter singular past indicative perfective of зако́нчиться (zakónčitʹsja)
2429	отвечает	verb	third-person singular present indicative imperfective of отвеча́ть (otvečátʹ)
2430	побыть	verb	to stay (somewhere)
2431	поесть	verb	to eat, to have a bite (of something to eat), to try (eat)
2432	умеешь	verb	second-person singular present indicative imperfective of уме́ть (umétʹ)
2433	лесу	noun	dative singular of лес (les)
2434	самому	pron	dative masculine/neuter singular of са́мый (sámyj)
2435	судебный	adj	judicial, judiciary (relating to a court of law)
2436	алан	noun	Alan (member of a Sarmatian tribe)
2437	отправил	verb	masculine singular past indicative perfective of отпра́вить (otprávitʹ)
2438	деньгами	noun	instrumental plural of де́ньга (dénʹga)
2439	принеси	verb	second-person singular imperative perfective of принести́ (prinestí)
2440	удивительный	adj	wonderful, marvelous
2441	таблетки	noun	genitive singular
2442	ресторан	noun	restaurant
2443	нашему	pron	dative masculine/neuter singular of наш (naš)
2444	поверьте	verb	second-person plural imperative perfective of пове́рить (povéritʹ)
2445	включая	verb	present adverbial imperfective participle of включа́ть (vključátʹ)
2446	живо	adv	vividly, strikingly, keenly
2447	мужчину	noun	accusative singular of мужчи́на (mužčína)
2448	росс	noun	Russian (person)
2449	придумал	verb	masculine singular past indicative perfective of приду́мать (pridúmatʹ)
2450	шериф	noun	sheriff; shrievalty
2451	хрена	noun	genitive singular
2452	собирались	verb	plural past indicative imperfective of собира́ться (sobirátʹsja)
2453	половину	noun	accusative singular of полови́на (polovína)
2454	забыли	verb	plural past indicative perfective of забы́ть (zabýtʹ)
2455	сделайте	verb	second-person plural imperative perfective of сде́лать (sdélatʹ)
2456	перейти	verb	to cross, to get over, to get across
2457	удовольствие	noun	pleasure
2458	дин	noun	genitive plural of ди́на (dína)
2459	стараюсь	verb	first-person singular present indicative imperfective of стара́ться (starátʹsja)
2460	проходит	verb	third-person singular present indicative imperfective of проходи́ть (proxodítʹ)
2461	спала	verb	feminine singular past indicative imperfective of спать (spatʹ)
2462	автобус	noun	bus, motorbus
2463	узнаешь	verb	second-person singular future indicative perfective of узна́ть (uznátʹ)
2464	спроси	verb	second-person singular imperative perfective of спроси́ть (sprosítʹ)
2465	невинный	adj	innocent, guiltless
2466	четвёртый	adj	fourth
2467	лучшего	noun	genitive singular of лу́чшее (lúčšeje)
2468	вечеринке	noun	dative/prepositional singular of вечери́нка (večerínka)
2469	пользу	noun	accusative singular of по́льза (pólʹza)
2470	включить	verb	to switch on, to power up, to enable (to put a mechanism, device or system into operation)
2471	появилась	verb	feminine singular past indicative perfective of появи́ться (pojavítʹsja)
2472	грёбаный	adj	fricking, frigging, darn, dang
2473	перевести	verb	to lead, to convey, to transfer, to move, to shift, to transmit, to switch
2474	списке	noun	prepositional singular of спи́сок (spísok)
2475	джонс	name	a transliteration of the English surname Jones
2476	установить	verb	to install, to place, to mount
2477	лежит	verb	third-person singular present indicative imperfective of лежа́ть (ležátʹ)
2478	счастливы	adj	short plural of счастли́вый (sčastlívyj)
2479	потрясать	verb	to shake, to brandish
2480	понимать	verb	to understand, to comprehend, to see
2481	любого	det	genitive masculine/neuter singular
2482	зубы	noun	nominative/accusative plural of зуб (zub)
2483	кухне	noun	dative/prepositional singular of ку́хня (kúxnja)
2484	попытаться	verb	to attempt, to try
2485	расскажешь	verb	second-person singular future indicative perfective of рассказа́ть (rasskazátʹ)
2486	буквально	adv	literally or word for word
2487	клиентов	noun	genitive/accusative plural of клие́нт (klijént)
2488	ван	noun	king (in Ancient China); prince (in the Chinese Empire)
2489	копы	noun	genitive singular of копа́ (kopá)
2490	вчерашний	adj	yesterday's
2491	пяти	num	genitive/dative/prepositional of пять (pjatʹ)
2492	приём	noun	reception; acceptance, admission
2493	скучно	adv	tediously, boringly (in a tedious manner)
2494	приходил	verb	masculine singular past indicative imperfective of приходи́ть (prixodítʹ)
2495	взрослый	adj	grown, grown-up, adult
2496	песни	noun	nominative/accusative plural
2497	девчонка	noun	girl; gal, girl, inexperienced woman
2498	добиться	verb	to (try to) achieve, to attain, to get, to reach
2499	рукой	noun	instrumental singular of рука́ (ruká)
2500	попала	verb	feminine singular past indicative perfective of попа́сть (popástʹ)
2501	проект	noun	project (planned endeavor)
2502	разрушить	verb	to destroy, to demolish, to wreck
2503	бой	noun	beating, breakage
2504	естественно	adv	naturally
2505	уильям	name	a male given name from English, equivalent to English William
2506	увидите	verb	second-person plural future indicative perfective of уви́деть (uvídetʹ)
2507	процесс	noun	process; trial, legal proceedings, lawsuit
2508	делайте	verb	second-person plural imperative imperfective of де́лать (délatʹ)
2509	вызов	noun	call; shot (critical or insulting comment)
2510	ниже	adv	below, beneath, under
2511	прямой	adj	straight; perpendicular, right, orthogonal, normal, rectangular
2512	перерыв	noun	interruption, stop, break, intermission
2513	дерьма	noun	genitive singular of дерьмо́ (derʹmó)
2514	принцесса	noun	female equivalent of принц (princ): princess
2515	общественный	adj	social; public
2516	само	pron	nominative/accusative neuter singular of сам (sam)
2517	ненадолго	adv	for a short while, not for long
2518	тайный	adj	secret; stealthy; surreptitious
2519	радостью	noun	instrumental singular of ра́дость (rádostʹ)
2520	ответил	verb	masculine singular past indicative perfective of отве́тить (otvétitʹ)
2521	лос-анджелес	name	Los Angeles (a major city and seaport in southern California, United States)
2522	короче	adv	comparative degree of коро́ткий (korótkij)
2523	здоровый	adj	healthy, sound; strong, robust
2524	сесть	verb	to sit down; to be imprisoned
2525	весёлый	adj	merry, cheerful, happy, convivial, gleeful, lighthearted
2526	вечеринки	noun	genitive singular
2527	попробуем	verb	first-person plural future indicative perfective of попро́бовать (popróbovatʹ)
2528	вернётся	verb	third-person singular future indicative perfective of верну́ться (vernútʹsja)
2529	разберусь	verb	first-person singular future indicative perfective of разобра́ться (razobrátʹsja)
2530	поймали	verb	plural past indicative perfective of пойма́ть (pojmátʹ)
2531	кошмар	noun	nightmare; disaster, horror (something extremely unpleasant)
2532	дорога	noun	road; trip, journey
2533	жертв	noun	genitive plural
2534	очки	noun	glasses, spectacles
2535	чикаго	name	Chicago (a major city in Illinois, United States)
2536	найдём	verb	first-person plural future indicative perfective of найти́ (najtí)
2537	игре	noun	dative/prepositional singular of игра́ (igrá)
2538	официально	adv	officially
2539	попробую	verb	first-person singular future indicative perfective of попро́бовать (popróbovatʹ)
2540	какой-нибудь	pron	some, any; some (no more than); (only) about
2541	энн	name	a female given name, Enn, from English, equivalent to English Ann
2542	женат	adj	short masculine singular of жена́тый (ženátyj)
2543	находиться	verb	to be found, to turn up
2544	совпадение	noun	coincidence
2545	начальник	noun	chief, boss, superior, master, principal, commander
2546	убивает	verb	third-person singular present indicative imperfective of убива́ть (ubivátʹ)
2547	терпеть	verb	to endure, to suffer, to tolerate, to stand
2548	счастью	noun	dative singular of сча́стье (sčástʹje)
2549	гей	intj	hey!; hi!
2550	ну-ка	intj	now!, come!, come on!
2551	множество	noun	multitude, mass
2552	убьют	verb	third-person plural future indicative perfective of уби́ть (ubítʹ)
2553	болезнь	noun	disease, sickness, illness
2554	свидетель	noun	eyewitness, witness (one who has a personal knowledge of something)
2555	запереть	verb	to lock; to block up, to bar, to blockade
2556	тему	noun	accusative singular of те́ма (téma)
2557	вдвоём	adv	two (together), both (together)
2558	службы	noun	inflection of слу́жба (slúžba)
2559	положи	verb	second-person singular imperative perfective of положи́ть (položítʹ)
2560	невиновный	adj	innocent, not guilty (of)
2561	бояться	verb	to fear, to be afraid
2562	предыдущий	adj	previous; antecedent, early (earlier in time or order)
2563	точки	noun	genitive singular
2564	голоса	noun	genitive singular of го́лос (gólos)
2565	памяти	noun	genitive/dative/prepositional singular
2566	управлять	verb	to govern, to rule
2567	хороша	adj	short feminine singular of хоро́ший (xoróšij)
2568	думаем	verb	first-person plural present indicative imperfective of ду́мать (dúmatʹ)
2569	пригласил	verb	masculine singular past indicative perfective of пригласи́ть (priglasítʹ)
2570	классе	noun	prepositional singular of класс (klass)
2571	проверь	verb	second-person singular imperative perfective of прове́рить (provéritʹ)
2572	парню	noun	dative singular of па́рень (párenʹ)
2573	убийцы	noun	genitive singular
2574	вину	noun	dative singular of вино́ (vinó)
2575	ю	noun	abbreviation of юг (jug): south
2576	обратный	adj	back, return, reverse
2577	больницы	noun	genitive singular
2578	смертью	noun	instrumental singular of смерть (smertʹ)
2579	всякий	det	any, every; all sorts of
2580	принц	noun	prince, crown prince
2581	бойся	verb	second-person singular imperative imperfective of боя́ться (bojátʹsja)
2582	надеяться	verb	to hope; to rely
2583	городской	adj	town, city; urban, municipal
2584	обнаружили	verb	plural past indicative perfective of обнару́жить (obnarúžitʹ)
2585	завести	verb	to take, to bring, to lead
2586	перестать	verb	to stop, to cease, to quit
2587	отойди	verb	second-person singular imperative perfective of отойти́ (otojtí)
2588	покинуть	verb	to leave, to quit, to forsake
2589	чувствует	verb	third-person singular present indicative imperfective of чу́вствовать (čúvstvovatʹ)
2590	нелегко	adv	not easily, with difficulty
2591	ими	pron	instrumental of они́ (oní)
2592	оказаться	verb	to turn out, to be found, to prove (to be)
2593	жила	noun	sinew, tendon; vein
2594	избежать	verb	to avoid, to refrain from
2595	представляет	verb	third-person singular present indicative imperfective of представля́ть (predstavljátʹ)
2596	столе	noun	prepositional singular of стол (stol)
2597	ошибки	noun	genitive singular
2598	половина	noun	half
2599	робин	name	a male given name from English, equivalent to English Robin
2600	смей	verb	second-person singular imperative imperfective of сметь (smetʹ)
2601	заботиться	verb	to care, to take care, to look after
2602	лаборатории	noun	genitive/dative/prepositional singular
2603	пропасть	noun	precipice, abyss, chasm
2604	любим	adj	short masculine singular of люби́мый (ljubímyj)
2605	успокойтесь	verb	second-person plural imperative perfective of успоко́иться (uspokóitʹsja)
2606	имеем	verb	first-person plural present indicative imperfective of име́ть (imétʹ)
2607	последней	adj	genitive/dative/instrumental/prepositional feminine singular of после́дний (poslédnij)
2608	вызывает	verb	third-person singular present indicative imperfective of вызыва́ть (vyzyvátʹ)
2609	важнее	adv	comparative degree of ва́жный (vážnyj)
2610	первые	noun	nominative/accusative plural of пе́рвое (pérvoje)
2611	убийцу	noun	accusative singular of уби́йца (ubíjca)
2612	женщине	noun	dative/prepositional singular of же́нщина (žénščina)
2613	жили	verb	plural past indicative imperfective of жить (žitʹ)
2614	позволил	verb	masculine singular past indicative perfective of позво́лить (pozvólitʹ)
2615	груди	noun	nominative/accusative plural of грудь (grudʹ)
2616	праздник	noun	holiday; festival, a feast
2617	рим	name	Rome; Rome (a metropolitan city of Lazio, Italy)
2618	умеет	verb	third-person singular present indicative imperfective of уме́ть (umétʹ)
2619	присоединиться	verb	to join; to accede
2620	волшебный	adj	magic, magical, miraculous
2621	опыт	noun	experience; experiment
2622	бред	noun	delirium, ravings
2623	болен	adj	short masculine singular of больно́й (bolʹnój)
2624	источник	noun	spring (water source)
2625	собираются	verb	third-person plural present indicative imperfective of собира́ться (sobirátʹsja)
2626	любимая	verb	nominative feminine singular of люби́мый (ljubímyj)
2627	куда-нибудь	adv	anywhither, anywhere to, somewhere to
2628	занимаешься	verb	second-person singular present indicative imperfective of занима́ться (zanimátʹsja)
2629	каким-то	pron	instrumental masculine/neuter singular
2630	картер	noun	crankcase
2631	побольше	adv	alternative form of бо́льше (bólʹše)
2632	запретить	verb	to forbid, to prohibit
2633	закрыть	verb	to cover, to hide
2634	ангел	noun	angel; an innocent
2635	тренер	noun	coach, trainer
2636	золотой	adj	gold; golden; gold, golden (color)
2637	откройте	verb	second-person plural imperative perfective of откры́ть (otkrýtʹ)
2638	какие-нибудь	pron	nominative plural
2639	ветер	noun	wind; the wind(s), flatus
2640	остров	noun	island; isle
2641	первом	noun	prepositional singular of пе́рвое (pérvoje)
2642	семьёй	noun	instrumental singular of семья́ (semʹjá)
2643	интересует	verb	third-person singular present indicative imperfective of интересова́ть (interesovátʹ)
2644	беру	verb	first-person singular present indicative of брать (bratʹ, “to take”, imperfective)
2645	уехала	verb	feminine singular past indicative perfective of уе́хать (ujéxatʹ)
2646	виновата	adj	short feminine singular of винова́тый (vinovátyj)
2647	ищешь	verb	second-person singular present indicative imperfective of иска́ть (iskátʹ)
2648	контракт	noun	contract, agreement
2649	получите	verb	second-person plural future indicative perfective of получи́ть (polučítʹ)
2650	телевизор	noun	television set
2651	любите	verb	second-person plural present indicative imperfective of люби́ть (ljubítʹ)
2652	попали	verb	plural past indicative perfective of попа́сть (popástʹ)
2653	местах	noun	prepositional plural of ме́сто (mésto)
2654	ненавидит	verb	third-person singular present indicative imperfective of ненави́деть (nenavídetʹ)
2655	целью	noun	instrumental singular of цель (celʹ)
2656	дольше	adv	comparative degree of до́лгий (dólgij)
2657	полчаса	noun	half an hour, half-hour
2658	согласны	adj	short plural of согла́сный (soglásnyj)
2659	великолепный	adj	magnificent, splendid, excellent, grand, elegant
2660	войне	noun	dative/prepositional singular of война́ (vojná)
2661	осторожнее	adv	comparative degree of осторо́жный (ostoróžnyj)
2662	замужем	adv	married (to a husband only)
2663	звонки	adj	short plural of зво́нкий (zvónkij)
2664	причине	noun	dative/prepositional singular of причи́на (pričína)
2665	папой	noun	instrumental singular of па́па (pápa)
2666	пойдёт	verb	third-person singular future indicative perfective of пойти́ (pojtí)
2667	официальный	adj	official; formal
2668	роли	noun	genitive/dative/prepositional singular
2669	спишь	verb	second-person singular present indicative imperfective of спать (spatʹ)
2670	окончить	verb	to finish, to end, to complete
2671	собаку	noun	accusative singular of соба́ка (sobáka)
2672	бля	intj	whore, slut, prostitute
2673	представь	verb	second-person singular imperative perfective of предста́вить (predstávitʹ)
2674	глава	noun	head, top, summit
2675	постель	noun	bed (a piece of furniture to sleep on)
2676	правде	noun	dative/prepositional singular of пра́вда (právda)
2677	шум	noun	noise, radio static
2678	придут	verb	third-person plural future indicative perfective of прийти́ (prijtí)
2679	очередной	adj	next (in an order or sequence)
2680	ударил	verb	masculine singular past indicative perfective of уда́рить (udáritʹ)
2681	схожу	verb	first-person singular present indicative imperfective
2682	провели	verb	plural past indicative of провести́ pf (provestí)
2683	начинать	verb	to begin, to start
2684	внимательно	adv	attentively, carefully
2685	пятницу	noun	accusative singular of пя́тница (pjátnica)
2686	проходите	verb	second-person plural present indicative imperfective of проходи́ть (proxodítʹ)
2687	кафе	noun	café
2688	отказаться	verb	to abandon; to abdicate
2689	поговори	verb	second-person singular imperative perfective of поговори́ть (pogovorítʹ)
2690	предупредить	verb	to warn, to let know beforehand
2691	свободу	noun	accusative singular of свобо́да (svobóda)
2692	т	noun	ton
2693	переживай	verb	second-person singular imperative of пережива́ть impf (pereživátʹ)
2694	начнём	verb	first-person plural future indicative perfective of нача́ть (načátʹ)
2695	зелёный	adj	green; inexperienced, raw
2696	руке	noun	dative/prepositional singular of рука́ (ruká)
2697	улицы	noun	genitive singular
2698	виски	noun	whiskey/whisky
2699	карту	noun	accusative singular of ка́рта (kárta)
2700	знаком	adj	short masculine singular of знако́мый (znakómyj)
2701	словами	noun	instrumental plural of сло́во (slóvo)
2702	оказывается	verb	third-person singular present indicative imperfective of ока́зываться (okázyvatʹsja)
2703	звоню	verb	first-person singular present indicative imperfective of звони́ть (zvonítʹ)
2704	частный	adj	private; particular
2705	энергии	noun	genitive/dative/prepositional singular
2706	познакомились	verb	plural past indicative perfective of познако́миться (poznakómitʹsja)
2707	марта	noun	genitive singular of март (mart)
2708	бежим	verb	first-person plural present indicative imperfective
2709	сквозь	prep	through
2710	шлюха	noun	slut, whore, trollop, strumpet, streetwalker
2711	ордер	noun	warrant; order
2712	капитана	noun	genitive/accusative singular of капита́н (kapitán)
2713	согласился	verb	masculine singular past indicative perfective of согласи́ться (soglasítʹsja)
2714	мертвы	adj	short plural of мёртвый (mjórtvyj)
2715	класса	noun	genitive singular of класс (klass)
2716	написала	verb	feminine singular past indicative perfective of написа́ть (napisátʹ)
2717	страна	noun	country; region
2718	длинный	adj	long; lengthy
2719	умирать	verb	to die of natural causes
2720	зад	noun	back, rear; bottom, buttocks, nates, posterior, seat
2721	счета	noun	nominative/accusative plural of счёт (sčot)
2722	ерунда	noun	nonsense, rubbish
2723	дерево	noun	tree; wood (only singular)
2724	одолжение	noun	favor, service
2725	драться	verb	to fight, to scuffle
2726	домом	noun	instrumental singular of дом (dom)
2727	колени	noun	nominative/accusative plural of коле́но (koléno, “knee, lap”)
2728	ждала	verb	feminine singular past indicative imperfective of ждать (ždatʹ)
2729	бесплатный	adj	free, gratuitous, rent-free
2730	грузовик	noun	lorry, truck (motor vehicle)
2731	заплатил	verb	masculine singular past indicative perfective of заплати́ть (zaplatítʹ)
2732	путешествие	noun	travels, journey
2733	режиссёр	noun	director
2734	узнают	verb	third-person plural future indicative perfective of узна́ть (uznátʹ)
2735	чек	noun	cheque, check; receipt, bill
2736	билеты	noun	nominative/accusative plural of биле́т (bilét)
2737	достал	verb	masculine singular past indicative perfective of доста́ть (dostátʹ)
2738	спину	noun	accusative singular of спина́ (spiná)
2739	единый	adj	united, unified, common, indivisible
2740	останешься	verb	second-person singular future indicative perfective of оста́ться (ostátʹsja)
2741	надолго	adv	for long, for a long time
2742	рак	noun	crawfish, crayfish
2743	помощник	noun	associate, assistant, deputy
2744	парк	noun	park (for recreation)
2745	стены	noun	genitive singular of стена́ (stená)
2746	да-да	adv	(oh) yes
2747	сработало	verb	neuter singular past indicative perfective of срабо́тать (srabótatʹ)
2748	ощущение	noun	sensation; feeling, perception, sense
2749	показал	verb	masculine singular past indicative perfective of показа́ть (pokazátʹ)
2750	полу	noun	dative/partitive singular of пол (pol)
2751	современный	adj	contemporary; modern
2752	девочек	noun	genitive/accusative plural of де́вочка (dévočka)
2753	мишель	name	a transliteration of the English female given name Michelle
2754	карен	name	a male given name, equivalent to English Karen
2755	любую	det	accusative feminine singular of любо́й (ljubój)
2756	зная	verb	present adverbial imperfective participle of знать (znatʹ)
2757	сообщения	noun	genitive singular
2758	именем	noun	instrumental singular of и́мя (ímja)
2759	невероятный	adj	improbable; unbelievable
2760	квартира	noun	apartment, flat
2761	анализ	noun	analysis
2762	дополнительный	adj	additional, supplementary
2763	другому	adj	masculine/neuter dative singular of друго́й (drugój)
2764	совершил	verb	masculine singular past indicative perfective of соверши́ть (soveršítʹ)
2765	лошадь	noun	horse
2766	ответы	noun	nominative/accusative plural of отве́т (otvét)
2767	надеть	verb	to put on, to get on
2768	готовить	verb	to prepare, to make ready
2769	г-н	noun	abbreviation of господи́н (gospodín): Mr., Mister, sir
2770	субботу	noun	accusative singular of суббо́та (subbóta)
2771	дышать	verb	to breathe, to respire
2772	зла	adj	short feminine singular of злой (zloj)
2773	выгляжу	verb	first-person singular present indicative imperfective
2774	разрешение	noun	permission, authorization, approval
2775	девчонки	noun	genitive singular
2776	послать	verb	to send, to dispatch
2777	хрень	noun	thing, object, thingy
2778	секундочку	intj	wait a moment; stop!
2779	перезвоню	verb	first-person singular future indicative perfective of перезвони́ть (perezvonítʹ)
2780	миллиона	num	genitive singular of миллио́н (millión)
2781	одиночку	noun	accusative singular of одино́чка (odinóčka)
2782	займусь	verb	first-person singular future indicative perfective of заня́ться (zanjátʹsja)
2783	увидит	verb	third-person singular future indicative perfective of уви́деть (uvídetʹ)
2784	профессиональный	adj	professional
2785	боится	verb	third-person singular present indicative imperfective of боя́ться (bojátʹsja)
2786	одновременно	adv	simultaneously
2787	использовали	verb	plural past indicative imperfective/perfective of испо́льзовать (ispólʹzovatʹ)
2788	спрашивал	verb	masculine singular past indicative imperfective of спра́шивать (sprášivatʹ)
2789	ценный	adj	valuable, precious, costly, dear
2790	финансовый	adj	financial
2791	учёный	adj	learned, adept, erudite
2792	отказался	verb	masculine singular past indicative perfective of отказа́ться (otkazátʹsja)
2793	цвета	noun	genitive singular of цвет (cvet)
2794	жертву	noun	accusative singular of же́ртва (žértva)
2795	теми	det	instrumental plural of тот (tot)
2796	куда-то	adv	to somewhere, somewhere to (indefinite adverb), somewhither
2797	метров	noun	genitive plural of метр (metr)
2798	горло	noun	throat; gullet
2799	дворе	noun	prepositional singular of двор (dvor)
2800	пропала	verb	feminine singular past indicative perfective of пропа́сть (propástʹ)
2801	дитя	noun	child, baby, kid (also used ironically or in similes)
2802	пошло	adv	commonly, tritely
2803	необходимый	adj	indispensable; necessary, required
2804	станции	noun	genitive/dative/prepositional singular
2805	чувствовала	verb	feminine singular past indicative imperfective of чу́вствовать (čúvstvovatʹ)
2806	статус	noun	status
2807	поведение	noun	conduct, behaviour
2808	начинай	verb	second-person singular imperative imperfective of начина́ть (načinátʹ)
2809	ванной	noun	genitive/dative/instrumental/prepositional singular of ва́нная (vánnaja)
2810	кабинете	noun	prepositional singular of кабине́т (kabinét)
2811	немножко	adv	diminutive of немно́го (nemnógo): a little, some
2812	извинения	noun	genitive singular
2813	здания	noun	inflection of зда́ние (zdánije)
2814	доставить	verb	to deliver, to convey, to supply, to furnish
2815	тётя	noun	aunt; woman, lady; auntie
2816	удастся	verb	third-person singular future indicative perfective of уда́ться (udátʹsja)
2817	виделись	verb	plural past indicative imperfective of ви́деться (vídetʹsja)
2818	пытаемся	verb	first-person plural present indicative imperfective of пыта́ться (pytátʹsja)
2819	отпустить	verb	to let go, to let off
2820	спросила	verb	feminine singular past indicative perfective of спроси́ть (sprosítʹ)
2821	выходить	verb	to go out, to come out, to walk out
2822	извиняюсь	verb	first-person singular present indicative imperfective of извиня́ться (izvinjátʹsja)
2823	свадьба	noun	wedding; participants in the wedding ceremony as a whole
2824	боевой	adj	combat, battle, fighting
2825	чего-нибудь	pron	genitive of что́-нибудь (štó-nibudʹ)
2826	проверю	verb	first-person singular future indicative perfective of прове́рить (provéritʹ)
2827	обнаружить	verb	to disclose, to show, to reveal, to display
2828	контролем	noun	instrumental singular of контро́ль (kontrólʹ)
2829	доверяю	verb	first-person singular present indicative imperfective of доверя́ть (doverjátʹ)
2830	центральный	adj	central
2831	сражаться	verb	to fight, to battle
2832	звезда	noun	star (celestial body)
2833	найдут	verb	third-person plural future indicative perfective of найти́ (najtí)
2834	заберу	verb	first-person singular future indicative perfective of забра́ть (zabrátʹ)
2835	лагерь	noun	camp, camp-out; camp, party, faction
2836	политический	adj	political
2837	ходит	verb	third-person singular present indicative imperfective of ходи́ть (xodítʹ)
2838	посреди	prep	in the middle of, in the midst of
2839	звони	verb	second-person singular imperative imperfective of звони́ть (zvonítʹ)
2840	привезти	verb	to bring, to fetch (to transport toward someone/somewhere by vehicle)
2841	браво	intj	bravo!
2842	острый	adj	sharp, pointed; acute
2843	скорость	noun	speed; rate
2844	использует	verb	third-person singular present indicative imperfective
2845	заслуживает	verb	third-person singular present indicative imperfective of заслу́живать (zaslúživatʹ)
2846	заметила	verb	feminine singular past indicative perfective of заме́тить (zamétitʹ)
2847	спиной	noun	instrumental singular of спина́ (spiná)
2848	где-нибудь	pron	indefinite pronoun, anywhere, somewhere
2849	прям	adj	short masculine singular of прямо́й (prjamój)
2850	елена	name	a female given name
2851	возвращается	verb	third-person singular present indicative imperfective of возвраща́ться (vozvraščátʹsja)
2852	положить	verb	to put, to lay, to lay down, to deposit (In a horizontal position)
2853	воскресенье	noun	Sunday
2854	научный	adj	scientific
2855	солнечный	adj	sun; solar; sunny
2856	камера	noun	camera; chamber, cell, compartment
2857	впечатление	noun	impression
2858	оказалась	verb	feminine singular past indicative perfective of оказа́ться (okazátʹsja)
2859	корабля	noun	genitive singular of кора́бль (koráblʹ)
2860	младший	adj	younger, youngest (in an earlier period of life)
2861	мясо	noun	meat; flesh, pulp
2862	обсуждать	verb	to discuss, to consider
2863	фильма	noun	genitive singular of фильм (filʹm)
2864	разговаривал	verb	masculine singular past indicative imperfective of разгова́ривать (razgovárivatʹ)
2865	штата	noun	genitive singular of штат (štat)
2866	результат	noun	effect, result, return, outcome
2867	крайне	adv	extremely, very, too (much)
2868	держит	verb	third-person singular present indicative imperfective of держа́ть (deržátʹ)
2869	доказательств	noun	genitive plural of доказа́тельство (dokazátelʹstvo)
2870	вселенной	noun	genitive/dative/instrumental/prepositional singular of вселе́нная (vselénnaja)
2871	признаться	verb	to confess, to admit
2872	необходимости	noun	genitive/dative/prepositional singular
2873	детали	noun	genitive/dative/prepositional singular
2874	группу	noun	accusative singular of гру́ппа (grúppa)
2875	грустно	adv	sadly
2876	штук	noun	genitive plural of шту́ка (štúka)
2877	восточный	adj	east, eastern; oriental
2878	ком	noun	lump, clod
2879	назначить	verb	to appoint, to designate, to nominate
2880	нижний	adj	lower, inferior
2881	вкусный	adj	tasty (having a pleasant flavor), yummy
2882	эндрю	name	a male given name, Endryu, from English, equivalent to English Andrew
2883	меч	noun	sword (usually with a straight blade)
2884	убей	verb	second-person singular imperative perfective of уби́ть (ubítʹ)
2885	одежда	noun	clothes, clothing, garments
2886	бомба	noun	bomb
2887	чувствуете	verb	second-person plural present indicative imperfective of чу́вствовать (čúvstvovatʹ)
2888	поймал	verb	masculine singular past indicative perfective of пойма́ть (pojmátʹ)
2889	ящик	noun	box, case, chest
2890	работаете	verb	second-person plural present indicative imperfective of рабо́тать (rabótatʹ)
2891	клубе	noun	prepositional singular of клуб (klub)
2892	забудьте	verb	second-person plural imperative of забы́ть pf (zabýtʹ)
2893	алиби	noun	alibi (criminal legal defense)
2894	проблему	noun	accusative singular of пробле́ма (probléma)
2895	свободен	adj	short masculine singular of свобо́дный (svobódnyj)
2896	заметить	verb	to notice, to remark, to note, to observe
2897	космический	adj	space, cosmos; cosmic
2898	подойди	verb	second-person singular imperative perfective of подойти́ (podojtí)
2899	каждая	pron	nominative feminine singular of ка́ждый (káždyj)
2900	детстве	noun	prepositional singular of де́тство (détstvo)
2901	считал	verb	masculine singular past indicative imperfective of счита́ть
2902	налево	adv	to the left; on the side
2903	помни	verb	second-person singular imperative imperfective of по́мнить (pómnitʹ)
2904	девушке	noun	dative/prepositional singular of де́вушка (dévuška)
2905	напоминает	verb	third-person singular present indicative imperfective of напомина́ть (napominátʹ)
2906	дают	verb	third-person plural present indicative imperfective of дава́ть (davátʹ)
2907	увидели	verb	plural past indicative perfective of уви́деть (uvídetʹ)
2908	фильме	noun	prepositional singular of фильм (filʹm)
2909	постараюсь	verb	first-person singular future indicative perfective of постара́ться (postarátʹsja)
2910	потребуется	verb	third-person singular future indicative perfective of потре́боваться (potrébovatʹsja)
2911	сестрой	noun	instrumental singular of сестра́ (sestrá)
2912	отношениях	noun	prepositional plural of отноше́ние (otnošénije)
2913	отношений	noun	genitive plural of отноше́ние (otnošénije)
2914	доктором	noun	instrumental singular of до́ктор (dóktor)
2915	джин	noun	gin
2916	надежда	noun	hope, expectation, prospect
2917	приедет	verb	third-person singular future indicative perfective of прие́хать (prijéxatʹ)
2918	изменился	verb	masculine singular past indicative perfective of измени́ться (izmenítʹsja)
2919	ужас	noun	horror, terror; disaster, mess
2920	западный	adj	Western; West
2921	мэр	noun	mayor
2922	дождаться	verb	to wait until, to (manage to) wait for a long time
2923	записать	verb	to write down, to enter (to set something down in writing)
2924	условия	noun	genitive singular
2925	ай	intj	ouch! (it hurts!)
2926	научиться	verb	to learn (often not in an academic setting)
2927	играю	verb	first-person singular present indicative imperfective of игра́ть (igrátʹ)
2928	разрешения	noun	genitive singular
2929	нашими	pron	instrumental plural of наш (naš)
2930	пациент	noun	patient
2931	обвинение	noun	accusation, charge (act of accusing or charging with a crime)
2932	мужской	adj	male; masculine
2933	жди	verb	second-person singular imperative imperfective of ждать (ždatʹ).
2934	старше	adv	comparative degree of ста́рый (stáryj)
2935	начну	verb	first-person singular future indicative perfective of нача́ть (načátʹ)
2936	старой	adj	genitive/dative/instrumental/prepositional feminine singular of ста́рый (stáryj)
2937	пропустил	verb	masculine singular past indicative perfective of пропусти́ть (propustítʹ)
2938	палец	noun	finger or toe; (crank) pin, finger, cam
2939	руль	noun	rudder; helm
2940	позабочусь	verb	first-person singular future indicative perfective of позабо́титься (pozabótitʹsja)
2941	прошлого	noun	genitive singular of про́шлое (próšloje)
2942	знаменитый	adj	famous, renowned, celebrated, noted, notorious, distinguished, eminent, illustrious
2943	сумку	noun	accusative singular of су́мка (súmka)
2944	боялся	verb	masculine singular past indicative imperfective of боя́ться (bojátʹsja)
2945	простить	verb	to excuse, to forgive, to pardon
2946	жуткий	adj	horrifying, horrible, inducing a sense of horror
2947	найдите	verb	second-person plural imperative perfective of найти́ (najtí)
2948	франции	noun	nominative/accusative plural
2949	секреты	noun	nominative/accusative plural of секре́т (sekrét)
2950	верите	verb	second-person plural present indicative imperfective of ве́рить (véritʹ)
2951	точный	adj	exact, precise, accurate
2952	создал	verb	masculine singular past indicative perfective of созда́ть (sozdátʹ)
2953	гостей	noun	genitive/accusative plural of гость (gostʹ)
2954	колледже	noun	prepositional singular of ко́лледж (kólledž)
2955	нигде	adv	nowhere
2956	заметили	verb	plural past indicative perfective of заме́тить (zamétitʹ)
2957	позаботиться	verb	to care, to take care, to look after
2958	терять	verb	to lose, to waste
2959	рисковать	verb	to risk, to venture, to adventure (to run the risk of)
2960	отдела	noun	genitive singular of отде́л (otdél)
2961	след	noun	track, trail; footprint, print
2962	золото	noun	gold (metal)
2963	волос	noun	a hair
2964	доктору	noun	dative singular of до́ктор (dóktor)
2965	отстой	noun	sedimentation; sediment, sludge
2966	будущего	noun	genitive singular of бу́дущее (búduščeje)
2967	ровно	adv	smoothly; evenly, regularly, uniformly
2968	собрались	verb	plural past indicative perfective of собра́ться (sobrátʹsja)
2969	совета	noun	genitive singular of сове́т (sovét)
2970	штуку	noun	accusative singular of шту́ка (štúka)
2971	водой	noun	instrumental singular of вода́ (vodá)
2972	спрашивать	verb	to ask (to ask a question of)
2973	приняли	verb	plural past indicative perfective of приня́ть (prinjátʹ)
2974	пытаются	verb	third-person plural present indicative imperfective of пыта́ться (pytátʹsja)
2975	удивить	verb	to astonish, to surprise, to amaze
2976	воспользоваться	verb	to use, to utilize
2977	требует	verb	third-person singular present indicative imperfective of тре́бовать (trébovatʹ)
2978	социальный	adj	social; subsidized, welfare
2979	играешь	verb	second-person singular present indicative imperfective of игра́ть (igrátʹ)
2980	клиента	noun	genitive/accusative singular of клие́нт (klijént)
2981	детский	adj	child; child's, children's
2982	позвонили	verb	plural past indicative perfective of позвони́ть (pozvonítʹ)
2983	стоял	verb	masculine singular past indicative imperfective of стоя́ть (stojátʹ)
2984	отпуск	noun	leave, vacation, holiday, furlough
2985	аминь	intj	amen
2986	движение	noun	movement, motion, stirring (also social and political)
2987	каждом	pron	prepositional masculine/neuter singular of ка́ждый (káždyj)
2988	заняты	adj	short plural of за́нятый (zánjatyj)
2989	наплевать	verb	to spit; to spit (upon), to not give a damn (about)
2990	мечта	noun	fantasy, daydream
2991	зал	noun	hall; living room
2992	средний	adj	middle; medium
2993	арестовали	verb	plural past indicative perfective of арестова́ть (arestovátʹ)
2994	шансы	noun	nominative/accusative plural of шанс (šans)
2995	минимум	noun	minimum
2996	оружием	noun	instrumental singular of ору́жие (orúžije)
2997	неловко	adv	awkwardly; heavy-handedly
2998	захотел	verb	masculine singular past indicative perfective of захоте́ть (zaxotétʹ)
2999	начинаем	verb	first-person plural present indicative imperfective of начина́ть (načinátʹ)
3000	понедельник	noun	Monday
3001	освободить	verb	to free, to liberate, to emancipate, to set free
3002	сне	noun	prepositional singular of сон (son)
3003	риск	noun	risk (possible, usually negative, outcome)
3004	сучка	noun	diminutive of су́ка (súka): bitch (literal and abusive senses)
3005	попытка	noun	attempt, try, effort
3006	скучать	verb	to be bored; to long for, to miss
3007	каждым	pron	dative plural; instrumental masculine/neuter singular
3008	помогла	verb	feminine singular past indicative perfective of помо́чь (pomóčʹ)
3009	второе	adj	neuter singular nominative
3010	чуть-чуть	adv	a little, a tiny bit, slightly
3011	встретила	verb	feminine singular past indicative perfective of встре́тить (vstrétitʹ)
3012	провела	verb	feminine singular past indicative of провести́ pf (provestí)
3013	сомнения	noun	genitive singular
3014	подумали	verb	plural past indicative of поду́мать pf (podúmatʹ)
3015	скорей	adv	comparative degree of ско́рый (skóryj)
3016	мастер	noun	master, craftsman, expert
3017	пальцы	noun	nominative/accusative plural of па́лец (pálec)
3018	небо	noun	sky; heaven, firmament
3019	открыл	verb	masculine singular past indicative perfective of откры́ть (otkrýtʹ)
3020	съесть	verb	to eat, to eat up
3021	сериале	noun	prepositional singular of сериа́л (seriál)
3022	сперва	adv	first, firstly; at first, originally
3023	заходите	verb	second-person plural present indicative imperfective of заходи́ть (zaxodítʹ)
3024	послушать	verb	to listen, to listen to (someone/something)
3025	двигайся	verb	second-person singular imperative imperfective of дви́гаться (dvígatʹsja)
3026	чокнутый	adj	crazy; strange, eccentric
3027	большого	adj	genitive masculine/neuter singular
3028	норме	noun	dative/prepositional singular of но́рма (nórma)
3029	личность	noun	personality; person, individual
3030	товарищ	noun	comrade, friend (male or female)
3031	низкий	adj	low; despicable
3032	донна	noun	female equivalent of дон
3033	поставил	verb	masculine singular past indicative perfective of поста́вить (postávitʹ)
3034	приходи	verb	second-person singular imperative imperfective of приходи́ть (prixodítʹ)
3035	быстрей	adv	comparative degree of бы́стрый (býstryj)
3036	следующем	noun	prepositional singular of сле́дующее (slédujuščeje)
3037	заслужил	verb	masculine singular past indicative perfective of заслужи́ть (zaslužítʹ)
3038	мест	noun	genitive plural of ме́сто (mésto)
3039	лес	noun	forest, woods; lumber, timber
3040	горы	noun	genitive singular of гора́ (gorá)
3041	собаки	noun	nominative plural
3042	гений	noun	a genius (someone possessing extraordinary mental capacity)
3043	занимались	verb	plural past indicative imperfective of занима́ться (zanimátʹsja)
3044	встречался	verb	masculine singular past indicative imperfective of встреча́ться (vstrečátʹsja)
3045	больной	adj	sick, ill; painful
3046	твоими	pron	instrumental plural of твой (tvoj)
3047	проверил	verb	masculine singular past indicative perfective of прове́рить (provéritʹ)
3048	привело	verb	neuter singular past indicative perfective of привести́ (privestí)
3049	врача	noun	genitive/accusative singular of врач (vrač)
3050	людях	noun	prepositional of лю́ди (ljúdi)
3051	сверху	adv	from above, on top
3052	опоздал	verb	masculine singular past indicative perfective of опозда́ть (opozdátʹ)
3053	мистером	noun	instrumental singular of ми́стер (místɛr, míster)
3054	парке	noun	prepositional singular of парк (park)
3055	мо	noun	MOD
3056	поиграть	verb	to play (for a while)
3057	несомненно	adv	undoubtedly, without doubt, doubtlessly
3058	дашь	verb	second-person singular future indicative perfective of дать (datʹ)
3059	вышли	verb	plural past indicative perfective of вы́йти (výjti)
3060	управление	noun	administration, direction
3061	вечный	adj	eternal, everlasting
3062	мягкий	adj	soft; fresh
3063	разум	noun	reason, mind, intellect
3064	хороших	adj	genitive/prepositional plural
3065	прибыли	verb	plural past indicative perfective of прибы́ть (pribýtʹ)
3066	плакать	verb	to cry, to weep
3067	получает	verb	third-person singular present indicative imperfective of получа́ть (polučátʹ)
3068	стоят	verb	third-person plural present indicative imperfective of сто́ить (stóitʹ)
3069	физический	adj	physics; physical, bodily
3070	собрался	verb	masculine singular past indicative perfective of собра́ться (sobrátʹsja)
3071	стене	noun	dative/prepositional singular of стена́ (stená)
3072	заново	adv	anew, freshly, again (usually in a different way to before)
3073	напротив	adv	(no,) quite the opposite; no, in fact...
3074	искали	verb	plural past indicative imperfective of иска́ть (iskátʹ)
3075	построить	verb	to build; to upbuild
3076	программу	noun	accusative singular of програ́мма (prográmma)
3077	желания	noun	genitive singular
3078	полное	adj	nominative neuter
3079	девочку	noun	accusative singular of де́вочка (dévočka)
3080	болезни	noun	genitive/dative/prepositional singular
3081	планете	noun	dative/prepositional singular of плане́та (planéta)
3082	близки	adj	short plural of бли́зкий (blízkij)
3083	взгляните	verb	second-person plural imperative perfective of взгляну́ть (vzgljanútʹ)
3084	охрана	noun	guarding, protection
3085	лице	noun	prepositional singular of лицо́ (licó)
3086	сделка	noun	deal, bargain; transaction (the act of conducting or carrying out business, negotiations, plans, etc.)
3087	армия	noun	army, armed forces
3088	выстрел	noun	shot, gunshot; artillery round (an artillery shell together with its propellant charge)
3089	сердечный	adj	heart; cordial, heartfelt
3090	выйду	verb	first-person singular future indicative perfective of вы́йти (výjti)
3091	круг	noun	circle, ring; sphere, range
3092	поехал	verb	masculine singular past indicative perfective of пое́хать (pojéxatʹ)
3093	стену	noun	accusative singular of стена́ (stená)
3094	поделать	verb	to make, to do (for a while)
3095	вещах	noun	prepositional plural of вещь (veščʹ)
3096	зале	noun	prepositional singular of зал (zal)
3097	требуется	verb	third-person singular present indicative imperfective of тре́боваться (trébovatʹsja)
3098	нравилось	verb	neuter singular past indicative imperfective of нра́виться (nrávitʹsja)
3099	зло	noun	evil, bad, wrong
3100	украли	verb	plural past indicative perfective of укра́сть (ukrástʹ)
3101	верит	verb	third-person singular present indicative imperfective of ве́рить (véritʹ)
3102	отправиться	verb	to depart, to set off (to leave)
3103	наружу	adv	outwardly, openly, outside, towards the outside, out
3104	последнюю	adj	accusative feminine singular of после́дний (poslédnij)
3105	устройство	noun	arrangement; establishment
3106	лето	noun	summer; pl: years, age, summers
3107	уме	noun	prepositional singular of ум (um)
3108	хан	noun	khan
3109	поисках	noun	prepositional plural of по́иск (póisk)
3110	китай	name	China
3111	шарлотта	name	a female given name, Sharlotta, from French, equivalent to English Charlotte
3112	встретить	verb	to meet, to encounter, to come across
3113	закончила	verb	feminine singular past indicative perfective of зако́нчить (zakónčitʹ)
3114	отойдите	verb	second-person plural imperative perfective of отойти́ (otojtí)
3115	вскоре	adv	soon; before long
3116	достойный	adj	worthy, decent; well-deserved; stately
3117	дочерью	noun	instrumental singular of дочь (dočʹ)
3118	ответь	verb	second-person singular imperative perfective of отве́тить (otvétitʹ)
3119	враг	noun	enemy, foe
3120	ищут	verb	third-person plural present indicative imperfective of иска́ть (iskátʹ)
3121	пережить	verb	to survive; to ride out, to go/get/live through; to be through, to get over (a hardship)
3122	исследования	noun	genitive singular
3123	оказались	verb	plural past indicative perfective of оказа́ться (okazátʹsja)
3124	пола	noun	skirt, tail, flap, lap (of clothes)
3125	сцену	noun	accusative singular of сце́на (scéna)
3126	умерли	verb	plural past indicative perfective of умере́ть (umerétʹ)
3127	используют	verb	third-person plural present indicative imperfective
3128	английский	adj	English
3129	отдам	verb	first-person singular future indicative perfective of отда́ть (otdátʹ)
3130	наблюдать	verb	to watch, to observe
3131	мсьё	noun	monsieur, sir
3132	чудесный	adj	wonderful, miraculous
3133	закончим	verb	first-person plural future indicative perfective of зако́нчить (zakónčitʹ)
3134	силой	noun	instrumental singular of си́ла (síla)
3135	голубой	adj	light blue, sky blue, azure
3136	пытаясь	verb	present adverbial imperfective participle of пыта́ться (pytátʹsja)
3137	сыграть	verb	to play; to act, to perform
3138	подружка	noun	diminutive of подру́га (podrúga)
3139	справишься	verb	second-person singular future indicative perfective of спра́виться (správitʹsja)
3140	ждали	verb	plural past indicative imperfective of ждать (ždatʹ)
3141	бесплатно	adv	gratis, free of charge
3142	поиски	noun	nominative/accusative plural of по́иск (póisk)
3143	попрошу	verb	first-person singular future indicative perfective of попроси́ть (poprosítʹ)
3144	форму	noun	accusative singular of фо́рма (fórma)
3145	открывай	verb	second-person singular imperative imperfective of открыва́ть (otkryvátʹ)
3146	железный	adj	iron; ferrous
3147	неожиданно	adv	suddenly, unexpectedly
3148	своя	pron	feminine nominative singular of свой (svoj)
3149	бывают	verb	third-person plural present indicative imperfective of быва́ть (byvátʹ)
3150	появились	verb	plural past indicative perfective of появи́ться (pojavítʹsja)
3151	мистеру	noun	dative singular of ми́стер (místɛr, míster)
3152	писал	verb	masculine singular past indicative imperfective of писа́ть (pisátʹ)
3153	пожар	noun	fire, conflagration (occurrence of fire in a certain place)
3154	обнаружил	verb	masculine singular past indicative perfective of обнару́жить (obnarúžitʹ)
3155	следов	noun	genitive plural of след (sled)
3156	продал	verb	masculine singular past indicative perfective of прода́ть (prodátʹ)
3157	командир	noun	commander, commanding officer
3158	планеты	noun	genitive singular
3159	собачий	adj	dog; dog's, canine
3160	представление	noun	introduction (a means, such as a personal letter, of presenting one person to another)
3161	говорится	verb	third-person singular present indicative imperfective of говори́ться (govorítʹsja)
3162	псих	noun	psycho, lunatic, psychopath (a person who is psychotic or otherwise insane).
3163	борту	noun	dative singular of борт (bort)
3164	свидетелей	noun	genitive/accusative plural of свиде́тель (svidételʹ)
3165	выглядят	verb	third-person plural present indicative imperfective
3166	новенький	adj	brand new (utterly new)
3167	ева	name	a female given name from Ancient Greek [in turn from Hebrew]
3168	контакт	noun	contact
3169	ранен	adj	short masculine singular of ра́неный (ránenyj)
3170	смотрели	verb	plural past indicative imperfective of смотре́ть (smotrétʹ)
3171	удивлённый	verb	past passive perfective participle of удиви́ть (udivítʹ)
3172	позвоните	verb	second-person plural future indicative perfective of позвони́ть (pozvonítʹ)
3173	хрен	noun	horseradish (plant, condiment)
3174	снимать	verb	to take off, to take away, to take down
3175	соединить	verb	to unite, to join
3176	субтитры	noun	nominative/accusative plural of субти́тр (subtítr)
3177	выполнить	verb	to carry out, to implement, to accomplish, to fulfill, to execute, to perform
3178	ходят	verb	third-person plural present indicative imperfective of ходи́ть (xodítʹ)
3179	жарко	adv	hotly
3180	цена	noun	price, cost; worth
3181	сети	noun	inflection of сеть (setʹ)
3182	животное	noun	animal; animal, brute, beast
3183	искала	verb	feminine singular past indicative imperfective of иска́ть (iskátʹ)
3184	неправильный	adj	incorrect, wrong
3185	плачу	verb	first-person singular present indicative imperfective of пла́кать (plákatʹ)
3186	постарайся	verb	second-person singular imperative perfective of постара́ться (postarátʹsja)
3187	совершить	verb	to accomplish, to perform, to commit, to perpetrate, to make
3188	д	prefix	d, deci- (0.1)
3189	бутылку	noun	accusative singular of буты́лка (butýlka)
3190	тихий	adj	quiet, still; calm, pacific
3191	пенни	noun	penny
3192	надоело	verb	neuter singular past indicative perfective of надое́сть (nadojéstʹ)
3193	объясню	verb	first-person singular future indicative perfective of объясни́ть (obʺjasnítʹ)
3194	футбол	noun	football (the game, UK English), soccer (US English)
3195	похороны	noun	burial, funeral
3196	управления	noun	genitive singular
3197	агента	noun	genitive/accusative singular of аге́нт (agént)
3198	приходят	verb	third-person plural present indicative imperfective of приходи́ть (prixodítʹ)
3199	второго	noun	genitive singular of второ́е (vtoróje)
3200	останься	verb	second-person singular imperative perfective of оста́ться (ostátʹsja)
3201	пальцев	noun	genitive plural of па́лец (pálec)
3202	э-э	intj	hey; an exclamation to get attention
3203	упала	verb	feminine singular past indicative perfective of упа́сть (upástʹ)
3204	обмен	noun	exchange
3205	миром	noun	instrumental singular of мир (mir)
3206	продолжим	verb	first-person plural future indicative perfective of продо́лжить (prodólžitʹ)
3207	безусловно	adv	certainly, undoubtedly, absolutely
3208	торт	noun	cake, torte
3209	уйди	verb	second-person singular imperative perfective of уйти́ (ujtí)
3210	выхода	noun	genitive singular of вы́ход (výxod)
3211	блять	intj	misspelling of блядь (bljadʹ)
3212	поработать	verb	to work for some time, to do some work, to put in some work
3213	взрыв	noun	explosion; blast
3214	отвратительно	adv	disgustingly, nauseatingly, abominably
3215	волнуюсь	verb	first-person singular present indicative imperfective of волнова́ться (volnovátʹsja)
3216	клуба	noun	genitive singular of клуб (klub)
3217	участие	noun	participation, collaboration, complicity
3218	нина	name	a female given name from Ancient Greek, equivalent to English Nina
3219	спрятать	verb	to conceal, to hide
3220	счастья	noun	genitive singular
3221	получим	verb	first-person plural future indicative perfective of получи́ть (polučítʹ)
3222	квартиры	noun	genitive singular
3223	папы	noun	genitive singular
3224	красавица	noun	any beautiful object referred to with the feminine gender
3225	участвовать	verb	to take part, to participate, to collaborate
3226	вырос	verb	masculine singular past indicative perfective of вы́расти (výrasti)
3227	рождественский	adj	Christmas
3228	недалеко	adv	not far, not far off, nearby, close
3229	добавить	verb	to add
3230	отправили	verb	plural past indicative perfective of отпра́вить (otprávitʹ)
3231	платят	verb	third-person plural present indicative imperfective of плати́ть (platítʹ)
3232	пьян	adj	short masculine singular of пья́ный (pʹjányj)
3233	общаться	verb	to communicate (with), to converse, to mix (with)
3234	сбежала	verb	feminine singular past indicative perfective of сбежа́ть (sbežátʹ)
3235	одинаковый	adj	equal, identical, the same
3236	африка	name	Africa (the continent south of Europe and between the Atlantic and Indian Oceans)
3237	удобно	adv	comfortably, snugly
3238	коп	noun	cop (police officer)
3239	лицу	noun	dative singular of лицо́ (licó)
3240	вспомнил	verb	masculine singular past indicative perfective of вспо́мнить (vspómnitʹ)
3241	крепкий	adj	strong, firm, solid
3242	рождества	noun	genitive singular of Рождество́ (Roždestvó)
3243	фу	intj	pew!, ew!, yuck! (expresses disgust)
3244	ходила	verb	feminine singular past indicative imperfective of ходи́ть (xodítʹ)
3245	принято	adj	it is customary, accepted, acceptable, appropriate
3246	наблюдения	noun	genitive singular
3247	голоден	adj	short masculine singular of голо́дный (golódnyj)
3248	подозреваемый	verb	present passive imperfective participle of подозрева́ть (podozrevátʹ)
3249	япония	name	Japan (a country in East Asia)
3250	выбрала	verb	feminine singular past indicative perfective of вы́брать (výbratʹ)
3251	группе	noun	dative/prepositional singular of гру́ппа (grúppa)
3252	смотрела	verb	feminine singular past indicative imperfective of смотре́ть (smotrétʹ)
3253	направо	adv	to the right
3254	столом	noun	instrumental singular of стол (stol)
3255	нога	noun	leg; foot
3256	дорогуша	noun	my dear, darling (a term of address for both men and women)
3257	сыну	noun	dative singular of сын (syn)
3258	куплю	verb	first-person singular future indicative perfective of купи́ть (kupítʹ)
3259	уверенный	verb	past passive perfective participle of уве́рить (uvéritʹ)
3260	тёплый	adj	warm
3261	просит	verb	third-person singular present indicative imperfective of проси́ть (prosítʹ)
3262	каждому	pron	dative masculine/neuter singular of ка́ждый (káždyj)
3263	занятия	noun	genitive singular
3264	выбирать	verb	to choose, to select, to pick, to pick out
3265	папе	noun	dative/prepositional singular of па́па (pápa)
3266	мобильный	adj	mobile
3267	нападение	noun	attack, assault
3268	англии	name	genitive/dative/prepositional singular of А́нглия (Ánglija)
3269	вернёмся	verb	first-person plural future indicative perfective of верну́ться (vernútʹsja)
3270	хранить	verb	to keep (to maintain possession of), to preserve, to store
3271	чаще	adv	comparative degree of ча́стый (částyj)
3272	тратить	verb	to spend, to expend
3273	возраста	noun	genitive singular of во́зраст (vózrast)
3274	восторге	noun	prepositional singular of восто́рг (vostórg)
3275	обязаны	adj	short plural of обя́занный (objázannyj)
3276	полезный	adj	useful, helpful, good, beneficial (having a practical or beneficial use)
3277	некуда	adj	there is nowhere
3278	объясняет	verb	third-person singular present indicative imperfective of объясня́ть (obʺjasnjátʹ)
3279	молоко	noun	milk; thick fog
3280	служба	noun	service; employment, job
3281	корабле	noun	prepositional singular of кора́бль (koráblʹ)
3282	напал	verb	masculine singular past indicative perfective of напа́сть (napástʹ)
3283	помогли	verb	plural past indicative perfective of помо́чь (pomóčʹ)
3284	из-под	prep	from under; As a designation of former use, from
3285	степени	noun	genitive/dative/prepositional singular
3286	лечение	noun	treatment, cure
3287	продолжить	verb	to continue, to proceed (with), to go on
3288	чем-нибудь	pron	instrumental of что́-нибудь (štó-nibudʹ)
3289	осторожен	adj	short masculine singular of осторо́жный (ostoróžnyj)
3290	настоящим	noun	instrumental singular of настоя́щее (nastojáščeje)
3291	закона	noun	genitive singular of зако́н (zakón)
3292	границы	noun	genitive singular
3293	кому-нибудь	pron	dative of кто́-нибудь (któ-nibudʹ)
3294	радость	noun	joy, delight
3295	беспокоюсь	verb	first-person singular present indicative imperfective of беспоко́иться (bespokóitʹsja)
3296	завтрашний	adj	tomorrow's
3297	глупости	noun	genitive/dative/prepositional singular
3298	превосходно	adv	superbly, fine, great, admirably
3299	звёздный	adj	star; stellar (relating to stars)
3300	заставила	verb	feminine singular past indicative perfective of заста́вить (zastávitʹ)
3301	благодарен	adj	short masculine singular of благода́рный (blagodárnyj)
3302	спортивный	adj	sporting, sports, athletic
3303	собак	noun	genitive/accusative plural of соба́ка (sobáka)
3304	уберите	verb	second-person plural imperative perfective of убра́ть (ubrátʹ)
3305	хорошенько	adv	very well, thoroughly, properly
3306	выбрали	verb	plural past indicative perfective of вы́брать (výbratʹ)
3307	приняла	verb	feminine singular past indicative perfective of приня́ть (prinjátʹ)
3308	входите	verb	second-person plural present indicative imperfective of входи́ть (vxodítʹ)
3309	последнего	adj	genitive masculine/neuter singular
3310	преступник	noun	criminal, delinquent, offender
3311	устраивает	verb	third-person singular present indicative imperfective of устра́ивать (ustráivatʹ)
3312	теле	noun	prepositional singular of те́ло (télo)
3313	самую	pron	accusative feminine singular of са́мый (sámyj)
3314	женаты	adj	short plural of жена́тый (ženátyj)
3315	музыкальный	adj	musical
3316	пирог	noun	pie; pirog; female genitalia; vagina or vulva
3317	бросай	verb	second-person singular imperative imperfective of броса́ть (brosátʹ)
3318	карта	noun	map; chart
3319	постойте	verb	second-person plural imperative perfective of постоя́ть (postojátʹ)
3320	лорд	noun	lord (British aristocrat)
3321	расстались	verb	plural past indicative perfective of расста́ться (rasstátʹsja)
3322	носит	verb	third-person singular present indicative imperfective of носи́ть (nosítʹ)
3323	плана	noun	genitive singular of план (plan)
3324	верни	verb	second-person singular imperative perfective of верну́ть (vernútʹ)
3325	сок	noun	juice; sap
3326	подтвердить	verb	to confirm, to corroborate, to bear out, to endorse, to ratify, to verify
3327	пациентов	noun	genitive/accusative plural of пацие́нт (paciɛ́nt)
3328	родителями	noun	instrumental plural of роди́тель (rodítelʹ)
3329	книге	noun	dative/prepositional singular of кни́га (kníga)
3330	мари	noun	Mari person
3331	синий	adj	deep blue; indigo
3332	надежды	noun	genitive singular
3333	модель	noun	model (model car, fashion model, etc.)
3334	смелый	adj	courageous, daring, audacious, bold, brave
3335	общества	noun	genitive singular
3336	следующее	noun	the following
3337	мусор	noun	garbage, debris, refuse
3338	сплю	verb	first-person singular present indicative imperfective of спать (spatʹ)
3339	доказательство	noun	evidence, proof, justification
3340	летать	verb	to fly
3341	беспокойтесь	verb	second-person plural imperative imperfective of беспоко́иться (bespokóitʹsja)
3342	ходили	verb	plural past indicative imperfective of ходи́ть (xodítʹ)
3343	держитесь	verb	second-person plural present indicative imperfective of держа́ться (deržátʹsja)
3344	уходишь	verb	second-person singular present indicative imperfective
3345	нанял	verb	masculine singular past indicative perfective of наня́ть (nanjátʹ)
3346	большее	adj	neuter singular nominative
3347	мак	noun	poppy; poppyseeds
3348	напали	verb	plural past indicative perfective of напа́сть (napástʹ)
3349	жёлтый	adj	yellow; of doubtful accuracy (for mass media)
3350	призрак	noun	ghost, spectre
3351	связан	adj	short masculine singular of свя́занный (svjázannyj)
3352	свадьбе	noun	dative/prepositional singular of сва́дьба (svádʹba)
3353	вот-вот	adv	just about to; on the point of
3354	уверяю	verb	first-person singular present indicative imperfective of уверя́ть (uverjátʹ)
3355	последним	adj	inflection of после́дний (poslédnij)
3356	посмотрел	verb	masculine singular past indicative perfective of посмотре́ть (posmotrétʹ)
3357	далее	adv	alternative form of да́льше (dálʹše): farther, further; furthermore; then, next, afterwards
3358	цену	noun	accusative singular of цена́ (cená)
3359	заказ	noun	order (request for some product or service)
3360	играли	verb	plural past indicative imperfective of игра́ть (igrátʹ)
3361	пытаться	verb	to attempt, to try
3362	определить	verb	to determine (to set the limits of)
3363	повторяю	verb	first-person singular present indicative imperfective of повторя́ть (povtorjátʹ)
3364	точка	noun	period, dot, full stop
3365	дружок	noun	buddy, pal (friend or casual acquaintance)
3366	процентов	noun	genitive plural of проце́нт (procént)
3367	пишет	verb	third-person singular present indicative imperfective of писа́ть (pisátʹ)
3368	кира	name	a female given name, Kira
3369	родителям	noun	dative plural of роди́тель (rodítelʹ)
3370	оставайтесь	verb	second-person plural imperative imperfective of остава́ться (ostavátʹsja)
3371	газеты	noun	genitive singular
3372	дар	noun	gift, present; talent, aptitude
3373	новостей	noun	genitive plural of но́вость (nóvostʹ)
3374	приступ	noun	assault, onset, onslaught, storm
3375	словам	noun	dative plural of сло́во (slóvo)
3376	ворота	noun	gate; goal
3377	штат	noun	state (a political division, e.g. a US state)
3378	мировой	adj	world; global, worldwide
3379	здании	noun	prepositional singular of зда́ние (zdánije)
3380	число	noun	number (cardinal)
3381	автомобиль	noun	car, automobile, motorcar
3382	ти	noun	T, t (Latin letter)
3383	британский	adj	British
3384	сердцем	noun	instrumental singular of се́рдце (sérdce)
3385	принимаю	verb	first-person singular present indicative imperfective of принима́ть (prinimátʹ)
3386	замешать	verb	to mix together, to form a liquid solution, suspension or emulsion
3387	секунды	noun	genitive singular
3388	папу	noun	accusative singular of па́па (pápa)
3389	понравился	verb	masculine singular past indicative perfective of понра́виться (ponrávitʹsja)
3390	разговаривали	verb	plural past indicative imperfective of разгова́ривать (razgovárivatʹ)
3391	дыхание	noun	breath; breathing, respiration
3392	помнить	verb	to remember, to recollect, to think of, to keep in mind
3393	возьмём	verb	first-person plural future indicative perfective of взять (vzjatʹ)
3394	начаться	verb	to begin, to start, to set in, to break out
3395	пример	noun	example, instance
3396	пользоваться	verb	to use, to utilize
3397	проверьте	verb	second-person plural imperative perfective of прове́рить (provéritʹ)
3398	борт	noun	board, side; aircraft, flight
3399	кое-какие	pron	nominative plural
3400	принёс	verb	masculine singular past indicative perfective of принести́ (prinestí)
3401	роза	noun	rose (shrub, flower)
3402	смотрят	verb	third-person plural present indicative imperfective of смотре́ть (smotrétʹ)
3403	оставим	verb	first-person plural future indicative perfective of оста́вить (ostávitʹ)
3404	влюбить	verb	to cause (someone) to fall in love, to enamor
3405	причиной	noun	instrumental singular of причи́на (pričína)
3406	штуки	noun	genitive singular
3407	звонили	verb	plural past indicative imperfective of звони́ть (zvonítʹ)
3408	скучный	adj	dull, boring, tedious, tiresome (inciting boredom)
3409	сними	verb	second-person singular imperative perfective of снять (snjatʹ)
3410	настроение	noun	mood, spirits, sentiment (mental state)
3411	положении	noun	prepositional singular of положе́ние (položénije)
3412	судить	verb	to judge, to try, to adjudicate
3413	ею	pron	alternative form of е́й (jéj); instrumental of она́ (oná)
3414	водитель	noun	guide, leader (a person who guides others or leads the way)
3415	собрание	noun	meeting, gathering
3416	угол	noun	corner; angle
3417	государственный	adj	state; national
3418	названием	noun	instrumental singular of назва́ние (nazvánije)
3419	отстань	verb	second-person singular imperative perfective of отста́ть (otstátʹ)
3420	предпочитаю	verb	first-person singular present indicative imperfective of предпочита́ть (predpočitátʹ)
3421	выпускной	adj	exhaust; graduation
3422	подарки	noun	nominative/accusative plural of пода́рок (podárok)
3423	звезды	noun	genitive singular of звезда́ (zvezdá)
3424	концерт	noun	concert, recital
3425	отвечай	verb	second-person singular imperative imperfective of отвеча́ть (otvečátʹ)
3426	разговоры	noun	nominative/accusative plural of разгово́р (razgovór)
3427	убирайтесь	verb	second-person plural imperative imperfective of убира́ться (ubirátʹsja)
3428	пропустить	verb	to let pass in, to let pass through, to admit
3429	четверг	noun	Thursday
3430	камер	noun	genitive plural of ка́мера (kámera)
3431	защиту	noun	accusative singular of защи́та (zaščíta)
3432	задача	noun	problem; task, problem
3433	шею	noun	accusative singular of ше́я (šéja)
3434	розовый	adj	pink; rosy
3435	прислал	verb	masculine singular past indicative perfective of присла́ть (prislátʹ)
3436	живы	adj	short plural of живо́й (živój)
3437	острове	noun	prepositional singular of о́стров (óstrov)
3438	фургон	noun	portable loading room, van, caravan, wagon, waggon, camion
3439	ложись	verb	second-person singular imperative imperfective of ложи́ться (ložítʹsja)
3440	солнца	noun	inflection of со́лнце (sólnce)
3441	силах	noun	prepositional plural of си́ла (síla)
3442	кристина	name	a female given name, Kristina, equivalent to English Christina
3443	одиночестве	noun	prepositional singular of одино́чество (odinóčestvo)
3444	контроля	noun	genitive singular of контро́ль (kontrólʹ)
3445	каков	pron	what (referring to what comprises something)
3446	трёх	num	genitive/prepositional
3447	нравлюсь	verb	first-person singular present indicative imperfective of нра́виться (nrávitʹsja)
3448	шансов	noun	genitive plural of шанс (šans)
3449	верну	verb	first-person singular future indicative perfective of верну́ть (vernútʹ)
3450	магазина	noun	genitive singular of магази́н (magazín)
3451	увидеться	verb	to see each other, to meet
3452	поля	noun	genitive singular of по́ле (póle)
3453	пары	noun	genitive singular
3454	сан	noun	religious title/order/rank, dignity
3455	живот	noun	belly, stomach; life
3456	диана	name	Diana; a female given name, equivalent to English Diana
3457	туфли	noun	genitive singular
3458	образ	noun	shape, form; appearance, look, style, image
3459	вирус	noun	virus (DNA/RNA causing disease)
3460	гордон	name	a transliteration of the English surname Gordon
3461	дьявол	noun	devil; devil, insidious person
3462	талант	noun	talent, gift; man or woman of talent, gifted person, talent
3463	наказание	noun	punishment; penalty, chastisement
3464	владелец	noun	owner
3465	внешний	adj	outer, exterior, outside, external
3466	видим	verb	first-person plural present indicative imperfective of ви́деть (vídetʹ)
3467	пугает	verb	third-person singular present indicative imperfective of пуга́ть (pugátʹ)
3468	погибли	verb	short plural past indicative perfective of поги́бнуть (pogíbnutʹ)
3469	творится	verb	third-person singular present indicative imperfective of твори́ться (tvorítʹsja)
3470	договор	noun	agreement, contract, pact, treaty
3471	очереди	noun	genitive/dative/prepositional singular
3472	безопасность	noun	safety; security
3473	фальшивый	adj	false, fake
3474	сознание	noun	consciousness (awareness)
3475	самоубийство	noun	suicide
3476	славный	adj	famous, renowned
3477	свободны	adj	short plural of свобо́дный (svobódnyj)
3478	увидим	verb	first-person plural future indicative perfective of уви́деть (uvídetʹ)
3479	причину	noun	accusative singular of причи́на (pričína)
3480	способности	noun	genitive/dative/prepositional singular
3481	заплачу	verb	first-person singular future indicative of заплати́ть pf (zaplatítʹ)
3482	вины	noun	genitive singular of вина́ (viná)
3483	века	noun	genitive singular of век (vek)
3484	миллионы	num	nominative/accusative plural of миллио́н (millión)
3485	кричать	verb	to cry, to shout, to scream, to yell
3486	системе	noun	dative/prepositional singular of систе́ма (sistéma)
3487	высочество	noun	Highness
3488	президентом	noun	instrumental singular of президе́нт (prezidént)
3489	женился	verb	masculine singular past indicative imperfective/perfective of жени́ться (ženítʹsja)
3490	события	noun	genitive singular
3491	доверие	noun	trust (confidence in or reliance on some person or quality)
3492	зомби	noun	zombie
3493	приготовить	verb	to prepare, to make ready
3494	следовать	verb	to follow (move continually behind someone or something)
3495	обеда	noun	genitive singular of обе́д (obéd)
3496	сделаете	verb	second-person plural future indicative perfective of сде́лать (sdélatʹ)
3497	относится	verb	third-person singular present indicative imperfective of относи́ться (otnosítʹsja)
3498	ребёнком	noun	instrumental singular of ребёнок (rebjónok)
3499	стиле	noun	prepositional singular of стиль (stilʹ)
3500	виновен	adj	short masculine singular of вино́вный (vinóvnyj)
3501	изо	prep	from; out of
3502	причём	conj	moreover, and, at that, with
3503	скрывать	verb	to hide, to conceal
3504	фамилия	noun	surname, last name, family name
3505	отменить	verb	to abolish; to cancel, to countermand, to disaffirm, to reverse
3506	прекрасна	adj	short feminine singular of прекра́сный (prekrásnyj)
3507	банка	noun	jar, pot; can, tin
3508	свадебный	adj	wedding
3509	фотографию	noun	accusative singular of фотогра́фия (fotográfija)
3510	правил	verb	masculine singular past indicative imperfective of пра́вить (právitʹ)
3511	успел	verb	masculine singular past indicative perfective of успе́ть (uspétʹ)
3512	дверью	noun	instrumental singular of дверь (dverʹ)
3513	пальто	noun	overcoat, greatcoat, carrick
3514	ответа	noun	genitive singular of отве́т (otvét)
3515	эпизод	noun	episode
3516	тридцать	num	thirty (30)
3517	выглядел	verb	masculine singular past indicative imperfective/perfective of вы́глядеть (výgljadetʹ)
3518	делами	noun	instrumental plural of де́ло (délo)
3519	ядерный	adj	nuclear
3520	защита	noun	defense, protection, advocacy
3521	сделают	verb	third-person plural future indicative perfective of сде́лать (sdélatʹ)
3522	лестнице	noun	dative/prepositional singular of ле́стница (léstnica)
3523	оставлять	verb	to leave, to leave alone
3524	воде	noun	dative/prepositional singular of вода́ (vodá)
3525	провожу	verb	first-person singular present indicative imperfective
3526	повод	noun	rein, bridle, bridle-rein
3527	спросите	verb	second-person plural future indicative perfective of спроси́ть (sprosítʹ)
3528	столик	noun	a small table for visitors to a public catering establishment or for service purposes
3529	полгода	noun	half-year (period of half a year)
3530	летом	adv	in summer
3531	месяце	noun	prepositional singular of ме́сяц (mésjac)
3532	вера	noun	belief, faith; trust, faith (belief in someone's honesty and reliability)
3533	связанный	verb	past passive perfective participle of связа́ть (svjazátʹ)
3534	началась	verb	feminine singular past indicative perfective of нача́ться (načátʹsja)
3535	ми	noun	E, mi (note)
3536	ошибся	verb	masculine singular past indicative perfective of ошиби́ться (ošibítʹsja)
3537	хлеб	noun	bread; loaf
3538	пари	noun	bet, wager (an agreement)
3539	устроил	verb	masculine singular past indicative perfective of устро́ить (ustróitʹ)
3540	шанса	noun	genitive singular of шанс (šans)
3541	программа	noun	program/programme
3542	должность	noun	office, post, appointment, position
3543	выглядите	verb	second-person plural present indicative imperfective
3544	танец	noun	dance (movements to music)
3545	подняться	verb	to rise, to go up, to get up
3546	эрика	noun	erica, Erica
3547	духе	noun	prepositional singular of дух (dux)
3548	пули	noun	genitive singular
3549	расстроен	adj	short masculine singular of расстро́енный (rasstrójennyj)
3550	удачный	adj	successful; fortunate
3551	появляется	verb	third-person singular present indicative imperfective of появля́ться (pojavljátʹsja)
3552	ел	verb	masculine singular past indicative imperfective of есть (jestʹ)
3553	исключением	noun	instrumental singular of исключе́ние (isključénije)
3554	пациента	noun	genitive/accusative singular of пацие́нт (paciɛ́nt)
3555	покупать	verb	to buy, to purchase
3556	временной	adj	time; temporal
3557	положил	verb	masculine singular past indicative perfective of положи́ть (položítʹ)
3558	захотите	verb	second-person plural future indicative perfective
3559	дорого	adv	expensively, dearly (in an expensive manner, also figuratively)
3560	прокурор	noun	prosecutor, district attorney
3561	раны	noun	genitive singular
3562	народа	noun	genitive singular of наро́д (naród)
3563	малый	adj	small, little; short
3564	закрытый	verb	past passive perfective participle of закры́ть (zakrýtʹ)
3565	восстановить	verb	to restore, to reestablish, to reinstate
3566	исчезла	verb	short feminine singular past indicative perfective of исче́знуть (isčéznutʹ)
3567	подумайте	verb	second-person plural imperative of поду́мать pf (podúmatʹ)
3568	опасность	noun	danger, peril; dangerousness
3569	почувствовал	verb	masculine singular past indicative perfective of почу́вствовать (počúvstvovatʹ)
3570	злишься	verb	second-person singular present indicative imperfective of зли́ться (zlítʹsja)
3571	заработать	verb	to earn; to start to work
3572	нехорошо	adv	bad, badly (in a bad manner)
3573	роде	noun	prepositional singular of род (rod)
3574	нуждается	verb	third-person singular present indicative imperfective of нужда́ться (nuždátʹsja)
3575	дадим	verb	first-person plural future indicative perfective of дать (datʹ)
3576	сестре	noun	dative/prepositional singular of сестра́ (sestrá)
3577	спрашиваешь	verb	second-person singular present indicative imperfective of спра́шивать (sprášivatʹ)
3578	стреляй	verb	second-person singular imperative imperfective of стреля́ть (streljátʹ)
3579	событий	noun	genitive plural of собы́тие (sobýtije)
3580	редко	adv	rarely, seldom; sparsely
3581	базе	noun	dative/prepositional singular of ба́за (báza)
3582	свободе	noun	dative/prepositional singular of свобо́да (svobóda)
3583	скорую	noun	accusative singular of ско́рая (skóraja)
3584	пуля	noun	bullet (projectile)
3585	минуточку	noun	accusative singular of мину́точка (minútočka)
3586	приглашение	noun	invitation (act of inviting)
3587	слушаешь	verb	second-person singular present indicative imperfective of слу́шать (slúšatʹ)
3588	выйдешь	verb	second-person singular future indicative perfective of вы́йти (výjti)
3589	подписать	verb	to sign (one's own name)
3590	мексика	name	Mexico
3591	точку	noun	accusative singular of то́чка (tóčka)
3592	журнал	noun	magazine, periodical, journal
3593	наркотиков	noun	genitive plural of нарко́тик (narkótik)
3594	вход	noun	entrance, entry
3595	теория	noun	theory
3596	тома	noun	genitive singular of том (tom)
3597	умираю	verb	first-person singular present indicative imperfective of умира́ть (umirátʹ)
3598	стрелял	verb	masculine singular past indicative imperfective of стреля́ть (streljátʹ)
3599	навестить	verb	to visit, to call on, to come and see
3600	создавать	verb	to create; to found, to originate
3601	безопасно	adv	safely (in a safe manner)
3602	настоящего	noun	genitive singular of настоя́щее (nastojáščeje)
3603	прибыл	verb	masculine singular past indicative perfective of прибы́ть (pribýtʹ)
3604	этаж	noun	floor, storey
3605	уволили	verb	plural past indicative perfective of уво́лить (uvólitʹ)
3606	е	intj	yeah!, yo!, oh yeah!
3607	службу	noun	accusative singular of слу́жба (slúžba)
3608	услугу	noun	accusative singular of услу́га (uslúga)
3609	забуду	verb	first-person singular future indicative of забы́ть pf (zabýtʹ)
3610	молчать	verb	to keep silent, to be silent
3611	шутки	noun	genitive singular
3612	подожду	verb	first-person singular future indicative perfective of подожда́ть (podoždátʹ)
3613	проверим	verb	first-person plural future indicative perfective of прове́рить (provéritʹ)
3614	картину	noun	accusative singular of карти́на (kartína)
3615	пей	verb	second-person singular imperative imperfective of пить (pitʹ)
3616	пост	noun	fast (period of restricted eating)
3617	рой	noun	swarm
3618	смех	noun	laugh, laughter
3619	ногами	noun	instrumental plural of нога́ (nogá)
3620	смертельный	adj	mortal, deadly, lethal, fatal
3621	нервный	adj	nerve; nervous; nervous, easily excitable or provoked
3622	поддерживать	verb	to support, to back, to second, to uphold
3623	бить	verb	to beat; to chime (of a clock)
3624	полицейские	noun	nominative plural of полице́йский (policéjskij)
3625	членов	noun	genitive plural
3626	страха	noun	genitive singular of страх (strax)
3627	подать	verb	to give, to proffer, to pass
3628	покажите	verb	second-person plural imperative perfective of показа́ть (pokazátʹ)
3629	привлечь	verb	to attract, to draw (arouse interest)
3630	обещание	noun	promise (vow)
3631	поддержки	noun	genitive singular
3632	начале	noun	prepositional singular of нача́ло (načálo)
3633	следи	verb	second-person singular imperative imperfective of следи́ть (sledítʹ)
3634	джонсон	name	a transliteration of the English surname Johnson
3635	разговора	noun	genitive singular of разгово́р (razgovór)
3636	кусочек	noun	diminutive of кусо́к (kusók): piece, bit, morsel
3637	одежды	noun	inflection of оде́жда (odéžda)
3638	держал	verb	masculine singular past indicative imperfective of держа́ть (deržátʹ)
3639	будучи	verb	present adverbial imperfective participle of быть (bytʹ)
3640	позволит	verb	third-person singular future indicative perfective of позво́лить (pozvólitʹ)
3641	понравилась	verb	feminine singular past indicative perfective of понра́виться (ponrávitʹsja)
3642	обсудим	verb	first-person plural future indicative perfective of обсуди́ть (obsudítʹ)
3643	суп	noun	soup (dish)
3644	обоим	num	dative masculine/neuter plural of о́ба (óba)
3645	встречалась	verb	feminine singular past indicative imperfective of встреча́ться (vstrečátʹsja)
3646	общество	noun	society; association, society, union
3647	тысячу	num	accusative singular of ты́сяча (týsjača)
3648	пойдёшь	verb	second-person singular future indicative perfective of пойти́ (pojtí)
3649	умрёт	verb	third-person singular future indicative perfective of умере́ть (umerétʹ)
3650	отвратительный	adj	disgusting (repulsive, distasteful)
3651	боялась	verb	feminine singular past indicative of боя́ться impf (bojátʹsja)
3652	принимает	verb	third-person singular present indicative imperfective of принима́ть (prinimátʹ)
3653	воздуха	noun	air raid siren
3654	победа	noun	victory
3655	стюарт	name	a transliteration of the English male given name Stewart
3656	старого	noun	genitive singular of ста́рое (stároje)
3657	район	noun	district; region, area
3658	подряд	adv	straight, in a row, in succession, running
3659	поедешь	verb	second-person singular future indicative perfective of пое́хать (pojéxatʹ)
3660	спрошу	verb	first-person singular future indicative perfective of спроси́ть (sprosítʹ)
3661	неделя	noun	week; Sunday
3662	снял	verb	masculine singular past indicative perfective of снять (snjatʹ)
3663	успех	noun	success, progress
3664	личности	noun	genitive/dative/prepositional singular
3665	находятся	verb	inflection of находи́ться (naxodítʹsja)
3666	чья	pron	feminine singular nominative of чей (čej)
3667	перестал	verb	masculine singular past indicative perfective of переста́ть (perestátʹ)
3668	дыши	verb	second-person singular imperative imperfective of дыша́ть (dyšátʹ)
3669	годами	adv	for years; for years on end
3670	целая	adj	feminine nominative singular of це́лый (célyj)
3671	территории	noun	genitive/dative/prepositional singular
3672	уроки	noun	nominative/accusative plural of уро́к (urók)
3673	любили	verb	plural past indicative imperfective of люби́ть (ljubítʹ)
3674	машин	noun	genitive plural of маши́на (mašína)
3675	хватило	verb	neuter singular past indicative perfective of хвати́ть (xvatítʹ)
3676	сцене	noun	dative/prepositional singular of сце́на (scéna)
3677	углу	noun	dative/locative singular of у́гол (úgol)
3678	друзьям	noun	dative plural of друг (drug)
3679	смит	name	a transliteration of the English surname Smith
3680	кармане	noun	prepositional singular of карма́н (karmán)
3681	спасла	verb	feminine singular past indicative perfective of спасти́ (spastí)
3682	попробуйте	verb	second-person plural imperative perfective of попро́бовать (popróbovatʹ)
3683	милорд	noun	milord (English nobleman)
3684	станут	verb	third-person plural future indicative perfective of стать (statʹ)
3685	какую-то	pron	accusative feminine singular of како́й-то (kakój-to)
3686	сценарий	noun	scenario (outline or model of an expected or supposed sequence of events)
3687	доволен	adj	short masculine singular of дово́льный (dovólʹnyj)
3688	фактически	adv	in fact (actually, in truth)
3689	сути	noun	genitive/dative/prepositional singular
3690	директора	noun	genitive/accusative singular of дире́ктор (diréktor)
3691	майка	noun	undershirt, tank top, vest, singlet, wife-beater
3692	съел	verb	masculine singular past indicative perfective of съесть (sʺjestʹ)
3693	пулю	noun	accusative singular of пу́ля (púlja)
3694	газ	noun	gas (state of matter)
3695	торговый	adj	commercial; (relational) trade
3696	хо	intj	ha (expressing laughter)
3697	безумно	adv	madly, awfully; terribly, dreadfully, extremely
3698	слева	adv	on the left; from the left
3699	деньгах	noun	prepositional plural of де́ньга (dénʹga)
3700	надеялась	verb	feminine singular past indicative imperfective of наде́яться (nadéjatʹsja)
3701	принесли	verb	plural past indicative perfective of принести́ (prinestí)
3702	звать	verb	to call; to invite
3703	высоко	adv	high, aloft, high up
3704	сеть	noun	net (used for catching fish), mesh
3705	изменится	verb	third-person singular future indicative perfective of измени́ться (izmenítʹsja)
3706	вторник	noun	Tuesday
3707	летний	adj	summer; summery, summerlike
3708	дешёвый	adj	cheap, empty, worthless
3709	вынужден	adj	short masculine singular of вы́нужденный (výnuždennyj)
3710	едешь	verb	second-person singular present indicative imperfective of е́хать (jéxatʹ)
3711	заднице	noun	dative/prepositional singular of за́дница (zádnica)
3712	ем	verb	first-person singular present indicative imperfective of есть (jestʹ)
3713	тени	noun	inflection of тень (tenʹ)
3714	международный	adj	international
3715	задницы	noun	genitive singular
3716	позволяет	verb	third-person singular present indicative imperfective of позволя́ть (pozvoljátʹ)
3717	показывает	verb	third-person singular present indicative imperfective of пока́зывать (pokázyvatʹ)
3718	поцеловать	verb	to kiss, to give a kiss
3719	прошлым	noun	instrumental singular
3720	закончу	verb	first-person singular future indicative perfective of зако́нчить (zakónčitʹ)
3721	точнее	adv	comparative degree of то́чный (tóčnyj)
3722	пятый	adj	fifth
3723	солдаты	noun	nominative plural of солда́т (soldát)
3724	береги	verb	second-person singular imperative imperfective of бере́чь (beréčʹ)
3725	расследования	noun	genitive singular
3726	большего	noun	genitive singular of бо́льшее (bólʹšeje)
3727	отличие	noun	difference (quality of being different)
3728	веди	verb	second-person singular imperative imperfective of вести́ (vestí)
3729	действует	verb	third-person singular present indicative imperfective of де́йствовать (déjstvovatʹ)
3730	замолчи	verb	second-person singular imperative perfective of замолча́ть (zamolčátʹ)
3731	речи	noun	genitive/dative/prepositional singular
3732	играют	verb	third-person plural present indicative imperfective of игра́ть (igrátʹ)
3733	возражаете	verb	second-person plural present indicative imperfective of возража́ть (vozražátʹ)
3734	этаже	noun	prepositional singular of эта́ж (etáž)
3735	хватало	verb	neuter singular past indicative imperfective of хвата́ть (xvatátʹ)
3736	вреда	noun	genitive singular of вред (vred)
3737	делам	noun	dative plural of де́ло (délo)
3738	средства	noun	genitive singular
3739	представляете	verb	second-person plural present indicative imperfective of представля́ть (predstavljátʹ)
3740	поспать	verb	to sleep, to have some sleep
3741	зеркало	noun	mirror, looking glass
3742	расстроена	adj	short feminine singular of расстро́енный (rasstrójennyj)
3743	верил	verb	masculine singular past indicative imperfective of ве́рить (véritʹ)
3744	читала	verb	feminine singular past indicative imperfective of чита́ть (čitátʹ).
3745	почувствовать	verb	to feel (something)
3746	свободы	noun	genitive singular
3747	нравиться	verb	to please [with dative ‘someone’]
3748	поверил	verb	masculine singular past indicative perfective of пове́рить (povéritʹ)
3749	толку	verb	first-person singular present indicative imperfective of толо́чь (tolóčʹ)
3750	бюро	noun	office, bureau, agency
3751	проснулся	verb	masculine singular past indicative perfective of просну́ться (prosnútʹsja)
3752	отеля	noun	genitive singular of оте́ль (otɛ́lʹ)
3753	фотография	noun	photograph; photography
3754	образец	noun	specimen; example
3755	правительства	noun	genitive singular of прави́тельство (pravítelʹstvo)
3756	области	noun	inflection of о́бласть (óblastʹ)
3757	последствия	noun	genitive singular
3758	услышала	verb	feminine singular past indicative perfective of услы́шать (uslýšatʹ)
3759	меняет	verb	third-person singular present indicative imperfective of меня́ть (menjátʹ)
3760	десяти	num	genitive/dative/prepositional of де́сять (désjatʹ)
3761	бомбу	noun	accusative singular of бо́мба (bómba)
3762	отвести	verb	to lead away; to take / draw aside; to take away
3763	позволите	verb	second-person plural future indicative perfective of позво́лить (pozvólitʹ)
3764	навредить	verb	to do a lot of harm (to by), to harm
3765	браун	name	a transliteration of the English surname Brown
3766	ложный	adj	false (untrue, not factual, wrong)
3767	поступила	verb	feminine singular past indicative perfective of поступи́ть (postupítʹ)
3768	шевелись	verb	second-person singular imperative imperfective of шевели́ться (ševelítʹsja)
3769	поближе	adv	comparative degree of бли́зкий (blízkij): closer, nearer
3770	воздушный	adj	air; aerial; aviation
3771	половиной	noun	instrumental singular of полови́на (polovína)
3772	правды	noun	genitive singular
3773	пакет	noun	small bag, parcel
3774	пойми	verb	second-person singular imperative perfective of поня́ть (ponjátʹ)
3775	движения	noun	genitive singular
3776	какого-то	pron	genitive masculine/neuter singular
3777	переговоры	noun	talks, negotiation
3778	программы	noun	genitive singular
3779	подвале	noun	prepositional singular of подва́л (podvál)
3780	поступать	verb	to act, to behave, to do things (in a certain way)
3781	офиса	noun	genitive singular of о́фис (ófis)
3782	виктория	name	a female given name, Victoria, from Latin, equivalent to English Victoria
3783	победил	verb	masculine singular past indicative perfective of победи́ть (pobedítʹ)
3784	задница	noun	butt
3785	армию	noun	accusative singular of а́рмия (ármija)
3786	грант	noun	grant
3787	урод	noun	monster; ugly creature
3788	захочу	verb	first-person singular future indicative perfective of захоте́ть (zaxotétʹ)
3789	справедливо	adv	justly, fairly (in a just or fair manner)
3790	дне	noun	prepositional singular of день (denʹ)
3791	новом	noun	prepositional singular of но́вое (nóvoje)
3792	фильмы	noun	nominative/accusative plural of фильм (filʹm)
3793	ибо	conj	for, because, as, since
3794	стоишь	verb	second-person singular present indicative imperfective of сто́ить (stóitʹ)
3795	передайте	verb	second-person plural imperative perfective of переда́ть (peredátʹ)
3796	просили	verb	plural past indicative imperfective of проси́ть (prosítʹ)
3797	поддержку	noun	accusative singular of подде́ржка (poddéržka)
3798	проблемой	noun	instrumental singular of пробле́ма (probléma)
3799	концу	noun	dative singular of коне́ц (konéc)
3800	протяжении	noun	prepositional singular of протяже́ние (protjažénije)
3801	больна	adj	short feminine singular of больно́й (bolʹnój)
3802	слышно	adv	audibly
3803	стиль	noun	style; fashion
3804	обращаться	verb	to turn to, to turn into
3805	согласилась	verb	feminine singular past indicative perfective of согласи́ться (soglasítʹsja)
3806	следующие	noun	nominative/accusative plural of сле́дующее (slédujuščeje)
3807	наказать	verb	to punish; to bid, to order
3808	искусство	noun	art; skill, craftsmanship, craft
3809	аварии	noun	genitive/dative/prepositional singular
3810	копов	noun	genitive plural of коп (kop)
3811	счастливо	intj	An informal farewell.
3812	отвезу	verb	first-person singular future indicative perfective of отвезти́ (otveztí)
3813	карьеру	noun	dative singular of карье́р (karʹjér)
3814	дура	noun	imbecile, fool, simpleton, idiot (stupid woman with poor judgment)
3815	се	pron	nominative neuter singular of сей (sej): this, this here
3816	старых	noun	genitive/prepositional plural of ста́рое (stároje)
3817	машиной	noun	instrumental singular of маши́на (mašína)
3818	пригласили	verb	plural past indicative perfective of пригласи́ть (priglasítʹ)
3819	остановите	verb	second-person plural future indicative perfective of останови́ть (ostanovítʹ)
3820	рассказывала	verb	feminine singular past indicative imperfective of расска́зывать (rasskázyvatʹ)
3821	занимаетесь	verb	second-person plural present indicative imperfective of занима́ться (zanimátʹsja)
3822	юн	adj	short masculine singular of ю́ный (júnyj)
3823	улик	noun	genitive plural of ули́ка (ulíka)
3824	интернете	noun	prepositional singular of интерне́т (intɛrnɛ́t)
3825	слушает	verb	third-person singular present indicative imperfective of слу́шать (slúšatʹ)
3826	расслабиться	verb	to relax
3827	продолжает	verb	third-person singular present indicative imperfective of продолжа́ть (prodolžátʹ)
3828	лжи	noun	genitive/dative/prepositional singular
3829	правилам	noun	dative plural of пра́вило (právilo)
3830	хуй	noun	cock, dick, prick (meaning a penis or a highly contemptible male person)
3831	больших	noun	genitive/prepositional plural of бо́льшее (bólʹšeje)
3832	признание	noun	acknowledgement, recognition
3833	делах	noun	prepositional plural of де́ло (délo)
3834	попрощаться	verb	to say goodbye, to bid farewell
3835	отправился	verb	masculine singular past indicative perfective of отпра́виться (otprávitʹsja)
3836	вызвал	verb	masculine singular past indicative perfective of вы́звать (výzvatʹ)
3837	предстоит	verb	third-person singular present indicative imperfective of предстоя́ть (predstojátʹ)
3838	лести	noun	genitive/dative/prepositional singular
3839	обещала	verb	feminine singular past indicative imperfective of обеща́ть (obeščátʹ)
3840	переехать	verb	to move (to change residence)
3841	звонков	noun	genitive plural of звоно́к (zvonók)
3842	остановились	verb	plural past indicative perfective of останови́ться (ostanovítʹsja)
3843	отдавать	verb	to give back, to return
3844	сделки	noun	genitive singular
3845	лора	noun	genitive/accusative singular of лор (lor)
3846	италия	name	Italy (a country in Southern Europe)
3847	опусти	verb	second-person singular imperative perfective of опусти́ть (opustítʹ)
3848	рабочий	noun	worker
3849	статью	noun	instrumental singular of стать (statʹ)
3850	срочный	adj	urgent, pressing
3851	уровне	noun	prepositional singular of у́ровень (úrovenʹ)
3852	сраный	adj	shitty (cheap, of poor quality)
3853	полную	adj	accusative feminine singular of по́лный (pólnyj)
3854	забывай	verb	second-person singular imperative imperfective of забыва́ть (zabyvátʹ)
3855	служить	verb	to serve; to serve, to act, to work (as), to be
3856	поблизости	adv	nearby (close to)
3857	жертвой	noun	instrumental singular of же́ртва (žértva)
3858	прочесть	verb	to finish reading, to read through
3859	мерзкий	adj	vile, disgusting, abominable, nasty, odious
3860	танцы	noun	nominative/accusative plural of та́нец (tánec)
3861	университет	noun	university
3862	заставили	verb	plural past indicative perfective of заста́вить (zastávitʹ)
3863	научился	verb	masculine singular past indicative perfective of научи́ться (naučítʹsja)
3864	что-либо	pron	anything, something
3865	сошла	verb	feminine singular past indicative perfective of сойти́ (sojtí)
3866	скрыть	verb	to hide, to conceal
3867	приходите	verb	second-person plural present indicative imperfective of приходи́ть (prixodítʹ)
3868	рай	noun	paradise, heaven
3869	давал	verb	masculine singular past indicative imperfective of дава́ть (davátʹ)
3870	врачи	noun	nominative plural of врач (vrač)
3871	угроза	noun	threat (expression of intent to injure or punish another)
3872	горе	noun	grief, distress, sadness
3873	невеста	noun	fiancée, bride; marriageable girl
3874	лодку	noun	accusative singular of ло́дка (lódka)
3875	заранее	adv	beforehand, in advance, in good time
3876	ум	noun	mind; intellect
3877	пью	verb	first-person singular present indicative imperfective of пить (pitʹ)
3878	становятся	verb	third-person plural present indicative imperfective of станови́ться (stanovítʹsja)
3879	белого	adj	genitive masculine/neuter singular
3880	учителя	noun	genitive/accusative singular of учи́тель (učítelʹ)
3881	печально	adv	sadly, sorrowfully
3882	сенатор	noun	senator
3883	красавчик	noun	hunk, beauty (beautiful male)
3884	идею	noun	accusative singular of иде́я (idéja)
3885	мадемуазель	noun	mademoiselle, Miss (polite term of address to an unmarried woman)
3886	ранний	adj	early
3887	скажут	verb	third-person plural future indicative perfective of сказа́ть (skazátʹ)
3888	самим	pron	dative plural; instrumental masculine/neuter singular
3889	изменил	verb	masculine singular past indicative perfective of измени́ть (izmenítʹ)
3890	прошёл	verb	masculine singular past indicative perfective of пройти́ (projtí)
3891	видят	verb	third-person plural present indicative imperfective of ви́деть (vídetʹ)
3892	яд	noun	poison, venom; something or someone that has a harmful effect on someone
3893	отследить	verb	to monitor, to trace
3894	напарник	noun	partner, mate, associate
3895	детства	noun	genitive singular of де́тство (détstvo)
3896	пойму	verb	first-person singular future indicative perfective of поня́ть (ponjátʹ)
3897	факты	noun	nominative/accusative plural of факт (fakt)
3898	заканчивается	verb	third-person singular present indicative imperfective of зака́нчиваться (zakánčivatʹsja)
3899	начинают	verb	third-person plural present indicative imperfective of начина́ть (načinátʹ)
3900	родилась	verb	feminine singular past indicative perfective of роди́ться
3901	выпил	verb	masculine singular past indicative perfective of вы́пить (výpitʹ)
3902	период	noun	period (all senses)
3903	ресторане	noun	prepositional singular of рестора́н (restorán)
3904	купили	verb	plural past indicative perfective of купи́ть (kupítʹ)
3905	уважения	noun	genitive singular
3906	подарил	verb	masculine singular past indicative perfective of подари́ть (podarítʹ)
3907	лежать	verb	to lie (to be in a horizontal position)
3908	проверили	verb	plural past indicative perfective of прове́рить (provéritʹ)
3909	л	noun	abbreviation of литр (litr, “liter”)
3910	существо	noun	creature, being
3911	любопытно	adv	curiously, with curiosity
3912	почту	verb	first-person singular future indicative perfective of поче́сть (počéstʹ)
3913	любые	adj	nominative plural
3914	чудовище	noun	monster
3915	непросто	adv	with difficulty
3916	выпей	verb	second-person singular imperative perfective of вы́пить (výpitʹ)
3917	помнит	verb	third-person singular present indicative imperfective of по́мнить (pómnitʹ)
3918	гигантский	adj	giant
3919	смотря	verb	present adverbial imperfective participle of смотре́ть (smotrétʹ)
3920	направлении	noun	prepositional singular of направле́ние (napravlénije)
3921	ненавидишь	verb	second-person singular present indicative imperfective of ненави́деть (nenavídetʹ)
3922	меры	noun	genitive singular
3923	вред	noun	harm, damage; detriment
3924	тема	noun	theme, subject, topic
3925	интерес	noun	interest
3926	красота	noun	beauty (quality of pleasing appearance)
3927	справа	adv	on the right, to the right
3928	кожа	noun	skin; leather
3929	способны	adj	short plural of спосо́бный (sposóbnyj)
3930	настроении	noun	prepositional singular of настрое́ние (nastrojénije)
3931	назвали	verb	plural past indicative of назва́ть pf (nazvátʹ)
3932	всерьёз	adv	in earnest, seriously
3933	убийств	noun	genitive plural of уби́йство (ubíjstvo)
3934	главным	noun	instrumental singular
3935	приходилось	verb	neuter singular past indicative imperfective of приходи́ться (prixodítʹsja)
3936	кровавый	adj	bloody; sanguinary, murderous
3937	менеджер	noun	manager
3938	серийный	adj	serial, (relational) series
3939	подруги	noun	genitive singular
3940	готовый	adj	ready, prepared
3941	лучшему	noun	dative singular of лу́чшее (lúčšeje)
3942	сломал	verb	masculine singular past indicative perfective of слома́ть (slomátʹ)
3943	веду	verb	first-person singular present indicative imperfective of вести́ (vestí)
3944	остановился	verb	masculine singular past indicative perfective of останови́ться (ostanovítʹsja)
3945	жопу	noun	accusative singular of жо́па (žópa)
3946	округе	noun	prepositional singular of о́круг (ókrug)
3947	сознания	noun	genitive singular
3948	везти	verb	to convey, to carry (by vehicle), to deliver, to transport
3949	мощный	adj	mighty, powerful
3950	ножом	noun	instrumental singular of нож (nož)
3951	встречается	verb	third-person singular present indicative imperfective of встреча́ться (vstrečátʹsja)
3952	свинья	noun	pig, hog, sow, swine (mammal of genus Sus)
3953	толстый	adj	thick; large, big
3954	главная	noun	nominative feminine singular of гла́вный (glávnyj, “main, chief”)
3955	товар	noun	commodity, product, article
3956	уровня	noun	genitive singular of у́ровень (úrovenʹ)
3957	кожи	noun	genitive singular
3958	приеду	verb	first-person singular future indicative perfective of прие́хать (prijéxatʹ)
3959	пил	verb	masculine singular past indicative imperfective of пить (pitʹ)
3960	грустный	adj	sad
3961	конечный	adj	final, eventual, ultimate
3962	выражение	noun	act of expressing something, mostly one's feelings or thoughts
3963	научил	verb	masculine singular past indicative perfective of научи́ть (naučítʹ)
3964	сижу	verb	first-person singular present indicative imperfective of сиде́ть (sidétʹ)
3965	такова	det	short feminine singular of таково́й (takovój)
3966	получать	verb	to receive, to get, to obtain, to accept
3967	тошнит	verb	third-person singular present indicative imperfective of тошни́ть (tošnítʹ)
3968	обсуждали	verb	plural past indicative imperfective of обсужда́ть (obsuždátʹ)
3969	фредди	name	a male given name from English, equivalent to English Freddy.
3970	бывшая	verb	nominative feminine singular of бы́вший (bývšij)
3971	аэропорт	noun	airport
3972	позиции	noun	genitive/dative/prepositional singular
3973	повторять	verb	to repeat, to reiterate
3974	прочитать	verb	to read, to read through
3975	разочаровать	verb	to disappoint, to underwhelm, to disillusion, to disenchant
3976	проваливай	verb	second-person singular imperative imperfective of прова́ливать (proválivatʹ)
3977	скорый	adj	fast, quick, rapid, speedy, swift
3978	результате	noun	prepositional singular of результа́т (rezulʹtát)
3979	считается	verb	third-person singular present indicative imperfective of счита́ться (sčitátʹsja)
3980	вправду	adv	really, indeed
3981	станем	verb	first-person plural future indicative of стать pf (statʹ)
3982	белые	adj	nominative plural
3983	прикрытием	noun	instrumental singular of прикры́тие (prikrýtije)
3984	рыба	noun	fish (as a living animal)
3985	форма	noun	form, shape; form (document to be filled)
3986	записку	noun	accusative singular of запи́ска (zapíska)
3987	поделиться	verb	to be divided; to share
3988	относительно	adv	relatively (proportionally)
3989	остановитесь	verb	second-person plural future indicative perfective of останови́ться (ostanovítʹsja)
3990	имели	verb	plural past indicative imperfective of име́ть (imétʹ)
3991	остальным	noun	instrumental singular
3992	учился	verb	masculine singular past indicative imperfective of учи́ться (učítʹsja)
3993	винить	verb	to accuse, to blame
3994	женщинами	noun	instrumental plural of же́нщина (žénščina)
3995	ведут	verb	third-person plural present indicative imperfective of вести́ (vestí)
3996	соседи	noun	nominative plural of сосе́д (soséd)
3997	мешок	noun	sack (large bag for storage and handling)
3998	засранец	noun	scallywag, rascal
3999	сеньор	noun	seigneur
4000	городу	noun	dative/locative singular of го́род (górod)
4001	дикий	adj	wild, savage, untamed
4002	лабораторию	noun	accusative singular of лаборато́рия (laboratórija)
4003	сволочь	verb	to drag, to trail
4004	спасли	verb	plural past indicative perfective of спасти́ (spastí)
4005	дойти	verb	to go to, to come to, to arrive at, to reach
4006	электронный	adj	electron, electronic
4007	классная	adj	nominative feminine singular of кла́ссный (klássnyj)
4008	помогут	verb	third-person plural future indicative perfective of помо́чь (pomóčʹ)
4009	лошади	noun	genitive/dative/prepositional singular
4010	приму	verb	first-person singular future indicative perfective of приня́ть (prinjátʹ)
4011	наркотиками	noun	instrumental plural of нарко́тик (narkótik)
4012	охраны	noun	genitive singular
4013	прокурора	noun	genitive/accusative singular of прокуро́р (prokurór)
4014	банке	noun	prepositional singular of банк (bank)
4015	издеваешься	verb	second-person singular present indicative imperfective of издева́ться (izdevátʹsja)
4016	выходите	verb	second-person plural present indicative imperfective of выходи́ть (vyxodítʹ)
4017	парнями	noun	instrumental plural of па́рень (párenʹ)
4018	останови	verb	second-person singular imperative perfective of останови́ть (ostanovítʹ)
4019	пораньше	adv	a bit earlier
4020	помогал	verb	masculine singular past indicative imperfective of помога́ть (pomogátʹ)
4021	че	noun	The Cyrillic letter Ч, ч.
4022	фигня	noun	stuff; rubbish (nonsense)
4023	представьте	verb	second-person plural imperative perfective of предста́вить (predstávitʹ)
4024	умирают	verb	third-person plural present indicative imperfective of умира́ть (umirátʹ)
4025	лу	name	initialism of Любля́нский университе́т (Ljubljánskij universitét, “UL”)
4026	забрала	verb	feminine singular past indicative of забра́ть pf (zabrátʹ)
4027	убьёт	verb	third-person singular future indicative perfective of уби́ть (ubítʹ)
4028	гость	noun	guest, visitor
4029	монстр	noun	monster (a terrifying and dangerous creature)
4030	мин	noun	min., minute
4031	изменилась	verb	feminine singular past indicative perfective of измени́ться (izmenítʹsja)
4032	помешает	verb	third-person singular future indicative perfective of помеша́ть (pomešátʹ)
4033	сосед	noun	neighbour
4034	попытался	verb	masculine singular past indicative perfective of попыта́ться (popytátʹsja)
4035	острова	noun	genitive singular of о́стров (óstrov)
4036	громко	adv	loudly, aloud
4037	сад	noun	garden, orchard
4038	судьбу	noun	accusative singular of судьба́ (sudʹbá)
4039	добры	adj	short plural of до́брый (dóbryj)
4040	отомстить	verb	to revenge oneself, to avenge (to take vengeance for)
4041	адвокатом	noun	instrumental singular of адвока́т (advokát)
4042	народу	noun	dative/partitive singular of наро́д (naród)
4043	менять	verb	to swap, to barter (to give something to another person and take something in return)
4044	занималась	verb	feminine singular past indicative imperfective of занима́ться (zanimátʹsja)
4045	наиболее	adv	the most, above all, most of all
4046	расскажет	verb	third-person singular future indicative perfective of рассказа́ть (rasskazátʹ)
4047	бум	noun	sensation, racket
4048	открытый	verb	past passive perfective participle of откры́ть (otkrýtʹ)
4049	проснись	verb	second-person singular imperative perfective of просну́ться (prosnútʹsja)
4050	нахуй	adv	alternative form of на́ хуй (ná xuj)
4051	вернутся	verb	third-person plural future indicative perfective of верну́ться (vernútʹsja)
4052	зоя	name	a female given name, Zoya, from Ancient Greek, equivalent to English Zoë or Zoe
4053	каждые	pron	nominative plural
4054	стакан	noun	glass, cup, beaker, tumbler (a cylindrical drinking vessel without a stem or handle)
4055	позвать	verb	to call; to ask, to invite
4056	масло	noun	butter; oil (vegetable or mineral)
4057	русские	adj	nominative plural
4058	врагов	noun	genitive/accusative plural of враг (vrag)
4059	коробку	noun	accusative singular of коро́бка (koróbka)
4060	линию	noun	accusative singular of ли́ния (línija)
4061	существуют	verb	third-person plural present indicative imperfective of существова́ть (suščestvovátʹ)
4062	лан	noun	łan (medieval Polish measurement of field area)
4063	взрыва	noun	genitive singular of взрыв (vzryv)
4064	блестящий	verb	present active imperfective participle of блесте́ть (blestétʹ)
4065	министр	noun	minister (the politician who heads a ministry)
4066	обратиться	verb	to turn (to); to speak (to); to address; to go to
4067	скорости	noun	genitive/dative/prepositional singular
4068	сложнее	adv	comparative degree of сло́жный (slóžnyj)
4069	жалко	adv	pitiably, miserably, wretchedly
4070	передо	prep	alternative form of пе́ред (péred): in front of, before
4071	нету	particle	there is no, there are no
4072	миссия	noun	mission; legation
4073	случайный	adj	accidental, casual, fortuitous, chance
4074	шла	verb	feminine singular past indicative imperfective of идти́ (idtí)
4075	размер	noun	size, dimension, measure, amount
4076	паркер	name	a transliteration of the English surname Parker
4077	окажется	verb	third-person singular future indicative perfective of оказа́ться (okazátʹsja)
4078	падает	verb	third-person singular present indicative imperfective of па́дать (pádatʹ)
4079	медсестра	noun	(female) hospital nurse
4080	сообщили	verb	plural past indicative perfective of сообщи́ть (soobščítʹ)
4081	шёл	verb	masculine singular past indicative imperfective of идти́ (idtí)
4082	ограбление	noun	robbery (act or practice of robbing)
4083	филипп	name	a male given name, Filipp, equivalent to English Phillip
4084	прелесть	noun	charm, fascination
4085	проиграл	verb	masculine singular past indicative perfective of проигра́ть (proigrátʹ)
4086	повторить	verb	to repeat, to reiterate
4087	изменения	noun	genitive singular
4088	привезли	verb	plural past indicative perfective of привезти́ (priveztí)
4089	тереза	name	a female given name, Tereza, equivalent to English Theresa or Teresa
4090	поехала	verb	feminine singular past indicative perfective of пое́хать (pojéxatʹ)
4091	справимся	verb	first-person plural future indicative perfective of спра́виться (správitʹsja)
4092	испортил	verb	masculine singular past indicative perfective of испо́ртить (ispórtitʹ)
4093	бет	noun	genitive plural of бе́та (bɛ́ta)
4094	нечестно	adj	short neuter singular of нече́стный (nečéstnyj)
4095	закончилась	verb	feminine singular past indicative perfective of зако́нчиться (zakónčitʹsja)
4096	свидетеля	noun	genitive/accusative singular of свиде́тель (svidételʹ)
4097	вашими	pron	instrumental plural of ваш (vaš)
4098	картины	noun	genitive singular
4099	зол	adj	short masculine singular of злой (zloj)
4100	курить	verb	to smoke (tobacco etc.)
4101	поездка	noun	tour, journey, trip
4102	хожу	verb	first-person singular present indicative imperfective of ходи́ть (xodítʹ)
4103	отсутствие	noun	lack, absence
4104	утренний	adj	morning-, of the morning
4105	доброго	adj	genitive masculine/neuter singular
4106	убивают	verb	third-person plural present indicative imperfective of убива́ть (ubivátʹ)
4107	спрашивает	verb	third-person singular present indicative imperfective of спра́шивать (sprášivatʹ)
4108	стефан	name	a male given name, equivalent to English Stephen
4109	узнаете	verb	second-person plural future indicative perfective of узна́ть (uznátʹ)
4110	проверка	noun	check, examination, test, verification
4111	боятся	verb	third-person plural present indicative imperfective of боя́ться (bojátʹsja)
4112	чан	noun	tub, vat, tank; tun
4113	плане	noun	prepositional singular of план (plan)
4114	шести	num	singular genitive/dative/prepositional of шесть (šestʹ)
4115	огня	noun	genitive singular of ого́нь (ogónʹ)
4116	мотив	noun	tune; motive, motif
4117	поговорил	verb	masculine singular past indicative perfective of поговори́ть (pogovorítʹ)
4118	занимаются	verb	third-person plural present indicative imperfective of занима́ться (zanimátʹsja)
4119	полицейского	noun	genitive/accusative singular of полице́йский (policéjskij)
4120	назвала	verb	feminine singular past indicative of назва́ть pf (nazvátʹ)
4121	обойтись	verb	to cost; to come to
4122	дурной	adj	foolish, stupid
4123	ненормальный	adj	abnormal (not conforming to rule or system)
4124	реки	noun	genitive singular of река́ (reká)
4125	брату	noun	dative singular of брат (brat)
4126	эмоциональный	adj	emotional
4127	сумму	noun	accusative singular of су́мма (súmma)
4128	пишу	verb	first-person singular present indicative imperfective of писа́ть (pisátʹ)
4129	мальчиков	noun	genitive/accusative plural of ма́льчик (málʹčik)
4130	ставки	noun	genitive singular
4131	материал	noun	material; fabric, material
4132	уважаемый	verb	present passive imperfective participle of уважа́ть (uvažátʹ)
4133	лодке	noun	dative/prepositional singular of ло́дка (lódka)
4134	вали	verb	second-person singular imperative imperfective of вали́ть (valítʹ)
4135	желает	verb	third-person singular present indicative imperfective of жела́ть (želátʹ)
4136	прочим	noun	instrumental singular
4137	перестаньте	verb	second-person plural imperative perfective of переста́ть (perestátʹ)
4138	привела	verb	feminine singular past indicative perfective of привести́ (privestí)
4139	напомнить	verb	to remind, to dun (cause one to experience a memory; bring to a person's notice)
4140	учить	verb	to teach, to instruct (often not in an academic setting)
4141	местечко	noun	A small village or town on the territory of the former Polish–Lithuanian Commonwealth.
4142	застрял	verb	masculine singular past indicative perfective of застря́ть (zastrjátʹ)
4143	трогать	verb	to touch; to move (emotionally)
4144	причёска	noun	haircut, coiffure, hairdo, hair dress, hair style
4145	гас	verb	short masculine singular past indicative imperfective of га́снуть (gásnutʹ)
4146	бросили	verb	plural past indicative perfective of бро́сить (brósitʹ)
4147	творишь	verb	second-person singular present indicative imperfective of твори́ть (tvorítʹ)
4148	север	noun	north; North (northern part of any region)
4149	показаться	verb	to appear, to come into view, to come in sight
4150	заполучить	verb	to get hold (of), to pick up, to get oneself
4151	вероятность	noun	probability, likelihood
4152	испортить	verb	to spoil, to ruin, to mar, to damage
4153	ведьма	noun	witch; hag, shrew, beldam, harridan, vixen
4154	вор	noun	thief
4155	ест	verb	third-person singular present indicative imperfective of есть (jestʹ)
4156	метро	noun	subway, underground
4157	героем	noun	instrumental singular of геро́й (gerój)
4158	передам	verb	first-person singular future indicative perfective of переда́ть (peredátʹ)
4159	братьев	noun	genitive/accusative plural of брат (brat)
4160	заказать	verb	to order, to place an order
4161	пацан	noun	boy, kid, lad, fella (referring to a boy or a young man; can be used as a term of address)
4162	встречаюсь	verb	first-person singular present indicative imperfective of встреча́ться (vstrečátʹsja)
4163	клёво	adv	cool, neat, well
4164	открою	verb	first-person singular future indicative perfective of откры́ть (otkrýtʹ)
4165	взамен	adv	in exchange (as an exchange or replacement; to reciprocate)
4166	неподалёку	adv	nearby, within easy reach
4167	встречаемся	verb	first-person plural present indicative imperfective of встреча́ться (vstrečátʹsja)
4168	кот	noun	tomcat
4169	по-вашему	adv	in your opinion, according to your way of thinking
4170	организовать	verb	to organise, to arrange (to set up, organise)
4171	повредить	verb	to injure, to harm, to hurt, to damage, to cause damage
4172	последних	adj	genitive/prepositional plural
4173	способна	adj	short feminine singular of спосо́бный (sposóbnyj)
4174	члены	noun	nominative plural
4175	угрозу	noun	accusative singular of угро́за (ugróza)
4176	одинокий	adj	solitary, single, lone
4177	следующего	noun	genitive singular of сле́дующее (slédujuščeje)
4178	рыбу	noun	accusative singular of ры́ба (rýba)
4179	пешком	adv	on foot, afoot
4180	службе	noun	dative/prepositional singular of слу́жба (slúžba)
4181	мужу	noun	dative singular of муж (muž)
4182	выжил	verb	masculine singular past indicative perfective of вы́жить (výžitʹ)
4183	кем-нибудь	pron	instrumental of кто́-нибудь (któ-nibudʹ)
4184	захватить	verb	to grasp, to grip, to grab, to clench, to collar
4185	ответила	verb	feminine singular past indicative perfective of отве́тить (otvétitʹ)
4186	пригласила	verb	feminine singular past indicative perfective of пригласи́ть (priglasítʹ)
4187	разок	noun	diminutive of раз (raz)
4188	действий	noun	genitive plural of де́йствие (déjstvije)
4189	реальность	noun	reality
4190	чей	pron	whose; anyone's
4191	корея	name	Korea (two countries in East Asia, North Korea and South Korea)
4192	вес	noun	weight; influence, authority, importance
4193	дорогие	adj	nominative plural
4194	выходной	adj	exit; holiday, day off; festive
4195	ошибаешься	verb	second-person singular present indicative imperfective of ошиба́ться (ošibátʹsja)
4196	сиди	verb	second-person singular imperative imperfective of сиде́ть (sidétʹ)
4197	камере	noun	dative/prepositional singular of ка́мера (kámera)
4198	разницы	noun	genitive singular
4199	пляже	noun	prepositional singular of пляж (pljaž)
4200	послание	noun	message, missive
4201	хи	intj	hee (an expression of laughter)
4202	казино	noun	casino
4203	езжай	verb	second-person singular imperative imperfective of е́хать (jéxatʹ)
4204	благодарения	noun	genitive singular
4205	нравился	verb	masculine singular past indicative imperfective of нра́виться (nrávitʹsja)
4206	первых	noun	genitive/prepositional plural of пе́рвое (pérvoje)
4207	подобные	det	nominative plural
4208	мешать	verb	to stir; to mix, to mingle, to blend
4209	уезжаю	verb	first-person singular present indicative imperfective of уезжа́ть (ujezžátʹ)
4210	ночам	noun	dative plural of ночь (nočʹ)
4211	мечтал	verb	masculine singular past indicative imperfective of мечта́ть (mečtátʹ)
4212	мороженое	noun	ice cream
4213	туалете	noun	prepositional singular of туале́т (tualét)
4214	стою	verb	first-person singular present indicative imperfective of сто́ить (stóitʹ)
4215	побыстрее	adv	comparative degree of бы́стрый (býstryj)
4216	автор	noun	author; the head of a criminal group
4217	запомни	verb	second-person singular imperative perfective of запо́мнить (zapómnitʹ)
4218	успешный	adj	successful (resulting in success)
4219	нарушение	noun	breach, violation, infringement
4220	хён	noun	hyung (elder brother, or an affectionate term of address for a somewhat older man)
4221	встречал	verb	masculine singular past indicative imperfective of встреча́ть (vstrečátʹ)
4222	обязана	adj	short feminine singular of обя́занный (objázannyj)
4223	разговариваю	verb	first-person singular present indicative imperfective of разгова́ривать (razgovárivatʹ)
4224	уехали	verb	plural past indicative perfective of уе́хать (ujéxatʹ)
4225	происходило	verb	neuter singular past indicative imperfective of происходи́ть (proisxodítʹ)
4226	нанести	verb	to drift (on); to carry, to waft, to deposit, to wash ashore (e.g. of snow, sand, etc.)
4227	мальчиком	noun	instrumental singular of ма́льчик (málʹčik)
4228	базу	noun	accusative singular of ба́за (báza)
4229	трудный	adj	hard, difficult
4230	добра	noun	genitive singular of добро́ (dobró)
4231	отдала	verb	feminine singular past indicative perfective of отда́ть (otdátʹ)
4232	луна	noun	moon (the Moon, the satellite of planet Earth)
4233	соглашение	noun	agreement, understanding, consent
4234	перенести	verb	to transfer, to carry, to transport
4235	уладить	verb	to settle, to arrange, to fix up, to reconcile, to make up, to patch up
4236	способом	noun	instrumental singular of спо́соб (spósob)
4237	встал	verb	masculine singular past indicative perfective of встать (vstatʹ)
4238	губы	noun	genitive singular of губа́ (gubá)
4239	канал	noun	channel, canal, pipe
4240	изменит	verb	third-person singular future indicative perfective of измени́ть (izmenítʹ)
4241	шутите	verb	second-person plural present indicative imperfective of шути́ть (šutítʹ)
4242	родить	verb	to give birth; to give rise to
4243	закрыто	adj	short neuter singular of закры́тый (zakrýtyj)
4244	сдать	verb	to deliver, to hand in, to hand over
4245	подними	verb	second-person singular imperative perfective of подня́ть (podnjátʹ)
4246	поможете	verb	second-person plural future indicative perfective of помо́чь (pomóčʹ)
4247	ездить	verb	to go (by horse or vehicle), to ride, to drive
4248	научить	verb	to teach (often not in an academic setting)
4249	печенье	noun	pastry, cruller
4250	колледжа	noun	genitive singular of ко́лледж (kólledž)
4251	брал	verb	masculine singular past indicative imperfective of брать (bratʹ)
4252	саду	noun	dative/partitive singular of сад (sad)
4253	во-вторых	adv	secondly, second (in the second place)
4254	поддержать	verb	to support, to back up, to second
4255	мнению	noun	dative singular of мне́ние (mnénije, “opinion”)
4256	заменить	verb	to replace, to substitute
4257	какова	det	short feminine singular of каково́й (kakovój)
4258	поспорить	verb	to dispute, to argue (for some time)
4259	входит	verb	third-person singular present indicative imperfective of входи́ть (vxodítʹ)
4260	сыр	noun	cheese
4261	согласиться	verb	to agree (to), to consent, to assent
4262	участке	noun	prepositional singular of уча́сток (učástok)
4263	случая	noun	genitive singular of слу́чай (slúčaj)
4264	успеха	noun	genitive singular of успе́х (uspéx)
4265	бесполезно	adv	uselessly
4266	стреляли	verb	plural past indicative imperfective of стреля́ть (streljátʹ)
4267	троих	num	genitive/prepositional
4268	девочкой	noun	instrumental singular of де́вочка (dévočka)
4269	пьяный	adj	drunk; related to foods with alcoholic drinks
4270	лидер	noun	leader
4271	осторожней	adv	comparative degree of осторо́жный (ostoróžnyj)
4272	угадай	verb	second-person singular imperative perfective of угада́ть (ugadátʹ)
4273	помогло	verb	neuter singular past indicative perfective of помо́чь (pomóčʹ)
4274	сидишь	verb	second-person singular present indicative imperfective of сиде́ть (sidétʹ)
4275	бомбы	noun	genitive singular
4276	забери	verb	second-person singular imperative of забра́ть pf (zabrátʹ)
4277	беспокойство	noun	anxiety, concern, uneasiness, nervousness
4278	отряд	noun	detachment, squadron, troop
4279	ожидала	verb	feminine singular past indicative imperfective of ожида́ть (ožidátʹ)
4280	ведёт	verb	third-person singular present indicative imperfective of вести́ (vestí)
4281	получаю	verb	first-person singular present indicative imperfective of получа́ть (polučátʹ)
4282	кредитка	noun	credit card; any bank card that can be used to pay for goods and services
4283	позволила	verb	feminine singular past indicative perfective of позво́лить (pozvólitʹ)
4284	скорой	noun	genitive/dative/instrumental/prepositional singular of ско́рая (skóraja)
4285	снег	noun	snow; snow, the white electrical noise on a TV set when there is no TV signal
4286	звонка	adj	short feminine singular of зво́нкий (zvónkij)
4287	снимай	verb	second-person singular imperative imperfective of снима́ть (snimátʹ)
4288	привлекательный	adj	attractive, winning, alluring
4289	энергию	noun	accusative singular of эне́ргия (enɛ́rgija)
4290	времён	noun	genitive plural of вре́мя (vrémja)
4291	животные	noun	nominative plural of живо́тное (živótnoje)
4292	подготовить	verb	to prepare, to train
4293	рассказали	verb	plural past indicative perfective of рассказа́ть (rasskazátʹ)
4294	естественный	adj	natural (relating to nature)
4295	отправила	verb	feminine singular past indicative perfective of отпра́вить (otprávitʹ)
4296	телом	noun	instrumental singular of те́ло (télo)
4297	стоить	verb	to cost; to be worth
4298	развод	noun	divorce; opening, raising, swinging open
4299	предполагаю	verb	first-person singular present indicative imperfective of предполага́ть (predpolagátʹ)
4300	хороши	adj	short plural of хоро́ший (xoróšij)
4301	чёрту	noun	dative singular of чёрт (čort)
4302	лив	verb	short past adverbial imperfective participle of лить (litʹ)
4303	арест	noun	arrest
4304	искренне	adv	sincerely
4305	играем	verb	first-person plural present indicative imperfective of игра́ть (igrátʹ)
4306	вещами	noun	instrumental plural of вещь (veščʹ)
4307	пусти	verb	second-person singular imperative perfective of пусти́ть (pustítʹ)
4308	использовала	verb	feminine singular past indicative imperfective/perfective of испо́льзовать (ispólʹzovatʹ)
4309	возвращайтесь	verb	second-person plural imperative imperfective of возвраща́ться (vozvraščátʹsja)
4310	организации	noun	genitive/dative/prepositional singular
4311	крышу	noun	accusative singular of кры́ша (krýša)
4312	рубашку	noun	accusative singular of руба́шка (rubáška)
4313	удержать	verb	to retain, to hold, to withhold
4314	конкретно	adv	concretely, specifically
4315	аду	noun	dative singular of ад (ad)
4316	километров	noun	genitive plural of киломе́тр (kilométr)
4317	залог	noun	pawning, pawn; pledge, deposit, security, bail
4318	бей	noun	bey (Turkish official)
4319	обстоятельства	noun	genitive singular
4320	являются	verb	third-person plural present indicative imperfective of явля́ться (javljátʹsja)
4321	найтись	verb	passive of найти́ (najtí): to happen to have, to be discovered
4322	брака	noun	genitive singular of брак (brak)
4323	выходных	noun	genitive/prepositional plural of выходно́й (vyxodnój)
4324	крошка	noun	crumb, bit (a small, broken-off piece of some solid material, e.g. bread)
4325	врага	noun	genitive/accusative singular of враг (vrag)
4326	секретарь	noun	secretary
4327	головной	adj	head; main, principal
4328	воздухе	noun	prepositional singular of во́здух (vózdux)
4329	показывают	verb	third-person plural present indicative imperfective of пока́зывать (pokázyvatʹ)
4330	возвращаюсь	verb	first-person singular present indicative imperfective of возвраща́ться (vozvraščátʹsja)
4331	поиск	noun	search, quest; raid
4332	пытаетесь	verb	second-person plural present indicative imperfective of пыта́ться (pytátʹsja)
4333	приближается	verb	third-person singular present indicative imperfective of приближа́ться (približátʹsja)
4334	ботинки	noun	nominative/accusative plural of боти́нок (botínok)
4335	полицейских	noun	genitive/accusative/prepositional plural of полице́йский (policéjskij)
4336	шоссе	noun	highway
4337	похитили	verb	plural past indicative perfective of похи́тить (poxítitʹ)
4338	софия	name	Sofia (the capital city of Bulgaria)
4339	рассказывай	verb	second-person singular imperative imperfective of расска́зывать (rasskázyvatʹ)
4340	искусства	noun	genitive singular
4341	состоит	verb	third-person singular present indicative imperfective of состоя́ть (sostojátʹ)
4342	выступление	noun	appearance, speech, address
4343	бизнеса	noun	genitive singular of би́знес (bíznɛs)
4344	спорить	verb	to dispute, to argue
4345	скрытый	verb	past passive perfective participle of скрыть (skrytʹ)
4346	считаем	verb	first-person plural present indicative imperfective of счита́ть (sčitátʹ, “to count”)
4347	священник	noun	priest, clergyman
4348	хвост	noun	tail; ponytail
4349	деревне	noun	dative/prepositional singular of дере́вня (derévnja)
4350	меняется	verb	third-person singular present indicative imperfective of меня́ться (menjátʹsja)
4351	украла	verb	feminine singular past indicative perfective of укра́сть (ukrástʹ)
4352	снимки	noun	nominative/accusative plural of сни́мок (snímok)
4353	начинаешь	verb	second-person singular present indicative imperfective of начина́ть (načinátʹ)
4354	признаю	verb	first-person singular future indicative perfective of призна́ть (priznátʹ)
4355	берегу	noun	dative singular of бе́рег (béreg)
4356	дадут	verb	third-person plural future indicative perfective of дать (datʹ)
4357	присаживайтесь	verb	second-person plural imperative imperfective of приса́живаться (prisáživatʹsja)
4358	сиськи	noun	genitive singular
4359	сообщил	verb	masculine singular past indicative perfective of сообщи́ть (soobščítʹ)
4360	кит	noun	whale
4361	визит	noun	visit, call
4362	победу	noun	accusative singular of побе́да (pobéda)
4363	натворил	verb	masculine singular past indicative perfective of натвори́ть (natvorítʹ)
4364	борьбе	noun	dative/prepositional singular of борьба́ (borʹbá)
4365	важна	adj	short feminine singular of ва́жный (vážnyj)
4366	уважение	noun	respect, esteem, deference (admiration for a person or entity because of perceived merit)
4367	судьбы	noun	genitive singular of судьба́ (sudʹbá)
4368	задавать	verb	to set, to assign (an exercise, a lesson)
4369	свобода	noun	freedom, liberty
4370	болтать	verb	to dangle; to shake, to rock, to stir
4371	интернет	noun	Internet
4372	одиноко	adv	alone; in a lonely manner
4373	музыки	noun	genitive singular
4374	флорида	name	Florida (a state of the United States)
4375	рейс	noun	flight (a specific journey made by an aircraft)
4376	отключить	verb	to cut off, to disconnect, to turn off, to switch off, to shut down
4377	законный	adj	lawful, legal (conforming to or recognised by law or rules)
4378	осторожны	adj	short plural of осторо́жный (ostoróžnyj)
4379	сорок	num	forty (40)
4380	попозже	adv	a bit later
4381	любая	det	nominative feminine singular of любо́й (ljubój)
4382	потратил	verb	masculine singular past indicative perfective of потра́тить (potrátitʹ)
4383	комиссар	noun	commissar; commissioner
4384	яркий	adj	bright, brilliant, emitting or reflecting a large amount of light
4385	техас	name	Texas (a state in the south-central region of the United States)
4386	свободна	adj	short feminine singular of свобо́дный (svobódnyj)
4387	дерьмовый	adj	crappy, shitty, lousy
4388	местом	noun	instrumental singular of ме́сто (mésto)
4389	спальне	noun	dative/prepositional singular of спа́льня (spálʹnja)
4390	любовный	adj	love; amorous (indicating love or sexual desire)
4391	подери	verb	second-person singular imperative perfective of подра́ть (podrátʹ)
4392	трус	noun	coward
4393	понимал	verb	masculine singular past indicative imperfective of понима́ть (ponimátʹ)
4394	шли	verb	plural past indicative imperfective of идти́ (idtí)
4395	ответственный	adj	responsible (various senses)
4396	дед	noun	grandfather; old man
4397	убежище	noun	asylum, refuge, sanctuary (a state of safety, protection or shelter)
4398	убежать	verb	to run away, to make off, to flee
4399	чая	noun	genitive singular of чай (čaj)
4400	какими	det	instrumental plural of како́й (kakój)
4401	радости	noun	genitive/dative/prepositional singular
4402	позор	noun	shame, disgrace, infamy, humiliation
4403	вызову	verb	first-person singular future indicative perfective of вы́звать (výzvatʹ)
4404	придти	verb	Pre-1956 spelling of прийти́ (prijtí).
4405	молодая	adj	feminine nominative singular of молодо́й (molodój)
4406	характер	noun	character, temper, disposition
4407	продолжается	verb	third-person singular present indicative imperfective of продолжа́ться (prodolžátʹsja)
4408	лошадей	noun	genitive/accusative plural of ло́шадь (lóšadʹ)
4409	температура	noun	temperature; fever (about disease)
4410	кухню	noun	accusative singular of ку́хня (kúxnja)
4411	жестоко	adv	hard, harshly, sorely, violently, foully, sore, sharply
4412	впечатляет	verb	third-person singular present indicative imperfective of впечатля́ть (vpečatljátʹ)
4413	агенты	noun	nominative plural of аге́нт (agént)
4414	подругой	noun	instrumental singular of подру́га (podrúga)
4415	попросили	verb	plural past indicative perfective of попроси́ть (poprosítʹ)
4416	горит	verb	third-person singular present indicative imperfective of горе́ть (gorétʹ)
4417	предположить	verb	to assume, to suppose
4418	херня	noun	something loathsome or worthless; crud, pants, stuff
4419	основной	adj	basic, fundamental, main, primary, principal, cardinal
4420	сухой	adj	dry; lean
4421	художник	noun	artist, painter
4422	тревога	noun	alarm, alert; trouble, anxiety, uneasiness, fluster, discomposure, disquiet, disquietude
4423	старался	verb	masculine singular past indicative imperfective of стара́ться (starátʹsja)
4424	номере	noun	prepositional singular of но́мер (nómer)
4425	стрит	noun	straight; straight person (non-gay person)
4426	приходила	verb	feminine singular past indicative imperfective of приходи́ть (prixodítʹ)
4427	настроить	verb	to build; to tune (a musical instrument)
4428	плачет	verb	third-person singular present indicative imperfective of пла́кать (plákatʹ)
4429	угадаю	verb	first-person singular future indicative perfective of угада́ть (ugadátʹ)
4430	нанять	verb	to hire, to engage
4431	опасен	adj	short masculine singular of опа́сный (opásnyj)
4432	ищете	verb	second-person plural present indicative imperfective of иска́ть (iskátʹ)
4433	путем	adv	instrumental singular of путь (putʹ)
4434	вооружённый	verb	past passive perfective participle of вооружи́ть (vooružítʹ)
4435	сторона	noun	side, hand, party
4436	ждите	verb	second-person plural imperative imperfective of ждать (ždatʹ)
4437	причинить	verb	to cause, to do
4438	проходи	verb	second-person singular imperative imperfective of проходи́ть (proxodítʹ)
4439	красивое	adj	nominative/accusative neuter singular of краси́вый (krasívyj)
4440	приказы	noun	nominative/accusative plural of прика́з (prikáz)
4441	жутко	adv	frighteningly; terribly, extremely (as an intensifier)
4442	мост	noun	bridge; bridge (a prosthesis replacing one or several adjacent teeth)
4443	жёсткий	adj	hard, stiff, tough, rigid
4444	плану	noun	dative singular of план (plan)
4445	тост	noun	toast (salutation while drinking alcohol)
4446	неизвестно	adj	it is not (well) known
4447	способный	adj	capable (at), able, apt (at), gifted (at/in), talented (at)
4448	спине	noun	dative/prepositional singular of спина́ (spiná)
4449	испугался	verb	masculine singular past indicative perfective of испуга́ться (ispugátʹsja)
4450	вирджиния	name	Virginia (a state of the United States)
4451	идиоты	noun	nominative plural of идио́т (idiót)
4452	подпись	noun	signature; caption, inscription
4453	набор	noun	set, kit, outfit, collection
4454	энтони	name	a male given name, Entoni, from English, equivalent to English Anthony
4455	различный	adj	different (not the same)
4456	каком-то	pron	prepositional masculine/neuter singular of како́й-то (kakój-to)
4457	штатов	noun	genitive plural of штат (štat)
4458	эдриан	name	a transliteration of the English male given name Adrian
4459	убийцей	noun	instrumental singular of уби́йца (ubíjca)
4460	камни	noun	nominative/accusative plural of ка́мень (kámenʹ)
4461	враги	noun	nominative plural of враг (vrag)
4462	храбрый	adj	brave, courageous (strong in the face of fear)
4463	партии	noun	genitive/dative/prepositional singular
4464	стола	noun	genitive singular of стол (stol)
4465	принесите	verb	second-person plural imperative perfective of принести́ (prinestí)
4466	юридический	adj	law; legal
4467	спокойный	adj	calm (unworried, free from anger)
4468	обувь	noun	footwear, shoes
4469	границу	noun	accusative singular of грани́ца (graníca)
4470	подумаю	verb	first-person singular future indicative of поду́мать pf (podúmatʹ)
4471	объект	noun	object (general sense)
4472	братан	noun	older brother; brother
4473	правдой	noun	instrumental singular of пра́вда (právda)
4474	кровотечение	noun	bleeding (the flow or loss of blood from a damaged blood vessel)
4475	берет	noun	beret
4476	разговаривает	verb	third-person singular present indicative imperfective of разгова́ривать (razgovárivatʹ)
4477	порой	adv	at times, now and then
4478	неудобно	adv	uncomfortably; inconveniently
4479	понимают	verb	third-person plural present indicative imperfective of понима́ть (ponimátʹ)
4480	входи	verb	second-person singular imperative imperfective of входи́ть (vxodítʹ)
4481	реакция	noun	reaction; response
4482	самостоятельно	adv	independently, solo
4483	чувств	noun	genitive plural of чу́вство (čúvstvo)
4484	картина	noun	picture (representation of visible reality produced by drawing, etc.)
4485	автобусе	noun	prepositional singular of авто́бус (avtóbus)
4486	большей	adj	genitive/dative/instrumental/prepositional feminine singular of бо́льший (bólʹšij)
4487	так-то	adv	so
4488	сел	verb	masculine singular past indicative perfective of сесть (sestʹ)
4489	приказал	verb	masculine singular past indicative perfective of приказа́ть (prikazátʹ)
4490	вопросом	noun	instrumental singular of вопро́с (voprós)
4491	удача	noun	good luck, success (achievement of one's aim or goal)
4492	влюбился	verb	masculine singular past indicative perfective of влюби́ться (vljubítʹsja)
4493	ногах	noun	prepositional plural of нога́ (nogá)
4494	нежный	adj	gentle, tender; fond
4495	сдаваться	verb	to surrender, to yield
4496	охрану	noun	accusative singular of охра́на (oxrána)
4497	поживаете	verb	second-person plural present indicative imperfective of пожива́ть (poživátʹ)
4498	беда	noun	misfortune, trouble, disaster, mischief
4499	поторопись	verb	second-person singular imperative perfective of поторопи́ться (potoropítʹsja)
4500	отце	noun	prepositional singular of оте́ц (otéc)
4501	притворяться	verb	to shut, to close
4502	возвращения	noun	genitive singular
4503	тень	noun	shade; shadow
4504	советую	verb	first-person singular present indicative imperfective of сове́товать (sovétovatʹ)
4505	недолго	adv	not long (of time)
4506	верится	verb	third-person singular present indicative imperfective of ве́риться (véritʹsja)
4507	зашла	verb	feminine singular past indicative perfective of зайти́ (zajtí)
4508	попался	verb	masculine singular past indicative perfective of попа́сться (popástʹsja)
4509	слышит	verb	third-person singular present indicative imperfective of слы́шать (slýšatʹ)
4510	справится	verb	third-person singular future indicative perfective of спра́виться (správitʹsja)
4511	разрешить	verb	to permit, to allow, to let
4512	возвращением	noun	instrumental singular of возвраще́ние (vozvraščénije)
4513	предложения	noun	inflection of предложе́ние (predložénije)
4514	планету	noun	accusative singular of плане́та (planéta)
4515	серии	noun	genitive/dative/prepositional singular
4516	кресло	noun	armchair, easy chair
4517	выпустить	verb	to let out, to let go, to release, to set free
4518	поездки	noun	genitive singular
4519	долю	noun	accusative singular of до́ля (dólja)
4520	тина	noun	scum, slime (greenish water vegetation)
4521	умнее	adv	comparative degree of у́мный (úmnyj)
4522	магия	noun	magic; supernatural occurrences or feats
4523	двигатель	noun	engine, motor
4524	звоните	verb	second-person plural present indicative imperfective
4525	вечность	noun	eternity
4526	привык	verb	short masculine singular past indicative perfective of привы́кнуть (privýknutʹ)
4527	кузен	noun	male cousin (any male cousin however distant)
4528	отношению	noun	dative singular of отноше́ние (otnošénije)
4529	начнут	verb	third-person plural future indicative perfective of нача́ть (načátʹ)
4530	парочку	noun	accusative singular of па́рочка (páročka)
4531	выключить	verb	to shut down, to turn off, to disable
4532	очаровательный	adj	charming, enchanting, adorable, lovely, fascinating
4533	останемся	verb	first-person plural future indicative perfective of оста́ться (ostátʹsja)
4534	звуки	noun	nominative/accusative plural of звук (zvuk)
4535	мешает	verb	third-person singular present indicative imperfective of меша́ть (mešátʹ)
4536	глупость	noun	stupidity, foolishness, foolery, nonsense (quality of being stupid)
4537	собственность	noun	property; ownership
4538	итальянский	adj	Italian
4539	таков	pron	"like that, like this (sometimes translated as simply ""that""/""those"""" or ""this""/""these"")"
4540	слепой	adj	blind (unable to see)
4541	клёвый	adj	cool, excellent, awesome
4542	потери	noun	genitive singular
4543	понимаем	verb	first-person plural present indicative imperfective of понима́ть (ponimátʹ)
4544	оборудование	noun	equipment, machinery, hardware
4545	заказал	verb	masculine singular past indicative perfective of заказа́ть (zakazátʹ)
4546	книг	noun	genitive plural of кни́га (kníga)
4547	гнев	noun	anger; wrath
4548	помимо	adv	besides
4549	слушал	verb	masculine singular past indicative imperfective of слу́шать (slúšatʹ)
4550	поверишь	verb	second-person singular future indicative perfective of пове́рить (povéritʹ)
4551	парочка	noun	diminutive of па́ра (pára)
4552	бут	noun	rubble, quarry-stone
4553	редкий	adj	rare, unfrequent
4554	главного	noun	genitive singular of гла́вное (glávnoje)
4555	желаете	verb	second-person plural present indicative imperfective of жела́ть (želátʹ)
4556	красивой	adj	genitive/dative/instrumental/prepositional feminine singular of краси́вый (krasívyj)
4557	платит	verb	third-person singular present indicative imperfective of плати́ть (platítʹ)
4558	офицера	noun	genitive/accusative singular of офице́р (oficér)
4559	чаю	verb	first-person singular present indicative imperfective of ча́ять (čájatʹ)
4560	белье	noun	prepositional singular of бельё (belʹjó)
4561	сосредоточиться	verb	to concentrate, to focus (intransitive)
4562	берегись	verb	second-person singular imperative imperfective of бере́чься (beréčʹsja)
4563	мудак	noun	horse's ass, asshole, dickhead
4564	отделение	noun	department, division, branch
4565	университете	noun	prepositional singular of университе́т (universitét)
4566	милые	noun	nominative plural of ми́лая (mílaja)
4567	вернул	verb	masculine singular past indicative perfective of верну́ть (vernútʹ)
4568	четверо	num	four (in a group together), four of them
4569	тепло	noun	heat (physics: thermal energy)
4570	потерянный	verb	past passive perfective participle of потеря́ть (poterjátʹ)
4571	глубже	adv	comparative degree of глубо́кий (glubókij)
4572	эффект	noun	effect; impression, psychological impact
4573	пульс	noun	pulse (regular beat caused by the heart)
4574	трудом	noun	instrumental singular of труд (trud)
4575	пускай	verb	second-person singular imperative imperfective of пуска́ть (puskátʹ)
4576	пятьдесят	num	fifty (50)
4577	грубо	adv	coarsely, roughly
4578	опухоль	noun	tumour, tumor
4579	выполнять	verb	to carry out, to implement, to accomplish, to fulfill, to execute, to perform
4580	проводит	verb	third-person singular present indicative imperfective
4581	линия	noun	line (path through two or more points, or figuratively)
4582	обид	noun	genitive plural of оби́да (obída)
4583	оплатить	verb	to pay, to repay, to pay off
4584	кончится	verb	third-person singular future indicative perfective of ко́нчиться (kónčitʹsja)
4585	крупный	adj	coarse, coarse-grained
4586	берите	verb	second-person plural imperative imperfective of брать (bratʹ)
4587	кричит	verb	third-person singular present indicative imperfective of крича́ть (kričátʹ)
4588	темноте	noun	dative/prepositional singular of темнота́ (temnotá)
4589	устроим	verb	first-person plural future indicative perfective of устро́ить (ustróitʹ)
4590	спасать	verb	to save, to rescue
4591	пиццу	noun	accusative singular of пи́цца (pícca)
4592	беспокоить	verb	to bother, to disturb
4593	обеспечить	verb	to provide, to supply
4594	покой	noun	calm, rest, peace
4595	малыша	noun	genitive/accusative singular of малы́ш (malýš)
4596	сходи	verb	second-person singular imperative imperfective/perfective of сходи́ть (sxodítʹ)
4597	босса	noun	genitive/accusative singular of босс (boss)
4598	грей	verb	second-person singular imperative imperfective of греть (gretʹ)
4599	занимаемся	verb	first-person plural present indicative imperfective of занима́ться (zanimátʹsja)
4600	солнышко	noun	ray of sunshine, darling, sweetheart, baby (form of address)
4601	испанский	adj	Spanish
4602	бегать	verb	to run
4603	дневник	noun	diary; journal, datebook, daybook
4604	моменты	noun	nominative/accusative plural of моме́нт (momént)
4605	неприятно	adv	disagreeably, unpleasantly
4606	домик	noun	diminutive of дом (dom); a little house
4607	стекло	noun	glass; chimney (of kerosene lamp)
4608	прими	verb	second-person singular imperative perfective of приня́ть (prinjátʹ)
4609	влюблена	adj	short feminine singular of влюблённый (vljubljónnyj)
4610	незаконный	adj	unlawful, illegal
4611	ян	noun	yang
4612	ужина	noun	genitive singular of у́жин (úžin)
4613	объяснение	noun	explanation (the act or process of explaining)
4614	снятой	adj	skim, skimmed: only used in снято́е молоко́ (snjatóje molokó, “skim milk”)
4615	мю	noun	mu
4616	допустить	verb	to admit; to permit, to allow, to tolerate
4617	крыше	noun	dative/prepositional singular of кры́ша (krýša)
4618	ожидать	verb	to expect, to anticipate
4619	детектива	noun	genitive singular
4620	провёл	verb	masculine singular past indicative perfective of провести́ (provestí)
4621	крик	noun	cry (a shout or scream), outcry, scream, shout, shouting, yell
4622	называли	verb	plural past indicative imperfective of называ́ть (nazyvátʹ)
4623	играла	verb	feminine singular past indicative imperfective of игра́ть (igrátʹ)
4624	выразить	verb	to express, to convey (meaning)
4625	успокоиться	verb	to calm down, to quiet down
4626	надежду	noun	accusative singular of наде́жда (nadéžda)
4627	всяких	pron	genitive/prepositional plural
4628	использую	verb	inflection of испо́льзовать (ispólʹzovatʹ)
4629	страдать	verb	to suffer; to be subject to
4630	футбольный	adj	football, soccer
4631	градусов	noun	genitive plural of гра́дус (grádus)
4632	марш	noun	march; flight of stairs
4633	клара	name	a female given name, Klara, equivalent to English Clara
4634	упасть	verb	to fall, to drop
4635	починить	verb	to repair, to mend, to fix
4636	замке	noun	prepositional singular of за́мок (zámok)
4637	крепко	adv	firmly, solidly, fast, strong, hard
4638	послали	verb	plural past indicative perfective of посла́ть (poslátʹ)
4639	заплатили	verb	plural past indicative of заплати́ть pf (zaplatítʹ)
4640	спокойствие	noun	calmness (the state of being calm; tranquillity; silence)
4641	скучал	verb	masculine singular past indicative imperfective of скуча́ть (skučátʹ)
4642	колин	adj	Kolya's
4643	согласились	verb	plural past indicative perfective of согласи́ться (soglasítʹsja)
4644	такому	det	masculine/neuter dative singular of тако́й (takój)
4645	событие	noun	event, occurrence, incident
4646	дама	noun	lady; dance partner
4647	используй	verb	second-person singular imperative imperfective/perfective of испо́льзовать (ispólʹzovatʹ)
4648	извиняться	verb	to apologize (to make an apology or defense)
4649	предал	verb	masculine singular past indicative perfective of преда́ть (predátʹ)
4650	соль	noun	salt; point
4651	сидела	verb	feminine singular past indicative imperfective of сиде́ть (sidétʹ)
4652	би	noun	B, b
4653	подозрительный	adj	suspicious (arousing suspicion), suspect, shady
4654	теории	noun	genitive/dative/prepositional singular
4655	стул	noun	chair, seat; knock at the door, four in the lotto game
4656	месть	noun	revenge, vengeance
4657	ошибкой	noun	instrumental singular of оши́бка (ošíbka)
4658	терпение	noun	patience, endurance (quality of being patient)
4659	целых	noun	genitive/prepositional plural of це́лое (céloje)
4660	совместный	adj	joint, shared (done by two or more people or organisations working together)
4661	вида	noun	genitive singular of вид (vid)
4662	обязанности	noun	genitive/dative/prepositional singular
4663	поздравления	noun	genitive singular
4664	выхожу	verb	first-person singular present indicative imperfective of выходи́ть (vyxodítʹ)
4665	днях	noun	prepositional plural of день (denʹ)
4666	сна	noun	genitive singular of сон (son)
4667	удалить	verb	to remove; to send away, to dismiss
4668	удобный	adj	comfortable, convenient
4669	выясним	verb	first-person plural future indicative perfective of вы́яснить (výjasnitʹ)
4670	популярный	adj	popular
4671	капли	noun	liquid medicine in the form of drops
4672	светлый	adj	light (having light), bright
4673	здоров	adj	short masculine singular of здоро́вый (zdoróvyj)
4674	по-английски	adv	in English; quietly, suddenly, without permission (compare: French leave)
4675	отделе	noun	prepositional singular of отде́л (otdél)
4676	дочка	noun	girl, honey (term of address for a young woman)
4677	небе	noun	prepositional singular of не́бо (nébo)
4678	шее	noun	dative/prepositional singular of ше́я (šéja)
4679	исчезнуть	verb	to disappear, to vanish
4680	учёба	noun	studies, learning
4681	остаток	noun	remainder, rest, residue, remnant
4682	птица	noun	bird
4683	встань	verb	second-person singular imperative perfective of встать (vstatʹ)
4684	клетки	noun	genitive singular
4685	убраться	verb	to clean up, to tidy up
4686	ставить	verb	to put, to place, to set, to stand, to station
4687	программе	noun	dative/prepositional singular of програ́мма (prográmma)
4688	новостях	noun	prepositional plural of но́вость (nóvostʹ)
4689	пропали	verb	plural past indicative perfective of пропа́сть (propástʹ)
4690	отойти	verb	to go away, to go aside, to move away, to move aside
4691	разговаривала	verb	feminine singular past indicative imperfective of разгова́ривать (razgovárivatʹ)
4692	разговоров	noun	genitive plural of разгово́р (razgovór)
4693	выиграли	verb	plural past indicative perfective of вы́играть (výigratʹ)
4694	ноль	noun	zero (0); nil, nothing
4695	плачь	verb	second-person singular imperative imperfective of пла́кать (plákatʹ)
4696	эмоции	noun	genitive/dative/prepositional singular
4697	пространство	noun	space (intervening contents of a volume)
4698	увидят	verb	third-person plural future indicative perfective of уви́деть (uvídetʹ)
4699	заодно	adv	in concert, as one
4700	возражаешь	verb	second-person singular present indicative imperfective of возража́ть (vozražátʹ)
4701	сменить	verb	to change, to replace
4702	линкольн	name	Lincoln (the capital city of Nebraska, United States)
4703	используя	verb	present imperfective adverbial participle of испо́льзовать (ispólʹzovatʹ): while using
4704	считай	verb	second-person singular imperative imperfective of счита́ть (sčitátʹ, “to count”)
4705	ударить	verb	to strike, to knock, to hit, to punch
4706	вывести	verb	to take out, to lead out, to bring out, to move out; to help out (help someone to get off)
4707	пальцем	noun	instrumental singular of па́лец (pálec, “finger, toe, pin, cam”)
4708	веру	noun	accusative singular of ве́ра (véra)
4709	эх	intj	alas!, oh!, uh; oh, what a...
4710	законы	noun	nominative/accusative plural of зако́н (zakón)
4711	испания	name	Spain (a country in Southern Europe, including most of the Iberian peninsula)
4712	сомнений	noun	genitive plural of сомне́ние (somnénije)
4713	клиенты	noun	nominative plural of клие́нт (klijént)
4714	усилия	noun	genitive singular
4715	посадить	verb	to seat, to set
4716	англия	name	England (a constituent country of the United Kingdom)
4717	верёвка	noun	rope, line
4718	сотрудников	noun	genitive/accusative plural of сотру́дник (sotrúdnik)
4719	лечь	verb	to lie down; to fall, to cover (of snow etc. on the ground)
4720	признательный	adj	grateful, appreciative, thankful
4721	врачу	noun	dative singular of врач (vrač)
4722	ходишь	verb	second-person singular present indicative imperfective of ходи́ть (xodítʹ)
4723	природы	noun	genitive singular
4724	банковский	adj	bank
4725	утверждает	verb	third-person singular present indicative imperfective of утвержда́ть (utverždátʹ)
4726	почувствовала	verb	feminine singular past indicative perfective of почу́вствовать (počúvstvovatʹ)
4727	показывать	verb	to show; to display, to reveal
4728	исследование	noun	research, study
4729	исключить	verb	to exclude; to expel
4730	знай	verb	second-person singular imperative imperfective of знать (znatʹ)
4731	костюме	noun	prepositional singular of костю́м (kostjúm)
4732	чо	pron	what, alternative form of что (što), alternative form of чё (čo)
4733	благодарна	adj	short feminine singular of благода́рный (blagodárnyj)
4734	эрл	noun	eorl, earl (in Anglo-Saxon England before the Norman conquest)
4735	тщательно	adv	carefully, thoroughly
4736	просим	verb	first-person plural present indicative imperfective of проси́ть (prosítʹ)
4737	полезно	adv	beneficially; usefully, helpfully
4738	умно	adv	cleverly, wisely, sensibly
4739	студии	noun	genitive/dative/prepositional singular
4740	погода	noun	weather; bad weather
4741	км	noun	km, kilometer
4742	поставь	verb	second-person singular imperative perfective of поста́вить (postávitʹ)
4743	командой	noun	instrumental singular of кома́нда (kománda)
4744	средств	noun	genitive plural of сре́дство (srédstvo)
4745	конкретный	adj	concrete, specific, particular, perceivable, real
4746	объяснять	verb	to explain, to illustrate, to clarify, to illuminate
4747	тв	noun	TV, television
4748	диване	noun	prepositional singular of дива́н (diván)
4749	жених	noun	bridegroom; fiancé
4750	кнопку	noun	accusative singular of кно́пка (knópka)
4751	ванну	noun	accusative singular of ва́нна (vánna)
4752	председатель	noun	chairman, president
4753	обстоятельствах	noun	prepositional plural of обстоя́тельство (obstojátelʹstvo)
4754	неприятный	adj	disagreeable, unpleasant
4755	пойдут	verb	third-person plural future indicative perfective of пойти́ (pojtí)
4756	следующим	noun	instrumental singular
4757	нетерпением	noun	instrumental singular of нетерпе́ние (neterpénije)
4758	телефоне	noun	prepositional singular of телефо́н (telefón)
4759	изнутри	adv	from within, from the inside, from inside, out of
4760	шестой	adj	sixth
4761	воняет	verb	third-person singular present indicative imperfective of воня́ть (vonjátʹ)
4762	минутка	noun	diminutive of мину́та (minúta): minute, (short) moment
4763	позволишь	verb	second-person singular future indicative perfective of позво́лить (pozvólitʹ)
4764	юг	noun	south; South — southern part of any region
4765	страсть	noun	passion; obsession
4766	взрослые	noun	nominative plural of взро́слый (vzróslyj)
4767	течении	noun	prepositional singular of тече́ние (tečénije)
4768	задумал	verb	masculine singular past indicative perfective of заду́мать (zadúmatʹ)
4769	трусы	noun	underwear, underpants, shorts
4770	следил	verb	masculine singular past indicative imperfective of следи́ть (sledítʹ)
4771	иск	noun	suit, action; complaint, claim
4772	опаздываю	verb	first-person singular present indicative imperfective of опа́здывать (opázdyvatʹ)
4773	присядь	verb	second-person singular imperative perfective of присе́сть (priséstʹ)
4774	передал	verb	masculine singular past indicative perfective of переда́ть (peredátʹ)
4775	покинул	verb	masculine singular past indicative perfective of поки́нуть (pokínutʹ)
4776	втором	noun	prepositional singular of второ́е (vtoróje)
4777	эфире	noun	prepositional singular of эфи́р (efír)
4778	разрешите	verb	second-person plural future indicative perfective
4779	списка	noun	genitive singular of спи́сок (spísok)
4780	решётка	noun	lattice; grid
4781	рассчитывать	verb	to calculate, to compute
4782	коем	det	prepositional masculine/neuter singular of ко́й (kój)
4783	эксперт	noun	expert
4784	произойдёт	verb	third-person singular future indicative perfective of произойти́ (proizojtí)
4785	личной	adj	face; facial
4786	центра	noun	genitive singular of центр (centr)
4787	ставлю	verb	first-person singular present indicative imperfective of ста́вить (stávitʹ)
4788	прочитал	verb	masculine singular past indicative perfective of прочита́ть (pročitátʹ)
4789	рынок	noun	marketplace, market
4790	принца	noun	genitive/accusative singular of принц (princ)
4791	лагере	noun	prepositional singular of ла́герь (lágerʹ)
4792	берлин	noun	berlin (a four-wheeled carriage with a separate sheltered seat behind the body)
4793	вызвали	verb	plural past indicative perfective of вы́звать (výzvatʹ)
4794	позицию	noun	accusative singular of пози́ция (pozícija)
4795	тюремный	adj	prison
4796	агентов	noun	genitive/accusative plural of аге́нт (agént)
4797	реальности	noun	genitive/dative/prepositional singular
4798	поворот	noun	turn (a change of direction or orientation)
4799	пожарный	adj	fire
4800	вставать	verb	to stand up, to get up, to rise
4801	противный	adj	disgusting, repulsive, nasty
4802	отказалась	verb	feminine singular past indicative perfective of отказа́ться (otkazátʹsja)
4803	дышит	verb	third-person singular present indicative imperfective of дыша́ть (dyšátʹ)
4804	застрелить	verb	to shoot, to gun down
4805	бегите	verb	second-person plural imperative imperfective/perfective of бежа́ть (bežátʹ)
4806	расходы	noun	nominative/accusative plural of расхо́д (rasxód)
4807	приличный	adj	decent, proper, respectable
4808	игрок	noun	player; gambler
4809	лодка	noun	boat, dinghy, gig, yawl (a small vessel, often propelled by oars or paddles)
4810	театр	noun	theatre/theater
4811	полон	adj	short masculine singular of по́лный (pólnyj)
4812	предупреждение	noun	notice, warning, notification
4813	бывшей	verb	genitive/dative/instrumental/prepositional feminine singular of бы́вший (bývšij)
4814	опыта	noun	genitive singular of о́пыт (ópyt)
4815	повезти	verb	to convey, to carry (by vehicle), to deliver, to transport
4816	океан	noun	ocean
4817	сердцу	noun	dative singular of се́рдце (sérdce)
4818	смириться	verb	to become reconciled
4819	стоящий	verb	present active imperfective participle of стоя́ть (stojátʹ)
4820	знакомо	adj	short neuter singular of знако́мый (znakómyj)
4821	судно	noun	ship, vessel
4822	предоставить	verb	to let have (to), to leave (to)
4823	смертный	adj	mortal (susceptible to death)
4824	приговор	noun	sentence, verdict
4825	уважаю	verb	first-person singular present indicative imperfective of уважа́ть (uvažátʹ)
4826	условиях	noun	prepositional plural of усло́вие (uslóvije)
4827	языке	noun	prepositional singular of язы́к (jazýk)
4828	открыто	adv	avowedly, openly, frankly, publicly (in a frank, open, honest, or too honest manner)
4829	заставило	verb	neuter singular past indicative perfective of заста́вить (zastávitʹ)
4830	молодых	noun	genitive/accusative/prepositional plural of молода́я (molodája)
4831	паспорт	noun	passport; ID card (Russia)
4832	описать	verb	to describe, to depict, to portray (to represent in words)
4833	экзамен	noun	examination, exam, test
4834	гордиться	verb	to be proud
4835	шампанское	noun	champagne
4836	прожить	verb	to live, to outlast
4837	движется	verb	third-person singular present indicative imperfective of дви́гаться (dvígatʹsja)
4838	раскрыть	verb	to open; to uncover, to expose, to bare
4839	фирмы	noun	genitive singular
4840	ошибок	noun	genitive plural of оши́бка (ošíbka)
4841	используем	verb	inflection of испо́льзовать (ispólʹzovatʹ)
4842	возраст	noun	age (whole duration of a being)
4843	меню	noun	menu
4844	чести	noun	genitive/dative/prepositional singular of честь (čestʹ)
4845	американцы	noun	nominative plural of америка́нец (amerikánec)
4846	пострадал	verb	masculine singular past indicative perfective of пострада́ть (postradátʹ)
4847	несправедливо	adv	unjustly, unfairly (in an unjust manner)
4848	белых	adj	genitive/prepositional plural
4849	болван	noun	blockhead, dimwit (stupid person)
4850	тишина	noun	silence, quietness, hush (the lack of any sound)
4851	пределами	noun	instrumental plural of преде́л (predél)
4852	надень	verb	second-person singular imperative perfective of наде́ть (nadétʹ)
4853	заслуживаешь	verb	second-person singular present indicative imperfective of заслу́живать (zaslúživatʹ)
4854	бедняжка	noun	endearing diminutive of бедня́га (bednjága): poor thing, poor fellow, poor devil
4855	напишу	verb	first-person singular future indicative perfective of написа́ть (napisátʹ)
4856	доверяешь	verb	second-person singular present indicative imperfective of доверя́ть (doverjátʹ)
4857	тюрьма	noun	prison, jail
4858	угрозы	noun	genitive singular
4859	пробовал	verb	masculine singular past indicative imperfective of про́бовать (próbovatʹ)
4860	небеса	noun	heavens, skies
4861	справился	verb	masculine singular past indicative perfective of спра́виться (správitʹsja)
4862	даг	noun	Dagestani (native of Dagestan)
4863	трюк	noun	trick, stunt, feat
4864	приносит	verb	third-person singular present indicative imperfective of приноси́ть (prinosítʹ)
4865	войска	noun	troops, armed forces
4866	поговорили	verb	plural past indicative perfective of поговори́ть (pogovorítʹ)
4867	вела	verb	feminine singular past indicative imperfective of вести́ (vestí)
4868	бабушки	noun	genitive singular
4869	проснуться	verb	to awake, to wake up
4870	впечатлить	verb	to impress
4871	бассейн	noun	swimming pool; basin
4872	проснулась	verb	feminine singular past indicative perfective of просну́ться (prosnútʹsja)
4873	гитлер	name	a transliteration of the German surname Hitler
4874	всякие	pron	nominative plural
4875	приготовила	verb	feminine singular past indicative perfective of пригото́вить (prigotóvitʹ)
4876	водить	verb	to lead, to conduct, to guide
4877	планета	noun	planet
4878	насилия	noun	genitive singular
4879	бегом	adv	running, at a run
4880	марка	noun	stamp (small, adhesive paper document)
4881	похитить	verb	to abduct, to kidnap
4882	бросьте	verb	second-person plural imperative perfective of бро́сить (brósitʹ)
4883	груз	noun	weight, load; burden
4884	показали	verb	plural past indicative perfective of показа́ть (pokazátʹ)
4885	сняли	verb	plural past indicative perfective of снять (snjatʹ)
4886	смс	noun	Short Message Service
4887	эл	noun	The Cyrillic letter Л, л.
4888	диск	noun	disk, disc; discus, platter
4889	помогаю	verb	first-person singular present indicative imperfective of помога́ть (pomogátʹ)
4890	разный	adj	different, diverse, unlike
4891	силе	noun	dative/prepositional singular of си́ла (síla)
4892	прятаться	verb	to hide, to conceal oneself, to hide away (intransitive)
4893	приёмный	adj	reception, waiting (of a room, etc.)
4894	ясный	adj	clear; bright
4895	глянь	verb	second-person singular imperative perfective of гля́нуть (gljánutʹ)
4896	предлагаешь	verb	second-person singular present indicative imperfective of предлага́ть (predlagátʹ)
4897	присутствие	noun	presence, attendance (the fact or condition of being present)
4898	членом	noun	instrumental singular of член (člen)
4899	грязные	adj	nominative plural
4900	редактор	noun	editor (person who edits)
4901	советник	noun	advisor, counselor, councillor
4902	полицией	noun	instrumental singular of поли́ция (polícija)
4903	временно	adv	temporarily
4904	салат	noun	salad (dish); lettuce
4905	соседний	adj	neighboring, next to
4906	г.	noun	abbreviation of год (god, “year”)
4907	ненавидеть	verb	to hate (strong)
4908	называешь	verb	second-person singular present indicative imperfective of называ́ть (nazyvátʹ)
4909	пойдёмте	verb	come on; let's go
4910	пропустила	verb	feminine singular past indicative perfective of пропусти́ть (propustítʹ)
4911	наполовину	adv	in half; by halves
4912	летит	verb	third-person singular present indicative imperfective of лете́ть (letétʹ)
4913	строить	verb	to build, to construct
4914	подробности	noun	genitive/dative/prepositional singular
4915	ричи	name	a transliteration of the English male given name Richie
4916	беде	noun	dative/prepositional singular of беда́ (bedá)
4917	крики	noun	nominative/accusative plural of крик (krik)
4918	духа	noun	inflection of дух (dux)
4919	захотела	verb	feminine singular past indicative perfective of захоте́ть (zaxotétʹ)
4920	миледи	noun	milady (English noblewoman)
4921	делается	verb	third-person singular present indicative imperfective of де́латься (délatʹsja)
4922	числа	noun	genitive singular of число́ (čisló)
4923	помешать	verb	to disturb, to hinder, to impede
4924	переехал	verb	masculine singular past indicative perfective of перее́хать (perejéxatʹ)
4925	объявить	verb	to declare, to tell, to advertise, to express
4926	молчание	noun	silence
4927	задержать	verb	to hold up, detain, to hold back, to stop
4928	закону	noun	dative singular of зако́н (zakón)
4929	воли	noun	genitive singular
4930	ищите	verb	second-person plural imperative imperfective of иска́ть (iskátʹ)
4931	пушку	noun	accusative singular of пу́шка (púška)
4932	сравнению	noun	dative singular of сравне́ние (sravnénije)
4933	рынке	noun	prepositional singular of ры́нок (rýnok)
4934	подозреваемого	noun	genitive/accusative singular of подозрева́емый (podozrevájemyj)
4935	напугал	verb	masculine singular past indicative perfective of напуга́ть (napugátʹ)
4936	чемодан	noun	suitcase, trunk
4937	американский	adj	American
4938	нападения	noun	genitive singular
4939	спасение	noun	rescue, salvation (act of rescuing, saving)
4940	спрашивала	verb	feminine singular past indicative imperfective of спра́шивать (sprášivatʹ)
4941	жизней	noun	genitive plural of жизнь (žiznʹ)
4942	купи	verb	second-person singular imperative perfective of купи́ть (kupítʹ)
4943	борьбы	noun	genitive singular of борьба́ (borʹbá)
4944	начиная	verb	present adverbial imperfective participle of начина́ть (načinátʹ)
4945	пароль	noun	password
4946	шкафу	noun	dative singular of шкаф (škaf)
4947	многим	noun	instrumental singular of мно́гое (mnógoje)
4948	военные	noun	nominative plural of вое́нный (vojénnyj)
4949	германии	noun	nominative/accusative plural
4950	выросла	verb	feminine singular past indicative perfective of вы́расти (výrasti)
4951	судьи	noun	genitive singular of судья́ (sudʹjá)
4952	исчезли	verb	short plural past indicative perfective of исче́знуть (isčéznutʹ)
4953	грех	noun	sin; fault
4954	мамин	adj	mom’s, mother’s
4955	выглядела	verb	feminine singular past indicative imperfective/perfective of вы́глядеть (výgljadetʹ)
4956	уходят	verb	third-person plural present indicative imperfective
4957	сны	noun	nominative/accusative plural of сон (son)
4958	спятил	verb	masculine singular past indicative perfective of спя́тить (spjátitʹ)
4959	арестован	verb	short masculine singular of аресто́ванный (arestóvannyj)
4960	ухо	noun	ear
4961	вынести	verb	to carry out, to take out, to bring out, to remove
4962	блюдо	noun	dish, plate; dish, course
4963	осторожный	adj	cautious, careful, wary, prudent
4964	молока	noun	genitive singular of молоко́ (molokó)
4965	дьявола	noun	genitive/accusative singular of дья́вол (dʹjávol)
4966	нахожу	verb	first-person singular present indicative imperfective of находи́ть (naxodítʹ)
4967	сдаться	verb	to surrender, to yield
4968	лори	name	Lori (a province of Armenia)
4969	привели	verb	plural past indicative perfective of привести́ (privestí)
4970	грязи	noun	genitive/dative/prepositional singular
4971	важен	adj	short masculine singular of ва́жный (vážnyj)
4972	насилие	noun	violence, force, coercion
4973	повесить	verb	to hang, to hang up
4974	спасения	noun	inflection of спасе́ние (spasénije)
4975	университета	noun	genitive singular of университе́т (universitét)
4976	обещали	verb	plural past indicative imperfective of обеща́ть (obeščátʹ)
4977	подобных	det	genitive/prepositional plural
4978	граф	noun	count, earl (the male ruler of a county)
4979	собраться	verb	to gather, to assemble mutually reflexive
4980	поступок	noun	act, action, behaviour, conduct, deed
4981	способность	noun	ability, capability (the quality or state of being able)
4982	поднимайся	verb	second-person singular imperative imperfective of поднима́ться (podnimátʹsja)
4983	молод	adj	short masculine singular of молодо́й (molodój)
4984	чересчур	adv	too, too much
4985	потеря	noun	loss (something lost)
4986	футов	noun	genitive plural of фут (fut)
4987	уезжать	verb	to go away, to drive off, to leave, to depart (by vehicle)
4988	обеих	num	animate accusative feminine plural
4989	сдал	verb	masculine singular past indicative perfective of сдать (sdatʹ)
4990	отметить	verb	to mark; to note
4991	женщинам	noun	dative plural of же́нщина (žénščina)
4992	заполнить	verb	to fill (something to the end)
4993	мяса	noun	genitive singular of мя́со (mjáso)
4994	боги	noun	nominative plural of бог (box)
4995	смеешь	verb	second-person singular present indicative imperfective of сметь (smetʹ)
4996	удара	noun	genitive singular of уда́р (udár)
4997	съёмка	noun	removal; photo or video shoot, instance of filming
4998	процессе	noun	prepositional singular of проце́сс (procéss)
4999	красная	adj	feminine nominative singular of кра́сный (krásnyj)
5000	досье	noun	dossier
5001	предупреждаю	verb	first-person singular present indicative imperfective of предупрежда́ть (predupreždátʹ)
5002	пройдёт	verb	third-person singular future indicative perfective of пройти́ (projtí)
5003	велел	verb	masculine singular past indicative imperfective/perfective of веле́ть (velétʹ)
5004	сотрудничать	verb	to cooperate, to collaborate
5005	достану	verb	first-person singular future indicative perfective of доста́ть (dostátʹ)
5006	разделить	verb	to divide; to separate
5007	моря	noun	genitive singular of мо́ре (móre)
5008	ублюдки	noun	nominative plural of ублю́док (ubljúdok)
5009	битва	noun	battle, fight, combat
5010	сигареты	noun	genitive singular
5011	читаю	verb	first-person singular present indicative imperfective of чита́ть (čitátʹ)
5012	нужды	noun	genitive singular of нужда́ (nuždá)
5013	темно	adv	darkly; obscurely
5014	обвинить	verb	to accuse, to charge, to blame
5015	версия	noun	version; account, story, theory, narrative (a version of events)
5016	объявление	noun	declaration, announcement, proclamation (act of announcing)
5017	кольца	noun	genitive singular of кольцо́ (kolʹcó)
5018	дворец	noun	palace
5019	преступников	noun	genitive/accusative plural of престу́пник (prestúpnik)
5020	тайна	noun	mystery (something secret or unexplainable)
5021	стреляйте	verb	second-person plural imperative imperfective of стреля́ть (streljátʹ)
5022	гомер	name	Homer
5023	поезда	noun	genitive singular of по́езд (pójezd)
5024	классический	adj	classical (literature, art, etc.)
5025	причинам	noun	dative plural of причи́на (pričína)
5026	поднимите	verb	second-person plural imperative perfective of подня́ть (podnjátʹ)
5027	тайны	noun	inflection of та́йна (tájna)
5028	познакомился	verb	masculine singular past indicative perfective of познако́миться (poznakómitʹsja)
5029	вытащил	verb	masculine singular past indicative perfective of вы́тащить (výtaščitʹ)
5030	заставит	verb	third-person singular future indicative perfective of заста́вить (zastávitʹ)
5031	прислали	verb	plural past indicative perfective of присла́ть (prislátʹ)
5032	боя	noun	genitive singular
5033	игр	noun	genitive plural of игра́ (igrá)
5034	полёт	noun	flight, flying; Polyot (Soviet interim orbital carrier rocket)
5035	опоздала	verb	feminine singular past indicative perfective of опозда́ть (opozdátʹ)
5036	присяжных	noun	genitive/accusative/prepositional plural of прися́жный (prisjážnyj)
5037	наделал	verb	masculine singular past indicative perfective of наде́лать (nadélatʹ)
5038	нервы	noun	nominative/accusative plural of нерв (nerv)
5039	позволили	verb	plural past indicative perfective of позво́лить (pozvólitʹ)
5040	поживаешь	verb	second-person singular present indicative imperfective of пожива́ть (poživátʹ)
5041	бывало	verb	neuter singular past indicative imperfective of быва́ть (byvátʹ)
5042	файлы	noun	nominative/accusative plural of файл (fajl)
5043	первыми	noun	instrumental plural of пе́рвое (pérvoje)
5044	слабость	noun	weakness, feebleness
5045	потратить	verb	to spend, to expend
5046	тонкий	adj	thin; slim, slender
5047	возвращение	noun	return; restitution
5048	поставили	verb	plural past indicative perfective of поста́вить (postávitʹ)
5049	называет	verb	third-person singular present indicative imperfective of называ́ть (nazyvátʹ)
5050	просьба	noun	request, entreaty, plea
5051	собрал	verb	masculine singular past indicative perfective of собра́ть (sobrátʹ)
5052	установили	verb	plural past indicative perfective of установи́ть (ustanovítʹ)
5053	подозреваемых	noun	genitive/accusative/prepositional plural of подозрева́емый (podozrevájemyj)
5054	хранилище	noun	depository, repository, depot, storehouse, warehouse
5055	формы	noun	genitive singular
5056	преследовать	verb	to pursue, to chase
5057	средство	noun	means, facility
5058	полтора	num	one and a half (1½), sesqui-
5059	попытки	noun	genitive singular
5060	близкий	adj	close, near; dear, intimate
5061	крошечный	adj	tiny, wee, diminutive
5062	старым	noun	instrumental singular
5063	спуститься	verb	to descend, to go down
5064	мгновение	noun	moment, instant, twinkling
5065	джина	noun	genitive singular of джин (džin)
5066	выстрелил	verb	masculine singular past indicative perfective of вы́стрелить (výstrelitʹ)
5067	допрос	noun	interrogation (act of interrogating or questioning)
5068	примеру	noun	dative singular of приме́р (primér)
5069	повторится	verb	third-person singular future indicative perfective of повтори́ться (povtorítʹsja)
5070	телефоны	noun	nominative/accusative plural of телефо́н (telefón)
5071	идей	noun	genitive plural of иде́я (idéja)
5072	мальчишка	noun	urchin, boy; greenhorn
5073	всяком	pron	prepositional masculine/neuter singular of вся́кий (vsjákij)
5074	шикарный	adj	chic, smart, splendid, grand, magnificent, stylish (elegant)
5075	алкоголь	noun	ethanol, ethyl alcohol
5076	удовольствия	noun	genitive singular
5077	устроили	verb	plural past indicative perfective of устро́ить (ustróitʹ)
5078	наручники	noun	nominative/accusative plural of нару́чник (narúčnik)
5079	подкрепление	noun	reinforcement; refreshment (food)
5080	приз	noun	prize
5081	рана	noun	wound, injury; suffering, heartache
5082	убита	adj	short feminine singular of уби́тый (ubítyj)
5083	признался	verb	masculine singular past indicative perfective of призна́ться (priznátʹsja)
5084	уеду	verb	first-person singular future indicative perfective of уе́хать (ujéxatʹ)
5085	боитесь	verb	second-person plural present indicative imperfective of боя́ться (bojátʹsja)
5086	политика	noun	politics; policy
5087	показала	verb	feminine singular past indicative perfective of показа́ть (pokazátʹ)
5088	восхитительно	adj	short neuter singular of восхити́тельный (vosxitítelʹnyj)
5089	числе	noun	prepositional singular of число́ (čisló)
5090	шоколадный	adj	chocolate
5091	технически	adv	technically
5092	верхний	adj	upper
5093	прогуляться	verb	to take a walk/stroll, to promenade
5094	бал	noun	ball, dance
5095	получаешь	verb	second-person singular present indicative imperfective of получа́ть (polučátʹ)
5096	отправлю	verb	first-person singular future indicative perfective of отпра́вить (otprávitʹ)
5097	отдыха	noun	genitive singular of о́тдых (ótdyx)
5098	пункт	noun	point; point, station
5099	выступать	verb	to project, to protrude, to jut, to jut out, to come out, to stand out
5100	направить	verb	to direct; to turn, to aim, to level, to point
5101	брошу	verb	first-person singular future indicative perfective of бро́сить (brósitʹ)
5102	поможем	verb	first-person plural future indicative perfective of помо́чь (pomóčʹ)
5103	холли	name	a transliteration of the English surname Holly
5104	третьего	noun	genitive singular of тре́тье (trétʹje)
5105	спали	verb	plural past indicative imperfective of спать (spatʹ)
5106	повидаться	verb	to see, to meet, to see each other
5107	влияние	noun	influence, effect
5108	доказывает	verb	third-person singular present indicative imperfective of дока́зывать (dokázyvatʹ)
5109	постоянный	adj	constant, permanent
5110	победы	noun	genitive singular
5111	мнения	noun	genitive singular
5112	среду	noun	accusative singular of среда́ (sredá); Wednesday
5113	присесть	verb	to sit down; to squat
5114	родной	adj	native, childhood, home
5115	эли	noun	nominative/accusative plural of эль (elʹ)
5116	очков	noun	genitive of очки́ (očkí)
5117	знакомый	adj	familiar; acquainted (with)
5118	альбом	noun	album
5119	белая	adj	nominative feminine singular of бе́лый (bélyj)
5120	парой	noun	instrumental singular of па́ра (pára)
5121	случаях	noun	prepositional plural of слу́чай (slúčaj)
5122	ка	noun	the Cyrillic letter К, к
5123	харрис	name	a transliteration of the English surname Harris
5124	приготовил	verb	masculine singular past indicative perfective of пригото́вить (prigotóvitʹ)
5125	произошла	verb	feminine singular past indicative perfective of произойти́ (proizojtí)
5126	ловушка	noun	trap, snare
5127	написали	verb	plural past indicative perfective of написа́ть (napisátʹ)
5128	третья	noun	third (fraction)
5129	корабли	noun	nominative/accusative plural of кора́бль (koráblʹ)
5130	победитель	noun	winner, victor, vanquisher
5131	мэра	noun	genitive/accusative singular of мэр (mɛr)
5132	грязь	noun	dirt (uncleanliness)
5133	неприятностей	noun	genitive plural of неприя́тность (neprijátnostʹ)
5134	александр	name	a male given name, equivalent to English Alexander
5135	принимал	verb	masculine singular past indicative imperfective of принима́ть (prinimátʹ)
5136	поезде	noun	prepositional singular of по́езд (pójezd)
5137	подвезти	verb	to bring; to give a lift (in a vehicle)
5138	коллега	noun	colleague (fellow member of a profession)
5139	здрасьте	intj	alternative form of здра́сте (zdráste)
5140	плёнка	noun	film, pellicle, tape
5141	солгал	verb	masculine singular past indicative perfective of солга́ть (solgátʹ)
5142	слову	noun	dative singular of сло́во (slóvo)
5143	варианты	noun	nominative/accusative plural of вариа́нт (variánt)
5144	позвонит	verb	third-person singular future indicative perfective of позвони́ть (pozvonítʹ)
5145	минута	noun	minute; moment, instant
5146	вмешиваться	verb	to interfere, to intervene
5147	предложили	verb	plural past indicative perfective of предложи́ть (predložítʹ)
5148	агентом	noun	instrumental singular of аге́нт (agént)
5149	верят	verb	third-person plural present indicative imperfective of ве́рить (véritʹ)
5150	сплошной	adj	solid, compact; sheer, complete, nothing but
5151	браке	noun	prepositional singular of брак (brak)
5152	символ	noun	symbol; character, glyph
5153	забудем	verb	first-person plural future indicative perfective of забы́ть (zabýtʹ)
5154	зубной	adj	tooth; dental
5155	точности	noun	genitive/dative/prepositional singular
5156	ада	noun	genitive singular of ад (ad)
5157	главной	noun	genitive/dative/instrumental/prepositional singular of гла́вная (glávnaja)
5158	лечения	noun	genitive singular
5159	намерен	adj	going to, intending to
5160	громкий	adj	loud; famous; widely known and publicised
5161	монро	name	a transliteration of the English surname Monroe
5162	возвращаемся	verb	first-person plural present indicative imperfective of возвраща́ться (vozvraščátʹsja)
5163	стереть	verb	to wipe, to erase, to efface
5164	священный	adj	sacred, holy
5165	ненавидят	verb	third-person plural present indicative imperfective of ненави́деть (nenavídetʹ)
5166	угрожал	verb	masculine singular past indicative imperfective of угрожа́ть (ugrožátʹ)
5167	осмотреть	verb	to examine, to survey, to inspect
5168	признаков	noun	genitive plural of при́знак (príznak)
5169	какую-нибудь	pron	feminine singular accusative of како́й-нибудь (kakój-nibudʹ)
5170	поужинать	verb	to dine; to have dinner; to have supper
5171	назови	verb	second-person singular imperative perfective of назва́ть (nazvátʹ)
5172	деревья	noun	nominative/accusative plural of де́рево (dérevo)
5173	создание	noun	creation (act of creation)
5174	отныне	adv	henceforth, henceforward, from now on
5175	середине	noun	dative/prepositional singular of середи́на (seredína)
5176	блага	noun	genitive singular
5177	королевы	noun	genitive singular
5178	ответьте	verb	second-person plural imperative perfective of отве́тить (otvétitʹ)
5179	воле	noun	dative/prepositional singular of во́ля (vólja)
5180	центов	noun	genitive plural of цент (cent)
5181	мести	verb	to sweep; to scatter
5182	рита	name	a diminutive of the female given name Маргари́та (Margaríta), equivalent to English Rita
5183	совести	noun	genitive/dative/prepositional singular
5184	успеть	verb	to have time, to find time
5185	носом	noun	instrumental singular of нос (nos)
5186	разбил	verb	masculine singular past indicative perfective of разби́ть (razbítʹ)
5187	уголовный	adj	crime; criminal, penal (being against the law)
5188	газете	noun	dative/prepositional singular of газе́та (gazéta)
5189	деревню	noun	accusative singular of дере́вня (derévnja)
5190	кампании	noun	genitive/dative/prepositional singular
5191	лжец	noun	liar
5192	поженились	verb	plural past indicative perfective of пожени́ться (poženítʹsja)
5193	приветствую	verb	first-person singular present indicative imperfective
5194	деревни	noun	inflection of дере́вня (derévnja)
5195	зайду	verb	first-person singular future indicative of зайти́ pf (zajtí)
5196	си	noun	B (musical note)
5197	запустить	verb	to launch (a missile, rocket, a probe, etc.)
5198	человеке	noun	prepositional singular of челове́к (čelovék)
5199	трогайте	verb	second-person plural imperative imperfective of тро́гать (trógatʹ)
5200	врата	noun	gate, gates
5201	сходим	verb	first-person plural present indicative imperfective
5202	нервничаю	verb	first-person singular present indicative imperfective of не́рвничать (nérvničatʹ)
5203	объясни	verb	second-person singular imperative perfective of объясни́ть (obʺjasnítʹ)
5204	принимаешь	verb	second-person singular present indicative imperfective of принима́ть (prinimátʹ)
5205	идеей	noun	instrumental singular of иде́я (idéja)
5206	случаев	noun	genitive plural of слу́чай (slúčaj)
5207	спи	verb	second-person singular imperative imperfective of спать (spatʹ)
5208	встречаешься	verb	second-person singular present indicative imperfective of встреча́ться (vstrečátʹsja)
5209	положите	verb	second-person plural future indicative perfective of положи́ть (položítʹ)
5210	хорошем	adj	prepositional singular masculine/neuter of хоро́ший (xoróšij)
5211	сексуально	adv	sexually (in a sexual manner, with respect to intercourse)
5212	считала	verb	feminine singular past indicative imperfective of счита́ть (sčitátʹ, “to count”)
5213	существа	noun	genitive singular
5214	называй	verb	second-person singular imperative imperfective of называ́ть (nazyvátʹ)
5215	жителей	noun	genitive/accusative plural of жи́тель (žítelʹ)
5216	часами	adv	for hours
5217	ответственности	noun	genitive/dative/prepositional singular
5218	схватить	verb	to grasp, to grab, to seize, to snap, to snatch, to catch, to catch hold of
5219	романтический	adj	romantic
5220	порно	noun	porn
5221	готовит	verb	third-person singular present indicative imperfective of гото́вить (gotóvitʹ)
5222	полночь	noun	midnight
5223	служил	verb	masculine singular past indicative imperfective of служи́ть (služítʹ)
5224	дрянь	noun	rubbish, trash; rotter, skunk, dirty dog
5225	выйдем	verb	first-person plural future indicative perfective of вы́йти (výjti)
5226	двор	noun	yard; courtyard
5227	указывает	verb	third-person singular present indicative imperfective of ука́зывать (ukázyvatʹ)
5228	руби	verb	second-person singular imperative imperfective of руби́ть (rubítʹ)
5229	неудачный	adj	unsuccessful, unfortunate
5230	дадите	verb	second-person plural future indicative perfective of дать (datʹ)
5231	красотка	noun	beauty (beautiful female)
5232	убираться	verb	to clean up, to tidy up
5233	цифры	noun	genitive singular
5234	большом	adj	prepositional masculine/neuter singular of большо́й (bolʹšój)
5235	ношу	verb	first-person singular present indicative of носи́ть impf (nosítʹ)
5236	разговариваешь	verb	second-person singular present indicative imperfective of разгова́ривать (razgovárivatʹ)
5237	нынешний	adj	present, today's
5238	вернёшься	verb	second-person singular future indicative perfective of верну́ться (vernútʹsja)
5239	уважением	noun	instrumental singular of уваже́ние (uvažénije)
5240	отдайте	verb	second-person plural imperative perfective of отда́ть (otdátʹ)
5241	документов	noun	genitive plural of докуме́нт (dokumént)
5242	выиграла	verb	feminine singular past indicative perfective of вы́играть (výigratʹ)
5243	застрелил	verb	masculine singular past indicative perfective of застрели́ть (zastrelítʹ)
5244	старина	noun	olden time, olden days, antiquity
5245	сити	noun	city; city, downtown (business part of a city)
5246	размера	noun	genitive singular of разме́р (razmér)
5247	собирать	verb	to gather, to collect, to harvest
5248	гм	noun	hectometer
5249	бросать	verb	to throw, to drop
5250	галстук	noun	necktie, tie; neckerchief
5251	зашли	verb	plural past indicative perfective of зайти́ (zajtí)
5252	компанией	noun	instrumental singular of компа́ния (kompánija)
5253	скорая	adj	feminine nominative singular of ско́рый (skóryj)
5254	молчи	verb	second-person singular imperative imperfective of молча́ть (molčátʹ)
5255	жители	noun	nominative plural of жи́тель (žítelʹ)
5256	решит	verb	third-person singular future indicative perfective of реши́ть (rešítʹ)
5257	коллеги	noun	genitive singular
5258	деловой	adj	business, work, working
5259	едят	verb	third-person plural present indicative imperfective of есть (jestʹ)
5260	одежде	noun	dative/prepositional singular of оде́жда (odéžda)
5261	верь	verb	second-person singular imperative imperfective of ве́рить (véritʹ)
5262	кладбище	noun	cemetery, graveyard
5263	собственно	adv	as a matter of fact, in fact
5264	целое	adj	neuter singular of це́лый (célyj, “whole, complete”)
5265	аэропорту	noun	dative singular of аэропо́рт (aeropórt)
5266	плавать	verb	to swim, to float
5267	действие	noun	action, activity
5268	почтовый	adj	mail; postal; post office
5269	дерева	noun	genitive singular of де́рево (dérevo)
5270	старика	noun	genitive/accusative singular of стари́к (starík)
5271	подходи	verb	second-person singular imperative imperfective of подходи́ть (podxodítʹ)
5272	калифорнии	noun	nominative/accusative plural
5273	завершить	verb	to finish, to complete, to accomplish
5274	японский	adj	Japanese
5275	грехи	noun	nominative/accusative plural of грех (grex)
5276	услуги	noun	genitive singular
5277	чемпион	noun	champion
5278	покажет	verb	third-person singular future indicative perfective of показа́ть (pokazátʹ)
5279	иван	name	a male given name, Ivan, equivalent to English John
5280	улицах	noun	prepositional plural of у́лица (úlica)
5281	ошибаюсь	verb	first-person singular present indicative imperfective of ошиба́ться (ošibátʹsja)
5282	альберт	name	a male given name, equivalent to English Albert
5283	допустим	verb	first-person plural future indicative perfective of допусти́ть (dopustítʹ)
5284	сторон	noun	genitive plural of сторона́ (storoná)
5285	добрые	adj	nominative plural
5286	бывшего	verb	genitive masculine/neuter singular
5287	бизнесе	noun	prepositional singular of би́знес (bíznɛs)
5288	переехала	verb	feminine singular past indicative perfective of перее́хать (perejéxatʹ)
5289	повреждения	noun	genitive singular
5290	найдёшь	verb	second-person singular future indicative perfective of найти́ (najtí)
5291	незаконно	adv	illegally, unlawfully (in a manner contrary to the law)
5292	сидели	verb	plural past indicative imperfective of сиде́ть (sidétʹ)
5293	таки	particle	still, after all, in spite of (everything)
5294	занятие	noun	occupation, work, business (activity or task with which one occupies oneself)
5295	глядя	verb	present adverbial imperfective participle of гляде́ть (gljadétʹ)
5296	примет	verb	third-person singular future indicative perfective of приня́ть (prinjátʹ)
5297	выглядело	verb	neuter singular past indicative imperfective/perfective of вы́глядеть (výgljadetʹ)
5298	доступа	noun	genitive singular of до́ступ (dóstup)
5299	бою	noun	dative/partitive singular of бой (boj)
5300	расстоянии	noun	prepositional singular of расстоя́ние (rasstojánije)
5301	улица	noun	street
5302	соврал	verb	masculine singular past indicative perfective of совра́ть (sovrátʹ)
5303	держишь	verb	second-person singular present indicative imperfective of держа́ть (deržátʹ)
5304	языком	noun	instrumental singular of язы́к (jazýk)
5305	упоминал	verb	masculine singular past indicative imperfective of упомина́ть (upominátʹ)
5306	кошка	noun	cat; cat-o'-nine-tails
5307	майя	noun	Maya person
5308	холодный	adj	cold
5309	создали	verb	plural past indicative perfective of созда́ть (sozdátʹ)
5310	преимущество	noun	advantage; preference
5311	забирай	verb	second-person singular imperative imperfective of забира́ть (zabirátʹ)
5312	россии	name	genitive/dative/prepositional singular of Росси́я (Rossíja)
5313	губернатор	noun	governor
5314	добр	adj	short masculine singular of до́брый (dóbryj)
5315	лезь	verb	second-person singular imperative imperfective of лезть (leztʹ)
5316	дерьмом	noun	instrumental singular of дерьмо́ (derʹmó)
5317	держат	verb	third-person plural present indicative imperfective of держа́ть (deržátʹ)
5318	снимок	noun	photo, photograph, picture, snapshot
5319	сцены	noun	genitive singular
5320	образование	noun	formation; constitution
5321	просишь	verb	second-person singular present indicative imperfective of проси́ть (prosítʹ)
5322	больница	noun	hospital
5323	не-а	intj	nuh-uh, nope
5324	превратить	verb	to turn into, to change
5325	писатель	noun	writer
5326	ели	verb	plural past indicative imperfective of есть (jestʹ)
5327	птицы	noun	inflection of пти́ца (ptíca)
5328	собралась	verb	feminine singular past indicative perfective of собра́ться (sobrátʹsja)
5329	дяди	noun	genitive singular
5330	толпа	noun	crowd, throng
5331	сэндвич	noun	sandwich
5332	связался	verb	masculine singular past indicative perfective of связа́ться (svjazátʹsja)
5333	подписал	verb	masculine singular past indicative perfective of подписа́ть (podpisátʹ)
5334	награду	noun	accusative singular of награ́да (nagráda)
5335	необязательно	adv	optionally; unnecessarily
5336	перестала	verb	feminine singular past indicative perfective of переста́ть (perestátʹ)
5337	миссии	noun	genitive/dative/prepositional singular
5338	открыта	adj	short feminine singular of откры́тый (otkrýtyj)
5339	чрезвычайно	adv	extremely, utterly
5340	склад	noun	supply, stock; warehouse, depot
5341	прощайте	intj	farewell, adieu, good-bye
5342	читаешь	verb	second-person singular present indicative imperfective of чита́ть (čitátʹ)
5343	ловушку	noun	accusative singular of лову́шка (lovúška)
5344	скучала	verb	feminine singular past indicative imperfective of скуча́ть (skučátʹ)
5345	седьмой	adj	seventh
5346	невесты	noun	genitive singular
5347	спрятаться	verb	to hide, to conceal oneself (intransitive)
5348	заклинание	noun	incantation, spell
5349	роз	noun	genitive plural of ро́за (róza)
5350	дана	noun	genitive singular
5351	преподобный	adj	reverend, saint
5352	печальный	adj	sad, grieved, sorrowful, wistful, doleful, mournful
5353	дно	noun	floor, bed (hard surface at the bottom of a body of water)
5354	оператор	noun	operator, operative
5355	учил	verb	masculine singular past indicative imperfective of учи́ть (učítʹ)
5356	глупостей	noun	genitive plural of глу́пость (glúpostʹ)
5357	смена	noun	change, replacement
5358	войдите	verb	second-person plural imperative perfective of войти́ (vojtí)
5359	живёшь	verb	second-person singular present indicative imperfective of жить (žitʹ)
5360	сработать	verb	to work, to function (of a machine)
5361	рост	noun	growth (in a living organism)
5362	идёте	verb	second-person plural present indicative imperfective of идти́ (idtí)
5363	рецепт	noun	recipe; prescription
5364	остальными	noun	instrumental plural of остально́е (ostalʹnóje)
5365	выключи	verb	second-person singular imperative perfective of вы́ключить (výključitʹ)
5366	нелепо	adv	ridiculously, absurdly
5367	погибла	verb	short feminine singular past indicative perfective of поги́бнуть (pogíbnutʹ)
5368	человечества	noun	genitive singular
5369	бокал	noun	wine glass
5370	взорвать	verb	to blow up, to detonate
5371	господина	noun	genitive/accusative singular of господи́н (gospodín)
5372	евро	noun	euro (€, currency)
5373	максимум	noun	maximum
5374	спрашивай	verb	second-person singular imperative imperfective of спра́шивать (sprášivatʹ)
5375	случалось	verb	neuter singular past indicative imperfective/perfective of случа́ться (slučátʹsja)
5376	катастрофа	noun	catastrophe, disaster, calamity
5377	целом	noun	prepositional singular of це́лое (céloje)
5378	чистая	adj	nominative feminine singular of чи́стый (čístyj)
5379	кожу	noun	accusative singular of ко́жа (kóža)
5380	игрушки	noun	genitive singular
5381	ланч	noun	lunch
5382	зуб	noun	tooth; tooth, cog, dent
5383	детях	noun	prepositional plural of ребёнок (rebjónok)
5384	благотворительный	adj	charitable, philanthropic
5385	банки	noun	nominative/accusative plural of банк (bank)
5386	измениться	verb	to change (intransitive)
5387	аллергия	noun	allergy
5388	свидетели	noun	nominative plural of свиде́тель (svidételʹ)
5389	очнись	verb	second-person singular imperative perfective of очну́ться (očnútʹsja)
5390	сообщу	verb	first-person singular future indicative perfective of сообщи́ть (soobščítʹ)
5391	стар	adj	short masculine singular of ста́рый (stáryj)
5392	ездил	verb	masculine singular past indicative imperfective of е́здить (jézditʹ)
5393	поменять	verb	to alter, to change
5394	путешествия	noun	genitive singular
5395	шляпу	noun	accusative singular of шля́па (šljápa)
5396	поездку	noun	accusative singular of пое́здка (pojézdka)
5397	залезай	verb	second-person singular imperative imperfective of залеза́ть (zalezátʹ)
5398	неудачник	noun	unlucky fellow / person; loser
5399	шоколад	noun	chocolate; luxury, success, fortune
5400	рута	noun	rue (Ruta)
5401	джеффри	name	a transliteration of the English male given name Jeffrey
5402	тварь	noun	creature, being, animal, beast, monster
5403	предатель	noun	traitor, betrayer
5404	произвести	verb	to make, to carry out, to execute, to effect
5405	наличными	noun	instrumental of нали́чные (nalíčnyje)
5406	статья	noun	article; item, entry
5407	иисусе	name	prepositional/vocative singular of Иису́с (Iisús)
5408	словом	noun	instrumental singular of сло́во (slóvo)
5409	шампанского	noun	genitive singular of шампа́нское (šampánskoje)
5410	мер	noun	genitive plural of ме́ра (méra)
5411	свидетелем	noun	instrumental singular of свиде́тель (svidételʹ)
5412	сутки	noun	24 hours (of the clock), day, day and night, nychthemeron
5413	начался	verb	masculine singular past indicative perfective of нача́ться (načátʹsja)
5414	стояла	verb	feminine singular past indicative imperfective of стоя́ть (stojátʹ)
5415	старое	adj	nominative/accusative neuter singular of ста́рый (stáryj)
5416	сведения	noun	genitive singular
5417	демон	noun	demon (evil spirit)
5418	понадобятся	verb	third-person plural future indicative perfective of пона́добиться (ponádobitʹsja)
5419	подавать	verb	to give, to proffer, to pass
5420	публичный	adj	public
5421	пирс	noun	pier (raised platform built from the shore out over water)
5422	гулять	verb	to walk, to go for a walk, to stroll
5423	алиса	name	a female given name, equivalent to English Alice
5424	отдых	noun	rest; relaxation, respite
5425	фантастика	noun	fantasy, fabulousness
5426	подарить	verb	to give, to present, to donate
5427	услышали	verb	plural past indicative perfective of услы́шать (uslýšatʹ)
5428	пушки	noun	genitive singular
5429	ехал	verb	masculine singular past indicative imperfective of е́хать (jéxatʹ)
5430	группой	noun	instrumental singular of гру́ппа (grúppa)
5431	сжечь	verb	to burn; to burn up
5432	заставляй	verb	second-person singular imperative imperfective of заставля́ть (zastavljátʹ)
5433	поддержка	noun	support (financial or other help)
5434	бара	noun	genitive singular of бар (bar)
5435	леса	noun	fishing line
5436	союз	noun	union; Union
5437	надпись	noun	inscription, writing, label
5438	углом	noun	instrumental singular of у́гол (úgol)
5439	почему-то	adv	for some reason, somewhy
5440	бумажник	noun	wallet; papermaker, worker in the paper industry
5441	бумажный	adj	paper; paperwork
5442	попало	verb	neuter singular past indicative perfective of попа́сть (popástʹ)
5443	нравилась	verb	feminine singular past indicative imperfective of нра́виться (nrávitʹsja)
5444	волосами	noun	instrumental plural of во́лос (vólos)
5445	веселье	noun	joy, fun, merriment
5446	месту	noun	dative singular of ме́сто (mésto)
5447	страдания	noun	genitive singular
5448	карьера	noun	career
5449	настало	verb	neuter singular past indicative perfective of наста́ть (nastátʹ)
5450	внести	verb	to carry in, to bring in
5451	поскорее	adv	quick!; hurry!; hurry up!
5452	коробке	noun	dative/prepositional singular of коро́бка (koróbka)
5453	милой	noun	genitive/dative/instrumental/prepositional singular of ми́лая (mílaja)
5454	юмора	noun	genitive singular of ю́мор (júmor)
5455	скромный	adj	modest, humble; modest, frugal
5456	кризис	noun	crisis
5457	присяжные	noun	nominative plural of прися́жный (prisjážnyj)
5458	чёрная	adj	nominative feminine singular of чёрный (čórnyj)
5459	гордость	noun	pride
5460	едой	noun	instrumental singular of еда́ (jedá)
5461	ручку	noun	accusative singular of ру́чка (rúčka)
5462	проклятие	noun	damnation, condemnation, excommunication
5463	проводил	verb	masculine singular past indicative imperfective/perfective of проводи́ть (provodítʹ)
5464	независимо	adv	independently (in an independent manner)
5465	позвал	verb	masculine singular past indicative perfective of позва́ть (pozvátʹ)
5466	коктейль	noun	cocktail; milkshake
5467	территорию	noun	accusative singular of террито́рия (territórija)
5468	похитил	verb	masculine singular past indicative perfective of похи́тить (poxítitʹ)
5469	сигнала	noun	genitive singular of сигна́л (signál)
5470	хер	noun	dick, cock; dick, contemptible person
5471	едут	verb	third-person plural present indicative imperfective of е́хать (jéxatʹ)
5472	придумала	verb	feminine singular past indicative of приду́мать pf (pridúmatʹ)
5473	представлял	verb	masculine singular past indicative imperfective of представля́ть (predstavljátʹ)
5474	видеться	verb	to see each other, to meet; to date
5475	энергия	noun	energy, power; vitality
5476	могилу	noun	accusative singular of моги́ла (mogíla)
5477	непременно	adv	without fail, certainly
5478	обучение	noun	learning, education (the process of being taught)
5479	наслаждайся	verb	second-person singular imperative imperfective of наслажда́ться (naslaždátʹsja)
5480	технологии	noun	genitive/dative/prepositional singular
5481	медведь	noun	bear; male bear
5482	пистолета	noun	genitive singular of пистоле́т (pistolét)
5483	тайне	noun	dative/prepositional singular of та́йна (tájna)
5484	европе	name	dative/prepositional singular of Евро́па (Jevrópa)
5485	сумка	noun	bag, handbag (US: purse)
5486	называю	verb	first-person singular present indicative imperfective of называ́ть (nazyvátʹ)
5487	синьор	noun	signore, signor, Mr
5488	заботится	verb	third-person singular present indicative imperfective of забо́титься (zabótitʹsja)
5489	обмануть	verb	to deceive, to cheat, to trick, to swindle
5490	обеспокоить	verb	to worry, to trouble, to make anxious
5491	дошло	verb	neuter singular past indicative perfective of дойти́ (dojtí)
5492	добрался	verb	masculine singular past indicative perfective of добра́ться (dobrátʹsja)
5493	облажался	verb	masculine singular past indicative perfective of облажа́ться (oblažátʹsja)
5494	получают	verb	third-person plural present indicative imperfective of получа́ть (polučátʹ)
5495	шерифа	noun	genitive/accusative singular of шери́ф (šeríf)
5496	шуток	noun	genitive plural of шу́тка (šútka)
5497	рака	noun	shrine (a massive tomb holding the relics of a saint’s body)
5498	чьи	pron	nominative plural
5499	заболел	verb	masculine singular past indicative perfective of заболе́ть (zabolétʹ)
5500	уснуть	verb	to fall asleep, to go to sleep
5501	предложила	verb	feminine singular past indicative perfective of предложи́ть (predložítʹ)
5502	называл	verb	masculine singular past indicative imperfective of называ́ть (nazyvátʹ)
5503	убиты	adj	short plural of уби́тый (ubítyj)
5504	пытайся	verb	second-person singular imperative imperfective of пыта́ться (pytátʹsja)
5505	злиться	verb	to be angry
5506	наука	noun	science; lesson
5507	отношении	noun	prepositional singular of отноше́ние (otnošénije)
5508	военных	noun	genitive/accusative/prepositional plural of вое́нный (vojénnyj)
5509	тесты	noun	nominative/accusative plural of тест (tɛ́st)
5510	ожидания	noun	genitive singular
5511	глубине	noun	dative/prepositional singular of глубина́ (glubiná)
5512	начинайте	verb	second-person plural imperative imperfective of начина́ть (načinátʹ)
5513	коробки	noun	genitive singular
5514	соседей	noun	genitive/accusative plural of сосе́д (soséd)
5515	благодарность	noun	gratitude, gratefulness, thankfulness
5516	передумал	verb	masculine singular past indicative perfective of переду́мать (peredúmatʹ)
5517	кругом	adv	around, round
5518	биологический	adj	biological
5519	заслужила	verb	feminine singular past indicative perfective of заслужи́ть (zaslužítʹ)
5520	достичь	verb	to reach, to arrive at
5521	шоке	noun	prepositional singular of шок (šok)
5522	оставляет	verb	third-person singular present indicative imperfective of оставля́ть (ostavljátʹ)
5523	мечтала	verb	feminine singular past indicative imperfective of мечта́ть (mečtátʹ)
5524	убийством	noun	instrumental singular of уби́йство (ubíjstvo)
5525	бил	verb	masculine singular past indicative imperfective of бить (bitʹ)
5526	справедливости	noun	genitive/dative/prepositional singular
5527	присматривать	verb	to keep an eye on (to watch and pay attention to)
5528	предмет	noun	object; subject, topic
5529	изменились	verb	plural past indicative perfective of измени́ться (izmenítʹsja)
5530	злюсь	verb	first-person singular present indicative imperfective of зли́ться (zlítʹsja)
5531	повернись	verb	second-person singular imperative perfective of поверну́ться (povernútʹsja)
5532	потрясающий	verb	present active imperfective participle of потряса́ть (potrjasátʹ)
5533	свидании	noun	prepositional singular of свида́ние (svidánije)
5534	основания	noun	inflection of основа́ние (osnovánije)
5535	банды	noun	genitive singular
5536	влюбилась	verb	feminine singular past indicative perfective of влюби́ться (vljubítʹsja)
5537	округа	noun	neighbourhood, area
5538	отставку	noun	accusative singular of отста́вка (otstávka)
5539	электричество	noun	electricity (form of energy)
5540	вызовите	verb	second-person plural imperative perfective of вы́звать (výzvatʹ)
5541	предотвратить	verb	to avert, to stave off, to prevent
5542	ущерб	noun	damage; wane
5543	джентльмен	noun	gentleman
5544	пожениться	verb	to marry (as a couple).
5545	ошиблись	verb	plural past indicative perfective of ошиби́ться (ošibítʹsja)
5546	остаюсь	verb	first-person singular present indicative imperfective of остава́ться (ostavátʹsja)
5547	зоне	noun	dative/prepositional singular of зо́на (zóna)
5548	расписание	noun	schedule (time-based plan of events)
5549	запад	noun	west
5550	яйцо	noun	egg; ovum
5551	отвечаю	verb	first-person singular present indicative imperfective of отвеча́ть (otvečátʹ)
5552	белом	adj	prepositional masculine/neuter singular of бе́лый (bélyj)
5553	коп.	noun	abbreviation of копе́йка (kopéjka): kopek, copeck, kopeck (singular or plural)
5554	русский	adj	Russian, related to Russian ethnicity, language, or culture
5555	реке	noun	dative/prepositional singular of река́ (reká)
5556	пляж	noun	beach
5557	профессора	noun	genitive/accusative singular of профе́ссор (proféssor)
5558	отрицать	verb	to deny (to assert that something is not true)
5559	считали	verb	plural past indicative imperfective of счита́ть (sčitátʹ, “to count”)
5560	ужином	noun	instrumental singular of у́жин (úžin)
5561	вдоль	prep	along
5562	изменила	verb	feminine singular past indicative perfective of измени́ть (izmenítʹ)
5563	сейф	noun	safe (box in which valuables can be locked for safekeeping)
5564	продюсер	noun	producer (male or female)
5565	убежал	verb	masculine singular past indicative perfective of убежа́ть (ubežátʹ)
5566	здоровья	noun	genitive singular
5567	обещай	verb	second-person singular imperative imperfective of обеща́ть (obeščátʹ)
5568	тайну	noun	accusative singular of та́йна (tájna)
5569	дурака	noun	genitive/accusative singular of дура́к (durák)
5570	некоторым	pron	dative plural; instrumental masculine/neuter singular
5571	уважать	verb	to admire, to esteem, to have a good opinion of someone
5572	давным-давно	adv	long ago; once upon a time
5573	двигайтесь	verb	second-person plural imperative imperfective of дви́гаться (dvígatʹsja)
5574	оправдание	noun	justification, explanation
5575	фонд	noun	fund; stock
5576	занятий	noun	genitive plural of заня́тие (zanjátije)
5577	широкий	adj	wide, broad; broad, extensive
5578	обнаружила	verb	feminine singular past indicative perfective of обнару́жить (obnarúžitʹ)
5579	поймают	verb	third-person plural future indicative perfective of пойма́ть (pojmátʹ)
5580	закончился	verb	masculine singular past indicative perfective of зако́нчиться (zakónčitʹsja)
5581	объясните	verb	second-person plural future indicative perfective
5582	врачом	noun	instrumental singular of врач (vrač)
5583	ценой	noun	instrumental singular of цена́ (cená)
5584	потеряю	verb	first-person singular future indicative perfective of потеря́ть (poterjátʹ)
5585	модели	noun	genitive/dative/prepositional singular
5586	семи	num	genitive/dative/prepositional of семь (semʹ)
5587	бабуля	noun	granny (grandmother)
5588	зови	verb	second-person singular imperative imperfective of звать (zvatʹ)
5589	целиком	adv	wholly, all of it
5590	угрозой	noun	instrumental singular of угро́за (ugróza)
5591	кормить	verb	to feed; to keep, to maintain
5592	выборы	noun	election
5593	ящике	noun	prepositional singular of я́щик (jáščik)
5594	общее	adj	neuter nominative singular of о́бщий (óbščij)
5595	сайт	noun	website, site; site
5596	бруклин	name	Brooklyn (a borough of New York City)
5597	соус	noun	sauce
5598	опоздали	verb	plural past indicative perfective of опозда́ть (opozdátʹ)
5599	плечо	noun	shoulder; upper arm, brachium, humerus
5600	подругу	noun	accusative singular of подру́га (podrúga)
5601	планировал	verb	masculine singular past indicative imperfective of плани́ровать (planírovatʹ)
5602	ненавидел	verb	masculine singular past indicative imperfective of ненави́деть (nenavídetʹ)
5603	напасть	noun	misfortune, bad luck, trouble
5604	цветок	noun	flower (plant that bears flowers)
5605	моложе	adv	comparative degree of молодо́й (molodój)
5606	кара	noun	penalty, punishment, retribution
5607	травмы	noun	genitive singular
5608	координаты	noun	nominative/accusative plural
5609	окончательно	adv	finally, definitively
5610	вздыхает	verb	third-person singular present indicative imperfective of вздыха́ть (vzdyxátʹ)
5611	образцы	noun	nominative/accusative plural of образе́ц (obrazéc)
5612	входа	noun	genitive singular of вход (vxod)
5613	благодарить	verb	to thank
5614	свободно	adv	freely (without interference or restriction)
5615	убийц	noun	genitive/accusative plural of уби́йца (ubíjca)
5616	договориться	verb	to agree; to come (to), to talk (to the point of)
5617	покажем	verb	first-person plural future indicative perfective of показа́ть (pokazátʹ)
5618	чувствах	noun	prepositional plural of чу́вство (čúvstvo)
5619	лучшем	noun	prepositional singular of лу́чшее (lúčšeje)
5620	симптомы	noun	nominative/accusative plural of симпто́м (simptóm)
5621	сестрёнка	noun	diminutive of сестра́ (sestrá): sis, little sister
5622	основать	verb	to found, to establish
5623	мужчине	noun	dative/prepositional singular of мужчи́на (mužčína)
5624	ходи	verb	second-person singular imperative imperfective of ходи́ть (xodítʹ)
5625	открытие	noun	opening; discovery
5626	заснуть	verb	to fall asleep
5627	ввести	verb	to introduce; to bring in, to usher in
5628	рассказ	noun	story, tale, narrative
5629	писала	verb	feminine singular past indicative imperfective of писа́ть (pisátʹ)
5630	уезжает	verb	third-person singular present indicative imperfective of уезжа́ть (ujezžátʹ)
5631	оставишь	verb	second-person singular future indicative perfective of оста́вить (ostávitʹ)
5632	земной	adj	earth; terrestrial
5633	чём-то	pron	prepositional of что́-то (štó-to)
5634	близок	adj	short masculine singular of бли́зкий (blízkij)
5635	копию	noun	accusative singular of ко́пия (kópija)
5636	вошла	verb	feminine singular past indicative perfective of войти́ (vojtí)
5637	костюмы	noun	nominative/accusative plural of костю́м (kostjúm)
5638	приведи	verb	second-person singular imperative perfective of привести́ (privestí)
5639	подвести	verb	to lead (to); to bring closer
5640	выпивку	noun	accusative singular of вы́пивка (výpivka)
5641	магии	noun	genitive/dative/prepositional singular
5642	попытаюсь	verb	first-person singular future indicative perfective of попыта́ться (popytátʹsja)
5643	пан	noun	Polish landowner, feudal lord, or gentleman
5644	станете	verb	second-person plural future indicative of стать pf (statʹ)
5645	волк	noun	wolf
5646	снимите	verb	second-person plural imperative perfective of снять (snjatʹ)
5647	пойди	verb	second-person singular imperative perfective of пойти́ (pojtí)
5648	подход	noun	approach; point of view
5649	займёт	verb	third-person singular future indicative perfective of заня́ть (zanjátʹ)
5650	остановит	verb	third-person singular future indicative perfective of останови́ть (ostanovítʹ)
5651	познакомить	verb	to introduce, to acquaint, to familiarize
5652	разбитый	verb	past passive perfective participle of разби́ть (razbítʹ)
5653	матч	noun	match
5654	труда	noun	genitive singular of труд (trud)
5655	интересах	noun	prepositional plural of интере́с (interés)
5656	веры	noun	inflection of ве́ра (véra)
5657	пишут	verb	third-person plural present indicative imperfective of писа́ть (pisátʹ)
5658	коробка	noun	box, case; gearbox
5659	г	prefix	hecto- (x 100)
5660	медовый	adj	honey; mead
5661	произнести	verb	to pronounce, to articulate
5662	равный	adj	equal (the same in all respects)
5663	отпраздновать	verb	to celebrate
5664	приготовлю	verb	first-person singular future indicative perfective of пригото́вить (prigotóvitʹ)
5665	приводит	verb	third-person singular present indicative imperfective of приводи́ть (privodítʹ)
5666	травма	noun	trauma, injury
5667	чашку	noun	accusative singular of ча́шка (čáška)
5668	всякое	pron	nominative/accusative neuter singular of вся́кий (vsjákij)
5669	борьба	noun	struggle, fight, conflict, combat
5670	вслух	adv	aloud
5671	молодые	adj	nominative/accusative plural of молодой (molodoj)
5672	заглянуть	verb	to glance (at), to peep (in), to look (into), to have a look (at)
5673	отдельный	adj	separate, independent, detached
5674	впрочем	adv	however, nevertheless
5675	жизненный	adj	vital (relating to or characteristic of life), life
5676	предупреждал	verb	masculine singular past indicative imperfective of предупрежда́ть (predupreždátʹ)
5677	верните	verb	second-person plural imperative perfective of верну́ть (vernútʹ)
5678	чист	adj	short masculine singular of чи́стый (čístyj)
5679	положено	adj	short neuter singular of поло́женный (polóžennyj)
5680	вспомнила	verb	feminine singular past indicative perfective of вспо́мнить (vspómnitʹ)
5681	зоны	noun	genitive singular
5682	гостиной	noun	genitive/dative/instrumental/prepositional singular of гости́ная (gostínaja)
5683	конкурс	noun	contest; competition
5684	пак	noun	pack ice
5685	пенсию	noun	accusative singular of пе́нсия (pénsija)
5686	находимся	verb	first-person plural present indicative imperfective
5687	продажи	noun	genitive singular
5688	хотеть	verb	to want, to desire
5689	беспорядок	noun	disorder; confusion
5690	шар	noun	ball, solid sphere
5691	помогают	verb	third-person plural present indicative imperfective of помога́ть (pomogátʹ)
5692	неожиданный	adj	sudden, unexpected (happening quickly and with little or no warning)
5693	показаний	noun	genitive plural of показа́ние (pokazánije)
5694	ооо	noun	initialism of о́бщество с ограни́ченной отве́тственностью n (óbščestvo s ograníčennoj otvétstvennostʹju): LLC, a limited liability company
5695	отвечу	verb	first-person singular future indicative perfective of отве́тить (otvétitʹ)
5696	акции	noun	genitive/dative/prepositional singular
5697	заключается	verb	third-person singular present indicative imperfective of заключа́ться (zaključátʹsja)
5698	гараже	noun	prepositional singular of гара́ж (garáž)
5699	выяснили	verb	plural past indicative perfective of вы́яснить (výjasnitʹ)
5700	громче	adv	comparative degree of гро́мкий (grómkij)
5701	страдает	verb	third-person singular present indicative imperfective of страда́ть (stradátʹ)
5702	цены	noun	genitive singular of цена́ (cená)
5703	дональд	name	a transliteration of the English male given name Donald
5704	диван	noun	sofa, couch, divan
5705	ряд	noun	row, line, tier
5706	пропало	verb	neuter singular past indicative perfective of пропа́сть (propástʹ)
5707	вселенная	noun	universe, the world
5708	сахара	noun	genitive singular of са́хар (sáxar)
5709	отличается	verb	third-person singular present indicative imperfective of отлича́ться (otličátʹsja)
5710	многого	noun	genitive singular of мно́гое (mnógoje)
5711	голливуд	name	Hollywood (an area of Los Angeles, California, United States)
5712	привёл	verb	masculine singular past indicative perfective of привести́ (privestí)
5713	каковы	det	short plural of каково́й (kakovój)
5714	ирак	name	Iraq (a country in West Asia in the Middle East)
5715	захотелось	verb	neuter singular past indicative perfective of захоте́ться (zaxotétʹsja)
5716	капитаном	noun	instrumental singular of капита́н (kapitán)
5717	гольф	noun	golf
5718	стресс	noun	stress, strain (emotional pressure)
5719	выбросить	verb	to throw away (discard or dispose of)
5720	владеет	verb	third-person singular present indicative imperfective of владе́ть (vladétʹ)
5721	вариантов	noun	genitive plural of вариа́нт (variánt)
5722	совесть	noun	conscience (moral sense)
5723	неудивительно	adv	unsurprisingly, no wonder, small wonder
5724	сообщите	verb	second-person plural future indicative perfective
5725	представления	noun	genitive singular
5726	рабочих	noun	genitive/accusative/prepositional plural of рабо́чий (rabóčij)
5727	акт	noun	act; nude, painting of a nude person
5728	требую	verb	first-person singular present indicative imperfective of тре́бовать (trébovatʹ)
5729	шин	noun	genitive plural of ши́на (šína)
5730	примите	verb	second-person plural imperative perfective of приня́ть (prinjátʹ)
5731	птиц	noun	genitive/accusative plural of пти́ца (ptíca)
5732	проверила	verb	feminine singular past indicative perfective of прове́рить (provéritʹ)
5733	молодцы	noun	nominative plural of молоде́ц (molodéc)
5734	банда	noun	gang
5735	протестую	verb	first-person singular present indicative imperfective of протестова́ть (protestovátʹ)
5736	члена	noun	genitive singular
5737	похоронить	verb	to bury, to inter
5738	убедись	verb	second-person singular imperative perfective of убеди́ться (ubedítʹsja)
5739	базы	noun	genitive singular
5740	описание	noun	description
5741	эфир	noun	ether; luminiferous aether, aether
5742	уильямс	name	a transliteration of the English surname Williams
5743	схватил	verb	masculine singular past indicative perfective of схвати́ть (sxvatítʹ)
5744	макги	name	a transliteration of the English surname McGee
5745	а-а	intj	ah, aah, oh (expressing understanding or realisation)
5746	хаос	noun	chaos; mess
5747	знания	noun	genitive singular
5748	полицейским	noun	instrumental singular
5749	испытание	noun	trial, test; examination
5750	лифт	noun	elevator, lift
5751	поймут	verb	third-person plural future indicative perfective of поня́ть (ponjátʹ)
5752	небесный	adj	heavenly, celestial
5753	открыли	verb	plural past indicative perfective of откры́ть (otkrýtʹ)
5754	перчатки	noun	genitive singular
5755	переживать	verb	to experience, to go through
5756	прикрытие	noun	cover, escort; screen, cloak, covering, disguise, false front
5757	приходили	verb	plural past indicative imperfective of приходи́ть (prixodítʹ)
5758	должности	noun	genitive/dative/prepositional singular
5759	лететь	verb	to fly, to be flying
5760	следит	verb	third-person singular present indicative imperfective of следи́ть (sledítʹ)
5761	сошли	verb	plural past indicative perfective of сойти́ (sojtí)
5762	переживаю	verb	first-person singular present indicative of пережива́ть impf (pereživátʹ)
5763	интересы	noun	nominative/accusative plural of интере́с (interés)
5764	поискать	verb	to look for, to search (for some time)
5765	направляется	verb	third-person singular present indicative imperfective of направля́ться (napravljátʹsja)
5766	анализы	noun	nominative/accusative plural of ана́лиз (análiz)
5767	создания	noun	inflection of созда́ние (sozdánije)
5768	понадобилось	verb	neuter singular past indicative perfective of пона́добиться (ponádobitʹsja)
5769	угрожает	verb	third-person singular present indicative imperfective of угрожа́ть (ugrožátʹ)
5770	остаются	verb	third-person plural present indicative imperfective of остава́ться (ostavátʹsja)
5771	зарплату	noun	accusative singular of зарпла́та (zarpláta)
5772	думая	verb	present adverbial imperfective participle of ду́мать (dúmatʹ)
5773	родственники	noun	nominative plural of ро́дственник (ródstvennik)
5774	саша	name	a diminutive, Sasha, of the male given name Алекса́ндр
5775	нора	noun	hole, burrow, form (burrowed animal dwelling)
5776	застрелили	verb	plural past indicative perfective of застрели́ть (zastrelítʹ)
5777	мною	pron	instrumental of я (ja)
5778	получал	verb	masculine singular past indicative imperfective of получа́ть (polučátʹ)
5779	закрыты	adj	short plural of закры́тый (zakrýtyj)
5780	кто-либо	pron	anybody, anyone, somebody, someone
5781	проникнуть	verb	to penetrate; to permeate
5782	лежал	verb	masculine singular past indicative imperfective of лежа́ть (ležátʹ)
5783	успешно	adv	successfully
5784	мыслей	noun	genitive plural of мысль (myslʹ)
5785	захотят	verb	third-person plural future indicative perfective of захоте́ть (zaxotétʹ)
5786	сбежали	verb	plural past indicative perfective of сбежа́ть (sbežátʹ)
5787	мужики	noun	nominative plural of мужи́к (mužík)
5788	трудности	noun	genitive/dative/prepositional singular
5789	бесполезный	adj	useless, unavailing, vain
5790	зверь	noun	animal, beast; brute
5791	спросили	verb	plural past indicative perfective of спроси́ть (sprosítʹ)
5792	афганистан	name	Afghanistan (a landlocked country between Central Asia and South Asia)
5793	расчёт	noun	calculation (mathematical operation)
5794	грани	noun	genitive/dative/prepositional singular
5795	эксперимент	noun	experiment
5796	осторожна	adj	short feminine singular of осторо́жный (ostoróžnyj)
5797	называем	verb	first-person plural present indicative imperfective of называ́ть (nazyvátʹ)
5798	ярости	noun	inflection of я́рость (járostʹ)
5799	д-р	noun	Dr., doctor (PhD or MD)
5800	аварию	noun	accusative singular of ава́рия (avárija)
5801	органы	noun	nominative/accusative plural of о́рган (órgan)
5802	выйди	verb	second-person singular imperative perfective of вы́йти (výjti)
5803	копа	noun	sixty pieces of something (e.g. eggs, cucumbers, sheaves of hay or rye, etc.)
5804	департамент	noun	department; board
5805	альфа	noun	alpha; Alfa (class of Soviet nuclear-powered attack submarines)
5806	закончились	verb	plural past indicative perfective of зако́нчиться (zakónčitʹsja)
5807	ходу	noun	dative/partitive singular of ход (xod)
5808	подходите	verb	second-person plural present indicative imperfective of подходи́ть (podxodítʹ)
5809	отказать	verb	to deny, to refuse, to decline
5810	хорошенький	adj	pretty, comely, pin-up
5811	цветов	noun	genitive plural of цвет (cvet)
5812	фанат	noun	fan, devotee (admirer)
5813	ела	verb	feminine singular past indicative imperfective of есть (jestʹ)
5814	следуйте	verb	second-person plural imperative imperfective of сле́довать (slédovatʹ)
5815	ждём	verb	first-person plural present indicative imperfective of ждать (ždatʹ)
5816	преследует	verb	third-person singular present indicative imperfective of пресле́довать (preslédovatʹ)
5817	французский	adj	French
5818	милость	noun	mercy, charity, grace, kindness (behaviour, quality)
5819	какому	det	masculine/neuter dative singular of како́й (kakój)
5820	открывать	verb	to open; to turn on
5821	наступит	verb	third-person singular future indicative perfective of наступи́ть (nastupítʹ)
5822	любимое	adj	nominative/accusative neuter singular of люби́мый (ljubímyj)
5823	костей	noun	genitive plural of кость (kostʹ)
5824	лгал	verb	masculine singular past indicative imperfective of лгать (lgatʹ)
5825	кретин	noun	cretin, idiot (inconsiderate or mean spirited person)
5826	вернули	verb	plural past indicative perfective of верну́ть (vernútʹ)
5827	проходил	verb	masculine singular past indicative imperfective of проходи́ть (proxodítʹ)
5828	фирма	noun	firm, company
5829	выслушать	verb	to hear out, to listen (to the end)
5830	пиздец	noun	extreme amount of something: fuckload, shitload, fuckton, shitton
5831	сцена	noun	stage, scene
5832	скандал	noun	scandal; fracas, brawl, donnybrook (a noisy disorderly quarrel)
5833	вели	verb	plural past indicative imperfective of вести́ (vestí)
5834	сан-франциско	name	San Francisco (a major coastal city and county in California, United States)
5835	легенда	noun	legend; cover, cover story
5836	дик	adj	short masculine singular of ди́кий (díkij)
5837	поболтать	verb	to chat (have a chat) (with about)
5838	песен	noun	genitive plural of пе́сня (pésnja)
5839	номером	noun	instrumental singular of но́мер (nómer)
5840	повтори	verb	second-person singular imperative perfective of повтори́ть (povtorítʹ)
5841	понадобиться	verb	to need, to be needed, to become necessary
5842	орудие	noun	tool, instrument, implement
5843	займись	verb	second-person singular imperative perfective of заня́ться (zanjátʹsja)
5844	удачу	noun	accusative singular of уда́ча (udáča)
5845	намерения	noun	genitive singular
5846	хаус	noun	house music, house
5847	озеро	noun	lake
5848	вошли	verb	plural past indicative perfective of войти́ (vojtí)
5849	увы	intj	alas!
5850	анонимный	adj	anonymous
5851	телевизору	noun	dative singular of телеви́зор (televízor)
5852	стандартный	adj	standard
5853	копия	noun	copy, duplicate
5854	волю	noun	accusative singular of во́ля (vólja)
5855	рыбы	noun	inflection of ры́ба (rýba)
5856	подвал	noun	basement, cellar, vault
5857	улыбка	noun	smile
5858	красные	noun	nominative plural of кра́сный (krásnyj)
5859	круче	adv	comparative degree of круто́й (krutój)
5860	видом	noun	instrumental singular of вид (vid)
5861	материалы	noun	nominative/accusative plural of материа́л (materiál)
5862	выяснил	verb	masculine singular past indicative perfective of вы́яснить (výjasnitʹ)
5863	кредитный	adj	credit
5864	хреново	adv	lousily, wretchedly, crappily
5865	перекусить	verb	to cut/bite through, to bite off
5866	немало	adv	quite a bit, a great deal
5867	надеемся	verb	first-person plural present indicative imperfective of наде́яться (nadéjatʹsja)
5868	уезжаешь	verb	second-person singular present indicative imperfective of уезжа́ть (ujezžátʹ)
5869	обидеть	verb	to offend, to hurt someone's feelings, to abuse, to insult
5870	мокрый	adj	wet, damp; murder, killing
5871	мотор	noun	motor, engine; taxi, motorcar
5872	придумали	verb	plural past indicative of приду́мать pf (pridúmatʹ)
5873	поговорите	verb	second-person plural future indicative perfective
5874	звездой	noun	instrumental singular of звезда́ (zvezdá)
5875	спят	verb	third-person plural present indicative imperfective of спать (spatʹ)
5876	одолжить	verb	to lend (to allow to be used temporarily)
5877	спаси	verb	second-person singular imperative perfective of спасти́ (spastí)
5878	репутацию	noun	accusative singular of репута́ция (reputácija)
5879	бензин	noun	gasoline, petrol
5880	сериях	noun	prepositional plural of се́рия (sérija)
5881	братишка	noun	little brother; buddy
5882	молодым	noun	dative plural of молода́я (molodája)
5883	звонят	verb	third-person plural present indicative imperfective of звони́ть (zvonítʹ)
5884	закрыли	verb	plural past indicative perfective of закры́ть (zakrýtʹ)
5885	представлять	verb	to present, to offer
5886	согласится	verb	third-person singular future indicative perfective of согласи́ться (soglasítʹsja)
5887	атаку	noun	accusative singular of ата́ка (atáka)
5888	городом	noun	instrumental singular of го́род (górod)
5889	информацией	noun	instrumental singular of информа́ция (informácija)
5890	воля	noun	will, willpower
5891	пятно	noun	spot, mark; blot, blemish, stain
5892	долгу	noun	dative/partitive singular of долг (dolg)
5893	ники	noun	nominative/accusative plural of ник (nik)
5894	следите	verb	second-person plural present indicative imperfective
5895	поставлю	verb	first-person singular future indicative perfective of поста́вить (postávitʹ)
5896	аккуратно	adv	neatly, smartly
5897	куски	noun	nominative/accusative plural of кусо́к (kusók)
5898	почте	noun	dative/prepositional singular of по́чта (póčta)
5899	пас	noun	set; pass (declining to play in one's turn)
5900	чертям	noun	dative plural of чёрт (čort)
5901	раздражает	verb	third-person singular present indicative imperfective of раздража́ть (razdražátʹ)
5902	рок	noun	fate, doom
5903	голодна	adj	short feminine singular of голо́дный (golódnyj)
5904	токио	name	Tokyo (a prefecture, the capital city of Japan)
5905	пасть	verb	to fall; to fall on an option
5906	плачешь	verb	second-person singular present indicative imperfective of пла́кать (plákatʹ)
5907	продолжаться	verb	to last, to continue/be continued, to go on, to endure, to lengthen
5908	гору	noun	accusative singular of гора́ (gorá)
5909	строго	adv	rigorously, strictly, strongly, pronouncedly, religiously, definitely
5910	пиджак	noun	coat, jacket (suit jacket for men)
5911	обыск	noun	search
5912	милым	noun	dative plural of ми́лая (mílaja)
5913	свести	verb	to lead, to take (from somewhere)
5914	сидни	name	Sydney
5915	идиотом	noun	instrumental singular of идио́т (idiót)
5916	сошёл	verb	masculine singular past indicative perfective of сойти́ (sojtí)
5917	пилот	noun	pilot; pilot fish
5918	жалость	noun	compassion; pity
5919	инструменты	noun	nominative/accusative plural of инструме́нт (instrumént)
5920	скоростью	noun	instrumental singular of ско́рость (skórostʹ)
5921	врал	verb	masculine singular past indicative imperfective of врать (vratʹ)
5922	записал	verb	masculine singular past indicative perfective of записа́ть (zapisátʹ)
5923	съездить	verb	to go somewhere and come back, to fetch something/to pick up someone (by a vehicle)
5924	проходить	verb	to pass, to go, to walk
5925	ненависть	noun	hatred, hate
5926	домов	noun	genitive plural of дом (dom)
5927	напиток	noun	drink; beverage
5928	спеть	verb	to ripen
5929	загадочный	adj	enigmatic, mysterious
5930	тремя	num	instrumental of три (tri)
5931	пообещал	verb	masculine singular past indicative perfective of пообеща́ть (poobeščátʹ)
5932	посмотрела	verb	feminine singular past indicative perfective of посмотре́ть (posmotrétʹ)
5933	свалить	verb	to knock down, to knock over, to fell
5934	смотрим	verb	first-person plural present indicative imperfective of смотре́ть (smotrétʹ)
5935	протокол	noun	minutes, record
5936	сводит	verb	third-person singular present indicative imperfective of своди́ть
5937	фрейзер	name	a transliteration of the English surname Fraser
5938	разумно	adv	reasonably, judiciously, wisely, rationally
5939	аарон	name	a male given name, Aaron, from Hebrew, equivalent to English Aaron
5940	восток	noun	east
5941	холодильник	noun	fridge, refrigerator
5942	рукам	noun	dative plural of рука́ (ruká)
5943	поверит	verb	third-person singular future indicative perfective of пове́рить (povéritʹ)
5944	приступим	verb	first-person plural future indicative perfective of приступи́ть (pristupítʹ)
5945	полдень	noun	noon, midday; middle age
5946	рта	noun	genitive singular of рот (rot)
5947	уважении	noun	prepositional singular of уваже́ние (uvažénije)
5948	запомнить	verb	to remember, to keep in mind
5949	переспать	verb	to oversleep; to spend the night, to stay over
5950	пианино	noun	upright piano; piano
5951	попроси	verb	second-person singular imperative perfective of попроси́ть (poprosítʹ)
5952	родила	verb	feminine singular past indicative perfective of роди́ть (rodítʹ)
5953	дата	noun	date (point in time)
5954	стена	noun	wall
5955	крыши	noun	genitive singular
5956	крыса	noun	rat; an unimportant or unpleasant person
5957	хватай	verb	second-person singular imperative imperfective of хвата́ть (xvatátʹ)
5958	начались	verb	plural past indicative perfective of нача́ться (načátʹsja)
5959	массаж	noun	massage
5960	сумки	noun	genitive singular
5961	слух	noun	hearing, ear; rumor, hearsay, diminutive: слушо́к (slušók)
5962	ощущения	noun	genitive singular
5963	долги	adj	short plural of до́лгий (dólgij)
5964	вернитесь	verb	second-person plural imperative perfective of верну́ться (vernútʹsja)
5965	небес	noun	genitive plural of не́бо (nébo)
5966	доверься	verb	second-person singular imperative perfective of дове́риться (dovéritʹsja)
5967	бессмысленно	adv	senselessly; foolishly
5968	сентября	noun	genitive singular of сентя́брь (sentjábrʹ)
5969	шмидт	name	a transliteration of the English surname Schmidt
5970	отнести	verb	to carry, to deliver
5971	давали	verb	plural past indicative imperfective of дава́ть (davátʹ)
5972	даешь	verb	let there be ...!, we want ...!
5973	век	noun	century; lifetime
5974	нечем	pron	instrumental singular of не́чего (néčevo)
5975	советы	noun	nominative/accusative plural of сове́т (sovét)
5976	дыру	noun	accusative singular of дыра́ (dyrá)
5977	фотографий	noun	genitive plural of фотогра́фия (fotográfija)
5978	послала	verb	feminine singular past indicative perfective of посла́ть (poslátʹ)
5979	появилось	verb	neuter singular past indicative perfective of появи́ться (pojavítʹsja)
5980	закрыт	adj	short masculine singular of закры́тый (zakrýtyj)
5981	преступника	noun	genitive/accusative singular of престу́пник (prestúpnik)
5982	лишний	adj	extra, spare (reserve, backup, free, unused)
5983	неба	noun	genitive singular of не́бо (nébo)
5984	бывал	verb	masculine singular past indicative imperfective of быва́ть (byvátʹ)
5985	империи	noun	genitive/dative/prepositional singular
5986	пыль	noun	dust
5987	молиться	verb	to pray (to petition a higher being)
5988	зону	noun	accusative singular of зо́на (zóna)
5989	испугалась	verb	feminine singular past indicative perfective of испуга́ться (ispugátʹsja)
5990	защите	noun	dative/prepositional singular of защи́та (zaščíta)
5991	карте	noun	dative/prepositional singular of ка́рта (kárta)
5992	сидите	verb	second-person plural present indicative imperfective
5993	финн	noun	Finn (male person from Finland)
5994	заходил	verb	masculine singular past indicative imperfective of заходи́ть (zaxodítʹ)
5995	знакома	adj	short feminine singular of знако́мый (znakómyj)
5996	предпочесть	verb	to prefer
5997	христа	noun	genitive/accusative singular of Христо́с (Xristós)
5998	очистить	verb	to clean, to cleanse, to purify, to purge
5999	пропустили	verb	plural past indicative perfective of пропусти́ть (propustítʹ)
6000	длинная	adj	nominative feminine singular of дли́нный (dlínnyj)
6001	сир	noun	sire (in medieval France and England)
6002	преступлений	noun	genitive plural of преступле́ние (prestuplénije)
6003	извращенец	noun	pervert
6004	добрались	verb	plural past indicative perfective of добра́ться (dobrátʹsja)
6005	закончишь	verb	second-person singular future indicative perfective of зако́нчить (zakónčitʹ)
6006	обществе	noun	prepositional singular of о́бщество (óbščestvo)
6007	достала	verb	feminine singular past indicative perfective of доста́ть (dostátʹ)
6008	двенадцать	num	twelve (12)
6009	поцеловал	verb	masculine singular past indicative perfective of поцелова́ть (pocelovátʹ)
6010	одинок	adj	short masculine singular of одино́кий (odinókij)
6011	признаки	noun	nominative/accusative plural of при́знак (príznak)
6012	валентина	name	a female given name from Latin, of 20th century usage, equivalent to English Valentina
6013	месяцы	noun	nominative/accusative plural of ме́сяц (mésjac)
6014	умрут	verb	third-person plural future indicative perfective of умере́ть (umerétʹ)
6015	облегчение	noun	relief, alleviation, easement
6016	разбить	verb	to break, to crash, to crush, to smash, to shatter
6017	открывается	verb	third-person singular present indicative imperfective of открыва́ться (otkryvátʹsja)
6018	важны	adj	short plural of ва́жный (vážnyj)
6019	газету	noun	accusative singular of газе́та (gazéta)
6020	фильмов	noun	genitive plural of фильм (filʹm)
6021	лезть	verb	to climb (up, on to), to scramble
6022	положила	verb	feminine singular past indicative perfective of положи́ть (položítʹ)
6023	волны	noun	genitive singular of волна́ (volná, “wave”)
6024	годится	verb	third-person singular present indicative imperfective of годи́ться (godítʹsja)
6025	поверхности	noun	genitive/dative/prepositional singular
6026	грязная	adj	nominative feminine singular of гря́зный (grjáznyj)
6027	стерва	noun	bitch, vixen, old witch (a malicious, quarrelsome or temperamental woman)
6028	ткани	noun	inflection of ткань (tkanʹ)
6029	берут	verb	third-person plural present indicative imperfective of брать (bratʹ)
6030	открыла	verb	feminine singular past indicative perfective of откры́ть (otkrýtʹ)
6031	носишь	verb	second-person singular present indicative imperfective of носи́ть (nosítʹ)
6032	девчонку	noun	accusative singular of девчо́нка (devčónka)
6033	специалист	noun	specialist, expert
6034	секретов	noun	genitive plural of секре́т (sekrét)
6035	найдёт	verb	third-person singular future indicative perfective of найти́ (najtí)
6036	аж	adv	even; as many as, as much as, all the way to (a word used for emphasis)
6037	родом	adv	by birth, by origin
6038	трагедия	noun	tragedy (drama or similar work)
6039	десерт	noun	dessert
6040	остановка	noun	stop, pause; break, pause
6041	меняются	verb	third-person plural present indicative imperfective of меня́ться (menjátʹsja)
6042	дозвониться	verb	to (try to) get on the phone, to get through (to)
6043	версию	noun	accusative singular of ве́рсия (vérsija)
6044	авеню	noun	avenue
6045	тысяча	num	thousand (1000)
6046	статьи	noun	genitive singular
6047	лёд	noun	ice; skating rink, ice rink
6048	забота	noun	care; concern, anxiety, worry, trouble
6049	застряла	verb	feminine singular past indicative perfective of застря́ть (zastrjátʹ)
6050	отказ	noun	refusal, denial, repudiation, rejection
6051	пятнадцать	num	fifteen (15)
6052	учителем	noun	instrumental singular of учи́тель (učítelʹ)
6053	заставлю	verb	first-person singular future indicative perfective of заста́вить (zastávitʹ)
6054	задания	noun	genitive singular
6055	лидия	name	a female given name, Lidiya, from Ancient Greek, equivalent to English Lydia
6056	ха-ха	intj	ha-ha
6057	победили	verb	plural past indicative perfective of победи́ть (pobedítʹ)
6058	значок	noun	badge (distinctive mark)
6059	ремонт	noun	repair, overhaul
6060	голода	noun	genitive singular of го́лод (gólod)
6061	заходит	verb	third-person singular present indicative imperfective of заходи́ть (zaxodítʹ)
6062	помогаешь	verb	second-person singular present indicative imperfective of помога́ть (pomogátʹ)
6063	обойти	verb	to go around, to bypass (to pass by going around)
6064	бутылки	noun	genitive singular
6065	напитки	noun	nominative/accusative plural of напи́ток (napítok)
6066	наслаждаться	verb	to enjoy, to be delighted
6067	сексе	noun	prepositional singular of секс (sɛ́ks)
6068	устали	verb	plural past indicative perfective of уста́ть (ustátʹ)
6069	спрятал	verb	masculine singular past indicative perfective of спря́тать (sprjátatʹ)
6070	метод	noun	method, procedure
6071	рождеством	noun	instrumental singular of Рождество́ (Roždestvó)
6072	красоты	noun	genitive singular of красота́ (krasotá)
6073	поднял	verb	masculine singular past indicative perfective of подня́ть (podnjátʹ)
6074	драгоценный	adj	precious
6075	поедет	verb	third-person singular future indicative perfective of пое́хать (pojéxatʹ)
6076	козел	noun	genitive of ко́злы (kózly)
6077	мэдисон	name	a transliteration of the English unisex given name Madison
6078	записей	noun	genitive plural of за́пись (zápisʹ)
6079	велосипед	noun	bicycle, bike; bicycle crunch
6080	приветик	intj	diminutive of приве́т (privét); hi, hey
6081	мелисса	name	a female given name from Ancient Greek, equivalent to English Melissa
6082	ногой	noun	instrumental singular of нога́ (nogá)
6083	суждено	adj	it is destined, it is fated
6084	шпион	noun	spy
6085	постарайтесь	verb	second-person plural imperative perfective of постара́ться (postarátʹsja)
6086	поверила	verb	feminine singular past indicative perfective of пове́рить (povéritʹ)
6087	мусорный	adj	garbage; trash
6088	подумаешь	verb	second-person singular future indicative perfective of поду́мать (podúmatʹ)
6089	одет	adj	short masculine singular of оде́тый (odétyj)
6090	наняли	verb	plural past indicative perfective of наня́ть (nanjátʹ)
6091	навыки	noun	nominative/accusative plural of на́вык (návyk)
6092	пальца	noun	genitive singular of па́лец (pálec)
6093	голосовой	adj	voice; vocal
6094	вёл	verb	masculine singular past indicative imperfective of вести́ (vestí)
6095	звонишь	verb	second-person singular present indicative imperfective of звони́ть (zvonítʹ)
6096	лодки	noun	inflection of ло́дка (lódka)
6097	шок	noun	shock
6098	объяснил	verb	masculine singular past indicative perfective of объясни́ть (obʺjasnítʹ)
6099	повышение	noun	raise, promotion
6100	позаботься	verb	second-person singular imperative perfective of позабо́титься (pozabótitʹsja)
6101	рабочие	noun	nominative plural of рабо́чий (rabóčij)
6102	ожидает	verb	third-person singular present indicative imperfective of ожида́ть (ožidátʹ)
6103	выступить	verb	to project, to protrude, to jut, to jut out, to come out, to stand out
6104	религиозный	adj	religious
6105	ферме	noun	dative/prepositional singular of фе́рма (férma)
6106	рис	noun	rice, paddy (plants)
6107	продолжаем	verb	first-person plural present indicative imperfective of продолжа́ть (prodolžátʹ)
6108	аккуратный	adj	accurate, punctual, exact, thorough
6109	относиться	verb	to treat; to express one's opinion
6110	собеседование	noun	interview (a formal meeting for the assessment of a candidate or applicant)
6111	виню	verb	first-person singular present indicative imperfective of вини́ть (vinítʹ)
6112	флаг	noun	flag, banner; flag
6113	ступай	verb	second-person singular imperative imperfective of ступа́ть (stupátʹ)
6114	змея	noun	snake, serpent; crafty, sneaky person, snake
6115	паре	noun	prepositional singular of пар (par)
6116	охотник	noun	hunter; volunteer
6117	виноватый	adj	guilty
6118	заработал	verb	masculine singular past indicative perfective of зарабо́тать (zarabótatʹ)
6119	управляет	verb	third-person singular present indicative imperfective of управля́ть (upravljátʹ)
6120	природа	noun	nature
6121	охранник	noun	security guard, watchman (guard)
6122	технический	adj	technological; technical
6123	ника	noun	genitive singular of ник (nik)
6124	аренду	noun	accusative singular of аре́нда (arénda)
6125	убейте	verb	second-person plural imperative perfective of уби́ть (ubítʹ)
6126	стараться	verb	to try, to attempt
6127	поступки	noun	nominative/accusative plural of посту́пок (postúpok)
6128	оставалось	verb	neuter singular past indicative imperfective of остава́ться (ostavátʹsja)
6129	возьмёшь	verb	second-person singular future indicative perfective of взять (vzjatʹ)
6130	поступили	verb	plural past indicative perfective of поступи́ть (postupítʹ)
6131	кость	noun	bone; dice, die
6132	читает	verb	third-person singular present indicative imperfective of чита́ть (čitátʹ)
6133	политики	noun	genitive singular
6134	довольны	adj	short plural of дово́льный (dovólʹnyj)
6135	бесит	verb	third-person singular present indicative imperfective of беси́ть (besítʹ)
6136	выходил	verb	masculine singular past indicative imperfective of выходи́ть (vyxodítʹ)
6137	читали	verb	plural past indicative imperfective of чита́ть (čitátʹ).
6138	позову	verb	first-person singular future indicative perfective of позва́ть (pozvátʹ)
6139	химический	adj	chemical
6140	сядьте	verb	second-person plural imperative of сесть pf (sestʹ)
6141	агентство	noun	agency, dealership
6142	попытается	verb	third-person singular future indicative perfective of попыта́ться (popytátʹsja)
6143	чужие	adj	nominative plural
6144	мужчинами	noun	instrumental plural of мужчи́на (mužčína)
6145	крыша	noun	roof; house, dwelling place
6146	берег	noun	bank, shore, coast, beach
6147	золота	noun	genitive singular of зо́лото (zóloto)
6148	доллар	noun	dollar
6149	покрыть	verb	to cover, to roof (a house) ; to thatch, to tile
6150	реку	noun	accusative singular of река́ (reká)
6151	тара	noun	packaging; container(s)
6152	перезвони	verb	second-person singular imperative perfective of перезвони́ть (perezvonítʹ)
6153	пишешь	verb	second-person singular present indicative imperfective of писа́ть (pisátʹ)
6154	сообщений	noun	genitive plural of сообще́ние (soobščénije)
6155	вертолёт	noun	helicopter
6156	жареный	adj	fried, roasted (cooked by frying or roasting)
6157	рту	noun	dative/locative singular of рот (rot)
6158	проекта	noun	genitive singular of прое́кт (proékt)
6159	курок	noun	cock, cocking piece (hammer of a firearm trigger mechanism)
6160	рассказывает	verb	third-person singular present indicative imperfective of расска́зывать (rasskázyvatʹ)
6161	передавать	verb	to hand over, to deliver, to give
6162	охота	noun	wish, inclination, desire
6163	выпила	verb	feminine singular past indicative perfective of вы́пить (výpitʹ)
6164	взрослых	noun	genitive/accusative/prepositional plural of взро́слый (vzróslyj)
6165	похищение	noun	theft, kidnapping, abduction, hijacking
6166	спорим	verb	first-person plural present indicative imperfective of спо́рить (spóritʹ)
6167	появиться	verb	to appear, to show up, to emerge
6168	вампир	noun	vampire (mythological creature, also figuratively)
6169	вылезай	verb	second-person singular imperative imperfective of вылеза́ть (vylezátʹ)
6170	позволяй	verb	second-person singular imperative imperfective of позволя́ть (pozvoljátʹ)
6171	ошиблась	verb	feminine singular past indicative perfective of ошиби́ться (ošibítʹsja)
6172	файл	noun	file; punched pocket
6173	догадаться	verb	to guess (to reach an unqualified conclusion)
6174	предназначить	verb	to appropriate; to assign
6175	тянет	verb	third-person singular present indicative imperfective of тяну́ть (tjanútʹ)
6176	сумке	noun	dative/prepositional singular of су́мка (súmka)
6177	живём	verb	first-person plural present indicative imperfective of жить (žitʹ)
6178	академии	noun	genitive/dative/prepositional singular
6179	напрасно	adv	in vain
6180	худший	adj	comparative degree of плохо́й (ploxój): worse (more inferior)
6181	милашка	noun	babe, cutie, cutie pie, hottie
6182	открыт	adj	short masculine singular of откры́тый (otkrýtyj)
6183	побережье	noun	shore, coast, seaboard, littoral
6184	природе	noun	dative/prepositional singular of приро́да (priróda)
6185	джи	noun	G, g
6186	недоразумение	noun	misunderstanding, misapprehension, misconception
6187	сахар	noun	sugar
6188	смены	noun	genitive singular
6189	детективы	noun	nominative plural
6190	тур	noun	round; tour
6191	изображение	noun	image, picture, illustration, figure
6192	уничтожил	verb	masculine singular past indicative perfective of уничто́жить (uničtóžitʹ)
6193	ошибаетесь	verb	second-person plural present indicative imperfective of ошиба́ться (ošibátʹsja)
6194	генерала	noun	genitive singular
6195	поразить	verb	to hit, to affect, to strike, to defeat (to infect or harm)
6196	платья	noun	genitive singular
6197	сочувствую	verb	first-person singular present indicative imperfective of сочу́вствовать (sočúvstvovatʹ)
6198	маску	noun	accusative singular of ма́ска (máska)
6199	направление	noun	direction, orientation
6200	успехи	noun	nominative/accusative plural of успе́х (uspéx)
6201	сидят	verb	third-person plural present indicative imperfective of сиде́ть (sidétʹ)
6202	обуви	noun	inflection of о́бувь (óbuvʹ)
6203	взялся	verb	masculine singular past indicative perfective of взя́ться (vzjátʹsja)
6204	шерлок	name	a transliteration of the English male given name Sherlock
6205	очевидный	adj	apparent, obvious (easily discovered or understood; self-explanatory)
6206	инструкции	noun	genitive/dative/prepositional singular
6207	браслет	noun	bracelet, bangle
6208	сей	det	this, this here
6209	портрет	noun	portrait, picture
6210	обман	noun	deception; deceit, fraud
6211	зашёл	verb	masculine singular past indicative perfective of зайти́ (zajtí)
6212	поражение	noun	defeat; deprivation
6213	составить	verb	to constitute, to make up, to form
6214	еврей	noun	Jew, Hebrew
6215	училась	verb	feminine singular past indicative imperfective of учи́ться (učítʹsja)
6216	ищи	verb	second-person singular imperative imperfective of иска́ть (iskátʹ)
6217	выпью	verb	first-person singular future indicative perfective of вы́пить (výpitʹ)
6218	братец	noun	brother, bro, old fellow, dear friend
6219	сотен	noun	genitive plural of со́тня (sótnja)
6220	перестали	verb	plural past indicative perfective of переста́ть (perestátʹ)
6221	пар	noun	steam, vapor; fallow (fallow land)
6222	авария	noun	damage, breakdown, fault, failure, crash (rarely)
6223	духи	noun	perfume
6224	станцию	noun	accusative singular of ста́нция (stáncija)
6225	похоронах	noun	prepositional of по́хороны (póxorony)
6226	наблюдал	verb	masculine singular past indicative imperfective of наблюда́ть (nabljudátʹ)
6227	проведу	verb	first-person singular future indicative of провести́ pf (provestí)
6228	построил	verb	masculine singular past indicative perfective of постро́ить (postróitʹ)
6229	дорожный	adj	road, travelling
6230	надёжный	adj	reliable, dependable, trustworthy
6231	обращай	verb	second-person singular imperative imperfective of обраща́ть (obraščátʹ)
6232	спешить	verb	to hurry, to hasten, to make haste, to be in a hurry
6233	мебель	noun	furniture
6234	новичок	noun	beginner, novice, newbie, neophyte
6235	зона	noun	zone; prison
6236	виноваты	adj	short plural of винова́тый (vinovátyj)
6237	краю	noun	dative/partitive singular
6238	слезы	noun	genitive singular of слеза́ (slezá)
6239	логично	adv	logically
6240	приезжает	verb	third-person singular present indicative imperfective of приезжа́ть (prijezžátʹ)
6241	кругу	noun	dative singular of круг (krug)
6242	уедем	verb	first-person plural future indicative perfective of уе́хать (ujéxatʹ)
6243	думайте	verb	second-person plural imperative imperfective of ду́мать (dúmatʹ)
6244	вечерний	adj	evening
6245	флот	noun	fleet, naval fleet
6246	музей	noun	museum
6247	космос	noun	space, cosmos
6248	отправились	verb	plural past indicative perfective of отпра́виться (otprávitʹsja)
6249	пригодится	verb	third-person singular future indicative perfective of пригоди́ться (prigodítʹsja)
6250	холодильнике	noun	prepositional singular of холоди́льник (xolodílʹnik)
6251	честен	adj	short masculine singular of че́стный (čéstnyj)
6252	вопроса	noun	genitive singular of вопро́с (voprós)
6253	атаки	noun	genitive singular
6254	беспокоится	verb	third-person singular present indicative imperfective of беспоко́иться (bespokóitʹsja)
6255	случайность	noun	chance; fortuity, fortuitousness
6256	режим	noun	regime (mode of rule or management)
6257	газа	noun	genitive singular of газ (gaz)
6258	митчелл	name	a transliteration of the English male given name Mitchell
6259	плакала	verb	feminine singular past indicative imperfective of пла́кать (plákatʹ)
6260	съела	verb	feminine singular past indicative perfective of съесть (sʺjestʹ)
6261	шутку	noun	accusative singular of шу́тка (šútka)
6262	красной	noun	genitive/dative/instrumental/prepositional singular of кра́сная (krásnaja)
6263	красива	adj	short feminine singular of краси́вый (krasívyj)
6264	многом	noun	prepositional singular of мно́гое (mnógoje)
6265	защищает	verb	third-person singular present indicative imperfective of защища́ть (zaščiščátʹ)
6266	покоя	noun	genitive singular of поко́й (pokój)
6267	лагеря	noun	genitive singular of ла́герь (lágerʹ)
6268	хирург	noun	surgeon
6269	глупые	noun	nominative plural of глу́пый (glúpyj)
6270	церемонии	noun	genitive/dative/prepositional singular
6271	база	noun	base
6272	сериал	noun	series (television program)
6273	франклин	name	a transliteration of the English surname Franklin
6274	тсс	intj	psst! (listen to this!)
6275	проверять	verb	to examine, to check, to control, to verify, to test, to audit
6276	королевой	noun	instrumental singular of короле́ва (koroléva)
6277	расстаться	verb	to part, to separate
6278	решает	verb	third-person singular present indicative imperfective of реша́ть (rešátʹ)
6279	берешь	verb	second-person singular present indicative imperfective of брать (bratʹ)
6280	газетах	noun	prepositional plural of газе́та (gazéta)
6281	немцы	noun	nominative plural of не́мец (némec)
6282	пресса	noun	press
6283	ударила	verb	feminine singular past indicative perfective of уда́рить (udáritʹ)
6284	кусочки	noun	nominative/accusative plural of кусо́чек (kusóček)
6285	оценки	noun	genitive singular
6286	третьей	noun	genitive/dative/instrumental/prepositional singular of тре́тья
6287	впустую	adv	in vain, for nothing (without success)
6288	пропустите	verb	second-person plural future indicative perfective of пропусти́ть (propustítʹ)
6289	комплимент	noun	compliment
6290	тон	noun	tone, plural: то́ны (tóny)
6291	заслуживаю	verb	first-person singular present indicative imperfective of заслу́живать (zaslúživatʹ)
6292	брюки	noun	pants, trousers
6293	убедил	verb	masculine singular past indicative perfective of убеди́ть (ubedítʹ)
6294	необычно	adv	unusually
6295	вспомни	verb	second-person singular imperative perfective of вспо́мнить (vspómnitʹ)
6296	героя	noun	genitive/accusative singular of геро́й (gerój)
6297	считая	verb	present adverbial imperfective participle of счита́ть (sčitátʹ)
6298	святая	adj	feminine nominative singular of свято́й (svjatój)
6299	сценария	noun	genitive singular of сцена́рий (scenárij)
6300	закройте	verb	second-person plural imperative perfective of закры́ть (zakrýtʹ)
6301	аппарат	noun	apparatus, instrument, device
6302	приведу	verb	first-person singular future indicative perfective of привести́ (privestí)
6303	используешь	verb	second-person singular present indicative imperfective
6304	соседка	noun	neighboring country
6305	эль	noun	ale (English beer)
6306	коридоре	noun	prepositional singular of коридо́р (koridór)
6307	парне	noun	prepositional singular of па́рень (párenʹ)
6308	спрашивали	verb	plural past indicative imperfective of спра́шивать (sprášivatʹ)
6309	играете	verb	second-person plural present indicative imperfective of игра́ть (igrátʹ)
6310	вспоминать	verb	to recall, to remember, to recollect, to reminisce
6311	застряли	verb	plural past indicative perfective of застря́ть (zastrjátʹ)
6312	каникулы	noun	vacation (U.S.), holiday (UK)
6313	возвращаются	verb	third-person plural present indicative imperfective of возвраща́ться (vozvraščátʹsja)
6314	воспоминаний	noun	genitive plural of воспомина́ние (vospominánije)
6315	смену	noun	accusative singular of сме́на (sména)
6316	хозяйка	noun	hostess; wife
6317	череп	noun	skull, cranium
6318	носил	verb	masculine singular past indicative imperfective of носи́ть (nosítʹ)
6319	кредит	noun	loan; credit (in the wider sense, not specifically in reference to credits and debits)
6320	деда	noun	genitive/accusative/vocative singular of де́д (déd)
6321	посидеть	verb	to sit (for a while)
6322	жалею	verb	first-person singular present indicative imperfective of жале́ть (žalétʹ)
6323	небесах	noun	prepositional plural of не́бо (nébo)
6324	запрос	noun	inquiry; request, demand
6325	пусто	adv	in an empty manner, emptily
6326	библиотеке	noun	dative/prepositional singular of библиоте́ка (bibliotéka)
6327	красного	noun	genitive/accusative singular of кра́сный (krásnyj)
6328	правосудия	noun	genitive singular
6329	скрывает	verb	third-person singular present indicative imperfective of скрыва́ть (skryvátʹ)
6330	пообедать	verb	to eat lunch; to have lunch
6331	страсти	noun	genitive/dative/prepositional singular
6332	соня	noun	sleepyhead; dormouse
6333	достали	verb	plural past indicative perfective of доста́ть (dostátʹ)
6334	акцент	noun	stress, accent; accent (foreign or local)
6335	возможностей	noun	genitive plural of возмо́жность (vozmóžnostʹ)
6336	австралия	name	Australia
6337	верила	verb	feminine singular past indicative imperfective of ве́рить (véritʹ)
6338	наблюдение	noun	observation; supervision
6339	комитет	noun	committee
6340	кухня	noun	kitchen; suite of furniture for a kitchen
6341	верх	noun	top, upper part, roof, dome, height
6342	познакомилась	verb	feminine singular past indicative perfective of познако́миться (poznakómitʹsja)
6343	уникальный	adj	unique
6344	охоту	noun	accusative singular of охо́та (oxóta)
6345	одинаково	adv	equally, evenly (in an equal manner)
6346	проходят	verb	third-person plural present indicative imperfective of проходи́ть (proxodítʹ)
6347	кент	noun	fam, homie, friend
6348	сокровище	noun	treasure (collection of valuable things)
6349	действительности	noun	genitive/dative/prepositional singular
6350	голодный	adj	hungry, starving
6351	проводили	verb	plural past indicative imperfective/perfective of проводи́ть (provodítʹ)
6352	совершила	verb	feminine singular past indicative perfective of соверши́ть (soveršítʹ)
6353	большими	noun	instrumental plural of бо́льшее (bólʹšeje)
6354	денёк	noun	diminutive of день (denʹ): day
6355	здравствует	verb	third-person singular present indicative imperfective of здра́вствовать (zdrávstvovatʹ)
6356	перевели	verb	plural past indicative perfective of перевести́ (perevestí)
6357	доверяет	verb	third-person singular present indicative imperfective of доверя́ть (doverjátʹ)
6358	опознать	verb	to recognize, to identify
6359	стрелок	noun	shooter, shot; rifleman
6360	чужой	adj	someone else’s, another’s, other’s
6361	видение	noun	vision, sight
6362	моральный	adj	moral (relating to principles of right and wrong)
6363	студентов	noun	genitive/accusative plural of студе́нт (studént)
6364	известен	adj	short masculine singular of изве́стный (izvéstnyj)
6365	мелочь	noun	small things; change, coins of small denomination
6366	копии	noun	genitive/dative/prepositional singular
6367	тупица	noun	dummy, blockhead, dimwit, dunce (stupid person)
6368	привыкла	verb	short feminine singular past indicative perfective of привы́кнуть (privýknutʹ)
6369	останутся	verb	third-person plural future indicative perfective of оста́ться (ostátʹsja)
6370	дружба	noun	friendship (condition of being friends)
6371	душой	noun	instrumental singular of душа́ (dušá)
6372	носят	verb	third-person plural present indicative imperfective of носи́ть (nosítʹ)
6373	договаривались	verb	plural past indicative imperfective of догова́риваться (dogovárivatʹsja)
6374	клиентом	noun	instrumental singular of клие́нт (klijént)
6375	захочется	verb	third-person singular future indicative perfective of захоте́ться (zaxotétʹsja)
6376	повести	verb	to lead, to conduct, to direct, to drive
6377	физически	adv	physically
6378	льда	noun	genitive singular of лёд (ljod)
6379	благослови	verb	second-person singular imperative perfective of благослови́ть (blagoslovítʹ)
6380	упустил	verb	masculine singular past indicative perfective of упусти́ть (upustítʹ)
6381	психологический	adj	psychological
6382	постепенно	adv	gradually, step by step, by and by, progressively
6383	али	conj	or
6384	приготовиться	verb	to get ready, to prepare oneself
6385	начнётся	verb	third-person singular future indicative perfective of нача́ться (načátʹsja)
6386	посол	noun	ambassador; legate
6387	репутация	noun	reputation, image, fame (what someone is known for)
6388	ожерелье	noun	necklace (jewelry)
6389	исчезнет	verb	third-person singular future indicative perfective of исче́знуть (isčéznutʹ)
6390	вики	noun	wiki (collaborative website)
6391	красть	verb	to steal
6392	девушками	noun	instrumental plural of де́вушка (dévuška)
6393	проехали	verb	plural past indicative perfective of прое́хать (projéxatʹ)
6394	уверенность	noun	firmness, assurance
6395	стук	noun	knock; rattle, clatter, noise
6396	зарегистрировать	verb	to register, to log, to record
6397	прячется	verb	third-person singular present indicative imperfective of пря́таться (prjátatʹsja)
6398	роста	noun	genitive singular of рост (rost)
6399	подобно	adv	likewise (in like manner)
6400	карьеры	noun	nominative/accusative plural of карье́р (karʹjér)
6401	полотенце	noun	towel
6402	разрушил	verb	masculine singular past indicative perfective of разру́шить (razrúšitʹ)
6403	экстренный	adj	special, extra, extraordinary
6404	шрам	noun	scar, cicatrix (a permanent mark on the skin sometimes caused by the healing of a wound)
6405	верховный	adj	supreme, high (dominant)
6406	ненависти	noun	genitive/dative/prepositional singular
6407	заткнитесь	verb	second-person plural imperative perfective of заткну́ться (zatknútʹsja)
6408	заплатит	verb	third-person singular future indicative perfective of заплати́ть (zaplatítʹ)
6409	крест	noun	cross; thief
6410	идиотка	noun	female equivalent of идио́т (idiót): female idiot
6411	методы	noun	nominative/accusative plural of ме́тод (métod)
6412	трата	noun	expenditure
6413	продукты	noun	foods, edibles
6414	печень	noun	liver
6415	исключительно	adv	exceptionally, exclusively, extraordinarily
6416	рубашка	noun	button-up shirt
6417	кристиан	name	a transliteration of the English male given name Christian
6418	существование	noun	existence, being
6419	ветра	noun	genitive singular of ве́тер (véter)
6420	вампиров	noun	genitive/accusative plural of вампи́р (vampír)
6421	виновным	noun	instrumental singular
6422	предупредил	verb	masculine singular past indicative perfective of предупреди́ть (predupredítʹ)
6423	фон	noun	background, backdrop
6424	зацени	verb	second-person singular imperative perfective of зацени́ть (zacenítʹ)
6425	посадили	verb	plural past indicative perfective of посади́ть (posadítʹ)
6426	славы	noun	genitive singular
6427	дым	noun	smoke
6428	люка	noun	genitive singular of люк (ljuk)
6429	миллиардов	num	genitive plural of миллиа́рд (milliárd)
6430	проверку	noun	accusative singular of прове́рка (provérka)
6431	разрешил	verb	masculine singular past indicative perfective of разреши́ть (razrešítʹ)
6432	узнай	verb	second-person singular imperative perfective of узна́ть (uznátʹ)
6433	королю	noun	dative singular of коро́ль (korólʹ)
6434	заставлять	verb	to compel, to force, to make
6435	откровенно	adv	frankly, candidly, openly
6436	мотоцикл	noun	motorcycle, motorbike, bike
6437	устрою	verb	first-person singular future indicative perfective of устро́ить (ustróitʹ)
6438	научилась	verb	feminine singular past indicative perfective of научи́ться (naučítʹsja)
6439	доверия	noun	genitive singular
6440	поет	verb	third-person singular present indicative imperfective of петь (petʹ)
6441	плоть	noun	flesh; foreskin
6442	обещаешь	verb	second-person singular present indicative imperfective of обеща́ть (obeščátʹ)
6443	завидую	verb	first-person singular present indicative imperfective of зави́довать (zavídovatʹ)
6444	следят	verb	third-person plural present indicative imperfective of следи́ть (sledítʹ)
6445	сыграем	verb	first-person plural future indicative perfective of сыгра́ть (sygrátʹ)
6446	путём	noun	instrumental singular of путь (putʹ)
6447	актриса	noun	female equivalent of актёр (aktjór): actress
6448	гадость	noun	abomination (something abominable)
6449	кота	noun	genitive/accusative singular of кот (kot)
6450	запасной	adj	spare, reserve; auxiliary (supplementary or subsidiary)
6451	отвлечь	verb	to distract, to divert
6452	успели	verb	plural past indicative perfective of успе́ть (uspétʹ)
6453	смеются	verb	third-person plural present indicative imperfective of смея́ться (smejátʹsja)
6454	полуночи	noun	genitive/dative/prepositional singular of по́лночь (pólnočʹ)
6455	становишься	verb	second-person singular present indicative imperfective of станови́ться (stanovítʹsja)
6456	отдали	verb	plural past indicative perfective of отда́ть (otdátʹ)
6457	учится	verb	third-person singular present indicative imperfective of учи́ться (učítʹsja)
6458	уезжаем	verb	first-person plural present indicative imperfective of уезжа́ть (ujezžátʹ)
6459	заинтересован	adj	short masculine singular of заинтересо́ванный (zainteresóvannyj)
6460	носа	noun	genitive singular of нос (nos)
6461	пожить	verb	to live for a while
6462	подойдёт	verb	third-person singular future indicative perfective of подойти́ (podojtí)
6463	приют	noun	refuge, shelter
6464	гараж	noun	garage
6465	простое	noun	prepositional singular of просто́й (prostój)
6466	плоти	noun	genitive/dative/prepositional singular
6467	пошутил	verb	masculine singular past indicative perfective of пошути́ть (pošutítʹ)
6468	бесконечный	adj	endless, infinite, unlimited, boundless
6469	стихи	noun	poem
6470	надел	noun	Allotment land
6471	привязать	verb	to tie up, to attach, to fasten, to tether
6472	славно	adv	famously, well; it is nice
6473	чудеса	noun	nominative/accusative plural of чу́до (čúdo)
6474	держали	verb	plural past indicative imperfective of держа́ть (deržátʹ)
6475	прощу	verb	first-person singular future indicative perfective of прости́ть (prostítʹ)
6476	романтично	adj	short neuter singular of романти́чный (romantíčnyj)
6477	поход	noun	campaign, march
6478	парням	noun	dative plural of па́рень (párenʹ)
6479	спрашиваете	verb	second-person plural present indicative imperfective of спра́шивать (sprášivatʹ)
6480	станция	noun	station; office, exchange
6481	выходят	verb	third-person plural present indicative imperfective of выходи́ть (vyxodítʹ)
6482	присаживайся	verb	second-person singular imperative imperfective of приса́живаться (prisáživatʹsja)
6483	растут	verb	third-person plural present indicative imperfective of расти́ (rastí)
6484	мужика	noun	genitive/accusative singular of мужи́к (mužík)
6485	поешь	verb	second-person singular future indicative perfective
6486	зарабатывать	verb	to earn
6487	бардак	noun	brothel; disorder, jumble, clutter, mess
6488	пустыне	noun	dative/prepositional singular of пусты́ня (pustýnja)
6489	закрыта	adj	short feminine singular of закры́тый (zakrýtyj)
6490	кататься	verb	to ride in a vehicle
6491	стен	noun	genitive plural of стена́ (stená)
6492	живее	adv	comparative degree of живо́й (živój)
6493	удачно	adv	fortunately, luckily
6494	пенис	noun	penis
6495	успокоить	verb	to calm, to quiet, to soothe
6496	участвовал	verb	masculine singular past indicative imperfective of уча́ствовать (učástvovatʹ)
6497	бак	noun	forecastle
6498	дату	noun	accusative singular of да́та (dáta)
6499	основе	noun	dative/prepositional singular of осно́ва (osnóva)
6500	третьем	noun	prepositional singular of тре́тье (trétʹje)
6501	сезона	noun	genitive singular of сезо́н (sezón)
6502	уличный	adj	street
6503	июля	noun	genitive singular of ию́ль (ijúlʹ)
6504	цене	noun	dative/prepositional singular of цена́ (cená)
6505	джульетта	name	Juliet
6506	забывать	verb	to forget; to leave behind
6507	позвонишь	verb	second-person singular future indicative perfective of позвони́ть (pozvonítʹ)
6508	любимой	noun	genitive/dative/instrumental/prepositional singular of люби́мая (ljubímaja)
6509	играй	verb	second-person singular imperative imperfective of игра́ть (igrátʹ)
6510	годом	noun	instrumental singular of год (god)
6511	чему-то	pron	dative of что́-то (štó-to)
6512	теряем	verb	first-person plural present indicative imperfective of теря́ть (terjátʹ)
6513	крылья	noun	nominative/accusative plural of крыло́ (kryló)
6514	помогала	verb	feminine singular past indicative imperfective of помога́ть (pomogátʹ)
6515	привыкнуть	verb	to get used (to), to get accustomed
6516	любимые	noun	nominative plural of люби́мый (ljubímyj)
6517	нахожусь	verb	first-person singular present indicative imperfective
6518	конфеты	noun	genitive singular
6519	флота	noun	genitive singular of флот (flot)
6520	друге	noun	prepositional singular of друг (drug)
6521	ближайшее	adj	nominative/accusative neuter singular of ближа́йший (bližájšij)
6522	вине	noun	prepositional singular of вино́ (vinó)
6523	правосудие	noun	justice (the civil power dealing with law)
6524	бойтесь	verb	second-person plural imperative imperfective of боя́ться (bojátʹsja)
6525	неправ	adj	short masculine singular of непра́вый (neprávyj)
6526	напиши	verb	second-person singular imperative perfective of написа́ть (napisátʹ)
6527	кайфом	noun	instrumental singular of кайф (kajf)
6528	неизвестный	adj	unknown
6529	превосходный	adj	excellent, splendid, superior (possessing or displaying splendor)
6530	подозрения	noun	genitive singular
6531	хлеба	noun	genitive singular of хлеб (xleb)
6532	сказав	verb	short past adverbial perfective participle of сказа́ть (skazátʹ)
6533	перемены	noun	genitive singular
6534	свечи	noun	genitive singular of свеча́ (svečá)
6535	пила	noun	saw
6536	обороны	noun	genitive singular
6537	сми	noun	acronym of сре́дства ма́ссовой информа́ции (srédstva mássovoj informácii): mass media
6538	куртку	noun	accusative singular of ку́ртка (kúrtka)
6539	представитель	noun	representative; specimen
6540	умница	noun	clear head; clever boy, good boy, clever girl, good girl
6541	принадлежат	verb	third-person plural present indicative imperfective of принадлежа́ть (prinadležátʹ)
6542	помещение	noun	lodgement, premise(s), room, apartment, quarters
6543	устраивать	verb	to arrange, to organize, to establish
6544	нарушил	verb	masculine singular past indicative perfective of нару́шить (narúšitʹ)
6545	предчувствие	noun	foreboding, foreshadowing, presentiment, hunch
6546	потрясный	adj	incredible, awesome, zingy, super, tremendous, cool, killer, super-duper, jim-dandy
6547	старалась	verb	feminine singular past indicative imperfective of стара́ться (starátʹsja)
6548	красное	noun	neuter singular
6549	горячо	adv	hotly, warmly; passionately (in a passionate manner)
6550	кролик	noun	rabbit (of unspecified gender) (long-eared mammal)
6551	сумма	noun	sum (quantity obtained by addition or aggregation)
6552	предположим	verb	first-person plural future indicative perfective of предположи́ть (predpoložítʹ)
6553	умеют	verb	third-person plural present indicative imperfective of уме́ть (umétʹ)
6554	готовлю	verb	first-person singular present indicative imperfective of гото́вить (gotóvitʹ)
6555	матушка	noun	mother, mum (parent)
6556	половины	noun	inflection of полови́на (polovína)
6557	просят	verb	third-person plural present indicative imperfective of проси́ть (prosítʹ)
6558	давид	name	a male given name, equivalent to English David
6559	пройтись	verb	to (go for a) walk, to stroll
6560	родственников	noun	genitive/accusative plural of ро́дственник (ródstvennik)
6561	продолжал	verb	masculine singular past indicative imperfective of продолжа́ть (prodolžátʹ)
6562	подготовиться	verb	to study, to prepare for
6563	бумага	noun	paper; document
6564	подойдите	verb	second-person plural imperative perfective of подойти́ (podojtí)
6565	злобный	adj	bitterful, spiteful, malicious, malignant, bitter, wicked
6566	науки	noun	genitive singular
6567	производство	noun	production, manufacture
6568	кокаин	noun	cocaine
6569	снов	noun	genitive plural of сон (son)
6570	обманул	verb	masculine singular past indicative perfective of обману́ть (obmanútʹ)
6571	сотовый	adj	honeycomb; cell; cellular
6572	напрямую	adv	bluntly, point-blank (in a blunt manner)
6573	пустите	verb	second-person plural future indicative perfective of пусти́ть (pustítʹ)
6574	тайно	adv	secretly (in secret)
6575	оставляю	verb	first-person singular present indicative imperfective of оставля́ть (ostavljátʹ)
6576	среднего	noun	genitive singular of сре́днее (srédneje)
6577	учеников	noun	genitive/accusative plural of учени́к (učeník)
6578	курица	noun	chicken (a bird of species Gallus gallus)
6579	получат	verb	third-person plural future indicative perfective of получи́ть (polučítʹ)
6580	уходил	verb	masculine singular past indicative imperfective/perfective of уходи́ть (uxodítʹ)
6581	поступают	verb	third-person plural present indicative imperfective of поступа́ть (postupátʹ)
6582	отложить	verb	to set aside; to lay by, to save (money for some purchase)
6583	ошибался	verb	masculine singular past indicative imperfective of ошиба́ться (ošibátʹsja)
6584	храм	noun	temple, shrine; church, cathedral (a place of Christian worship that has an altar)
6585	девчонок	noun	genitive/accusative plural of девчо́нка (devčónka)
6586	степень	noun	degree, extent; power
6587	отпущу	verb	first-person singular future indicative perfective of отпусти́ть (otpustítʹ)
6588	поженимся	verb	first-person plural future indicative perfective of пожени́ться (poženítʹsja)
6589	днями	noun	instrumental plural of день (denʹ)
6590	выслушай	verb	second-person singular imperative perfective of вы́слушать (výslušatʹ)
6591	сигарету	noun	accusative singular of сигаре́та (sigaréta)
6592	уйдёт	verb	third-person singular future indicative perfective of уйти́ (ujtí)
6593	поразительно	adv	strikingly
6594	придумаем	verb	first-person plural future indicative perfective of приду́мать (pridúmatʹ)
6595	шторм	noun	storm
6596	майки	noun	genitive singular
6597	редакция	noun	editorship, redaction
6598	водителя	noun	genitive/accusative singular of води́тель (vodítelʹ)
6599	дороже	adv	comparative degree of дорого́й (dorogój)
6600	щас	intj	hold on, one sec, wait
6601	проклят	verb	short masculine singular of про́клятый (prókljatyj)
6602	график	noun	diagram, graph (a chart of the relation between two or three quantities)
6603	испортила	verb	feminine singular past indicative perfective of испо́ртить (ispórtitʹ)
6604	битвы	noun	genitive singular
6605	альфред	name	a male given name from English, equivalent to English Alfred
6606	документ	noun	document, paper
6607	прибыль	noun	rise, increase, growth, increment
6608	землей	noun	instrumental singular of земля́ (zemljá)
6609	поделаешь	verb	second-person singular future indicative perfective of поде́лать (podélatʹ)
6610	разговариваем	verb	first-person plural present indicative imperfective of разгова́ривать (razgovárivatʹ)
6611	криминальный	adj	criminal
6612	переехали	verb	plural past indicative perfective of перее́хать (perejéxatʹ)
6613	выпустите	verb	second-person plural future indicative perfective
6614	честный	adj	honest, upright, fair
6615	пицца	noun	pizza
6616	игнорировать	verb	to ignore, to disregard (to deliberately pay no attention to)
6617	довести	verb	to lead, to take, to accompany (to), to bring (into)
6618	таинственный	adj	mysterious (of unknown origin)
6619	корова	noun	cow; cow; a fat, clumsy or dull woman
6620	поймите	verb	second-person plural imperative perfective of поня́ть (ponjátʹ)
6621	одних	num	genitive/prepositional plural
6622	избегать	verb	to avoid, to refrain from
6623	некогда	adj	there is no time
6624	массовый	adj	mass, bulk; mass; popular
6625	выборов	noun	genitive plural of вы́бор (výbor)
6626	жалеть	verb	to feel sorry, to be sorry, to be sad (about something), to regret
6627	упрямый	adj	stubborn (refusing to move or change one's opinion)
6628	значительный	adj	considerable, sizeable, strong, substantial, large
6629	богов	noun	genitive/accusative plural of бог (box)
6630	побег	noun	flight, escape; sprout, shoot
6631	писем	noun	genitive plural of письмо́ (pisʹmó)
6632	заболела	verb	feminine singular past indicative perfective of заболе́ть (zabolétʹ)
6633	зависимости	noun	genitive/dative/prepositional singular
6634	робот	noun	robot (mechanical or virtual, artificial agent)
6635	аппетита	noun	genitive singular of аппети́т (appetít)
6636	рекламный	adj	advertising, publicity; promotional
6637	благодарности	noun	genitive/dative/prepositional singular
6638	почитать	verb	to read (for a while)
6639	оказать	verb	to show, to render, to do, to provide (help, service, support, etc.)
6640	развода	noun	genitive singular of разво́д (razvód)
6641	шевелитесь	verb	second-person plural present indicative imperfective of шевели́ться (ševelítʹsja)
6642	кошелёк	noun	wallet, purse, billfold
6643	отвечаешь	verb	second-person singular present indicative imperfective of отвеча́ть (otvečátʹ)
6644	синдром	noun	syndrome (complex of symptoms)
6645	электрический	adj	electric
6646	поговорила	verb	feminine singular past indicative perfective of поговори́ть (pogovorítʹ)
6647	хозяина	noun	genitive/accusative singular of хозя́ин (xozjáin)
6648	текст	noun	text, wording; lyrics
6649	отчаянно	adv	desperately (in a desperate manner)
6650	бумагу	noun	accusative singular of бума́га (bumága)
6651	почерк	noun	handwriting, hand (style of penmanship)
6652	учили	verb	plural past indicative imperfective of учи́ть (učítʹ)
6653	поддерживаю	verb	first-person singular present indicative imperfective of подде́рживать (poddérživatʹ)
6654	резко	adv	sharply, harshly, abruptly
6655	проверял	verb	masculine singular past indicative imperfective of проверя́ть (proverjátʹ)
6656	спорт	noun	sport (any athletic activity that uses physical skills)
6657	начальника	noun	genitive/accusative singular of нача́льник (načálʹnik)
6658	придёшь	verb	second-person singular future indicative perfective of прийти́ (prijtí)
6659	край	noun	border, edge, brink, brim, fringe
6660	канада	name	Canada (a country in North America)
6661	покончил	verb	masculine singular past indicative perfective of поко́нчить (pokónčitʹ)
6662	идёмте	verb	come on; let's go
6663	совпадает	verb	third-person singular present indicative imperfective of совпада́ть (sovpadátʹ)
6664	дерьме	noun	prepositional singular of дерьмо́ (derʹmó)
6665	веселиться	verb	to have fun, to rejoice
6666	ау	intj	huh?
6667	держится	verb	third-person singular present indicative imperfective of держа́ться (deržátʹsja)
6668	стряслось	verb	neuter singular past indicative perfective of стрясти́сь (strjastísʹ)
6669	спальню	noun	accusative singular of спа́льня (spálʹnja)
6670	колесо	noun	wheel; cartwheel
6671	прыгай	verb	second-person singular imperative imperfective of пры́гать (prýgatʹ)
6672	терапии	noun	genitive/dative/prepositional singular
6673	заметит	verb	third-person singular future indicative perfective of заме́тить (zamétitʹ)
6674	вонючий	adj	stinking, stinky, smelly
6675	справедливость	noun	justice, fairness
6676	помолвить	verb	to proclaim as bridegroom or bride
6677	бутылка	noun	bottle
6678	увеличить	verb	to increase, to enlarge, to enhance
6679	искусственный	adj	artificial, man-made
6680	останетесь	verb	second-person plural future indicative perfective of оста́ться (ostátʹsja)
6681	отпечатков	noun	genitive plural of отпеча́ток (otpečátok)
6682	дракона	noun	genitive/accusative singular of драко́н (drakón)
6683	значило	verb	neuter singular past indicative imperfective of зна́чить (znáčitʹ)
6684	ведёшь	verb	second-person singular present indicative imperfective of вести́ (vestí)
6685	шкаф	noun	cupboard; wardrobe, closet
6686	сном	noun	instrumental singular of сон (son)
6687	пистолетом	noun	instrumental singular of пистоле́т (pistolét)
6688	пациенты	noun	nominative plural of пацие́нт (paciɛ́nt)
6689	упустить	verb	to let go, to let slip
6690	запомнил	verb	masculine singular past indicative perfective of запо́мнить (zapómnitʹ)
6691	победит	verb	third-person singular future indicative perfective of победи́ть (pobedítʹ)
6692	фокус	noun	hocus-pocus, trick, sleight of hand
6693	называете	verb	second-person plural present indicative imperfective of называ́ть (nazyvátʹ)
6694	впечатляющий	verb	present active imperfective participle of впечатля́ть (vpečatljátʹ)
6695	продали	verb	plural past indicative perfective of прода́ть (prodátʹ)
6696	вероника	name	a female given name from Ancient Greek, equivalent to English Veronica
6697	гора	noun	mountain; heap, pile
6698	поколения	noun	genitive singular
6699	пообещай	verb	second-person singular imperative perfective of пообеща́ть (poobeščátʹ)
6700	адреса	noun	genitive singular of а́дрес (ádres)
6701	адский	adj	hellish, infernal
6702	торопись	verb	second-person singular imperative imperfective of торопи́ться (toropítʹsja)
6703	мечтать	verb	to dream
6704	присутствии	noun	prepositional singular of прису́тствие (prisútstvije)
6705	великолепен	adj	short masculine singular of великоле́пный (velikolépnyj)
6706	путешествовать	verb	to travel
6707	поставила	verb	feminine singular past indicative perfective of поста́вить (postávitʹ)
6708	вопросу	noun	dative singular of вопро́с (voprós)
6709	проиграли	verb	plural past indicative perfective of проигра́ть (proigrátʹ)
6710	луну	noun	accusative singular of луна́ (luná)
6711	состоится	verb	third-person singular future indicative perfective of состоя́ться (sostojátʹsja)
6712	успела	verb	feminine singular past indicative perfective of успе́ть (uspétʹ)
6713	планировали	verb	plural past indicative imperfective of плани́ровать (planírovatʹ)
6714	вдох	noun	inhalation, breath (in)
6715	теряет	verb	third-person singular present indicative imperfective of теря́ть (terjátʹ)
6716	проблемами	noun	instrumental plural of пробле́ма (probléma)
6717	лесбиянка	noun	lesbian
6718	розы	noun	genitive singular
6719	открыты	adj	short plural of откры́тый (otkrýtyj)
6720	участка	noun	genitive singular of уча́сток (učástok)
6721	милях	noun	prepositional plural of ми́ля (mílja)
6722	ральф	name	a transliteration of the English male given name Ralph
6723	шума	noun	genitive singular of шум (šum)
6724	давления	noun	genitive singular
6725	длинные	adj	nominative plural
6726	офицеры	noun	nominative plural of офице́р (oficér)
6727	выбираться	verb	to get out
6728	соответствует	verb	third-person singular present indicative imperfective of соотве́тствовать
6729	мерзавец	noun	villain, scoundrel, rat, stinker
6730	боссом	noun	instrumental singular of босс (boss)
6731	страховой	adj	insurance
6732	медленный	adj	slow
6733	предлагает	verb	third-person singular present indicative imperfective of предлага́ть (predlagátʹ)
6734	выпустили	verb	plural past indicative perfective of вы́пустить (výpustitʹ)
6735	спектакль	noun	performance, play, matinee
6736	одеяло	noun	blanket, counterpane
6737	остановил	verb	masculine singular past indicative perfective of останови́ть (ostanovítʹ)
6738	обвинять	verb	to accuse, to charge
6739	карьере	noun	prepositional singular of карье́р (karʹjér)
6740	совершили	verb	plural past indicative perfective of соверши́ть (soveršítʹ)
6741	таблеток	noun	genitive plural of табле́тка (tablétka)
6742	ловушке	noun	dative/prepositional singular of лову́шка (lovúška)
6743	остальной	adj	remaining, the rest of
6744	довольна	adj	short feminine singular of дово́льный (dovólʹnyj)
6745	нарочно	adv	on purpose, deliberately
6746	великолепна	adj	short feminine singular of великоле́пный (velikolépnyj)
6747	сдаюсь	verb	first-person singular present indicative imperfective of сдава́ться (sdavátʹsja)
6748	отказываюсь	verb	first-person singular present indicative imperfective of отка́зываться (otkázyvatʹsja)
6749	кончилось	verb	neuter singular past indicative perfective of ко́нчиться (kónčitʹsja)
6750	села	noun	genitive singular of село́ (seló)
6751	озера	noun	genitive singular of о́зеро (ózero)
6752	детки	noun	nominative plural of ребёночек (rebjónoček)
6753	ключевой	adj	key, crucial; spring (source of water)
6754	воображение	noun	imagination, fancy
6755	премьер-министр	noun	prime minister
6756	заместитель	noun	substitute, replacement
6757	фамилию	noun	accusative singular of фами́лия (famílija)
6758	вру	verb	first-person singular present indicative imperfective of врать (vratʹ)
6759	оставит	verb	third-person singular future indicative perfective of оста́вить (ostávitʹ)
6760	солгала	verb	feminine singular past indicative perfective of солга́ть (solgátʹ)
6761	прояснить	verb	to clear up (make easy to see)
6762	откажусь	verb	first-person singular future indicative perfective of отказа́ться (otkazátʹsja)
6763	светит	verb	third-person singular present indicative imperfective of свети́ть (svetítʹ)
6764	парковке	noun	dative/prepositional singular of парко́вка (parkóvka)
6765	горах	noun	prepositional plural of гора́ (gorá)
6766	генеральный	adj	general
6767	качества	noun	genitive singular
6768	желудок	noun	stomach (alimentary organ)
6769	племянник	noun	nephew
6770	ноге	noun	dative/prepositional singular of нога́ (nogá)
6771	великая	adj	nominative feminine singular of вели́кий (velíkij)
6772	состояния	noun	genitive singular
6773	побежал	verb	masculine singular past indicative perfective of побежа́ть (pobežátʹ)
6774	ручки	noun	genitive singular
6775	грозит	verb	third-person singular present indicative imperfective of грози́ть (grozítʹ)
6776	мая	noun	genitive singular of май (maj)
6777	выкинуть	verb	to throw away, to discard, to dispose of, to chuck out
6778	слышь	verb	syncopic form of слы́шишь (slýšišʹ)
6779	рану	noun	accusative singular of ра́на (rána)
6780	лучшими	noun	instrumental plural of лу́чшее (lúčšeje)
6781	проходили	verb	plural past indicative imperfective of проходи́ть (proxodítʹ)
6782	самих	pron	genitive/prepositional plural
6783	покончим	verb	first-person plural future indicative perfective of поко́нчить (pokónčitʹ)
6784	усилий	noun	genitive plural of уси́лие (usílije)
6785	выбирай	verb	second-person singular imperative imperfective of выбира́ть (vybirátʹ)
6786	предварительный	adj	preliminary, advance
6787	остановится	verb	third-person singular future indicative perfective of останови́ться (ostanovítʹsja)
6788	выяснилось	verb	neuter singular past indicative perfective of вы́ясниться (výjasnitʹsja)
6789	сет	noun	set; three of a kind
6790	индии	noun	nominative/accusative plural
6791	ловить	verb	to catch, to try to catch, to trap
6792	нуждаюсь	verb	first-person singular present indicative imperfective of нужда́ться (nuždátʹsja)
6793	ближайшие	adj	nominative plural
6794	митч	name	a transliteration of the English male given name Mitch
6795	потенциальный	adj	potential
6796	согласие	noun	consent, assent
6797	передачу	noun	accusative singular of переда́ча (peredáča)
6798	всякой	pron	genitive/dative/instrumental/prepositional feminine singular of вся́кий (vsjákij)
6799	по-своему	adv	in one’s own way
6800	забочусь	verb	first-person singular present indicative imperfective of забо́титься (zabótitʹsja)
6801	вылечить	verb	to cure (of)
6802	любимых	noun	genitive/accusative/prepositional plural of люби́мый (ljubímyj)
6803	лови	verb	second-person singular imperative imperfective of лови́ть (lovítʹ)
6804	выпуск	noun	issue, output; emission, discharge
6805	услышит	verb	third-person singular future indicative perfective of услы́шать (uslýšatʹ)
6806	любому	det	dative masculine/neuter singular of любо́й (ljubój)
6807	серебряный	adj	silver; melodious, sonorous, high-pitched
6808	ракеты	noun	genitive singular
6809	лекарств	noun	genitive plural of лека́рство (lekárstvo)
6810	отправимся	verb	first-person plural future indicative perfective of отпра́виться (otprávitʹsja)
6811	рекорд	noun	record (most extreme known value of some achievement)
6812	пожалеешь	verb	second-person singular future indicative perfective of пожале́ть (požalétʹ)
6813	кончай	verb	second-person singular imperative imperfective of конча́ть (končátʹ)
6814	чип	noun	chip
6815	давала	verb	feminine singular past indicative imperfective of дава́ть (davátʹ)
6816	ужинать	verb	to dine; to have dinner; to have supper
6817	подозревать	verb	to suspect
6818	секрете	noun	prepositional singular of секре́т (sekrét)
6819	упомянул	verb	masculine singular past indicative perfective of упомяну́ть (upomjanútʹ)
6820	носу	noun	dative/partitive singular of нос (nos)
6821	поверю	verb	first-person singular future indicative perfective of пове́рить (povéritʹ)
6822	тащи	verb	second-person singular imperative imperfective of тащи́ть (taščítʹ)
6823	маршал	noun	marshal
6824	диагноз	noun	diagnosis (identification of the nature and cause of an illness)
6825	наслаждайтесь	verb	second-person plural imperative imperfective of наслажда́ться (naslaždátʹsja)
6826	ромео	name	Romeo
6827	хобби	noun	hobby (activity done for enjoyment in spare time)
6828	заткнуться	verb	to be stopped, to be corked
6829	шляпа	noun	brimmed hat; milksop, scatterbrain (an ineffectual person)
6830	дождя	noun	genitive singular of дождь (doždʹ)
6831	подстрелили	verb	plural past indicative perfective of подстрели́ть (podstrelítʹ)
6832	позволим	verb	first-person plural future indicative perfective of позво́лить (pozvólitʹ)
6833	врачей	noun	genitive/accusative plural of врач (vrač)
6834	копом	noun	instrumental singular of коп (kop)
6835	хэллоуин	name	alternative form of Хеллоуи́н (Xɛllouín)
6836	казаться	verb	to seem, to appear, to look
6837	подставил	verb	masculine singular past indicative perfective of подста́вить (podstávitʹ)
6838	стадии	noun	genitive/dative/prepositional singular
6839	начни	verb	second-person singular imperative perfective of нача́ть (načátʹ)
6840	восьмой	adj	eighth
6841	тупик	noun	puffin
6842	разрыв	noun	rupture; explosion
6843	главе	noun	dative/prepositional singular of глава́ (glavá)
6844	превратился	verb	masculine singular past indicative perfective of преврати́ться (prevratítʹsja)
6845	круглый	adj	round, circular
6846	американцев	noun	genitive/accusative plural of америка́нец (amerikánec)
6847	человечество	noun	humanity, humankind, mankind (human beings as a group)
6848	ребятки	noun	diminutive of ребя́та (rebjáta) children, kids; lads, boys
6849	позаботится	verb	third-person singular future indicative perfective of позабо́титься (pozabótitʹsja)
6850	выдающийся	verb	present active imperfective participle of выдава́ться (vydavátʹsja)
6851	гони	verb	second-person singular imperative imperfective of гнать (gnatʹ)
6852	клетке	noun	dative/prepositional singular of кле́тка (klétka)
6853	вторжение	noun	invasion, intrusion
6854	отказывается	verb	third-person singular present indicative imperfective of отка́зываться (otkázyvatʹsja)
6855	приведите	verb	second-person plural imperative perfective of привести́ (privestí)
6856	ствол	noun	trunk, tree trunk
6857	здравый	adj	sensible, sound, sane, reasonable
6858	голосом	noun	instrumental singular of го́лос (gólos)
6859	иль	conj	a shortened version of и́ли (íli): or, or else, either
6860	слушание	noun	listening (act of listening)
6861	появятся	verb	third-person plural future indicative perfective of появи́ться (pojavítʹsja)
6862	обвинений	noun	genitive plural of обвине́ние (obvinénije)
6863	соболезнования	noun	genitive singular
6864	бежит	verb	third-person singular present indicative imperfective
6865	пёс	noun	dog; male dog
6866	мудрый	adj	wise
6867	любящий	verb	present active imperfective participle of люби́ть (ljubítʹ)
6868	парка	noun	steaming
6869	свитер	noun	sweater (knitted jacket)
6870	какая-нибудь	pron	nominative feminine singular of како́й-нибудь (kakój-nibudʹ)
6871	встаньте	verb	second-person plural imperative perfective of встать (vstatʹ)
6872	передачи	noun	genitive singular
6873	шутить	verb	to joke, to jest
6874	включи	verb	second-person singular imperative perfective of включи́ть (vključítʹ)
6875	умрёшь	verb	second-person singular future indicative perfective of умере́ть (umerétʹ)
6876	прыгать	verb	to jump, to spring, to leap
6877	носки	noun	nominative/accusative plural of носо́к (nosók)
6878	крысы	noun	genitive singular
6879	слушаюсь	verb	first-person singular present indicative imperfective of слу́шаться (slúšatʹsja)
6880	занимает	verb	third-person singular present indicative imperfective of занима́ть (zanimátʹ)
6881	ванную	noun	accusative singular of ва́нная (vánnaja)
6882	купим	verb	first-person plural future indicative perfective of купи́ть (kupítʹ)
6883	крепче	adv	comparative degree of кре́пкий (krépkij)
6884	бежал	verb	masculine singular past indicative imperfective/perfective of бежа́ть (bežátʹ)
6885	учились	verb	plural past indicative imperfective of учи́ться (učítʹsja)
6886	плакал	verb	masculine singular past indicative imperfective of пла́кать (plákatʹ)
6887	забирать	verb	to take away, to seize, to collect; to capture, to take possession
6888	вызвала	verb	feminine singular past indicative perfective of вы́звать (výzvatʹ)
6889	зовите	verb	second-person plural imperative imperfective of звать (zvatʹ)
6890	глухой	adj	deaf; dull, vague, muffled (sound)
6891	заключение	noun	confinement, detention, imprisonment
6892	продажу	noun	accusative singular of прода́жа (prodáža)
6893	партия	noun	party (political group)
6894	третье	adj	neuter singular nominative
6895	молода	adj	short feminine singular of молодо́й (molodój)
6896	духовный	adj	spiritual; ecclesiastical
6897	данным	noun	dative of да́нные (dánnyje)
6898	проводим	verb	first-person plural present indicative imperfective
6899	чувствуют	verb	third-person plural present indicative imperfective of чу́вствовать (čúvstvovatʹ)
6900	император	noun	emperor
6901	поведения	noun	genitive singular
6902	площади	noun	genitive/dative/prepositional singular
6903	беспокоишься	verb	second-person singular present indicative imperfective of беспоко́иться (bespokóitʹsja)
6904	зубов	noun	genitive plural of зуб (zub)
6905	глазам	noun	dative plural of глаз (glaz)
6906	взломать	verb	to break open, to force, to burst in, to break (through)
6907	позднее	adj	nominative/accusative neuter singular of по́здний (pózdnij)
6908	прогресс	noun	progress (a moving forward)
6909	лестницы	noun	genitive singular
6910	отказались	verb	plural past indicative perfective of отказа́ться (otkazátʹsja)
6911	лев	noun	lion
6912	упустили	verb	plural past indicative perfective of упусти́ть (upustítʹ)
6913	луны	noun	genitive singular of луна́ (luná)
6914	оценить	verb	to appraise, to price
6915	рисовать	verb	to draw, to design
6916	персонал	noun	staff, personnel
6917	торопиться	verb	to hurry, to be in a hurry, to hasten
6918	дорог	adj	short masculine singular of дорого́й (dorogój)
6919	гляди	verb	second-person singular imperative imperfective of гляде́ть (gljadétʹ)
6920	печать	noun	printing, print
6921	ставит	verb	third-person singular present indicative imperfective of ста́вить (stávitʹ)
6922	кандидат	noun	candidate (person running in an election)
6923	ждёшь	verb	second-person singular present indicative imperfective of ждать (ždatʹ)
6924	ресторана	noun	genitive singular of рестора́н (restorán)
6925	трупы	noun	nominative/accusative plural of труп (trup)
6926	дыра	noun	hole; backwater, out-of-the-way place
6927	клинику	noun	accusative singular of кли́ника (klínika)
6928	фр	noun	Fr, franc
6929	минус	noun	minus; minus sign, −
6930	обожает	verb	third-person singular present indicative imperfective of обожа́ть (obožátʹ)
6931	опустите	verb	second-person plural future indicative perfective of опусти́ть (opustítʹ)
6932	спор	noun	dispute, controversy, argument, quarrel
6933	папаша	noun	same as (папа) dad
6934	клетку	noun	accusative singular of кле́тка (klétka)
6935	беременности	noun	genitive/dative/prepositional singular
6936	лаборатория	noun	laboratory
6937	восхитительный	adj	amazing, delightful, admirable (causing wonder and amazement)
6938	трубы	noun	genitive singular of труба́ (trubá)
6939	присутствовать	verb	to be present
6940	окончания	noun	genitive singular
6941	читай	verb	second-person singular imperative imperfective of чита́ть (čitátʹ).
6942	шикарно	adj	short neuter singular of шика́рный (šikárnyj)
6943	остатки	noun	nominative/accusative plural of оста́ток (ostátok)
6944	буквы	noun	genitive singular
6945	сведению	noun	dative singular of све́дение (svédenije)
6946	разума	noun	genitive singular of ра́зум (rázum)
6947	выгнали	verb	plural past indicative perfective of вы́гнать (výgnatʹ)
6948	детской	noun	genitive/dative/instrumental/prepositional singular of де́тская (détskaja)
6949	отправь	verb	second-person singular imperative perfective of отпра́вить (otprávitʹ)
6950	устроила	verb	feminine singular past indicative perfective of устро́ить (ustróitʹ)
6951	компьютера	noun	genitive singular of компью́тер (kompʹjútɛr)
6952	вторым	noun	instrumental singular
6953	ремень	noun	strap, thong, sling
6954	паршивый	adj	scabby, mangy; nasty, rotten, lousy
6955	зубами	noun	instrumental plural of зуб (zub)
6956	сяду	verb	first-person singular future indicative of сесть pf (sestʹ)
6957	реклама	noun	advertising, publicity
6958	масла	noun	genitive singular of ма́сло (máslo)
6959	ручка	noun	handle, crank; knob
6960	сомневаться	verb	to doubt
6961	взаимно	adv	mutually, reciprocally
6962	отпустили	verb	plural past indicative perfective of отпусти́ть (otpustítʹ)
6963	управляющий	verb	present active imperfective participle of управля́ть (upravljátʹ)
6964	находился	verb	masculine singular past indicative imperfective/perfective of находи́ться (naxodítʹsja)
6965	спорю	verb	first-person singular present indicative imperfective of спо́рить (spóritʹ)
6966	выросли	verb	plural past indicative perfective of вы́расти (výrasti)
6967	подходят	verb	third-person plural present indicative imperfective of подходи́ть (podxodítʹ)
6968	становиться	verb	to stand, to take a stand
6969	резюме	noun	summary; curriculum vitae, CV, resume
6970	словах	noun	prepositional plural of сло́во (slóvo)
6971	присмотреть	verb	to keep an eye on (to watch and pay attention to)
6972	смелости	noun	genitive/dative/prepositional singular of сме́лость (smélostʹ)
6973	съешь	verb	second-person singular future indicative perfective
6974	репортёр	noun	news reporter
6975	бок	noun	side (various senses)
6976	влияет	verb	third-person singular present indicative imperfective of влия́ть (vlijátʹ)
6977	допоздна	adv	until late, until all hours
6978	штате	noun	prepositional singular of штат (štat)
6979	подружки	noun	genitive singular
6980	звезд	noun	genitive plural of звезда́ (zvezdá)
6981	напряжение	noun	effort, exertion
6982	бросает	verb	third-person singular present indicative imperfective of броса́ть (brosátʹ)
6983	пасибо	intj	pronunciation spelling of спаси́бо (spasíbo); sank you, thank ya, thanksh
6984	офицеров	noun	genitive/accusative plural of офице́р (oficér)
6985	отпечаток	noun	imprint, impress
6986	герр	noun	Mr, Herr (a title used before the surname)
6987	взорваться	verb	to blow up, to detonate
6988	подъём	noun	lifting, raise, raising
6989	невозможный	adj	impossible (not possible)
6990	римский	adj	Rome, Roman
6991	пи	noun	pi
6992	кресле	noun	prepositional singular of кре́сло (kréslo)
6993	род	noun	generation, birth, origin, stock, family, race, tribe, lineage
6994	повеселиться	verb	to start to have fun
6995	спина	noun	back, the rear of the torso
6996	семей	noun	genitive plural of семья́ (semʹjá)
6997	появляются	verb	third-person plural present indicative imperfective of появля́ться (pojavljátʹsja)
6998	давить	verb	to weigh, to lie heavy
6999	богат	adj	short masculine singular of бога́тый (bogátyj)
7000	увидев	verb	short past adverbial perfective participle of уви́деть (uvídetʹ)
7001	зовёт	verb	third-person singular present indicative imperfective of звать (zvatʹ)
7002	коме	noun	prepositional singular of ком (kom)
7003	говнюк	noun	stinker, shithead, bugger, asshole
7004	прихожу	verb	first-person singular present indicative imperfective of приходи́ть (prixodítʹ)
7005	юрист	noun	lawyer; advocate
7006	нисколько	adv	not in the least, not at all, none at all (of quantity)
7007	приказу	noun	dative singular of прика́з (prikáz)
7008	соглашусь	verb	first-person singular future indicative perfective of согласи́ться (soglasítʹsja)
7009	арчи	noun	genitive singular of арча́ (arčá)
7010	заявил	verb	masculine singular past indicative perfective of заяви́ть (zajavítʹ)
7011	награда	noun	reward (something of value given in return for an act)
7012	любезно	adv	friendly (in a friendly manner)
7013	представляла	verb	feminine singular past indicative imperfective of представля́ть (predstavljátʹ)
7014	переодеться	verb	to change (clothing)
7015	адвокаты	noun	nominative plural of адвока́т (advokát)
7016	найдёте	verb	second-person plural future indicative perfective of найти́ (najtí)
7017	рекламу	noun	accusative singular of рекла́ма (rekláma)
7018	клинике	noun	dative/prepositional singular of кли́ника (klínika)
7019	коленях	noun	prepositional plural of коле́но (koléno, “knee, lap”)
7020	строгий	adj	severe, strict, austere, stern
7021	работник	noun	worker, blue-collar worker, employee
7022	разошлись	verb	plural past indicative perfective of разойти́сь (razojtísʹ)
7023	версии	noun	genitive/dative/prepositional singular
7024	вынуждены	adj	short plural of вы́нужденный (výnuždennyj)
7025	скучаешь	verb	second-person singular present indicative imperfective of скуча́ть (skučátʹ)
7026	компьютере	noun	prepositional singular of компью́тер (kompʹjútɛr)
7027	рассмотреть	verb	to look at, to peruse, to examine
7028	избранный	verb	past passive perfective participle of избра́ть (izbrátʹ)
7029	миссию	noun	accusative singular of ми́ссия (míssija)
7030	партию	noun	accusative singular of па́ртия (pártija)
7031	последнем	adj	prepositional masculine/neuter singular of после́дний (poslédnij)
7032	какое-нибудь	pron	nominative/accusative neuter singular of како́й-нибудь (kakój-nibudʹ)
7033	багаж	noun	luggage
7034	терпится	verb	third-person singular present indicative imperfective of терпе́ться (terpétʹsja)
7035	делиться	verb	to be divided; to be divisible (only imperfective)
7036	теряю	verb	first-person singular present indicative imperfective of теря́ть (terjátʹ)
7037	совершенный	adj	absolute, complete, perfect
7038	забираю	verb	first-person singular present indicative imperfective of забира́ть (zabirátʹ)
7039	потеряешь	verb	second-person singular future indicative perfective of потеря́ть (poterjátʹ)
7040	работников	noun	genitive/accusative plural of рабо́тник (rabótnik)
7041	риз	noun	genitive plural of ри́за (ríza)
7042	кричал	verb	masculine singular past indicative imperfective of крича́ть (kričátʹ)
7043	мышь	noun	mouse (animal); mouse
7044	сказки	noun	genitive singular
7045	убежала	verb	feminine singular past indicative perfective of убежа́ть (ubežátʹ)
7046	находишь	verb	second-person singular present indicative imperfective of находи́ть (naxodítʹ)
7047	полна	adj	short feminine singular of по́лный (pólnyj)
7048	синьора	noun	female equivalent of синьо́р (sinʹór, “signore”): (Italy) signora
7049	старших	noun	genitive/accusative/prepositional plural of ста́рший (stáršij)
7050	заявления	noun	genitive singular
7051	прикрыть	verb	to cover, to screen, to close / shut softly
7052	журналист	noun	journalist
7053	результатов	noun	genitive plural of результа́т (rezulʹtát)
7054	силами	noun	instrumental plural of си́ла (síla)
7055	справилась	verb	feminine singular past indicative perfective of спра́виться (správitʹsja)
7056	подал	verb	masculine singular past indicative perfective of пода́ть (podátʹ)
7057	расследовании	noun	prepositional singular of рассле́дование (rasslédovanije)
7058	размером	noun	instrumental singular of разме́р (razmér)
7059	живи	verb	second-person singular imperative imperfective of жить (žitʹ)
7060	признаюсь	verb	first-person singular future indicative perfective of призна́ться (priznátʹsja)
7061	отчасти	adv	partially (to a partial degree)
7062	независимый	adj	independent
7063	мили	noun	genitive singular
7064	женится	verb	third-person singular present indicative imperfective
7065	выбросил	verb	masculine singular past indicative perfective of вы́бросить (výbrositʹ)
7066	случаи	noun	nominative/accusative plural of слу́чай (slúčaj)
7067	спасите	verb	second-person plural imperative perfective of спасти́ (spastí)
7068	установил	verb	masculine singular past indicative perfective of установи́ть (ustanovítʹ)
7069	показатели	noun	nominative/accusative plural of показа́тель (pokazátelʹ)
7070	мелочи	noun	genitive/dative/prepositional singular
7071	распоряжении	noun	prepositional singular of распоряже́ние (rasporjažénije)
7072	пережил	verb	masculine singular past indicative perfective of пережи́ть (perežítʹ)
7073	случился	verb	masculine singular past indicative perfective of случи́ться (slučítʹsja)
7074	детство	noun	childhood
7075	снимаю	verb	first-person singular present indicative imperfective of снима́ть (snimátʹ)
7076	преступники	noun	nominative plural of престу́пник (prestúpnik)
7077	британия	name	Britain
7078	суду	noun	dative singular of суд (sud)
7079	жар	noun	heat; ardour
7080	американских	adj	genitive/prepositional plural
7081	добрым	adj	masculine/neuter instrumental singular
7082	задуматься	verb	to think, to meditate, to reflect
7083	сотню	noun	accusative singular of со́тня (sótnja)
7084	разбираться	verb	to deal with, to sort out
7085	испытания	noun	genitive singular
7086	ставку	noun	accusative singular of ста́вка (stávka)
7087	отведу	verb	first-person singular future indicative perfective of отвести́ (otvestí)
7088	товарищи	noun	nominative plural of това́рищ (továrišč)
7089	заложников	noun	genitive/accusative plural of зало́жник (zalóžnik)
7090	по-видимому	adv	apparently, seemingly
7091	забывайте	verb	second-person plural imperative imperfective of забыва́ть (zabyvátʹ)
7092	песок	noun	sand; quicksand
7093	боба	noun	genitive singular of боб (bob)
7094	вик	noun	genitive plural of ви́ка (víka)
7095	традиция	noun	tradition, heritage
7096	вершине	noun	dative/prepositional singular of верши́на (veršína)
7097	заплатишь	verb	second-person singular future indicative perfective of заплати́ть (zaplatítʹ)
7098	заботился	verb	masculine singular past indicative imperfective of забо́титься (zabótitʹsja)
7099	работай	verb	second-person singular imperative imperfective of рабо́тать (rabótatʹ)
7100	выпивка	noun	drinking session, party, booze-up
7101	высокая	adj	nominative feminine singular of высо́кий (vysókij)
7102	догадался	verb	masculine singular past indicative perfective of догада́ться (dogadátʹsja)
7103	уговорить	verb	to persuade, to talk (into), to urge
7104	трогал	verb	masculine singular past indicative imperfective of тро́гать (trógatʹ)
7105	пользы	noun	inflection of по́льза (pólʹza)
7106	прямиком	adv	across country; directly, straight
7107	колумбия	name	Colombia (a country in South America)
7108	алкоголя	noun	genitive singular of алкого́ль (alkogólʹ)
7109	приезжай	verb	second-person singular imperative perfective of прие́хать (prijéxatʹ)
7110	сохранять	verb	to save (to write a file to a disk)
7111	видения	noun	genitive singular
7112	понравиться	verb	to please [with dative ‘someone’]
7113	заходить	verb	to go (to see), to come in (to see, etc.), to call, to drop in
7114	значить	verb	to mean, to signify
7115	одержим	verb	first-person plural future indicative perfective of одержа́ть (oderžátʹ)
7116	стояли	verb	plural past indicative imperfective of стоя́ть (stojátʹ)
7117	белой	adj	genitive/dative/instrumental/prepositional feminine singular of бе́лый (bélyj)
7118	восьми	num	genitive/dative/prepositional of во́семь (vósemʹ)
7119	поедим	verb	first-person plural future indicative perfective of пое́сть (pojéstʹ)
7120	насрать	verb	to shit; to harm (someone), to wrong (someone)
7121	находит	verb	third-person singular present indicative imperfective of находи́ть (naxodítʹ)
7122	казни	verb	second-person singular imperative imperfective/perfective of казни́ть (kaznítʹ)
7123	герои	noun	nominative plural of геро́й (gerój)
7124	наказания	noun	genitive singular
7125	темы	noun	genitive singular
7126	отдыхать	verb	to relax, to have a rest, to take a rest
7127	доставать	verb	to reach, to touch
7128	сеньора	noun	señora
7129	разбираюсь	verb	first-person singular present indicative imperfective of разбира́ться (razbirátʹsja)
7130	притормози	verb	second-person singular imperative perfective of притормози́ть (pritormozítʹ)
7131	приготовьтесь	verb	second-person plural imperative perfective of пригото́виться (prigotóvitʹsja)
7132	подозреваю	verb	first-person singular present indicative imperfective of подозрева́ть (podozrevátʹ)
7133	океана	noun	genitive singular of океа́н (okeán)
7134	тренировки	noun	genitive singular
7135	негодяй	noun	scoundrel, villain
7136	королеву	noun	accusative singular of короле́ва (koroléva)
7137	попытку	noun	accusative singular of попы́тка (popýtka)
7138	выбери	verb	second-person singular imperative perfective of вы́брать (výbratʹ)
7139	каких-то	pron	genitive/prepositional plural
7140	адамс	name	a transliteration of the English surname Adams
7141	положительный	adj	positive, affirmative
7142	внимательный	adj	attentive, observant, observing, mindful, watchful
7143	мрачный	adj	dark (without moral or spiritual light)
7144	платил	verb	masculine singular past indicative imperfective of плати́ть (platítʹ)
7145	площадке	noun	dative/prepositional singular of площа́дка (ploščádka)
7146	труднее	adv	comparative degree of тру́дный (trúdnyj)
7147	сбил	verb	masculine singular past indicative perfective of сбить (sbitʹ)
7148	домашний	adj	home, household, house
7149	госпиталь	noun	hospital
7150	получаем	verb	first-person plural present indicative imperfective of получа́ть (polučátʹ)
7151	департамента	noun	genitive singular of департа́мент (departáment)
7152	просите	verb	second-person plural present indicative imperfective of проси́ть (prosítʹ)
7153	еле	adv	hardly, scarcely, barely
7154	якобы	adv	allegedly, supposedly
7155	назовите	verb	second-person plural imperative perfective of назва́ть (nazvátʹ)
7156	холл	noun	lobby, foyer, hall
7157	гостинице	noun	dative/prepositional singular of гости́ница (gostínica)
7158	рисунок	noun	drawing; pattern
7159	страховка	noun	insurance (indemnity)
7160	расскажете	verb	second-person plural future indicative perfective of рассказа́ть (rasskazátʹ)
7161	сотрудник	noun	collaborator, colleague, assistant
7162	решим	verb	first-person plural future indicative perfective of реши́ть (rešítʹ)
7163	приходишь	verb	second-person singular present indicative imperfective of приходи́ть (prixodítʹ)
7164	духом	noun	instrumental singular of дух (dux)
7165	хранит	verb	third-person singular present indicative imperfective of храни́ть (xranítʹ)
7166	преданность	noun	loyalty, devotion
7167	спрашивают	verb	third-person plural present indicative imperfective of спра́шивать (sprášivatʹ)
7168	закрыл	verb	masculine singular past indicative perfective of закры́ть (zakrýtʹ)
7169	животе	noun	prepositional singular of живо́т (živót)
7170	напрячь	verb	to flex (a muscle)
7171	заседание	noun	session, meeting (meeting of a body to conduct business)
7172	проход	noun	passage, pass, aisle
7173	наличные	noun	cash, hard cash
7174	злится	verb	third-person singular present indicative imperfective of зли́ться (zlítʹsja)
7175	комитета	noun	genitive singular of комите́т (komitét)
7176	шлем	noun	helmet; headpiece (as in a horse's)
7177	гарвард	name	a transliteration of the English surname Harvard.
7178	отпустил	verb	masculine singular past indicative perfective of отпусти́ть (otpustítʹ)
7179	продвигается	verb	third-person singular present indicative imperfective of продвига́ться (prodvigátʹsja)
7180	славу	noun	accusative singular of сла́ва (sláva)
7181	изменили	verb	plural past indicative perfective of измени́ть (izmenítʹ)
7182	ухода	noun	genitive singular of ухо́д (uxód)
7183	сопротивление	noun	resistance; (electrical) resistance
7184	мечту	noun	accusative singular of мечта́ (mečtá)
7185	ублюдка	noun	genitive/accusative singular of ублю́док (ubljúdok)
7186	обязанность	noun	duty; service
7187	американец	noun	male American (citizen, resident)
7188	организация	noun	organization, arrangement
7189	инструмент	noun	tool (mechanical device intended to make a task easier)
7190	родная	adj	feminine nominative singular of родно́й (rodnój)
7191	приблизительно	adv	approximate, approximately, roughly
7192	защищал	verb	masculine singular past indicative imperfective of защища́ть (zaščiščátʹ)
7193	местам	noun	dative plural of ме́сто (mésto)
7194	мусора	noun	genitive singular
7195	ледяной	adj	ice; icy (of a glance, a voice, etc.)
7196	почта	noun	mail (U.S.), post (GB)
7197	охотиться	verb	to hunt; to chase
7198	магию	noun	accusative singular of ма́гия (mágija)
7199	просыпайся	verb	second-person singular imperative imperfective of просыпа́ться (prosypátʹsja)
7200	пищу	verb	first-person singular present indicative imperfective of пища́ть (piščátʹ)
7201	перестанешь	verb	second-person singular future indicative perfective of переста́ть (perestátʹ)
7202	надежде	noun	dative/prepositional singular of наде́жда (nadéžda)
7203	чепуха	noun	nonsense, rubbish
7204	гениально	adv	ingeniously
7205	принимают	verb	third-person plural present indicative imperfective of принима́ть (prinimátʹ)
7206	бабушкой	noun	instrumental singular of ба́бушка (bábuška)
7207	окружающий	verb	present active imperfective participle of окружа́ть (okružátʹ)
7208	собакой	noun	instrumental singular of соба́ка (sobáka)
7209	устройства	noun	genitive singular
7210	десятки	noun	genitive singular
7211	обедать	verb	to eat lunch
7212	поезжай	verb	second-person singular imperative perfective of пое́хать (pojéxatʹ)
7213	ожидали	verb	plural past indicative imperfective of ожида́ть (ožidátʹ)
7214	цыплёнок	noun	chick, young chicken
7215	означать	verb	to mean, to signify
7216	благо	noun	good, blessing, benefit
7217	вызывают	verb	third-person plural present indicative imperfective of вызыва́ть (vyzyvátʹ)
7218	приглашения	noun	genitive singular
7219	слуга	noun	servant; clothes valet
7220	доля	noun	part, portion, share
7221	поддерживает	verb	third-person singular present indicative imperfective of подде́рживать (poddérživatʹ)
7222	ученик	noun	school student, schoolboy, pupil
7223	добился	verb	masculine singular past indicative perfective of доби́ться (dobítʹsja)
7224	большинства	noun	genitive singular of большинство́ (bolʹšinstvó)
7225	достань	verb	second-person singular imperative perfective of доста́ть (dostátʹ)
7226	ферму	noun	accusative singular of фе́рма (férma)
7227	президенту	noun	dative singular of президе́нт (prezidént)
7228	налоги	noun	nominative/accusative plural of нало́г (nalóg)
7229	ворот	noun	collar (of a shirt)
7230	изучить	verb	to learn, to study
7231	выстрелы	noun	nominative/accusative plural of вы́стрел (výstrel)
7232	покер	noun	poker; four cards of a kind in a poker hand
7233	адвокату	noun	dative singular of адвока́т (advokát)
7234	держала	verb	feminine singular past indicative imperfective of держа́ть (deržátʹ)
7235	отчаянии	noun	prepositional singular of отча́яние (otčájanije)
7236	белое	adj	nominative/accusative neuter singular of бе́лый (bélyj)
7237	автомобиля	noun	genitive singular of автомоби́ль (avtomobílʹ)
7238	невесту	noun	accusative singular of неве́ста (nevésta)
7239	белым	adj	dative plural; instrumental masculine/neuter singular
7240	несчастью	noun	dative singular of несча́стье (nesčástʹje)
7241	счастливчик	noun	diminutive of счастли́вец (sčastlívec) lucky man
7242	прислала	verb	feminine singular past indicative perfective of присла́ть (prislátʹ)
7243	голосов	noun	genitive plural of го́лос (gólos)
7244	выдать	verb	to give out, to pay out, to hand, to issue, to distribute
7245	встретился	verb	masculine singular past indicative perfective of встре́титься (vstrétitʹsja)
7246	обедом	noun	instrumental singular of обе́д (obéd)
7247	проверки	noun	genitive singular
7248	подойду	verb	first-person singular future indicative perfective of подойти́ (podojtí)
7249	найдётся	verb	third-person singular future indicative perfective of найти́сь (najtísʹ)
7250	позови	verb	second-person singular perfective imperative of позва́ть (pozvátʹ)
7251	придурки	noun	nominative plural of приду́рок (pridúrok)
7252	талантливый	adj	gifted, talented
7253	требуют	verb	third-person plural present indicative imperfective of тре́бовать (trébovatʹ)
7254	находитесь	verb	second-person plural present indicative imperfective
7255	бабушке	noun	dative/prepositional singular of ба́бушка (bábuška)
7256	подарила	verb	feminine singular past indicative perfective of подари́ть (podarítʹ)
7257	поздороваться	verb	to greet, to salute, to say hello/hi
7258	новому	noun	dative singular of но́вое (nóvoje)
7259	выступления	noun	genitive singular
7260	помолчи	verb	second-person singular imperative perfective of помолча́ть (pomolčátʹ)
7261	сиденье	noun	seat
7262	ёбаный	adj	fucking
7263	исключение	noun	exception; expulsion, exclusion
7264	прессе	noun	dative/prepositional singular of пре́сса (préssa)
7265	маршрут	noun	route, itinerary, path, course
7266	посетителей	noun	genitive/accusative plural of посети́тель (posetítelʹ)
7267	комиссии	noun	genitive/dative/prepositional singular
7268	молитвы	noun	inflection of моли́тва (molítva)
7269	близких	noun	genitive/accusative/prepositional of бли́зкие (blízkije)
7270	исполнить	verb	to carry out, to fulfill, to execute
7271	счету	noun	locative singular of счёт (sčot)
7272	слежу	verb	first-person singular present indicative imperfective of следи́ть (sledítʹ)
7273	экран	noun	screen (a physical divider)
7274	встречала	verb	feminine singular past indicative imperfective of встреча́ть (vstrečátʹ)
7275	дверей	noun	genitive plural of дверь (dverʹ)
7276	волновался	verb	masculine singular past indicative imperfective of волнова́ться (volnovátʹsja)
7277	вьетнам	name	Vietnam (a country in Southeast Asia)
7278	ритм	noun	rhythm (various senses)
7279	сделало	verb	neuter singular past indicative perfective of сде́лать (sdélatʹ)
7280	воспользовался	verb	masculine singular past indicative perfective of воспо́льзоваться (vospólʹzovatʹsja)
7281	девочке	noun	dative/prepositional singular of де́вочка (dévočka)
7282	пришлю	verb	first-person singular future indicative perfective of присла́ть (prislátʹ)
7283	ангела	noun	genitive/accusative singular of а́нгел (ángel)
7284	пассажиров	noun	genitive/accusative plural of пассажи́р (passažír)
7285	депрессии	noun	genitive/dative/prepositional singular
7286	волнуешься	verb	second-person singular present indicative imperfective of волнова́ться (volnovátʹsja)
7287	ответов	noun	genitive plural of отве́т (otvét)
7288	четко	adv	distinctly, clearly, audibly, legibly
7289	магазинам	noun	dative plural of магази́н (magazín)
7290	наряд	noun	outfit, attire, dress, formal wear
7291	воздухом	noun	instrumental singular of во́здух (vózdux)
7292	пожилой	adj	elderly
7293	поймаем	verb	first-person plural future indicative perfective of пойма́ть (pojmátʹ)
7294	непонятно	adv	unintelligibly, incomprehensibly
7295	подтверждение	noun	confirmation; corroboration
7296	бедняга	noun	poor fellow, poor devil, wretch
7297	жениха	noun	genitive/accusative singular of жени́х (ženíx)
7298	любитель	noun	lover, devotee, fan
7299	складе	noun	prepositional singular of склад (sklad)
7300	шагом	adv	at a walk, at a walking pace
7301	руководство	noun	guidance, instruction, direction
7302	трамп	name	a transliteration of the English surname Trump
7303	полезен	adj	short masculine singular of поле́зный (poléznyj)
7304	карман	noun	pocket; lay-by, turnout (a widening of a traffic lane, usually for a bus stop)
7305	франков	noun	genitive plural
7306	улыбаться	verb	to smile; to like, to appreciate, to relish
7307	простит	verb	third-person singular future indicative perfective of прости́ть (prostítʹ)
7308	продолжают	verb	third-person plural present indicative imperfective of продолжа́ть (prodolžátʹ)
7309	яблоко	noun	apple; eyeball (usually глазно́е я́блоко)
7310	романа	noun	genitive singular of рома́н (román)
7311	саманта	name	Samantha
7312	выбираю	verb	first-person singular present indicative imperfective of выбира́ть (vybirátʹ)
7313	прочитала	verb	feminine singular past indicative perfective of прочита́ть (pročitátʹ)
7314	нашло	verb	neuter singular past indicative perfective of найти́ (najtí)
7315	построили	verb	plural past indicative perfective of постро́ить (postróitʹ)
7316	поймёшь	verb	second-person singular future indicative perfective of поня́ть (ponjátʹ)
7317	умеете	verb	second-person plural present indicative imperfective of уме́ть (umétʹ)
7318	сложить	verb	to lay together, to put together, to pile up, to heap, to stack
7319	папин	adj	dad’s, father’s
7320	способы	noun	nominative/accusative plural of спо́соб (spósob)
7321	положу	verb	first-person singular future indicative perfective of положи́ть (položítʹ)
7322	чудесная	adj	nominative feminine singular of чуде́сный (čudésnyj)
7323	схватили	verb	plural past indicative perfective of схвати́ть (sxvatítʹ)
7324	прелестный	adj	charming, delightful, lovely
7325	фирме	noun	dative/prepositional singular of фи́рма (fírma)
7326	праздновать	verb	to celebrate
7327	явился	verb	masculine singular past indicative perfective of яви́ться (javítʹsja)
7328	рассказываешь	verb	second-person singular present indicative imperfective of расска́зывать (rasskázyvatʹ)
7329	персонаж	noun	character, personage
7330	изучать	verb	to study, to learn
7331	всякого	pron	genitive masculine/neuter singular
7332	американской	adj	genitive/dative/instrumental/prepositional feminine singular of америка́нский
7333	сыром	noun	instrumental singular of сыр (syr)
7334	сайте	noun	prepositional singular of сайт (sajt)
7335	тяжкий	adj	hard, grave; terrible, painful
7336	процедура	noun	procedure
7337	гроб	noun	coffin; grave
7338	положиться	verb	to rely on, to pin one's hopes on, to bank on
7339	ноутбук	noun	laptop, notebook computer
7340	дождусь	verb	first-person singular future indicative perfective of дожда́ться (doždátʹsja)
7341	открытым	noun	dative plural of откры́тая (otkrýtaja)
7342	убило	verb	neuter singular past indicative perfective of уби́ть (ubítʹ)
7343	уроков	noun	genitive plural of уро́к (urók)
7344	аэропорта	noun	genitive singular of аэропо́рт (aeropórt)
7345	орлеан	name	Orleans (a city in France)
7346	йоу	intj	yo
7347	языка	noun	inflection of язы́к (jazýk)
7348	передумала	verb	feminine singular past indicative perfective of переду́мать (peredúmatʹ)
7349	бегу	noun	dative singular of бег (beg)
7350	дамочка	noun	diminutive of да́ма (dáma): dame, damsel, young lady, young woman
7351	потеряем	verb	first-person plural future indicative perfective of потеря́ть (poterjátʹ)
7352	проявить	verb	to show, to display, to evince, to manifest, to reveal
7353	увести	verb	to take away, to lead away, to withdraw (troops)
7354	добровольно	adv	voluntarily (in a voluntary manner)
7355	возьмет	verb	third-person singular future indicative perfective of взять (vzjatʹ)
7356	сниму	verb	first-person singular future indicative perfective of снять (snjatʹ)
7357	драку	noun	accusative singular of дра́ка (dráka)
7358	глазом	noun	instrumental singular of глаз (glaz)
7359	кошки	noun	genitive singular
7360	поколение	noun	generation, age
7361	понимала	verb	feminine singular past indicative imperfective of понима́ть (ponimátʹ)
7362	делая	verb	present imperfective adverbial participle of де́лать (délatʹ)
7363	готовиться	verb	to get ready, to prepare oneself
7364	пили	verb	plural past indicative imperfective of пить (pitʹ)
7365	сопротивляться	verb	to resist, to oppose
7366	констебль	noun	constable
7367	штаты	noun	nominative/accusative plural of штат (štat)
7368	продолжаешь	verb	second-person singular present indicative imperfective of продолжа́ть (prodolžátʹ)
7369	отдохни	verb	second-person singular imperative perfective of отдохну́ть (otdoxnútʹ)
7370	фантазии	noun	genitive/dative/prepositional singular
7371	микрофон	noun	microphone
7372	иной	det	other, another, different
7373	настал	verb	masculine singular past indicative perfective of наста́ть (nastátʹ)
7374	теряешь	verb	second-person singular present indicative imperfective of теря́ть (terjátʹ)
7375	жаловаться	verb	to complain, to lament
7376	дядю	noun	accusative singular of дя́дя (djádja)
7377	голосовать	verb	to vote (assert a formalised choice)
7378	противостоять	verb	to counter, to contradict, to oppose, to confront, to withstand, to resist
7379	планирует	verb	third-person singular present indicative imperfective of плани́ровать (planírovatʹ)
7380	уведите	verb	second-person plural imperative perfective of увести́ (uvestí)
7381	заслужили	verb	plural past indicative perfective of заслужи́ть (zaslužítʹ)
7382	незачем	adv	there is no need (to), there is no use (to)
7383	прощаю	verb	first-person singular present indicative imperfective of проща́ть (proščátʹ)
7384	го	noun	go (board game)
7385	выставить	verb	to put forward, to move out, to put outside, to bring forward, to place in front
7386	моста	noun	genitive singular of мост (most)
7387	значительно	adv	significantly; considerably, substantially
7388	назначил	verb	masculine singular past indicative perfective of назна́чить (naznáčitʹ)
7389	добрая	adj	nominative feminine singular of до́брый (dóbryj)
7390	историей	noun	instrumental singular of исто́рия (istórija)
7391	волновалась	verb	feminine singular past indicative imperfective of волнова́ться (volnovátʹsja)
7392	драка	noun	scuffle, fight, tussle
7393	служебный	adj	office; official
7394	пальцами	noun	instrumental plural of па́лец (pálec)
7395	предпочла	verb	feminine singular past indicative perfective of предпоче́сть (predpočéstʹ)
7396	бегах	noun	prepositional plural of бег (beg)
7397	блондинка	noun	female equivalent of блонди́н (blondín): blonde (fair-skinned, fair-haired woman or girl)
7398	поверили	verb	plural past indicative perfective of пове́рить (povéritʹ)
7399	отведи	verb	second-person singular imperative perfective of отвести́ (otvestí)
7400	проверяю	verb	first-person singular present indicative imperfective of проверя́ть (proverjátʹ)
7401	историй	noun	genitive plural of исто́рия (istórija)
7402	порядка	noun	genitive singular of поря́док (porjádok)
7403	гари	noun	genitive/dative/prepositional singular
7404	модный	adj	fashionable (characteristic of or influenced by a current popular trend or style)
7405	оставался	verb	masculine singular past indicative imperfective of остава́ться (ostavátʹsja)
7406	печени	noun	genitive/dative/prepositional singular
7407	библии	noun	genitive/dative/prepositional singular
7408	невидимый	adj	invisible
7409	поищу	verb	first-person singular future indicative perfective of поиска́ть (poiskátʹ)
7410	субтитров	noun	genitive plural of субти́тр (subtítr)
7411	яиц	noun	genitive plural of яйцо́ (jajcó)
7412	злая	adj	feminine singular nominative of злой (zloj)
7413	неверный	adj	incorrect (erroneous)
7414	бри	noun	brie
7415	прислать	verb	to send (here, to this place)
7416	остин	name	Austin (capital of Texas; male given name; surname; make of car)
7417	следили	verb	plural past indicative imperfective of следи́ть (sledítʹ)
7418	исследований	noun	genitive plural of иссле́дование (isslédovanije)
7419	птичка	noun	diminutive of пти́ца (ptíca): birdie, little bird, birdling
7420	работ	noun	genitive plural of рабо́та (rabóta)
7421	пропуск	noun	entry permit, pass
7422	справляешься	verb	second-person singular present indicative imperfective of справля́ться (spravljátʹsja)
7423	вступить	verb	to enter, to march into (of the troops)
7424	миг	noun	moment, instant
7425	двум	num	dative of два (dva)
7426	продолжаю	verb	first-person singular present indicative imperfective of продолжа́ть (prodolžátʹ)
7427	свидетельство	noun	government certificate
7428	цепи	noun	inflection of цепь (cepʹ)
7429	замка	noun	genitive singular of за́мок (zámok)
7430	подавить	verb	to suppress, to repress, to quell, to stifle
7431	трахнуть	verb	to bang, to boom
7432	съем	verb	first-person singular future indicative perfective of съесть (sʺjestʹ)
7433	выходим	verb	first-person plural present indicative imperfective of выходи́ть (vyxodítʹ)
7434	заставляют	verb	third-person plural present indicative imperfective of заставля́ть (zastavljátʹ)
7435	хитрый	adj	sly, cunning, artful
7436	вице-президент	noun	vice president
7437	заехать	verb	to call in on the way
7438	приедешь	verb	second-person singular future indicative perfective of прие́хать (prijéxatʹ)
7439	настаиваю	verb	first-person singular present indicative imperfective of наста́ивать (nastáivatʹ)
7440	падения	noun	genitive singular
7441	ребятами	noun	instrumental of ребя́та (rebjáta, “boys, friends, comrades”)
7442	имея	verb	present adverbial imperfective participle of име́ть (imétʹ)
7443	лифте	noun	prepositional singular of лифт (lift)
7444	адвокатов	noun	genitive/accusative plural of адвока́т (advokát)
7445	запасный	adj	alternative form of запасно́й (zapasnój)
7446	лечить	verb	to heal, to treat
7447	следуй	verb	second-person singular imperative imperfective of сле́довать (slédovatʹ)
7448	выиграю	verb	first-person singular future indicative perfective of вы́играть (výigratʹ)
7449	выживет	verb	third-person singular future indicative perfective of вы́жить (výžitʹ)
7450	постараться	verb	to try, to attempt
7451	преодолеть	verb	to get over, to overcome
7452	свиньи	noun	genitive singular of свинья́ (svinʹjá)
7453	страницы	noun	genitive singular
7454	велик	adj	short masculine singular of вели́кий (velíkij)
7455	река	noun	river, stream
7456	традиции	noun	genitive/dative/prepositional singular
7457	расстояние	noun	distance, interval, length, range, space
7458	рискнуть	verb	to risk, to venture, to adventure (to run the risk of)
7459	предположение	noun	assumption; hypothesis, supposition, guess, speculation, conjecture, surmise
7460	журнала	noun	genitive singular of журна́л (žurnál)
7461	поиска	noun	genitive singular of по́иск (póisk)
7462	царь	noun	tsar, Russian emperor
7463	охотится	verb	third-person singular present indicative imperfective of охо́титься (oxótitʹsja)
7464	лист	noun	leaf (flat green organ of a plant)
7465	утрам	noun	dative plural of у́тро (útro)
7466	случаем	noun	instrumental singular of слу́чай (slúčaj)
7467	совещание	noun	conference, meeting (gathering among business people to discuss their business)
7468	услугам	noun	dative plural of услу́га (uslúga)
7469	поправится	verb	third-person singular future indicative perfective of попра́виться (poprávitʹsja)
7470	опытный	adj	experienced; experimental
7471	побочный	adj	side, collateral, accessory, incidental
7472	вытащи	verb	second-person singular imperative perfective of вы́тащить (výtaščitʹ)
7473	дракон	noun	dragon (mythical creature)
7474	возражаю	verb	first-person singular present indicative imperfective of возража́ть (vozražátʹ)
7475	лестер	name	Leicester (city in England)
7476	битве	noun	dative/prepositional singular of би́тва (bítva)
7477	колено	noun	knee; lap
7478	удостоверение	noun	identificatory certificate
7479	отравить	verb	to poison, to envenom
7480	композитор	noun	composer (author of music)
7481	атака	noun	attack, assault
7482	шона	noun	Shona (ethnic group)
7483	открытия	noun	genitive singular
7484	старом	noun	prepositional singular of ста́рое (stároje)
7485	вспоминаю	verb	first-person singular present indicative imperfective of вспомина́ть (vspominátʹ)
7486	разберёмся	verb	first-person plural future indicative perfective of разобра́ться (razobrátʹsja)
7487	расслабьтесь	verb	second-person plural imperative perfective of рассла́биться (rasslábitʹsja)
7488	попытайся	verb	second-person singular imperative perfective of попыта́ться (popytátʹsja)
7489	мик	noun	pump-cheek
7490	попадает	verb	third-person singular present indicative imperfective of попада́ть (popadátʹ)
7491	впрямь	adv	really, indeed
7492	изначально	adv	initially, originally, at first, first (at the beginning)
7493	освобождения	noun	genitive singular
7494	посетить	verb	to visit, to call on
7495	происходят	verb	third-person plural present indicative imperfective of происходи́ть (proisxodítʹ)
7496	зарядить	verb	to load (a weapon)
7497	жюри	noun	jury (group of judges in a competition)
7498	зайди	verb	second-person singular imperative of зайти́ pf (zajtí)
7499	причинил	verb	masculine singular past indicative perfective of причини́ть (pričinítʹ)
7500	взгляда	noun	genitive singular of взгляд (vzgljad)
7501	прикольно	adj	short neuter singular of прико́льный (prikólʹnyj)
7502	рей	noun	yard, a crossways-mast on a ship
7503	величества	noun	genitive singular
7504	девочками	noun	instrumental plural of де́вочка (dévočka)
7505	бинго	noun	bingo
7506	пределы	noun	nominative/accusative plural of преде́л (predél)
7507	подонок	noun	rogue, bastard, rat, scum, scoundrel
7508	высокие	adj	nominative plural
7509	висит	verb	third-person singular present indicative imperfective of висе́ть (visétʹ)
7510	устроит	verb	third-person singular future indicative perfective of устро́ить (ustróitʹ)
7511	ушло	verb	neuter singular past indicative perfective of уйти́ (ujtí)
7512	убивала	verb	feminine singular past indicative imperfective of убива́ть (ubivátʹ)
7513	переспал	verb	masculine singular past indicative perfective of переспа́ть (perespátʹ)
7514	спускайся	verb	second-person singular imperative imperfective of спуска́ться (spuskátʹsja)
7515	решением	noun	instrumental singular of реше́ние (rešénije)
7516	копать	verb	to dig; to dig up, to dig out
7517	учительница	noun	female equivalent of учи́тель (učítelʹ): female teacher, female instructor
7518	близнецы	noun	nominative plural of близне́ц (bliznéc)
7519	прах	noun	dust, earth; ashes, remains
7520	зрелище	noun	spectacle, show (something exhibited to view)
7521	рекламы	noun	genitive singular
7522	министерство	noun	ministry, department (a department of government, headed by a minister)
7523	обморок	noun	faint, swoon, syncope (the act of fainting)
7524	органов	noun	genitive plural of о́рган (órgan)
7525	тётушка	noun	auntie (diminutive of aunt)
7526	вовлечь	verb	to involve; to drag into, to embroil
7527	требования	noun	genitive singular
7528	четверть	noun	quarter, fourth
7529	помощника	noun	genitive/accusative singular of помо́щник (pomóščnik)
7530	ареста	noun	genitive singular of аре́ст (arést)
7531	половине	noun	dative/prepositional singular of полови́на (polovína)
7532	конверт	noun	envelope (for mailing)
7533	соответствии	noun	prepositional singular of соотве́тствие (sootvétstvije)
7534	соревнование	noun	competition, contest
7535	усердно	adv	diligently, industriously (in a diligent manner)
7536	нервничать	verb	to be nervous, to feel nervous
7537	продают	verb	third-person plural present indicative imperfective of продава́ть (prodavátʹ)
7538	курсы	noun	nominative/accusative plural of курс (kurs)
7539	местонахождение	noun	location, position, whereabouts (place)
7540	открывает	verb	third-person singular present indicative imperfective of открыва́ть (otkryvátʹ)
7541	говно	noun	shit; shit, shithead, shitass, turd (worthless person)
7542	плечи	noun	nominative/accusative plural of плечо́ (plečó)
7543	оставляй	verb	second-person singular imperative imperfective of оставля́ть (ostavljátʹ)
7544	ответили	verb	plural past indicative perfective of отве́тить (otvétitʹ)
7545	достанется	verb	third-person singular future indicative perfective of доста́ться (dostátʹsja)
7546	чьей	pron	genitive/dative/instrumental/prepositional feminine singular of чей (čej)
7547	кораблей	noun	genitive plural of кора́бль (koráblʹ)
7548	насквозь	adv	all the way through, throughout, completely
7549	исполнилось	verb	neuter singular past indicative perfective of испо́лниться (ispólnitʹsja)
7550	выстрела	noun	genitive singular of вы́стрел (výstrel)
7551	использование	noun	use, usage; utilization
7552	приедут	verb	third-person plural future indicative perfective of прие́хать (prijéxatʹ)
7553	условии	noun	prepositional singular of усло́вие (uslóvije)
7554	шеи	noun	genitive singular
7555	франция	noun	genitive singular of фра́нций (fráncij)
7556	убивали	verb	plural past indicative imperfective of убива́ть (ubivátʹ)
7557	кошмары	noun	nominative/accusative plural of кошма́р (košmár)
7558	состав	noun	composition, structure, membership, staff, body
7559	дядей	noun	genitive/accusative plural
7560	польстить	verb	to flatter, to adulate
7561	теста	noun	genitive singular of тест (tɛ́st)
7562	соберись	verb	second-person singular imperative perfective of собра́ться (sobrátʹsja)
7563	достиг	verb	short masculine singular past indicative perfective of дости́гнуть (dostígnutʹ)
7564	священника	noun	genitive/accusative singular of свяще́нник (svjaščénnik)
7565	останки	noun	remains, remnants
7566	штатах	noun	prepositional plural of штат (štat)
7567	покупает	verb	third-person singular present indicative imperfective
7568	ударили	verb	plural past indicative perfective of уда́рить (udáritʹ)
7569	июня	noun	genitive singular of ию́нь (ijúnʹ)
7570	лука	noun	bend (in a river or road)
7571	признай	verb	second-person singular imperative perfective of призна́ть (priznátʹ)
7572	теорию	noun	accusative singular of тео́рия (teórija)
7573	цирк	noun	circus; cirque (curved depression in a mountainside)
7574	обнять	verb	to hug, to embrace
7575	велосипеде	noun	prepositional singular of велосипе́д (velosipéd)
7576	высоте	noun	dative/prepositional singular of высота́ (vysotá)
7577	поют	verb	third-person plural present indicative imperfective of петь (petʹ)
7578	нарушить	verb	to violate, to break
7579	идиотский	adj	idiotic
7580	вскрытие	noun	opening, unsealing
7581	дозу	noun	accusative singular of до́за (dóza)
7582	собрали	verb	plural past indicative perfective of собра́ть (sobrátʹ)
7583	музыке	noun	dative/prepositional singular of му́зыка (múzyka)
7584	игроков	noun	genitive/accusative plural of игро́к (igrók)
7585	любовник	noun	lover; paramour
7586	хуя	noun	genitive singular
7587	ехали	verb	plural past indicative imperfective of е́хать (jéxatʹ)
7588	соседству	noun	dative singular of сосе́дство (sosédstvo)
7589	пламя	noun	flame; blaze
7590	доллара	noun	genitive singular of до́ллар (dóllar)
7591	пожертвовать	verb	to donate; to sacrifice, to give, to offer
7592	повидать	verb	to see, to get to see
7593	покупки	noun	genitive singular
7594	проблемах	noun	prepositional plural of пробле́ма (probléma)
7595	берёт	verb	third-person singular present indicative imperfective of брать (bratʹ)
7596	черных	name	a surname, Chernykh
7597	подумают	verb	third-person plural future indicative perfective of поду́мать (podúmatʹ)
7598	основании	noun	prepositional singular of основа́ние (osnovánije)
7599	собственности	noun	genitive/dative/prepositional singular
7600	домашнее	adj	nominative/accusative neuter singular of дома́шний (domášnij)
7601	операционной	noun	genitive/dative/instrumental/prepositional singular of операцио́нная (operaciónnaja)
7602	поссорились	verb	plural past indicative perfective of поссо́риться (possóritʹsja)
7603	фирму	noun	accusative singular of фи́рма (fírma)
7604	следа	noun	genitive singular of след (sled)
7605	погнали	verb	plural past indicative of погна́ть pf (pognátʹ)
7606	интересуют	verb	third-person plural present indicative imperfective of интересова́ть (interesovátʹ)
7607	знакомству	noun	dative singular of знако́мство (znakómstvo)
7608	передача	noun	delivery; communication, handing over, passing, transfer, transmission
7609	лоуренс	name	a transliteration of the English male given name Laurence
7610	течь	verb	to flow, to run, to stream, to move
7611	благодарим	verb	first-person plural present indicative imperfective of благодари́ть (blagodarítʹ)
7612	гонки	noun	genitive singular
7613	услышишь	verb	second-person singular future indicative perfective of услы́шать (uslýšatʹ)
7614	противника	noun	genitive/accusative singular of проти́вник (protívnik)
7615	директором	noun	instrumental singular of дире́ктор (diréktor)
7616	верим	verb	first-person plural present indicative imperfective of ве́рить (véritʹ)
7617	кучка	noun	diminutive of ку́ча (kúča): small heap
7618	проводишь	verb	second-person singular present indicative imperfective
7619	ограбления	noun	genitive singular
7620	врагом	noun	instrumental singular of враг (vrag)
7621	багажнике	noun	prepositional singular of бага́жник (bagážnik)
7622	удовлетворить	verb	to satisfy; to fulfill
7623	спасательный	adj	rescue, life-saving
7624	шефа	noun	genitive/accusative singular of шеф (šef)
7625	взгляды	noun	nominative/accusative plural of взгляд (vzgljad)
7626	исчезает	verb	third-person singular present indicative imperfective of исчеза́ть (isčezátʹ)
7627	брик	name	BRIC (Brazil, Russia, India, China)
7628	предъявить	verb	to present, to produce, to show
7629	развития	noun	genitive singular
7630	няня	noun	nurse; nanny
7631	уход	noun	care (treatment of those in need)
7632	обидно	adv	offensively (in an offensive manner)
7633	область	noun	region, oblast, province
7634	пожелаешь	verb	second-person singular future indicative perfective of пожела́ть (poželátʹ)
7635	пушка	noun	gun, cannon; piece, handgun
7636	лежат	verb	third-person plural present indicative imperfective of лежа́ть (ležátʹ)
7637	пространства	noun	genitive singular
7638	кабинета	noun	genitive singular of кабине́т (kabinét)
7639	кону	noun	dative singular of кон (kon)
7640	марио	name	a transliteration of the Spanish male given name Mario
7641	сломался	verb	masculine singular past indicative perfective of слома́ться (slomátʹsja)
7642	охранять	verb	to guard, to safeguard, to defend, to preserve (e.g. the environment)
7643	профессионал	noun	professional, pro
7644	округ	noun	district, okrug
7645	чувствовали	verb	plural past indicative imperfective of чу́вствовать (čúvstvovatʹ)
7646	гарантирую	verb	first-person singular present indicative imperfective
7647	вдвое	adv	twice; in half
7648	целыми	adj	instrumental plural of це́лый (célyj)
7649	вытащу	verb	first-person singular future indicative perfective of вы́тащить (výtaščitʹ)
7650	обещания	noun	genitive singular
7651	заговор	noun	conspiracy (act of working in secret to obtain some goal)
7652	выходишь	verb	second-person singular present indicative imperfective of выходи́ть (vyxodítʹ)
7653	покажется	verb	third-person singular future indicative perfective of показа́ться (pokazátʹsja)
7654	задержали	verb	plural past indicative perfective of задержа́ть (zaderžátʹ)
7655	монстра	noun	genitive/accusative singular of монстр (monstr)
7656	уволил	verb	masculine singular past indicative perfective of уво́лить (uvólitʹ)
7657	учусь	verb	first-person singular present indicative of учи́ться impf (učítʹsja)
7658	поторопиться	verb	to hurry, to be in a hurry, to hasten
7659	обдумать	verb	to consider, to think over, to weigh
7660	замену	noun	accusative singular of заме́на (zaména)
7661	смирно	adv	quietly (in a quiet manner)
7662	дружбу	noun	accusative singular of дру́жба (drúžba)
7663	снизу	adv	from below, underarm
7664	строя	verb	present adverbial imperfective participle of стро́ить (stróitʹ)
7665	остановимся	verb	first-person plural future indicative perfective of останови́ться (ostanovítʹsja)
7666	духов	noun	inflection of дух (dux)
7667	твёрдый	adj	hard, solid; solid
7668	заявить	verb	to declare, to announce
7669	руководитель	noun	leader, chief, manager, director, instructor, teacher
7670	клятву	noun	accusative singular of кля́тва (kljátva)
7671	пофиг	adj	however, don't care, no matter
7672	началом	noun	instrumental singular of нача́ло (načálo)
7673	давненько	adv	for quite a while
7674	шотландия	name	Scotland (a constituent country of the United Kingdom)
7675	проследить	verb	to spy (on), to track
7676	ви	noun	V, v
7677	довериться	verb	to trust (in), to confide (in)
7678	познакомься	verb	second-person singular imperative perfective of познако́миться (poznakómitʹsja)
7679	завод	noun	factory, plant; breeding farm (also in terms of husbandry)
7680	евреев	noun	genitive/accusative plural of евре́й (jevréj)
7681	скотина	noun	cattle; brute
7682	властью	noun	instrumental singular of власть (vlastʹ)
7683	особое	adj	nominative neuter singular
7684	поцеловала	verb	feminine singular past indicative perfective of поцелова́ть (pocelovátʹ)
7685	цел	adj	short masculine singular of це́лый (célyj)
7686	напоминать	verb	to remind (cause one to experience a memory; bring to a person's notice)
7687	желаешь	verb	second-person singular present indicative imperfective of жела́ть (želátʹ)
7688	доставили	verb	plural past indicative perfective of доста́вить (dostávitʹ)
7689	поверите	verb	second-person plural future indicative perfective of пове́рить (povéritʹ)
7690	отпуске	noun	prepositional singular of о́тпуск (ótpusk)
7691	позовите	verb	second-person plural perfective imperative of позва́ть (pozvátʹ)
7692	любимого	noun	genitive/accusative singular of люби́мый (ljubímyj)
7693	провал	noun	collapse; hole, depression
7694	маслом	noun	instrumental singular of ма́сло (máslo)
7695	остановилась	verb	feminine singular past indicative perfective of останови́ться (ostanovítʹsja)
7696	отправится	verb	third-person singular future indicative perfective of отпра́виться (otprávitʹsja)
7697	прибудет	verb	third-person singular future indicative perfective of прибы́ть (pribýtʹ)
7698	мексиканский	adj	Mexican
7699	барбекю	noun	barbecue
7700	инцидент	noun	incident (event causing interruption or crisis)
7701	сняла	verb	feminine singular past indicative perfective of снять (snjatʹ)
7702	критический	adj	critical
7703	входить	verb	to enter, to go in(to) (by foot), to get in(to)
7704	благодарны	adj	short plural of благода́рный (blagodárnyj)
7705	имеется	verb	third-person singular present indicative imperfective of име́ться (imétʹsja)
7706	звука	noun	genitive singular of звук (zvuk)
7707	францию	noun	dative singular of фра́нций (fráncij)
7708	проститутка	noun	whore, prostitute
7709	низко	adv	basely, meanly; low, close to the ground level
7710	извинить	verb	to excuse, to pardon, to forgive
7711	ведьмы	noun	genitive singular
7712	поначалу	adv	at first, in the beginning, initially
7713	привыкли	verb	short plural past indicative perfective of привы́кнуть (privýknutʹ)
7714	отчего	adv	why? (from what cause)
7715	поменьше	adv	alternative form of ме́ньше (ménʹše)
7716	принимала	verb	feminine singular past indicative imperfective of принима́ть (prinimátʹ)
7717	крем	noun	cream, creme
7718	атаковать	verb	to attack, to charge, to assault
7719	пустяки	noun	nominative/accusative plural of пустя́к (pustják)
7720	валяй	verb	second-person singular imperative imperfective of валя́ть (valjátʹ)
7721	приношу	verb	first-person singular present indicative imperfective of приноси́ть (prinosítʹ)
7722	наступает	verb	third-person singular present indicative imperfective of наступа́ть (nastupátʹ)
7723	переживает	verb	third-person singular present indicative imperfective of пережива́ть (pereživátʹ)
7724	гражданин	noun	citizen, national
7725	повелитель	noun	sovereign, master (owner of an animal or slave)
7726	подделка	noun	counterfeit, imitation; fake; forgery
7727	групп	noun	genitive plural of гру́ппа (grúppa)
7728	воин	noun	soldier, warrior, serviceman, military man
7729	расстройство	noun	upset, disappointment, frustration, vexation (emotions)
7730	государства	noun	genitive singular
7731	падение	noun	fall, collapse, drop, sinking
7732	кухни	noun	genitive singular
7733	высоты	noun	genitive singular of высота́ (vysotá)
7734	поток	noun	stream; torrent
7735	дружбы	noun	genitive singular
7736	копам	noun	dative plural of копа́ (kopá)
7737	комфортно	adv	comfortably
7738	опасны	adj	short plural of опа́сный (opásnyj)
7739	пон	adv	clipping of поня́тно (ponjátno)
7740	выясню	verb	first-person singular future indicative perfective of вы́яснить (výjasnitʹ)
7741	господу	noun	dative singular of госпо́дь (gospódʹ)
7742	заметно	adv	noticeably, perceptibly, visibly (capable of being seen or noticed)
7743	справились	verb	plural past indicative perfective of спра́виться (správitʹsja)
7744	завещание	noun	will (formal document)
7745	блок	noun	block (cuboid object)
7746	драки	noun	genitive singular
7747	изнасиловал	verb	masculine singular past indicative perfective of изнаси́ловать (iznasílovatʹ)
7748	уезжай	verb	second-person singular imperative perfective of уе́хать (ujéxatʹ)
7749	сидим	verb	first-person plural present indicative imperfective of сиде́ть (sidétʹ)
7750	нападать	verb	to attack, to fall on, to assault, to descend (on)
7751	тату	noun	tattoo (an image made in the skin with ink and a needle)
7752	ударь	verb	second-person singular imperative perfective of уда́рить (udáritʹ)
7753	лады	noun	nominative/accusative plural of лад (lad)
7754	ролях	noun	prepositional plural of роль (rolʹ, “role”)
7755	анжела	name	a female given name, Anzhela, equivalent to English Angela
7756	медаль	noun	medal
7757	операционную	noun	accusative singular of операцио́нная (operaciónnaja)
7758	срока	noun	genitive singular of срок (srok)
7759	ручной	adj	hand; manual; handmade
7760	переспала	verb	feminine singular past indicative perfective of переспа́ть (perespátʹ)
7761	повернуть	verb	to turn, to swing
7762	процесса	noun	genitive singular of проце́сс (procéss)
7763	погибнуть	verb	to perish, to die of unnatural causes, to be killed
7764	выборах	noun	prepositional plural of вы́бор (výbor)
7765	адмирал	noun	admiral; red admiral (Vanessa atalanta, butterfly)
7766	покажешь	verb	second-person singular future indicative perfective of показа́ть (pokazátʹ)
7767	автобуса	noun	genitive singular of авто́бус (avtóbus)
7768	телефоном	noun	instrumental singular of телефо́н (telefón)
7769	приезжать	verb	to arrive, to come (by vehicle or horse)
7770	поступает	verb	third-person singular present indicative imperfective of поступа́ть (postupátʹ)
7771	сидя	adv	sitting
7772	пони	noun	pony (small horse)
7773	пьяна	adj	short feminine singular of пья́ный (pʹjányj)
7774	снимает	verb	third-person singular present indicative imperfective of снима́ть (snimátʹ)
7775	портить	verb	to spoil, to ruin, to mar, to damage
7776	огне	noun	prepositional singular of ого́нь (ogónʹ)
7777	пятница	noun	Friday
7778	разорвать	verb	to tear apart/asunder, to tear up
7779	поклонник	noun	admirer; fan, groupie
7780	героин	noun	heroin (powerful and addictive drug)
7781	судом	noun	instrumental singular of суд (sud)
7782	дабы	conj	in order to, in order that, so that
7783	баба	noun	grandma, granny
7784	убегать	verb	to run away, to make off, to flee
7785	отрезать	verb	to cut off; to snip off
7786	понимание	noun	comprehension, understanding
7787	поднимается	verb	third-person singular present indicative imperfective of поднима́ться (podnimátʹsja)
7788	убедитесь	verb	second-person plural future indicative perfective
7789	разногласия	noun	genitive singular
7790	предлагаете	verb	second-person plural present indicative imperfective of предлага́ть (predlagátʹ)
7791	прекрасен	adj	short masculine singular of прекра́сный (prekrásnyj)
7792	уничтожит	verb	third-person singular future indicative perfective of уничто́жить (uničtóžitʹ)
7793	потанцевать	verb	to have a dance, to dance (for a while)
7794	спросит	verb	third-person singular future indicative perfective of спроси́ть (sprosítʹ)
7795	сюжет	noun	subject; plot
7796	пустить	verb	to let (go), to allow, to permit, to release
7797	ненавидела	verb	feminine singular past indicative imperfective of ненави́деть (nenavídetʹ)
7798	молоды	adj	short plural of молодо́й (molodój)
7799	банку	noun	dative singular of банк (bank)
7800	помешал	verb	masculine singular past indicative imperfective/perfective of помеша́ть (pomešátʹ)
7801	кукла	noun	doll; puppet
7802	о-о	intj	ow; uh-oh (expressing fear)
7803	очнулся	verb	masculine singular past indicative perfective of очну́ться (očnútʹsja)
7804	деревня	noun	village, hamlet
7805	финал	noun	finale, ending, denouement
7806	разведки	noun	genitive singular
7807	достаточный	adj	sufficient
7808	проиграть	verb	to lose; to play, to play through, to play over
7809	вставайте	verb	second-person plural imperative of встава́ть impf (vstavátʹ)
7810	сирена	noun	siren; siren (device)
7811	детские	noun	nominative/accusative plural of де́тская (détskaja)
7812	отдашь	verb	second-person singular future indicative perfective of отда́ть (otdátʹ)
7813	лишить	verb	to deprive, to rob, to bereave
7814	окружить	verb	to gather round
7815	детективом	noun	instrumental singular of детекти́в (dɛtɛktív)
7816	законно	adv	legally, lawfully (as permitted by law)
7817	качество	noun	quality
7818	звезду	noun	accusative singular of звезда́ (zvezdá)
7819	дураком	noun	instrumental singular of дура́к (durák)
7820	учебный	adj	relating to school or learning, academic, training
7821	журнале	noun	prepositional singular of журна́л (žurnál)
7822	любезны	adj	short plural of любе́зный (ljubéznyj)
7823	оон	name	acronym of Организа́ция Объединённых На́ций (Organizácija Obʺjedinjónnyx Nácij): UNO, United Nations Organization
7824	представляют	verb	third-person plural present indicative imperfective of представля́ть (predstavljátʹ)
7825	разбудить	verb	to wake up, to awake, to waken
7826	планируешь	verb	second-person singular present indicative imperfective of плани́ровать (planírovatʹ)
7827	даллас	name	Dallas (a major city in Texas, United States)
7828	новыми	noun	instrumental plural of но́вое (nóvoje)
7829	планов	noun	genitive plural of план (plan)
7830	рамки	noun	genitive singular
7831	доверял	verb	masculine singular past indicative imperfective of доверя́ть (doverjátʹ)
7832	марсель	noun	topsail
7833	студент	noun	student (in a university or college), undergraduate
7834	подумает	verb	third-person singular future indicative perfective of поду́мать (podúmatʹ)
7835	зацепка	noun	hook, peg; snag, hitch
7836	заплатила	verb	feminine singular past indicative of заплати́ть pf (zaplatítʹ)
7837	общались	verb	plural past indicative imperfective of обща́ться (obščátʹsja)
7838	выдержать	verb	to stand, to withstand, to bear, to sustain, to endure
7839	хера	noun	genitive singular
7840	осмотр	noun	examination, inspection, (sightseeing) tour
7841	старшего	noun	genitive/accusative singular of ста́рший (stáršij)
7842	загадка	noun	riddle, conundrum, puzzle
7843	потратили	verb	plural past indicative perfective of потра́тить (potrátitʹ)
7844	золотые	noun	nominative/accusative plural of золото́й (zolotój)
7845	механизм	noun	mechanism, machinery (working parts of a machine as a group)
7846	запомните	verb	second-person plural future indicative perfective
7847	кислород	noun	oxygen
7848	едете	verb	second-person plural present indicative imperfective of е́хать (jéxatʹ)
7849	отвези	verb	second-person singular imperative perfective of отвезти́ (otveztí)
7850	целях	noun	prepositional plural of цель (celʹ)
7851	змей	noun	serpent (snake)
7852	спокоен	adj	short masculine singular of споко́йный (spokójnyj)
7853	приведёт	verb	third-person singular future indicative perfective of привести́ (privestí)
7854	пережили	verb	plural past indicative perfective of пережи́ть (perežítʹ)
7855	персонала	noun	genitive singular of персона́л (personál)
7856	усы	noun	moustache; whiskers (of animals)
7857	актер	noun	actor, player, performer
7858	любым	det	dative plural; instrumental masculine/neuter singular
7859	глуп	adj	short masculine singular of глу́пый (glúpyj)
7860	шаги	noun	nominative/accusative plural of шаг (šag)
7861	рыжий	adj	red, sorrel; red, ginger
7862	отстранить	verb	to push aside, to remove
7863	вызывать	verb	to call, to send for
7864	подружкой	noun	instrumental singular of подру́жка (podrúžka)
7865	угрожать	verb	to threaten
7866	допроса	noun	genitive singular of допро́с (doprós)
7867	октября	noun	genitive singular of октя́брь (oktjábrʹ)
7868	бабки	noun	money
7869	неверно	adv	incorrectly
7870	магический	adj	magical
7871	текущий	verb	present active imperfective participle of течь (tečʹ)
7872	укрытие	noun	covering, wrapping
7873	конфликт	noun	conflict (clash or disagreement)
7874	уничтожили	verb	plural past indicative perfective of уничто́жить (uničtóžitʹ)
7875	должное	adj	neuter singular nominative/accusative of до́лжный (dólžnyj)
7876	поиграем	verb	first-person plural future indicative perfective of поигра́ть (poigrátʹ)
7877	забудешь	verb	second-person singular future indicative perfective of забы́ть (zabýtʹ)
7878	бывшим	verb	dative plural; instrumental masculine/neuter singular
7879	адресу	noun	dative singular of а́дрес (ádres)
7880	онлайн	adv	online (connected to the Internet or a computer network)
7881	подобрать	verb	to pick up; to sort out, to select, to glean
7882	освобождение	noun	liberation, emancipation, freeing
7883	коллег	noun	genitive/accusative plural of колле́га (kolléga)
7884	трон	noun	throne
7885	удивляет	verb	third-person singular present indicative imperfective of удивля́ть (udivljátʹ)
7886	кажутся	verb	third-person plural present indicative imperfective of каза́ться (kazátʹsja)
7887	евреи	noun	nominative plural of евре́й (jevréj)
7888	тяни	verb	second-person singular imperative imperfective of тяну́ть (tjanútʹ)
7889	сдавайся	verb	second-person singular imperative imperfective of сдава́ться (sdavátʹsja)
7890	бывали	verb	plural past indicative imperfective of быва́ть (byvátʹ)
7891	детишки	noun	endearing form of де́ти (déti): (cute little) children, kids
7892	козёл	noun	goat, he-goat, billygoat
7893	целовать	verb	to kiss, to give a kiss
7894	штучки	noun	genitive singular
7895	деталь	noun	detail, nicety; minutiae
7896	травы	noun	genitive singular of трава́ (travá)
7897	подозрительно	adv	askance (of look: with disapproval)
7898	заберите	verb	second-person plural imperative perfective of забра́ть (zabrátʹ)
7899	люцифер	name	Lucifer
7900	способа	noun	genitive singular of спо́соб (spósob)
7901	шло	verb	neuter singular past indicative imperfective of идти́ (idtí)
7902	кузина	noun	female equivalent of кузе́н
7903	шлюхи	noun	genitive singular
7904	позвоним	verb	first-person plural future indicative perfective of позвони́ть (pozvonítʹ)
7905	потенциал	noun	potential (currently unrealized ability)
7906	достоин	adj	short masculine singular of досто́йный (dostójnyj)
7907	беременный	adj	pregnant (carrying developing offspring within the body)
7908	игрой	noun	instrumental singular of игра́ (igrá)
7909	подружку	noun	accusative singular of подру́жка (podrúžka)
7910	медведя	noun	genitive/accusative singular of медве́дь (medvédʹ)
7911	по-французски	adv	in French
7912	покинули	verb	plural past indicative perfective of поки́нуть (pokínutʹ)
7913	беду	noun	accusative singular of беда́ (bedá)
7914	трупов	noun	genitive plural of труп (trup)
7915	проводите	verb	second-person plural present indicative imperfective
7916	края	noun	genitive singular of край (kraj)
7917	надеялись	verb	plural past indicative imperfective of наде́яться (nadéjatʹsja)
7918	ответит	verb	third-person singular future indicative perfective of отве́тить (otvétitʹ)
7919	двигается	verb	third-person singular present indicative imperfective of дви́гаться (dvígatʹsja)
7920	штраф	noun	fine, penalty, citation
7921	зимой	adv	in winter
7922	театре	noun	prepositional singular of теа́тр (teátr)
7923	нарисовал	verb	masculine singular past indicative perfective of нарисова́ть (narisovátʹ)
7924	несу	verb	first-person singular present indicative imperfective of нести́ (nestí)
7925	труд	noun	work, labor/labour
7926	захватили	verb	plural past indicative perfective of захвати́ть (zaxvatítʹ)
7927	чашечку	noun	accusative singular of ча́шечка (čášečka)
7928	проводят	verb	third-person plural present indicative imperfective
7929	выберемся	verb	first-person plural future indicative perfective of вы́браться (výbratʹsja)
7930	стоите	verb	second-person plural present indicative imperfective of сто́ить (stóitʹ)
7931	сенатора	noun	genitive/accusative singular of сена́тор (senátor)
7932	возникли	verb	short plural past indicative perfective of возни́кнуть (vozníknutʹ)
7933	джорджия	name	Georgia (a state in the Southern United States)
7934	книжный	adj	book; literary, bookish (appropriate to literature rather than everyday writing)
7935	ограбили	verb	plural past indicative perfective of огра́бить (ográbitʹ)
7936	ногти	noun	nominative/accusative plural of но́готь (nógotʹ)
7937	досталось	verb	neuter singular past indicative perfective of доста́ться (dostátʹsja)
7938	поднялся	verb	masculine singular past indicative perfective of подня́ться (podnjátʹsja)
7939	поддельный	adj	false, counterfeit, fake, forged
7940	студию	noun	accusative singular of сту́дия (stúdija)
7941	дню	noun	dative singular of день (denʹ)
7942	космосе	noun	prepositional singular of ко́смос (kósmos)
7943	предположительно	adv	supposedly
7944	умри	verb	second-person singular imperative perfective of умере́ть (umerétʹ)
7945	поймала	verb	feminine singular past indicative perfective of пойма́ть (pojmátʹ)
7946	четырёх	num	genitive/prepositional
7947	дико	adv	wildly; with a wild look
7948	встретили	verb	plural past indicative perfective of встре́тить (vstrétitʹ)
7949	получиться	verb	to come in, to arrive
7950	домам	noun	dative plural of дом (dom)
7951	проехать	verb	to go through/by (by horse or vehicle), to ride through/by, to drive through/by
7952	вошёл	verb	masculine singular past indicative perfective of войти́ (vojtí)
7953	владельца	noun	genitive/accusative singular of владе́лец (vladélec)
7954	реакции	noun	genitive/dative/prepositional singular
7955	курса	noun	prostitute
7956	подержать	verb	to hold, to keep, to support
7957	прокатиться	verb	to go for a ride
7958	общения	noun	genitive singular
7959	стенах	noun	prepositional plural of стена́ (stená)
7960	обрести	verb	to gain, to acquire, to be blessed with
7961	гавайи	name	Hawaii (an insular state of the United States, formerly a territory)
7962	назначили	verb	plural past indicative perfective of назна́чить (naznáčitʹ)
7963	пределах	noun	prepositional plural of преде́л (predél)
7964	успеем	verb	first-person plural future indicative perfective of успе́ть (uspétʹ)
7965	засунуть	verb	to put (in); to poke, to stick in
7966	сотрудничество	noun	cooperation; collaboration, cooperation (with), partnership
7967	приносить	verb	to bring (by foot), to fetch
7968	ранчо	noun	ranch (usually in the North American context)
7969	покупал	verb	masculine singular past indicative imperfective/perfective of покупа́ть (pokupátʹ)
7970	бывших	verb	genitive/prepositional plural
7971	ярость	noun	fury, rage, frenzy
7972	потратила	verb	feminine singular past indicative perfective of потра́тить (potrátitʹ)
7973	деятельности	noun	genitive/dative/prepositional singular
7974	плох	adj	short masculine singular of плохо́й (ploxój)
7975	рюкзак	noun	backpack
7976	сыновей	noun	genitive/accusative plural of сын (syn)
7977	высокой	adj	genitive/dative/instrumental/prepositional feminine singular of высо́кий (vysókij)
7978	двести	num	two hundred (200)
7979	каролина	name	a female given name, Karolina, equivalent to English Caroline
7980	зала	noun	hall, large room
7981	беременность	noun	pregnancy; childbearing
7982	поторопитесь	verb	second-person plural future indicative perfective of поторопи́ться (potoropítʹsja)
7983	анализа	noun	genitive singular of ана́лиз (análiz)
7984	забирает	verb	third-person singular present indicative imperfective of забира́ть (zabirátʹ)
7985	возвращался	verb	masculine singular past indicative imperfective of возвраща́ться (vozvraščátʹsja)
7986	могиле	noun	dative/prepositional singular of моги́ла (mogíla)
7987	писали	verb	plural past indicative imperfective of писа́ть (pisátʹ)
7988	подставить	verb	to place; to hold up to, to offer to, to make accessible to (by bringing or turning something)
7989	похорон	noun	genitive of по́хороны (póxorony)
7990	недвижимости	noun	genitive/dative/prepositional singular
7991	ста	num	genitive/dative/instrumental/prepositional singular of сто (sto)
7992	назначения	noun	genitive singular
7993	переживаешь	verb	second-person singular present indicative imperfective of пережива́ть (pereživátʹ)
7994	таня	name	a diminutive, Tanya, of the female given name Татья́на (Tatʹjána)
7995	плыть	verb	to swim, to float
7996	сигналы	noun	nominative/accusative plural of сигна́л (signál)
7997	заботу	noun	accusative singular of забо́та (zabóta)
7998	разводе	noun	prepositional singular of разво́д (razvód)
7999	фестиваль	noun	festival (celebration)
8000	девяти	num	genitive/dative/prepositional of де́вять (dévjatʹ)
8001	гарсия	name	a transliteration of the Spanish, English, or Portuguese surname García or Garcia
8002	окружной	adj	district; circular
8003	техника	noun	engineering, technics
8004	старается	verb	third-person singular present indicative imperfective of стара́ться (starátʹsja)
8005	фургоне	noun	prepositional singular of фурго́н (furgón)
8006	бывать	verb	to be; to occur, to happen (repeatedly)
8007	ружье	noun	prepositional singular of ружьё (ružʹjó)
8008	случаю	noun	dative singular of слу́чай (slúčaj)
8009	попаду	verb	first-person singular future indicative perfective of попа́сть (popástʹ)
8010	заразить	verb	to infect; to contaminate
8011	знакомых	noun	genitive/accusative/prepositional plural of знако́мый (znakómyj)
8012	предки	noun	nominative plural of пре́док (prédok)
8013	пиццы	noun	genitive singular
8014	квартале	noun	prepositional singular of кварта́л (kvartál)
8015	спите	verb	second-person plural present indicative imperfective
8016	анджела	name	a female given name from English, equivalent to English Angela
8017	успехом	noun	instrumental singular of успе́х (uspéx)
8018	забываю	verb	first-person singular present indicative imperfective of забыва́ть (zabyvátʹ)
8019	отдаю	verb	first-person singular present indicative imperfective of отдава́ть (otdavátʹ)
8020	знаки	noun	nominative/accusative plural of знак (znak)
8021	пугать	verb	to frighten suddenly, to startle
8022	божественный	adj	divine, godly, godlike
8023	дна	noun	genitive singular of дно (dno)
8024	телу	noun	dative singular of те́ло (télo)
8025	запросто	adv	easily, just like that
8026	налоговый	adj	tax, taxation
8027	шагов	noun	genitive plural of шаг (šag)
8028	настоящему	noun	dative singular of настоя́щее (nastojáščeje)
8029	беспокоился	verb	masculine singular past indicative imperfective of беспоко́иться (bespokóitʹsja)
8030	обратить	verb	to turn; to direct
8031	обидел	verb	masculine singular past indicative perfective of оби́деть (obídetʹ)
8032	ходите	verb	second-person plural present indicative imperfective of ходи́ть (xodítʹ)
8033	нравились	verb	plural past indicative imperfective of нра́виться (nrávitʹsja)
8034	значат	verb	third-person plural present indicative imperfective of зна́чить (znáčitʹ)
8035	уговор	noun	persuasion, plural remonstrance
8036	законом	noun	instrumental singular of зако́н (zakón)
8037	закрывается	verb	third-person singular present indicative imperfective of закрыва́ться (zakryvátʹsja)
8038	послушаем	verb	first-person plural future indicative perfective of послу́шать (poslúšatʹ)
8039	контролирует	verb	third-person singular present indicative imperfective of контроли́ровать (kontrolírovatʹ)
8040	деревьев	noun	genitive plural of де́рево (dérevo)
8041	разницу	noun	accusative singular of ра́зница (ráznica)
8042	ангелы	noun	nominative plural of а́нгел (ángel)
8043	оригинальный	adj	original (first in a series; fresh, different)
8044	поверхность	noun	surface, face
8045	подставили	verb	plural past indicative perfective of подста́вить (podstávitʹ)
8046	вдова	noun	widow
8047	двигай	verb	second-person singular imperative imperfective of дви́гать (dvígatʹ)
8048	страницу	noun	accusative singular of страни́ца (straníca)
8049	основываясь	verb	present adverbial imperfective participle of осно́вываться (osnóvyvatʹsja)
8050	стоимость	noun	cost, value, worth
8051	коричневый	adj	brown; ultra-nationalistic, fascist, far right-wing, jingoist
8052	драгоценности	noun	genitive/dative/prepositional singular
8053	купишь	verb	second-person singular future indicative perfective of купи́ть (kupítʹ)
8054	пищи	noun	inflection of пи́ща (píšča)
8055	справляется	verb	third-person singular present indicative imperfective of справля́ться (spravljátʹsja)
8056	сокровища	noun	inflection of сокро́вище (sokróvišče)
8057	престарелый	adj	aged, advanced in years
8058	заведение	noun	institution, establishment
8059	радоваться	verb	to rejoice, to be glad, to be happy
8060	плату	noun	accusative singular of пла́та (pláta)
8061	поздравить	verb	to congratulate, to felicitate
8062	льдом	noun	instrumental singular of лёд (ljod)
8063	трижды	adv	three times, thrice, on three occasions
8064	снимал	verb	masculine singular past indicative imperfective of снима́ть (snimátʹ)
8065	одета	adj	short feminine singular of оде́тый (odétyj)
8066	институт	noun	institute; institution
8067	привёз	verb	masculine singular past indicative perfective of привезти́ (priveztí)
8068	клоун	noun	clown; irresponsible person, who states unfounded claims, often thoughtless or careless
8069	курицу	noun	accusative singular of ку́рица (kúrica)
8070	обвиняют	verb	third-person plural present indicative imperfective of обвиня́ть (obvinjátʹ)
8071	поставьте	verb	second-person plural imperative perfective of поста́вить (postávitʹ)
8072	вклад	noun	deposit (money placed in an account), account (in a bank)
8073	смесь	noun	blend, mix, mixture
8074	лежала	verb	feminine singular past indicative of лежа́ть impf (ležátʹ)
8075	даром	adv	gratis, for free, for nothing
8076	ведущий	verb	present active imperfective participle of вести́ (vestí)
8077	тако	noun	taco
8078	волшебник	noun	wizard, sorcerer, magician
8079	поймаю	verb	first-person singular future indicative perfective of пойма́ть (pojmátʹ)
8080	толпы	noun	genitive singular of толпа́ (tolpá)
8081	источники	noun	nominative/accusative plural of исто́чник (istóčnik)
8082	защитой	noun	instrumental singular of защи́та (zaščíta)
8083	частично	adv	partly, partially (in part)
8084	виды	noun	nominative/accusative plural of вид (vid)
8085	фонда	noun	genitive singular of фонд (fond)
8086	повлиять	verb	to influence, to have an influence
8087	пятна	noun	genitive singular of пятно́ (pjatnó)
8088	причинять	verb	to cause, to do
8089	отправилась	verb	feminine singular past indicative perfective of отпра́виться (otprávitʹsja)
8090	продукт	noun	product (produced by a process or action)
8091	придумаю	verb	first-person singular future indicative of приду́мать pf (pridúmatʹ)
8092	отдельно	adv	separately (in a separate manner)
8093	отвечал	verb	masculine singular past indicative imperfective of отвеча́ть (otvečátʹ)
8094	ценности	noun	genitive/dative/prepositional singular
8095	позволять	verb	to allow, to permit
8096	сбросить	verb	to throw down, to drop
8097	посмотришь	verb	second-person singular future indicative perfective of посмотре́ть (posmotrétʹ)
8098	калифорния	noun	genitive singular of калифо́рний (kalifórnij)
8099	смеялись	verb	plural past indicative imperfective of смея́ться (smejátʹsja)
8100	изменяет	verb	third-person singular present indicative imperfective of изменя́ть (izmenjátʹ)
8101	позаботимся	verb	first-person plural future indicative perfective of позабо́титься (pozabótitʹsja)
8102	ожидании	noun	prepositional singular of ожида́ние (ožidánije)
8103	положили	verb	plural past indicative perfective of положи́ть (položítʹ)
8104	полагается	verb	third-person singular present indicative imperfective of полага́ться (polagátʹsja)
8105	башку	noun	accusative singular of башка́ (bašká)
8106	прессы	noun	genitive singular
8107	отвечайте	verb	second-person plural imperative imperfective of отвеча́ть (otvečátʹ)
8108	дошли	verb	plural past indicative perfective of дойти́ (dojtí)
8109	напомни	verb	second-person singular imperative perfective of напо́мнить (napómnitʹ)
8110	королевство	noun	kingdom; monarchy, kingship
8111	ответишь	verb	second-person singular future indicative perfective of отве́тить (otvétitʹ)
8112	достигли	verb	short plural past indicative perfective of дости́гнуть (dostígnutʹ)
8113	жилье	noun	prepositional singular of жильё (žilʹjó)
8114	реакцию	noun	accusative singular of реа́кция (reákcija)
8115	благородный	adj	noble, aristocratic, wellborn
8116	остынь	verb	second-person singular imperative perfective of осты́ть (ostýtʹ)
8117	сумасшествие	noun	mental illness, madness, insanity
8118	продаю	verb	first-person singular present indicative of продава́ть impf (prodavátʹ)
8119	встала	verb	feminine singular past indicative of встать pf (vstatʹ)
8120	видов	noun	genitive plural of вид (vid)
8121	продаже	noun	dative/prepositional singular of прода́жа (prodáža)
8122	существовать	verb	to exist, to be, to live
8123	гладко	adv	smoothly
8124	удостовериться	verb	to ascertain, to make sure, to make certain
8125	сдался	verb	masculine singular past indicative perfective of сда́ться (sdátʹsja)
8126	одержимый	adj	possessed (by), obsessed (by)
8127	обладает	verb	third-person singular present indicative imperfective of облада́ть (obladátʹ)
8128	покойник	noun	the deceased
8129	спокойнее	adv	comparative degree of споко́йный (spokójnyj)
8130	ножницы	noun	scissors, shears, clipper, cutter
8131	сего	pron	genitive masculine/neuter singular
8132	угостить	verb	to treat (someone to something)
8133	ведьм	noun	genitive/accusative plural of ве́дьма (védʹma)
8134	заплатят	verb	third-person plural future indicative perfective of заплати́ть (zaplatítʹ)
8135	демонов	noun	genitive plural
8136	выпусти	verb	second-person singular imperative perfective of вы́пустить (výpustitʹ)
8137	бюджет	noun	budget
8138	волна	noun	wave; wavelength
8139	женюсь	verb	first-person singular present indicative imperfective
8140	светом	noun	instrumental singular of свет (svet)
8141	джемма	name	a female given name from Italian.
8142	холодная	noun	detention cell, cooler, lockup, calaboose, jail, prison, brig
8143	инфекция	noun	infection
8144	капитану	noun	dative singular of капита́н (kapitán)
8145	открытой	noun	genitive/dative/instrumental/prepositional singular of откры́тая (otkrýtaja)
8146	извлечь	verb	to extract, to elicit, to draw out
8147	мастера	noun	genitive/accusative singular of ма́стер (máster)
8148	честью	noun	instrumental singular of честь (čestʹ)
8149	политике	noun	dative/prepositional singular of поли́тика (polítika)
8150	фраза	noun	sentence, phrase
8151	старт	noun	start (beginning point of a distance race or a process)
8152	выносить	verb	to carry out, to take out, to bring out, to remove
8153	позаботился	verb	masculine singular past indicative perfective of позабо́титься (pozabótitʹsja)
8154	поймёт	verb	third-person singular future indicative perfective of поня́ть (ponjátʹ)
8155	ведите	verb	second-person plural imperative imperfective of вести́ (vestí)
8156	черепа	noun	genitive singular of че́реп (čérep)
8157	страданий	noun	genitive plural of страда́ние (stradánije)
8158	аппетит	noun	appetite
8159	встречаются	verb	third-person plural present indicative imperfective of встреча́ться (vstrečátʹsja)
8160	бассейна	noun	genitive singular of бассе́йн (basséjn, bassɛ́jn)
8161	мирный	adj	peace; peaceful
8162	столовой	noun	genitive/dative/instrumental/prepositional singular of столо́вая (stolóvaja)
8163	больных	noun	genitive/accusative/prepositional plural of больно́й (bolʹnój)
8164	пообщаться	verb	to communicate (with), to converse, to mix (with) (for some time)
8165	чили	noun	chili pepper; chili con carne
8166	корпорации	noun	genitive/dative/prepositional singular
8167	отправим	verb	first-person plural future indicative perfective of отпра́вить (otprávitʹ)
8168	встретится	verb	third-person singular future indicative perfective of встре́титься (vstrétitʹsja)
8169	мечтаю	verb	first-person singular present indicative imperfective of мечта́ть (mečtátʹ)
8170	вернула	verb	feminine singular past indicative perfective of верну́ть (vernútʹ)
8171	занял	verb	masculine singular past indicative perfective of заня́ть (zanjátʹ)
8172	продолжение	noun	continuation (act or state of continuing)
8173	мёртвых	noun	genitive/accusative/prepositional plural of мёртвый (mjórtvyj)
8174	известны	adj	short plural of изве́стный (izvéstnyj)
8175	трахаться	verb	to strike (against)
8176	становлюсь	verb	first-person singular present indicative imperfective of станови́ться (stanovítʹsja)
8177	перси	noun	woman’s breasts, bosom
8178	борис	name	a male given name, Boris, equivalent to English Boris
8179	кучей	noun	instrumental singular of ку́ча (kúča)
8180	наличие	noun	availability, presence
8181	заключили	verb	plural past indicative perfective of заключи́ть (zaključítʹ)
8182	прекрасны	adj	short plural of прекра́сный (prekrásnyj)
8183	преследовал	verb	masculine singular past indicative imperfective of пресле́довать (preslédovatʹ)
8184	уйдут	verb	third-person plural future indicative perfective of уйти́ (ujtí)
8185	рассказываю	verb	first-person singular present indicative imperfective of расска́зывать (rasskázyvatʹ)
8186	обезьяна	noun	monkey, ape; the @ sign
8187	допросить	verb	to interrogate
8188	эмоций	noun	genitive plural of эмо́ция (emócija)
8189	номеров	noun	genitive plural of но́мер (nómer)
8190	заслуживают	verb	third-person plural present indicative imperfective of заслу́живать (zaslúživatʹ)
8191	веселья	noun	genitive singular
8192	пой	verb	second-person singular imperative imperfective of петь (petʹ)
8193	местоположение	noun	location (place)
8194	сеанс	noun	session, sitting, show, showing (duration of a movie, performance etc.), séance
8195	границей	noun	instrumental singular of грани́ца (graníca)
8196	взяться	verb	to take something with hands, to take (mutually, together) (e.g. each other's hands)
8197	лунный	adj	moon; lunar; moonlit
8198	американские	adj	nominative plural
8199	юноша	noun	youngster, male youth
8200	мышцы	noun	inflection of мы́шца (mýšca)
8201	молодости	noun	genitive/dative/prepositional singular of мо́лодость (mólodostʹ)
8202	подошла	verb	feminine singular past indicative perfective of подойти́ (podojtí)
8203	целей	noun	genitive plural of цель (celʹ)
8204	здрасте	intj	hi, hello, howdy, abbreviated form of здра́вствуйте (zdrávstvujte)
8205	отыскать	verb	to find, to track down
8206	обещать	verb	to promise, to pledge
8207	мошенник	noun	swindler, cheat, cheater, fraud
8208	честность	noun	honesty (quality of being honest)
8209	уедешь	verb	second-person singular future indicative perfective of уе́хать (ujéxatʹ)
8210	забей	verb	second-person singular imperative perfective of заби́ть (zabítʹ)
8211	нервничаешь	verb	second-person singular present indicative imperfective of не́рвничать (nérvničatʹ)
8212	счетов	noun	genitive plural of счёт (sčot)
8213	наняла	verb	feminine singular past indicative perfective of наня́ть (nanjátʹ)
8214	обманывать	verb	to deceive, to cheat, to trick, to swindle
8215	напарника	noun	genitive/accusative singular of напа́рник (napárnik)
8216	перестанет	verb	third-person singular future indicative perfective of переста́ть (perestátʹ)
8217	остальном	noun	prepositional singular of остально́е (ostalʹnóje)
8218	буря	noun	storm, tempest (also figuratively)
8219	лейтенанта	noun	genitive/accusative singular of лейтена́нт (lejtenánt)
8220	влюблены	adj	short plural of влюблённый (vljubljónnyj)
8221	соврала	verb	feminine singular past indicative perfective of совра́ть (sovrátʹ)
8222	морская	adj	nominative feminine singular of морско́й (morskój)
8223	письме	noun	prepositional singular of письмо́ (pisʹmó)
8224	приказываю	verb	first-person singular present indicative imperfective of прика́зывать (prikázyvatʹ)
8225	экипаж	noun	crew; carriage (a horse-drawn vehicle)
8226	министра	noun	genitive/accusative singular of мини́стр (minístr)
8227	посадят	verb	third-person plural future indicative perfective of посади́ть (posadítʹ)
8228	столкнулись	verb	plural past indicative perfective of столкну́ться (stolknútʹsja)
8229	верность	noun	faithfulness, fidelity, loyalty
8230	научила	verb	feminine singular past indicative perfective of научи́ть (naučítʹ)
8231	жертве	noun	dative/prepositional singular of же́ртва (žértva)
8232	отправьте	verb	second-person plural imperative perfective of отпра́вить (otprávitʹ)
8233	поведу	verb	first-person singular future indicative perfective of повести́ (povestí)
8234	могилы	noun	genitive singular
8235	экране	noun	prepositional singular of экра́н (ekrán)
8236	посвятить	verb	to devote, to dedicate (various senses)
8237	ран	noun	genitive plural of ра́на (rána)
8238	кричи	verb	second-person singular imperative imperfective of крича́ть (kričátʹ)
8239	игровой	adj	game, play; (movie, theater) acting
8240	насладиться	verb	to enjoy, to be delighted
8241	прослушивание	noun	audition (performance by an aspiring performer)
8242	принимаете	verb	second-person plural present indicative imperfective of принима́ть (prinimátʹ)
8243	веке	noun	prepositional singular of век (vek)
8244	подходе	noun	prepositional singular of подхо́д (podxód)
8245	хватать	verb	to grasp, to grab, to seize, to snap, to snatch, to catch, to catch hold of
8246	покупаю	verb	first-person singular present indicative imperfective
8247	тьма	noun	dark, darkness
8248	вампиры	noun	nominative plural of вампи́р (vampír)
8249	апреля	noun	genitive singular of апре́ль (aprélʹ)
8250	нелепый	adj	absurd, odd, ridiculous
8251	казнь	noun	execution (putting someone to death)
8252	рядовой	adj	row, line; ordinary, common, average, routine
8253	надену	verb	first-person singular future indicative perfective of наде́ть (nadétʹ)
8254	влюблён	adj	short masculine singular of влюблённый (vljubljónnyj)
8255	августа	noun	genitive singular of а́вгуст (ávgust)
8256	делся	verb	masculine singular past indicative perfective of де́ться (détʹsja)
8257	зрение	noun	sight, vision
8258	научу	verb	first-person singular future indicative perfective of научи́ть (naučítʹ)
8259	кливленд	name	Cleveland (a city in Ohio, United States)
8260	бабушку	noun	accusative singular of ба́бушка (bábuška)
8261	крут	adj	short masculine singular of круто́й (krutój)
8262	заботит	verb	third-person singular present indicative imperfective of забо́тить (zabótitʹ)
8263	компьютеры	noun	nominative/accusative plural of компью́тер (kompʹjútɛr)
8264	поместить	verb	to place, to put, to locate, to position, to set, to bestow, to stand
8265	продала	verb	feminine singular past indicative perfective of прода́ть (prodátʹ)
8266	отделении	noun	prepositional singular of отделе́ние (otdelénije)
8267	неси	verb	second-person singular imperative imperfective of нести́ (nestí)
8268	сотрудники	noun	nominative plural of сотру́дник (sotrúdnik)
8269	территория	noun	territory
8270	исчезновения	noun	genitive singular
8271	сломала	verb	feminine singular past indicative perfective of слома́ть (slomátʹ)
8272	положения	noun	genitive singular
8273	отправляйся	verb	second-person singular imperative imperfective of отправля́ться (otpravljátʹsja)
8274	сыне	noun	prepositional/vocative singular of сын (syn)
8275	церемония	noun	ceremony; formalities
8276	носила	verb	feminine singular past indicative imperfective of носи́ть (nosítʹ)
8277	русских	adj	genitive/prepositional plural
8278	подсказывает	verb	third-person singular present indicative imperfective of подска́зывать (podskázyvatʹ)
8279	стати	noun	genitive/dative/prepositional singular
8280	чейз	name	a transliteration of the English surname Chase
8281	жидкость	noun	liquidness; liquid, fluid (substance)
8282	планирую	verb	first-person singular present indicative imperfective of плани́ровать (planírovatʹ)
8283	выйдите	verb	second-person plural imperative perfective of вы́йти (výjti)
8284	американского	adj	genitive masculine/neuter singular
8285	избил	verb	masculine singular past indicative perfective of изби́ть (izbítʹ)
8286	возникла	verb	short feminine singular past indicative perfective of возни́кнуть (vozníknutʹ)
8287	грузовика	noun	genitive singular of грузови́к (gruzovík)
8288	губернатора	noun	genitive/accusative singular of губерна́тор (gubernátor)
8289	патруль	noun	patrol
8290	колеса	noun	genitive singular of колесо́ (kolesó)
8291	христос	noun	the Messiah, the anointed one
8292	свяжусь	verb	first-person singular future indicative perfective of связа́ться (svjazátʹsja)
8293	посмел	verb	masculine singular past indicative perfective of посме́ть (posmétʹ)
8294	продавец	noun	seller, salesman, vendor
8295	вначале	adv	at first, first (at the beginning)
8296	тачку	noun	accusative singular of та́чка (táčka)
8297	показывал	verb	masculine singular past indicative imperfective of пока́зывать (pokázyvatʹ)
8298	отрицательный	adj	negative (various senses)
8299	берем	verb	first-person plural present indicative imperfective of брать (bratʹ)
8300	содержит	verb	third-person singular present indicative imperfective of содержа́ть (soderžátʹ)
8301	превращается	verb	third-person singular present indicative imperfective of превраща́ться (prevraščátʹsja)
8302	бассейне	noun	prepositional singular of бассе́йн (basséjn, bassɛ́jn)
8303	остаешься	verb	second-person singular present indicative imperfective of остава́ться (ostavátʹsja)
8304	боялись	verb	plural past indicative of боя́ться impf (bojátʹsja)
8305	напился	verb	masculine singular past indicative perfective of напи́ться (napítʹsja)
8306	раю	noun	dative singular of рай (raj)
8307	высокого	adj	genitive masculine/neuter singular
8308	прозвище	noun	nickname, sobriquet, byname, cognomen, soubriquet
8309	карточки	noun	genitive singular
8310	меньшей	adj	genitive/dative/instrumental/prepositional feminine singular of ме́ньший (ménʹšij)
8311	прогулку	noun	accusative singular of прогу́лка (progúlka)
8312	всюду	adv	everywhere, anywhere
8313	озере	noun	prepositional singular of о́зеро (ózero)
8314	повар	noun	cook, chef
8315	раунд	noun	round
8316	первому	noun	dative singular of пе́рвое (pérvoje)
8317	привычка	noun	habit, custom
8318	дальнейший	adj	further, subsequent (following in time)
8319	неправый	adj	unjust, unfair; wrong
8320	имущество	noun	property, belongings
8321	населения	noun	genitive singular
8322	вдали	adv	in the distance, afar (at a great distance)
8323	зверя	noun	genitive/accusative singular of зверь (zverʹ)
8324	мобильник	noun	mobile phone, cellphone
8325	пса	noun	genitive/accusative singular of пёс (pjos)
8326	придерживаться	verb	to hold (to), to keep (to)
8327	освободите	verb	second-person plural future indicative perfective
8328	багажник	noun	trunk (US), boot (UK) (luggage storage compartment of a sedan/saloon style car)
8329	игрушка	noun	toy; plaything
8330	судье	noun	dative/prepositional singular of судья́ (sudʹjá)
8331	вызываю	verb	first-person singular present indicative imperfective of вызыва́ть (vyzyvátʹ)
8332	многому	noun	dative singular of мно́гое (mnógoje)
8333	ал	adj	short masculine singular of а́лый (ályj)
8334	дыры	noun	genitive singular of дыра́ (dyrá)
8335	вытащим	verb	first-person plural future indicative perfective of вы́тащить (výtaščitʹ)
8336	одеть	verb	to dress, to clothe
8337	попросите	verb	second-person plural future indicative perfective of попроси́ть (poprosítʹ)
8338	поздравляем	verb	first-person plural present indicative imperfective of поздравля́ть (pozdravljátʹ)
8339	палате	noun	dative/prepositional singular of пала́та (paláta)
8340	собрания	noun	genitive singular
8341	маска	noun	mask
8342	двигатели	noun	nominative/accusative plural of дви́гатель (dvígatelʹ)
8343	совершал	verb	masculine singular past indicative imperfective of соверша́ть (soveršátʹ)
8344	тьмы	noun	genitive singular
8345	ничему	pron	dative singular of ничто́ (ništó)
8346	дворце	noun	prepositional singular of дворе́ц (dvoréc)
8347	выходила	verb	feminine singular past indicative imperfective of выходи́ть (vyxodítʹ)
8348	продолжу	verb	first-person singular future indicative perfective of продо́лжить (prodólžitʹ)
8349	выстрелить	verb	to shoot, to fire
8350	корпус	noun	body, trunk; frame, case, chassis, body
8351	послезавтра	adv	day after tomorrow
8352	глотку	noun	dative singular of глото́к (glotók)
8353	ресурсы	noun	nominative/accusative plural of ресу́рс (resúrs)
8354	бизнесом	noun	instrumental singular of би́знес (bíznɛs)
8355	сбить	verb	to knock down; to cause to fall, to shake down
8356	истины	noun	genitive singular
8357	возьмут	verb	third-person plural future indicative perfective of взять (vzjatʹ)
8358	холодной	noun	genitive/dative/instrumental/prepositional singular of холо́дная (xolódnaja)
8359	подразделение	noun	subdivision, sub-unit
8360	принципе	noun	prepositional singular of при́нцип (príncip)
8361	торопитесь	verb	second-person plural present indicative imperfective of торопи́ться (toropítʹsja)
8362	возвращаешься	verb	second-person singular present indicative imperfective of возвраща́ться (vozvraščátʹsja)
8363	сыра	adj	short feminine singular of сыро́й (syrój)
8364	образования	noun	genitive singular
8365	убитый	verb	past passive perfective participle of уби́ть (ubítʹ)
8366	имело	verb	neuter singular past indicative imperfective of име́ть (imétʹ)
8367	телевидение	noun	television (medium)
8368	наступил	verb	masculine singular past indicative perfective of наступи́ть (nastupítʹ)
8369	питания	noun	genitive singular
8370	странице	noun	dative/prepositional singular of страни́ца (straníca)
8371	сися	noun	boob, tit
8372	танцев	noun	genitive plural of та́нец (tánec)
8373	встретишь	verb	second-person singular future indicative perfective of встре́тить (vstrétitʹ)
8374	ниоткуда	adv	from nowhere
8375	берегите	verb	second-person plural imperative imperfective of бере́чь (beréčʹ)
8376	несчастье	noun	misfortune, bad luck
8377	сходит	verb	third-person singular present indicative imperfective
8378	восхищаюсь	verb	first-person singular present indicative imperfective of восхища́ться (vosxiščátʹsja)
8379	пострадает	verb	third-person singular future indicative perfective of пострада́ть (postradátʹ)
8380	границе	noun	dative/prepositional singular of грани́ца (graníca)
8381	борьбу	noun	accusative singular of борьба́ (borʹbá)
8382	бро	noun	bro
8383	откроем	verb	first-person plural future indicative perfective of откры́ть (otkrýtʹ)
8384	встреч	noun	genitive plural of встре́ча (vstréča)
8385	намеренно	adv	intentionally (intentional manner, on purpose)
8386	привезла	verb	feminine singular past indicative perfective of привезти́ (priveztí)
8387	останавливаться	verb	to stop, to come to a stop, to pause, to pull up
8388	нажать	verb	to press, to push
8389	анб	name	initialism of Аге́нтство национа́льной безопа́сности (Agéntstvo nacionálʹnoj bezopásnosti, “Agency of National Security”): NSA, National Security Agency (US)
8390	относятся	verb	third-person plural present indicative imperfective of относи́ться (otnosítʹsja)
8391	родились	verb	plural past indicative perfective of роди́ться (rodítʹsja, “to be born, to arise”)
8392	аризона	name	Arizona (a state in the southwestern United States, established 1912)
8393	одиннадцать	num	eleven (11)
8394	останавливайся	verb	second-person singular imperative imperfective of остана́вливаться (ostanávlivatʹsja)
8395	выиграет	verb	third-person singular future indicative perfective of вы́играть (výigratʹ)
8396	желать	verb	to wish, to desire
8397	приключение	noun	adventure (that which happens without design)
8398	огайо	name	Ohio (a state of the United States)
8399	находят	verb	third-person plural present indicative imperfective of находи́ть (naxodítʹ)
8400	открывайте	verb	second-person plural imperative imperfective of открыва́ть (otkryvátʹ)
8401	американская	adj	nominative feminine singular of америка́нский (amerikánskij)
8402	повезёт	verb	third-person singular future indicative perfective of повезти́ (poveztí)
8403	бейсбол	noun	baseball (game)
8404	храни	verb	second-person singular imperative imperfective of храни́ть (xranítʹ)
8405	необходимость	noun	necessity, need
8406	запутался	verb	masculine singular past indicative perfective of запу́таться (zapútatʹsja)
8407	меньшее	adj	nominative/accusative neuter singular of ме́ньший (ménʹšij)
8408	квартал	noun	quarter (of a year)
8409	ездили	verb	plural past indicative imperfective of е́здить (jézditʹ)
8410	телек	noun	misspelling of те́лик (télik); television
8411	паники	noun	genitive singular of па́ника (pánika)
8412	ученики	noun	nominative plural of учени́к (učeník)
8413	заставь	verb	second-person singular imperative perfective of заста́вить (zastávitʹ)
8414	пороге	noun	prepositional singular of поро́г (poróg)
8415	звал	verb	masculine singular past indicative imperfective of звать (zvatʹ)
8416	госпитале	noun	prepositional singular of го́спиталь (góspitalʹ)
8417	питание	noun	food, nutrition, alimentation
8418	наладить	verb	to adjust, to repair, to set right
8419	главы	noun	genitive singular of глава́ (glavá)
8420	кислорода	noun	genitive singular of кислоро́д (kisloród)
8421	мартини	noun	martini
8422	прибытия	noun	genitive singular
8423	идиота	noun	genitive/accusative singular of идио́т (idiót)
8424	района	noun	genitive singular of райо́н (rajón)
8425	пробовала	verb	feminine singular past indicative imperfective of про́бовать (próbovatʹ)
8426	шлюхой	noun	instrumental singular of шлю́ха (šljúxa)
8427	используется	verb	third-person singular present indicative imperfective
8428	решений	noun	genitive plural of реше́ние (rešénije)
8429	покидать	verb	to leave, to quit, to forsake
8430	камня	noun	genitive singular of ка́мень (kámenʹ)
8431	аборт	noun	abortion; abort
8432	жёстко	adv	stiffly, rigidly
8433	чувствительный	adj	sensitive
8434	мэттью	name	a transliteration of the English male given name Matthew
8435	церемонию	noun	accusative singular of церемо́ния (ceremónija)
8436	начнёт	verb	third-person singular future indicative perfective of нача́ть (načátʹ)
8437	типичный	adj	typical; normal, average
8438	чао	intj	goodbye (farewell)
8439	голосование	noun	voting, poll, polling
8440	ткань	noun	fabric, cloth; tissue
8441	суши	noun	sushi; kimbap
8442	роды	noun	delivery, childbirth
8443	полюбить	verb	to fall in love with, to grow fond of
8444	стреляет	verb	third-person singular present indicative imperfective of стреля́ть (streljátʹ)
8445	цезарь	noun	Caesar (title of a Roman emperor)
8446	демона	noun	genitive singular
8447	ложью	noun	instrumental singular of ложь (ložʹ)
8448	коже	noun	dative/prepositional singular of ко́жа (kóža)
8449	строй	noun	system, structure
8450	смотрится	verb	third-person singular present indicative imperfective of смотре́ться (smotrétʹsja)
8451	вздумай	verb	second-person singular imperative perfective of взду́мать (vzdúmatʹ)
8452	крыло	noun	wing; a pair of wings (viewed as a single aerodynamic entity)
8453	начинал	verb	masculine singular past indicative imperfective of начина́ть (načinátʹ)
8454	совпадают	verb	third-person plural present indicative imperfective of совпада́ть (sovpadátʹ)
8455	этажа	noun	genitive singular of эта́ж (etáž)
8456	скрывается	verb	third-person singular present indicative imperfective of скрыва́ться (skryvátʹsja)
8457	уйдёшь	verb	second-person singular future indicative perfective of уйти́ (ujtí)
8458	могущественный	adj	powerful, potent
8459	лгала	verb	feminine singular past indicative imperfective of лгать (lgatʹ)
8460	изнасилование	noun	rape
8461	профиль	noun	profile (various senses)
8462	понравились	verb	plural past indicative perfective of понра́виться (ponrávitʹsja)
8463	улицам	noun	dative plural of у́лица (úlica)
8464	террористов	noun	genitive/accusative plural of террори́ст (terroríst)
8465	незаметно	adv	imperceptibly
8466	доберусь	verb	first-person singular future indicative perfective of добра́ться (dobrátʹsja)
8467	марс	noun	top (on sailing vessels, a platform around the head of a lower mast)
8468	стекла	verb	feminine singular past indicative perfective of стечь (stečʹ)
8469	акций	noun	genitive plural of а́кция (ákcija)
8470	штучка	noun	doodah, doodad; widget
8471	сержанта	noun	genitive/accusative singular of сержа́нт (seržánt)
8472	карточку	noun	accusative singular of ка́рточка (kártočka)
8473	операций	noun	genitive plural of опера́ция (operácija)
8474	охоты	noun	genitive singular
8475	ведро	noun	bucket, pail; vedro; an ancient Russian measure of liquids equal to 12.3 liters (¹⁄₄₀ бочки)
8476	указывают	verb	third-person plural present indicative imperfective of ука́зывать (ukázyvatʹ)
8477	местной	adj	genitive/dative/instrumental/prepositional feminine singular of ме́стный (méstnyj)
8478	психиатр	noun	psychiatrist
8479	причастен	adj	short masculine singular of прича́стный (pričástnyj)
8480	позиция	noun	"position (usually in the sense ""stance, attitude"")"
8481	порвал	verb	masculine singular past indicative perfective of порва́ть (porvátʹ)
8482	нынче	adv	now, nowadays, today
8483	императора	noun	genitive/accusative singular of импера́тор (imperátor)
8484	получи	verb	second-person singular imperative perfective of получи́ть (polučítʹ)
8485	совету	noun	dative singular of сове́т (sovét)
8486	государство	noun	State
8487	ритуал	noun	ritual
8488	чудес	noun	genitive plural of чу́до (čúdo)
8489	выкладывай	verb	second-person singular imperative imperfective of выкла́дывать (vykládyvatʹ)
8490	аварийный	adj	emergency, crash
8491	стольких	pron	genitive/prepositional
8492	оставив	verb	short past adverbial perfective participle of оста́вить (ostávitʹ)
8493	нежели	conj	than
8494	маэстро	noun	maestro
8495	стоим	verb	first-person plural present indicative imperfective of сто́ить (stóitʹ)
8496	рассвете	noun	prepositional singular of рассве́т (rassvét)
8497	голубые	noun	nominative plural of голубо́й (golubój)
8498	верхом	adv	on horseback
8499	джима	noun	genitive singular of джим (džim)
8500	севере	noun	prepositional singular of се́вер (séver)
8501	ударом	noun	instrumental singular of уда́р (udár)
8502	кон	noun	gambling bank, kitty
8503	защитный	adj	protective; safety
8504	подержи	verb	second-person singular imperative perfective of подержа́ть (poderžátʹ)
8505	перелом	noun	break, breaking, fracture
8506	обними	verb	second-person singular imperative perfective of обня́ть (obnjátʹ)
8507	неподходящий	adj	unsuitable (not suitable; unfit; inappropriate)
8508	уродливый	adj	deformed, misshapen
8509	отношусь	verb	first-person singular present indicative imperfective of относи́ться (otnosítʹsja)
8510	залезть	verb	to climb up (finished action)
8511	украшения	noun	genitive singular
8512	связывает	verb	third-person singular present indicative imperfective of свя́зывать (svjázyvatʹ)
8513	паренёк	noun	diminutive of па́рень (párenʹ)
8514	пел	verb	masculine singular past indicative imperfective of петь (petʹ)
8515	культуры	noun	genitive singular
8516	опустить	verb	to let down, to lower, to sink (to allow to descend)
8517	припоминаю	verb	first-person singular present indicative imperfective of припомина́ть (pripominátʹ)
8518	аль	conj	shortening of а́ли (áli); or
8519	овощи	noun	nominative/accusative plural of о́вощ (óvošč)
8520	геев	noun	genitive/accusative plural of гей (gej)
8521	уйдите	verb	second-person plural imperative perfective of уйти́ (ujtí)
8522	хана	adj	it is doomed, it is hopeless, it's the end
8523	врасплох	adv	unawares, unexpectedly, by surprise
8524	врёшь	verb	second-person singular present indicative imperfective of врать (vratʹ)
8525	поживает	verb	third-person singular present indicative imperfective of пожива́ть (poživátʹ)
8526	спутник	noun	a fellow traveller; companion
8527	маски	noun	genitive singular
8528	мосту	noun	dative singular of мост (most)
8529	убиваешь	verb	second-person singular present indicative imperfective of убива́ть (ubivátʹ)
8530	федералы	noun	nominative/accusative plural of федера́л (federál)
8531	приди	verb	second-person singular imperative perfective of прийти́ (prijtí)
8532	бессмысленный	adj	meaningless; pointless; nonsensical
8533	пожара	noun	genitive singular of пожа́р (požár)
8534	спросишь	verb	second-person singular future indicative perfective of спроси́ть (sprosítʹ)
8535	двоим	verb	first-person plural present indicative imperfective of двои́ть (dvoítʹ)
8536	лоб	noun	forehead; an adult person
8537	рыцарь	noun	knight; knight, cavalier, gallant (a brave and chivalrous man)
8538	согласия	noun	genitive singular
8539	изучал	verb	masculine singular past indicative imperfective of изуча́ть (izučátʹ)
8540	обстановку	noun	accusative singular of обстано́вка (obstanóvka)
8541	записка	noun	note, memo (memorandum)
8542	покинула	verb	feminine singular past indicative perfective of поки́нуть (pokínutʹ)
8543	бон	noun	voucher; bon (an early type of paper currency)
8544	лорда	noun	genitive/accusative singular of лорд (lord)
8545	тяжелее	adv	comparative degree of тяжёлый (tjažólyj)
8546	штаб	noun	headquarters, staff
8547	польша	name	Poland
8548	случаются	verb	third-person plural present indicative imperfective of случа́ться (slučátʹsja)
8549	бросишь	verb	second-person singular future indicative perfective of бро́сить (brósitʹ)
8550	кошек	noun	genitive plural
8551	навстречу	adv	in the opposite direction; coming, approaching
8552	начальником	noun	instrumental singular of нача́льник (načálʹnik)
8553	мужчинам	noun	dative plural of мужчи́на (mužčína)
8554	попытке	noun	dative/prepositional singular of попы́тка (popýtka)
8555	мозгов	noun	genitive plural of мозг (mozg)
8556	зрителей	noun	genitive/accusative plural of зри́тель (zrítelʹ)
8557	жалобу	noun	accusative singular of жа́лоба (žáloba)
8558	внешность	noun	appearance, look (physical appearance)
8559	горничная	noun	maid, parlourmaid, chambermaid
8560	дина	noun	dyne
8561	кричат	verb	third-person plural present indicative imperfective of крича́ть (kričátʹ)
8562	разряд	noun	category, class
8563	организм	noun	system of organs making up the body of a living thing
8564	сосредоточься	verb	second-person singular imperative perfective of сосредото́читься (sosredotóčitʹsja)
8565	комментариев	noun	genitive plural of коммента́рий (kommentárij)
8566	мухи	noun	genitive singular
8567	пробовали	verb	plural past indicative imperfective of про́бовать (próbovatʹ)
8568	издеваетесь	verb	second-person plural present indicative imperfective of издева́ться (izdevátʹsja)
8569	союза	noun	genitive singular of сою́з (sojúz)
8570	приказать	verb	to order, to command, to give orders, to direct
8571	доклад	noun	report, paper; lecture
8572	лиц	noun	genitive plural
8573	предпринять	verb	to undertake, to endeavour
8574	аплодисменты	noun	applause, clapping, cheers
8575	убирать	verb	to remove, to take away
8576	захватил	verb	masculine singular past indicative perfective of захвати́ть (zaxvatítʹ)
8577	администрации	noun	genitive/dative/prepositional singular
8578	слёзы	noun	nominative/accusative plural of слеза́ (slezá)
8579	сомневался	verb	masculine singular past indicative imperfective of сомнева́ться (somnevátʹsja)
8580	разрешили	verb	plural past indicative perfective of разреши́ть (razrešítʹ)
8581	среды	noun	genitive singular of среда́ (sredá)
8582	разозлился	verb	masculine singular past indicative perfective of разозли́ться (razozlítʹsja)
8583	поклялся	verb	masculine singular past indicative perfective of покля́сться (pokljástʹsja)
8584	прощение	noun	forgiveness, pardon (forgiveness for an offence)
8585	выпьешь	verb	second-person singular future indicative perfective of вы́пить (výpitʹ)
8586	джерси	noun	jersey, functional shirt
8587	одинока	adj	short feminine singular of одино́кий (odinókij)
8588	трупа	noun	genitive singular of труп (trup)
8589	протокола	noun	genitive singular of протоко́л (protokól)
8590	любых	noun	genitive/prepositional plural
8591	объявляю	verb	first-person singular present indicative imperfective of объявля́ть (obʺjavljátʹ)
8592	возникает	verb	third-person singular present indicative imperfective of возника́ть (voznikátʹ)
8593	щиты	noun	nominative/accusative plural of щит (ščit)
8594	стива	noun	genitive singular of стив (stiv)
8595	порвать	verb	to tear (rend); to tear apart
8596	студенты	noun	nominative plural of студе́нт (studént)
8597	потихоньку	adv	OK, so-so; silently
8598	боролся	verb	masculine singular past indicative imperfective of боро́ться (borótʹsja)
8599	охранника	noun	genitive/accusative singular of охра́нник (oxránnik)
8600	выпили	verb	plural past indicative perfective of вы́пить (výpitʹ)
8601	воевать	verb	to fight, to war, to wage war, to be at war
8602	улыбку	noun	accusative singular of улы́бка (ulýbka)
8603	м.	adj	abbreviation of ма́лый (mályj, “little”)
8604	заказала	verb	feminine singular past indicative perfective of заказа́ть (zakazátʹ)
8605	обратился	verb	masculine singular past indicative perfective of обрати́ться (obratítʹsja)
8606	паспорта	noun	genitive singular of па́спорт (pásport)
8607	вытащили	verb	plural past indicative perfective of вы́тащить (výtaščitʹ)
8608	помощником	noun	instrumental singular of помо́щник (pomóščnik)
8609	начальный	adj	initial, first; opening
8610	готовится	verb	third-person singular present indicative imperfective of гото́виться (gotóvitʹsja)
8611	обыскать	verb	to search, to conduct a search (for houses)
8612	дона	noun	genitive singular
8613	па	noun	pas, step
8614	являюсь	verb	first-person singular present indicative imperfective of явля́ться (javljátʹsja)
8615	слушаете	verb	second-person plural present indicative imperfective of слу́шать (slúšatʹ)
8616	роб	noun	genitive plural of ро́ба (róba)
8617	лишних	noun	genitive/prepositional plural of ли́шнее (líšneje)
8618	тигр	noun	tiger
8619	охотники	noun	nominative plural of охо́тник (oxótnik)
8620	конь	noun	horse; male horse
8621	беды	noun	genitive singular of беда́ (bedá)
8622	бельё	noun	underwear, skivvies, underclothes, undergarment, undies
8623	максимальный	adj	maximal
8624	здорова	adj	short feminine singular of здоро́вый (zdoróvyj)
8625	религии	noun	genitive/dative/prepositional singular
8626	собери	verb	second-person singular imperative perfective of собра́ть (sobrátʹ)
8627	термин	noun	term (word or phrase, especially one from a specialised area of knowledge)
8628	задам	verb	first-person singular future indicative perfective of зада́ть (zadátʹ)
8629	дяде	noun	dative/prepositional singular of дя́дя (djádja)
8630	сознании	noun	prepositional singular of созна́ние (soznánije)
8631	попробовал	verb	masculine singular past indicative perfective of попро́бовать (popróbovatʹ)
8632	ботинок	noun	lace-boot; high shoe
8633	граждан	noun	genitive/accusative plural of граждани́н (graždanín)
8634	веселее	adv	comparative degree of весёлый (vesjólyj)
8635	некотором	pron	prepositional masculine/neuter singular of не́который (nékotoryj)
8636	еде	noun	dative/prepositional singular of еда́ (jedá)
8637	подарков	noun	genitive plural of пода́рок (podárok)
8638	править	verb	to govern, to rule (usually of a lord or monarch)
8639	футболку	noun	accusative singular of футбо́лка (futbólka)
8640	вкусе	noun	prepositional singular of вкус (vkus)
8641	следовательно	adv	consequently; therefore
8642	подруге	noun	dative/prepositional singular of подру́га (podrúga)
8643	некому	pron	dative singular of не́кого (nékovo)
8644	тревоги	noun	genitive singular
8645	музыкой	noun	instrumental singular of му́зыка (múzyka)
8646	летим	verb	first-person plural present indicative imperfective of лете́ть (letétʹ)
8647	заставляешь	verb	second-person singular present indicative imperfective of заставля́ть (zastavljátʹ)
8648	достойно	adv	suitably, adequately, in an appropriate/adequate/proper manner
8649	смело	adv	courageously, daringly, audaciously, boldly, bravely
8650	чипсы	noun	nominative/accusative plural of чипс (čips)
8651	ценность	noun	value, importance, worth
8652	попить	verb	to drink (for a while or a little amount)
8653	отделения	noun	genitive singular
8654	ассистент	noun	assistant
8655	открытку	noun	accusative singular of откры́тка (otkrýtka)
8656	обвинили	verb	plural past indicative perfective of обвини́ть (obvinítʹ)
8657	лысый	adj	bald, bald-headed
8658	вежливый	adj	courteous, civil, polite
8659	непростой	adj	not simple, complex, complicated
8660	рубашки	noun	genitive singular
8661	примут	verb	third-person plural future indicative perfective of приня́ть (prinjátʹ)
8662	чертовщина	noun	devilry; weirdness, craziness, strange thing(s) (something strange, weird, and/or absurd)
8663	стран	noun	genitive plural of страна́ (straná)
8664	пирога	noun	pirogue
8665	отправляется	verb	third-person singular present indicative imperfective of отправля́ться (otpravljátʹsja)
8666	главных	noun	genitive/prepositional plural of гла́вное (glávnoje)
8667	холодное	adj	nominative/accusative neuter singular of холо́дный (xolódnyj, “cold”)
8668	передали	verb	plural past indicative perfective of переда́ть (peredátʹ)
8669	сумел	verb	masculine singular past indicative perfective of суме́ть (sumétʹ)
8670	официант	noun	waiter
8671	вспомните	verb	second-person plural future indicative perfective
8672	опаздывает	verb	third-person singular present indicative imperfective of опа́здывать (opázdyvatʹ)
8673	лекции	noun	genitive/dative/prepositional singular
8674	самолёте	noun	prepositional singular of самолёт (samoljót)
8675	осознал	verb	masculine singular past indicative perfective of осозна́ть (osoznátʹ)
8676	моды	noun	genitive singular
8677	сбор	noun	collection, accumulation, gathering, harvest, picking
8678	изменений	noun	genitive plural of измене́ние (izmenénije)
8679	сильна	adj	short feminine singular of си́льный (sílʹnyj)
8680	предательство	noun	betrayal, treason, treachery
8681	неудачу	noun	accusative singular of неуда́ча (neudáča)
8682	встречусь	verb	first-person singular future indicative perfective of встре́титься (vstrétitʹsja)
8683	способов	noun	genitive plural of спо́соб (spósob)
8684	давности	noun	genitive/dative/prepositional singular
8685	патроны	noun	nominative plural
8686	лиги	noun	genitive singular
8687	нации	noun	genitive/dative/prepositional singular
8688	убийству	noun	dative singular of уби́йство (ubíjstvo)
8689	риска	noun	groove in the form of a line, which signifies a border between parts of a product
8690	заведения	noun	genitive singular
8691	пригнись	verb	second-person singular imperative perfective of пригну́ться (prignútʹsja)
8692	гнева	noun	genitive singular of гнев (gnev)
8693	сдержать	verb	to hold in; to keep (promise, word)
8694	помешала	verb	feminine singular past indicative imperfective/perfective of помеша́ть (pomešátʹ)
8695	сумочку	noun	accusative singular of су́мочка (súmočka)
8696	появляться	verb	to appear, to show up, to emerge
8697	миленький	adj	diminutive of ми́лый (mílyj, “dear, sweet”)
8698	ноября	noun	genitive singular of ноя́брь (nojábrʹ)
8699	возражать	verb	to object, to mind, to protest
8700	посуду	noun	accusative singular of посу́да (posúda)
8701	министерства	noun	genitive singular
8702	сун	name	Song; the Song dynasty (Chinese dynasty that lasted from 960–1279 C.E.)
8703	компаний	noun	genitive plural of компа́ния (kompánija)
8704	красивее	adv	comparative degree of краси́вый (krasívyj)
8705	щит	noun	shield; panel, board (mounting tools, machinery, images, etc.)
8706	маньяк	noun	maniac
8707	пристрелить	verb	to shoot (down)
8708	подтвердил	verb	masculine singular past indicative perfective of подтверди́ть (podtverdítʹ)
8709	опасна	adj	short feminine singular of опа́сный (opásnyj)
8710	собирает	verb	third-person singular present indicative imperfective of собира́ть (sobirátʹ)
8711	бразилия	name	Brazil (a large Portuguese-speaking country in South America)
8712	заставлял	verb	masculine singular past indicative imperfective of заставля́ть (zastavljátʹ)
8713	пошлю	verb	first-person singular future indicative perfective of посла́ть (poslátʹ)
8714	моменту	noun	dative singular of моме́нт (momént)
8715	подтверждает	verb	third-person singular present indicative imperfective of подтвержда́ть (podtverždátʹ)
8716	узнав	verb	short past adverbial perfective participle of узна́ть (uznátʹ)
8717	суровый	adj	severe, strict, harsh, stern, austere, rigorous
8718	следующих	noun	genitive/prepositional plural of сле́дующее (slédujuščeje)
8719	заключил	verb	masculine singular past indicative perfective of заключи́ть (zaključítʹ)
8720	победила	verb	feminine singular past indicative perfective of победи́ть (pobedítʹ)
8721	галлюцинации	noun	genitive/dative/prepositional singular
8722	надела	verb	feminine singular past indicative perfective of наде́ть (nadétʹ)
8723	наркотик	noun	narcotic; drug, dope
8724	ерунду	noun	accusative singular of ерунда́ (jerundá)
8725	экзамены	noun	nominative/accusative plural of экза́мен (ekzámen)
8726	существ	noun	genitive/accusative plural of существо́ (suščestvó)
8727	всякую	pron	accusative feminine singular of вся́кий (vsjákij)
8728	сложилось	verb	neuter singular past indicative perfective of сложи́ться (složítʹsja)
8729	мозгу	noun	dative singular of мозг (mozg)
8730	слез	verb	masculine singular past indicative perfective of слезть (sleztʹ)
8731	сериала	noun	genitive singular of сериа́л (seriál)
8732	пользуется	verb	third-person singular present indicative imperfective of по́льзоваться (pólʹzovatʹsja)
8733	удаваться	verb	to turn out well, to be a success
8734	таковы	det	short plural of таково́й (takovój)
8735	отправят	verb	third-person plural future indicative perfective of отпра́вить (otprávitʹ)
8736	камерой	noun	instrumental singular of ка́мера (kámera)
8737	пояс	noun	belt, girdle, band, waistband, cummerbund
8738	плащ	noun	raincoat, overcoat
8739	беседу	noun	accusative singular of бесе́да (beséda)
8740	рожденья	noun	genitive singular
8741	прослежу	verb	first-person singular future indicative perfective of проследи́ть (prosledítʹ)
8742	выдавать	verb	to give out, to pay out, to hand, to issue, to distribute
8743	стоя	verb	present adverbial imperfective participle of стоя́ть (stojátʹ)
8744	сели	verb	plural past indicative perfective of сесть (sestʹ)
8745	пожелаете	verb	second-person plural future indicative perfective of пожела́ть (poželátʹ)
8746	расскажем	verb	first-person plural future indicative perfective of рассказа́ть (rasskazátʹ)
8747	быстренько	adv	quickly
8748	фотки	noun	genitive singular
8749	кроватью	noun	instrumental singular of крова́ть (krovátʹ)
8750	наивный	adj	naive, ingenuous, unsophisticated
8751	революции	noun	genitive/dative/prepositional singular
8752	полагать	verb	to define; (transitive) to apply, to impose
8753	поднимай	verb	second-person singular imperative imperfective of поднима́ть (podnimátʹ)
8754	задницей	noun	instrumental singular of за́дница (zádnica)
8755	билета	noun	genitive singular of биле́т (bilét)
8756	упоминала	verb	feminine singular past indicative imperfective of упомина́ть (upominátʹ)
8757	обама	name	a transliteration of the English surname Obama
8758	попыталась	verb	feminine singular past indicative perfective of попыта́ться (popytátʹsja)
8759	страдал	verb	masculine singular past indicative imperfective of страда́ть (stradátʹ)
8760	эмоционально	adv	emotionally, with emotion
8761	работая	verb	present adverbial imperfective participle of рабо́тать (rabótatʹ)
8762	докажу	verb	first-person singular future indicative perfective of доказа́ть (dokazátʹ)
8763	упали	verb	plural past indicative perfective of упа́сть (upástʹ)
8764	доходит	verb	third-person singular present indicative imperfective of доходи́ть (doxodítʹ)
8765	крыс	noun	genitive/accusative plural of кры́са (krýsa)
8766	пугаешь	verb	second-person singular present indicative imperfective of пуга́ть (pugátʹ)
8767	осудить	verb	to condemn, to blame
8768	норма	noun	norm, standard; rate, quota
8769	экскурсию	noun	accusative singular of экску́рсия (ekskúrsija)
8770	разговаривают	verb	third-person plural present indicative imperfective of разгова́ривать (razgovárivatʹ)
8771	избили	verb	plural past indicative perfective of изби́ть (izbítʹ)
8772	сеул	name	Seoul (the capital city of South Korea)
8773	запрет	noun	prohibition, interdiction, ban
8774	фига	noun	fig (fruit, wood, or tree)
8775	кончается	verb	third-person singular present indicative imperfective of конча́ться (končátʹsja)
8776	находишься	verb	second-person singular present indicative imperfective
8777	лена	noun	genitive singular of лен (len)
8778	выпивки	noun	genitive singular
8779	жест	noun	gesture (communicative motion of the limbs or body)
8780	тарелки	noun	genitive singular
8781	орать	verb	to yell, to bawl, to scream, to shout
8782	лета	noun	nominative/accusative plural of год (god)
8783	разбила	verb	feminine singular past indicative perfective of разби́ть (razbítʹ)
8784	сигарет	noun	genitive plural of сигаре́та (sigaréta)
8785	ушей	noun	genitive plural of у́хо (úxo)
8786	стреляют	verb	third-person plural present indicative imperfective of стреля́ть (streljátʹ)
8787	страховки	noun	genitive singular
8788	танцует	verb	third-person singular present indicative imperfective of танцева́ть (tancevátʹ)
8789	молния	noun	lightning; zipper, zip, zip fastener
8790	манеры	noun	genitive singular
8791	появления	noun	genitive singular
8792	предметы	noun	nominative/accusative plural of предме́т (predmét)
8793	гарантировать	verb	to guarantee, to vouch
8794	займёмся	verb	first-person plural future indicative perfective of заня́ться (zanjátʹsja)
8795	смелость	noun	boldness, courage; audacity
8796	взглядом	noun	instrumental singular of взгляд (vzgljad)
8797	запасы	noun	nominative/accusative plural of запа́с (zapás)
8798	агентства	noun	genitive singular
8799	отчаянный	adj	desperate; foolhardy, reckless
8800	ходячий	adj	walking; current
8801	мыслями	noun	instrumental plural of мысль (myslʹ)
8802	сообщила	verb	feminine singular past indicative perfective of сообщи́ть (soobščítʹ)
8803	репортаж	noun	report
8804	объяснения	noun	genitive singular
8805	фамилии	noun	genitive/dative/prepositional singular
8806	синхронизация	noun	synchronization
8807	колонии	noun	genitive/dative/prepositional singular
8808	встанет	verb	third-person singular future indicative perfective of встать (vstatʹ)
8809	противно	adv	disgustingly
8810	скотта	noun	genitive/accusative singular of скотт (skott)
8811	признания	noun	genitive singular
8812	сработал	verb	masculine singular past indicative perfective of срабо́тать (srabótatʹ)
8813	крепость	noun	strength, stoutness
8814	родственник	noun	relative, relation, kinsman
8815	гор	noun	genitive plural of гора́ (gorá)
8816	главную	noun	accusative singular of гла́вная (glávnaja)
8817	отправляемся	verb	first-person plural present indicative imperfective of отправля́ться (otpravljátʹsja)
8818	хлам	noun	trash, rubbish; cruft, junk
8819	чин	noun	rank; official
8820	плохи	adj	short plural of плохо́й (ploxój)
8821	еврейский	adj	Jewish; Hebrew
8822	туман	noun	fog
8823	бармен	noun	barman, bartender
8824	налогов	noun	genitive plural of нало́г (nalóg)
8825	варианта	noun	genitive singular of вариа́нт (variánt)
8826	перезвонить	verb	to ring again; to call back, to ring back, to call again (on the telephone)
8827	ужасе	noun	prepositional singular of у́жас (úžas)
8828	полковника	noun	genitive/accusative singular of полко́вник (polkóvnik)
8829	спереди	adv	from the front, at the front
8830	библиотеку	noun	accusative singular of библиоте́ка (bibliotéka)
8831	деятельность	noun	activity; work
8832	пьют	verb	third-person plural present indicative imperfective of пить (pitʹ)
8833	арестуют	verb	third-person plural future indicative perfective of арестова́ть (arestovátʹ)
8834	тарелку	noun	accusative singular of таре́лка (tarélka)
8835	темноты	noun	genitive singular of темнота́ (temnotá)
8836	глазу	noun	dative singular of глаз (glaz)
8837	указывать	verb	to show, to indicate
8838	коридору	noun	dative singular of коридо́р (koridór)
8839	одиночество	noun	loneliness, solitude
8840	нуждаются	verb	third-person plural present indicative imperfective of нужда́ться (nuždátʹsja)
8841	невыносимо	adv	unbearably
8842	поднимать	verb	to raise, to elevate, to increase
8843	лидера	noun	genitive/accusative singular of ли́дер (líder)
8844	спальни	noun	genitive singular
8845	верили	verb	plural past indicative imperfective of ве́рить (véritʹ)
8846	обслуживание	noun	service (customers), maintenance (machinery), hospitality (business)
8847	заботишься	verb	second-person singular present indicative imperfective of забо́титься (zabótitʹsja)
8848	декабря	noun	genitive singular of дека́брь (dekábrʹ)
8849	веков	noun	genitive plural of век (vek)
8850	забеременела	verb	feminine singular past indicative perfective of забере́менеть (zaberémenetʹ)
8851	прожил	verb	masculine singular past indicative perfective of прожи́ть (prožítʹ)
8852	подобным	det	masculine/neuter instrumental singular
8853	учишься	verb	second-person singular present indicative imperfective of учи́ться (učítʹsja)
8854	транспорт	noun	transport, transportation
8855	сойдёт	verb	third-person singular future indicative perfective of сойти́ (sojtí)
8856	эго	noun	ego
8857	мора	noun	genitive singular of мор (mor)
8858	испытать	verb	to try, to test
8859	считайте	verb	second-person plural imperative imperfective of счита́ть (sčitátʹ, “to count”)
8860	присядьте	verb	second-person plural imperative perfective of присе́сть (priséstʹ)
8861	прочее	adj	neuter nominative/accusative singular of про́чий (próčij)
8862	отнять	verb	to take (from); to subtract; to take away; to abstract
8863	рождении	noun	prepositional singular of рожде́ние (roždénije)
8864	проник	verb	short masculine singular past indicative perfective of прони́кнуть (proníknutʹ)
8865	бедные	noun	nominative plural of бе́дный (bédnyj)
8866	ребёнку	noun	dative singular of ребёнок (rebjónok)
8867	конкурсе	noun	prepositional singular of ко́нкурс (kónkurs)
8868	чаевые	noun	tip, gratuity (small amount of money left for a servant as a token of appreciation)
8869	мягко	adv	softly, mildly, gently
8870	маргарита	name	a female given name, equivalent to English Margarita or Margaret
8871	умираешь	verb	second-person singular present indicative imperfective of умира́ть (umirátʹ)
8872	получалось	verb	neuter singular past indicative imperfective of получа́ться (polučátʹsja)
8873	включает	verb	third-person singular present indicative imperfective of включа́ть (vključátʹ)
8874	звёзды	noun	nominative/accusative plural of звезда́ (zvezdá)
8875	слушала	verb	feminine singular past indicative imperfective of слу́шать (slúšatʹ)
8876	газета	noun	newspaper
8877	спешу	verb	first-person singular present indicative imperfective of спеши́ть (spešítʹ)
8878	взволнован	adj	short masculine singular of взволно́ванный (vzvolnóvannyj)
8879	призрака	noun	genitive/accusative singular of при́зрак (prízrak)
8880	волнуется	verb	third-person singular present indicative imperfective of волнова́ться (volnovátʹsja)
8881	отблагодарить	verb	to show one's gratitude, to show one's appreciation (of)
8882	зарплаты	noun	genitive singular
8883	парнишка	noun	lad, boy
8884	запас	noun	reserve, store, supply, stock, stockpile, inventory, log, margin
8885	позвала	verb	feminine singular past indicative perfective of позва́ть (pozvátʹ)
8886	докажи	verb	second-person singular imperative perfective of доказа́ть (dokazátʹ)
8887	камней	noun	genitive plural of ка́мень (kámenʹ)
8888	мороженого	noun	genitive singular of моро́женое (moróženoje)
8889	призраки	noun	nominative plural of при́зрак (prízrak)
8890	скотч	noun	adhesive tape
8891	навести	verb	to direct (at), to aim (at), to point (at)
8892	генрих	name	a male given name, Genrikh, equivalent to English Henry
8893	прошлую	adj	feminine accusative singular of про́шлый (próšlyj)
8894	краски	noun	nominative/accusative plural
8895	брала	verb	feminine singular past indicative imperfective of брать (bratʹ)
8896	пиши	verb	second-person singular imperative imperfective of писа́ть (pisátʹ)
8897	побега	noun	genitive singular of побе́г (pobég)
8898	задал	verb	masculine singular past indicative perfective of зада́ть (zadátʹ)
8899	здоровы	adj	short plural of здоро́вый (zdoróvyj)
8900	задачу	noun	accusative singular of зада́ча (zadáča)
8901	фрукты	noun	nominative/accusative plural of фрукт (frukt)
8902	связываться	verb	to communicate, to get in contact
8903	шокировать	verb	to horrify, to scandalize, to shock
8904	проделал	verb	masculine singular past indicative perfective of проде́лать (prodélatʹ)
8905	позволят	verb	third-person plural future indicative perfective of позво́лить (pozvólitʹ)
8906	однозначно	adv	unambiguously; unequivocally
8907	слаб	adj	short masculine singular of сла́бый (slábyj)
8908	навеки	adv	forever (for all time, for all eternity; for an infinite amount of time)
8909	выдержит	verb	third-person singular future indicative perfective of вы́держать (výderžatʹ)
8910	разрешаю	verb	first-person singular present indicative imperfective of разреша́ть (razrešátʹ)
8911	ходим	verb	first-person plural present indicative imperfective of ходи́ть (xodítʹ)
8912	призраков	noun	genitive/accusative plural of при́зрак (prízrak)
8913	коня	noun	genitive/accusative singular of конь (konʹ)
8914	надя	name	a diminutive, Nadia, of the female given name Наде́жда
8915	упс	intj	oops (acknowledging a minor mistake)
8916	ревнуешь	verb	second-person singular present indicative imperfective of ревнова́ть (revnovátʹ)
8917	всего-то	adv	only, no more than, a mere
8918	чувством	noun	instrumental singular of чу́вство (čúvstvo)
8919	влиятельный	adj	influential
8920	вежливо	adv	politely, civilly
8921	прилично	adv	decently, properly
8922	конференции	noun	genitive/dative/prepositional singular
8923	бросит	verb	third-person singular future indicative perfective of бро́сить (brósitʹ)
8924	живёте	verb	second-person plural present indicative imperfective of жить (žitʹ)
8925	страниц	noun	genitive plural of страни́ца (straníca)
8926	порт	noun	port, harbor
8927	хуйня	noun	shit, crap (A problem or difficult situation)
8928	сядем	verb	first-person plural future indicative of сесть pf (sestʹ)
8929	спеши	verb	second-person singular imperative imperfective of спеши́ть (spešítʹ)
8930	наполнить	verb	to fill, to fill up
8931	бедных	noun	genitive/accusative/prepositional plural of бе́дный (bédnyj)
8932	автомат	noun	automaton; slot machine
8933	заговорил	verb	masculine singular past indicative perfective of заговори́ть (zagovorítʹ)
8934	биться	verb	to fight, to struggle
8935	сообщи	verb	second-person singular imperative perfective of сообщи́ть (soobščítʹ)
8936	трава	noun	grass; herb
8937	длится	verb	third-person singular present indicative imperfective of дли́ться (dlítʹsja)
8938	племени	noun	genitive/dative/prepositional singular of пле́мя (plémja)
8939	опоздание	noun	delay; being late, lateness, tardiness
8940	дедушки	noun	genitive singular
8941	улыбается	verb	third-person singular present indicative imperfective of улыба́ться (ulybátʹsja)
8942	пенсии	noun	genitive/dative/prepositional singular
8943	наделала	verb	feminine singular past indicative perfective of наде́лать (nadélatʹ)
8944	недостаток	noun	lack, deficiency, deficit, shortage (an insufficient quantity)
8945	утечка	noun	leakage
8946	планах	noun	prepositional plural of план (plan)
8947	поставим	verb	first-person plural future indicative perfective of поста́вить (postávitʹ)
8948	мина	noun	mine (explosive device)
8949	пережила	verb	feminine singular past indicative perfective of пережи́ть (perežítʹ)
8950	оксфорд	name	Oxford (a city in Oxfordshire, England)
8951	достижения	noun	genitive singular
8952	полет	verb	third-person singular present indicative imperfective of поло́ть (polótʹ)
8953	подготовки	noun	genitive singular
8954	сока	noun	genitive singular of сок (sok)
8955	продавал	verb	masculine singular past indicative imperfective of продава́ть (prodavátʹ)
8956	участия	noun	genitive singular
8957	отведите	verb	second-person plural imperative perfective of отвести́ (otvestí)
8958	приобрести	verb	to acquire, to gain
8959	почувствуешь	verb	second-person singular future indicative perfective of почу́вствовать (počúvstvovatʹ)
8960	дешевле	adv	comparative degree of дёшево (djóševo)
8961	скрываешь	verb	second-person singular present indicative imperfective of скрыва́ть (skryvátʹ)
8962	толком	noun	instrumental singular of толк (tolk)
8963	спины	noun	genitive singular of спина́ (spiná)
8964	кори	noun	genitive/dative/prepositional singular
8965	французы	noun	French people, the French
8966	травму	noun	accusative singular of тра́вма (trávma)
8967	тэ	noun	The Cyrillic letter Т, т.
8968	калибра	noun	genitive singular of кали́бр (kalíbr)
8969	уволят	verb	third-person plural future indicative perfective of уво́лить (uvólitʹ)
8970	вещества	noun	genitive singular
8971	английского	noun	genitive singular of англи́йский (anglíjskij)
8972	собрании	noun	prepositional singular of собра́ние (sobránije)
8973	облака	noun	genitive singular of о́блако (óblako)
8974	покончила	verb	feminine singular past indicative perfective of поко́нчить (pokónčitʹ)
8975	случилась	verb	feminine singular past indicative perfective of случи́ться (slučítʹsja)
8976	втроем	adv	three (together)
8977	приедем	verb	first-person plural future indicative perfective of прие́хать (prijéxatʹ)
8978	несколькими	pron	instrumental of не́сколько (néskolʹko)
8979	охранников	noun	genitive/accusative plural of охра́нник (oxránnik)
8980	янки	noun	Yankee
8981	ранение	noun	wound, wounding, injury, injuring
8982	картошку	noun	accusative singular of карто́шка (kartóška)
8983	правления	noun	inflection of правле́ние (pravlénije)
8984	ежедневно	adv	daily (every day)
8985	разом	noun	instrumental singular of раз (raz)
8986	нить	noun	thread; filament
8987	тренера	noun	genitive/accusative singular of тре́нер (tréner)
8988	героев	noun	genitive/accusative plural of геро́й (gerój)
8989	тайной	noun	instrumental singular of та́йна (tájna)
8990	ударов	noun	genitive plural of уда́р (udár)
8991	тянуть	verb	to pull, to draw, to haul, to drag
8992	герцог	noun	duke
8993	принимай	verb	second-person singular imperative imperfective of принима́ть (prinimátʹ)
8994	пройдите	verb	second-person plural imperative perfective of пройти́ (projtí)
8995	наследство	noun	heirloom, heritage, legacy (property passed from a deceased person to others)
8996	проведать	verb	to come to see, to call (on)
8997	востоке	noun	prepositional singular of восто́к (vostók)
8998	дурь	noun	folly, foolishness, nonsense
8999	арестом	noun	instrumental singular of аре́ст (arést)
9000	антон	name	a male given name, equivalent to English Anthony
9001	умник	noun	know-all; smart aleck, smartass
9002	луч	noun	ray, beam; radius bone
9003	пуль	noun	genitive plural of пу́ля (púlja)
9004	марки	noun	genitive singular
9005	заключения	noun	genitive singular
9006	решу	verb	first-person singular future indicative perfective of реши́ть (rešítʹ)
9007	укол	noun	prick, pricking
9008	сильвия	name	a female given name, Silviya, from Latin, equivalent to English Silvia
9009	переговоров	noun	genitive of перегово́ры (peregovóry)
9010	самыми	pron	instrumental plural of са́мый (sámyj)
9011	происшествия	noun	genitive singular
9012	чеки	noun	nominative plural
9013	получаете	verb	second-person plural present indicative imperfective of получа́ть (polučátʹ)
9014	ирония	noun	irony
9015	теме	noun	dative/prepositional singular of те́ма (téma)
9016	растения	noun	nominative/accusative plural
9017	посмотрели	verb	plural past indicative perfective of посмотре́ть (posmotrétʹ)
9018	круга	noun	genitive singular of круг (krug)
9019	ситуацией	noun	instrumental singular of ситуа́ция (situácija)
9020	рекомендую	verb	first-person singular present indicative imperfective
9021	бьет	verb	third-person singular present indicative imperfective of бить (bitʹ)
9022	ограбить	verb	to rob, to sack, to loot, to plunder
9023	берни	name	a transliteration of the English male given name Bernie
9024	предупреждения	noun	genitive singular
9025	давлением	noun	instrumental singular of давле́ние (davlénije)
9026	умна	adj	short feminine singular of у́мный (úmnyj)
9027	заняло	verb	neuter singular past indicative perfective of заня́ть (zanjátʹ)
9028	карточка	noun	card; small photograph
9029	рождение	noun	birth
9030	весной	adv	in spring
9031	скрыться	verb	to disappear, to hide from, to go into hiding
9032	фильмах	noun	prepositional plural of фильм (filʹm)
9033	практика	noun	practice; internship
9034	готовься	verb	second-person singular imperative imperfective of гото́виться (gotóvitʹsja)
9035	закончите	verb	second-person plural future indicative perfective
9036	угадайте	verb	second-person plural imperative perfective of угада́ть (ugadátʹ)
9037	помешанный	verb	past passive perfective participle of помеша́ть (pomešátʹ)
9038	египет	name	Egypt (a country in North Africa and West Asia)
9039	рулём	noun	instrumental singular of руль (rulʹ)
9040	принцессы	noun	genitive singular
9041	менеджера	noun	genitive/accusative singular of ме́неджер (mɛ́nɛdžer, ménɛdžer)
9042	цепь	noun	chain; row, series
9043	улика	noun	evidence, corpus delicti, proof
9044	бойфренд	noun	boyfriend
9045	любимым	noun	instrumental singular
9046	кричала	verb	feminine singular past indicative imperfective of крича́ть (kričátʹ)
9047	консультант	noun	consultant
9048	сдавать	verb	to deliver, to hand in, to hand over
9049	техники	noun	genitive singular
9050	решишь	verb	second-person singular future indicative perfective of реши́ть (rešítʹ)
9051	битву	noun	accusative singular of би́тва (bítva)
9052	знание	noun	knowledge, erudition
9053	горячие	noun	nominative/accusative plural of горя́чее (gorjáčeje)
9054	плод	noun	fruit (also figurative)
9055	повредит	verb	third-person singular future indicative perfective of повреди́ть (povredítʹ)
9056	слона	noun	genitive/accusative singular of слон (slon)
9057	превратилась	verb	feminine singular past indicative perfective of преврати́ться (prevratítʹsja)
9058	приходило	verb	neuter singular past indicative imperfective of приходи́ть (prixodítʹ)
9059	кого-либо	pron	genitive/accusative of кто́-либо (któ-libo)
9060	ссора	noun	quarrel; disagreement
9061	огни	noun	nominative/accusative plural of ого́нь (ogónʹ)
9062	успеешь	verb	second-person singular future indicative perfective of успе́ть (uspétʹ)
9063	местами	adv	in some places, in places
9064	лидером	noun	instrumental singular of ли́дер (líder)
9065	удары	noun	nominative/accusative plural of уда́р (udár)
9066	кайф	noun	kif, high (euphoria or pleasant stupor caused by a recreational drug)
9067	езды	noun	genitive singular of езда́ (jezdá)
9068	ив	noun	genitive plural of и́ва (íva)
9069	соседа	noun	genitive/accusative singular of сосе́д (soséd)
9070	сообщать	verb	to communicate, to inform, to report, to tell, to say, to let know
9071	названия	noun	genitive singular
9072	увезти	verb	to take away, to carry away (by vehicle)
9073	европы	name	genitive singular of Евро́па (Jevrópa)
9074	столкнулся	verb	masculine singular past indicative perfective of столкну́ться (stolknútʹsja)
9075	инженер	noun	engineer (person qualified or professionally engaged in engineering)
9076	юге	noun	prepositional singular of юг (jug)
9077	всемогущий	adj	almighty, all-powerful, omnipotent
9078	генетический	adj	genetic, genetical
9079	журналы	noun	nominative/accusative plural of журна́л (žurnál)
9080	развестись	verb	to be divorced (from), to divorce, to obtain a divorce (with)
9081	джефферсон	name	a transliteration of the English surname Jefferson
9082	справедливый	adj	just, fair; true, correct
9083	стрельба	noun	shooting
9084	политику	noun	accusative singular of поли́тика (polítika)
9085	суки	noun	genitive singular
9086	главой	noun	instrumental singular of глава́ (glavá)
9087	михаил	name	a male given name
9088	растёт	verb	third-person singular present indicative imperfective of расти́ (rastí)
9089	ночей	noun	genitive plural of ночь (nočʹ)
9090	ковбой	noun	cowboy
9091	ракета	noun	rocket (vehicle propelled by a rocket engine)
9092	злость	noun	spite, malice, rage, anger, grudge
9093	убийце	noun	dative/prepositional singular of уби́йца (ubíjca)
9094	посетитель	noun	visitor, caller
9095	спой	verb	second-person singular imperative perfective of спеть (spetʹ)
9096	ирландия	name	Ireland (a country in northwestern Europe)
9097	закончит	verb	third-person singular future indicative perfective of зако́нчить (zakónčitʹ)
9098	закончиться	verb	to finish, to end, to be over
9099	пацаны	noun	nominative plural of паца́н (pacán)
9100	родни	noun	genitive singular
9101	содержание	noun	keeping; upkeep, maintenance
9102	сложности	noun	genitive/dative/prepositional singular
9103	собрала	verb	feminine singular past indicative perfective of собра́ть (sobrátʹ)
9104	трусики	noun	diminutive of трусы́ (trusý): panties, knickers
9105	судью	noun	accusative singular of судья́ (sudʹjá)
9106	нью-джерси	name	New Jersey (a state in the northeastern United States)
9107	целоваться	verb	to kiss (mutually)
9108	запер	verb	masculine singular past indicative perfective of запере́ть (zaperétʹ)
9109	расследовать	verb	to investigate, to look (into), to hold an inquiry (into)
9110	самоубийства	noun	genitive singular
9111	бросаешь	verb	second-person singular present indicative imperfective of броса́ть (brosátʹ)
9112	разрушила	verb	feminine singular past indicative perfective of разру́шить (razrúšitʹ)
9113	обращайте	verb	second-person plural imperative imperfective of обраща́ть (obraščátʹ)
9114	деталей	noun	genitive plural of дета́ль (detálʹ)
9115	доске	noun	dative/prepositional singular of доска́ (doská)
9116	младшего	adj	genitive masculine/neuter singular
9117	приключений	noun	genitive plural of приключе́ние (priključénije)
9118	саму	pron	accusative feminine singular of сам (sam)
9119	класть	verb	to put, to lay, to lay down, to deposit
9120	организовал	verb	masculine singular past indicative perfective of организова́ть (organizovátʹ)
9121	звучало	verb	neuter singular past indicative of звуча́ть impf (zvučátʹ)
9122	аромат	noun	aroma, fragrance, scent, perfume
9123	палку	noun	accusative singular of па́лка (pálka)
9124	фи	noun	phi (the Greek letter Φ/φ)
9125	дереве	noun	prepositional singular of де́рево (dérevo)
9126	встречаетесь	verb	second-person plural present indicative imperfective of встреча́ться (vstrečátʹsja)
9127	кампанию	noun	accusative singular of кампа́ния (kampánija)
9128	внук	noun	grandson; grandchildren
9129	указания	noun	genitive singular
9130	стрелка	noun	hand, pointer, indicator
9131	границ	noun	genitive plural of грани́ца (graníca)
9132	действуют	verb	third-person plural present indicative imperfective of де́йствовать (déjstvovatʹ)
9133	ордера	noun	genitive singular of о́рдер (órder)
9134	очаровательно	adj	short neuter singular of очарова́тельный (očarovátelʹnyj)
9135	супергерой	noun	superhero
9136	боец	noun	warrior; fighter, soldier
9137	влево	adv	to the left
9138	детишек	noun	genitive/accusative of дети́шки (detíški)
9139	абсурд	noun	absurdity
9140	ничуть	adv	not a bit, not in the slightest, by no means
9141	спорта	noun	genitive singular of спорт (sport)
9142	выполнил	verb	masculine singular past indicative perfective of вы́полнить (výpolnitʹ)
9143	сектор	noun	sector; sphere, branch, department
9144	едим	verb	first-person plural present indicative imperfective of есть (jestʹ)
9145	разбудил	verb	masculine singular past indicative perfective of разбуди́ть (razbudítʹ)
9146	мероприятие	noun	undertaking, action, enterprise, measure (that which is undertaken)
9147	эйнштейн	name	a transliteration of the German surname Einstein
9148	катушек	noun	genitive plural of кату́шка (katúška)
9149	защищаешь	verb	second-person singular present indicative imperfective of защища́ть (zaščiščátʹ)
9150	тел	noun	genitive plural of те́ло (télo)
9151	пользовался	verb	masculine singular past indicative imperfective of по́льзоваться (pólʹzovatʹsja)
9152	договоримся	verb	first-person plural future indicative perfective of договори́ться (dogovorítʹsja)
9153	верна	adj	short feminine singular of ве́рный (vérnyj)
9154	трудное	adj	nominative/accusative neuter singular of тру́дный (trúdnyj)
9155	проходила	verb	feminine singular past indicative imperfective of проходи́ть (proxodítʹ)
9156	уберу	verb	first-person singular future indicative perfective of убра́ть (ubrátʹ)
9157	гай	noun	small grove
9158	принимаем	verb	first-person plural present indicative imperfective of принима́ть (prinimátʹ)
9159	чрезвычайный	adj	exceptional, special, extraordinary
9160	заблокировать	verb	to block; to blockade
9161	мочи	noun	genitive/dative/prepositional singular
9162	привлекает	verb	third-person singular present indicative imperfective of привлека́ть (privlekátʹ)
9163	беседы	noun	genitive singular
9164	даёшь	particle	let there be ...!, we want ...!
9165	шея	noun	neck
9166	солдата	noun	genitive/accusative singular of солда́т (soldát)
9167	пожелать	verb	to wish, to desire
9168	отступить	verb	to retreat, to fall back
9169	отпускать	verb	to let go, to let off
9170	фразу	noun	accusative singular of фра́за (fráza)
9171	демоны	noun	nominative plural
9172	тестов	noun	genitive plural of тест (tɛ́st)
9173	зову	noun	dative singular of зов (zov)
9174	гнездо	noun	nest, aerie; socket, bezel
9175	здешний	adj	local, relating to this place (the place where the speaker is currently located)
9176	постараемся	verb	first-person plural future indicative perfective of постара́ться (postarátʹsja)
9177	преследуют	verb	third-person plural present indicative imperfective of пресле́довать (preslédovatʹ)
9178	вещество	noun	substance, material, matter
9179	рассчитываю	verb	first-person singular present indicative imperfective of рассчи́тывать (rassčítyvatʹ)
9180	депрессия	noun	depression, slump, decline
9181	иерусалим	name	Jerusalem
9182	мальчику	noun	dative singular of ма́льчик (málʹčik)
9183	голоду	noun	dative singular of го́лод (gólod)
9184	башни	noun	genitive singular
9185	остановки	noun	genitive singular
9186	растить	verb	to grow, to raise, to cultivate
9187	попробуешь	verb	second-person singular future indicative perfective of попро́бовать (popróbovatʹ)
9188	приключения	noun	nominative/accusative plural
9189	туннель	noun	tunnel; stretched ear piercing, flesh tunnel, gauge
9190	платишь	verb	second-person singular present indicative imperfective of плати́ть (platítʹ)
9191	чуток	adv	a little, a bit
9192	остановили	verb	plural past indicative perfective of останови́ть (ostanovítʹ)
9193	количеством	noun	instrumental singular of коли́чество (kolíčestvo)
9194	выводы	noun	nominative/accusative plural of вы́вод (vývod)
9195	брали	verb	plural past indicative imperfective of брать (bratʹ)
9196	касательно	prep	concerning, regarding
9197	помешало	verb	neuter singular past indicative imperfective/perfective of помеша́ть (pomešátʹ)
9198	погибших	noun	genitive/prepositional plural of поги́бший (pogíbšij)
9199	разговоре	noun	prepositional singular of разгово́р (razgovór)
9200	девчонкой	noun	instrumental singular of девчо́нка (devčónka)
9201	говорящий	verb	present active imperfective participle of говори́ть (govorítʹ, “to speak”)
9202	характера	noun	genitive singular of хара́ктер (xarákter)
9203	ебать	verb	to fuck; to get on someone's nerves
9204	рабочего	noun	genitive/accusative singular of рабо́чий (rabóčij)
9205	жертвами	noun	instrumental plural of же́ртва (žértva)
9206	гордился	verb	masculine singular past indicative imperfective of горди́ться (gordítʹsja)
9207	рафаэль	name	a transliteration of the English male given name Raphael
9208	уедет	verb	third-person singular future indicative perfective of уе́хать (ujéxatʹ)
9209	свиданья	noun	genitive singular
9210	тачка	noun	wheelbarrow; shopping cart
9211	уверенности	noun	genitive/dative/prepositional singular
9212	интереснее	adv	comparative degree of интере́сный (interésnyj)
9213	джинсы	noun	jeans
9214	яму	noun	accusative singular of я́ма (jáma)
9215	общей	adj	feminine singular genitive/dative/instrumental/prepositional of о́бщий (óbščij)
9216	служит	verb	third-person singular present indicative imperfective of служи́ть (služítʹ)
9217	расследований	noun	genitive plural of рассле́дование (rasslédovanije)
9218	бостон	noun	high-grade woolen cloth
9219	офицером	noun	instrumental singular of офице́р (oficér)
9220	видать	verb	to see (many times, frequently); iterative of ви́деть (vídetʹ)
9221	мыть	verb	to wash
9222	покойный	adj	calm, tranquil; late, deceased
9223	падают	verb	third-person plural present indicative imperfective of па́дать (pádatʹ)
9224	жара	noun	heat, hot weather, hot spell
9225	опаздываем	verb	first-person plural present indicative imperfective of опа́здывать (opázdyvatʹ)
9226	относишься	verb	second-person singular present indicative imperfective of относи́ться (otnosítʹsja)
9227	существования	noun	genitive singular
9228	регулярно	adv	regularly
9229	платили	verb	plural past indicative imperfective of плати́ть (platítʹ)
9230	расстроить	verb	to disorder, to disturb, to unsettle
9231	малость	noun	smallness, trifle
9232	мальчишки	noun	genitive singular
9233	пою	verb	first-person singular present indicative imperfective of пои́ть (poítʹ)
9234	используйте	verb	second-person plural imperative imperfective/perfective of испо́льзовать (ispólʹzovatʹ)
9235	подросток	noun	teenager, juvenile, youth, adolescent
9236	спагетти	noun	spaghetti (pasta)
9237	защитник	noun	defender, protector
9238	подозревал	verb	masculine singular past indicative imperfective of подозрева́ть (podozrevátʹ)
9239	потребовалось	verb	neuter singular past indicative perfective of потре́боваться (potrébovatʹsja)
9240	поступим	verb	first-person plural future indicative perfective of поступи́ть (postupítʹ)
9241	обучения	noun	genitive singular
9242	стратегия	noun	strategy; policy
9243	истина	noun	truth; verity, reality
9244	предельно	adv	completely, utterly
9245	добавил	verb	masculine singular past indicative perfective of доба́вить (dobávitʹ)
9246	чёрные	adj	nominative plural
9247	фрау	noun	madam; Mrs.; frau
9248	настроения	noun	genitive singular
9249	некий	pron	a certain, certain
9250	анны	name	nominative plural
9251	заберут	verb	third-person plural future indicative perfective of забра́ть (zabrátʹ)
9252	кража	noun	theft, larceny
9253	разбирается	verb	third-person singular present indicative imperfective of разбира́ться (razbirátʹsja)
9254	отменили	verb	plural past indicative perfective of отмени́ть (otmenítʹ)
9255	среда	noun	Wednesday
9256	заложники	noun	nominative plural of зало́жник (zalóžnik)
9257	уметь	verb	to be able to; can
9258	коридор	noun	corridor, hallway
9259	соревнования	noun	genitive singular
9260	куртка	noun	jacket (a short coat)
9261	изменение	noun	change, modification, alteration
9262	стальной	adj	steel; steel, iron
9263	масса	noun	mass; mass, paste
9264	слабости	noun	genitive/dative/prepositional singular
9265	вынуждена	adj	short feminine singular of вы́нужденный (výnuždennyj)
9266	праздники	noun	nominative/accusative plural of пра́здник (prázdnik)
9267	благословение	noun	benediction, blessing
9268	омар	noun	lobster
9269	начинаются	verb	third-person plural present indicative imperfective of начина́ться (načinátʹsja)
9270	гибели	noun	genitive/dative/prepositional singular
9271	выдал	verb	masculine singular past indicative perfective of вы́дать (výdatʹ)
9272	вызови	verb	second-person singular imperative perfective of вы́звать (výzvatʹ)
9273	заплатите	verb	second-person plural future indicative of заплати́ть pf (zaplatítʹ)
9274	захотели	verb	plural past indicative perfective of захоте́ть (zaxotétʹ)
9275	смертельно	adv	mortally, fatally
9276	шарики	noun	nominative/accusative plural of ша́рик (šárik)
9277	откроешь	verb	second-person singular future indicative perfective of откры́ть (otkrýtʹ)
9278	жми	verb	second-person singular imperative imperfective of жать (žatʹ, “to press”)
9279	лечу	verb	first-person singular present indicative imperfective of лете́ть (letétʹ)
9280	желал	verb	masculine singular past indicative imperfective of жела́ть (želátʹ)
9281	профессии	noun	genitive/dative/prepositional singular
9282	командный	adj	command; team
9283	городок	noun	diminutive of го́род (górod): small city, town
9284	дебил	noun	moron, imbecile, idiot
9285	убьёшь	verb	second-person singular future indicative perfective of уби́ть (ubítʹ)
9286	книжку	noun	accusative singular of кни́жка (knížka)
9287	красоту	noun	accusative singular of красота́ (krasotá)
9288	педик	noun	pederast; male homosexual; faggot, fag (US, Canada); poof (UK, Australia, New Zealand)
9289	ночевать	verb	to spend the night, stay for the night, to stay overnight
9290	сыновья	noun	nominative plural of сын (syn)
9291	передумать	verb	to change one's mind
9292	учит	verb	third-person singular present indicative imperfective of учи́ть (učítʹ)
9293	зрители	noun	nominative plural of зри́тель (zrítelʹ)
9294	испытывать	verb	to try, to test, to assay
9295	б.	adj	abbreviation of большо́й (bolʹšój, “big”)
9296	перестану	verb	first-person singular future indicative perfective of переста́ть (perestátʹ)
9297	отнеси	verb	second-person singular imperative perfective of отнести́ (otnestí)
9298	пополам	adv	in two (equal parts)
9299	влюбиться	verb	to fall in love (to come to have feelings of love)
9300	топливо	noun	fuel
9301	блестяще	adv	brilliantly
9302	боссу	noun	dative singular of босс (boss)
9303	мужиком	noun	instrumental singular of мужи́к (mužík)
9304	заводить	verb	to take, to bring, to lead
9305	музее	noun	prepositional singular of музе́й (muzéj)
9306	родительский	adj	parent; parental
9307	сработала	verb	feminine singular past indicative perfective of срабо́тать (srabótatʹ)
9308	газет	noun	genitive plural of газе́та (gazéta)
9309	мечом	noun	instrumental singular of меч (meč)
9310	достоинства	noun	genitive singular
9311	коллекция	noun	collection
9312	близкие	adj	plural nominative
9313	тренироваться	verb	to train
9314	бах	intj	bang, kaboom (sound of a gunshot or an explosion)
9315	приятеля	noun	genitive/accusative singular of прия́тель (prijátelʹ)
9316	посылать	verb	to send; to dispatch
9317	пятеро	num	five (in a group together), fivesome, five of them
9318	какого-нибудь	pron	genitive masculine/neuter singular
9319	ребятам	noun	dative of ребя́та (rebjáta, “boys, friends, comrades”)
9320	ангелов	noun	genitive/accusative plural of а́нгел (ángel)
9321	гостиницу	noun	accusative singular of гости́ница (gostínica)
9322	смеётся	verb	third-person singular present indicative imperfective of смея́ться (smejátʹsja)
9323	змеи	noun	genitive singular of змея́ (zmejá)
9324	дало	verb	neuter singular past indicative perfective of дать (datʹ)
9325	везёт	verb	third-person singular present indicative imperfective of везти́ (veztí)
9326	траву	noun	accusative singular of трава́ (travá)
9327	рентген	noun	X-ray (short wavelength electromagnetic radiation or photograph made with X-rays)
9328	метра	noun	genitive singular of метр (metr)
9329	племянница	noun	female equivalent of племя́нник (plemjánnik): niece
9330	публично	adv	openly, overtly, publicly, candidly, frankly
9331	гад	noun	reptile or amphibian
9332	улучшить	verb	to improve, to make better, to ameliorate
9333	провода	noun	genitive singular of про́вод (próvod)
9334	генератор	noun	generator
9335	поместье	noun	estate, manor, hall, property (a manor house)
9336	тревогу	noun	accusative singular of трево́га (trevóga)
9337	карманы	noun	nominative/accusative plural of карма́н (karmán)
9338	предать	verb	to betray; to expose, to subject, to commit, to hand over, to put
9339	месяцами	noun	instrumental plural of ме́сяц (mésjac)
9340	налить	verb	to pour (in, out) (liquid)
9341	бам	intj	bang (percussive sound)
9342	приснился	verb	masculine singular past indicative perfective of присни́ться (prisnítʹsja)
9343	плата	noun	fee, pay, salary, wages, fare, rent
9344	тратишь	verb	second-person singular present indicative imperfective of тра́тить (trátitʹ)
9345	развлечений	noun	genitive plural of развлече́ние (razvlečénije)
9346	доложить	verb	to report, to announce (to notify formally)
9347	кончились	verb	plural past indicative perfective of ко́нчиться (kónčitʹsja)
9348	обращение	noun	conversion, transformation
9349	утверждать	verb	to assert, to argue, to allege, to state
9350	настанет	verb	third-person singular future indicative perfective of наста́ть (nastátʹ)
9351	премию	noun	accusative singular of пре́мия (prémija)
9352	запиши	verb	second-person singular imperative perfective of записа́ть (zapisátʹ)
9353	пробраться	verb	to make one's way, to thread one's way, to pick one's way, to edge through
9354	шутит	verb	third-person singular present indicative imperfective of шути́ть (šutítʹ)
9355	подай	verb	second-person singular imperative perfective of пода́ть (podátʹ)
9356	продаваться	verb	to sell (intransitive)
9357	беременная	adj	feminine singular nominative of бере́менный (berémennyj)
9358	голод	noun	hunger; famine
9359	прилетел	verb	masculine singular past indicative perfective of прилете́ть (priletétʹ)
9360	командование	noun	command, commanding (action)
9361	западе	noun	prepositional singular of за́пад (západ)
9362	позволяешь	verb	second-person singular present indicative imperfective of позволя́ть (pozvoljátʹ)
9363	соблюдать	verb	to comply, to obey, to observe, to follow, to stick (to)
9364	палату	noun	accusative singular of пала́та (paláta)
9365	превратил	verb	masculine singular past indicative perfective of преврати́ть (prevratítʹ)
9366	притвориться	verb	to shut, to close
9367	штанах	noun	prepositional of штаны́ (štaný)
9368	братства	noun	genitive singular
9369	прогулки	noun	genitive singular
9370	гол	noun	goal
9371	встали	verb	plural past indicative perfective of встать (vstatʹ)
9372	садиться	verb	to sit down, to sit up
9373	жалобы	noun	genitive singular
9374	психический	adj	mental, psychic
9375	тормози	verb	second-person singular imperative imperfective of тормози́ть (tormozítʹ)
9376	улыбнись	verb	second-person singular imperative perfective of улыбну́ться (ulybnútʹsja)
9377	молоком	noun	instrumental singular of молоко́ (molokó)
9378	рассказывали	verb	plural past indicative imperfective of расска́зывать (rasskázyvatʹ)
9379	непосредственно	adv	directly (in a straightforward way)
9380	ездила	verb	feminine singular past indicative imperfective of е́здить (jézditʹ)
9381	сыграл	verb	masculine singular past indicative perfective of сыгра́ть (sygrátʹ)
9382	подписали	verb	plural past indicative perfective of подписа́ть (podpisátʹ)
9383	поступаешь	verb	second-person singular present indicative imperfective of поступа́ть (postupátʹ, “to act”)
9384	вампира	noun	genitive/accusative singular of вампи́р (vampír)
9385	денежный	adj	monetary, pecuniary (relating to money)
9386	активный	adj	active, proactive, energetic
9387	побывал	verb	masculine singular past indicative perfective of побыва́ть (pobyvátʹ)
9388	приезда	noun	genitive singular of прие́зд (prijézd)
9389	фишка	noun	piece, counter, dib, marker, peg, token
9390	кролика	noun	genitive/accusative singular of кро́лик (królik)
9391	протест	noun	protest, remonstrance (formal objection)
9392	умрём	verb	first-person plural future indicative perfective of умере́ть (umerétʹ)
9393	отцы	noun	nominative plural of оте́ц (otéc)
9394	свету	noun	dative/partitive singular of свет (svet)
9395	пела	verb	feminine singular past indicative imperfective of петь (petʹ)
9396	выключите	verb	second-person plural future indicative perfective
9397	визита	noun	genitive singular of визи́т (vizít)
9398	животными	noun	instrumental plural of живо́тное (živótnoje)
9399	согласитесь	verb	second-person plural future indicative perfective
9400	пульт	noun	lectern, music stand
9401	китайский	adj	Chinese; fake, forged, counterfeit, shoddy
9402	математике	noun	dative/prepositional singular of матема́тика (matemátika)
9403	английские	adj	nominative plural of англи́йский (anglíjskij)
9404	поработали	verb	plural past indicative perfective of порабо́тать (porabótatʹ)
9405	блюда	noun	genitive singular
9406	задолго	adv	long before, well in advance
9407	лук	noun	onion, onions
9408	повреждений	noun	genitive plural of поврежде́ние (povreždénije)
9409	посадил	verb	masculine singular past indicative perfective of посади́ть (posadítʹ)
9410	преступлении	noun	prepositional singular of преступле́ние (prestuplénije)
9411	пастор	noun	pastor, shepherd
9412	появление	noun	appearance, emergence
9413	вызвало	verb	neuter singular past indicative perfective of вы́звать (výzvatʹ)
9414	жирный	adj	fat; grease
9415	титул	noun	title
9416	ля	intj	look (interjection to attract attention)
9417	синтия	name	a female given name, Sintiya, equivalent to English Cynthia
9418	участников	noun	genitive/accusative plural of уча́стник (učástnik)
9419	марли	noun	genitive singular
9420	нравитесь	verb	second-person plural present indicative imperfective of нра́виться (nrávitʹsja)
9421	принимали	verb	plural past indicative imperfective of принима́ть (prinimátʹ)
9422	клиенту	noun	dative singular of клие́нт (klijént)
9423	источника	noun	genitive singular of исто́чник (istóčnik)
9424	мощность	noun	power, capacity, rating
9425	сражался	verb	masculine singular past indicative imperfective of сража́ться (sražátʹsja)
9426	выгнать	verb	to drive away, to drive out, to oust (to force someone to leave)
9427	собираться	verb	to gather, to assemble
9428	знакомства	noun	genitive singular
9429	бейсбольный	adj	baseball (game)
9430	ранить	verb	to wound, to injure
9431	подала	verb	feminine singular past indicative perfective of пода́ть (podátʹ)
9432	исследовать	verb	to research, to study in detail
9433	справляться	verb	to cope (with), to deal (with), to handle, to manage, to overcome
9434	забирайте	verb	second-person plural imperative imperfective of забира́ть (zabirátʹ)
9435	ранили	verb	plural past indicative imperfective/perfective of ра́нить (ránitʹ)
9436	экипажа	noun	genitive singular of экипа́ж (ekipáž)
9437	сдачи	noun	genitive singular
9438	похищения	noun	genitive singular
9439	вещам	noun	dative plural of вещь (veščʹ)
9440	получения	noun	genitive singular
9441	выпивкой	noun	instrumental singular of вы́пивка (výpivka)
9442	субъект	noun	subject; character
9443	одеваться	verb	to dress (oneself)
9444	какие-либо	pron	nominative plural
9445	диплом	noun	diploma
9446	несёшь	verb	second-person singular present indicative imperfective of нести́ (nestí)
9447	иммунитет	noun	immunity
9448	порядку	noun	dative singular of поря́док (porjádok)
9449	инстинкт	noun	instinct
9450	канала	noun	genitive singular of кана́л (kanál)
9451	редкость	noun	rarity, uncommon thing; scarcity
9452	ездит	verb	third-person singular present indicative imperfective of е́здить (jézditʹ)
9453	святые	noun	nominative plural of свято́й (svjatój)
9454	разобрался	verb	masculine singular past indicative perfective of разобра́ться (razobrátʹsja)
9455	переговорить	verb	to talk, to have a talk, to speak (to, with)
9456	отправлюсь	verb	first-person singular future indicative perfective of отпра́виться (otprávitʹsja)
9457	туалетный	adj	toilet
9458	намёк	noun	hint, suggestion
9459	гражданских	adj	genitive/prepositional plural
9460	английском	noun	prepositional singular of англи́йский (anglíjskij)
9461	грудью	noun	instrumental singular of грудь (grudʹ)
9462	разобрались	verb	plural past indicative perfective of разобра́ться (razobrátʹsja)
9463	сядет	verb	third-person singular future indicative perfective of сесть (sestʹ)
9464	ошибке	noun	dative/prepositional singular of оши́бка (ošíbka)
9465	планом	noun	instrumental singular of план (plan)
9466	видимости	noun	genitive/dative/prepositional singular of ви́димость (vídimostʹ)
9467	временами	adv	at times, from time to time, now and then, every now and then, now and again, sometimes
9468	простил	verb	masculine singular past indicative perfective of прости́ть (prostítʹ)
9469	набрать	verb	to set up, to compose, to type (a text on a computer)
9470	выглядели	verb	plural past indicative imperfective/perfective of вы́глядеть (výgljadetʹ)
9471	вывод	noun	withdrawal; conclusion, takeaway, inference, deduction
9472	древние	adj	nominative plural
9473	богатые	adj	nominative plural
9474	профи	noun	pro
9475	гонконг	name	Hong Kong (a city, island and special administrative region in southeastern China)
9476	порошок	noun	powder
9477	признал	verb	masculine singular past indicative perfective of призна́ть (priznátʹ)
9478	завоевать	verb	to conquer, to win
9479	ухаживать	verb	to care, to tend, to nurse, to look after
9480	наготове	adv	at call, at the ready, in readiness, ready, prepared, on the lookout
9481	обручальный	adj	engagement, wedding (ring)
9482	скольких	pron	genitive/prepositional
9483	закусочной	noun	genitive/dative/instrumental/prepositional singular of заку́сочная (zakúsočnaja)
9484	страховку	noun	accusative singular of страхо́вка (straxóvka)
9485	лгунья	noun	female equivalent of лгун (lgun, “liar”): female liar
9486	поверят	verb	third-person plural future indicative perfective of пове́рить (povéritʹ)
9487	шарф	noun	scarf (type of clothing)
9488	сущность	noun	entity; essence
9489	уйдём	verb	first-person plural future indicative perfective of уйти́ (ujtí)
9490	кварталах	noun	prepositional plural of кварта́л (kvartál)
9491	милочка	noun	my dear, darling (a term for addressing women)
9492	заживо	adv	being alive
9493	медленнее	adv	comparative degree of ме́дленный (médlennyj)
9494	анализов	noun	genitive plural of ана́лиз (análiz)
9495	готовила	verb	feminine singular past indicative imperfective of гото́вить (gotóvitʹ)
9496	строительство	noun	construction, building
9497	включил	verb	masculine singular past indicative perfective of включи́ть (vključítʹ)
9498	прорыв	noun	break, bursting
9499	с.	noun	abbreviation of страни́ца (straníca, “page”)
9500	родится	verb	third-person singular future indicative perfective
9501	готовят	verb	third-person plural present indicative imperfective of гото́вить (gotóvitʹ)
9502	напугала	verb	feminine singular past indicative perfective of напуга́ть (napugátʹ)
9503	карт	noun	A go-cart
9504	выбирает	verb	third-person singular present indicative imperfective of выбира́ть (vybirátʹ)
9505	печенья	noun	genitive singular
9506	меняться	verb	to change; to exchange, to trade
9507	бриллианты	noun	nominative/accusative plural of бриллиа́нт (brilliánt)
9508	осуществить	verb	to realize, to accomplish, to fulfill, to put into practice
9509	хранение	noun	custody, safekeeping (temporary possession)
9510	ужасен	adj	short masculine singular of ужа́сный (užásnyj)
9511	прощание	noun	parting, leave-taking, farewell
9512	ферма	noun	farm; girder, rib, truss
9513	прим	noun	genitive plural
9514	оставляют	verb	third-person plural present indicative imperfective of оставля́ть (ostavljátʹ)
9515	вождь	noun	chief, chieftain (of a tribe)
9516	рассвета	noun	genitive singular of рассве́т (rassvét)
9517	прервать	verb	to abort, to cut short, to discontinue or suspend abruptly
9518	раб	noun	slave, serf, bondslave (in common sense and about male person, not female separately)
9519	королём	noun	instrumental singular of коро́ль (korólʹ)
9520	туда-сюда	adv	back and forth (from one place to another and back again)
9521	сучки	noun	nominative plural
9522	интересов	noun	genitive plural of интере́с (interés)
9523	верности	noun	genitive/dative/prepositional singular
9524	трахнул	verb	masculine singular past indicative perfective of тра́хнуть (tráxnutʹ)
9525	детская	adj	nominative feminine singular of де́тский (détskij)
9526	традиционный	adj	traditional
9527	отнесу	verb	first-person singular future indicative perfective of отнести́ (otnestí)
9528	защитит	verb	third-person singular future indicative perfective of защити́ть (zaščitítʹ)
9529	чуточку	adv	a (wee) bit, a little, just a bit
9530	сопротивления	noun	genitive singular
9531	прыжок	noun	jump, leap, bound
9532	налей	verb	second-person singular imperative perfective of нали́ть (nalítʹ)
9533	бросайте	verb	second-person plural imperative imperfective of броса́ть (brosátʹ)
9534	трудные	adj	nominative plural
9535	заснул	verb	masculine singular past indicative perfective of засну́ть (zasnútʹ)
9536	веки	noun	nominative/accusative plural of ве́ко (véko); eyelids
9537	особые	adj	nominative plural
9538	внезапный	adj	sudden, unexpected
9539	поговоришь	verb	second-person singular future indicative perfective of поговори́ть (pogovorítʹ)
9540	предлагал	verb	masculine singular past indicative imperfective of предлага́ть (predlagátʹ)
9541	прикрой	verb	second-person singular imperative perfective of прикры́ть (prikrýtʹ)
9542	помогали	verb	plural past indicative imperfective of помога́ть (pomogátʹ)
9543	жидкости	noun	genitive/dative/prepositional singular
9544	шарик	noun	corpuscle (of blood)
9545	нападении	noun	prepositional singular of нападе́ние (napadénije)
9546	привычки	noun	genitive singular
9547	долга	adj	short feminine singular of до́лгий (dólgij)
9548	беспокойства	noun	genitive singular
9549	кишки	noun	genitive singular
9550	достоинство	noun	positive quality
9551	законов	noun	genitive plural of зако́н (zakón)
9552	пропущу	verb	first-person singular future indicative perfective of пропусти́ть (propustítʹ)
9553	посоветовал	verb	masculine singular past indicative perfective of посове́товать (posovétovatʹ)
9554	вернее	adv	comparative degree of ве́рный (vérnyj)
9555	вытащите	verb	second-person plural future indicative perfective
9556	испытываю	verb	first-person singular present indicative imperfective of испы́тывать (ispýtyvatʹ)
9557	праву	noun	dative singular of пра́во (právo)
9558	иное	det	nominative/accusative neuter singular of ино́й (inój)
9559	глупец	noun	fool, blockhead, turkey, gander, dummy, dunce, idiot
9560	мур	intj	purr (sound a contented cat makes)
9561	технология	noun	technology
9562	кандидатов	noun	genitive/accusative plural of кандида́т (kandidát)
9563	бекон	noun	bacon (cut of meat)
9564	охраной	noun	instrumental singular of охра́на (oxrána)
9565	портер	noun	porter, stout (a strong, dark ale, originally favored by porters)
9566	ожидаю	verb	first-person singular present indicative imperfective of ожида́ть (ožidátʹ)
9567	коллекции	noun	genitive/dative/prepositional singular
9568	силен	adj	short masculine singular of си́льный (sílʹnyj)
9569	ниндзя	noun	ninja, shinobi
9570	майку	noun	accusative singular of ма́йка (májka)
9571	действуй	verb	second-person singular imperative imperfective of де́йствовать (déjstvovatʹ)
9572	терапия	noun	therapy (treatment of disease)
9573	развитие	noun	development, growth, progress
9574	занято	adj	short neuter singular of за́нятый (zánjatyj)
9575	окончательный	adj	final, ultimate; definitive
9576	страница	noun	page; column
9577	холод	noun	cold (low temperature)
9578	спасу	verb	first-person singular future indicative perfective of спасти́ (spastí)
9579	замечал	verb	masculine singular past indicative imperfective of замеча́ть (zamečátʹ)
9580	записывать	verb	to write down, to enter (to set something down in writing)
9581	прикончить	verb	to finish off
9582	курю	verb	first-person singular present indicative imperfective of кури́ть (kurítʹ)
9583	обязательства	noun	genitive singular
9584	столкнуться	verb	to collide (with), to run (into), to bump (into), to come across (with) (с - with)
9585	щедрый	adj	generous (willing to give and share unsparingly)
9586	женатый	adj	married, having a wife
9587	роскошный	adj	luxurious; magnificent
9588	сходится	verb	third-person singular present indicative imperfective of сходи́ться (sxodítʹsja)
9589	площадь	noun	square (open area in a town or city)
9590	января	noun	genitive singular of янва́рь (janvárʹ)
9591	чужих	adj	genitive/prepositional plural
9592	выступает	verb	third-person singular present indicative imperfective of выступа́ть (vystupátʹ)
9593	зоопарк	noun	zoo
9594	почки	noun	genitive singular
9595	доставка	noun	delivery, shipping
9596	ссориться	verb	to quarrel, to fall out (with)
9597	рос	verb	masculine singular past indicative imperfective of расти́ (rastí)
9598	желанием	noun	instrumental singular of жела́ние (želánije)
9599	погулять	verb	to walk, to go for a walk, to stroll for a while
9600	топлива	noun	genitive singular
9601	любовница	noun	female equivalent of любо́вник (ljubóvnik): mistress, lover
9602	прихода	noun	genitive singular of прихо́д (prixód)
9603	стейк	noun	steak
9604	готовил	verb	masculine singular past indicative imperfective of гото́вить (gotóvitʹ)
9605	сохранил	verb	masculine singular past indicative perfective of сохрани́ть (soxranítʹ)
9606	давний	adj	old, ancient, age-old, distant, bygone
9607	ответе	noun	prepositional singular of отве́т (otvét)
9608	формально	adv	formally (in a formal manner)
9609	изменило	verb	neuter singular past indicative perfective of измени́ть (izmenítʹ)
9610	классика	noun	classic (lasting work, classical music)
9611	сходил	verb	masculine singular past indicative imperfective/perfective of сходи́ть (sxodítʹ)
9612	проси	verb	second-person singular imperative imperfective of проси́ть (prosítʹ)
9613	упорно	adv	hard; stubbornly
9614	братьями	noun	instrumental plural of брат (brat)
9615	позволяют	verb	third-person plural present indicative imperfective of позволя́ть (pozvoljátʹ)
9616	рабов	noun	genitive/accusative plural of раб (rab)
9617	взялись	verb	plural past indicative of взя́ться pf (vzjátʹsja)
9618	сестер	noun	genitive/accusative plural of сестра́ (sestrá)
9619	уничтожу	verb	first-person singular future indicative perfective of уничто́жить (uničtóžitʹ)
9620	мотеле	noun	prepositional singular of моте́ль (motɛ́lʹ)
9621	барон	noun	baron (title of nobility)
9622	мыло	noun	soap; lather
9623	опасная	adj	nominative feminine of опа́сный (opásnyj)
9624	гольфа	noun	genitive singular of гольф (golʹf)
9625	агрессивный	adj	aggressive (tending or disposed to aggress)
9626	общение	noun	communication, intercourse (concept of information exchange)
9627	старушка	noun	female equivalent of старичо́к
9628	холле	noun	prepositional singular of холл (xoll)
9629	пикник	noun	picnic (a meal eaten outdoors)
9630	заводит	verb	third-person singular present indicative imperfective of заводи́ть (zavodítʹ)
9631	баланс	noun	balance; pulpwood
9632	съели	verb	plural past indicative perfective of съесть (sʺjestʹ)
9633	пение	noun	singing
9634	лживый	adj	lying, deceitful, mendacious
9635	откроет	verb	third-person singular future indicative perfective of откры́ть (otkrýtʹ)
9636	фермы	noun	genitive singular
9637	а-а-а	intj	alternative form of а́-а (á-a)
9638	сломалась	verb	feminine singular past indicative perfective of слома́ться (slomátʹsja)
9639	оперировать	verb	to operate on (someone)
9640	дрон	noun	drone (unmanned aircraft, or, sensu lato, unmanned vehicle in general)
9641	берега	noun	genitive singular of бе́рег (béreg)
9642	существовании	noun	prepositional singular of существова́ние (suščestvovánije)
9643	женишься	verb	second-person singular present indicative imperfective
9644	подростков	noun	genitive/accusative plural of подро́сток (podróstok)
9645	бренда	noun	genitive singular of бренд (brɛ́nd)
9646	потанцуем	verb	first-person plural future indicative perfective of потанцева́ть (potancevátʹ)
9647	ванная	noun	bathroom
9648	дочерей	noun	genitive/accusative plural of дочь (dočʹ)
9649	надеется	verb	third-person singular present indicative imperfective of наде́яться (nadéjatʹsja)
9650	страхе	noun	prepositional singular of страх (strax)
9651	некоторыми	pron	instrumental plural of не́который (nékotoryj)
9652	смейся	verb	second-person singular imperative imperfective of смея́ться (smejátʹsja)
9653	ножки	noun	genitive singular
9654	доход	noun	income, revenue (net gain before subtracting the loss)
9655	добились	verb	plural past indicative of доби́ться pf (dobítʹsja)
9656	отвлечься	verb	to be distracted, to deflect/divert one's attention away
9657	порвала	verb	feminine singular past indicative perfective of порва́ть (porvátʹ)
9658	потерпи	verb	second-person singular imperative perfective of потерпе́ть (poterpétʹ)
9659	взрослым	noun	instrumental singular
9660	повреждение	noun	damage; injury
9661	отменяется	verb	third-person singular present indicative imperfective of отменя́ться (otmenjátʹsja)
9662	фотограф	noun	photographer (male or female)
9663	приготовься	verb	second-person singular imperative perfective of пригото́виться (prigotóvitʹsja)
9664	мотель	noun	motel (type of hotel)
9665	оркестр	noun	orchestra (large group of musicians who play together on various instruments)
9666	кушать	verb	to eat, to have (a meal)
9667	развлечения	noun	genitive singular
9668	ешьте	verb	second-person plural imperative imperfective of есть (jestʹ)
9669	подобраться	verb	to form; to steal up (to), to approach stealthily
9670	элемент	noun	element, component
9671	долой	adv	down; away, down
9672	пересмотреть	verb	to review, to revise
9673	услышу	verb	first-person singular future indicative perfective of услы́шать (uslýšatʹ)
9674	слежения	noun	genitive singular
9675	прерываю	verb	first-person singular present indicative imperfective of прерыва́ть (preryvátʹ)
9676	системой	noun	instrumental singular of систе́ма (sistéma)
9677	топор	noun	axe, ax, hatchet
9678	рынка	noun	genitive singular of ры́нок (rýnok)
9679	потеряет	verb	third-person singular future indicative perfective of потеря́ть (poterjátʹ)
9680	никакие	pron	nominative plural
9681	трубу	noun	accusative singular of труба́ (trubá)
9682	коды	noun	nominative/accusative plural of код (kod)
9683	листа	noun	genitive singular of лист (list)
9684	салон	noun	salon (fashionable shop or customer service), hairdressing salon
9685	сменил	verb	masculine singular past indicative perfective of смени́ть (smenítʹ)
9686	полудня	noun	genitive singular of по́лдень (póldenʹ)
9687	утка	noun	duck (also as a food)
9688	прятать	verb	to conceal, to hide
9689	господний	adj	God's, Lord's
9690	грудной	adj	breast; pectoral
9691	бренди	noun	brandy
9692	убивай	verb	second-person singular imperative imperfective of убива́ть (ubivátʹ)
9693	террорист	noun	terrorist
9694	зануда	noun	bore, spoilsport, pain in the ass
9695	европу	name	accusative singular of Евро́па (Jevrópa)
9696	посередине	adv	in the middle, halfway along
9697	толстая	name	feminine of Толсто́й (Tolstój)
9698	уточнить	verb	to specify, to make more exact/precise
9699	осознать	verb	to recognize, to fathom, to realize, to be aware
9700	шахматы	noun	chess (two-player board game)
9701	процедуры	noun	genitive singular
9702	развести	verb	to take along, to bring; to conduct
9703	совершать	verb	to accomplish, to perform, to commit, to perpetrate, to make
9704	умом	noun	instrumental singular of ум (um)
9705	пообещать	verb	to promise
9706	стараешься	verb	second-person singular present indicative imperfective of стара́ться (starátʹsja)
9707	граждане	noun	nominative plural of граждани́н (graždanín)
9708	мощь	noun	might, force, power, strength
9709	баскетбол	noun	basketball (sport only)
9710	убрал	verb	masculine singular past indicative perfective of убра́ть (ubrátʹ)
9711	парик	noun	wig
9712	провернуть	verb	to drill a hole in, to perforate
9713	жару	noun	accusative singular of жара́ (žará)
9714	неловкий	adj	awkward, clumsy
9715	главу	noun	accusative singular of глава́ (glavá)
9716	природу	noun	accusative singular of приро́да (priróda)
9717	брачный	adj	matrimonial, marital, conjugal
9718	деревянный	adj	wood; wooden; woody, ligneous
9719	любимую	noun	accusative singular of люби́мая (ljubímaja)
9720	мэром	noun	instrumental singular of мэр (mɛr)
9721	белья	noun	genitive singular of бельё (belʹjó)
9722	широко	adv	wide, widely, broadly
9723	кошку	noun	accusative singular of ко́шка (kóška)
9724	контакты	noun	nominative/accusative plural of конта́кт (kontákt)
9725	справитесь	verb	second-person plural future indicative perfective of спра́виться (správitʹsja)
9726	поедете	verb	second-person plural future indicative perfective of пое́хать (pojéxatʹ)
9727	тренировка	noun	training, coaching
9728	улыбаешься	verb	second-person singular present indicative imperfective of улыба́ться (ulybátʹsja)
9729	ранена	adj	short feminine singular of ра́неный (ránenyj)
9730	лифта	noun	genitive singular of лифт (lift)
9731	поражения	noun	genitive singular
9732	отсутствует	verb	third-person singular present indicative imperfective of отсу́тствовать (otsútstvovatʹ)
9733	татуировка	noun	tattoo
9734	объяснишь	verb	second-person singular future indicative perfective of объясни́ть (obʺjasnítʹ)
9735	учись	verb	second-person singular imperative imperfective of учи́ться (učítʹsja)
9736	форт	noun	fort (fortified defensive structure stationed with troops)
9737	велика	adj	short feminine singular of большо́й (bolʹšój)
9738	репутации	noun	genitive/dative/prepositional singular
9739	поклясться	verb	to vow, to swear (to make a vow)
9740	облегчить	verb	to alleviate, to lighten, to facilitate, to ease, to relieve (pain)
9741	принцип	noun	principle (fundamental assumption)
9742	одевайся	verb	second-person singular imperative imperfective of одева́ться (odevátʹsja)
9743	заболевание	noun	disease, sickness, illness
9744	победе	noun	dative/prepositional singular of побе́да (pobéda)
9745	прибыла	verb	feminine singular past indicative perfective of прибы́ть (pribýtʹ)
9746	федерации	noun	genitive/dative/prepositional singular
9747	заклад	noun	pawning, mortgaging
9748	автограф	noun	autograph, signature
9749	фабрике	noun	dative/prepositional singular of фа́брика (fábrika)
9750	атмосферу	noun	accusative singular of атмосфе́ра (atmosféra)
9751	выпускников	noun	genitive/accusative plural of выпускни́к (vypuskník)
9752	свиданий	noun	genitive plural of свида́ние (svidánije)
9753	ужасна	adj	short feminine singular of ужа́сный (užásnyj)
9754	соглашения	noun	genitive singular
9755	домике	noun	prepositional singular of до́мик (dómik)
9756	завязать	verb	to tie up, to fasten
9757	подземный	adj	underground, subterranean (below ground, under the earth, underground)
9758	репетиции	noun	genitive/dative/prepositional singular
9759	погоды	noun	genitive singular
9760	ряду	noun	dative singular of ряд (rjad)
9761	оставалась	verb	feminine singular past indicative imperfective of остава́ться (ostavátʹsja)
9762	подразделения	noun	genitive singular
9763	заканчивай	verb	second-person singular imperative imperfective of зака́нчивать (zakánčivatʹ)
9764	перешли	verb	plural past indicative perfective of перейти́ (perejtí)
9765	подключить	verb	to connect (to), to link up (with)
9766	здоровяк	noun	healthy, robust person
9767	планировала	verb	feminine singular past indicative imperfective of плани́ровать (planírovatʹ)
9768	стесняйся	verb	second-person singular imperative imperfective of стесня́ться (stesnjátʹsja)
9769	частей	noun	genitive plural of часть (častʹ)
9770	дружить	verb	to be friends (with), to be on friendly terms (with)
9771	ранения	noun	genitive singular
9772	подготовка	noun	preparation; training
9773	снимем	verb	first-person plural future indicative perfective of снять (snjatʹ)
9774	улажу	verb	first-person singular future indicative perfective of ула́дить (uláditʹ)
9775	продам	verb	first-person singular future indicative perfective of прода́ть (prodátʹ)
9776	производства	noun	genitive singular
9777	задумали	verb	plural past indicative of заду́мать pf (zadúmatʹ)
9778	девушкам	noun	dative plural of де́вушка (dévuška)
9779	утверждают	verb	third-person plural present indicative imperfective of утвержда́ть (utverždátʹ)
9780	рисунки	noun	nominative/accusative plural of рису́нок (risúnok)
9781	необходима	adj	short feminine singular of необходи́мый (neobxodímyj)
9782	серию	noun	accusative singular of се́рия (sérija)
9783	заказывал	verb	masculine singular past indicative imperfective of зака́зывать (zakázyvatʹ)
9784	пациентом	noun	instrumental singular of пацие́нт (paciɛ́nt)
9785	больны	adj	short plural of больно́й (bolʹnój)
9786	орудия	noun	genitive singular
9787	милости	noun	genitive/dative/prepositional singular
9788	кинжал	noun	dagger, poniard (a stabbing weapon)
9789	рекомендации	noun	genitive/dative/prepositional singular
9790	предков	noun	genitive/accusative plural of пре́док (prédok)
9791	молочный	adj	milk, dairy; lactic
9792	услышите	verb	second-person plural future indicative perfective of услы́шать (uslýšatʹ)
9793	чую	verb	first-person singular present indicative imperfective of чу́ять (čújatʹ)
9794	впусти	verb	second-person singular imperative perfective of впусти́ть (vpustítʹ)
9795	нажми	verb	second-person singular imperative perfective of нажа́ть (nažátʹ)
9796	количества	noun	genitive singular
9797	зарплата	noun	wages, salary, pay; paycheck
9798	благотворительность	noun	charity, philanthropy, welfare
9799	освободили	verb	plural past indicative perfective of освободи́ть (osvobodítʹ)
9800	мужество	noun	courage
9801	платок	noun	handkerchief, kerchief
9802	сердишься	verb	second-person singular present indicative imperfective of серди́ться (serdítʹsja)
9803	предположения	noun	genitive singular
9804	бесконечно	adv	endlessly, infinitely, boundlessly
9805	доказал	verb	masculine singular past indicative perfective of доказа́ть (dokazátʹ)
9806	извинился	verb	masculine singular past indicative perfective of извини́ться (izvinítʹsja)
9807	взволнована	verb	short feminine singular of взволно́ванный (vzvolnóvannyj)
9808	куришь	verb	second-person singular present indicative imperfective of кури́ть (kurítʹ)
9809	ирландский	adj	Irish
9810	скучает	verb	third-person singular present indicative imperfective of скуча́ть (skučátʹ)
9811	обстоятельств	noun	genitive plural of обстоя́тельство (obstojátelʹstvo)
9812	пятницы	noun	genitive singular
9813	спущусь	verb	first-person singular future indicative perfective of спусти́ться (spustítʹsja)
9814	попытались	verb	plural past indicative perfective of попыта́ться (popytátʹsja)
9815	награды	noun	inflection of награ́да (nagráda)
9816	избавился	verb	masculine singular past indicative perfective of изба́виться (izbávitʹsja)
9817	волшебство	noun	magic (use of supernatural rituals, forces, etc.)
9818	погибнет	verb	third-person singular future indicative perfective of поги́бнуть (pogíbnutʹ)
9819	директоров	noun	genitive/accusative plural of дире́ктор (diréktor)
9820	жажда	noun	thirst; craving
9821	красную	noun	accusative singular of кра́сная (krásnaja)
9822	золотом	noun	instrumental singular of зо́лото (zóloto)
9823	известна	adj	short feminine singular of изве́стный (izvéstnyj)
9824	выиграем	verb	first-person plural future indicative perfective of вы́играть (výigratʹ)
9825	вопросам	noun	dative plural of вопро́с (voprós)
9826	переживайте	verb	second-person plural imperative of пережива́ть impf (pereživátʹ)
9827	желаний	noun	genitive plural of жела́ние (želánije)
9828	космоса	noun	genitive singular of ко́смос (kósmos)
9829	картинки	noun	genitive singular
9830	необходим	adj	short masculine singular of необходи́мый (neobxodímyj)
9831	сделке	noun	dative/prepositional singular of сде́лка (sdélka)
9832	электричества	noun	genitive singular of электри́чество (elektríčestvo)
9833	фигура	noun	figure; piece
9834	г-жа	noun	abbreviation of госпожа́ (gospožá): Mrs., Mistress, Madam
9835	цивилизации	noun	genitive/dative/prepositional singular
9836	выбрался	verb	masculine singular past indicative perfective of вы́браться (výbratʹsja)
9837	начеку	adv	on the alert, on guard, keeping an eye out
9838	резать	verb	to cut up, to cut open, to slice, to carve
9839	стараемся	verb	first-person plural present indicative imperfective of стара́ться (starátʹsja)
9840	шары	noun	nominative/accusative plural of шар (šar)
9841	удерживать	verb	to retain, to hold, to withhold
9842	мерседес	noun	Mercedes (Mercedes-Benz)
9843	издалека	adv	from afar; afar off
9844	цела	adj	short feminine singular of це́лый (célyj, “whole, complete”)
9845	бросок	noun	throw; rush, spurt
9846	завтрака	noun	genitive singular of за́втрак (závtrak)
9847	иран	name	Iran (a country in West Asia)
9848	джем	noun	jam (food)
9849	врала	verb	feminine singular past indicative imperfective of врать (vratʹ)
9850	обязанностей	noun	genitive plural of обя́занность (objázannostʹ)
9851	поработал	verb	masculine singular past indicative perfective of порабо́тать (porabótatʹ)
9852	понимания	noun	genitive singular
9853	подождём	verb	first-person plural future indicative perfective of подожда́ть (podoždátʹ)
9854	признак	noun	sign, indication, tell
9855	зима	noun	winter
9856	больным	noun	instrumental singular
9857	ставишь	verb	second-person singular present indicative imperfective of ста́вить (stávitʹ)
9858	обращался	verb	masculine singular past indicative imperfective of обраща́ться (obraščátʹsja)
9859	сдала	verb	feminine singular past indicative perfective of сдать (sdatʹ)
9860	купите	verb	second-person plural future indicative perfective of купи́ть (kupítʹ)
9861	конгресс	noun	congress (legislative body)
9862	борода	noun	beard; chin
9863	спальня	noun	bedroom; suite of furniture for a bedroom
9864	криминалисты	noun	nominative plural of криминали́ст (kriminalíst)
9865	сплетни	noun	nominative/accusative plural
9866	полотенца	noun	genitive singular
9867	вправо	adv	to the right
9868	моментом	noun	instrumental singular of моме́нт (momént)
9869	крупных	adj	genitive/prepositional plural
9870	убийствах	noun	prepositional plural of уби́йство (ubíjstvo)
9871	ураган	noun	hurricane; hurricane-force wind; a windstorm with wind speeds over 32 m/s
9872	суббота	noun	Saturday
9873	врёт	verb	third-person singular present indicative imperfective of врать (vratʹ)
9874	смеете	verb	second-person plural present indicative imperfective of сметь (smetʹ)
9875	болью	noun	instrumental singular of боль (bolʹ)
9876	молоток	noun	hammer, mallet, maul
9877	приглашаю	verb	first-person singular present indicative imperfective of приглаша́ть (priglašátʹ)
9878	соки	noun	nominative/accusative plural of сок (sok)
9879	охотятся	verb	third-person plural present indicative imperfective of охо́титься (oxótitʹsja)
9880	знаний	noun	genitive plural of зна́ние (znánije)
9881	мыслях	noun	prepositional plural of мысль (myslʹ)
9882	гроша	noun	genitive singular of грош (groš)
9883	предполагал	verb	masculine singular past indicative imperfective of предполага́ть (predpolagátʹ)
9884	геи	noun	nominative plural of гей (gej)
9885	нуля	noun	genitive singular of нуль (nulʹ)
9886	севера	noun	genitive singular of се́вер (séver)
9887	ария	noun	aria
9888	бьюсь	verb	first-person singular present indicative imperfective of би́ться (bítʹsja)
9889	травку	noun	accusative singular of тра́вка (trávka)
9890	подам	verb	first-person singular future indicative perfective of пода́ть (podátʹ)
9891	создала	verb	feminine singular past indicative perfective of созда́ть (sozdátʹ)
9892	опоздаем	verb	first-person plural future indicative perfective of опозда́ть (opozdátʹ)
9893	смущает	verb	third-person singular present indicative imperfective of смуща́ть (smuščátʹ)
9894	фокс	name	a male given name from English, equivalent to English Fox
9895	гляньте	verb	second-person plural imperative perfective of гля́нуть (gljánutʹ)
9896	предпочитаешь	verb	second-person singular present indicative imperfective of предпочита́ть (predpočitátʹ)
9897	предел	noun	limit, boundary, margin
9898	бумаге	noun	dative/prepositional singular of бума́га (bumága)
9899	радиусе	noun	prepositional singular of ра́диус (rádius)
9900	пыли	noun	genitive/dative/prepositional singular of пыль (pylʹ)
9901	противник	noun	enemy, adversary
9902	приближаются	verb	third-person plural present indicative imperfective of приближа́ться (približátʹsja)
9903	мёртвым	noun	instrumental singular
9904	дружеский	adj	friendly
9905	хрупкий	adj	fragile (easily broken or destroyed)
9906	победим	verb	first-person plural future indicative perfective of победи́ть (pobedítʹ)
9907	капрал	noun	corporal
9908	наркоман	noun	drug addict
9909	получали	verb	plural past indicative imperfective of получа́ть (polučátʹ)
9910	принципы	noun	nominative/accusative plural of при́нцип (príncip)
9911	этап	noun	step, stage; base
9912	напиться	verb	to quench thirst
9913	толстой	adj	genitive/dative/instrumental/prepositional feminine singular of то́лстый (tólstyj)
9914	произносить	verb	to pronounce, to articulate
9915	захватывающий	verb	present active imperfective participle of захва́тывать (zaxvátyvatʹ)
9916	ходе	noun	prepositional singular of ход (xod)
9917	сюрпризов	noun	genitive plural of сюрпри́з (sjurpríz)
9918	ключа	noun	genitive singular of ключ (ključ)
9919	запястье	noun	wrist
9920	присоединился	verb	masculine singular past indicative perfective of присоедини́ться (prisojedinítʹsja)
9921	преподавать	verb	to teach, to lecture
9922	террористы	noun	nominative plural of террори́ст (terroríst)
9923	начистоту	adv	openly, frankly, without equivocation
9924	рубашке	noun	dative/prepositional singular of руба́шка (rubáška)
9925	толпу	noun	accusative singular of толпа́ (tolpá)
9926	взломал	verb	masculine singular past indicative perfective of взлома́ть (vzlomátʹ)
9927	обход	noun	round; roundabout way, detour
9928	искусств	noun	genitive plural of иску́сство (iskússtvo)
9929	наблюдает	verb	third-person singular present indicative imperfective of наблюда́ть (nabljudátʹ)
9930	ставка	noun	bet, wager; rate, wage, salary
9931	действовал	verb	masculine singular past indicative imperfective of де́йствовать (déjstvovatʹ)
9932	столу	noun	dative singular of стол (stol)
9933	казался	verb	masculine singular past indicative imperfective of каза́ться (kazátʹsja)
9934	выжили	verb	plural past indicative perfective of вы́жить (výžitʹ)
9935	покидает	verb	third-person singular present indicative imperfective
9936	публике	noun	dative/prepositional singular of пу́блика (públika)
9937	грузовике	noun	prepositional singular of грузови́к (gruzovík)
9938	эксперименты	noun	nominative/accusative plural of экспериме́нт (eksperimént)
9939	показался	verb	masculine singular past indicative perfective of показа́ться (pokazátʹsja)
9940	умел	adj	short masculine singular of уме́лый (umélyj)
9941	попытаемся	verb	first-person plural future indicative perfective of попыта́ться (popytátʹsja)
9942	оправдания	noun	genitive singular
9943	пуст	adj	short masculine singular of пусто́й (pustój)
9944	империя	noun	empire
9945	оставите	verb	second-person plural future indicative perfective of оста́вить (ostávitʹ)
9946	прыгнуть	verb	to jump, to spring, to leap
9947	поищем	verb	first-person plural future indicative perfective of поиска́ть (poiskátʹ)
9948	суток	noun	genitive of су́тки (sútki)
9949	алана	noun	genitive/accusative singular of ала́н (alán)
9950	периметр	noun	perimeter
9951	записала	verb	feminine singular past indicative perfective of записа́ть (zapisátʹ)
9952	одеться	verb	to dress (oneself)
9953	допущу	verb	first-person singular future indicative of допусти́ть pf (dopustítʹ)
9954	стыд	noun	shame; embarrassment
9955	стаканчик	noun	diminutive of стака́н (stakán): (small) drinking glass
9956	обманули	verb	plural past indicative perfective of обману́ть (obmanútʹ)
9957	смеха	noun	genitive singular of смех (smex)
9958	зажечь	verb	to set fire, to light, to kindle, to inflame, to ignite, to turn on (headlights)
9959	портал	noun	portal; gantry
9960	разочарование	noun	disappointment (emotion)
9961	погляди	verb	second-person singular imperative perfective of погляде́ть (pogljadétʹ)
9962	мошенничество	noun	swindle, fraud, cheating
