language	word	reason
fr	envoye	typo-mass of envoyé; kaikki joined it to "slowworm", an obscure real entry
fr	tete	typo-mass of tête; the téter form is tète, with the accent — bare tete is not a word
fr	voila	typo-mass of voilà; the passé simple of voiler is real but never first-year
it	citta	typo-mass of città; kaikki joined it to Tuscan "girl" (female of citto)
ar	شي	typo-mass of شيء (thing, rank 19; final hamza dropped in casual typing); kaikki joined it to the rare verbal noun of شوى, "grilling"
de	strasse	variant-mass of straße (street, rank 721): the frequency is Swiss texts writing Strasse for street, but kaikki joined it to the plural of Strass (rhinestone). Blocks the ss spelling of a top-1000 word.
es	mio	unaccented mio (mine, rank 224); kaikki joined it to the cat-noise interjection, so a top-250 possessive had a “meow” twin at rank 1851
es	dolares	unaccented dolares (rank 527); a pointer row, not a distinct word
ca	cóm	pointer gloss: names another spelling and carries no meaning of its own (twin: com r21)
ca	fóra	pointer gloss: names another spelling and carries no meaning of its own (twin: fora r165)
ca	historia	the stated meaning cannot carry this rank; the frequency is the unaccented twin (twin: història r349)
el	απο	pointer gloss: names another spelling and carries no meaning of its own (twin: από r22)
el	οχι	pointer gloss: names another spelling and carries no meaning of its own (twin: όχι r25)
el	εσυ	the stated meaning cannot carry this rank; the frequency is the unaccented twin (twin: εσύ r57)
es	ó	pointer gloss: names another spelling and carries no meaning of its own (twin: o r61)
es	tenia	the stated meaning cannot carry this rank; the frequency is the unaccented twin (twin: tenía r174)
es	adios	the stated meaning cannot carry this rank; the frequency is the unaccented twin (twin: adiós r297)
es	paris	the stated meaning cannot carry this rank; the frequency is the unaccented twin. SENSE LOST: Paris the Trojan prince — real, but rank 4105 is the city (twin: parís r1360)
es	numero	the stated meaning cannot carry this rank; the frequency is the unaccented twin (twin: número r457)
es	linea	the stated meaning cannot carry this rank; the frequency is the unaccented twin (twin: línea r805)
es	ultimo	the stated meaning cannot carry this rank; the frequency is the unaccented twin (twin: último r542)
es	callate	voseo form; the course is peninsular Spanish (docs/quality/es.md) (twin: cállate r692)
es	sabés	voseo form; the course is peninsular Spanish (docs/quality/es.md) (twin: sabes r81)
es	victima	the stated meaning cannot carry this rank; the frequency is the unaccented twin (twin: víctima r1025)
es	musica	the stated meaning cannot carry this rank; the frequency is the unaccented twin (twin: música r575)
es	ademas	the stated meaning cannot carry this rank; the frequency is the unaccented twin (twin: además r541)
es	mirá	voseo form; the course is peninsular Spanish (docs/quality/es.md) (twin: mira r148)
es	montana	the stated meaning cannot carry this rank; the frequency is the unaccented twin (twin: montaña r1963)
es	maquina	the stated meaning cannot carry this rank; the frequency is the unaccented twin (twin: máquina r1293)
fr	pere	the stated meaning cannot carry this rank; the frequency is the unaccented twin (twin: père r144)
fr	boite	post-1990 rectification spelling — an official variant of the same word, not a second word (twin: boîte r932)
fr	diner	post-1990 rectification spelling — an official variant of the same word, not a second word (twin: dîner r638)
fr	surement	post-1990 rectification spelling — an official variant of the same word, not a second word (twin: sûrement r598)
fr	he	the stated meaning cannot carry this rank; the frequency is the unaccented twin (twin: hé r259)
fr	connaitre	post-1990 rectification spelling — an official variant of the same word, not a second word (twin: connaître r906)
fr	trainer	post-1990 rectification spelling — an official variant of the same word, not a second word (twin: traîner r2493)
fr	maitre	post-1990 rectification spelling — an official variant of the same word, not a second word (twin: maître r722)
fr	disparaitre	post-1990 rectification spelling — an official variant of the same word, not a second word (twin: disparaître r2266)
pt	pára	pointer gloss: names another spelling and carries no meaning of its own (twin: para r9)
pt	idéia	pointer gloss: names another spelling and carries no meaning of its own (twin: ideia r257)
pt	vôo	pointer gloss: names another spelling and carries no meaning of its own (twin: voo r1521)
pt	tambem	pointer gloss: names another spelling and carries no meaning of its own (twin: também r103)
pt	ninguem	pointer gloss: names another spelling and carries no meaning of its own (twin: ninguém r161)
pt	pêlo	pointer gloss: names another spelling and carries no meaning of its own (twin: pelo r143)
pt	sózinho	pointer gloss: names another spelling and carries no meaning of its own (twin: sozinho r545)
pt	historia	pointer gloss: names another spelling and carries no meaning of its own (twin: história r312)
pt	nao	the stated meaning cannot carry this rank; the frequency is the unaccented twin. SENSE LOST: nau/carrack — a real ship, but rank 504 is unaccented não (twin: não r4)
pt	policia	the stated meaning cannot carry this rank; the frequency is the unaccented twin (twin: polícia r260)
pt	sitio	the stated meaning cannot carry this rank; the frequency is the unaccented twin (twin: sítio r601)
pt	so	the stated meaning cannot carry this rank; the frequency is the unaccented twin (twin: só r45)
pt	numero	the stated meaning cannot carry this rank; the frequency is the unaccented twin (twin: número r447)
pt	ola	the stated meaning cannot carry this rank; the frequency is the unaccented twin (twin: olá r117)
pt	musica	the stated meaning cannot carry this rank; the frequency is the unaccented twin (twin: música r619)
pt	amanha	the stated meaning cannot carry this rank; the frequency is the unaccented twin (twin: amanhã r309)
pt	agua	the stated meaning cannot carry this rank; the frequency is the unaccented twin (twin: água r377)
pt	vitima	the stated meaning cannot carry this rank; the frequency is the unaccented twin (twin: vítima r847)
pt	ultimo	the stated meaning cannot carry this rank; the frequency is the unaccented twin (twin: último r649)
pt	ate	the stated meaning cannot carry this rank; the frequency is the unaccented twin (twin: até r95)
pt	ca	the stated meaning cannot carry this rank; the frequency is the unaccented twin (twin: cá r190)
pt	noticia	the stated meaning cannot carry this rank; the frequency is the unaccented twin (twin: notícia r1548)
ro	in	the stated meaning cannot carry this rank; the frequency is the unaccented twin. SENSE LOST: flax — a real noun, but rank 76 is unaccented typing of în (twin: în r6)
ro	ma	the stated meaning cannot carry this rank; the frequency is the unaccented twin (twin: mă r32)
ro	daca	the stated meaning cannot carry this rank; the frequency is the unaccented twin (twin: dacă r36)
ro	imi	the stated meaning cannot carry this rank; the frequency is the unaccented twin (twin: îmi r57)
ro	inca	the stated meaning cannot carry this rank; the frequency is the unaccented twin (twin: încă r130)
ro	il	the stated meaning cannot carry this rank; the frequency is the unaccented twin (twin: îl r108)
ro	ii	the stated meaning cannot carry this rank; the frequency is the unaccented twin (twin: îi r124)
ro	neagra	the stated meaning cannot carry this rank; the frequency is the unaccented twin (twin: neagră r1351)
ro	lânga	the stated meaning cannot carry this rank; the frequency is the unaccented twin (twin: lângă r445)
mi	tona	wart, corn, nodule at rank 30 — used 0 times by the course; the rank belongs to tōna "his/her", which now has its own row. SENSE LOST: tona "wart" is real but is not rank-30 vocabulary
mi	ra	"Ra (Egyptian god of the Sun)" at rank 37 — a kaikki artifact; the rank belongs to rā "day", which the course uses 20 times and which this pass adds
tl	ii	name of the Baybayin letter ᜁ — a script-name entry, not a word. Rank 424 comes from Wikipedia prose about the Baybayin script, which the tgl_wikipedia corpus is full of; the audit's wrong_sense_gloss rule caught it.
fa	مثلاً	tanwin spelling of مثلا "for example" (r343) — same word, and modern Persian typing omits the tanwin
fa	سؤال	hamza-seat spelling of سوال "question" (r517) — same word; سوال is the common modern spelling
fa	راس	pointer row: glossed only "colloquial form of راست", carries no meaning of its own
fa	ابی	Wiktionary glosses this as a slur; at rank 2951 in a Wikipedia corpus it is the unpointed form of آبی "blue" (r201), not a word this course should teach
jam	vex	merged into beks: one lexeme, basilect b- against acrolect v-. The corpus has both in the same stative frame (No get bex wid mi / Im vex wid mi), and the only transitive use sits on the row labelled adj while the verb row is stative-only, so the split was backwards.
jam	friend	merged into fren: both rows glossed exactly friend and each listed the other as its alt. fren is the Cassidy spelling; friend is English and in Cassidy the ie digraph does not even read as this word.
ca	anton	generic personal-name gloss with no English equivalent named — a card cannot be answered from it; owner decision 25 Aug 2026, place names and equivalent-naming rows kept
ca	bosch	generic personal-name gloss with no English equivalent named — a card cannot be answered from it; owner decision 25 Aug 2026, place names and equivalent-naming rows kept
ca	gabriel	generic personal-name gloss with no English equivalent named — a card cannot be answered from it; owner decision 25 Aug 2026, place names and equivalent-naming rows kept
ca	paula	generic personal-name gloss with no English equivalent named — a card cannot be answered from it; owner decision 25 Aug 2026, place names and equivalent-naming rows kept
ca	pompeu	generic personal-name gloss with no English equivalent named — a card cannot be answered from it; owner decision 25 Aug 2026, place names and equivalent-naming rows kept
de	albert	generic personal-name gloss with no English equivalent named — a card cannot be answered from it; owner decision 25 Aug 2026, place names and equivalent-naming rows kept
de	alexander	generic personal-name gloss with no English equivalent named — a card cannot be answered from it; owner decision 25 Aug 2026, place names and equivalent-naming rows kept
de	alexandra	generic personal-name gloss with no English equivalent named — a card cannot be answered from it; owner decision 25 Aug 2026, place names and equivalent-naming rows kept
de	alfred	generic personal-name gloss with no English equivalent named — a card cannot be answered from it; owner decision 25 Aug 2026, place names and equivalent-naming rows kept
de	alice	generic personal-name gloss with no English equivalent named — a card cannot be answered from it; owner decision 25 Aug 2026, place names and equivalent-naming rows kept
de	amanda	generic personal-name gloss with no English equivalent named — a card cannot be answered from it; owner decision 25 Aug 2026, place names and equivalent-naming rows kept
de	andrea	generic personal-name gloss with no English equivalent named — a card cannot be answered from it; owner decision 25 Aug 2026, place names and equivalent-naming rows kept
de	andré	generic personal-name gloss with no English equivalent named — a card cannot be answered from it; owner decision 25 Aug 2026, place names and equivalent-naming rows kept
de	angelo	generic personal-name gloss with no English equivalent named — a card cannot be answered from it; owner decision 25 Aug 2026, place names and equivalent-naming rows kept
de	anita	generic personal-name gloss with no English equivalent named — a card cannot be answered from it; owner decision 25 Aug 2026, place names and equivalent-naming rows kept
de	anne	generic personal-name gloss with no English equivalent named — a card cannot be answered from it; owner decision 25 Aug 2026, place names and equivalent-naming rows kept
de	anton	generic personal-name gloss with no English equivalent named — a card cannot be answered from it; owner decision 25 Aug 2026, place names and equivalent-naming rows kept
de	arnold	generic personal-name gloss with no English equivalent named — a card cannot be answered from it; owner decision 25 Aug 2026, place names and equivalent-naming rows kept
de	arthur	generic personal-name gloss with no English equivalent named — a card cannot be answered from it; owner decision 25 Aug 2026, place names and equivalent-naming rows kept
de	axel	generic personal-name gloss with no English equivalent named — a card cannot be answered from it; owner decision 25 Aug 2026, place names and equivalent-naming rows kept
de	beatrice	generic personal-name gloss with no English equivalent named — a card cannot be answered from it; owner decision 25 Aug 2026, place names and equivalent-naming rows kept
de	beethoven	generic personal-name gloss with no English equivalent named — a card cannot be answered from it; owner decision 25 Aug 2026, place names and equivalent-naming rows kept
de	bender	generic personal-name gloss with no English equivalent named — a card cannot be answered from it; owner decision 25 Aug 2026, place names and equivalent-naming rows kept
de	bernadette	generic personal-name gloss with no English equivalent named — a card cannot be answered from it; owner decision 25 Aug 2026, place names and equivalent-naming rows kept
de	bernard	generic personal-name gloss with no English equivalent named — a card cannot be answered from it; owner decision 25 Aug 2026, place names and equivalent-naming rows kept
de	bianca	generic personal-name gloss with no English equivalent named — a card cannot be answered from it; owner decision 25 Aug 2026, place names and equivalent-naming rows kept
de	boris	generic personal-name gloss with no English equivalent named — a card cannot be answered from it; owner decision 25 Aug 2026, place names and equivalent-naming rows kept
de	carl	generic personal-name gloss with no English equivalent named — a card cannot be answered from it; owner decision 25 Aug 2026, place names and equivalent-naming rows kept
de	carla	generic personal-name gloss with no English equivalent named — a card cannot be answered from it; owner decision 25 Aug 2026, place names and equivalent-naming rows kept
de	carmen	generic personal-name gloss with no English equivalent named — a card cannot be answered from it; owner decision 25 Aug 2026, place names and equivalent-naming rows kept
de	caroline	generic personal-name gloss with no English equivalent named — a card cannot be answered from it; owner decision 25 Aug 2026, place names and equivalent-naming rows kept
de	christian	generic personal-name gloss with no English equivalent named — a card cannot be answered from it; owner decision 25 Aug 2026, place names and equivalent-naming rows kept
de	christina	generic personal-name gloss with no English equivalent named — a card cannot be answered from it; owner decision 25 Aug 2026, place names and equivalent-naming rows kept
de	christopher	generic personal-name gloss with no English equivalent named — a card cannot be answered from it; owner decision 25 Aug 2026, place names and equivalent-naming rows kept
de	clara	generic personal-name gloss with no English equivalent named — a card cannot be answered from it; owner decision 25 Aug 2026, place names and equivalent-naming rows kept
de	claudia	generic personal-name gloss with no English equivalent named — a card cannot be answered from it; owner decision 25 Aug 2026, place names and equivalent-naming rows kept
de	denise	generic personal-name gloss with no English equivalent named — a card cannot be answered from it; owner decision 25 Aug 2026, place names and equivalent-naming rows kept
de	dennis	generic personal-name gloss with no English equivalent named — a card cannot be answered from it; owner decision 25 Aug 2026, place names and equivalent-naming rows kept
de	dominic	generic personal-name gloss with no English equivalent named — a card cannot be answered from it; owner decision 25 Aug 2026, place names and equivalent-naming rows kept
de	donald	generic personal-name gloss with no English equivalent named — a card cannot be answered from it; owner decision 25 Aug 2026, place names and equivalent-naming rows kept
de	doris	generic personal-name gloss with no English equivalent named — a card cannot be answered from it; owner decision 25 Aug 2026, place names and equivalent-naming rows kept
de	edith	generic personal-name gloss with no English equivalent named — a card cannot be answered from it; owner decision 25 Aug 2026, place names and equivalent-naming rows kept
de	edmund	generic personal-name gloss with no English equivalent named — a card cannot be answered from it; owner decision 25 Aug 2026, place names and equivalent-naming rows kept
de	egon	generic personal-name gloss with no English equivalent named — a card cannot be answered from it; owner decision 25 Aug 2026, place names and equivalent-naming rows kept
de	elena	generic personal-name gloss with no English equivalent named — a card cannot be answered from it; owner decision 25 Aug 2026, place names and equivalent-naming rows kept
de	elias	generic personal-name gloss with no English equivalent named — a card cannot be answered from it; owner decision 25 Aug 2026, place names and equivalent-naming rows kept
de	elise	generic personal-name gloss with no English equivalent named — a card cannot be answered from it; owner decision 25 Aug 2026, place names and equivalent-naming rows kept
de	elsa	generic personal-name gloss with no English equivalent named — a card cannot be answered from it; owner decision 25 Aug 2026, place names and equivalent-naming rows kept
de	emily	generic personal-name gloss with no English equivalent named — a card cannot be answered from it; owner decision 25 Aug 2026, place names and equivalent-naming rows kept
de	emma	generic personal-name gloss with no English equivalent named — a card cannot be answered from it; owner decision 25 Aug 2026, place names and equivalent-naming rows kept
de	eric	generic personal-name gloss with no English equivalent named — a card cannot be answered from it; owner decision 25 Aug 2026, place names and equivalent-naming rows kept
de	erica	generic personal-name gloss with no English equivalent named — a card cannot be answered from it; owner decision 25 Aug 2026, place names and equivalent-naming rows kept
de	erik	generic personal-name gloss with no English equivalent named — a card cannot be answered from it; owner decision 25 Aug 2026, place names and equivalent-naming rows kept
de	evelyn	generic personal-name gloss with no English equivalent named — a card cannot be answered from it; owner decision 25 Aug 2026, place names and equivalent-naming rows kept
de	finn	generic personal-name gloss with no English equivalent named — a card cannot be answered from it; owner decision 25 Aug 2026, place names and equivalent-naming rows kept
de	fiona	generic personal-name gloss with no English equivalent named — a card cannot be answered from it; owner decision 25 Aug 2026, place names and equivalent-naming rows kept
de	gabriel	generic personal-name gloss with no English equivalent named — a card cannot be answered from it; owner decision 25 Aug 2026, place names and equivalent-naming rows kept
de	gustav	generic personal-name gloss with no English equivalent named — a card cannot be answered from it; owner decision 25 Aug 2026, place names and equivalent-naming rows kept
de	hannah	generic personal-name gloss with no English equivalent named — a card cannot be answered from it; owner decision 25 Aug 2026, place names and equivalent-naming rows kept
de	hans	generic personal-name gloss with no English equivalent named — a card cannot be answered from it; owner decision 25 Aug 2026, place names and equivalent-naming rows kept
de	harry	generic personal-name gloss with no English equivalent named — a card cannot be answered from it; owner decision 25 Aug 2026, place names and equivalent-naming rows kept
de	heidi	generic personal-name gloss with no English equivalent named — a card cannot be answered from it; owner decision 25 Aug 2026, place names and equivalent-naming rows kept
de	heinrich	generic personal-name gloss with no English equivalent named — a card cannot be answered from it; owner decision 25 Aug 2026, place names and equivalent-naming rows kept
de	hitler	generic personal-name gloss with no English equivalent named — a card cannot be answered from it; owner decision 25 Aug 2026, place names and equivalent-naming rows kept
de	ida	generic personal-name gloss with no English equivalent named — a card cannot be answered from it; owner decision 25 Aug 2026, place names and equivalent-naming rows kept
de	ingrid	generic personal-name gloss with no English equivalent named — a card cannot be answered from it; owner decision 25 Aug 2026, place names and equivalent-naming rows kept
de	irene	generic personal-name gloss with no English equivalent named — a card cannot be answered from it; owner decision 25 Aug 2026, place names and equivalent-naming rows kept
de	irina	generic personal-name gloss with no English equivalent named — a card cannot be answered from it; owner decision 25 Aug 2026, place names and equivalent-naming rows kept
de	isabel	generic personal-name gloss with no English equivalent named — a card cannot be answered from it; owner decision 25 Aug 2026, place names and equivalent-naming rows kept
de	isabella	generic personal-name gloss with no English equivalent named — a card cannot be answered from it; owner decision 25 Aug 2026, place names and equivalent-naming rows kept
de	isabelle	generic personal-name gloss with no English equivalent named — a card cannot be answered from it; owner decision 25 Aug 2026, place names and equivalent-naming rows kept
de	jacqueline	generic personal-name gloss with no English equivalent named — a card cannot be answered from it; owner decision 25 Aug 2026, place names and equivalent-naming rows kept
de	jan	generic personal-name gloss with no English equivalent named — a card cannot be answered from it; owner decision 25 Aug 2026, place names and equivalent-naming rows kept
de	jennifer	generic personal-name gloss with no English equivalent named — a card cannot be answered from it; owner decision 25 Aug 2026, place names and equivalent-naming rows kept
de	jessica	generic personal-name gloss with no English equivalent named — a card cannot be answered from it; owner decision 25 Aug 2026, place names and equivalent-naming rows kept
de	julia	generic personal-name gloss with no English equivalent named — a card cannot be answered from it; owner decision 25 Aug 2026, place names and equivalent-naming rows kept
de	julian	generic personal-name gloss with no English equivalent named — a card cannot be answered from it; owner decision 25 Aug 2026, place names and equivalent-naming rows kept
de	julius	generic personal-name gloss with no English equivalent named — a card cannot be answered from it; owner decision 25 Aug 2026, place names and equivalent-naming rows kept
de	karen	generic personal-name gloss with no English equivalent named — a card cannot be answered from it; owner decision 25 Aug 2026, place names and equivalent-naming rows kept
de	karin	generic personal-name gloss with no English equivalent named — a card cannot be answered from it; owner decision 25 Aug 2026, place names and equivalent-naming rows kept
de	karl	generic personal-name gloss with no English equivalent named — a card cannot be answered from it; owner decision 25 Aug 2026, place names and equivalent-naming rows kept
de	kay	generic personal-name gloss with no English equivalent named — a card cannot be answered from it; owner decision 25 Aug 2026, place names and equivalent-naming rows kept
de	kevin	generic personal-name gloss with no English equivalent named — a card cannot be answered from it; owner decision 25 Aug 2026, place names and equivalent-naming rows kept
de	klara	generic personal-name gloss with no English equivalent named — a card cannot be answered from it; owner decision 25 Aug 2026, place names and equivalent-naming rows kept
de	kurt	generic personal-name gloss with no English equivalent named — a card cannot be answered from it; owner decision 25 Aug 2026, place names and equivalent-naming rows kept
de	lara	generic personal-name gloss with no English equivalent named — a card cannot be answered from it; owner decision 25 Aug 2026, place names and equivalent-naming rows kept
de	lars	generic personal-name gloss with no English equivalent named — a card cannot be answered from it; owner decision 25 Aug 2026, place names and equivalent-naming rows kept
de	laura	generic personal-name gloss with no English equivalent named — a card cannot be answered from it; owner decision 25 Aug 2026, place names and equivalent-naming rows kept
de	lena	generic personal-name gloss with no English equivalent named — a card cannot be answered from it; owner decision 25 Aug 2026, place names and equivalent-naming rows kept
de	leon	generic personal-name gloss with no English equivalent named — a card cannot be answered from it; owner decision 25 Aug 2026, place names and equivalent-naming rows kept
de	li	generic personal-name gloss with no English equivalent named — a card cannot be answered from it; owner decision 25 Aug 2026, place names and equivalent-naming rows kept
de	linda	generic personal-name gloss with no English equivalent named — a card cannot be answered from it; owner decision 25 Aug 2026, place names and equivalent-naming rows kept
de	lisa	generic personal-name gloss with no English equivalent named — a card cannot be answered from it; owner decision 25 Aug 2026, place names and equivalent-naming rows kept
de	louis	generic personal-name gloss with no English equivalent named — a card cannot be answered from it; owner decision 25 Aug 2026, place names and equivalent-naming rows kept
de	louise	generic personal-name gloss with no English equivalent named — a card cannot be answered from it; owner decision 25 Aug 2026, place names and equivalent-naming rows kept
de	luca	generic personal-name gloss with no English equivalent named — a card cannot be answered from it; owner decision 25 Aug 2026, place names and equivalent-naming rows kept
de	lucas	generic personal-name gloss with no English equivalent named — a card cannot be answered from it; owner decision 25 Aug 2026, place names and equivalent-naming rows kept
de	lucie	generic personal-name gloss with no English equivalent named — a card cannot be answered from it; owner decision 25 Aug 2026, place names and equivalent-naming rows kept
de	ludwig	generic personal-name gloss with no English equivalent named — a card cannot be answered from it; owner decision 25 Aug 2026, place names and equivalent-naming rows kept
de	luis	generic personal-name gloss with no English equivalent named — a card cannot be answered from it; owner decision 25 Aug 2026, place names and equivalent-naming rows kept
de	luther	generic personal-name gloss with no English equivalent named — a card cannot be answered from it; owner decision 25 Aug 2026, place names and equivalent-naming rows kept
de	magnus	generic personal-name gloss with no English equivalent named — a card cannot be answered from it; owner decision 25 Aug 2026, place names and equivalent-naming rows kept
de	manuel	generic personal-name gloss with no English equivalent named — a card cannot be answered from it; owner decision 25 Aug 2026, place names and equivalent-naming rows kept
de	marc	generic personal-name gloss with no English equivalent named — a card cannot be answered from it; owner decision 25 Aug 2026, place names and equivalent-naming rows kept
de	marco	generic personal-name gloss with no English equivalent named — a card cannot be answered from it; owner decision 25 Aug 2026, place names and equivalent-naming rows kept
de	marcus	generic personal-name gloss with no English equivalent named — a card cannot be answered from it; owner decision 25 Aug 2026, place names and equivalent-naming rows kept
de	margot	generic personal-name gloss with no English equivalent named — a card cannot be answered from it; owner decision 25 Aug 2026, place names and equivalent-naming rows kept
de	marian	generic personal-name gloss with no English equivalent named — a card cannot be answered from it; owner decision 25 Aug 2026, place names and equivalent-naming rows kept
de	marianne	generic personal-name gloss with no English equivalent named — a card cannot be answered from it; owner decision 25 Aug 2026, place names and equivalent-naming rows kept
de	mario	generic personal-name gloss with no English equivalent named — a card cannot be answered from it; owner decision 25 Aug 2026, place names and equivalent-naming rows kept
de	marion	generic personal-name gloss with no English equivalent named — a card cannot be answered from it; owner decision 25 Aug 2026, place names and equivalent-naming rows kept
de	marvin	generic personal-name gloss with no English equivalent named — a card cannot be answered from it; owner decision 25 Aug 2026, place names and equivalent-naming rows kept
de	melanie	generic personal-name gloss with no English equivalent named — a card cannot be answered from it; owner decision 25 Aug 2026, place names and equivalent-naming rows kept
de	mia	generic personal-name gloss with no English equivalent named — a card cannot be answered from it; owner decision 25 Aug 2026, place names and equivalent-naming rows kept
de	michael	generic personal-name gloss with no English equivalent named — a card cannot be answered from it; owner decision 25 Aug 2026, place names and equivalent-naming rows kept
de	michelle	generic personal-name gloss with no English equivalent named — a card cannot be answered from it; owner decision 25 Aug 2026, place names and equivalent-naming rows kept
de	mike	generic personal-name gloss with no English equivalent named — a card cannot be answered from it; owner decision 25 Aug 2026, place names and equivalent-naming rows kept
de	mona	generic personal-name gloss with no English equivalent named — a card cannot be answered from it; owner decision 25 Aug 2026, place names and equivalent-naming rows kept
de	monica	generic personal-name gloss with no English equivalent named — a card cannot be answered from it; owner decision 25 Aug 2026, place names and equivalent-naming rows kept
de	monika	generic personal-name gloss with no English equivalent named — a card cannot be answered from it; owner decision 25 Aug 2026, place names and equivalent-naming rows kept
de	mozart	generic personal-name gloss with no English equivalent named — a card cannot be answered from it; owner decision 25 Aug 2026, place names and equivalent-naming rows kept
de	nadia	generic personal-name gloss with no English equivalent named — a card cannot be answered from it; owner decision 25 Aug 2026, place names and equivalent-naming rows kept
de	natalie	generic personal-name gloss with no English equivalent named — a card cannot be answered from it; owner decision 25 Aug 2026, place names and equivalent-naming rows kept
de	nico	generic personal-name gloss with no English equivalent named — a card cannot be answered from it; owner decision 25 Aug 2026, place names and equivalent-naming rows kept
de	nicolas	generic personal-name gloss with no English equivalent named — a card cannot be answered from it; owner decision 25 Aug 2026, place names and equivalent-naming rows kept
de	nicole	generic personal-name gloss with no English equivalent named — a card cannot be answered from it; owner decision 25 Aug 2026, place names and equivalent-naming rows kept
de	nils	generic personal-name gloss with no English equivalent named — a card cannot be answered from it; owner decision 25 Aug 2026, place names and equivalent-naming rows kept
de	nina	generic personal-name gloss with no English equivalent named — a card cannot be answered from it; owner decision 25 Aug 2026, place names and equivalent-naming rows kept
de	nora	generic personal-name gloss with no English equivalent named — a card cannot be answered from it; owner decision 25 Aug 2026, place names and equivalent-naming rows kept
de	ole	generic personal-name gloss with no English equivalent named — a card cannot be answered from it; owner decision 25 Aug 2026, place names and equivalent-naming rows kept
de	olga	generic personal-name gloss with no English equivalent named — a card cannot be answered from it; owner decision 25 Aug 2026, place names and equivalent-naming rows kept
de	oscar	generic personal-name gloss with no English equivalent named — a card cannot be answered from it; owner decision 25 Aug 2026, place names and equivalent-naming rows kept
de	oskar	generic personal-name gloss with no English equivalent named — a card cannot be answered from it; owner decision 25 Aug 2026, place names and equivalent-naming rows kept
de	otto	generic personal-name gloss with no English equivalent named — a card cannot be answered from it; owner decision 25 Aug 2026, place names and equivalent-naming rows kept
de	patrick	generic personal-name gloss with no English equivalent named — a card cannot be answered from it; owner decision 25 Aug 2026, place names and equivalent-naming rows kept
de	paul	generic personal-name gloss with no English equivalent named — a card cannot be answered from it; owner decision 25 Aug 2026, place names and equivalent-naming rows kept
de	paula	generic personal-name gloss with no English equivalent named — a card cannot be answered from it; owner decision 25 Aug 2026, place names and equivalent-naming rows kept
de	pauline	generic personal-name gloss with no English equivalent named — a card cannot be answered from it; owner decision 25 Aug 2026, place names and equivalent-naming rows kept
de	peter	generic personal-name gloss with no English equivalent named — a card cannot be answered from it; owner decision 25 Aug 2026, place names and equivalent-naming rows kept
de	peters	generic personal-name gloss with no English equivalent named — a card cannot be answered from it; owner decision 25 Aug 2026, place names and equivalent-naming rows kept
de	philip	generic personal-name gloss with no English equivalent named — a card cannot be answered from it; owner decision 25 Aug 2026, place names and equivalent-naming rows kept
de	phillip	generic personal-name gloss with no English equivalent named — a card cannot be answered from it; owner decision 25 Aug 2026, place names and equivalent-naming rows kept
de	ralph	generic personal-name gloss with no English equivalent named — a card cannot be answered from it; owner decision 25 Aug 2026, place names and equivalent-naming rows kept
de	rebecca	generic personal-name gloss with no English equivalent named — a card cannot be answered from it; owner decision 25 Aug 2026, place names and equivalent-naming rows kept
de	reese	generic personal-name gloss with no English equivalent named — a card cannot be answered from it; owner decision 25 Aug 2026, place names and equivalent-naming rows kept
de	regina	generic personal-name gloss with no English equivalent named — a card cannot be answered from it; owner decision 25 Aug 2026, place names and equivalent-naming rows kept
de	rita	generic personal-name gloss with no English equivalent named — a card cannot be answered from it; owner decision 25 Aug 2026, place names and equivalent-naming rows kept
de	ronald	generic personal-name gloss with no English equivalent named — a card cannot be answered from it; owner decision 25 Aug 2026, place names and equivalent-naming rows kept
de	sabine	generic personal-name gloss with no English equivalent named — a card cannot be answered from it; owner decision 25 Aug 2026, place names and equivalent-naming rows kept
de	samantha	generic personal-name gloss with no English equivalent named — a card cannot be answered from it; owner decision 25 Aug 2026, place names and equivalent-naming rows kept
de	schultz	generic personal-name gloss with no English equivalent named — a card cannot be answered from it; owner decision 25 Aug 2026, place names and equivalent-naming rows kept
de	sebastian	generic personal-name gloss with no English equivalent named — a card cannot be answered from it; owner decision 25 Aug 2026, place names and equivalent-naming rows kept
de	simone	generic personal-name gloss with no English equivalent named — a card cannot be answered from it; owner decision 25 Aug 2026, place names and equivalent-naming rows kept
de	sofia	generic personal-name gloss with no English equivalent named — a card cannot be answered from it; owner decision 25 Aug 2026, place names and equivalent-naming rows kept
de	sophie	generic personal-name gloss with no English equivalent named — a card cannot be answered from it; owner decision 25 Aug 2026, place names and equivalent-naming rows kept
de	stefan	generic personal-name gloss with no English equivalent named — a card cannot be answered from it; owner decision 25 Aug 2026, place names and equivalent-naming rows kept
de	stella	generic personal-name gloss with no English equivalent named — a card cannot be answered from it; owner decision 25 Aug 2026, place names and equivalent-naming rows kept
de	stephanie	generic personal-name gloss with no English equivalent named — a card cannot be answered from it; owner decision 25 Aug 2026, place names and equivalent-naming rows kept
de	sven	generic personal-name gloss with no English equivalent named — a card cannot be answered from it; owner decision 25 Aug 2026, place names and equivalent-naming rows kept
de	sylvia	generic personal-name gloss with no English equivalent named — a card cannot be answered from it; owner decision 25 Aug 2026, place names and equivalent-naming rows kept
de	teresa	generic personal-name gloss with no English equivalent named — a card cannot be answered from it; owner decision 25 Aug 2026, place names and equivalent-naming rows kept
de	therese	generic personal-name gloss with no English equivalent named — a card cannot be answered from it; owner decision 25 Aug 2026, place names and equivalent-naming rows kept
de	tim	generic personal-name gloss with no English equivalent named — a card cannot be answered from it; owner decision 25 Aug 2026, place names and equivalent-naming rows kept
de	tom	generic personal-name gloss with no English equivalent named — a card cannot be answered from it; owner decision 25 Aug 2026, place names and equivalent-naming rows kept
de	valerie	generic personal-name gloss with no English equivalent named — a card cannot be answered from it; owner decision 25 Aug 2026, place names and equivalent-naming rows kept
de	vanessa	generic personal-name gloss with no English equivalent named — a card cannot be answered from it; owner decision 25 Aug 2026, place names and equivalent-naming rows kept
de	vera	generic personal-name gloss with no English equivalent named — a card cannot be answered from it; owner decision 25 Aug 2026, place names and equivalent-naming rows kept
de	victor	generic personal-name gloss with no English equivalent named — a card cannot be answered from it; owner decision 25 Aug 2026, place names and equivalent-naming rows kept
de	victoria	generic personal-name gloss with no English equivalent named — a card cannot be answered from it; owner decision 25 Aug 2026, place names and equivalent-naming rows kept
de	vincent	generic personal-name gloss with no English equivalent named — a card cannot be answered from it; owner decision 25 Aug 2026, place names and equivalent-naming rows kept
de	walter	generic personal-name gloss with no English equivalent named — a card cannot be answered from it; owner decision 25 Aug 2026, place names and equivalent-naming rows kept
de	werner	generic personal-name gloss with no English equivalent named — a card cannot be answered from it; owner decision 25 Aug 2026, place names and equivalent-naming rows kept
de	wilhelm	generic personal-name gloss with no English equivalent named — a card cannot be answered from it; owner decision 25 Aug 2026, place names and equivalent-naming rows kept
de	yvonne	generic personal-name gloss with no English equivalent named — a card cannot be answered from it; owner decision 25 Aug 2026, place names and equivalent-naming rows kept
es	alexander	generic personal-name gloss with no English equivalent named — a card cannot be answered from it; owner decision 25 Aug 2026, place names and equivalent-naming rows kept
es	anderson	generic personal-name gloss with no English equivalent named — a card cannot be answered from it; owner decision 25 Aug 2026, place names and equivalent-naming rows kept
es	andré	generic personal-name gloss with no English equivalent named — a card cannot be answered from it; owner decision 25 Aug 2026, place names and equivalent-naming rows kept
es	ariel	generic personal-name gloss with no English equivalent named — a card cannot be answered from it; owner decision 25 Aug 2026, place names and equivalent-naming rows kept
es	brenda	generic personal-name gloss with no English equivalent named — a card cannot be answered from it; owner decision 25 Aug 2026, place names and equivalent-naming rows kept
es	brian	generic personal-name gloss with no English equivalent named — a card cannot be answered from it; owner decision 25 Aug 2026, place names and equivalent-naming rows kept
es	carla	generic personal-name gloss with no English equivalent named — a card cannot be answered from it; owner decision 25 Aug 2026, place names and equivalent-naming rows kept
es	daisy	generic personal-name gloss with no English equivalent named — a card cannot be answered from it; owner decision 25 Aug 2026, place names and equivalent-naming rows kept
es	davis	generic personal-name gloss with no English equivalent named — a card cannot be answered from it; owner decision 25 Aug 2026, place names and equivalent-naming rows kept
es	diego	generic personal-name gloss with no English equivalent named — a card cannot be answered from it; owner decision 25 Aug 2026, place names and equivalent-naming rows kept
es	edith	generic personal-name gloss with no English equivalent named — a card cannot be answered from it; owner decision 25 Aug 2026, place names and equivalent-naming rows kept
es	elizabeth	generic personal-name gloss with no English equivalent named — a card cannot be answered from it; owner decision 25 Aug 2026, place names and equivalent-naming rows kept
es	elsa	generic personal-name gloss with no English equivalent named — a card cannot be answered from it; owner decision 25 Aug 2026, place names and equivalent-naming rows kept
es	elvis	generic personal-name gloss with no English equivalent named — a card cannot be answered from it; owner decision 25 Aug 2026, place names and equivalent-naming rows kept
es	emma	generic personal-name gloss with no English equivalent named — a card cannot be answered from it; owner decision 25 Aug 2026, place names and equivalent-naming rows kept
es	erica	generic personal-name gloss with no English equivalent named — a card cannot be answered from it; owner decision 25 Aug 2026, place names and equivalent-naming rows kept
es	gabriel	generic personal-name gloss with no English equivalent named — a card cannot be answered from it; owner decision 25 Aug 2026, place names and equivalent-naming rows kept
es	garcía	generic personal-name gloss with no English equivalent named — a card cannot be answered from it; owner decision 25 Aug 2026, place names and equivalent-naming rows kept
es	harvey	generic personal-name gloss with no English equivalent named — a card cannot be answered from it; owner decision 25 Aug 2026, place names and equivalent-naming rows kept
es	henry	generic personal-name gloss with no English equivalent named — a card cannot be answered from it; owner decision 25 Aug 2026, place names and equivalent-naming rows kept
es	irene	generic personal-name gloss with no English equivalent named — a card cannot be answered from it; owner decision 25 Aug 2026, place names and equivalent-naming rows kept
es	jefferson	generic personal-name gloss with no English equivalent named — a card cannot be answered from it; owner decision 25 Aug 2026, place names and equivalent-naming rows kept
es	jennifer	generic personal-name gloss with no English equivalent named — a card cannot be answered from it; owner decision 25 Aug 2026, place names and equivalent-naming rows kept
es	jessica	generic personal-name gloss with no English equivalent named — a card cannot be answered from it; owner decision 25 Aug 2026, place names and equivalent-naming rows kept
es	johnson	generic personal-name gloss with no English equivalent named — a card cannot be answered from it; owner decision 25 Aug 2026, place names and equivalent-naming rows kept
es	joshua	generic personal-name gloss with no English equivalent named — a card cannot be answered from it; owner decision 25 Aug 2026, place names and equivalent-naming rows kept
es	josé	generic personal-name gloss with no English equivalent named — a card cannot be answered from it; owner decision 25 Aug 2026, place names and equivalent-naming rows kept
es	keith	generic personal-name gloss with no English equivalent named — a card cannot be answered from it; owner decision 25 Aug 2026, place names and equivalent-naming rows kept
es	larry	generic personal-name gloss with no English equivalent named — a card cannot be answered from it; owner decision 25 Aug 2026, place names and equivalent-naming rows kept
es	laura	generic personal-name gloss with no English equivalent named — a card cannot be answered from it; owner decision 25 Aug 2026, place names and equivalent-naming rows kept
es	leslie	generic personal-name gloss with no English equivalent named — a card cannot be answered from it; owner decision 25 Aug 2026, place names and equivalent-naming rows kept
es	manuel	generic personal-name gloss with no English equivalent named — a card cannot be answered from it; owner decision 25 Aug 2026, place names and equivalent-naming rows kept
es	martha	generic personal-name gloss with no English equivalent named — a card cannot be answered from it; owner decision 25 Aug 2026, place names and equivalent-naming rows kept
es	miranda	generic personal-name gloss with no English equivalent named — a card cannot be answered from it; owner decision 25 Aug 2026, place names and equivalent-naming rows kept
es	naomi	generic personal-name gloss with no English equivalent named — a card cannot be answered from it; owner decision 25 Aug 2026, place names and equivalent-naming rows kept
es	noel	generic personal-name gloss with no English equivalent named — a card cannot be answered from it; owner decision 25 Aug 2026, place names and equivalent-naming rows kept
es	nora	generic personal-name gloss with no English equivalent named — a card cannot be answered from it; owner decision 25 Aug 2026, place names and equivalent-naming rows kept
es	obama	generic personal-name gloss with no English equivalent named — a card cannot be answered from it; owner decision 25 Aug 2026, place names and equivalent-naming rows kept
es	owen	generic personal-name gloss with no English equivalent named — a card cannot be answered from it; owner decision 25 Aug 2026, place names and equivalent-naming rows kept
es	paula	generic personal-name gloss with no English equivalent named — a card cannot be answered from it; owner decision 25 Aug 2026, place names and equivalent-naming rows kept
es	rené	generic personal-name gloss with no English equivalent named — a card cannot be answered from it; owner decision 25 Aug 2026, place names and equivalent-naming rows kept
es	richard	generic personal-name gloss with no English equivalent named — a card cannot be answered from it; owner decision 25 Aug 2026, place names and equivalent-naming rows kept
es	rita	generic personal-name gloss with no English equivalent named — a card cannot be answered from it; owner decision 25 Aug 2026, place names and equivalent-naming rows kept
es	sabrina	generic personal-name gloss with no English equivalent named — a card cannot be answered from it; owner decision 25 Aug 2026, place names and equivalent-naming rows kept
es	shirley	generic personal-name gloss with no English equivalent named — a card cannot be answered from it; owner decision 25 Aug 2026, place names and equivalent-naming rows kept
es	víctor	generic personal-name gloss with no English equivalent named — a card cannot be answered from it; owner decision 25 Aug 2026, place names and equivalent-naming rows kept
es	william	generic personal-name gloss with no English equivalent named — a card cannot be answered from it; owner decision 25 Aug 2026, place names and equivalent-naming rows kept
es	wilson	generic personal-name gloss with no English equivalent named — a card cannot be answered from it; owner decision 25 Aug 2026, place names and equivalent-naming rows kept
es	wong	generic personal-name gloss with no English equivalent named — a card cannot be answered from it; owner decision 25 Aug 2026, place names and equivalent-naming rows kept
fr	abby	generic personal-name gloss with no English equivalent named — a card cannot be answered from it; owner decision 25 Aug 2026, place names and equivalent-naming rows kept
fr	alexis	generic personal-name gloss with no English equivalent named — a card cannot be answered from it; owner decision 25 Aug 2026, place names and equivalent-naming rows kept
fr	alfred	generic personal-name gloss with no English equivalent named — a card cannot be answered from it; owner decision 25 Aug 2026, place names and equivalent-naming rows kept
fr	alicia	generic personal-name gloss with no English equivalent named — a card cannot be answered from it; owner decision 25 Aug 2026, place names and equivalent-naming rows kept
fr	amanda	generic personal-name gloss with no English equivalent named — a card cannot be answered from it; owner decision 25 Aug 2026, place names and equivalent-naming rows kept
fr	andrea	generic personal-name gloss with no English equivalent named — a card cannot be answered from it; owner decision 25 Aug 2026, place names and equivalent-naming rows kept
fr	anita	generic personal-name gloss with no English equivalent named — a card cannot be answered from it; owner decision 25 Aug 2026, place names and equivalent-naming rows kept
fr	annie	generic personal-name gloss with no English equivalent named — a card cannot be answered from it; owner decision 25 Aug 2026, place names and equivalent-naming rows kept
fr	arthur	generic personal-name gloss with no English equivalent named — a card cannot be answered from it; owner decision 25 Aug 2026, place names and equivalent-naming rows kept
fr	audrey	generic personal-name gloss with no English equivalent named — a card cannot be answered from it; owner decision 25 Aug 2026, place names and equivalent-naming rows kept
fr	bauer	generic personal-name gloss with no English equivalent named — a card cannot be answered from it; owner decision 25 Aug 2026, place names and equivalent-naming rows kept
fr	bella	generic personal-name gloss with no English equivalent named — a card cannot be answered from it; owner decision 25 Aug 2026, place names and equivalent-naming rows kept
fr	brian	generic personal-name gloss with no English equivalent named — a card cannot be answered from it; owner decision 25 Aug 2026, place names and equivalent-naming rows kept
fr	brown	generic personal-name gloss with no English equivalent named — a card cannot be answered from it; owner decision 25 Aug 2026, place names and equivalent-naming rows kept
fr	cadillac	generic personal-name gloss with no English equivalent named — a card cannot be answered from it; owner decision 25 Aug 2026, place names and equivalent-naming rows kept
fr	camille	generic personal-name gloss with no English equivalent named — a card cannot be answered from it; owner decision 25 Aug 2026, place names and equivalent-naming rows kept
fr	carla	generic personal-name gloss with no English equivalent named — a card cannot be answered from it; owner decision 25 Aug 2026, place names and equivalent-naming rows kept
fr	carmen	generic personal-name gloss with no English equivalent named — a card cannot be answered from it; owner decision 25 Aug 2026, place names and equivalent-naming rows kept
fr	caroline	generic personal-name gloss with no English equivalent named — a card cannot be answered from it; owner decision 25 Aug 2026, place names and equivalent-naming rows kept
fr	christopher	generic personal-name gloss with no English equivalent named — a card cannot be answered from it; owner decision 25 Aug 2026, place names and equivalent-naming rows kept
fr	clara	generic personal-name gloss with no English equivalent named — a card cannot be answered from it; owner decision 25 Aug 2026, place names and equivalent-naming rows kept
fr	claudia	generic personal-name gloss with no English equivalent named — a card cannot be answered from it; owner decision 25 Aug 2026, place names and equivalent-naming rows kept
fr	cyril	generic personal-name gloss with no English equivalent named — a card cannot be answered from it; owner decision 25 Aug 2026, place names and equivalent-naming rows kept
fr	danielle	generic personal-name gloss with no English equivalent named — a card cannot be answered from it; owner decision 25 Aug 2026, place names and equivalent-naming rows kept
fr	davis	generic personal-name gloss with no English equivalent named — a card cannot be answered from it; owner decision 25 Aug 2026, place names and equivalent-naming rows kept
fr	denise	generic personal-name gloss with no English equivalent named — a card cannot be answered from it; owner decision 25 Aug 2026, place names and equivalent-naming rows kept
fr	diego	generic personal-name gloss with no English equivalent named — a card cannot be answered from it; owner decision 25 Aug 2026, place names and equivalent-naming rows kept
fr	dylan	generic personal-name gloss with no English equivalent named — a card cannot be answered from it; owner decision 25 Aug 2026, place names and equivalent-naming rows kept
fr	erica	generic personal-name gloss with no English equivalent named — a card cannot be answered from it; owner decision 25 Aug 2026, place names and equivalent-naming rows kept
fr	fanny	generic personal-name gloss with no English equivalent named — a card cannot be answered from it; owner decision 25 Aug 2026, place names and equivalent-naming rows kept
fr	fiona	generic personal-name gloss with no English equivalent named — a card cannot be answered from it; owner decision 25 Aug 2026, place names and equivalent-naming rows kept
fr	francine	generic personal-name gloss with no English equivalent named — a card cannot be answered from it; owner decision 25 Aug 2026, place names and equivalent-naming rows kept
fr	francis	generic personal-name gloss with no English equivalent named — a card cannot be answered from it; owner decision 25 Aug 2026, place names and equivalent-naming rows kept
fr	frankenstein	generic personal-name gloss with no English equivalent named — a card cannot be answered from it; owner decision 25 Aug 2026, place names and equivalent-naming rows kept
fr	gabriel	generic personal-name gloss with no English equivalent named — a card cannot be answered from it; owner decision 25 Aug 2026, place names and equivalent-naming rows kept
fr	gabrielle	generic personal-name gloss with no English equivalent named — a card cannot be answered from it; owner decision 25 Aug 2026, place names and equivalent-naming rows kept
fr	grey	generic personal-name gloss with no English equivalent named — a card cannot be answered from it; owner decision 25 Aug 2026, place names and equivalent-naming rows kept
fr	hughes	generic personal-name gloss with no English equivalent named — a card cannot be answered from it; owner decision 25 Aug 2026, place names and equivalent-naming rows kept
fr	hugo	generic personal-name gloss with no English equivalent named — a card cannot be answered from it; owner decision 25 Aug 2026, place names and equivalent-naming rows kept
fr	jackson	generic personal-name gloss with no English equivalent named — a card cannot be answered from it; owner decision 25 Aug 2026, place names and equivalent-naming rows kept
fr	james	generic personal-name gloss with no English equivalent named — a card cannot be answered from it; owner decision 25 Aug 2026, place names and equivalent-naming rows kept
fr	javier	generic personal-name gloss with no English equivalent named — a card cannot be answered from it; owner decision 25 Aug 2026, place names and equivalent-naming rows kept
fr	jennifer	generic personal-name gloss with no English equivalent named — a card cannot be answered from it; owner decision 25 Aug 2026, place names and equivalent-naming rows kept
fr	jessica	generic personal-name gloss with no English equivalent named — a card cannot be answered from it; owner decision 25 Aug 2026, place names and equivalent-naming rows kept
fr	john	generic personal-name gloss with no English equivalent named — a card cannot be answered from it; owner decision 25 Aug 2026, place names and equivalent-naming rows kept
fr	johnson	generic personal-name gloss with no English equivalent named — a card cannot be answered from it; owner decision 25 Aug 2026, place names and equivalent-naming rows kept
fr	jones	generic personal-name gloss with no English equivalent named — a card cannot be answered from it; owner decision 25 Aug 2026, place names and equivalent-naming rows kept
fr	josé	generic personal-name gloss with no English equivalent named — a card cannot be answered from it; owner decision 25 Aug 2026, place names and equivalent-naming rows kept
fr	julian	generic personal-name gloss with no English equivalent named — a card cannot be answered from it; owner decision 25 Aug 2026, place names and equivalent-naming rows kept
fr	juliette	generic personal-name gloss with no English equivalent named — a card cannot be answered from it; owner decision 25 Aug 2026, place names and equivalent-naming rows kept
fr	leslie	generic personal-name gloss with no English equivalent named — a card cannot be answered from it; owner decision 25 Aug 2026, place names and equivalent-naming rows kept
fr	linda	generic personal-name gloss with no English equivalent named — a card cannot be answered from it; owner decision 25 Aug 2026, place names and equivalent-naming rows kept
fr	lola	generic personal-name gloss with no English equivalent named — a card cannot be answered from it; owner decision 25 Aug 2026, place names and equivalent-naming rows kept
fr	lou	generic personal-name gloss with no English equivalent named — a card cannot be answered from it; owner decision 25 Aug 2026, place names and equivalent-naming rows kept
fr	lucas	generic personal-name gloss with no English equivalent named — a card cannot be answered from it; owner decision 25 Aug 2026, place names and equivalent-naming rows kept
fr	lydia	generic personal-name gloss with no English equivalent named — a card cannot be answered from it; owner decision 25 Aug 2026, place names and equivalent-naming rows kept
fr	léo	generic personal-name gloss with no English equivalent named — a card cannot be answered from it; owner decision 25 Aug 2026, place names and equivalent-naming rows kept
fr	marianne	generic personal-name gloss with no English equivalent named — a card cannot be answered from it; owner decision 25 Aug 2026, place names and equivalent-naming rows kept
fr	marion	generic personal-name gloss with no English equivalent named — a card cannot be answered from it; owner decision 25 Aug 2026, place names and equivalent-naming rows kept
fr	max	generic personal-name gloss with no English equivalent named — a card cannot be answered from it; owner decision 25 Aug 2026, place names and equivalent-naming rows kept
fr	michael	generic personal-name gloss with no English equivalent named — a card cannot be answered from it; owner decision 25 Aug 2026, place names and equivalent-naming rows kept
fr	michelle	generic personal-name gloss with no English equivalent named — a card cannot be answered from it; owner decision 25 Aug 2026, place names and equivalent-naming rows kept
fr	mike	generic personal-name gloss with no English equivalent named — a card cannot be answered from it; owner decision 25 Aug 2026, place names and equivalent-naming rows kept
fr	milo	generic personal-name gloss with no English equivalent named — a card cannot be answered from it; owner decision 25 Aug 2026, place names and equivalent-naming rows kept
fr	moore	generic personal-name gloss with no English equivalent named — a card cannot be answered from it; owner decision 25 Aug 2026, place names and equivalent-naming rows kept
fr	nadia	generic personal-name gloss with no English equivalent named — a card cannot be answered from it; owner decision 25 Aug 2026, place names and equivalent-naming rows kept
fr	nancy	generic personal-name gloss with no English equivalent named — a card cannot be answered from it; owner decision 25 Aug 2026, place names and equivalent-naming rows kept
fr	natalie	generic personal-name gloss with no English equivalent named — a card cannot be answered from it; owner decision 25 Aug 2026, place names and equivalent-naming rows kept
fr	nathalie	generic personal-name gloss with no English equivalent named — a card cannot be answered from it; owner decision 25 Aug 2026, place names and equivalent-naming rows kept
fr	nicole	generic personal-name gloss with no English equivalent named — a card cannot be answered from it; owner decision 25 Aug 2026, place names and equivalent-naming rows kept
fr	nikita	generic personal-name gloss with no English equivalent named — a card cannot be answered from it; owner decision 25 Aug 2026, place names and equivalent-naming rows kept
fr	nina	generic personal-name gloss with no English equivalent named — a card cannot be answered from it; owner decision 25 Aug 2026, place names and equivalent-naming rows kept
fr	patrick	generic personal-name gloss with no English equivalent named — a card cannot be answered from it; owner decision 25 Aug 2026, place names and equivalent-naming rows kept
fr	pauline	generic personal-name gloss with no English equivalent named — a card cannot be answered from it; owner decision 25 Aug 2026, place names and equivalent-naming rows kept
fr	peggy	generic personal-name gloss with no English equivalent named — a card cannot be answered from it; owner decision 25 Aug 2026, place names and equivalent-naming rows kept
fr	philippe	generic personal-name gloss with no English equivalent named — a card cannot be answered from it; owner decision 25 Aug 2026, place names and equivalent-naming rows kept
fr	quentin	generic personal-name gloss with no English equivalent named — a card cannot be answered from it; owner decision 25 Aug 2026, place names and equivalent-naming rows kept
fr	roger	generic personal-name gloss with no English equivalent named — a card cannot be answered from it; owner decision 25 Aug 2026, place names and equivalent-naming rows kept
fr	ruth	generic personal-name gloss with no English equivalent named — a card cannot be answered from it; owner decision 25 Aug 2026, place names and equivalent-naming rows kept
fr	sabrina	generic personal-name gloss with no English equivalent named — a card cannot be answered from it; owner decision 25 Aug 2026, place names and equivalent-naming rows kept
fr	sandra	generic personal-name gloss with no English equivalent named — a card cannot be answered from it; owner decision 25 Aug 2026, place names and equivalent-naming rows kept
fr	sarah	generic personal-name gloss with no English equivalent named — a card cannot be answered from it; owner decision 25 Aug 2026, place names and equivalent-naming rows kept
fr	schmidt	generic personal-name gloss with no English equivalent named — a card cannot be answered from it; owner decision 25 Aug 2026, place names and equivalent-naming rows kept
fr	simone	generic personal-name gloss with no English equivalent named — a card cannot be answered from it; owner decision 25 Aug 2026, place names and equivalent-naming rows kept
fr	smith	generic personal-name gloss with no English equivalent named — a card cannot be answered from it; owner decision 25 Aug 2026, place names and equivalent-naming rows kept
fr	sylvia	generic personal-name gloss with no English equivalent named — a card cannot be answered from it; owner decision 25 Aug 2026, place names and equivalent-naming rows kept
fr	taylor	generic personal-name gloss with no English equivalent named — a card cannot be answered from it; owner decision 25 Aug 2026, place names and equivalent-naming rows kept
fr	vanessa	generic personal-name gloss with no English equivalent named — a card cannot be answered from it; owner decision 25 Aug 2026, place names and equivalent-naming rows kept
fr	vince	generic personal-name gloss with no English equivalent named — a card cannot be answered from it; owner decision 25 Aug 2026, place names and equivalent-naming rows kept
fr	william	generic personal-name gloss with no English equivalent named — a card cannot be answered from it; owner decision 25 Aug 2026, place names and equivalent-naming rows kept
fr	williams	generic personal-name gloss with no English equivalent named — a card cannot be answered from it; owner decision 25 Aug 2026, place names and equivalent-naming rows kept
fr	wilson	generic personal-name gloss with no English equivalent named — a card cannot be answered from it; owner decision 25 Aug 2026, place names and equivalent-naming rows kept
ha	abdulhamid	generic personal-name gloss with no English equivalent named — a card cannot be answered from it; owner decision 25 Aug 2026, place names and equivalent-naming rows kept
ha	abubakar	generic personal-name gloss with no English equivalent named — a card cannot be answered from it; owner decision 25 Aug 2026, place names and equivalent-naming rows kept
ha	ahmad	generic personal-name gloss with no English equivalent named — a card cannot be answered from it; owner decision 25 Aug 2026, place names and equivalent-naming rows kept
ha	altine	generic personal-name gloss with no English equivalent named — a card cannot be answered from it; owner decision 25 Aug 2026, place names and equivalent-naming rows kept
ha	amina	generic personal-name gloss with no English equivalent named — a card cannot be answered from it; owner decision 25 Aug 2026, place names and equivalent-naming rows kept
ha	ango	generic personal-name gloss with no English equivalent named — a card cannot be answered from it; owner decision 25 Aug 2026, place names and equivalent-naming rows kept
ha	asabe	generic personal-name gloss with no English equivalent named — a card cannot be answered from it; owner decision 25 Aug 2026, place names and equivalent-naming rows kept
ha	balaraba	generic personal-name gloss with no English equivalent named — a card cannot be answered from it; owner decision 25 Aug 2026, place names and equivalent-naming rows kept
ha	barau	generic personal-name gloss with no English equivalent named — a card cannot be answered from it; owner decision 25 Aug 2026, place names and equivalent-naming rows kept
ha	bello	generic personal-name gloss with no English equivalent named — a card cannot be answered from it; owner decision 25 Aug 2026, place names and equivalent-naming rows kept
ha	binta	generic personal-name gloss with no English equivalent named — a card cannot be answered from it; owner decision 25 Aug 2026, place names and equivalent-naming rows kept
ha	faruku	generic personal-name gloss with no English equivalent named — a card cannot be answered from it; owner decision 25 Aug 2026, place names and equivalent-naming rows kept
ha	gagarau	generic personal-name gloss with no English equivalent named — a card cannot be answered from it; owner decision 25 Aug 2026, place names and equivalent-naming rows kept
ha	ganau	generic personal-name gloss with no English equivalent named — a card cannot be answered from it; owner decision 25 Aug 2026, place names and equivalent-naming rows kept
ha	hafsatu	generic personal-name gloss with no English equivalent named — a card cannot be answered from it; owner decision 25 Aug 2026, place names and equivalent-naming rows kept
ha	halilu	generic personal-name gloss with no English equivalent named — a card cannot be answered from it; owner decision 25 Aug 2026, place names and equivalent-naming rows kept
ha	halima	generic personal-name gloss with no English equivalent named — a card cannot be answered from it; owner decision 25 Aug 2026, place names and equivalent-naming rows kept
ha	hamidu	generic personal-name gloss with no English equivalent named — a card cannot be answered from it; owner decision 25 Aug 2026, place names and equivalent-naming rows kept
ha	hasan	generic personal-name gloss with no English equivalent named — a card cannot be answered from it; owner decision 25 Aug 2026, place names and equivalent-naming rows kept
ha	husaini	generic personal-name gloss with no English equivalent named — a card cannot be answered from it; owner decision 25 Aug 2026, place names and equivalent-naming rows kept
ha	jatau	generic personal-name gloss with no English equivalent named — a card cannot be answered from it; owner decision 25 Aug 2026, place names and equivalent-naming rows kept
ha	jummai	generic personal-name gloss with no English equivalent named — a card cannot be answered from it; owner decision 25 Aug 2026, place names and equivalent-naming rows kept
ha	ladi	generic personal-name gloss with no English equivalent named — a card cannot be answered from it; owner decision 25 Aug 2026, place names and equivalent-naming rows kept
ha	lami	generic personal-name gloss with no English equivalent named — a card cannot be answered from it; owner decision 25 Aug 2026, place names and equivalent-naming rows kept
ha	maigado	generic personal-name gloss with no English equivalent named — a card cannot be answered from it; owner decision 25 Aug 2026, place names and equivalent-naming rows kept
ha	maigari	generic personal-name gloss with no English equivalent named — a card cannot be answered from it; owner decision 25 Aug 2026, place names and equivalent-naming rows kept
ha	maitama	generic personal-name gloss with no English equivalent named — a card cannot be answered from it; owner decision 25 Aug 2026, place names and equivalent-naming rows kept
ha	maiwada	generic personal-name gloss with no English equivalent named — a card cannot be answered from it; owner decision 25 Aug 2026, place names and equivalent-naming rows kept
ha	mohammed	generic personal-name gloss with no English equivalent named — a card cannot be answered from it; owner decision 25 Aug 2026, place names and equivalent-naming rows kept
ha	mustapha	generic personal-name gloss with no English equivalent named — a card cannot be answered from it; owner decision 25 Aug 2026, place names and equivalent-naming rows kept
ha	sallau	generic personal-name gloss with no English equivalent named — a card cannot be answered from it; owner decision 25 Aug 2026, place names and equivalent-naming rows kept
ha	shekarau	generic personal-name gloss with no English equivalent named — a card cannot be answered from it; owner decision 25 Aug 2026, place names and equivalent-naming rows kept
ha	talatu	generic personal-name gloss with no English equivalent named — a card cannot be answered from it; owner decision 25 Aug 2026, place names and equivalent-naming rows kept
ha	tanimu	generic personal-name gloss with no English equivalent named — a card cannot be answered from it; owner decision 25 Aug 2026, place names and equivalent-naming rows kept
ha	tunau	generic personal-name gloss with no English equivalent named — a card cannot be answered from it; owner decision 25 Aug 2026, place names and equivalent-naming rows kept
ha	umaru	generic personal-name gloss with no English equivalent named — a card cannot be answered from it; owner decision 25 Aug 2026, place names and equivalent-naming rows kept
ha	zubairu	generic personal-name gloss with no English equivalent named — a card cannot be answered from it; owner decision 25 Aug 2026, place names and equivalent-naming rows kept
it	amanda	generic personal-name gloss with no English equivalent named — a card cannot be answered from it; owner decision 25 Aug 2026, place names and equivalent-naming rows kept
it	boris	generic personal-name gloss with no English equivalent named — a card cannot be answered from it; owner decision 25 Aug 2026, place names and equivalent-naming rows kept
it	bush	generic personal-name gloss with no English equivalent named — a card cannot be answered from it; owner decision 25 Aug 2026, place names and equivalent-naming rows kept
it	carla	generic personal-name gloss with no English equivalent named — a card cannot be answered from it; owner decision 25 Aug 2026, place names and equivalent-naming rows kept
it	cha	generic personal-name gloss with no English equivalent named — a card cannot be answered from it; owner decision 25 Aug 2026, place names and equivalent-naming rows kept
it	chandler	generic personal-name gloss with no English equivalent named — a card cannot be answered from it; owner decision 25 Aug 2026, place names and equivalent-naming rows kept
it	clara	generic personal-name gloss with no English equivalent named — a card cannot be answered from it; owner decision 25 Aug 2026, place names and equivalent-naming rows kept
it	claudia	generic personal-name gloss with no English equivalent named — a card cannot be answered from it; owner decision 25 Aug 2026, place names and equivalent-naming rows kept
it	david	generic personal-name gloss with no English equivalent named — a card cannot be answered from it; owner decision 25 Aug 2026, place names and equivalent-naming rows kept
it	doris	generic personal-name gloss with no English equivalent named — a card cannot be answered from it; owner decision 25 Aug 2026, place names and equivalent-naming rows kept
it	ferrari	generic personal-name gloss with no English equivalent named — a card cannot be answered from it; owner decision 25 Aug 2026, place names and equivalent-naming rows kept
it	george	generic personal-name gloss with no English equivalent named — a card cannot be answered from it; owner decision 25 Aug 2026, place names and equivalent-naming rows kept
it	ingrid	generic personal-name gloss with no English equivalent named — a card cannot be answered from it; owner decision 25 Aug 2026, place names and equivalent-naming rows kept
it	irene	generic personal-name gloss with no English equivalent named — a card cannot be answered from it; owner decision 25 Aug 2026, place names and equivalent-naming rows kept
it	isabella	generic personal-name gloss with no English equivalent named — a card cannot be answered from it; owner decision 25 Aug 2026, place names and equivalent-naming rows kept
it	jean	generic personal-name gloss with no English equivalent named — a card cannot be answered from it; owner decision 25 Aug 2026, place names and equivalent-naming rows kept
it	joel	generic personal-name gloss with no English equivalent named — a card cannot be answered from it; owner decision 25 Aug 2026, place names and equivalent-naming rows kept
it	john	generic personal-name gloss with no English equivalent named — a card cannot be answered from it; owner decision 25 Aug 2026, place names and equivalent-naming rows kept
it	kent	generic personal-name gloss with no English equivalent named — a card cannot be answered from it; owner decision 25 Aug 2026, place names and equivalent-naming rows kept
it	lara	generic personal-name gloss with no English equivalent named — a card cannot be answered from it; owner decision 25 Aug 2026, place names and equivalent-naming rows kept
it	laura	generic personal-name gloss with no English equivalent named — a card cannot be answered from it; owner decision 25 Aug 2026, place names and equivalent-naming rows kept
it	maura	generic personal-name gloss with no English equivalent named — a card cannot be answered from it; owner decision 25 Aug 2026, place names and equivalent-naming rows kept
it	michael	generic personal-name gloss with no English equivalent named — a card cannot be answered from it; owner decision 25 Aug 2026, place names and equivalent-naming rows kept
it	murray	generic personal-name gloss with no English equivalent named — a card cannot be answered from it; owner decision 25 Aug 2026, place names and equivalent-naming rows kept
it	my	generic personal-name gloss with no English equivalent named — a card cannot be answered from it; owner decision 25 Aug 2026, place names and equivalent-naming rows kept
it	nadia	generic personal-name gloss with no English equivalent named — a card cannot be answered from it; owner decision 25 Aug 2026, place names and equivalent-naming rows kept
it	oscar	generic personal-name gloss with no English equivalent named — a card cannot be answered from it; owner decision 25 Aug 2026, place names and equivalent-naming rows kept
it	paghera	generic personal-name gloss with no English equivalent named — a card cannot be answered from it; owner decision 25 Aug 2026, place names and equivalent-naming rows kept
it	paul	generic personal-name gloss with no English equivalent named — a card cannot be answered from it; owner decision 25 Aug 2026, place names and equivalent-naming rows kept
it	peter	generic personal-name gloss with no English equivalent named — a card cannot be answered from it; owner decision 25 Aug 2026, place names and equivalent-naming rows kept
it	portera	generic personal-name gloss with no English equivalent named — a card cannot be answered from it; owner decision 25 Aug 2026, place names and equivalent-naming rows kept
it	reagan	generic personal-name gloss with no English equivalent named — a card cannot be answered from it; owner decision 25 Aug 2026, place names and equivalent-naming rows kept
it	robert	generic personal-name gloss with no English equivalent named — a card cannot be answered from it; owner decision 25 Aug 2026, place names and equivalent-naming rows kept
it	sabrina	generic personal-name gloss with no English equivalent named — a card cannot be answered from it; owner decision 25 Aug 2026, place names and equivalent-naming rows kept
it	sergio	generic personal-name gloss with no English equivalent named — a card cannot be answered from it; owner decision 25 Aug 2026, place names and equivalent-naming rows kept
it	walter	generic personal-name gloss with no English equivalent named — a card cannot be answered from it; owner decision 25 Aug 2026, place names and equivalent-naming rows kept
it	wendy	generic personal-name gloss with no English equivalent named — a card cannot be answered from it; owner decision 25 Aug 2026, place names and equivalent-naming rows kept
it	yuri	generic personal-name gloss with no English equivalent named — a card cannot be answered from it; owner decision 25 Aug 2026, place names and equivalent-naming rows kept
mi	haimona	generic personal-name gloss with no English equivalent named — a card cannot be answered from it; owner decision 25 Aug 2026, place names and equivalent-naming rows kept
mi	hare	generic personal-name gloss with no English equivalent named — a card cannot be answered from it; owner decision 25 Aug 2026, place names and equivalent-naming rows kept
mi	himiona	generic personal-name gloss with no English equivalent named — a card cannot be answered from it; owner decision 25 Aug 2026, place names and equivalent-naming rows kept
mi	riria	generic personal-name gloss with no English equivalent named — a card cannot be answered from it; owner decision 25 Aug 2026, place names and equivalent-naming rows kept
nl	aardse	generic personal-name gloss with no English equivalent named — a card cannot be answered from it; owner decision 25 Aug 2026, place names and equivalent-naming rows kept
nl	abby	generic personal-name gloss with no English equivalent named — a card cannot be answered from it; owner decision 25 Aug 2026, place names and equivalent-naming rows kept
nl	abe	generic personal-name gloss with no English equivalent named — a card cannot be answered from it; owner decision 25 Aug 2026, place names and equivalent-naming rows kept
nl	ada	generic personal-name gloss with no English equivalent named — a card cannot be answered from it; owner decision 25 Aug 2026, place names and equivalent-naming rows kept
nl	alex	generic personal-name gloss with no English equivalent named — a card cannot be answered from it; owner decision 25 Aug 2026, place names and equivalent-naming rows kept
nl	alfred	generic personal-name gloss with no English equivalent named — a card cannot be answered from it; owner decision 25 Aug 2026, place names and equivalent-naming rows kept
nl	andre	generic personal-name gloss with no English equivalent named — a card cannot be answered from it; owner decision 25 Aug 2026, place names and equivalent-naming rows kept
nl	andré	generic personal-name gloss with no English equivalent named — a card cannot be answered from it; owner decision 25 Aug 2026, place names and equivalent-naming rows kept
nl	annie	generic personal-name gloss with no English equivalent named — a card cannot be answered from it; owner decision 25 Aug 2026, place names and equivalent-naming rows kept
nl	anton	generic personal-name gloss with no English equivalent named — a card cannot be answered from it; owner decision 25 Aug 2026, place names and equivalent-naming rows kept
nl	arthur	generic personal-name gloss with no English equivalent named — a card cannot be answered from it; owner decision 25 Aug 2026, place names and equivalent-naming rows kept
nl	astrid	generic personal-name gloss with no English equivalent named — a card cannot be answered from it; owner decision 25 Aug 2026, place names and equivalent-naming rows kept
nl	bart	generic personal-name gloss with no English equivalent named — a card cannot be answered from it; owner decision 25 Aug 2026, place names and equivalent-naming rows kept
nl	bella	generic personal-name gloss with no English equivalent named — a card cannot be answered from it; owner decision 25 Aug 2026, place names and equivalent-naming rows kept
nl	bruno	generic personal-name gloss with no English equivalent named — a card cannot be answered from it; owner decision 25 Aug 2026, place names and equivalent-naming rows kept
nl	carmen	generic personal-name gloss with no English equivalent named — a card cannot be answered from it; owner decision 25 Aug 2026, place names and equivalent-naming rows kept
nl	caroline	generic personal-name gloss with no English equivalent named — a card cannot be answered from it; owner decision 25 Aug 2026, place names and equivalent-naming rows kept
nl	chris	generic personal-name gloss with no English equivalent named — a card cannot be answered from it; owner decision 25 Aug 2026, place names and equivalent-naming rows kept
nl	christina	generic personal-name gloss with no English equivalent named — a card cannot be answered from it; owner decision 25 Aug 2026, place names and equivalent-naming rows kept
nl	christine	generic personal-name gloss with no English equivalent named — a card cannot be answered from it; owner decision 25 Aug 2026, place names and equivalent-naming rows kept
nl	claudia	generic personal-name gloss with no English equivalent named — a card cannot be answered from it; owner decision 25 Aug 2026, place names and equivalent-naming rows kept
nl	columbus	generic personal-name gloss with no English equivalent named — a card cannot be answered from it; owner decision 25 Aug 2026, place names and equivalent-naming rows kept
nl	daphne	generic personal-name gloss with no English equivalent named — a card cannot be answered from it; owner decision 25 Aug 2026, place names and equivalent-naming rows kept
nl	ella	generic personal-name gloss with no English equivalent named — a card cannot be answered from it; owner decision 25 Aug 2026, place names and equivalent-naming rows kept
nl	emma	generic personal-name gloss with no English equivalent named — a card cannot be answered from it; owner decision 25 Aug 2026, place names and equivalent-naming rows kept
nl	francis	generic personal-name gloss with no English equivalent named — a card cannot be answered from it; owner decision 25 Aug 2026, place names and equivalent-naming rows kept
nl	gerard	generic personal-name gloss with no English equivalent named — a card cannot be answered from it; owner decision 25 Aug 2026, place names and equivalent-naming rows kept
nl	hassan	generic personal-name gloss with no English equivalent named — a card cannot be answered from it; owner decision 25 Aug 2026, place names and equivalent-naming rows kept
nl	helena	generic personal-name gloss with no English equivalent named — a card cannot be answered from it; owner decision 25 Aug 2026, place names and equivalent-naming rows kept
nl	herman	generic personal-name gloss with no English equivalent named — a card cannot be answered from it; owner decision 25 Aug 2026, place names and equivalent-naming rows kept
nl	ingrid	generic personal-name gloss with no English equivalent named — a card cannot be answered from it; owner decision 25 Aug 2026, place names and equivalent-naming rows kept
nl	irene	generic personal-name gloss with no English equivalent named — a card cannot be answered from it; owner decision 25 Aug 2026, place names and equivalent-naming rows kept
nl	isabel	generic personal-name gloss with no English equivalent named — a card cannot be answered from it; owner decision 25 Aug 2026, place names and equivalent-naming rows kept
nl	isabella	generic personal-name gloss with no English equivalent named — a card cannot be answered from it; owner decision 25 Aug 2026, place names and equivalent-naming rows kept
nl	jacobs	generic personal-name gloss with no English equivalent named — a card cannot be answered from it; owner decision 25 Aug 2026, place names and equivalent-naming rows kept
nl	jesse	generic personal-name gloss with no English equivalent named — a card cannot be answered from it; owner decision 25 Aug 2026, place names and equivalent-naming rows kept
nl	jet	generic personal-name gloss with no English equivalent named — a card cannot be answered from it; owner decision 25 Aug 2026, place names and equivalent-naming rows kept
nl	josephine	generic personal-name gloss with no English equivalent named — a card cannot be answered from it; owner decision 25 Aug 2026, place names and equivalent-naming rows kept
nl	julia	generic personal-name gloss with no English equivalent named — a card cannot be answered from it; owner decision 25 Aug 2026, place names and equivalent-naming rows kept
nl	kelly	generic personal-name gloss with no English equivalent named — a card cannot be answered from it; owner decision 25 Aug 2026, place names and equivalent-naming rows kept
nl	kramer	generic personal-name gloss with no English equivalent named — a card cannot be answered from it; owner decision 25 Aug 2026, place names and equivalent-naming rows kept
nl	lars	generic personal-name gloss with no English equivalent named — a card cannot be answered from it; owner decision 25 Aug 2026, place names and equivalent-naming rows kept
nl	laura	generic personal-name gloss with no English equivalent named — a card cannot be answered from it; owner decision 25 Aug 2026, place names and equivalent-naming rows kept
nl	linda	generic personal-name gloss with no English equivalent named — a card cannot be answered from it; owner decision 25 Aug 2026, place names and equivalent-naming rows kept
nl	lisa	generic personal-name gloss with no English equivalent named — a card cannot be answered from it; owner decision 25 Aug 2026, place names and equivalent-naming rows kept
nl	lola	generic personal-name gloss with no English equivalent named — a card cannot be answered from it; owner decision 25 Aug 2026, place names and equivalent-naming rows kept
nl	louis	generic personal-name gloss with no English equivalent named — a card cannot be answered from it; owner decision 25 Aug 2026, place names and equivalent-naming rows kept
nl	louise	generic personal-name gloss with no English equivalent named — a card cannot be answered from it; owner decision 25 Aug 2026, place names and equivalent-naming rows kept
nl	marianne	generic personal-name gloss with no English equivalent named — a card cannot be answered from it; owner decision 25 Aug 2026, place names and equivalent-naming rows kept
nl	mario	generic personal-name gloss with no English equivalent named — a card cannot be answered from it; owner decision 25 Aug 2026, place names and equivalent-naming rows kept
nl	max	generic personal-name gloss with no English equivalent named — a card cannot be answered from it; owner decision 25 Aug 2026, place names and equivalent-naming rows kept
nl	meyer	generic personal-name gloss with no English equivalent named — a card cannot be answered from it; owner decision 25 Aug 2026, place names and equivalent-naming rows kept
nl	mia	generic personal-name gloss with no English equivalent named — a card cannot be answered from it; owner decision 25 Aug 2026, place names and equivalent-naming rows kept
nl	miriam	generic personal-name gloss with no English equivalent named — a card cannot be answered from it; owner decision 25 Aug 2026, place names and equivalent-naming rows kept
nl	monica	generic personal-name gloss with no English equivalent named — a card cannot be answered from it; owner decision 25 Aug 2026, place names and equivalent-naming rows kept
nl	nadia	generic personal-name gloss with no English equivalent named — a card cannot be answered from it; owner decision 25 Aug 2026, place names and equivalent-naming rows kept
nl	nadine	generic personal-name gloss with no English equivalent named — a card cannot be answered from it; owner decision 25 Aug 2026, place names and equivalent-naming rows kept
nl	natalie	generic personal-name gloss with no English equivalent named — a card cannot be answered from it; owner decision 25 Aug 2026, place names and equivalent-naming rows kept
nl	nico	generic personal-name gloss with no English equivalent named — a card cannot be answered from it; owner decision 25 Aug 2026, place names and equivalent-naming rows kept
nl	nora	generic personal-name gloss with no English equivalent named — a card cannot be answered from it; owner decision 25 Aug 2026, place names and equivalent-naming rows kept
nl	rebecca	generic personal-name gloss with no English equivalent named — a card cannot be answered from it; owner decision 25 Aug 2026, place names and equivalent-naming rows kept
nl	rené	generic personal-name gloss with no English equivalent named — a card cannot be answered from it; owner decision 25 Aug 2026, place names and equivalent-naming rows kept
nl	robert	generic personal-name gloss with no English equivalent named — a card cannot be answered from it; owner decision 25 Aug 2026, place names and equivalent-naming rows kept
nl	sabine	generic personal-name gloss with no English equivalent named — a card cannot be answered from it; owner decision 25 Aug 2026, place names and equivalent-naming rows kept
nl	sam	generic personal-name gloss with no English equivalent named — a card cannot be answered from it; owner decision 25 Aug 2026, place names and equivalent-naming rows kept
nl	sanders	generic personal-name gloss with no English equivalent named — a card cannot be answered from it; owner decision 25 Aug 2026, place names and equivalent-naming rows kept
nl	sandra	generic personal-name gloss with no English equivalent named — a card cannot be answered from it; owner decision 25 Aug 2026, place names and equivalent-naming rows kept
nl	spencer	generic personal-name gloss with no English equivalent named — a card cannot be answered from it; owner decision 25 Aug 2026, place names and equivalent-naming rows kept
nl	stella	generic personal-name gloss with no English equivalent named — a card cannot be answered from it; owner decision 25 Aug 2026, place names and equivalent-naming rows kept
nl	sven	generic personal-name gloss with no English equivalent named — a card cannot be answered from it; owner decision 25 Aug 2026, place names and equivalent-naming rows kept
nl	tessa	generic personal-name gloss with no English equivalent named — a card cannot be answered from it; owner decision 25 Aug 2026, place names and equivalent-naming rows kept
nl	tim	generic personal-name gloss with no English equivalent named — a card cannot be answered from it; owner decision 25 Aug 2026, place names and equivalent-naming rows kept
nl	tom	generic personal-name gloss with no English equivalent named — a card cannot be answered from it; owner decision 25 Aug 2026, place names and equivalent-naming rows kept
nl	tomas	generic personal-name gloss with no English equivalent named — a card cannot be answered from it; owner decision 25 Aug 2026, place names and equivalent-naming rows kept
nl	vera	generic personal-name gloss with no English equivalent named — a card cannot be answered from it; owner decision 25 Aug 2026, place names and equivalent-naming rows kept
nl	ward	generic personal-name gloss with no English equivalent named — a card cannot be answered from it; owner decision 25 Aug 2026, place names and equivalent-naming rows kept
pt	alexander	generic personal-name gloss with no English equivalent named — a card cannot be answered from it; owner decision 25 Aug 2026, place names and equivalent-naming rows kept
pt	anna	generic personal-name gloss with no English equivalent named — a card cannot be answered from it; owner decision 25 Aug 2026, place names and equivalent-naming rows kept
pt	anthony	generic personal-name gloss with no English equivalent named — a card cannot be answered from it; owner decision 25 Aug 2026, place names and equivalent-naming rows kept
pt	betsy	generic personal-name gloss with no English equivalent named — a card cannot be answered from it; owner decision 25 Aug 2026, place names and equivalent-naming rows kept
pt	carla	generic personal-name gloss with no English equivalent named — a card cannot be answered from it; owner decision 25 Aug 2026, place names and equivalent-naming rows kept
pt	carlos	generic personal-name gloss with no English equivalent named — a card cannot be answered from it; owner decision 25 Aug 2026, place names and equivalent-naming rows kept
pt	christopher	generic personal-name gloss with no English equivalent named — a card cannot be answered from it; owner decision 25 Aug 2026, place names and equivalent-naming rows kept
pt	danielle	generic personal-name gloss with no English equivalent named — a card cannot be answered from it; owner decision 25 Aug 2026, place names and equivalent-naming rows kept
pt	diego	generic personal-name gloss with no English equivalent named — a card cannot be answered from it; owner decision 25 Aug 2026, place names and equivalent-naming rows kept
pt	elvis	generic personal-name gloss with no English equivalent named — a card cannot be answered from it; owner decision 25 Aug 2026, place names and equivalent-naming rows kept
pt	esther	generic personal-name gloss with no English equivalent named — a card cannot be answered from it; owner decision 25 Aug 2026, place names and equivalent-naming rows kept
pt	garcia	generic personal-name gloss with no English equivalent named — a card cannot be answered from it; owner decision 25 Aug 2026, place names and equivalent-naming rows kept
pt	ian	generic personal-name gloss with no English equivalent named — a card cannot be answered from it; owner decision 25 Aug 2026, place names and equivalent-naming rows kept
pt	isabella	generic personal-name gloss with no English equivalent named — a card cannot be answered from it; owner decision 25 Aug 2026, place names and equivalent-naming rows kept
pt	isabelle	generic personal-name gloss with no English equivalent named — a card cannot be answered from it; owner decision 25 Aug 2026, place names and equivalent-naming rows kept
pt	jean	generic personal-name gloss with no English equivalent named — a card cannot be answered from it; owner decision 25 Aug 2026, place names and equivalent-naming rows kept
pt	joanna	generic personal-name gloss with no English equivalent named — a card cannot be answered from it; owner decision 25 Aug 2026, place names and equivalent-naming rows kept
pt	john	generic personal-name gloss with no English equivalent named — a card cannot be answered from it; owner decision 25 Aug 2026, place names and equivalent-naming rows kept
pt	joyce	generic personal-name gloss with no English equivalent named — a card cannot be answered from it; owner decision 25 Aug 2026, place names and equivalent-naming rows kept
pt	kim	generic personal-name gloss with no English equivalent named — a card cannot be answered from it; owner decision 25 Aug 2026, place names and equivalent-naming rows kept
pt	lincoln	generic personal-name gloss with no English equivalent named — a card cannot be answered from it; owner decision 25 Aug 2026, place names and equivalent-naming rows kept
pt	martha	generic personal-name gloss with no English equivalent named — a card cannot be answered from it; owner decision 25 Aug 2026, place names and equivalent-naming rows kept
pt	michel	generic personal-name gloss with no English equivalent named — a card cannot be answered from it; owner decision 25 Aug 2026, place names and equivalent-naming rows kept
pt	nathan	generic personal-name gloss with no English equivalent named — a card cannot be answered from it; owner decision 25 Aug 2026, place names and equivalent-naming rows kept
pt	obama	generic personal-name gloss with no English equivalent named — a card cannot be answered from it; owner decision 25 Aug 2026, place names and equivalent-naming rows kept
pt	reagan	generic personal-name gloss with no English equivalent named — a card cannot be answered from it; owner decision 25 Aug 2026, place names and equivalent-naming rows kept
pt	regina	generic personal-name gloss with no English equivalent named — a card cannot be answered from it; owner decision 25 Aug 2026, place names and equivalent-naming rows kept
pt	rita	generic personal-name gloss with no English equivalent named — a card cannot be answered from it; owner decision 25 Aug 2026, place names and equivalent-naming rows kept
pt	ronald	generic personal-name gloss with no English equivalent named — a card cannot be answered from it; owner decision 25 Aug 2026, place names and equivalent-naming rows kept
pt	santiago	generic personal-name gloss with no English equivalent named — a card cannot be answered from it; owner decision 25 Aug 2026, place names and equivalent-naming rows kept
pt	simone	generic personal-name gloss with no English equivalent named — a card cannot be answered from it; owner decision 25 Aug 2026, place names and equivalent-naming rows kept
pt	sonya	generic personal-name gloss with no English equivalent named — a card cannot be answered from it; owner decision 25 Aug 2026, place names and equivalent-naming rows kept
pt	sylvia	generic personal-name gloss with no English equivalent named — a card cannot be answered from it; owner decision 25 Aug 2026, place names and equivalent-naming rows kept
pt	taylor	generic personal-name gloss with no English equivalent named — a card cannot be answered from it; owner decision 25 Aug 2026, place names and equivalent-naming rows kept
pt	tobias	generic personal-name gloss with no English equivalent named — a card cannot be answered from it; owner decision 25 Aug 2026, place names and equivalent-naming rows kept
pt	tony	generic personal-name gloss with no English equivalent named — a card cannot be answered from it; owner decision 25 Aug 2026, place names and equivalent-naming rows kept
pt	washington	generic personal-name gloss with no English equivalent named — a card cannot be answered from it; owner decision 25 Aug 2026, place names and equivalent-naming rows kept
pt	william	generic personal-name gloss with no English equivalent named — a card cannot be answered from it; owner decision 25 Aug 2026, place names and equivalent-naming rows kept
pt	wolf	generic personal-name gloss with no English equivalent named — a card cannot be answered from it; owner decision 25 Aug 2026, place names and equivalent-naming rows kept
pt	yuri	generic personal-name gloss with no English equivalent named — a card cannot be answered from it; owner decision 25 Aug 2026, place names and equivalent-naming rows kept
ro	adam	generic personal-name gloss with no English equivalent named — a card cannot be answered from it; owner decision 25 Aug 2026, place names and equivalent-naming rows kept
ro	albert	generic personal-name gloss with no English equivalent named — a card cannot be answered from it; owner decision 25 Aug 2026, place names and equivalent-naming rows kept
ro	alexa	generic personal-name gloss with no English equivalent named — a card cannot be answered from it; owner decision 25 Aug 2026, place names and equivalent-naming rows kept
ro	anton	generic personal-name gloss with no English equivalent named — a card cannot be answered from it; owner decision 25 Aug 2026, place names and equivalent-naming rows kept
ro	beatrice	generic personal-name gloss with no English equivalent named — a card cannot be answered from it; owner decision 25 Aug 2026, place names and equivalent-naming rows kept
ro	bender	generic personal-name gloss with no English equivalent named — a card cannot be answered from it; owner decision 25 Aug 2026, place names and equivalent-naming rows kept
ro	bianca	generic personal-name gloss with no English equivalent named — a card cannot be answered from it; owner decision 25 Aug 2026, place names and equivalent-naming rows kept
ro	bone	generic personal-name gloss with no English equivalent named — a card cannot be answered from it; owner decision 25 Aug 2026, place names and equivalent-naming rows kept
ro	broasca	generic personal-name gloss with no English equivalent named — a card cannot be answered from it; owner decision 25 Aug 2026, place names and equivalent-naming rows kept
ro	băiatu	generic personal-name gloss with no English equivalent named — a card cannot be answered from it; owner decision 25 Aug 2026, place names and equivalent-naming rows kept
ro	carmen	generic personal-name gloss with no English equivalent named — a card cannot be answered from it; owner decision 25 Aug 2026, place names and equivalent-naming rows kept
ro	coliba	generic personal-name gloss with no English equivalent named — a card cannot be answered from it; owner decision 25 Aug 2026, place names and equivalent-naming rows kept
ro	cornelia	generic personal-name gloss with no English equivalent named — a card cannot be answered from it; owner decision 25 Aug 2026, place names and equivalent-naming rows kept
ro	cristina	generic personal-name gloss with no English equivalent named — a card cannot be answered from it; owner decision 25 Aug 2026, place names and equivalent-naming rows kept
ro	damian	generic personal-name gloss with no English equivalent named — a card cannot be answered from it; owner decision 25 Aug 2026, place names and equivalent-naming rows kept
ro	domnu	generic personal-name gloss with no English equivalent named — a card cannot be answered from it; owner decision 25 Aug 2026, place names and equivalent-naming rows kept
ro	done	generic personal-name gloss with no English equivalent named — a card cannot be answered from it; owner decision 25 Aug 2026, place names and equivalent-naming rows kept
ro	duca	generic personal-name gloss with no English equivalent named — a card cannot be answered from it; owner decision 25 Aug 2026, place names and equivalent-naming rows kept
ro	elena	generic personal-name gloss with no English equivalent named — a card cannot be answered from it; owner decision 25 Aug 2026, place names and equivalent-naming rows kept
ro	emilia	generic personal-name gloss with no English equivalent named — a card cannot be answered from it; owner decision 25 Aug 2026, place names and equivalent-naming rows kept
ro	fana	generic personal-name gloss with no English equivalent named — a card cannot be answered from it; owner decision 25 Aug 2026, place names and equivalent-naming rows kept
ro	florina	generic personal-name gloss with no English equivalent named — a card cannot be answered from it; owner decision 25 Aug 2026, place names and equivalent-naming rows kept
ro	george	generic personal-name gloss with no English equivalent named — a card cannot be answered from it; owner decision 25 Aug 2026, place names and equivalent-naming rows kept
ro	gore	generic personal-name gloss with no English equivalent named — a card cannot be answered from it; owner decision 25 Aug 2026, place names and equivalent-naming rows kept
ro	gusti	generic personal-name gloss with no English equivalent named — a card cannot be answered from it; owner decision 25 Aug 2026, place names and equivalent-naming rows kept
ro	hubert	generic personal-name gloss with no English equivalent named — a card cannot be answered from it; owner decision 25 Aug 2026, place names and equivalent-naming rows kept
ro	iacov	generic personal-name gloss with no English equivalent named — a card cannot be answered from it; owner decision 25 Aug 2026, place names and equivalent-naming rows kept
ro	irina	generic personal-name gloss with no English equivalent named — a card cannot be answered from it; owner decision 25 Aug 2026, place names and equivalent-naming rows kept
ro	ivan	generic personal-name gloss with no English equivalent named — a card cannot be answered from it; owner decision 25 Aug 2026, place names and equivalent-naming rows kept
ro	leon	generic personal-name gloss with no English equivalent named — a card cannot be answered from it; owner decision 25 Aug 2026, place names and equivalent-naming rows kept
ro	leonard	generic personal-name gloss with no English equivalent named — a card cannot be answered from it; owner decision 25 Aug 2026, place names and equivalent-naming rows kept
ro	mara	generic personal-name gloss with no English equivalent named — a card cannot be answered from it; owner decision 25 Aug 2026, place names and equivalent-naming rows kept
ro	marcel	generic personal-name gloss with no English equivalent named — a card cannot be answered from it; owner decision 25 Aug 2026, place names and equivalent-naming rows kept
ro	marcus	generic personal-name gloss with no English equivalent named — a card cannot be answered from it; owner decision 25 Aug 2026, place names and equivalent-naming rows kept
ro	marian	generic personal-name gloss with no English equivalent named — a card cannot be answered from it; owner decision 25 Aug 2026, place names and equivalent-naming rows kept
ro	marius	generic personal-name gloss with no English equivalent named — a card cannot be answered from it; owner decision 25 Aug 2026, place names and equivalent-naming rows kept
ro	marta	generic personal-name gloss with no English equivalent named — a card cannot be answered from it; owner decision 25 Aug 2026, place names and equivalent-naming rows kept
ro	mihai	generic personal-name gloss with no English equivalent named — a card cannot be answered from it; owner decision 25 Aug 2026, place names and equivalent-naming rows kept
ro	mihail	generic personal-name gloss with no English equivalent named — a card cannot be answered from it; owner decision 25 Aug 2026, place names and equivalent-naming rows kept
ro	mătușa	generic personal-name gloss with no English equivalent named — a card cannot be answered from it; owner decision 25 Aug 2026, place names and equivalent-naming rows kept
ro	nora	generic personal-name gloss with no English equivalent named — a card cannot be answered from it; owner decision 25 Aug 2026, place names and equivalent-naming rows kept
ro	pavel	generic personal-name gloss with no English equivalent named — a card cannot be answered from it; owner decision 25 Aug 2026, place names and equivalent-naming rows kept
ro	ramona	generic personal-name gloss with no English equivalent named — a card cannot be answered from it; owner decision 25 Aug 2026, place names and equivalent-naming rows kept
ro	roberta	generic personal-name gloss with no English equivalent named — a card cannot be answered from it; owner decision 25 Aug 2026, place names and equivalent-naming rows kept
ro	roca	generic personal-name gloss with no English equivalent named — a card cannot be answered from it; owner decision 25 Aug 2026, place names and equivalent-naming rows kept
ro	russo	generic personal-name gloss with no English equivalent named — a card cannot be answered from it; owner decision 25 Aug 2026, place names and equivalent-naming rows kept
ro	scântei	generic personal-name gloss with no English equivalent named — a card cannot be answered from it; owner decision 25 Aug 2026, place names and equivalent-naming rows kept
ro	sebastian	generic personal-name gloss with no English equivalent named — a card cannot be answered from it; owner decision 25 Aug 2026, place names and equivalent-naming rows kept
ro	serghei	generic personal-name gloss with no English equivalent named — a card cannot be answered from it; owner decision 25 Aug 2026, place names and equivalent-naming rows kept
ro	singer	generic personal-name gloss with no English equivalent named — a card cannot be answered from it; owner decision 25 Aug 2026, place names and equivalent-naming rows kept
ro	tamara	generic personal-name gloss with no English equivalent named — a card cannot be answered from it; owner decision 25 Aug 2026, place names and equivalent-naming rows kept
ro	tîrziu	generic personal-name gloss with no English equivalent named — a card cannot be answered from it; owner decision 25 Aug 2026, place names and equivalent-naming rows kept
ro	varza	generic personal-name gloss with no English equivalent named — a card cannot be answered from it; owner decision 25 Aug 2026, place names and equivalent-naming rows kept
ro	veronica	generic personal-name gloss with no English equivalent named — a card cannot be answered from it; owner decision 25 Aug 2026, place names and equivalent-naming rows kept
ro	vlad	generic personal-name gloss with no English equivalent named — a card cannot be answered from it; owner decision 25 Aug 2026, place names and equivalent-naming rows kept
ro	văduva	generic personal-name gloss with no English equivalent named — a card cannot be answered from it; owner decision 25 Aug 2026, place names and equivalent-naming rows kept
ro	wolf	generic personal-name gloss with no English equivalent named — a card cannot be answered from it; owner decision 25 Aug 2026, place names and equivalent-naming rows kept
sw	gabrieli	generic personal-name gloss with no English equivalent named — a card cannot be answered from it; owner decision 25 Aug 2026, place names and equivalent-naming rows kept
sw	zakayo	generic personal-name gloss with no English equivalent named — a card cannot be answered from it; owner decision 25 Aug 2026, place names and equivalent-naming rows kept
tr	abbas	generic personal-name gloss with no English equivalent named — a card cannot be answered from it; owner decision 25 Aug 2026, place names and equivalent-naming rows kept
tr	abdullah	generic personal-name gloss with no English equivalent named — a card cannot be answered from it; owner decision 25 Aug 2026, place names and equivalent-naming rows kept
tr	adal	generic personal-name gloss with no English equivalent named — a card cannot be answered from it; owner decision 25 Aug 2026, place names and equivalent-naming rows kept
tr	ali	generic personal-name gloss with no English equivalent named — a card cannot be answered from it; owner decision 25 Aug 2026, place names and equivalent-naming rows kept
tr	ayda	generic personal-name gloss with no English equivalent named — a card cannot be answered from it; owner decision 25 Aug 2026, place names and equivalent-naming rows kept
tr	aydan	generic personal-name gloss with no English equivalent named — a card cannot be answered from it; owner decision 25 Aug 2026, place names and equivalent-naming rows kept
tr	aylin	generic personal-name gloss with no English equivalent named — a card cannot be answered from it; owner decision 25 Aug 2026, place names and equivalent-naming rows kept
tr	ayşe	generic personal-name gloss with no English equivalent named — a card cannot be answered from it; owner decision 25 Aug 2026, place names and equivalent-naming rows kept
tr	açıl	generic personal-name gloss with no English equivalent named — a card cannot be answered from it; owner decision 25 Aug 2026, place names and equivalent-naming rows kept
tr	birgün	generic personal-name gloss with no English equivalent named — a card cannot be answered from it; owner decision 25 Aug 2026, place names and equivalent-naming rows kept
tr	bob	generic personal-name gloss with no English equivalent named — a card cannot be answered from it; owner decision 25 Aug 2026, place names and equivalent-naming rows kept
tr	burak	generic personal-name gloss with no English equivalent named — a card cannot be answered from it; owner decision 25 Aug 2026, place names and equivalent-naming rows kept
tr	burcu	generic personal-name gloss with no English equivalent named — a card cannot be answered from it; owner decision 25 Aug 2026, place names and equivalent-naming rows kept
tr	bülent	generic personal-name gloss with no English equivalent named — a card cannot be answered from it; owner decision 25 Aug 2026, place names and equivalent-naming rows kept
tr	cem	generic personal-name gloss with no English equivalent named — a card cannot be answered from it; owner decision 25 Aug 2026, place names and equivalent-naming rows kept
tr	cemal	generic personal-name gloss with no English equivalent named — a card cannot be answered from it; owner decision 25 Aug 2026, place names and equivalent-naming rows kept
tr	cemre	generic personal-name gloss with no English equivalent named — a card cannot be answered from it; owner decision 25 Aug 2026, place names and equivalent-naming rows kept
tr	duran	generic personal-name gloss with no English equivalent named — a card cannot be answered from it; owner decision 25 Aug 2026, place names and equivalent-naming rows kept
tr	durmuş	generic personal-name gloss with no English equivalent named — a card cannot be answered from it; owner decision 25 Aug 2026, place names and equivalent-naming rows kept
tr	emre	generic personal-name gloss with no English equivalent named — a card cannot be answered from it; owner decision 25 Aug 2026, place names and equivalent-naming rows kept
tr	erer	generic personal-name gloss with no English equivalent named — a card cannot be answered from it; owner decision 25 Aug 2026, place names and equivalent-naming rows kept
tr	faruk	generic personal-name gloss with no English equivalent named — a card cannot be answered from it; owner decision 25 Aug 2026, place names and equivalent-naming rows kept
tr	fatma	generic personal-name gloss with no English equivalent named — a card cannot be answered from it; owner decision 25 Aug 2026, place names and equivalent-naming rows kept
tr	ferdi	generic personal-name gloss with no English equivalent named — a card cannot be answered from it; owner decision 25 Aug 2026, place names and equivalent-naming rows kept
tr	gülen	generic personal-name gloss with no English equivalent named — a card cannot be answered from it; owner decision 25 Aug 2026, place names and equivalent-naming rows kept
tr	güler	generic personal-name gloss with no English equivalent named — a card cannot be answered from it; owner decision 25 Aug 2026, place names and equivalent-naming rows kept
tr	haldun	generic personal-name gloss with no English equivalent named — a card cannot be answered from it; owner decision 25 Aug 2026, place names and equivalent-naming rows kept
tr	halil	generic personal-name gloss with no English equivalent named — a card cannot be answered from it; owner decision 25 Aug 2026, place names and equivalent-naming rows kept
tr	hasan	generic personal-name gloss with no English equivalent named — a card cannot be answered from it; owner decision 25 Aug 2026, place names and equivalent-naming rows kept
tr	hatice	generic personal-name gloss with no English equivalent named — a card cannot be answered from it; owner decision 25 Aug 2026, place names and equivalent-naming rows kept
tr	hüseyin	generic personal-name gloss with no English equivalent named — a card cannot be answered from it; owner decision 25 Aug 2026, place names and equivalent-naming rows kept
tr	irmak	generic personal-name gloss with no English equivalent named — a card cannot be answered from it; owner decision 25 Aug 2026, place names and equivalent-naming rows kept
tr	işık	generic personal-name gloss with no English equivalent named — a card cannot be answered from it; owner decision 25 Aug 2026, place names and equivalent-naming rows kept
tr	kai	generic personal-name gloss with no English equivalent named — a card cannot be answered from it; owner decision 25 Aug 2026, place names and equivalent-naming rows kept
tr	leyla	generic personal-name gloss with no English equivalent named — a card cannot be answered from it; owner decision 25 Aug 2026, place names and equivalent-naming rows kept
tr	mahmut	generic personal-name gloss with no English equivalent named — a card cannot be answered from it; owner decision 25 Aug 2026, place names and equivalent-naming rows kept
tr	makbule	generic personal-name gloss with no English equivalent named — a card cannot be answered from it; owner decision 25 Aug 2026, place names and equivalent-naming rows kept
tr	mehmet	generic personal-name gloss with no English equivalent named — a card cannot be answered from it; owner decision 25 Aug 2026, place names and equivalent-naming rows kept
tr	mustafa	generic personal-name gloss with no English equivalent named — a card cannot be answered from it; owner decision 25 Aug 2026, place names and equivalent-naming rows kept
tr	okay	generic personal-name gloss with no English equivalent named — a card cannot be answered from it; owner decision 25 Aug 2026, place names and equivalent-naming rows kept
tr	olsan	generic personal-name gloss with no English equivalent named — a card cannot be answered from it; owner decision 25 Aug 2026, place names and equivalent-naming rows kept
tr	oral	generic personal-name gloss with no English equivalent named — a card cannot be answered from it; owner decision 25 Aug 2026, place names and equivalent-naming rows kept
tr	satılmış	generic personal-name gloss with no English equivalent named — a card cannot be answered from it; owner decision 25 Aug 2026, place names and equivalent-naming rows kept
tr	selim	generic personal-name gloss with no English equivalent named — a card cannot be answered from it; owner decision 25 Aug 2026, place names and equivalent-naming rows kept
tr	selma	generic personal-name gloss with no English equivalent named — a card cannot be answered from it; owner decision 25 Aug 2026, place names and equivalent-naming rows kept
tr	seren	generic personal-name gloss with no English equivalent named — a card cannot be answered from it; owner decision 25 Aug 2026, place names and equivalent-naming rows kept
tr	sinan	generic personal-name gloss with no English equivalent named — a card cannot be answered from it; owner decision 25 Aug 2026, place names and equivalent-naming rows kept
tr	sinem	generic personal-name gloss with no English equivalent named — a card cannot be answered from it; owner decision 25 Aug 2026, place names and equivalent-naming rows kept
tr	sun	generic personal-name gloss with no English equivalent named — a card cannot be answered from it; owner decision 25 Aug 2026, place names and equivalent-naming rows kept
tr	tarık	generic personal-name gloss with no English equivalent named — a card cannot be answered from it; owner decision 25 Aug 2026, place names and equivalent-naming rows kept
tr	tura	generic personal-name gloss with no English equivalent named — a card cannot be answered from it; owner decision 25 Aug 2026, place names and equivalent-naming rows kept
tr	ulaş	generic personal-name gloss with no English equivalent named — a card cannot be answered from it; owner decision 25 Aug 2026, place names and equivalent-naming rows kept
tr	umu	generic personal-name gloss with no English equivalent named — a card cannot be answered from it; owner decision 25 Aug 2026, place names and equivalent-naming rows kept
tr	vargas	generic personal-name gloss with no English equivalent named — a card cannot be answered from it; owner decision 25 Aug 2026, place names and equivalent-naming rows kept
tr	yaşar	generic personal-name gloss with no English equivalent named — a card cannot be answered from it; owner decision 25 Aug 2026, place names and equivalent-naming rows kept
tr	yola	generic personal-name gloss with no English equivalent named — a card cannot be answered from it; owner decision 25 Aug 2026, place names and equivalent-naming rows kept
tr	yüksel	generic personal-name gloss with no English equivalent named — a card cannot be answered from it; owner decision 25 Aug 2026, place names and equivalent-naming rows kept
tr	yıldır	generic personal-name gloss with no English equivalent named — a card cannot be answered from it; owner decision 25 Aug 2026, place names and equivalent-naming rows kept
tr	ömer	generic personal-name gloss with no English equivalent named — a card cannot be answered from it; owner decision 25 Aug 2026, place names and equivalent-naming rows kept
tr	öner	generic personal-name gloss with no English equivalent named — a card cannot be answered from it; owner decision 25 Aug 2026, place names and equivalent-naming rows kept
tr	özdemir	generic personal-name gloss with no English equivalent named — a card cannot be answered from it; owner decision 25 Aug 2026, place names and equivalent-naming rows kept
tr	üzer	generic personal-name gloss with no English equivalent named — a card cannot be answered from it; owner decision 25 Aug 2026, place names and equivalent-naming rows kept
tr	şerife	generic personal-name gloss with no English equivalent named — a card cannot be answered from it; owner decision 25 Aug 2026, place names and equivalent-naming rows kept
xh	nokuzola	generic personal-name gloss with no English equivalent named — a card cannot be answered from it; owner decision 25 Aug 2026, place names and equivalent-naming rows kept
yo	aina	generic personal-name gloss with no English equivalent named — a card cannot be answered from it; owner decision 25 Aug 2026, place names and equivalent-naming rows kept
yo	ajayi	generic personal-name gloss with no English equivalent named — a card cannot be answered from it; owner decision 25 Aug 2026, place names and equivalent-naming rows kept
yo	aladelusi	generic personal-name gloss with no English equivalent named — a card cannot be answered from it; owner decision 25 Aug 2026, place names and equivalent-naming rows kept
yo	ibidun	generic personal-name gloss with no English equivalent named — a card cannot be answered from it; owner decision 25 Aug 2026, place names and equivalent-naming rows kept
yo	idowu	generic personal-name gloss with no English equivalent named — a card cannot be answered from it; owner decision 25 Aug 2026, place names and equivalent-naming rows kept
yo	ige	generic personal-name gloss with no English equivalent named — a card cannot be answered from it; owner decision 25 Aug 2026, place names and equivalent-naming rows kept
yo	iyanda	generic personal-name gloss with no English equivalent named — a card cannot be answered from it; owner decision 25 Aug 2026, place names and equivalent-naming rows kept
yo	kunle	generic personal-name gloss with no English equivalent named — a card cannot be answered from it; owner decision 25 Aug 2026, place names and equivalent-naming rows kept
yo	kuti	generic personal-name gloss with no English equivalent named — a card cannot be answered from it; owner decision 25 Aug 2026, place names and equivalent-naming rows kept
yo	ogundele	generic personal-name gloss with no English equivalent named — a card cannot be answered from it; owner decision 25 Aug 2026, place names and equivalent-naming rows kept
yo	taiwo	generic personal-name gloss with no English equivalent named — a card cannot be answered from it; owner decision 25 Aug 2026, place names and equivalent-naming rows kept
yo	taye	generic personal-name gloss with no English equivalent named — a card cannot be answered from it; owner decision 25 Aug 2026, place names and equivalent-naming rows kept
ru	мен	inflected form filed as a headword — genitive plural of мена, not a lemma
ru	о.	an abbreviation with its full stop attached; the gloss 'order' is not what о. abbreviates
ar	نيك	obscene; the gloss euphemises it as a verbal noun. Not a card for a learning app
ar	أمى	archaic and glossed 'to take as female slave'; no learner meets this and the content is not one to teach
en	ac	WordNet matched the CHEMICAL SYMBOL, not the word — glossed 'a radioactive element of the actinide series'
en	al	WordNet matched the CHEMICAL SYMBOL, not the word — glossed 'a silvery ductile metallic element found pri'
en	au	WordNet matched the CHEMICAL SYMBOL, not the word — glossed 'a soft yellow malleable ductile (trivalent a'
en	ba	WordNet matched the CHEMICAL SYMBOL, not the word — glossed 'a soft silvery metallic element of the alkal'
en	bi	WordNet matched the CHEMICAL SYMBOL, not the word — glossed 'a heavy brittle diamagnetic trivalent metall'
en	cd	WordNet matched the CHEMICAL SYMBOL, not the word — glossed 'a soft bluish-white ductile malleable toxic '
en	cha	reduced/clitic form, not a standalone written English headword ('em, we'll, ya)
en	em	reduced/clitic form, not a standalone written English headword ('em, we'll, ya)
en	er	reduced/clitic form, not a standalone written English headword ('em, we'll, ya)
en	ere	reduced/clitic form, not a standalone written English headword ('em, we'll, ya)
en	eu	WordNet matched the CHEMICAL SYMBOL, not the word — glossed 'a bivalent and trivalent metallic element of'
en	fe	WordNet matched the CHEMICAL SYMBOL, not the word — glossed 'a heavy ductile magnetic metallic element; i'
en	ho	WordNet matched the CHEMICAL SYMBOL, not the word — glossed 'a trivalent metallic element of the rare ear'
en	la	WordNet matched the CHEMICAL SYMBOL, not the word — glossed 'a white soft metallic element that tarnishes'
en	las	WordNet matched the CHEMICAL SYMBOL, not the word — glossed 'a white soft metallic element that tarnishes'
en	ll	reduced/clitic form, not a standalone written English headword ('em, we'll, ya)
en	lu	WordNet matched the CHEMICAL SYMBOL, not the word — glossed 'a trivalent metallic element of the rare ear'
en	mu	WordNet matched the LETTER NAME, not the word — glossed 'the 12th letter of the Greek alphabet'
en	na	WordNet matched the CHEMICAL SYMBOL, not the word — glossed 'a silvery soft waxy metallic element of the '
en	ne	WordNet matched the CHEMICAL SYMBOL, not the word — glossed 'a colorless odorless gaseous element that gi'
en	ni	WordNet matched the CHEMICAL SYMBOL, not the word — glossed 'a hard malleable ductile silvery metallic el'
en	pd	WordNet matched the CHEMICAL SYMBOL, not the word — glossed 'a silver-white metallic element of the plati'
en	po	WordNet matched the CHEMICAL SYMBOL, not the word — glossed 'a radioactive metallic element that is simil'
en	pos	WordNet matched the CHEMICAL SYMBOL, not the word — glossed 'a radioactive metallic element that is simil'
en	pr	WordNet matched the CHEMICAL SYMBOL, not the word — glossed 'a soft yellowish-white trivalent metallic el'
en	ra	WordNet matched the CHEMICAL SYMBOL, not the word — glossed 'an intensely radioactive metallic element th'
en	re	reduced/clitic form, not a standalone written English headword ('em, we'll, ya)
en	se	WordNet matched the CHEMICAL SYMBOL, not the word — glossed 'a toxic nonmetallic element related to sulfu'
en	si	WordNet matched the CHEMICAL SYMBOL, not the word — glossed 'a tetravalent nonmetallic element; next to o'
en	ta	WordNet matched the CHEMICAL SYMBOL, not the word — glossed 'a hard grey lustrous metallic element that i'
en	ti	WordNet matched the CHEMICAL SYMBOL, not the word — glossed 'a light strong grey lustrous corrosion-resis'
en	tin	WordNet matched the CHEMICAL SYMBOL, not the word — glossed 'a silvery malleable metallic element that re'
en	tis	reduced/clitic form, not a standalone written English headword ('em, we'll, ya)
en	ve	reduced/clitic form, not a standalone written English headword ('em, we'll, ya)
en	wanna	reduced/clitic form, not a standalone written English headword ('em, we'll, ya)
en	ya	reduced/clitic form, not a standalone written English headword ('em, we'll, ya)
en	yer	reduced/clitic form, not a standalone written English headword ('em, we'll, ya)
ar	،	The Arabic comma, a punctuation mark that no learner can be asked to produce from a definition.
ar	؛	The Arabic semicolon, a punctuation mark rather than vocabulary.
ar	ء	The hamza sign marking a glottal stop, a diacritic written on or beside a carrier letter.
ar	آ	Alif maddah, a grapheme for the sequence /ʔaː/, purely an orthographic sign.
ar	إ	Alif with hamza below, a letter form/orthographic variant rather than a word.
ar	ا	The letter alif, listed by its alphabet identity.
ar	ة	Tāʾ marbūṭa, the feminine ending letter, which only occurs word-finally attached to a stem.
ar	ث	The letter thāʾ, an alphabet letter with no lexical meaning.
ar	ح	The letter ḥāʾ, an alphabet letter with no lexical meaning.
ar	خ	The letter khāʾ, listed by its alphabet/abjad-numeral identity.
ar	ذ	The letter dhāl, listed by its alphabet/abjad-numeral identity.
ar	ر	The letter rāʾ, an alphabet letter with no lexical meaning.
ar	ز	The letter zāy, listed by its alphabet/abjad-numeral identity.
ar	ش	The letter shīn, listed by its alphabet identity.
ar	ض	The letter ḍād, an alphabet letter with no lexical meaning.
ar	ظ	The letter ẓāʾ, an alphabet letter with no lexical meaning.
ar	غ	The letter ghayn, the last of the abjad numeral series, not a word.
ar	ى	Alif maqṣūra, a word-final letter form/ending, never a standalone word.
ca	è	The gloss describes the letter e carrying a grave accent — an accented letter of the alphabet, not a Catalan word.
de	d	The gloss says outright it is the fourth letter of the German alphabet, called 'de'.
de	k	The gloss says outright it is the eleventh letter of the German alphabet.
de	l	The gloss says outright it is the twelfth letter of the German alphabet (and the litre symbol).
de	m	The gloss says outright it is the thirteenth letter of the German alphabet.
de	w	The gloss says outright it is the twenty-third letter of the German alphabet (also the watt symbol).
de	y	The gloss is explicitly 'the letter y'.
el	ς	The word-final form of the letter sigma — a glyph variant, explicitly glossed as a letter.
en	e	A WordNet extraction artefact: the 'fat-soluble vitamin' sense is the letter E in the compound 'vitamin E', not a standalone English word.
fr	â	The gloss names it outright as the letter a with a circumflex, an alphabet entry rather than vocabulary.
hi	अ	The first vowel of the Devanagari alphabet, listed by its letter identity rather than any meaning.
hi	इ	The name of the third vowel of the alphabet, not a word.
hi	ई	The name of the fourth vowel of the alphabet, not a word.
hi	ऊ	The name of the sixth vowel of the alphabet, not a vocabulary item.
hi	क	A bare consonant letter of the Devanagari alphabet.
hi	ख	A bare consonant letter of the Devanagari alphabet.
hi	घ	A bare consonant letter of the Devanagari alphabet.
hi	छ	A bare consonant letter of the Devanagari alphabet.
hi	ज	A bare consonant letter of the Devanagari alphabet.
hi	ट	A bare consonant letter of the Devanagari alphabet.
hi	त	A bare consonant letter of the Devanagari alphabet.
hi	थ	A bare consonant letter of the Devanagari alphabet.
hi	द	A bare consonant letter of the Devanagari alphabet; a Hindi consonant sign carries no vowel and is not a pronounceable word.
hi	ब	A bare consonant letter of the Devanagari alphabet.
hi	म	A bare consonant letter of the Devanagari alphabet.
hi	र	A bare consonant letter of the Devanagari alphabet.
hi	ल	A bare consonant letter of the Devanagari alphabet, glossed as the twenty-eighth consonant.
hi	श	A bare consonant letter of the Devanagari alphabet.
hi	स	A bare consonant letter of the Devanagari alphabet.
hi	ह	A bare consonant letter of the Devanagari alphabet.
hi	१	The Devanagari digit 1; the word is एक, not the glyph.
hi	१०	The Devanagari digits for 10; the word is दस, not this glyph string.
hi	१००	The Devanagari digits for 100; the word is सौ, not this three-glyph numeral.
hi	१६	The Devanagari digits for 16; the word is सोलह, not the numeral glyphs.
hi	२	The Devanagari digit 2; the word is दो, so this is a numeral glyph harvested as a headword.
hi	३	The Devanagari digit 3; the word is तीन, not the numeral glyph.
hi	४	The Devanagari digit 4; the word is चार, not the numeral glyph.
hi	५	The Devanagari digit 5; the word is पाँच, not the numeral glyph.
hi	५०	The numeral 50 written in Devanagari digits; the Hindi word is पचास, and the digit string is extraction debris from a corpus.
hi	८५	The Devanagari digits for 85, a numeral string, not a Hindi word.
hi	९०	The Devanagari digits for 90 (the gloss even miscounts it as 88), a numeral glyph rather than a word.
hi	९३	The Devanagari digits for 93, a numeral string picked up by the extractor rather than a vocabulary item.
it	r	The gloss identifies it as the sixteenth letter of the Italian alphabet, called 'erre'.
it	z	A letter name (zeta), described here as a Greek-alphabet letter — nothing a learner produces from a definition.
it	é	The gloss says it outright: this is the letter e with an acute accent describing a pronunciation, not an Italian word (the word is 'è', already lis...
ko	-	A length mark/hyphen character, not a Korean word at all.
ko	ㆍ	This is the archaic Hangul jamo arae-a, a letter, not a word.
ko	닐	The gloss is an empty hanja stub ('昵; 昵:'); 닐 is a bound reading that never occurs alone.
ko	람	The gloss is the placeholder 'More information'; 람 is a bound Sino-Korean root, never standalone.
ko	래	The gloss is the placeholder 'More information'; 래 is a bound ending/root that never stands alone.
ko	스	The gloss identifies it as an alternative name of the letter ㅅ; a letter name, not vocabulary.
ko	찰	The gloss is the placeholder 'More information'; 찰 is a bound root (찰과상, 관찰) that never stands alone.
ko	출	The gloss is an empty hanja stub ('出; 出:'); 출 is a bound Sino-Korean root that never stands alone.
nl	y	The gloss says it is the twenty-fifth letter of the Dutch alphabet.
pt	l	The gloss states it is the twelfth letter of the Portuguese alphabet.
pt	t	A letter used as a shape name for a multi-plug adaptor; not vocabulary a learner should be asked to produce.
pt	y	A letter not native to Portuguese spelling, listed only for a Y-shape sense; not producible vocabulary.
pt	á	A bare accented vowel with an implausible gloss ('wing' is asa/ala in Portuguese) — the letter name or extraction debris, not vocabulary.
pt	â	The gloss describes an adverb-forming suffix, so this row is extraction debris from a different entry rather than a headword.
pt	ã	The nasal-tilde vowel character itself, glossed as a letter — it never stands alone as a word.
ru	ъ	The hard sign, a silent orthographic letter that has no meaning and is never pronounced or produced on its own.
th	ฯ	Paiyannoi, the punctuation mark that signals an abbreviation or 'et cetera' — a typographic sign, not vocabulary.
th	ะ	Wisanchani, the short-vowel sign written after a consonant; a vowel mark, not vocabulary.
th	ั	Mai han akat, the superscript short-a vowel sign; it has no independent existence and must sit on a consonant.
th	า	Lak khang, the long-a vowel sign written after a consonant; a vowel mark, not a word.
th	ุ	Tin yiat, the subscript short-u vowel sign; it attaches beneath a consonant and is not a word.
th	เ	The pre-posed vowel sign sara e; it is written before its consonant and is never a word.
th	แ	The pre-posed vowel sign sara ae (two เ), written before its consonant and never independent.
th	โ	The pre-posed vowel sign sara o, written before a consonant it belongs to and meaningless alone.
th	ใ	The pre-posed vowel sign sara ai mai muan, a vowel letter that cannot form a syllable by itself.
th	ไ	The pre-posed vowel sign sara ai mai malai, a vowel letter that cannot stand alone.
th	็	Mai taikhu, the vowel-shortening mark written above a consonant.
th	่	Mai ek, a tone mark written above a consonant and meaningless in isolation.
th	้	Mai tho, a tone mark that only exists stacked above a consonant.
th	์	Thanthakhat, the killer diacritic that silences the consonant beneath it.
tr	â	The gloss describes the letter a with a circumflex, an orthographic letter used to mark length/palatalisation inside words — never a Turkish word b...
en	alan	a given name; unanswerable from a definition, like the 645 retired on 25 Aug
en	alex	a given name; unanswerable from a definition, like the 645 retired on 25 Aug
en	alice	a given name; unanswerable from a definition, like the 645 retired on 25 Aug
en	amy	a given name; unanswerable from a definition, like the 645 retired on 25 Aug
en	andy	a given name; unanswerable from a definition, like the 645 retired on 25 Aug
en	annie	a given name; unanswerable from a definition, like the 645 retired on 25 Aug
en	aren	tokenizer debris from a contraction (didn't, wouldn't) — not a standalone headword
en	ashame	extraction artefact, not a standard written English headword
en	brian	a given name; unanswerable from a definition, like the 645 retired on 25 Aug
en	carl	a given name; unanswerable from a definition, like the 645 retired on 25 Aug
en	charlie	a given name; unanswerable from a definition, like the 645 retired on 25 Aug
en	chris	a given name; unanswerable from a definition, like the 645 retired on 25 Aug
en	claire	a given name; unanswerable from a definition, like the 645 retired on 25 Aug
en	couldn	tokenizer debris from a contraction (didn't, wouldn't) — not a standalone headword
en	dan	a given name; unanswerable from a definition, like the 645 retired on 25 Aug
en	danny	a given name; unanswerable from a definition, like the 645 retired on 25 Aug
en	dave	a given name; unanswerable from a definition, like the 645 retired on 25 Aug
en	didn	tokenizer debris from a contraction (didn't, wouldn't) — not a standalone headword
en	doesn	tokenizer debris from a contraction (didn't, wouldn't) — not a standalone headword
en	doin	extraction artefact, not a standard written English headword
en	dr	a written abbreviation, not a word a learner produces
en	eddie	a given name; unanswerable from a definition, like the 645 retired on 25 Aug
en	emily	a given name; unanswerable from a definition, like the 645 retired on 25 Aug
en	emma	a given name; unanswerable from a definition, like the 645 retired on 25 Aug
en	eric	a given name; unanswerable from a definition, like the 645 retired on 25 Aug
en	fre	extraction artefact, not a standard written English headword
en	fuckin	extraction artefact, not a standard written English headword
en	goin	extraction artefact, not a standard written English headword
en	hadn	tokenizer debris from a contraction (didn't, wouldn't) — not a standalone headword
en	hasn	tokenizer debris from a contraction (didn't, wouldn't) — not a standalone headword
en	jake	a given name; unanswerable from a definition, like the 645 retired on 25 Aug
en	jane	a given name; unanswerable from a definition, like the 645 retired on 25 Aug
en	jeff	a given name; unanswerable from a definition, like the 645 retired on 25 Aug
en	jim	a given name; unanswerable from a definition, like the 645 retired on 25 Aug
en	joe	a given name; unanswerable from a definition, like the 645 retired on 25 Aug
en	kate	a given name; unanswerable from a definition, like the 645 retired on 25 Aug
en	kevin	a given name; unanswerable from a definition, like the 645 retired on 25 Aug
en	kim	a given name; unanswerable from a definition, like the 645 retired on 25 Aug
en	larry	a given name; unanswerable from a definition, like the 645 retired on 25 Aug
en	laura	a given name; unanswerable from a definition, like the 645 retired on 25 Aug
en	lisa	a given name; unanswerable from a definition, like the 645 retired on 25 Aug
en	lt	a written abbreviation, not a word a learner produces
en	ohh	extraction artefact, not a standard written English headword
en	outta	extraction artefact, not a standard written English headword
en	pete	a given name; unanswerable from a definition, like the 645 retired on 25 Aug
en	phil	a given name; unanswerable from a definition, like the 645 retired on 25 Aug
en	richard	a given name; unanswerable from a definition, like the 645 retired on 25 Aug
en	roger	a given name; unanswerable from a definition, like the 645 retired on 25 Aug
en	ryan	a given name; unanswerable from a definition, like the 645 retired on 25 Aug
en	san	a written abbreviation, not a word a learner produces
en	shouldn	tokenizer debris from a contraction (didn't, wouldn't) — not a standalone headword
en	steve	a given name; unanswerable from a definition, like the 645 retired on 25 Aug
en	tim	a given name; unanswerable from a definition, like the 645 retired on 25 Aug
en	tommy	a given name; unanswerable from a definition, like the 645 retired on 25 Aug
en	tony	a given name; unanswerable from a definition, like the 645 retired on 25 Aug
en	wasn	tokenizer debris from a contraction (didn't, wouldn't) — not a standalone headword
en	weren	tokenizer debris from a contraction (didn't, wouldn't) — not a standalone headword
en	william	a given name; unanswerable from a definition, like the 645 retired on 25 Aug
en	wouldn	tokenizer debris from a contraction (didn't, wouldn't) — not a standalone headword
el	ά	abbreviation of άλλως; a marked letter, and it grades as 'α' (rank 368)
en	yöu	no gloss and no such English word — an umlauted mis-scan that grades as 'you' (rank 2)
pt	es	initialism of Espírito Santo, a Brazilian state; grades as 'és' (rank 110)
pt	nã	eye-dialect spelling of não; grades as 'na' (rank 29) and teaches a spelling nobody writes
tr	mı	vowel-harmony spelling of mi; one card, typed as any of its forms (tr.md, 7 Sep 2026)
tr	mu	vowel-harmony spelling of mi; one card, typed as any of its forms (tr.md, 7 Sep 2026)
tr	mü	vowel-harmony spelling of mi; one card, typed as any of its forms (tr.md, 7 Sep 2026)
tr	da	vowel-harmony spelling of de; one card, typed as any of its forms (tr.md, 7 Sep 2026)
tr	te	vowel-harmony spelling of ta; one card, typed as any of its forms (tr.md, 7 Sep 2026)
tr	ii	Roman numeral II (II. Dünya Savaşı) read as a word; 'abbreviation of iyi' is not a Turkish word (7 Sep 2026)
ca	d	a single letter glossed by its position in the alphabet, not a word — production-only row the file sweeps never saw (#416 class, 7 Sep 2026)
ca	l	a single letter glossed by its position in the alphabet, not a word — production-only row the file sweeps never saw (#416 class, 7 Sep 2026)
ca	m	a single letter glossed by its position in the alphabet, not a word — production-only row the file sweeps never saw (#416 class, 7 Sep 2026)
ca	t	a single letter glossed by its position in the alphabet, not a word — production-only row the file sweeps never saw (#416 class, 7 Sep 2026)
ca	s	a single letter glossed by its position in the alphabet, not a word — production-only row the file sweeps never saw (#416 class, 7 Sep 2026)
ca	n	a single letter glossed by its position in the alphabet, not a word — production-only row the file sweeps never saw (#416 class, 7 Sep 2026)
ca	e	a single letter glossed by its position in the alphabet, not a word — production-only row the file sweeps never saw (#416 class, 7 Sep 2026)
ca	h	a single letter glossed by its position in the alphabet, not a word — production-only row the file sweeps never saw (#416 class, 7 Sep 2026)
ca	b	a single letter glossed by its position in the alphabet, not a word — production-only row the file sweeps never saw (#416 class, 7 Sep 2026)
ca	c	a single letter glossed by its position in the alphabet, not a word — production-only row the file sweeps never saw (#416 class, 7 Sep 2026)
ca	k	a single letter glossed by its position in the alphabet, not a word — production-only row the file sweeps never saw (#416 class, 7 Sep 2026)
ca	p	a single letter glossed by its position in the alphabet, not a word — production-only row the file sweeps never saw (#416 class, 7 Sep 2026)
ca	g	a single letter glossed by its position in the alphabet, not a word — production-only row the file sweeps never saw (#416 class, 7 Sep 2026)
ca	j	a single letter glossed by its position in the alphabet, not a word — production-only row the file sweeps never saw (#416 class, 7 Sep 2026)
ca	v	a single letter glossed by its position in the alphabet, not a word — production-only row the file sweeps never saw (#416 class, 7 Sep 2026)
ca	r	a single letter glossed by its position in the alphabet, not a word — production-only row the file sweeps never saw (#416 class, 7 Sep 2026)
ca	q	a single letter glossed by its position in the alphabet, not a word — production-only row the file sweeps never saw (#416 class, 7 Sep 2026)
ca	à	a single letter glossed by its position in the alphabet, not a word — production-only row the file sweeps never saw (#416 class, 7 Sep 2026)
ca	é	a single letter glossed by its position in the alphabet, not a word — production-only row the file sweeps never saw (#416 class, 7 Sep 2026)
ca	f	a single letter glossed by its position in the alphabet, not a word — production-only row the file sweeps never saw (#416 class, 7 Sep 2026)
ca	ó	a single letter glossed by its position in the alphabet, not a word — production-only row the file sweeps never saw (#416 class, 7 Sep 2026)
de	i	a single letter glossed by its position in the alphabet, not a word — production-only row the file sweeps never saw (#416 class, 7 Sep 2026)
de	c	a single letter glossed by its position in the alphabet, not a word — production-only row the file sweeps never saw (#416 class, 7 Sep 2026)
de	e	a single letter glossed by its position in the alphabet, not a word — production-only row the file sweeps never saw (#416 class, 7 Sep 2026)
de	r	a single letter glossed by its position in the alphabet, not a word — production-only row the file sweeps never saw (#416 class, 7 Sep 2026)
de	g	a single letter glossed by its position in the alphabet, not a word — production-only row the file sweeps never saw (#416 class, 7 Sep 2026)
de	x	a single letter glossed by its position in the alphabet, not a word — production-only row the file sweeps never saw (#416 class, 7 Sep 2026)
de	f	a single letter glossed by its position in the alphabet, not a word — production-only row the file sweeps never saw (#416 class, 7 Sep 2026)
de	z	a single letter glossed by its position in the alphabet, not a word — production-only row the file sweeps never saw (#416 class, 7 Sep 2026)
de	u	a single letter glossed by its position in the alphabet, not a word — production-only row the file sweeps never saw (#416 class, 7 Sep 2026)
de	p	a single letter glossed by its position in the alphabet, not a word — production-only row the file sweeps never saw (#416 class, 7 Sep 2026)
de	q	a single letter glossed by its position in the alphabet, not a word — production-only row the file sweeps never saw (#416 class, 7 Sep 2026)
de	v	a single letter glossed by its position in the alphabet, not a word — production-only row the file sweeps never saw (#416 class, 7 Sep 2026)
es	b	a single letter glossed by its position in the alphabet, not a word — production-only row the file sweeps never saw (#416 class, 7 Sep 2026)
es	l	a single letter glossed by its position in the alphabet, not a word — production-only row the file sweeps never saw (#416 class, 7 Sep 2026)
es	h	a single letter glossed by its position in the alphabet, not a word — production-only row the file sweeps never saw (#416 class, 7 Sep 2026)
es	v	a single letter glossed by its position in the alphabet, not a word — production-only row the file sweeps never saw (#416 class, 7 Sep 2026)
es	g	a single letter glossed by its position in the alphabet, not a word — production-only row the file sweeps never saw (#416 class, 7 Sep 2026)
es	p	a single letter glossed by its position in the alphabet, not a word — production-only row the file sweeps never saw (#416 class, 7 Sep 2026)
es	j	a single letter glossed by its position in the alphabet, not a word — production-only row the file sweeps never saw (#416 class, 7 Sep 2026)
es	z	a single letter glossed by its position in the alphabet, not a word — production-only row the file sweeps never saw (#416 class, 7 Sep 2026)
es	w	a single letter glossed by its position in the alphabet, not a word — production-only row the file sweeps never saw (#416 class, 7 Sep 2026)
es	í	a single letter glossed by its position in the alphabet, not a word — production-only row the file sweeps never saw (#416 class, 7 Sep 2026)
es	é	a single letter glossed by its position in the alphabet, not a word — production-only row the file sweeps never saw (#416 class, 7 Sep 2026)
fr	i	a single letter glossed by its position in the alphabet, not a word — production-only row the file sweeps never saw (#416 class, 7 Sep 2026)
fr	l	a single letter glossed by its position in the alphabet, not a word — production-only row the file sweeps never saw (#416 class, 7 Sep 2026)
fr	j	a single letter glossed by its position in the alphabet, not a word — production-only row the file sweeps never saw (#416 class, 7 Sep 2026)
fr	b	a single letter glossed by its position in the alphabet, not a word — production-only row the file sweeps never saw (#416 class, 7 Sep 2026)
fr	p	a single letter glossed by its position in the alphabet, not a word — production-only row the file sweeps never saw (#416 class, 7 Sep 2026)
fr	v	a single letter glossed by its position in the alphabet, not a word — production-only row the file sweeps never saw (#416 class, 7 Sep 2026)
fr	u	a single letter glossed by its position in the alphabet, not a word — production-only row the file sweeps never saw (#416 class, 7 Sep 2026)
fr	k	a single letter glossed by its position in the alphabet, not a word — production-only row the file sweeps never saw (#416 class, 7 Sep 2026)
fr	z	a single letter glossed by its position in the alphabet, not a word — production-only row the file sweeps never saw (#416 class, 7 Sep 2026)
fr	w	a single letter glossed by its position in the alphabet, not a word — production-only row the file sweeps never saw (#416 class, 7 Sep 2026)
fr	z'	a colloquial liaison respelling (z'avez), not standard written French — the course teaches standard metropolitan French (fr.md, 7 Sep 2026)
it	e'	misspelling of è — not a headword a learner types (7 Sep 2026)
it	l	a single letter glossed by its position in the alphabet, not a word — production-only row the file sweeps never saw (#416 class, 7 Sep 2026)
it	b	a single letter glossed by its position in the alphabet, not a word — production-only row the file sweeps never saw (#416 class, 7 Sep 2026)
it	u	a single letter glossed by its position in the alphabet, not a word — production-only row the file sweeps never saw (#416 class, 7 Sep 2026)
it	j	a single letter glossed by its position in the alphabet, not a word — production-only row the file sweeps never saw (#416 class, 7 Sep 2026)
it	h	a single letter glossed by its position in the alphabet, not a word — production-only row the file sweeps never saw (#416 class, 7 Sep 2026)
it	q	a single letter glossed by its position in the alphabet, not a word — production-only row the file sweeps never saw (#416 class, 7 Sep 2026)
it	g	a single letter glossed by its position in the alphabet, not a word — production-only row the file sweeps never saw (#416 class, 7 Sep 2026)
it	f	a single letter glossed by its position in the alphabet, not a word — production-only row the file sweeps never saw (#416 class, 7 Sep 2026)
it	p	a single letter glossed by its position in the alphabet, not a word — production-only row the file sweeps never saw (#416 class, 7 Sep 2026)
it	v	a single letter glossed by its position in the alphabet, not a word — production-only row the file sweeps never saw (#416 class, 7 Sep 2026)
it	y	a single letter glossed by its position in the alphabet, not a word — production-only row the file sweeps never saw (#416 class, 7 Sep 2026)
it	k	a single letter glossed by its position in the alphabet, not a word — production-only row the file sweeps never saw (#416 class, 7 Sep 2026)
it	ì	a single letter glossed by its position in the alphabet, not a word — production-only row the file sweeps never saw (#416 class, 7 Sep 2026)
it	à	a single letter glossed by its position in the alphabet, not a word — production-only row the file sweeps never saw (#416 class, 7 Sep 2026)
pt	i	a single letter glossed by its position in the alphabet, not a word — production-only row the file sweeps never saw (#416 class, 7 Sep 2026)
pt	b	a single letter glossed by its position in the alphabet, not a word — production-only row the file sweeps never saw (#416 class, 7 Sep 2026)
pt	m	a single letter glossed by its position in the alphabet, not a word — production-only row the file sweeps never saw (#416 class, 7 Sep 2026)
pt	ê	a single letter glossed by its position in the alphabet, not a word — production-only row the file sweeps never saw (#416 class, 7 Sep 2026)
pt	p	a single letter glossed by its position in the alphabet, not a word — production-only row the file sweeps never saw (#416 class, 7 Sep 2026)
pt	x	a single letter glossed by its position in the alphabet, not a word — production-only row the file sweeps never saw (#416 class, 7 Sep 2026)
pt	g	a single letter glossed by its position in the alphabet, not a word — production-only row the file sweeps never saw (#416 class, 7 Sep 2026)
pt	v	a single letter glossed by its position in the alphabet, not a word — production-only row the file sweeps never saw (#416 class, 7 Sep 2026)
pt	r	a single letter glossed by its position in the alphabet, not a word — production-only row the file sweeps never saw (#416 class, 7 Sep 2026)
pt	f	a single letter glossed by its position in the alphabet, not a word — production-only row the file sweeps never saw (#416 class, 7 Sep 2026)
pt	j	a single letter glossed by its position in the alphabet, not a word — production-only row the file sweeps never saw (#416 class, 7 Sep 2026)
pt	k	a single letter glossed by its position in the alphabet, not a word — production-only row the file sweeps never saw (#416 class, 7 Sep 2026)
pt	z	a single letter glossed by its position in the alphabet, not a word — production-only row the file sweeps never saw (#416 class, 7 Sep 2026)
pt	ç	a single letter glossed by its position in the alphabet, not a word — production-only row the file sweeps never saw (#416 class, 7 Sep 2026)
pt	w	a single letter glossed by its position in the alphabet, not a word — production-only row the file sweeps never saw (#416 class, 7 Sep 2026)
ro	s	a single letter glossed by its position in the alphabet, not a word — production-only row the file sweeps never saw (#416 class, 7 Sep 2026)
ro	l	a single letter glossed by its position in the alphabet, not a word — production-only row the file sweeps never saw (#416 class, 7 Sep 2026)
ro	m	a single letter glossed by its position in the alphabet, not a word — production-only row the file sweeps never saw (#416 class, 7 Sep 2026)
ro	n	a single letter glossed by its position in the alphabet, not a word — production-only row the file sweeps never saw (#416 class, 7 Sep 2026)
ro	c	a single letter glossed by its position in the alphabet, not a word — production-only row the file sweeps never saw (#416 class, 7 Sep 2026)
ro	d	a single letter glossed by its position in the alphabet, not a word — production-only row the file sweeps never saw (#416 class, 7 Sep 2026)
ro	t	a single letter glossed by its position in the alphabet, not a word — production-only row the file sweeps never saw (#416 class, 7 Sep 2026)
ro	u	a single letter glossed by its position in the alphabet, not a word — production-only row the file sweeps never saw (#416 class, 7 Sep 2026)
ro	r	a single letter glossed by its position in the alphabet, not a word — production-only row the file sweeps never saw (#416 class, 7 Sep 2026)
ro	ă	a single letter glossed by its position in the alphabet, not a word — production-only row the file sweeps never saw (#416 class, 7 Sep 2026)
ro	v	a single letter glossed by its position in the alphabet, not a word — production-only row the file sweeps never saw (#416 class, 7 Sep 2026)
ro	g	a single letter glossed by its position in the alphabet, not a word — production-only row the file sweeps never saw (#416 class, 7 Sep 2026)
ro	y	a single letter glossed by its position in the alphabet, not a word — production-only row the file sweeps never saw (#416 class, 7 Sep 2026)
ro	x	a single letter glossed by its position in the alphabet, not a word — production-only row the file sweeps never saw (#416 class, 7 Sep 2026)
ro	h	a single letter glossed by its position in the alphabet, not a word — production-only row the file sweeps never saw (#416 class, 7 Sep 2026)
ro	â	a single letter glossed by its position in the alphabet, not a word — production-only row the file sweeps never saw (#416 class, 7 Sep 2026)
ro	j	a single letter glossed by its position in the alphabet, not a word — production-only row the file sweeps never saw (#416 class, 7 Sep 2026)
ro	z	a single letter glossed by its position in the alphabet, not a word — production-only row the file sweeps never saw (#416 class, 7 Sep 2026)
ro	î	a single letter glossed by its position in the alphabet, not a word — production-only row the file sweeps never saw (#416 class, 7 Sep 2026)
ro	w	a single letter glossed by its position in the alphabet, not a word — production-only row the file sweeps never saw (#416 class, 7 Sep 2026)
ro	q	a single letter glossed by its position in the alphabet, not a word — production-only row the file sweeps never saw (#416 class, 7 Sep 2026)
ru	v	a Roman letter used as a 2022 war symbol; not a Russian word and not card material (7 Sep 2026)
ru	z	a Roman letter used as a 2022 war symbol; not a Russian word and not card material (7 Sep 2026)
tr	a	a single letter glossed by its position in the alphabet, not a word — production-only row the file sweeps never saw (#416 class, 7 Sep 2026)
tr	i	a single letter glossed by its position in the alphabet, not a word — production-only row the file sweeps never saw (#416 class, 7 Sep 2026)
tr	e	a single letter glossed by its position in the alphabet, not a word — production-only row the file sweeps never saw (#416 class, 7 Sep 2026)
tr	ı	a single letter glossed by its position in the alphabet, not a word — production-only row the file sweeps never saw (#416 class, 7 Sep 2026)
tr	u	a single letter glossed by its position in the alphabet, not a word — production-only row the file sweeps never saw (#416 class, 7 Sep 2026)
tr	n	a single letter glossed by its position in the alphabet, not a word — production-only row the file sweeps never saw (#416 class, 7 Sep 2026)
tr	s	a single letter glossed by its position in the alphabet, not a word — production-only row the file sweeps never saw (#416 class, 7 Sep 2026)
tr	l	a single letter glossed by its position in the alphabet, not a word — production-only row the file sweeps never saw (#416 class, 7 Sep 2026)
tr	m	a single letter glossed by its position in the alphabet, not a word — production-only row the file sweeps never saw (#416 class, 7 Sep 2026)
tr	b	a single letter glossed by its position in the alphabet, not a word — production-only row the file sweeps never saw (#416 class, 7 Sep 2026)
tr	d	a single letter glossed by its position in the alphabet, not a word — production-only row the file sweeps never saw (#416 class, 7 Sep 2026)
tr	t	a single letter glossed by its position in the alphabet, not a word — production-only row the file sweeps never saw (#416 class, 7 Sep 2026)
tr	c	a single letter glossed by its position in the alphabet, not a word — production-only row the file sweeps never saw (#416 class, 7 Sep 2026)
tr	ü	a single letter glossed by its position in the alphabet, not a word — production-only row the file sweeps never saw (#416 class, 7 Sep 2026)
tr	h	a single letter glossed by its position in the alphabet, not a word — production-only row the file sweeps never saw (#416 class, 7 Sep 2026)
tr	k	a single letter glossed by its position in the alphabet, not a word — production-only row the file sweeps never saw (#416 class, 7 Sep 2026)
tr	r	a single letter glossed by its position in the alphabet, not a word — production-only row the file sweeps never saw (#416 class, 7 Sep 2026)
tr	g	a single letter glossed by its position in the alphabet, not a word — production-only row the file sweeps never saw (#416 class, 7 Sep 2026)
tr	y	a single letter glossed by its position in the alphabet, not a word — production-only row the file sweeps never saw (#416 class, 7 Sep 2026)
tr	z	a single letter glossed by its position in the alphabet, not a word — production-only row the file sweeps never saw (#416 class, 7 Sep 2026)
tr	v	a single letter glossed by its position in the alphabet, not a word — production-only row the file sweeps never saw (#416 class, 7 Sep 2026)
tr	j	a single letter glossed by its position in the alphabet, not a word — production-only row the file sweeps never saw (#416 class, 7 Sep 2026)
tr	p	a single letter glossed by its position in the alphabet, not a word — production-only row the file sweeps never saw (#416 class, 7 Sep 2026)
tr	f	a single letter glossed by its position in the alphabet, not a word — production-only row the file sweeps never saw (#416 class, 7 Sep 2026)
tr	ş	a single letter glossed by its position in the alphabet, not a word — production-only row the file sweeps never saw (#416 class, 7 Sep 2026)
tr	ç	a single letter glossed by its position in the alphabet, not a word — production-only row the file sweeps never saw (#416 class, 7 Sep 2026)
tr	ö	a single letter glossed by its position in the alphabet, not a word — production-only row the file sweeps never saw (#416 class, 7 Sep 2026)
xh	n	a single letter glossed by its position in the alphabet, not a word — production-only row the file sweeps never saw (#416 class, 7 Sep 2026)
yo	s	a single letter glossed by its position in the alphabet, not a word — production-only row the file sweeps never saw (#416 class, 7 Sep 2026)
yo	l	a single letter glossed by its position in the alphabet, not a word — production-only row the file sweeps never saw (#416 class, 7 Sep 2026)
yo	t	a single letter glossed by its position in the alphabet, not a word — production-only row the file sweeps never saw (#416 class, 7 Sep 2026)
yo	ṣ	a single letter glossed by its position in the alphabet, not a word — production-only row the file sweeps never saw (#416 class, 7 Sep 2026)
yo	k	a single letter glossed by its position in the alphabet, not a word — production-only row the file sweeps never saw (#416 class, 7 Sep 2026)
yo	f	a single letter glossed by its position in the alphabet, not a word — production-only row the file sweeps never saw (#416 class, 7 Sep 2026)
yo	b	a single letter glossed by its position in the alphabet, not a word — production-only row the file sweeps never saw (#416 class, 7 Sep 2026)
yo	d	a single letter glossed by its position in the alphabet, not a word — production-only row the file sweeps never saw (#416 class, 7 Sep 2026)
yo	w	a single letter glossed by its position in the alphabet, not a word — production-only row the file sweeps never saw (#416 class, 7 Sep 2026)
yo	r	a single letter glossed by its position in the alphabet, not a word — production-only row the file sweeps never saw (#416 class, 7 Sep 2026)
yo	j	a single letter glossed by its position in the alphabet, not a word — production-only row the file sweeps never saw (#416 class, 7 Sep 2026)
yo	g	a single letter glossed by its position in the alphabet, not a word — production-only row the file sweeps never saw (#416 class, 7 Sep 2026)
yo	p	a single letter glossed by its position in the alphabet, not a word — production-only row the file sweeps never saw (#416 class, 7 Sep 2026)
